<?xml version="1.0" encoding="utf-8"?>
<COLLADA xmlns="http://www.collada.org/2005/11/COLLADASchema" version="1.4.1">
  <asset><contributor><author></author><authoring_tool>FBX COLLADA exporter</authoring_tool><comments></comments></contributor><created>2020-10-05T15:33:03Z</created><keywords></keywords><modified>2020-10-05T15:33:03Z</modified><revision></revision><subject></subject><title></title><unit meter="1.000000" name="centimeter"></unit><up_axis>Y_UP</up_axis></asset>
  <library_images>
    <image id="Map #4-image" name="Map #4"><init_from>file://m-28.dds.png</init_from></image>
    <image id="Map #5-image" name="Map #5"><init_from>file://prop_1.dds.png</init_from></image>
  </library_images>
  <library_materials>
    <material id="m-28" name="m-28">
      <instance_effect url="#m-28-fx"/>
    </material>
    <material id="prop_1" name="prop_1">
      <instance_effect url="#prop_1-fx"/>
    </material>
  </library_materials>
  <library_effects>
    <effect id="m-28-fx" name="m-28">
      <profile_COMMON>
        <technique sid="standard">
          <phong>
            <emission>
              <color sid="emission">0.000000  0.000000 0.000000 1.000000</color>
            </emission>
            <ambient>
              <color sid="ambient">0.588000  0.588000 0.588000 1.000000</color>
            </ambient>
            <diffuse>
              <texture texture="Map #4-image" texcoord="CHANNEL0">
                <extra>
                  <technique profile="MAYA">
                    <wrapU sid="wrapU0">TRUE</wrapU>
                    <wrapV sid="wrapV0">TRUE</wrapV>
                    <blend_mode>ADD</blend_mode>
                  </technique>
                </extra>
              </texture>
            </diffuse>
            <specular>
              <color sid="specular">0.000000  0.000000 0.000000 1.000000</color>
            </specular>
            <shininess>
              <float sid="shininess">2.000000</float>
            </shininess>
            <reflective>
              <color sid="reflective">0.000000  0.000000 0.000000 1.000000</color>
            </reflective>
            <reflectivity>
              <float sid="reflectivity">1.000000</float>
            </reflectivity>
            <transparent opaque="RGB_ZERO">
              <color sid="transparent">1.000000  1.000000 1.000000 1.000000</color>
            </transparent>
            <transparency>
              <float sid="transparency">0.000000</float>
            </transparency>
          </phong>
        </technique>
      </profile_COMMON>
    </effect>
    <effect id="prop_1-fx" name="prop_1">
      <profile_COMMON>
        <technique sid="standard">
          <phong>
            <emission>
              <color sid="emission">0.000000  0.000000 0.000000 1.000000</color>
            </emission>
            <ambient>
              <color sid="ambient">0.588000  0.588000 0.588000 1.000000</color>
            </ambient>
            <diffuse>
              <texture texture="Map #5-image" texcoord="CHANNEL0">
                <extra>
                  <technique profile="MAYA">
                    <wrapU sid="wrapU0">TRUE</wrapU>
                    <wrapV sid="wrapV0">TRUE</wrapV>
                    <blend_mode>ADD</blend_mode>
                  </technique>
                </extra>
              </texture>
            </diffuse>
            <specular>
              <color sid="specular">0.000000  0.000000 0.000000 1.000000</color>
            </specular>
            <shininess>
              <float sid="shininess">2.000000</float>
            </shininess>
            <reflective>
              <color sid="reflective">0.000000  0.000000 0.000000 1.000000</color>
            </reflective>
            <reflectivity>
              <float sid="reflectivity">1.000000</float>
            </reflectivity>
            <transparent opaque="RGB_ZERO">
              <color sid="transparent">1.000000  1.000000 1.000000 1.000000</color>
            </transparent>
            <transparency>
              <float sid="transparency">0.000000</float>
            </transparency>
          </phong>
        </technique>
      </profile_COMMON>
    </effect>
  </library_effects>
  <library_geometries>
    <geometry id="Cylinder001-lib" name="Cylinder001Mesh">
      <mesh>
        <source id="Cylinder001-POSITION">
          <float_array id="Cylinder001-POSITION-array" count="6384">
1.008081 2.090579 1.182318
0.931346 2.497330 1.182318
0.712821 2.842157 1.182318
0.385776 3.072563 1.182318
-0.000000 3.153471 1.182318
-0.385776 3.072563 1.182318
-0.712821 2.842157 1.182318
-0.931346 2.497330 1.182318
-1.008081 2.090579 1.182318
-0.931346 1.683828 1.182318
-0.712821 1.339000 1.182318
-0.385776 1.108594 1.182318
0.000000 1.027686 1.182318
0.385776 1.108594 1.182318
0.712821 1.339000 1.182318
0.931346 1.683828 1.182318
1.034390 1.920643 3.949006
0.955652 2.327394 3.949006
0.731424 2.672222 3.949006
0.395844 2.902627 3.949006
0.000000 2.983535 3.949006
-0.395843 2.902627 3.949006
-0.731424 2.672222 3.949006
-0.955651 2.327394 3.949006
-1.034389 1.920643 3.949006
-0.955651 1.513892 3.949006
-0.731424 1.169065 3.949006
-0.395844 0.938658 3.949006
0.000000 0.857750 3.949006
0.395844 0.938659 3.949006
0.731425 1.169065 3.949006
0.955652 1.513892 3.949006
0.885144 2.371856 -2.004778
0.817766 2.738966 -2.004778
0.625891 3.050187 -2.004778
0.338730 3.258138 -2.004778
-0.000001 3.331161 -2.004777
-0.338731 3.258138 -2.004777
-0.625893 3.050187 -2.004778
-0.817768 2.738966 -2.004778
-0.885145 2.371856 -2.004777
-0.817768 2.004746 -2.004777
-0.625893 1.693525 -2.004778
-0.338731 1.485573 -2.004778
-0.000001 1.412551 -2.004778
0.338730 1.485574 -2.004778
0.625891 1.693525 -2.004778
0.817766 2.004746 -2.004778
0.474117 2.845925 -4.528659
0.438027 3.031858 -4.528659
0.335251 3.189484 -4.528660
0.181436 3.294807 -4.528659
-0.000001 3.331791 -4.528659
-0.181438 3.294807 -4.528660
-0.335253 3.189484 -4.528661
-0.438029 3.031858 -4.528661
-0.474119 2.845925 -4.528661
-0.438029 2.659993 -4.528661
-0.335254 2.502367 -4.528661
-0.181438 2.397044 -4.528662
-0.000001 2.360060 -4.528662
0.181436 2.397044 -4.528659
0.335251 2.502367 -4.528660
0.438027 2.659993 -4.528659
1.034391 1.877890 4.446033
0.955652 2.273751 4.446033
0.731424 2.609347 4.446033
0.395844 2.833585 4.446034
0.000001 2.912326 4.446033
-0.395843 2.833585 4.446033
-0.731424 2.609347 4.446033
-0.955651 2.273751 4.446033
-1.034388 1.877890 4.446033
-0.955651 1.482029 4.446033
-0.731424 1.146433 4.446033
-0.395843 0.922195 4.446032
0.000001 0.843453 4.446032
0.395845 0.922195 4.446033
0.731425 1.146433 4.446033
0.955652 1.482029 4.446033
0.942945 1.756776 4.926764
0.871167 2.106565 4.926765
0.666763 2.403104 4.926764
0.360850 2.601244 4.926765
0.000001 2.670821 4.926764
-0.360849 2.601244 4.926762
-0.666762 2.403104 4.926762
-0.871166 2.106565 4.926762
-0.942943 1.756776 4.926762
-0.871166 1.406987 4.926762
-0.666762 1.110449 4.926762
-0.360849 0.912309 4.926761
0.000001 0.842731 4.926761
0.360850 0.912309 4.926762
0.666763 1.110449 4.926763
0.871167 1.406987 4.926764
0.771546 1.555579 5.302811
0.712815 1.830168 5.302812
0.545565 2.062954 5.302811
0.295258 2.218496 5.302811
0.000001 2.273115 5.302807
-0.295257 2.218496 5.302805
-0.545564 2.062954 5.302805
-0.712814 1.830168 5.302805
-0.771544 1.555579 5.302805
-0.712814 1.288289 5.302805
-0.545564 1.055504 5.302805
-0.295257 0.899962 5.302804
0.000001 0.845342 5.302804
0.295258 0.899962 5.302805
0.545566 1.055504 5.302806
0.712815 1.288289 5.302811
0.509426 1.362241 6.027087
0.470648 1.513780 6.027088
0.360219 1.642250 6.027087
0.194949 1.728090 6.027087
0.000001 1.758233 6.027082
-0.194948 1.728090 6.027080
-0.360217 1.642250 6.027080
-0.470647 1.513780 6.027080
-0.509424 1.362241 6.027080
-0.470647 1.210701 6.027080
-0.360217 1.082232 6.027081
-0.194948 0.996392 6.027080
0.000001 0.966249 6.027080
0.194950 0.996392 6.027080
0.360219 1.082232 6.027081
0.470648 1.210701 6.027087
0.181576 1.310037 6.464405
0.167754 1.359555 6.464406
0.128393 1.401534 6.464405
0.069486 1.429584 6.464404
0.000001 1.439433 6.464399
-0.069485 1.429584 6.464397
-0.128392 1.401534 6.464397
-0.167752 1.359555 6.464397
-0.181573 1.310037 6.464397
-0.167752 1.260520 6.464397
-0.128392 1.218540 6.464398
-0.069485 1.190491 6.464397
0.000001 1.180641 6.464397
0.069486 1.190491 6.464397
0.128393 1.218540 6.464398
0.167754 1.260520 6.464404
0.000001 1.310037 6.524675
-1.023993 1.809056 4.707165
-0.946047 2.213398 4.707165
-0.724073 2.527819 4.707165
-0.391865 2.737908 4.707165
0.000001 2.811681 4.707167
0.391866 2.737908 4.707168
0.724074 2.527819 4.707168
0.946048 2.213398 4.707168
1.023996 1.809056 4.707167
0.946048 1.438173 4.707168
0.724074 1.123752 4.707167
0.391866 0.913664 4.707165
0.000001 0.839890 4.707164
-0.391865 0.913663 4.707164
-0.724073 1.123752 4.707165
-0.946047 1.438172 4.707165
0.258723 3.081215 -5.411050
0.239029 3.182625 -5.411050
0.182944 3.268596 -5.411051
0.099008 3.326040 -5.411050
-0.000001 3.346211 -5.411050
-0.099011 3.326040 -5.411051
-0.182947 3.268596 -5.411052
-0.239031 3.182625 -5.411055
-0.258725 3.081215 -5.411055
-0.239031 2.979806 -5.411055
-0.182947 2.893835 -5.411055
-0.099011 2.836391 -5.411056
-0.000001 2.816220 -5.411054
0.099008 2.836391 -5.411050
0.182944 2.893835 -5.411051
0.239029 2.979806 -5.411050
0.181027 3.186401 -6.184226
0.167247 3.247284 -6.184225
0.128005 3.298899 -6.184226
0.069275 3.333387 -6.184226
-0.000001 3.345498 -6.184225
-0.069278 3.333387 -6.184226
-0.128008 3.298899 -6.184227
-0.167250 3.247284 -6.184228
-0.181030 3.186401 -6.184228
-0.167250 3.125518 -6.184229
-0.128008 3.073903 -6.184229
-0.069278 3.039415 -6.184229
-0.000001 3.027305 -6.184229
0.069275 3.039415 -6.184226
0.128005 3.073903 -6.184226
0.167247 3.125518 -6.184226
-0.000001 3.186401 -6.364532
-0.911559 2.647237 -0.684011
-0.986664 2.242806 -0.684011
-0.911559 1.838375 -0.684011
-0.697677 1.495516 -0.684011
-0.377580 1.266424 -0.684011
-0.000000 1.185978 -0.684011
0.377580 1.266424 -0.684011
0.697676 1.495516 -0.684011
0.911558 1.838376 -0.684011
0.986663 2.242805 -0.684011
0.911558 2.647237 -0.684011
0.697676 2.990096 -0.684011
0.377579 3.219188 -0.684011
-0.000000 3.299634 -0.684011
-0.377580 3.219188 -0.684011
-0.697677 2.990096 -0.684011
-0.064109 0.659780 6.140458
-0.059229 0.655520 6.164618
-0.045331 0.651908 6.185101
-0.024533 0.649495 6.198787
0.000001 0.648647 6.203593
0.024535 0.649495 6.198787
0.045333 0.651908 6.185101
0.059230 0.655520 6.164618
0.064110 0.659780 6.140458
0.059230 0.664040 6.116297
0.045333 0.667652 6.095814
0.024535 0.670065 6.082128
0.000001 0.670912 6.077322
-0.024533 0.670065 6.082128
-0.045331 0.667652 6.095814
-0.059229 0.664040 6.116297
-0.077036 0.933150 6.082878
-0.071172 0.933150 6.112359
-0.054472 0.933150 6.137352
-0.029480 0.933150 6.154051
0.000001 0.933150 6.159915
0.029482 0.933150 6.154051
0.054474 0.933150 6.137352
0.071174 0.933150 6.112359
0.077038 0.933150 6.082878
0.071174 0.933150 6.053398
0.054474 0.933150 6.028405
0.029482 0.933150 6.011705
0.000001 0.933150 6.005841
-0.029480 0.933150 6.011705
-0.054472 0.933150 6.028405
-0.071172 0.933150 6.053398
-0.120265 1.133374 6.131765
-0.111110 1.133374 6.177789
-0.085040 1.133374 6.216806
-0.046023 1.133374 6.242877
0.000001 1.133374 6.252031
0.046025 1.133374 6.242877
0.085042 1.133374 6.216806
0.111113 1.133374 6.177789
0.120267 1.133374 6.131765
0.111113 1.133374 6.085741
0.085042 1.133374 6.046724
0.046025 1.133374 6.020654
0.000001 1.133374 6.011499
-0.046023 1.133374 6.020654
-0.085040 1.133374 6.046724
-0.111110 1.133374 6.085741
-0.064109 0.558897 6.082848
-0.059229 0.541549 6.100196
-0.045331 0.526842 6.114903
-0.024533 0.517015 6.124730
0.000001 0.513565 6.128181
0.024535 0.517015 6.124730
0.045333 0.526842 6.114902
0.059230 0.541549 6.100196
0.064110 0.558897 6.082848
0.059230 0.576245 6.065500
0.045333 0.590952 6.050793
0.024535 0.600779 6.040967
0.000001 0.604229 6.037516
-0.024533 0.600779 6.040967
-0.045331 0.590952 6.050793
-0.059229 0.576245 6.065500
-0.218716 0.317784 5.812905
-0.215215 0.307320 5.823369
-0.205245 0.298449 5.832240
-0.190323 0.292522 5.838167
-0.172723 0.290441 5.840249
0.189910 0.292522 5.838167
0.204831 0.298449 5.832240
0.214801 0.307320 5.823369
0.218302 0.317784 5.812905
0.214801 0.328248 5.802442
0.204831 0.337119 5.793571
0.189910 0.343046 5.787643
0.172310 0.345127 5.785562
-0.190323 0.343046 5.787643
-0.205245 0.337119 5.793571
-0.215215 0.328248 5.802442
0.172310 0.290441 5.840249
-0.172723 0.345127 5.785562
-0.256847 0.429540 5.954359
-0.248186 0.415673 5.968147
-0.223519 0.403836 5.979765
-0.186603 0.395826 5.987463
-0.178555 0.400008 5.979710
0.186442 0.395839 5.987469
0.223359 0.403848 5.979772
0.248025 0.415685 5.968154
0.256687 0.429552 5.954365
0.248025 0.443344 5.940487
0.223359 0.454969 5.928626
0.186442 0.462652 5.920609
0.173237 0.461215 5.920702
-0.186603 0.462640 5.920601
-0.223519 0.454957 5.928619
-0.248186 0.443332 5.940480
0.178312 0.400005 5.979713
-0.173480 0.461211 5.920704
-0.198414 0.317784 5.812905
0.198001 0.317784 5.812905
-0.221464 0.503413 6.029566
-0.214693 0.487806 6.045134
-0.195411 0.474534 6.058296
-0.166553 0.465615 6.067058
0.166701 0.465622 6.067062
0.195558 0.474540 6.058300
0.214840 0.487812 6.045137
0.221611 0.503419 6.029569
0.214840 0.518989 6.013956
0.195558 0.532155 6.000672
0.166701 0.540910 5.991750
-0.166553 0.540904 5.991746
-0.195411 0.532149 6.000669
-0.214693 0.518983 6.013952
0.150369 0.465979 6.064909
-0.147725 0.541915 5.990072
-0.150263 0.465981 6.064908
0.147831 0.541917 5.990071
-3.321470 2.654592 0.669671
-3.321470 2.654592 2.125630
-3.321470 3.079183 0.669671
-3.321470 3.079183 2.125630
-3.321470 2.866887 0.157041
-3.321470 2.866887 2.507517
-10.870117 2.931773 0.987670
-10.899475 2.931773 1.700465
-10.870117 3.177740 0.987670
-10.899475 3.177740 1.700465
-10.870117 3.054756 0.707073
-10.908333 3.054756 1.830396
-11.122705 3.054756 1.133526
-11.128012 3.054756 1.556267
-11.022947 3.054756 0.885777
-11.050280 3.054756 1.728372
-2.482165 3.045175 -5.033098
-2.447477 3.045175 -5.812297
-2.447477 3.303238 -5.812297
-2.482165 3.303239 -5.033099
-0.000001 3.303239 -4.627294
-2.347897 3.174207 -6.262736
-2.478861 3.174207 -4.757542
-0.343975 1.093827 2.052738
-0.343975 1.180910 2.002201
-0.343975 1.259319 1.850470
-0.343975 1.317117 1.620646
-0.343975 1.345505 1.347717
-0.343975 1.340160 1.073235
-0.343975 1.301897 0.838987
-0.343975 1.236541 0.680634
-0.343975 1.154042 0.622285
-0.343975 1.066959 0.672824
-0.343975 0.988549 0.824554
-0.343975 0.930752 1.054378
-0.343975 0.902364 1.327307
-0.343975 0.907708 1.601789
-0.343975 0.945971 1.836038
-0.343975 1.011327 1.994390
-1.230393 1.006546 1.853177
-1.230393 1.069331 1.816740
-1.230393 1.125863 1.707345
-1.230393 1.167534 1.541646
-1.230393 1.188001 1.344870
-1.230393 1.184148 1.146974
-1.230393 1.156561 0.978085
-1.230393 1.109440 0.863916
-1.230393 1.049960 0.821848
-1.230393 0.987175 0.858285
-1.230393 0.930643 0.967680
-1.230393 0.888972 1.133379
-1.230393 0.868505 1.330155
-1.230393 0.872358 1.528051
-1.230393 0.899945 1.696940
-1.230393 0.947066 1.811109
-1.316956 1.007968 1.655981
-1.316957 1.046743 1.633478
-1.316957 1.081656 1.565917
-1.316957 1.107392 1.463583
-1.316957 1.120032 1.342056
-1.316956 1.117653 1.219838
-1.316956 1.100615 1.115534
-1.316956 1.071514 1.045025
-1.316956 1.034780 1.019044
-1.316956 0.996004 1.041547
-1.316956 0.961091 1.109108
-1.316956 0.935355 1.211442
-1.316956 0.922715 1.332968
-1.316956 0.925095 1.455187
-1.316957 0.942132 1.559491
-1.316956 0.971234 1.630000
-1.343968 1.021374 1.337512
-0.955644 1.060532 1.402999
-0.945971 1.081159 1.398649
-0.937772 1.098645 1.386261
-0.932293 1.110329 1.367722
-0.930369 1.114432 1.345852
-0.932294 1.110329 1.323983
-0.937773 1.098645 1.305444
-0.945972 1.081159 1.293056
-0.955644 1.060532 1.288706
-0.965317 1.039905 1.293056
-0.973517 1.022419 1.305444
-0.978996 1.010735 1.323983
-0.980919 1.006631 1.345852
-0.978995 1.010735 1.367722
-0.973516 1.022419 1.386261
-0.965316 1.039905 1.398649
-5.315832 2.834674 1.836074
-5.306159 2.855301 1.831723
-5.297960 2.872787 1.819336
-5.292481 2.884471 1.800795
-5.290499 2.888548 1.778927
-5.292424 2.884444 1.757058
-5.297903 2.872761 1.738518
-5.306105 2.855275 1.726130
-5.315777 2.834649 1.721780
-5.325449 2.814022 1.726130
-5.333646 2.796535 1.738518
-5.339125 2.784850 1.757058
-5.341050 2.780747 1.778927
-5.339182 2.784877 1.800795
-5.333704 2.796561 1.819336
-5.325504 2.814048 1.831723
-1.380651 0.439390 1.450143
-1.380651 0.462081 1.445793
-1.588132 0.421213 1.445793
-1.588132 0.398523 1.450143
-1.380651 0.481318 1.433405
-1.588132 0.440450 1.433405
-1.380651 0.494171 1.414866
-1.588132 0.453303 1.414865
-1.380651 0.498684 1.392996
-1.588132 0.457811 1.392996
-1.380651 0.494171 1.371127
-1.588132 0.453297 1.371127
-1.380651 0.481317 1.352588
-1.588132 0.440444 1.352588
-1.380651 0.462081 1.340200
-1.588132 0.421208 1.340199
-1.380651 0.439390 1.335850
-1.588132 0.398517 1.335849
-1.380651 0.416700 1.340200
-1.588132 0.375827 1.340199
-1.380651 0.397463 1.352588
-1.588132 0.356590 1.352588
-1.380651 0.384610 1.371127
-1.588132 0.343737 1.371127
-1.380651 0.380096 1.392996
-1.588132 0.339223 1.392996
-1.380651 0.384610 1.414866
-1.588132 0.343742 1.414865
-1.380651 0.397463 1.433405
-1.588132 0.356596 1.433405
-1.380651 0.416700 1.445793
-1.588132 0.375832 1.445793
-1.045264 0.975354 1.450143
-1.065829 0.984944 1.445793
-1.083263 0.993073 1.433405
-1.094912 0.998505 1.414866
-1.099002 1.000413 1.392996
-1.094911 0.998505 1.371127
-1.083262 0.993073 1.352588
-1.065829 0.984944 1.340199
-1.045264 0.975354 1.335850
-1.024699 0.965764 1.340199
-1.007265 0.957635 1.352588
-0.995616 0.952203 1.371127
-0.991525 0.950295 1.392996
-0.995616 0.952203 1.414866
-1.007265 0.957635 1.433405
-1.024699 0.965765 1.445793
-1.175460 0.625108 1.450166
-1.189341 0.640518 1.447075
-1.201104 0.653585 1.435742
-1.208961 0.662318 1.417901
-1.211719 0.665385 1.396276
-1.208961 0.662318 1.374163
-1.201104 0.653586 1.354924
-1.189341 0.640519 1.341481
-1.175460 0.625108 1.335873
-1.161574 0.609701 1.338951
-1.149798 0.596642 1.350251
-1.141927 0.587918 1.368058
-1.139162 0.584854 1.389670
-1.141926 0.587917 1.411797
-1.149797 0.596642 1.431068
-1.161574 0.609701 1.444544
0.000001 0.316125 6.125382
0.000001 0.542364 6.031671
0.000001 0.611720 5.927871
0.000001 0.636075 5.805431
0.000001 0.611720 5.682992
0.000001 0.438564 5.509836
0.000001 0.316125 5.485481
0.000001 0.193685 5.509836
0.000001 0.089886 5.579192
0.000001 0.020529 5.682992
0.000001 -0.003826 5.805432
0.000001 0.089886 6.031671
0.000001 0.193685 6.101027
-0.093708 0.316125 6.105855
-0.093708 0.431092 6.082987
-0.139191 0.417377 6.049877
-0.139191 0.316125 6.070017
-0.093708 0.528556 6.017863
-0.139191 0.503215 5.992522
-0.093708 0.593680 5.920398
-0.139191 0.560570 5.906684
-0.093708 0.616548 5.805431
-0.139191 0.580710 5.805431
-0.093708 0.593680 5.690464
-0.139191 0.560570 5.704179
-0.093708 0.528556 5.593000
-0.139191 0.503215 5.618341
-0.093708 0.431092 5.527876
-0.139191 0.417377 5.560987
-0.093708 0.316125 5.505008
-0.139191 0.316125 5.540846
-0.093708 0.201158 5.527876
-0.139191 0.214872 5.560987
-0.093708 0.103693 5.593000
-0.139191 0.129035 5.618341
-0.093708 0.038570 5.690464
-0.139191 0.071680 5.704179
-0.093708 0.015701 5.805432
-0.139191 0.051539 5.805432
-0.093708 0.038570 5.920399
-0.139191 0.071680 5.906684
-0.093708 0.103693 6.017863
-0.139191 0.129035 5.992522
-0.093708 0.201158 6.082987
-0.139191 0.214872 6.049877
-0.150061 0.371982 5.940283
-0.150061 0.316125 5.951394
-0.150061 0.419335 5.908642
-0.150061 0.450976 5.861289
-0.150061 0.462087 5.805431
-0.150061 0.450976 5.749574
-0.150061 0.419335 5.702220
-0.150061 0.371982 5.670580
-0.150061 0.316125 5.659470
-0.150061 0.260267 5.670580
-0.150061 0.212914 5.702221
-0.150061 0.181273 5.749574
-0.150061 0.170163 5.805432
-0.150061 0.181273 5.861289
-0.150061 0.212914 5.908643
-0.150061 0.260267 5.940283
-0.087425 0.367054 5.928387
-0.087425 0.316125 5.938518
-0.087425 0.410231 5.899538
-0.087425 0.439080 5.856361
-0.087425 0.449211 5.805431
-0.087425 0.439080 5.754502
-0.087425 0.410231 5.711326
-0.087425 0.367055 5.682477
-0.087425 0.316125 5.672346
-0.087425 0.265195 5.682476
-0.087425 0.222019 5.711326
-0.087425 0.193169 5.754502
-0.087425 0.183039 5.805432
-0.087425 0.193169 5.856361
-0.087425 0.222019 5.899538
-0.087425 0.265195 5.928387
-0.087425 0.341030 5.865560
-0.087425 0.316125 5.870513
-0.087425 0.362144 5.851451
-0.087425 0.376252 5.830338
-0.087425 0.381207 5.805431
-0.087425 0.376252 5.780526
-0.087425 0.362145 5.759412
-0.087425 0.341030 5.745304
-0.087425 0.316125 5.740349
-0.087425 0.291219 5.745304
-0.087425 0.270105 5.759412
-0.087425 0.255997 5.780526
-0.087425 0.251043 5.805432
-0.087425 0.255997 5.830338
-0.087425 0.270105 5.851451
-0.087425 0.291219 5.865560
-0.122952 0.338833 5.860255
-0.122952 0.316125 5.864772
-0.122952 0.358085 5.847392
-0.122952 0.370948 5.828140
-0.122952 0.375465 5.805432
-0.122952 0.370948 5.782723
-0.122952 0.358085 5.763472
-0.122952 0.338833 5.750608
-0.122952 0.316125 5.746091
-0.122952 0.293416 5.750608
-0.122952 0.274164 5.763472
-0.122952 0.261301 5.782723
-0.122952 0.256784 5.805432
-0.122952 0.261301 5.828140
-0.122952 0.274164 5.847392
-0.122952 0.293416 5.860255
-0.122952 0.316125 5.805432
0.000000 2.654592 0.669671
0.000000 2.654592 2.125630
3.321470 2.654592 2.125629
3.321470 2.654592 0.669670
0.000000 3.079183 0.669671
3.321470 3.079183 0.669670
3.321470 3.079183 2.125629
0.000000 3.079183 2.125630
3.321470 2.866887 0.157040
0.000000 2.866887 0.157041
0.000000 2.866887 2.507517
3.321470 2.866887 2.507516
10.899477 2.931773 1.700462
10.870117 2.931773 0.987666
10.870117 3.177740 0.987666
10.899477 3.177740 1.700462
10.870117 3.054756 0.707070
10.908335 3.054756 1.830393
11.128012 3.054756 1.556264
11.122705 3.054756 1.133522
11.022949 3.054756 0.885774
11.050280 3.054756 1.728368
-0.000001 3.045175 -5.447453
-0.000001 3.045175 -4.627294
2.482164 3.045175 -5.033099
2.447476 3.045175 -5.812298
-0.000001 3.303238 -5.447453
2.447476 3.303238 -5.812298
2.482164 3.303239 -5.033100
2.347895 3.174207 -6.262737
-0.000001 3.174207 -6.073440
-0.000001 3.174207 -4.276146
2.478859 3.174207 -4.757543
0.343976 1.093827 2.052738
0.343976 1.180910 2.002201
1.230394 1.069331 1.816740
1.230394 1.006546 1.853176
0.343976 1.259319 1.850469
1.230394 1.125863 1.707345
0.343976 1.317117 1.620646
1.230394 1.167534 1.541646
0.343976 1.345505 1.347717
1.230394 1.188001 1.344870
0.343976 1.340160 1.073235
1.230394 1.184148 1.146973
0.343976 1.301897 0.838987
1.230393 1.156561 0.978085
0.343976 1.236541 0.680634
1.230394 1.109440 0.863916
0.343976 1.154042 0.622285
1.230394 1.049960 0.821848
0.343976 1.066959 0.672823
1.230394 0.987175 0.858284
0.343976 0.988549 0.824554
1.230393 0.930643 0.967680
0.343976 0.930752 1.054378
1.230394 0.888972 1.133378
0.343976 0.902364 1.327307
1.230394 0.868505 1.330154
0.343976 0.907708 1.601789
1.230393 0.872358 1.528051
0.343976 0.945971 1.836038
1.230394 0.899945 1.696939
0.343976 1.011327 1.994390
1.230393 0.947066 1.811108
1.316957 1.046743 1.633478
1.316957 1.007968 1.655981
1.316957 1.081656 1.565916
1.316957 1.107392 1.463583
1.316957 1.120032 1.342056
1.316957 1.117653 1.219837
1.316957 1.100615 1.115534
1.316957 1.071514 1.045024
1.316957 1.034780 1.019043
1.316957 0.996004 1.041546
1.316957 0.961091 1.109107
1.316957 0.935355 1.211441
1.316957 0.922715 1.332968
1.316957 0.925095 1.455187
1.316957 0.942132 1.559490
1.316957 0.971234 1.630000
1.343968 1.021374 1.337512
0.000000 1.093827 2.052738
0.000000 1.180910 2.002201
0.000000 1.259319 1.850469
0.000000 1.317117 1.620646
0.000000 1.345505 1.347717
0.000000 1.340160 1.073235
0.000000 1.301897 0.838987
0.000000 1.236541 0.680634
0.000000 1.154042 0.622285
0.000000 1.066959 0.672823
0.000000 0.988549 0.824554
0.000000 0.930752 1.054379
0.000000 0.902364 1.327307
0.000000 0.907708 1.601789
0.000000 0.945971 1.836038
0.000000 1.011327 1.994390
0.955644 1.060532 1.402999
0.945972 1.081159 1.398649
5.306160 2.855301 1.831722
5.315833 2.834674 1.836072
0.937772 1.098645 1.386261
5.297961 2.872787 1.819334
0.932293 1.110329 1.367721
5.292482 2.884471 1.800794
0.930369 1.114432 1.345852
5.290500 2.888548 1.778925
0.932294 1.110329 1.323983
5.292425 2.884444 1.757056
0.937773 1.098645 1.305443
5.297904 2.872761 1.738517
0.945973 1.081159 1.293055
5.306106 2.855275 1.726128
0.955645 1.060532 1.288705
5.315778 2.834649 1.721778
0.965317 1.039905 1.293055
5.325450 2.814022 1.726128
0.973517 1.022419 1.305443
5.333647 2.796535 1.738517
0.978996 1.010735 1.323983
5.339126 2.784850 1.757056
0.980919 1.006631 1.345852
5.341051 2.780747 1.778925
0.978996 1.010735 1.367721
5.339183 2.784877 1.800794
0.973516 1.022419 1.386261
5.333704 2.796561 1.819334
0.965317 1.039905 1.398649
5.325505 2.814048 1.831722
1.380651 0.439390 1.450143
1.380651 0.462081 1.445793
1.588132 0.421213 1.445792
1.588132 0.398523 1.450143
1.380651 0.481318 1.433405
1.588132 0.440450 1.433405
1.380651 0.494171 1.414865
1.588132 0.453303 1.414864
1.380651 0.498684 1.392996
1.588132 0.457811 1.392995
1.380651 0.494171 1.371127
1.588132 0.453297 1.371127
1.380651 0.481317 1.352587
1.588132 0.440444 1.352587
1.380651 0.462081 1.340199
1.588132 0.421208 1.340199
1.380651 0.439390 1.335849
1.588132 0.398517 1.335849
1.380651 0.416700 1.340199
1.588132 0.375827 1.340199
1.380651 0.397463 1.352587
1.588132 0.356590 1.352587
1.380651 0.384610 1.371127
1.588132 0.343737 1.371127
1.380651 0.380096 1.392996
1.588132 0.339223 1.392995
1.380651 0.384610 1.414865
1.588132 0.343742 1.414864
1.380651 0.397463 1.433405
1.588132 0.356596 1.433405
1.380651 0.416700 1.445793
1.588132 0.375832 1.445792
1.175460 0.625108 1.450166
1.189341 0.640518 1.447074
1.201104 0.653585 1.435741
1.208961 0.662318 1.417901
1.211720 0.665385 1.396275
1.208961 0.662318 1.374162
1.201104 0.653586 1.354924
1.189342 0.640519 1.341480
1.175461 0.625108 1.335872
1.161574 0.609701 1.338950
1.149798 0.596642 1.350250
1.141927 0.587918 1.368058
1.139163 0.584854 1.389669
1.141927 0.587917 1.411796
1.149798 0.596642 1.431068
1.161574 0.609701 1.444544
1.045264 0.975354 1.450143
1.065829 0.984944 1.445793
1.083263 0.993073 1.433405
1.094912 0.998505 1.414865
1.099003 1.000413 1.392996
1.094912 0.998505 1.371127
1.083263 0.993073 1.352587
1.065829 0.984944 1.340199
1.045264 0.975354 1.335849
1.024699 0.965764 1.340199
1.007266 0.957635 1.352587
0.995616 0.952203 1.371127
0.991525 0.950295 1.392996
0.995616 0.952203 1.414865
1.007265 0.957635 1.433405
1.024699 0.965765 1.445793
0.093710 0.316125 6.105855
0.093710 0.431092 6.082987
0.139193 0.417377 6.049877
0.139193 0.316125 6.070017
0.093710 0.528556 6.017863
0.139193 0.503215 5.992522
0.093710 0.593680 5.920398
0.139193 0.560570 5.906684
0.093710 0.616548 5.805431
0.139193 0.580710 5.805431
0.093710 0.593680 5.690464
0.139193 0.560570 5.704179
0.093710 0.528556 5.593000
0.139193 0.503215 5.618341
0.093710 0.431092 5.527876
0.139193 0.417377 5.560987
0.093710 0.316125 5.505008
0.139193 0.316125 5.540846
0.093710 0.201158 5.527876
0.139193 0.214872 5.560987
0.093710 0.103693 5.593000
0.139193 0.129035 5.618341
0.093710 0.038570 5.690464
0.139193 0.071680 5.704179
0.093710 0.015701 5.805432
0.139193 0.051539 5.805432
0.093710 0.038570 5.920399
0.139193 0.071680 5.906684
0.093710 0.103693 6.017863
0.139193 0.129035 5.992522
0.093710 0.201158 6.082987
0.139193 0.214872 6.049877
0.000001 0.438564 6.101027
0.000001 0.542364 5.579193
0.000001 0.020529 5.927871
0.150063 0.371982 5.940283
0.150063 0.316125 5.951394
0.150063 0.419335 5.908642
0.150063 0.450976 5.861289
0.150063 0.462087 5.805431
0.150063 0.450976 5.749574
0.150063 0.419335 5.702220
0.150063 0.371982 5.670580
0.150063 0.316125 5.659470
0.150063 0.260267 5.670580
0.150063 0.212914 5.702221
0.150063 0.181273 5.749574
0.150063 0.170163 5.805432
0.150063 0.181273 5.861289
0.150063 0.212914 5.908643
0.150063 0.260267 5.940283
0.087427 0.367054 5.928387
0.087427 0.316125 5.938518
0.087427 0.410231 5.899538
0.087427 0.439080 5.856361
0.087427 0.449211 5.805431
0.087427 0.439080 5.754502
0.087427 0.410231 5.711326
0.087427 0.367055 5.682477
0.087427 0.316125 5.672346
0.087427 0.265195 5.682476
0.087427 0.222019 5.711326
0.087427 0.193169 5.754502
0.087427 0.183039 5.805432
0.087427 0.193169 5.856361
0.087427 0.222019 5.899538
0.087427 0.265195 5.928387
0.087427 0.341030 5.865560
0.087427 0.316125 5.870513
0.087427 0.362144 5.851451
0.087427 0.376252 5.830338
0.087427 0.381207 5.805431
0.087427 0.376252 5.780526
0.087427 0.362145 5.759412
0.087427 0.341030 5.745304
0.087427 0.316125 5.740349
0.087427 0.291219 5.745304
0.087427 0.270105 5.759412
0.087427 0.255997 5.780526
0.087427 0.251043 5.805432
0.087427 0.255997 5.830338
0.087427 0.270105 5.851451
0.087427 0.291219 5.865560
0.122953 0.338833 5.860255
0.122953 0.316125 5.864772
0.122954 0.358085 5.847392
0.122954 0.370948 5.828140
0.122954 0.375465 5.805432
0.122954 0.370948 5.782723
0.122954 0.358085 5.763472
0.122954 0.338833 5.750608
0.122954 0.316125 5.746091
0.122954 0.293416 5.750608
0.122954 0.274164 5.763472
0.122954 0.261301 5.782723
0.122954 0.256784 5.805432
0.122954 0.261301 5.828140
0.122954 0.274164 5.847392
0.122953 0.293416 5.860255
0.122954 0.316125 5.805432
-2.611990 2.217218 -5.709248
-2.628990 2.251148 -5.104376
-2.619883 4.864848 -5.428412
-2.605367 4.755143 -5.944899
-2.636025 3.489062 -4.854059
-2.609050 3.449979 -5.813871
-2.636638 3.307163 -4.832257
-2.609625 3.246027 -5.793396
-2.394332 2.217218 -5.703130
-2.411332 2.251148 -5.098259
-2.418980 3.307163 -4.826139
-2.391967 3.246027 -5.787279
-2.418367 3.489062 -4.847941
-2.402225 4.864848 -5.422295
-2.387709 4.755143 -5.938782
-2.391392 3.449979 -5.807754
-2.526954 2.246981 -4.859614
-2.536750 3.307163 -4.511075
-2.536137 3.489062 -4.532877
-2.516227 4.887220 -5.241296
-2.508559 4.984079 -5.514112
-2.494456 4.992103 -6.015930
-2.513500 4.951913 -5.338324
-2.514112 2.039114 -5.316546
-2.520161 2.065133 -5.101318
-2.524162 2.126648 -4.958981
-2.478741 2.577049 -6.575063
-2.478178 3.246027 -6.595098
-2.479484 4.755143 -6.548625
-2.478178 3.449979 -6.595098
-2.480481 4.893695 -6.513174
-2.232747 2.617517 2.459968
-2.264470 2.777003 2.459968
-2.354812 2.912210 2.459968
-2.490018 3.002551 2.459968
-2.649505 3.034275 2.459968
-2.808991 3.002551 2.459968
-2.944197 2.912210 2.459968
-3.034539 2.777003 2.459968
-3.066263 2.617517 2.459968
-3.034539 2.458030 2.459968
-2.944197 2.322824 2.459968
-2.808991 2.232483 2.459968
-2.649505 2.200759 2.459968
-2.490018 2.232483 2.459968
-2.354812 2.322825 2.459968
-2.264470 2.458031 2.459968
-2.292588 2.617517 3.372318
-2.319756 2.754103 3.372318
-2.397126 2.869895 3.372318
-2.512918 2.947265 3.372318
-2.649504 2.974434 3.372318
-2.786091 2.947265 3.372318
-2.901883 2.869895 3.372318
-2.979253 2.754103 3.372318
-3.006421 2.617517 3.372318
-2.979253 2.480931 3.372318
-2.901883 2.365139 3.372318
-2.786091 2.287769 3.372318
-2.649504 2.260600 3.372318
-2.512918 2.287769 3.372318
-2.397126 2.365139 3.372318
-2.319756 2.480931 3.372318
-2.345526 2.617517 3.665949
-2.368665 2.733845 3.665948
-2.434559 2.832463 3.665949
-2.533177 2.898357 3.665949
-2.649504 2.921496 3.665948
-2.765832 2.898357 3.665948
-2.864450 2.832463 3.665948
-2.930345 2.733845 3.665948
-2.953484 2.617517 3.665949
-2.930345 2.501189 3.665949
-2.864450 2.402571 3.665949
-2.765832 2.336677 3.665948
-2.649504 2.313538 3.665948
-2.533177 2.336677 3.665948
-2.434559 2.402571 3.665949
-2.368665 2.501189 3.665949
-2.372341 2.617517 3.693260
-2.393439 2.723583 3.693260
-2.453521 2.813501 3.693260
-2.543439 2.873583 3.693260
-2.649504 2.894680 3.693259
-2.755570 2.873583 3.693259
-2.845489 2.813501 3.693259
-2.905570 2.723583 3.693259
-2.926668 2.617517 3.693260
-2.905570 2.511451 3.693260
-2.845489 2.421533 3.693260
-2.755570 2.361451 3.693259
-2.649504 2.340353 3.693259
-2.543439 2.361451 3.693259
-2.453520 2.421533 3.693260
-2.393439 2.511451 3.693260
-2.405405 2.617516 4.089666
-2.423985 2.710930 4.089666
-2.476900 2.790121 4.089666
-2.556091 2.843035 4.089666
-2.649504 2.861616 4.089666
-2.742918 2.843035 4.089666
-2.822109 2.790121 4.089666
-2.875024 2.710930 4.089666
-2.893605 2.617517 4.089666
-2.875024 2.524103 4.089666
-2.822109 2.444912 4.089666
-2.742918 2.391997 4.089666
-2.649504 2.373416 4.089666
-2.556091 2.391997 4.089666
-2.476900 2.444912 4.089666
-2.423985 2.524103 4.089666
-2.438126 2.617517 4.167694
-2.454216 2.698408 4.167694
-2.500037 2.766984 4.167694
-2.568613 2.812805 4.167694
-2.649504 2.828895 4.167694
-2.730396 2.812805 4.167694
-2.798972 2.766984 4.167694
-2.844793 2.698408 4.167694
-2.860883 2.617517 4.167694
-2.844793 2.536625 4.167694
-2.798972 2.468049 4.167694
-2.730396 2.422228 4.167694
-2.649504 2.406138 4.167694
-2.568613 2.422228 4.167694
-2.500037 2.468050 4.167694
-2.454216 2.536625 4.167694
-2.542534 2.617517 4.311089
-2.550677 2.658452 4.311089
-2.573865 2.693156 4.311089
-2.608569 2.716344 4.311089
-2.649504 2.724487 4.311089
-2.690440 2.716344 4.311089
-2.725144 2.693156 4.311089
-2.748332 2.658452 4.311089
-2.756475 2.617517 4.311089
-2.748332 2.576581 4.311089
-2.725144 2.541877 4.311089
-2.690440 2.518689 4.311089
-2.649504 2.510546 4.311089
-2.608569 2.518689 4.311089
-2.573865 2.541878 4.311089
-2.550677 2.576581 4.311089
-2.649504 2.617517 4.379306
-2.232747 2.617517 1.998406
-2.264470 2.777003 1.998406
-2.354812 2.912210 1.998406
-2.490018 3.002551 1.998406
-2.649505 3.034275 1.998406
-2.808991 3.002551 1.998406
-2.944197 2.912210 1.998406
-3.034539 2.777003 1.998406
-3.066263 2.617517 1.998406
-3.034539 2.458030 1.998406
-2.944197 2.322824 1.998406
-2.808991 2.232483 1.998406
-2.649505 2.200759 1.998406
-2.490018 2.232483 1.998406
-2.354812 2.322825 1.998406
-2.264470 2.458031 1.998406
-2.408818 2.617517 0.912932
-2.427139 2.709624 0.912932
-2.479313 2.787709 0.912932
-2.557398 2.839883 0.912932
-2.649505 2.858204 0.912932
-2.741612 2.839883 0.912932
-2.819696 2.787709 0.912932
-2.871871 2.709624 0.912931
-2.890192 2.617517 0.912931
-2.871871 2.525410 0.912931
-2.819696 2.447325 0.912932
-2.741612 2.395151 0.912932
-2.649505 2.376830 0.912932
-2.557398 2.395151 0.912932
-2.479313 2.447326 0.912932
-2.427139 2.525410 0.912932
-2.563492 2.617517 0.630510
-2.570040 2.650433 0.630510
-2.588685 2.678337 0.630510
-2.616589 2.696982 0.630510
-2.649505 2.703530 0.630511
-2.682420 2.696982 0.630511
-2.710325 2.678337 0.630511
-2.728970 2.650433 0.630511
-2.735518 2.617517 0.630511
-2.728970 2.584602 0.630511
-2.710325 2.556697 0.630511
-2.682421 2.538052 0.630511
-2.649505 2.531505 0.630511
-2.616589 2.538052 0.630510
-2.588685 2.556697 0.630510
-2.570040 2.584602 0.630510
-2.649505 2.617517 0.583916
-2.843366 2.568294 3.547567
-2.843366 2.600051 3.561541
-2.843366 2.634738 3.562297
-2.843366 2.667075 3.549722
-2.843366 2.692138 3.525730
-2.843366 2.706111 3.493973
-2.843367 2.706868 3.459285
-2.843367 2.694293 3.426949
-2.843367 2.670301 3.401887
-2.843367 2.638544 3.387913
-2.843367 2.603857 3.387157
-2.843367 2.571520 3.399731
-2.843367 2.546458 3.423723
-2.843367 2.532484 3.455480
-2.843366 2.531727 3.490168
-2.843366 2.544302 3.522504
-2.962133 2.568294 3.547567
-2.962133 2.600051 3.561541
-2.962133 2.634738 3.562297
-2.962133 2.667075 3.549722
-2.962133 2.692138 3.525730
-2.962133 2.706111 3.493973
-2.962133 2.706868 3.459285
-2.962133 2.694293 3.426949
-2.962133 2.670301 3.401887
-2.962133 2.638544 3.387913
-2.962133 2.603857 3.387157
-2.962133 2.571520 3.399731
-2.962133 2.546458 3.423723
-2.962133 2.532484 3.455480
-2.962133 2.531727 3.490167
-2.962133 2.544302 3.522504
-3.129119 2.321321 3.356355
-3.157418 2.324550 3.351744
-3.181408 2.333744 3.338613
-3.197438 2.347504 3.318961
-3.203067 2.363735 3.295780
-3.197438 2.379967 3.272599
-3.181408 2.393728 3.252947
-3.157418 2.402922 3.239816
-3.129119 2.406151 3.235205
-3.100821 2.402922 3.239816
-3.076830 2.393728 3.252948
-3.060800 2.379967 3.272599
-3.055171 2.363736 3.295780
-3.060800 2.347504 3.318961
-3.076830 2.333744 3.338613
-3.100820 2.324550 3.351744
-3.108764 2.479603 3.491460
-3.130753 2.494099 3.492892
-3.149395 2.514582 3.482403
-3.161851 2.537934 3.461591
-3.166225 2.560599 3.433625
-3.161851 2.579126 3.402762
-3.149395 2.590696 3.373700
-3.130754 2.593547 3.350865
-3.108764 2.587244 3.337732
-3.086775 2.572748 3.336301
-3.068133 2.552264 3.346790
-3.055677 2.528913 3.367602
-3.051303 2.506248 3.395568
-3.055677 2.487720 3.426431
-3.068133 2.476150 3.455493
-3.086774 2.473300 3.478328
-3.038214 2.539091 3.528410
-3.051335 2.562830 3.536795
-3.062396 2.590832 3.532634
-3.069761 2.618845 3.516559
-3.072342 2.642597 3.491041
-3.069760 2.658453 3.459994
-3.062396 2.663977 3.428172
-3.051335 2.658310 3.400437
-3.038215 2.642312 3.380996
-3.024996 2.618430 3.372778
-3.013691 2.590328 3.376986
-3.006072 2.562316 3.392953
-3.003381 2.538671 3.418271
-3.006072 2.522966 3.449150
-3.013690 2.517543 3.480934
-3.024996 2.523201 3.508779
-3.129222 2.404364 3.431872
-3.154989 2.413631 3.430021
-3.176848 2.429158 3.417521
-3.191459 2.448578 3.396259
-3.196591 2.468944 3.369448
-3.191459 2.487172 3.341141
-3.176848 2.500510 3.315619
-3.154989 2.506947 3.296753
-3.129222 2.505515 3.287412
-3.103488 2.496427 3.289044
-3.081720 2.481026 3.301460
-3.067220 2.461594 3.322839
-3.062142 2.441064 3.349926
-3.067220 2.422632 3.378482
-3.081720 2.409189 3.404054
-3.103488 2.402789 3.422773
-3.129119 2.321034 3.336912
-3.151386 2.323575 3.333284
-3.170262 2.330810 3.322952
-3.182875 2.341637 3.307488
-3.187305 2.354408 3.289249
-3.182876 2.367180 3.271009
-3.170263 2.378007 3.255546
-3.151386 2.385242 3.245214
-3.129119 2.387782 3.241586
-3.106853 2.385242 3.245214
-3.087976 2.378007 3.255546
-3.075363 2.367180 3.271009
-3.070934 2.354409 3.289249
-3.075363 2.341637 3.307488
-3.087976 2.330810 3.322952
-3.106852 2.323575 3.333284
-3.129119 2.346120 3.331951
-3.144324 2.347855 3.329473
-3.157215 2.352795 3.322418
-3.165828 2.360188 3.311859
-3.168853 2.368910 3.299403
-3.165828 2.377631 3.286947
-3.157215 2.385025 3.276388
-3.144325 2.389965 3.269333
-3.129119 2.391700 3.266855
-3.113914 2.389965 3.269333
-3.101023 2.385025 3.276388
-3.092410 2.377631 3.286948
-3.089386 2.368910 3.299403
-3.092410 2.360188 3.311859
-3.101023 2.352795 3.322418
-3.113914 2.347855 3.329473
-3.129119 2.481007 3.377894
-2.450670 2.670300 3.401890
-2.450670 2.694293 3.426952
-2.331903 2.694293 3.426953
-2.331903 2.670300 3.401890
-2.450670 2.706867 3.459289
-2.331903 2.706867 3.459289
-2.450670 2.706111 3.493976
-2.331903 2.706111 3.493976
-2.450670 2.692137 3.525733
-2.331903 2.692137 3.525733
-2.450670 2.667074 3.549726
-2.331904 2.667074 3.549726
-2.450670 2.634738 3.562301
-2.331904 2.634738 3.562301
-2.450670 2.600051 3.561544
-2.331904 2.600051 3.561544
-2.450670 2.568294 3.547570
-2.331904 2.568293 3.547570
-2.450670 2.544301 3.522507
-2.331904 2.544301 3.522508
-2.450670 2.531727 3.490171
-2.331904 2.531726 3.490172
-2.450670 2.532483 3.455484
-2.331904 2.532483 3.455484
-2.450670 2.546457 3.423726
-2.331904 2.546457 3.423726
-2.450670 2.571520 3.399734
-2.331903 2.571520 3.399734
-2.450670 2.603856 3.387160
-2.331903 2.603856 3.387159
-2.450670 2.638543 3.387916
-2.331903 2.638543 3.387916
-2.242702 2.658309 3.400439
-2.255822 2.642311 3.381000
-2.231640 2.663976 3.428176
-2.224276 2.658453 3.459997
-2.221694 2.642597 3.491045
-2.224276 2.618845 3.516563
-2.231641 2.590831 3.532638
-2.242702 2.562829 3.536798
-2.255822 2.539090 3.528414
-2.269041 2.523199 3.508784
-2.280346 2.517542 3.480938
-2.287965 2.522966 3.449154
-2.290656 2.538670 3.418275
-2.287965 2.562315 3.392956
-2.280346 2.590328 3.376989
-2.269041 2.618429 3.372782
-2.163283 2.593546 3.350869
-2.139048 2.506946 3.296757
-2.164815 2.505515 3.287416
-2.185273 2.587243 3.337736
-2.144641 2.590696 3.373704
-2.117188 2.500510 3.315624
-2.132185 2.579125 3.402766
-2.102577 2.487172 3.341143
-2.127811 2.560598 3.433629
-2.097446 2.468943 3.369451
-2.132186 2.537933 3.461595
-2.102578 2.448577 3.396262
-2.144641 2.514581 3.482407
-2.117189 2.429158 3.417524
-2.163283 2.494098 3.492897
-2.139048 2.413631 3.430025
-2.185273 2.479602 3.491465
-2.164815 2.404364 3.431876
-2.207262 2.473299 3.478332
-2.190549 2.402788 3.422777
-2.225904 2.476149 3.455496
-2.212317 2.409188 3.404058
-2.238360 2.487719 3.426435
-2.226817 2.422631 3.378486
-2.242734 2.506247 3.395571
-2.231895 2.441064 3.349930
-2.238360 2.528912 3.367605
-2.226816 2.461593 3.322842
-2.225904 2.552264 3.346794
-2.212317 2.481025 3.301463
-2.207262 2.572747 3.336305
-2.190549 2.496426 3.289048
-2.136619 2.402921 3.239820
-2.164917 2.406150 3.235209
-2.112628 2.393727 3.252951
-2.096599 2.379966 3.272603
-2.090970 2.363735 3.295784
-2.096599 2.347504 3.318964
-2.112629 2.333743 3.338617
-2.136619 2.324549 3.351748
-2.164918 2.321320 3.356359
-2.193217 2.324549 3.351748
-2.217207 2.333743 3.338617
-2.233237 2.347504 3.318964
-2.238866 2.363735 3.295784
-2.233237 2.379966 3.272603
-2.217207 2.393727 3.252951
-2.193216 2.402921 3.239820
-2.142651 2.385241 3.245218
-2.164917 2.387782 3.241590
-2.123774 2.378007 3.255550
-2.111161 2.367179 3.271013
-2.106732 2.354408 3.289253
-2.111161 2.341636 3.307492
-2.123775 2.330809 3.322955
-2.142651 2.323574 3.333288
-2.164918 2.321034 3.336916
-2.187184 2.323574 3.333287
-2.206061 2.330809 3.322955
-2.218674 2.341636 3.307492
-2.223103 2.354408 3.289253
-2.218674 2.367179 3.271013
-2.206061 2.378007 3.255550
-2.187184 2.385241 3.245218
-2.149712 2.389965 3.269337
-2.164917 2.391700 3.266859
-2.136822 2.385025 3.276392
-2.128209 2.377631 3.286951
-2.125184 2.368909 3.299406
-2.128209 2.360188 3.311862
-2.136822 2.352795 3.322421
-2.149713 2.347854 3.329477
-2.164918 2.346119 3.331954
-2.180123 2.347854 3.329477
-2.193014 2.352795 3.322421
-2.201627 2.360188 3.311862
-2.204651 2.368909 3.299407
-2.201626 2.377631 3.286951
-2.193013 2.385025 3.276392
-2.180123 2.389965 3.269336
-2.164918 2.481006 3.377898
2.611990 2.217218 -5.709248
2.628990 2.251148 -5.104376
2.636638 3.307163 -4.832257
2.609625 3.246027 -5.793396
2.636025 3.489062 -4.854059
2.619883 4.864848 -5.428412
2.605367 4.755143 -5.944899
2.609050 3.449979 -5.813871
2.394332 2.217218 -5.703130
2.391967 3.246027 -5.787279
2.418980 3.307163 -4.826139
2.411332 2.251148 -5.098259
2.418367 3.489062 -4.847941
2.391392 3.449979 -5.807754
2.387709 4.755143 -5.938782
2.402225 4.864848 -5.422295
2.526954 2.246981 -4.859614
2.536750 3.307163 -4.511075
2.536137 3.489062 -4.532877
2.516227 4.887220 -5.241296
2.508559 4.984079 -5.514112
2.494456 4.992103 -6.015930
2.513500 4.951913 -5.338324
2.514112 2.039114 -5.316546
2.520161 2.065133 -5.101318
2.524162 2.126648 -4.958981
2.478178 3.246027 -6.595098
2.478741 2.577049 -6.575063
2.479484 4.755143 -6.548625
2.478178 3.449979 -6.595098
2.480481 4.893695 -6.513174
2.232747 2.617517 2.459968
2.264470 2.777003 2.459968
2.319756 2.754103 3.372318
2.292588 2.617517 3.372318
2.354812 2.912210 2.459968
2.397126 2.869895 3.372318
2.490018 3.002551 2.459968
2.512918 2.947265 3.372318
2.649505 3.034275 2.459968
2.649504 2.974434 3.372318
2.808991 3.002551 2.459968
2.786091 2.947265 3.372318
2.944197 2.912210 2.459968
2.901883 2.869895 3.372318
3.034539 2.777003 2.459968
2.979253 2.754103 3.372318
3.066263 2.617517 2.459968
3.006421 2.617517 3.372318
3.034539 2.458030 2.459968
2.979253 2.480931 3.372318
2.944197 2.322824 2.459968
2.901883 2.365139 3.372318
2.808991 2.232483 2.459968
2.786091 2.287769 3.372318
2.649505 2.200759 2.459968
2.649504 2.260600 3.372318
2.490018 2.232483 2.459968
2.512918 2.287769 3.372318
2.354812 2.322825 2.459968
2.397126 2.365139 3.372318
2.264470 2.458031 2.459968
2.319756 2.480931 3.372318
2.368665 2.733845 3.665948
2.345526 2.617517 3.665949
2.434559 2.832463 3.665949
2.533177 2.898357 3.665949
2.649504 2.921496 3.665948
2.765832 2.898357 3.665948
2.864450 2.832463 3.665948
2.930345 2.733845 3.665948
2.953484 2.617517 3.665949
2.930345 2.501189 3.665949
2.864450 2.402571 3.665949
2.765832 2.336677 3.665948
2.649504 2.313538 3.665948
2.533177 2.336677 3.665948
2.434559 2.402571 3.665949
2.368665 2.501189 3.665949
2.393439 2.723583 3.693260
2.372341 2.617517 3.693260
2.453521 2.813501 3.693260
2.543439 2.873583 3.693260
2.649504 2.894680 3.693259
2.755570 2.873583 3.693259
2.845489 2.813501 3.693259
2.905570 2.723583 3.693259
2.926668 2.617517 3.693260
2.905570 2.511451 3.693260
2.845489 2.421533 3.693260
2.755570 2.361451 3.693259
2.649504 2.340353 3.693259
2.543439 2.361451 3.693259
2.453520 2.421533 3.693260
2.393439 2.511451 3.693260
2.423985 2.710930 4.089666
2.405405 2.617516 4.089666
2.476900 2.790121 4.089666
2.556091 2.843035 4.089666
2.649504 2.861616 4.089666
2.742918 2.843035 4.089666
2.822109 2.790121 4.089666
2.875024 2.710930 4.089666
2.893605 2.617517 4.089666
2.875024 2.524103 4.089666
2.822109 2.444912 4.089666
2.742918 2.391997 4.089666
2.649504 2.373416 4.089666
2.556091 2.391997 4.089666
2.476900 2.444912 4.089666
2.423985 2.524103 4.089666
2.454216 2.698408 4.167694
2.438126 2.617517 4.167694
2.500037 2.766984 4.167694
2.568613 2.812805 4.167694
2.649504 2.828895 4.167694
2.730396 2.812805 4.167694
2.798972 2.766984 4.167694
2.844793 2.698408 4.167694
2.860883 2.617517 4.167694
2.844793 2.536625 4.167694
2.798972 2.468049 4.167694
2.730396 2.422228 4.167694
2.649504 2.406138 4.167694
2.568613 2.422228 4.167694
2.500037 2.468050 4.167694
2.454216 2.536625 4.167694
2.550677 2.658452 4.311089
2.542534 2.617517 4.311089
2.573865 2.693156 4.311089
2.608569 2.716344 4.311089
2.649504 2.724487 4.311089
2.690440 2.716344 4.311089
2.725144 2.693156 4.311089
2.748332 2.658452 4.311089
2.756475 2.617517 4.311089
2.748332 2.576581 4.311089
2.725144 2.541877 4.311089
2.690440 2.518689 4.311089
2.649504 2.510546 4.311089
2.608569 2.518689 4.311089
2.573865 2.541878 4.311089
2.550677 2.576581 4.311089
2.649504 2.617517 4.379306
2.232747 2.617517 1.998406
2.264470 2.777003 1.998406
2.354812 2.912210 1.998406
2.490018 3.002551 1.998406
2.649505 3.034275 1.998406
2.808991 3.002551 1.998406
2.944197 2.912210 1.998406
3.034539 2.777003 1.998406
3.066263 2.617517 1.998406
3.034539 2.458030 1.998406
2.944197 2.322824 1.998406
2.808991 2.232483 1.998406
2.649505 2.200759 1.998406
2.490018 2.232483 1.998406
2.354812 2.322825 1.998406
2.264470 2.458031 1.998406
2.408818 2.617517 0.912932
2.427139 2.709624 0.912932
2.479313 2.787709 0.912932
2.557398 2.839883 0.912932
2.649505 2.858204 0.912932
2.741612 2.839883 0.912932
2.819696 2.787709 0.912932
2.871871 2.709624 0.912931
2.890192 2.617517 0.912931
2.871871 2.525410 0.912931
2.819696 2.447325 0.912932
2.741612 2.395151 0.912932
2.649505 2.376830 0.912932
2.557398 2.395151 0.912932
2.479313 2.447326 0.912932
2.427139 2.525410 0.912932
2.563492 2.617517 0.630510
2.570040 2.650433 0.630510
2.588685 2.678337 0.630510
2.616589 2.696982 0.630510
2.649505 2.703530 0.630511
2.682420 2.696982 0.630511
2.710325 2.678337 0.630511
2.728970 2.650433 0.630511
2.735518 2.617517 0.630511
2.728970 2.584602 0.630511
2.710325 2.556697 0.630511
2.682421 2.538052 0.630511
2.649505 2.531505 0.630511
2.616589 2.538052 0.630510
2.588685 2.556697 0.630510
2.570040 2.584602 0.630510
2.649505 2.617517 0.583916
2.843585 2.568294 3.547568
2.843585 2.600052 3.561541
2.962352 2.600052 3.561541
2.962352 2.568294 3.547568
2.843585 2.634739 3.562298
2.962352 2.634739 3.562298
2.843585 2.667075 3.549723
2.962352 2.667075 3.549723
2.843585 2.692138 3.525730
2.962352 2.692138 3.525730
2.843585 2.706112 3.493973
2.962352 2.706112 3.493973
2.843585 2.706868 3.459286
2.962352 2.706868 3.459286
2.843585 2.694293 3.426950
2.962352 2.694293 3.426950
2.843585 2.670301 3.401886
2.962352 2.670301 3.401886
2.843585 2.638544 3.387913
2.962352 2.638544 3.387913
2.843585 2.603857 3.387156
2.962352 2.603857 3.387156
2.843585 2.571520 3.399732
2.962352 2.571520 3.399732
2.843585 2.546458 3.423724
2.962352 2.546458 3.423724
2.843585 2.532484 3.455481
2.962352 2.532484 3.455481
2.843585 2.531727 3.490168
2.962352 2.531727 3.490168
2.843585 2.544302 3.522505
2.962352 2.544302 3.522505
3.051554 2.562830 3.536796
3.038434 2.539091 3.528411
3.062615 2.590832 3.532634
3.069980 2.618846 3.516560
3.072561 2.642598 3.491042
3.069979 2.658453 3.459995
3.062615 2.663977 3.428173
3.051554 2.658310 3.400436
3.038434 2.642312 3.380996
3.025215 2.618430 3.372778
3.013910 2.590328 3.376986
3.006290 2.562316 3.392953
3.003600 2.538671 3.418272
3.006291 2.522966 3.449150
3.013910 2.517544 3.480934
3.025215 2.523201 3.508780
3.130972 2.494099 3.492893
3.155207 2.413631 3.430022
3.129440 2.404365 3.431872
3.108983 2.479603 3.491462
3.149614 2.514582 3.482404
3.177067 2.429158 3.417521
3.162070 2.537934 3.461592
3.191678 2.448578 3.396259
3.166444 2.560599 3.433626
3.196809 2.468944 3.369448
3.162070 2.579127 3.402762
3.191678 2.487173 3.341141
3.149614 2.590696 3.373702
3.177067 2.500511 3.315620
3.130972 2.593547 3.350866
3.155208 2.506947 3.296753
3.108983 2.587244 3.337733
3.129441 2.505516 3.287413
3.086993 2.572748 3.336302
3.103706 2.496427 3.289045
3.068352 2.552264 3.346790
3.081939 2.481026 3.301460
3.055896 2.528913 3.367602
3.067439 2.461594 3.322839
3.051522 2.506248 3.395568
3.062361 2.441064 3.349926
3.055896 2.487720 3.426432
3.067439 2.422632 3.378482
3.068352 2.476151 3.455493
3.081938 2.409189 3.404055
3.086993 2.473300 3.478328
3.103706 2.402790 3.422774
3.157636 2.324550 3.351744
3.129338 2.321321 3.356356
3.181627 2.333744 3.338614
3.197657 2.347504 3.318961
3.203286 2.363736 3.295780
3.197657 2.379967 3.272600
3.181627 2.393728 3.252948
3.157637 2.402922 3.239817
3.129338 2.406151 3.235206
3.101039 2.402922 3.239817
3.077049 2.393728 3.252948
3.061019 2.379967 3.272600
3.055390 2.363736 3.295781
3.061019 2.347505 3.318962
3.077049 2.333744 3.338614
3.101039 2.324550 3.351744
3.151604 2.323575 3.333284
3.129338 2.321034 3.336913
3.170481 2.330810 3.322953
3.183094 2.341637 3.307489
3.187523 2.354409 3.289249
3.183094 2.367180 3.271010
3.170481 2.378008 3.255547
3.151605 2.385242 3.245214
3.129338 2.387782 3.241587
3.107071 2.385242 3.245214
3.088194 2.378008 3.255547
3.075581 2.367181 3.271010
3.071152 2.354409 3.289250
3.075581 2.341637 3.307489
3.088194 2.330810 3.322953
3.107071 2.323575 3.333284
3.144543 2.347855 3.329474
3.129338 2.346120 3.331952
3.157434 2.352795 3.322419
3.166047 2.360189 3.311859
3.169071 2.368910 3.299404
3.166047 2.377631 3.286948
3.157434 2.385026 3.276389
3.144543 2.389966 3.269334
3.129338 2.391700 3.266856
3.114133 2.389966 3.269334
3.101242 2.385026 3.276389
3.092629 2.377632 3.286948
3.089604 2.368910 3.299404
3.092629 2.360189 3.311859
3.101242 2.352795 3.322419
3.114132 2.347855 3.329474
3.129338 2.481007 3.377894
2.450415 2.670301 3.401890
2.450415 2.694293 3.426953
2.331648 2.694293 3.426953
2.331648 2.670301 3.401890
2.450415 2.706867 3.459290
2.331648 2.706867 3.459289
2.450415 2.706111 3.493977
2.331648 2.706111 3.493976
2.450415 2.692137 3.525734
2.331649 2.692137 3.525733
2.450415 2.667075 3.549726
2.331649 2.667075 3.549726
2.450415 2.634738 3.562301
2.331649 2.634738 3.562301
2.450415 2.600051 3.561544
2.331649 2.600051 3.561544
2.450415 2.568294 3.547570
2.331649 2.568294 3.547571
2.450415 2.544302 3.522507
2.331649 2.544301 3.522508
2.450415 2.531727 3.490171
2.331649 2.531727 3.490171
2.450415 2.532483 3.455484
2.331649 2.532483 3.455484
2.450415 2.546457 3.423727
2.331648 2.546457 3.423727
2.450415 2.571520 3.399735
2.331648 2.571520 3.399735
2.450415 2.603856 3.387160
2.331648 2.603856 3.387160
2.450415 2.638544 3.387917
2.331648 2.638544 3.387917
2.242446 2.658309 3.400440
2.255567 2.642311 3.381000
2.231385 2.663976 3.428176
2.224021 2.658453 3.459997
2.221440 2.642597 3.491045
2.224021 2.618845 3.516563
2.231386 2.590832 3.532637
2.242447 2.562829 3.536799
2.255567 2.539090 3.528414
2.268786 2.523200 3.508783
2.280091 2.517543 3.480937
2.287710 2.522966 3.449153
2.290400 2.538671 3.418275
2.287709 2.562316 3.392956
2.280091 2.590328 3.376990
2.268785 2.618429 3.372782
2.163028 2.593546 3.350869
2.138793 2.506946 3.296758
2.164560 2.505515 3.287416
2.185017 2.587244 3.337737
2.144386 2.590696 3.373705
2.116933 2.500510 3.315624
2.131930 2.579126 3.402767
2.102322 2.487172 3.341144
2.127556 2.560598 3.433629
2.097191 2.468944 3.369451
2.131930 2.537933 3.461596
2.102323 2.448578 3.396262
2.144387 2.514581 3.482408
2.116933 2.429158 3.417525
2.163028 2.494098 3.492897
2.138793 2.413631 3.430026
2.185018 2.479602 3.491466
2.164560 2.404364 3.431876
2.207007 2.473299 3.478332
2.190294 2.402788 3.422777
2.225649 2.476150 3.455496
2.212062 2.409188 3.404058
2.238105 2.487720 3.426434
2.226562 2.422631 3.378486
2.242478 2.506248 3.395572
2.231639 2.441064 3.349930
2.238104 2.528912 3.367606
2.226561 2.461594 3.322842
2.225648 2.552264 3.346795
2.212062 2.481026 3.301464
2.207007 2.572747 3.336306
2.190294 2.496426 3.289049
2.136364 2.402921 3.239821
2.164662 2.406150 3.235210
2.112373 2.393727 3.252951
2.096343 2.379966 3.272603
2.090714 2.363735 3.295783
2.096344 2.347504 3.318965
2.112373 2.333743 3.338617
2.136364 2.324549 3.351748
2.164663 2.321320 3.356359
2.192961 2.324549 3.351748
2.216952 2.333743 3.338618
2.232982 2.347504 3.318965
2.238611 2.363735 3.295784
2.232981 2.379967 3.272603
2.216951 2.393727 3.252951
2.192961 2.402921 3.239821
2.142395 2.385242 3.245218
2.164662 2.387782 3.241590
2.123519 2.378007 3.255550
2.110906 2.367179 3.271013
2.106477 2.354408 3.289253
2.110906 2.341636 3.307493
2.123519 2.330810 3.322956
2.142396 2.323574 3.333288
2.164663 2.321034 3.336916
2.186929 2.323574 3.333288
2.205806 2.330810 3.322956
2.218419 2.341636 3.307493
2.222848 2.354408 3.289253
2.218419 2.367180 3.271013
2.205806 2.378007 3.255550
2.186929 2.385242 3.245218
2.149457 2.389965 3.269337
2.164662 2.391700 3.266859
2.136566 2.385025 3.276393
2.127953 2.377631 3.286951
2.124929 2.368910 3.299407
2.127954 2.360188 3.311862
2.136567 2.352795 3.322421
2.149457 2.347855 3.329478
2.164663 2.346120 3.331955
2.179868 2.347855 3.329478
2.192758 2.352795 3.322422
2.201371 2.360188 3.311863
2.204396 2.368910 3.299407
2.201371 2.377631 3.286951
2.192758 2.385025 3.276393
2.179868 2.389965 3.269337
2.164662 2.481006 3.377898
-1.596531 0.398519 1.774805
-1.596531 0.544631 1.745741
-1.596531 0.668499 1.662976
-1.596531 0.751264 1.539108
-1.596531 0.780328 1.392997
-1.596531 0.751264 1.246885
-1.596531 0.668499 1.123017
-1.596531 0.544631 1.040252
-1.596531 0.398519 1.011188
-1.596531 0.252408 1.040252
-1.596531 0.128540 1.123017
-1.596531 0.045775 1.246885
-1.596531 0.016711 1.392997
-1.596531 0.045775 1.539108
-1.596531 0.128540 1.662976
-1.596531 0.252408 1.745741
-1.825662 0.398519 1.774805
-1.825662 0.544631 1.745741
-1.825662 0.668499 1.662976
-1.825662 0.751264 1.539108
-1.825662 0.780328 1.392997
-1.825662 0.751264 1.246885
-1.825662 0.668499 1.123017
-1.825662 0.544631 1.040252
-1.825662 0.398519 1.011188
-1.825662 0.252408 1.040252
-1.825662 0.128540 1.123017
-1.825662 0.045775 1.246885
-1.825662 0.016711 1.392997
-1.825662 0.045775 1.539108
-1.825662 0.128540 1.662976
-1.825662 0.252408 1.745741
-1.538727 0.398519 1.729258
-1.538727 0.527201 1.703662
-1.538727 0.636292 1.630769
-1.538727 0.709185 1.521678
-1.538727 0.734781 1.392997
-1.538727 0.709185 1.264315
-1.538727 0.636292 1.155224
-1.538727 0.527201 1.082331
-1.538727 0.398519 1.056735
-1.538727 0.269838 1.082331
-1.538727 0.160747 1.155224
-1.538727 0.087854 1.264315
-1.538727 0.062258 1.392997
-1.538727 0.087854 1.521678
-1.538727 0.160747 1.630769
-1.538727 0.269838 1.703662
-1.883466 0.398519 1.729258
-1.883466 0.527201 1.703662
-1.883466 0.636292 1.630769
-1.883466 0.709185 1.521678
-1.883466 0.734781 1.392997
-1.883467 0.709185 1.264315
-1.883467 0.636292 1.155224
-1.883467 0.527201 1.082331
-1.883466 0.398519 1.056735
-1.883466 0.269838 1.082331
-1.883466 0.160747 1.155224
-1.883466 0.087854 1.264315
-1.883466 0.062258 1.392997
-1.883466 0.087854 1.521678
-1.883466 0.160747 1.630769
-1.883466 0.269838 1.703662
-1.711097 0.398520 1.799622
-1.711097 0.554128 1.768669
-1.711097 0.686047 1.680524
-1.711097 0.774192 1.548605
-1.711097 0.805144 1.392997
-1.711097 0.774192 1.237388
-1.711097 0.686047 1.105469
-1.711097 0.554128 1.017324
-1.711097 0.398519 0.986372
-1.711097 0.242911 1.017324
-1.711097 0.110992 1.105469
-1.711097 0.022847 1.237388
-1.711097 -0.008106 1.392997
-1.711097 0.022847 1.548605
-1.711097 0.110992 1.680524
-1.711097 0.242911 1.768669
-1.524912 0.398519 1.578500
-1.524912 0.469508 1.564379
-1.524912 0.529690 1.524167
-1.524912 0.569902 1.463985
-1.524912 0.584023 1.392996
-1.524912 0.569902 1.322007
-1.524912 0.529690 1.261826
-1.524912 0.469508 1.221614
-1.524912 0.398519 1.207493
-1.524912 0.327531 1.221614
-1.524912 0.267349 1.261826
-1.524912 0.227137 1.322007
-1.524912 0.213016 1.392997
-1.524912 0.227137 1.463986
-1.524912 0.267349 1.524167
-1.524912 0.327531 1.564379
-1.897281 0.398519 1.578500
-1.897281 0.469508 1.564379
-1.897281 0.529690 1.524167
-1.897281 0.569902 1.463986
-1.897281 0.584023 1.392997
-1.897281 0.569902 1.322008
-1.897281 0.529690 1.261826
-1.897281 0.469508 1.221614
-1.897281 0.398519 1.207493
-1.897281 0.327531 1.221614
-1.897281 0.267349 1.261826
-1.897281 0.227137 1.322008
-1.897281 0.213016 1.392997
-1.897281 0.227137 1.463986
-1.897281 0.267349 1.524167
-1.897281 0.327531 1.564379
-1.524912 0.398519 1.392997
-1.817677 0.398519 1.562135
-1.817677 0.463246 1.549261
-1.817677 0.518119 1.512596
-1.817677 0.554784 1.457723
-1.817677 0.567658 1.392997
-1.817677 0.554784 1.328270
-1.817677 0.518119 1.273397
-1.817677 0.463246 1.236732
-1.817677 0.398519 1.223858
-1.817677 0.333793 1.236732
-1.817677 0.278920 1.273397
-1.817677 0.242255 1.328270
-1.817677 0.229380 1.392997
-1.817677 0.242255 1.457723
-1.817677 0.278920 1.512596
-1.817677 0.333793 1.549261
-1.817677 0.398519 1.475709
-1.817677 0.430172 1.469413
-1.817677 0.457006 1.451483
-1.817677 0.474936 1.424649
-1.817677 0.481232 1.392997
-1.817677 0.474936 1.361344
-1.817677 0.457006 1.334510
-1.817677 0.430172 1.316580
-1.817677 0.398519 1.310284
-1.817677 0.366867 1.316580
-1.817677 0.340033 1.334510
-1.817677 0.322103 1.361344
-1.817677 0.315807 1.392997
-1.817677 0.322103 1.424649
-1.817677 0.340033 1.451483
-1.817677 0.366867 1.469413
-1.862828 0.398519 1.468413
-1.862828 0.427380 1.462672
-1.862828 0.451847 1.446324
-1.862828 0.468195 1.421857
-1.862828 0.473936 1.392997
-1.862828 0.468195 1.364136
-1.862828 0.451847 1.339669
-1.862828 0.427380 1.323321
-1.862828 0.398519 1.317580
-1.862828 0.369659 1.323321
-1.862828 0.345192 1.339669
-1.862828 0.328844 1.364136
-1.862828 0.323103 1.392997
-1.862828 0.328844 1.421857
-1.862828 0.345192 1.446324
-1.862828 0.369659 1.462672
-1.862828 0.398519 1.392997
1.596531 0.398519 1.774805
1.596531 0.544631 1.745741
1.711097 0.554128 1.768669
1.711097 0.398520 1.799622
1.596531 0.668499 1.662976
1.711097 0.686047 1.680524
1.596531 0.751264 1.539108
1.711097 0.774192 1.548605
1.596531 0.780328 1.392997
1.711097 0.805144 1.392997
1.596531 0.751264 1.246885
1.711097 0.774192 1.237388
1.596531 0.668499 1.123017
1.711097 0.686047 1.105469
1.596531 0.544631 1.040252
1.711097 0.554128 1.017324
1.596531 0.398519 1.011188
1.711097 0.398519 0.986372
1.596531 0.252408 1.040252
1.711097 0.242911 1.017324
1.596531 0.128540 1.123017
1.711097 0.110992 1.105469
1.596531 0.045775 1.246885
1.711097 0.022847 1.237388
1.596531 0.016711 1.392997
1.711097 -0.008106 1.392997
1.596531 0.045775 1.539108
1.711097 0.022847 1.548605
1.596531 0.128540 1.662976
1.711097 0.110992 1.680524
1.596531 0.252408 1.745741
1.711097 0.242911 1.768669
1.538727 0.398519 1.729258
1.538727 0.527201 1.703662
1.538727 0.636292 1.630769
1.538727 0.709185 1.521678
1.538727 0.734781 1.392997
1.538727 0.709185 1.264315
1.538727 0.636292 1.155224
1.538727 0.527201 1.082331
1.538727 0.398519 1.056735
1.538727 0.269838 1.082331
1.538727 0.160747 1.155224
1.538727 0.087854 1.264315
1.538727 0.062258 1.392997
1.538727 0.087854 1.521678
1.538727 0.160747 1.630769
1.538727 0.269838 1.703662
1.825662 0.398519 1.774805
1.825662 0.544631 1.745741
1.883466 0.527201 1.703662
1.883466 0.398519 1.729258
1.825662 0.668499 1.662976
1.883466 0.636292 1.630769
1.825662 0.751264 1.539108
1.883466 0.709185 1.521678
1.825662 0.780328 1.392997
1.883466 0.734781 1.392997
1.825662 0.751264 1.246885
1.883467 0.709185 1.264315
1.825662 0.668499 1.123017
1.883467 0.636292 1.155224
1.825662 0.544631 1.040252
1.883467 0.527201 1.082331
1.825662 0.398519 1.011188
1.883466 0.398519 1.056735
1.825662 0.252408 1.040252
1.883466 0.269838 1.082331
1.825662 0.128540 1.123017
1.883466 0.160747 1.155224
1.825662 0.045775 1.246885
1.883466 0.087854 1.264315
1.825662 0.016711 1.392997
1.883466 0.062258 1.392997
1.825662 0.045775 1.539108
1.883466 0.087854 1.521678
1.825662 0.128540 1.662976
1.883466 0.160747 1.630769
1.825662 0.252408 1.745741
1.883466 0.269838 1.703662
1.524912 0.398519 1.578500
1.524912 0.469508 1.564379
1.524912 0.529690 1.524167
1.524912 0.569902 1.463985
1.524912 0.584023 1.392996
1.524912 0.569902 1.322007
1.524912 0.529690 1.261826
1.524912 0.469508 1.221614
1.524912 0.398519 1.207493
1.524912 0.327531 1.221614
1.524912 0.267349 1.261826
1.524912 0.227137 1.322007
1.524912 0.213016 1.392997
1.524912 0.227137 1.463986
1.524912 0.267349 1.524167
1.524912 0.327531 1.564379
1.897281 0.469508 1.564379
1.897281 0.398519 1.578500
1.897281 0.529690 1.524167
1.897281 0.569902 1.463986
1.897281 0.584023 1.392997
1.897281 0.569902 1.322008
1.897281 0.529690 1.261826
1.897281 0.469508 1.221614
1.897281 0.398519 1.207493
1.897281 0.327531 1.221614
1.897281 0.267349 1.261826
1.897281 0.227137 1.322008
1.897281 0.213016 1.392997
1.897281 0.227137 1.463986
1.897281 0.267349 1.524167
1.897281 0.327531 1.564379
1.524912 0.398519 1.392997
1.817677 0.463246 1.549261
1.817677 0.398519 1.562135
1.817677 0.518119 1.512596
1.817677 0.554784 1.457723
1.817677 0.567658 1.392997
1.817677 0.554784 1.328270
1.817677 0.518119 1.273397
1.817677 0.463246 1.236732
1.817677 0.398519 1.223858
1.817677 0.333793 1.236732
1.817677 0.278920 1.273397
1.817677 0.242255 1.328270
1.817677 0.229380 1.392997
1.817677 0.242255 1.457723
1.817677 0.278920 1.512596
1.817677 0.333793 1.549261
1.817677 0.430172 1.469413
1.817677 0.398519 1.475709
1.817677 0.457006 1.451483
1.817677 0.474936 1.424649
1.817677 0.481232 1.392997
1.817677 0.474936 1.361344
1.817677 0.457006 1.334510
1.817677 0.430172 1.316580
1.817677 0.398519 1.310284
1.817677 0.366867 1.316580
1.817677 0.340033 1.334510
1.817677 0.322103 1.361344
1.817677 0.315807 1.392997
1.817677 0.322103 1.424649
1.817677 0.340033 1.451483
1.817677 0.366867 1.469413
1.862828 0.427380 1.462672
1.862828 0.398519 1.468413
1.862828 0.451847 1.446324
1.862828 0.468195 1.421857
1.862828 0.473936 1.392997
1.862828 0.468195 1.364136
1.862828 0.451847 1.339669
1.862828 0.427380 1.323321
1.862828 0.398519 1.317580
1.862828 0.369659 1.323321
1.862828 0.345192 1.339669
1.862828 0.328844 1.364136
1.862828 0.323103 1.392997
1.862828 0.328844 1.421857
1.862828 0.345192 1.446324
1.862828 0.369659 1.462672
1.862828 0.398519 1.392997
</float_array>
          <technique_common>
            <accessor source="#Cylinder001-POSITION-array" count="2128" stride="3">
              <param name="X" type="float"/>
              <param name="Y" type="float"/>
              <param name="Z" type="float"/>
            </accessor>
          </technique_common>
        </source>
        <source id="Cylinder001-Normal0">
          <float_array id="Cylinder001-Normal0-array" count="35892">
0.999993 0.001600 -0.003271
0.999946 -0.001075 -0.010312
0.925889 0.376677 0.029044
0.999946 -0.001075 -0.010312
0.930224 0.366592 0.017108
0.925889 0.376677 0.029044
0.925889 0.376677 0.029044
0.930224 0.366592 0.017108
0.712790 0.698503 0.063438
0.930224 0.366592 0.017108
0.723364 0.689123 0.043062
0.712790 0.698503 0.063438
0.712790 0.698503 0.063438
0.723364 0.689123 0.043062
0.388015 0.917253 0.089947
0.388015 0.917253 0.089947
0.723364 0.689123 0.043062
0.397840 0.915340 0.062249
0.388015 0.917253 0.089947
0.397840 0.915340 0.062249
-0.000000 0.994996 0.099912
-0.000000 0.994996 0.099912
0.397840 0.915340 0.062249
0.000000 0.997588 0.069411
-0.000000 0.994996 0.099912
-0.397840 0.915340 0.062250
-0.388015 0.917253 0.089947
-0.397840 0.915340 0.062250
-0.000000 0.994996 0.099912
0.000000 0.997588 0.069411
-0.388015 0.917253 0.089947
-0.723364 0.689123 0.043063
-0.712790 0.698503 0.063438
-0.723364 0.689123 0.043063
-0.388015 0.917253 0.089947
-0.397840 0.915340 0.062250
-0.712790 0.698503 0.063438
-0.930225 0.366592 0.017109
-0.925890 0.376676 0.029044
-0.930225 0.366592 0.017109
-0.712790 0.698503 0.063438
-0.723364 0.689123 0.043063
-0.925890 0.376676 0.029044
-0.999946 -0.001075 -0.010311
-0.999993 0.001600 -0.003270
-0.999946 -0.001075 -0.010311
-0.925890 0.376676 0.029044
-0.930225 0.366592 0.017109
-0.999993 0.001600 -0.003270
-0.929006 -0.368374 -0.035343
-0.927007 -0.374093 -0.026694
-0.929006 -0.368374 -0.035343
-0.999993 0.001600 -0.003270
-0.999946 -0.001075 -0.010311
-0.927007 -0.374093 -0.026694
-0.721644 -0.690042 -0.055418
-0.714971 -0.698025 -0.039718
-0.721644 -0.690042 -0.055418
-0.927007 -0.374093 -0.026694
-0.929006 -0.368374 -0.035343
-0.714971 -0.698025 -0.039718
-0.721644 -0.690042 -0.055418
-0.389972 -0.919727 -0.044999
-0.389972 -0.919727 -0.044999
-0.721644 -0.690042 -0.055418
-0.396619 -0.915420 -0.068553
-0.389972 -0.919727 -0.044999
-0.396619 -0.915420 -0.068553
0.000000 -0.998932 -0.046215
0.000000 -0.998932 -0.046215
-0.396619 -0.915420 -0.068553
0.000000 -0.997321 -0.073154
0.000000 -0.998932 -0.046215
0.396619 -0.915420 -0.068553
0.389972 -0.919726 -0.044999
0.396619 -0.915420 -0.068553
0.000000 -0.998932 -0.046215
0.000000 -0.997321 -0.073154
0.389972 -0.919726 -0.044999
0.721644 -0.690042 -0.055418
0.714971 -0.698025 -0.039718
0.721644 -0.690042 -0.055418
0.389972 -0.919726 -0.044999
0.396619 -0.915420 -0.068553
0.714971 -0.698025 -0.039718
0.721644 -0.690042 -0.055418
0.927007 -0.374094 -0.026695
0.721644 -0.690042 -0.055418
0.929005 -0.368375 -0.035344
0.927007 -0.374094 -0.026695
0.927007 -0.374094 -0.026695
0.929005 -0.368375 -0.035344
0.999993 0.001600 -0.003271
0.929005 -0.368375 -0.035344
0.999946 -0.001075 -0.010312
0.999993 0.001600 -0.003271
0.999946 -0.001075 -0.010312
0.999042 -0.000699 -0.043748
0.930224 0.366592 0.017108
0.930224 0.366592 0.017108
0.999042 -0.000699 -0.043748
0.932108 0.362021 -0.010723
0.930224 0.366592 0.017108
0.932108 0.362021 -0.010723
0.723364 0.689123 0.043062
0.723364 0.689123 0.043062
0.932108 0.362021 -0.010723
0.729001 0.684226 0.019797
0.723364 0.689123 0.043062
0.729001 0.684226 0.019797
0.397840 0.915340 0.062249
0.397840 0.915340 0.062249
0.729001 0.684226 0.019797
0.403262 0.914113 0.042148
0.397840 0.915340 0.062249
0.403262 0.914113 0.042148
0.000000 0.997588 0.069411
0.000000 0.997588 0.069411
0.403262 0.914113 0.042148
0.000000 0.998725 0.050475
-0.403262 0.914113 0.042148
-0.397840 0.915340 0.062250
0.000000 0.997588 0.069411
0.000000 0.997588 0.069411
0.000000 0.998725 0.050475
-0.403262 0.914113 0.042148
-0.729001 0.684226 0.019797
-0.723364 0.689123 0.043063
-0.397840 0.915340 0.062250
-0.397840 0.915340 0.062250
-0.403262 0.914113 0.042148
-0.729001 0.684226 0.019797
-0.932109 0.362020 -0.010723
-0.930225 0.366592 0.017109
-0.723364 0.689123 0.043063
-0.723364 0.689123 0.043063
-0.729001 0.684226 0.019797
-0.932109 0.362020 -0.010723
-0.999042 -0.000699 -0.043747
-0.999946 -0.001075 -0.010311
-0.930225 0.366592 0.017109
-0.930225 0.366592 0.017109
-0.932109 0.362020 -0.010723
-0.999042 -0.000699 -0.043747
-0.929024 -0.362308 -0.075154
-0.929006 -0.368374 -0.035343
-0.999946 -0.001075 -0.010311
-0.999946 -0.001075 -0.010311
-0.999042 -0.000699 -0.043747
-0.929024 -0.362308 -0.075154
-0.724503 -0.681729 -0.101690
-0.721644 -0.690042 -0.055418
-0.929006 -0.368374 -0.035343
-0.929006 -0.368374 -0.035343
-0.929024 -0.362308 -0.075154
-0.724503 -0.681729 -0.101690
-0.396619 -0.915420 -0.068553
-0.724503 -0.681729 -0.101690
-0.399969 -0.908648 -0.119935
-0.724503 -0.681729 -0.101690
-0.396619 -0.915420 -0.068553
-0.721644 -0.690042 -0.055418
0.000000 -0.997321 -0.073154
-0.399969 -0.908648 -0.119935
0.000000 -0.991964 -0.126523
-0.399969 -0.908648 -0.119935
0.000000 -0.997321 -0.073154
-0.396619 -0.915420 -0.068553
0.000000 -0.997321 -0.073154
0.399969 -0.908648 -0.119935
0.396619 -0.915420 -0.068553
0.399969 -0.908648 -0.119935
0.000000 -0.997321 -0.073154
0.000000 -0.991964 -0.126523
0.396619 -0.915420 -0.068553
0.724503 -0.681729 -0.101691
0.721644 -0.690042 -0.055418
0.724503 -0.681729 -0.101691
0.396619 -0.915420 -0.068553
0.399969 -0.908648 -0.119935
0.721644 -0.690042 -0.055418
0.724503 -0.681729 -0.101691
0.929005 -0.368375 -0.035344
0.929005 -0.368375 -0.035344
0.724503 -0.681729 -0.101691
0.929023 -0.362309 -0.075155
0.929005 -0.368375 -0.035344
0.929023 -0.362309 -0.075155
0.999946 -0.001075 -0.010312
0.999946 -0.001075 -0.010312
0.929023 -0.362309 -0.075155
0.999042 -0.000699 -0.043748
0.992811 -0.004410 -0.119608
0.979810 -0.002809 -0.199913
0.931088 0.358005 -0.070063
0.931088 0.358005 -0.070063
0.979810 -0.002809 -0.199913
0.923570 0.363520 -0.121950
0.931088 0.358005 -0.070063
0.923570 0.363520 -0.121950
0.730572 0.682276 -0.027641
0.730572 0.682276 -0.027641
0.923570 0.363520 -0.121950
0.722411 0.689326 -0.054335
0.730572 0.682276 -0.027641
0.722411 0.689326 -0.054335
0.404807 0.914401 0.001598
0.404807 0.914401 0.001598
0.722411 0.689326 -0.054335
0.397729 0.917468 -0.007973
0.397729 0.917468 -0.007973
0.000000 0.999926 0.012140
0.404807 0.914401 0.001598
0.000000 0.999926 0.012140
0.397729 0.917468 -0.007973
-0.000000 0.999963 0.008588
0.000000 0.999926 0.012140
-0.397729 0.917469 -0.007973
-0.404807 0.914401 0.001598
-0.397729 0.917469 -0.007973
0.000000 0.999926 0.012140
-0.000000 0.999963 0.008588
-0.404807 0.914401 0.001598
-0.722410 0.689327 -0.054335
-0.730572 0.682276 -0.027640
-0.722410 0.689327 -0.054335
-0.404807 0.914401 0.001598
-0.397729 0.917469 -0.007973
-0.730572 0.682276 -0.027640
-0.923570 0.363519 -0.121949
-0.931088 0.358004 -0.070063
-0.923570 0.363519 -0.121949
-0.730572 0.682276 -0.027640
-0.722410 0.689327 -0.054335
-0.931088 0.358004 -0.070063
-0.979810 -0.002809 -0.199912
-0.992811 -0.004410 -0.119607
-0.979810 -0.002809 -0.199912
-0.931088 0.358004 -0.070063
-0.923570 0.363519 -0.121949
-0.992811 -0.004410 -0.119607
-0.892361 -0.356261 -0.277075
-0.916811 -0.361205 -0.170259
-0.892361 -0.356261 -0.277075
-0.992811 -0.004410 -0.119607
-0.979810 -0.002809 -0.199912
-0.916811 -0.361205 -0.170259
-0.677773 -0.650477 -0.342787
-0.709491 -0.671044 -0.215228
-0.677773 -0.650477 -0.342787
-0.916811 -0.361205 -0.170259
-0.892361 -0.356261 -0.277075
-0.709491 -0.671044 -0.215228
-0.677773 -0.650477 -0.342787
-0.389249 -0.887451 -0.246811
-0.389249 -0.887451 -0.246811
-0.677773 -0.650477 -0.342787
-0.365797 -0.846285 -0.387291
-0.365797 -0.846285 -0.387291
0.000001 -0.966076 -0.258258
-0.389249 -0.887451 -0.246811
0.000001 -0.966076 -0.258258
-0.365797 -0.846285 -0.387291
0.000003 -0.915158 -0.403095
0.000001 -0.966076 -0.258258
0.365800 -0.846284 -0.387291
0.389250 -0.887451 -0.246811
0.365800 -0.846284 -0.387291
0.000001 -0.966076 -0.258258
0.000003 -0.915158 -0.403095
0.389250 -0.887451 -0.246811
0.677773 -0.650477 -0.342788
0.709490 -0.671044 -0.215228
0.677773 -0.650477 -0.342788
0.389250 -0.887451 -0.246811
0.365800 -0.846284 -0.387291
0.709490 -0.671044 -0.215228
0.677773 -0.650477 -0.342788
0.916811 -0.361206 -0.170260
0.916811 -0.361206 -0.170260
0.677773 -0.650477 -0.342788
0.892361 -0.356261 -0.277075
0.916811 -0.361206 -0.170260
0.892361 -0.356261 -0.277075
0.992811 -0.004410 -0.119608
0.992811 -0.004410 -0.119608
0.892361 -0.356261 -0.277075
0.979810 -0.002809 -0.199913
0.917901 0.386471 0.089986
0.999664 0.008595 0.024472
0.999993 0.001600 -0.003271
0.917901 0.386471 0.089986
0.999993 0.001600 -0.003271
0.925889 0.376677 0.029044
0.917901 0.386471 0.089986
0.925889 0.376677 0.029044
0.692249 0.702853 0.163675
0.692249 0.702853 0.163675
0.925889 0.376677 0.029044
0.712790 0.698503 0.063438
0.692249 0.702853 0.163675
0.388015 0.917253 0.089947
0.369157 0.902247 0.222875
0.388015 0.917253 0.089947
0.692249 0.702853 0.163675
0.712790 0.698503 0.063438
-0.000001 0.969602 0.244689
0.369157 0.902247 0.222875
0.388015 0.917253 0.089947
-0.000001 0.969602 0.244689
0.388015 0.917253 0.089947
-0.000000 0.994996 0.099912
-0.369157 0.902247 0.222875
-0.000001 0.969602 0.244689
-0.000000 0.994996 0.099912
-0.369157 0.902247 0.222875
-0.000000 0.994996 0.099912
-0.388015 0.917253 0.089947
-0.692249 0.702853 0.163676
-0.369157 0.902247 0.222875
-0.388015 0.917253 0.089947
-0.692249 0.702853 0.163676
-0.388015 0.917253 0.089947
-0.712790 0.698503 0.063438
-0.692249 0.702853 0.163676
-0.925890 0.376676 0.029044
-0.917902 0.386470 0.089987
-0.925890 0.376676 0.029044
-0.692249 0.702853 0.163676
-0.712790 0.698503 0.063438
-0.917902 0.386470 0.089987
-0.999993 0.001600 -0.003270
-0.999664 0.008595 0.024473
-0.999993 0.001600 -0.003270
-0.917902 0.386470 0.089987
-0.925890 0.376676 0.029044
-0.999664 0.008595 0.024473
-0.927007 -0.374093 -0.026694
-0.925450 -0.378143 -0.023464
-0.927007 -0.374093 -0.026694
-0.999664 0.008595 0.024473
-0.999993 0.001600 -0.003270
-0.925450 -0.378143 -0.023464
-0.714971 -0.698025 -0.039718
-0.706553 -0.706671 -0.037401
-0.714971 -0.698025 -0.039718
-0.925450 -0.378143 -0.023464
-0.927007 -0.374093 -0.026694
-0.381245 -0.923946 -0.031257
-0.706553 -0.706671 -0.037401
-0.714971 -0.698025 -0.039718
-0.381245 -0.923946 -0.031257
-0.714971 -0.698025 -0.039718
-0.389972 -0.919727 -0.044999
-0.381245 -0.923946 -0.031257
0.000000 -0.998932 -0.046215
0.000000 -0.999654 -0.026289
0.000000 -0.998932 -0.046215
-0.381245 -0.923946 -0.031257
-0.389972 -0.919727 -0.044999
0.000000 -0.999654 -0.026289
0.389972 -0.919726 -0.044999
0.381245 -0.923945 -0.031257
0.389972 -0.919726 -0.044999
0.000000 -0.999654 -0.026289
0.000000 -0.998932 -0.046215
0.381245 -0.923945 -0.031257
0.714971 -0.698025 -0.039718
0.706553 -0.706671 -0.037401
0.714971 -0.698025 -0.039718
0.381245 -0.923945 -0.031257
0.389972 -0.919726 -0.044999
0.925449 -0.378145 -0.023465
0.706553 -0.706671 -0.037401
0.714971 -0.698025 -0.039718
0.925449 -0.378145 -0.023465
0.714971 -0.698025 -0.039718
0.927007 -0.374094 -0.026695
0.999664 0.008595 0.024472
0.925449 -0.378145 -0.023465
0.927007 -0.374094 -0.026695
0.999664 0.008595 0.024472
0.927007 -0.374094 -0.026695
0.999993 0.001600 -0.003271
0.881903 0.373598 0.287527
0.981299 -0.008913 0.192284
0.999664 0.008595 0.024472
0.999664 0.008595 0.024472
0.917901 0.386471 0.089986
0.881903 0.373598 0.287527
0.650200 0.664750 0.367895
0.881903 0.373598 0.287527
0.917901 0.386471 0.089986
0.917901 0.386471 0.089986
0.692249 0.702853 0.163675
0.650200 0.664750 0.367895
0.650200 0.664750 0.367895
0.369157 0.902247 0.222875
0.340729 0.838678 0.424880
0.369157 0.902247 0.222875
0.650200 0.664750 0.367895
0.692249 0.702853 0.163675
0.340729 0.838678 0.424880
-0.000001 0.969602 0.244689
-0.000002 0.895408 0.445247
-0.000001 0.969602 0.244689
0.340729 0.838678 0.424880
0.369157 0.902247 0.222875
-0.340730 0.838678 0.424880
-0.000001 0.969602 0.244689
-0.369157 0.902247 0.222875
-0.000001 0.969602 0.244689
-0.340730 0.838678 0.424880
-0.000002 0.895408 0.445247
-0.650200 0.664750 0.367896
-0.369157 0.902247 0.222875
-0.692249 0.702853 0.163676
-0.369157 0.902247 0.222875
-0.650200 0.664750 0.367896
-0.340730 0.838678 0.424880
-0.650200 0.664750 0.367896
-0.917902 0.386470 0.089987
-0.881904 0.373596 0.287527
-0.917902 0.386470 0.089987
-0.650200 0.664750 0.367896
-0.692249 0.702853 0.163676
-0.881904 0.373596 0.287527
-0.999664 0.008595 0.024473
-0.981299 -0.008912 0.192285
-0.999664 0.008595 0.024473
-0.881904 0.373596 0.287527
-0.917902 0.386470 0.089987
-0.981299 -0.008912 0.192285
-0.925450 -0.378143 -0.023464
-0.915118 -0.387223 0.112326
-0.925450 -0.378143 -0.023464
-0.981299 -0.008912 0.192285
-0.999664 0.008595 0.024473
-0.915118 -0.387223 0.112326
-0.706553 -0.706671 -0.037401
-0.700586 -0.711811 0.050042
-0.706553 -0.706671 -0.037401
-0.915118 -0.387223 0.112326
-0.925450 -0.378143 -0.023464
-0.700586 -0.711811 0.050042
-0.381245 -0.923946 -0.031257
-0.377918 -0.925776 0.010805
-0.381245 -0.923946 -0.031257
-0.700586 -0.711811 0.050042
-0.706553 -0.706671 -0.037401
-0.377918 -0.925776 0.010805
0.000000 -0.999654 -0.026289
0.000000 -0.999997 -0.002417
0.000000 -0.999654 -0.026289
-0.377918 -0.925776 0.010805
-0.381245 -0.923946 -0.031257
0.377918 -0.925776 0.010805
0.000000 -0.999997 -0.002417
0.000000 -0.999654 -0.026289
0.377918 -0.925776 0.010805
0.000000 -0.999654 -0.026289
0.381245 -0.923945 -0.031257
0.700586 -0.711811 0.050042
0.377918 -0.925776 0.010805
0.381245 -0.923945 -0.031257
0.700586 -0.711811 0.050042
0.381245 -0.923945 -0.031257
0.706553 -0.706671 -0.037401
0.915117 -0.387225 0.112325
0.700586 -0.711811 0.050042
0.706553 -0.706671 -0.037401
0.915117 -0.387225 0.112325
0.706553 -0.706671 -0.037401
0.925449 -0.378145 -0.023465
0.981299 -0.008913 0.192284
0.915117 -0.387225 0.112325
0.925449 -0.378145 -0.023465
0.925449 -0.378145 -0.023465
0.999664 0.008595 0.024472
0.981299 -0.008913 0.192284
0.927770 -0.017873 0.372724
0.921489 0.005886 0.388360
0.794300 0.343857 0.500849
0.921489 0.005886 0.388360
0.794821 0.340039 0.502627
0.794300 0.343857 0.500849
0.562195 0.586899 0.582654
0.550462 0.587447 0.593210
0.794821 0.340039 0.502627
0.794300 0.343857 0.500849
0.794821 0.340039 0.502627
0.550462 0.587447 0.593210
0.550462 0.587447 0.593210
0.562195 0.586899 0.582654
0.275281 0.713678 0.644115
0.562195 0.586899 0.582654
0.289111 0.729098 0.620348
0.275281 0.713678 0.644115
-0.000003 0.775422 0.631443
-0.000006 0.751307 0.659953
0.289111 0.729098 0.620348
0.289111 0.729098 0.620348
-0.000006 0.751307 0.659953
0.275281 0.713678 0.644115
-0.289114 0.729096 0.620348
-0.000006 0.751307 0.659953
-0.000003 0.775422 0.631443
-0.000006 0.751307 0.659953
-0.289114 0.729096 0.620348
-0.275286 0.713675 0.644116
-0.562195 0.586898 0.582656
-0.275286 0.713675 0.644116
-0.289114 0.729096 0.620348
-0.275286 0.713675 0.644116
-0.562195 0.586898 0.582656
-0.550462 0.587445 0.593212
-0.550462 0.587445 0.593212
-0.794821 0.340037 0.502628
-0.794300 0.343855 0.500851
-0.794821 0.340037 0.502628
-0.550462 0.587445 0.593212
-0.562195 0.586898 0.582656
-0.794300 0.343855 0.500851
-0.921488 0.005886 0.388362
-0.927769 -0.017872 0.372726
-0.921488 0.005886 0.388362
-0.794300 0.343855 0.500851
-0.794821 0.340037 0.502628
-0.927769 -0.017872 0.372726
-0.890179 -0.378159 0.254121
-0.877248 -0.413462 0.243895
-0.890179 -0.378159 0.254121
-0.927769 -0.017872 0.372726
-0.921488 0.005886 0.388362
-0.877248 -0.413462 0.243895
-0.689403 -0.713037 0.127681
-0.659998 -0.736396 0.148743
-0.689403 -0.713037 0.127681
-0.877248 -0.413462 0.243895
-0.890179 -0.378159 0.254121
-0.659998 -0.736396 0.148743
-0.370461 -0.927971 0.040359
-0.347609 -0.932615 0.096937
-0.370461 -0.927971 0.040359
-0.659998 -0.736396 0.148743
-0.689403 -0.713037 0.127681
-0.347609 -0.932615 0.096937
0.000000 -0.999948 0.010205
0.000000 -0.996687 0.081338
0.000000 -0.999948 0.010205
-0.347609 -0.932615 0.096937
-0.370461 -0.927971 0.040359
0.347609 -0.932615 0.096937
0.000000 -0.996687 0.081338
0.000000 -0.999948 0.010205
0.000000 -0.999948 0.010205
0.370461 -0.927971 0.040359
0.347609 -0.932615 0.096937
0.347609 -0.932615 0.096937
0.370461 -0.927971 0.040359
0.659996 -0.736397 0.148742
0.370461 -0.927971 0.040359
0.689402 -0.713037 0.127681
0.659996 -0.736397 0.148742
0.659996 -0.736397 0.148742
0.689402 -0.713037 0.127681
0.877247 -0.413466 0.243892
0.689402 -0.713037 0.127681
0.890179 -0.378161 0.254118
0.877247 -0.413466 0.243892
0.877247 -0.413466 0.243892
0.890179 -0.378161 0.254118
0.927770 -0.017873 0.372724
0.890179 -0.378161 0.254118
0.921489 0.005886 0.388360
0.927770 -0.017873 0.372724
0.794300 0.343857 0.500849
0.771483 0.365508 0.520787
0.927770 -0.017873 0.372724
0.885656 -0.015218 0.464093
0.927770 -0.017873 0.372724
0.771483 0.365508 0.520787
0.550462 0.587447 0.593210
0.539494 0.630762 0.557751
0.794300 0.343857 0.500849
0.771483 0.365508 0.520787
0.794300 0.343857 0.500849
0.539494 0.630762 0.557751
0.539494 0.630762 0.557751
0.275281 0.713678 0.644115
0.270818 0.770865 0.576563
0.275281 0.713678 0.644115
0.539494 0.630762 0.557751
0.550462 0.587447 0.593210
0.270818 0.770865 0.576563
-0.000006 0.751307 0.659953
-0.000011 0.813046 0.582199
-0.000006 0.751307 0.659953
0.270818 0.770865 0.576563
0.275281 0.713678 0.644115
-0.000011 0.813046 0.582199
-0.000006 0.751307 0.659953
-0.270828 0.770862 0.576562
-0.000006 0.751307 0.659953
-0.275286 0.713675 0.644116
-0.270828 0.770862 0.576562
-0.270828 0.770862 0.576562
-0.275286 0.713675 0.644116
-0.539495 0.630760 0.557751
-0.275286 0.713675 0.644116
-0.550462 0.587445 0.593212
-0.539495 0.630760 0.557751
-0.539495 0.630760 0.557751
-0.794300 0.343855 0.500851
-0.771484 0.365506 0.520786
-0.794300 0.343855 0.500851
-0.539495 0.630760 0.557751
-0.550462 0.587445 0.593212
-0.771484 0.365506 0.520786
-0.927769 -0.017872 0.372726
-0.885655 -0.015215 0.464094
-0.927769 -0.017872 0.372726
-0.771484 0.365506 0.520786
-0.794300 0.343855 0.500851
-0.885655 -0.015215 0.464094
-0.877248 -0.413462 0.243895
-0.817518 -0.415799 0.398466
-0.877248 -0.413462 0.243895
-0.885655 -0.015215 0.464094
-0.927769 -0.017872 0.372726
-0.817518 -0.415799 0.398466
-0.659998 -0.736396 0.148743
-0.598738 -0.723737 0.343100
-0.659998 -0.736396 0.148743
-0.817518 -0.415799 0.398466
-0.877248 -0.413462 0.243895
-0.598738 -0.723737 0.343100
-0.347609 -0.932615 0.096937
-0.308862 -0.899312 0.309585
-0.347609 -0.932615 0.096937
-0.598738 -0.723737 0.343100
-0.659998 -0.736396 0.148743
-0.308862 -0.899312 0.309585
0.000000 -0.996687 0.081338
-0.000000 -0.954274 0.298933
0.000000 -0.996687 0.081338
-0.308862 -0.899312 0.309585
-0.347609 -0.932615 0.096937
-0.000000 -0.954274 0.298933
0.000000 -0.996687 0.081338
0.308862 -0.899312 0.309585
0.000000 -0.996687 0.081338
0.347609 -0.932615 0.096937
0.308862 -0.899312 0.309585
0.308862 -0.899312 0.309585
0.347609 -0.932615 0.096937
0.598733 -0.723743 0.343096
0.347609 -0.932615 0.096937
0.659996 -0.736397 0.148742
0.598733 -0.723743 0.343096
0.598733 -0.723743 0.343096
0.659996 -0.736397 0.148742
0.817514 -0.415808 0.398466
0.659996 -0.736397 0.148742
0.877247 -0.413466 0.243892
0.817514 -0.415808 0.398466
0.817514 -0.415808 0.398466
0.877247 -0.413466 0.243892
0.885656 -0.015218 0.464093
0.877247 -0.413466 0.243892
0.927770 -0.017873 0.372724
0.885656 -0.015218 0.464093
0.771483 0.365508 0.520787
0.539117 0.287841 0.791518
0.885656 -0.015218 0.464093
0.616621 -0.008415 0.787215
0.885656 -0.015218 0.464093
0.539117 0.287841 0.791518
0.539117 0.287841 0.791518
0.539494 0.630762 0.557751
0.379661 0.496396 0.780672
0.539494 0.630762 0.557751
0.539117 0.287841 0.791518
0.771483 0.365508 0.520787
0.379661 0.496396 0.780672
0.270818 0.770865 0.576563
0.193104 0.611899 0.767001
0.270818 0.770865 0.576563
0.379661 0.496396 0.780672
0.539494 0.630762 0.557751
0.193104 0.611899 0.767001
-0.000011 0.813046 0.582199
-0.000028 0.648592 0.761136
-0.000011 0.813046 0.582199
0.193104 0.611899 0.767001
0.270818 0.770865 0.576563
-0.000028 0.648592 0.761136
-0.000011 0.813046 0.582199
-0.193135 0.611905 0.766989
-0.000011 0.813046 0.582199
-0.270828 0.770862 0.576562
-0.193135 0.611905 0.766989
-0.539495 0.630760 0.557751
-0.379674 0.496401 0.780662
-0.270828 0.770862 0.576562
-0.193135 0.611905 0.766989
-0.270828 0.770862 0.576562
-0.379674 0.496401 0.780662
-0.379674 0.496401 0.780662
-0.539495 0.630760 0.557751
-0.539132 0.287848 0.791505
-0.539132 0.287848 0.791505
-0.539495 0.630760 0.557751
-0.771484 0.365506 0.520786
-0.539132 0.287848 0.791505
-0.885655 -0.015215 0.464094
-0.616633 -0.008407 0.787206
-0.885655 -0.015215 0.464094
-0.539132 0.287848 0.791505
-0.771484 0.365506 0.520786
-0.616633 -0.008407 0.787206
-0.817518 -0.415799 0.398466
-0.561468 -0.315690 0.764914
-0.817518 -0.415799 0.398466
-0.616633 -0.008407 0.787206
-0.885655 -0.015215 0.464094
-0.598738 -0.723737 0.343100
-0.405737 -0.544382 0.734184
-0.817518 -0.415799 0.398466
-0.561468 -0.315690 0.764914
-0.817518 -0.415799 0.398466
-0.405737 -0.544382 0.734184
-0.405737 -0.544382 0.734184
-0.308862 -0.899312 0.309585
-0.208708 -0.673791 0.708835
-0.308862 -0.899312 0.309585
-0.405737 -0.544382 0.734184
-0.598738 -0.723737 0.343100
-0.208708 -0.673791 0.708835
-0.000000 -0.954274 0.298933
-0.000002 -0.714959 0.699167
-0.000000 -0.954274 0.298933
-0.208708 -0.673791 0.708835
-0.308862 -0.899312 0.309585
-0.000002 -0.714959 0.699167
-0.000000 -0.954274 0.298933
0.208706 -0.673791 0.708836
-0.000000 -0.954274 0.298933
0.308862 -0.899312 0.309585
0.208706 -0.673791 0.708836
0.598733 -0.723743 0.343096
0.405717 -0.544411 0.734173
0.308862 -0.899312 0.309585
0.208706 -0.673791 0.708836
0.308862 -0.899312 0.309585
0.405717 -0.544411 0.734173
0.405717 -0.544411 0.734173
0.817514 -0.415808 0.398466
0.561441 -0.315713 0.764924
0.817514 -0.415808 0.398466
0.405717 -0.544411 0.734173
0.598733 -0.723743 0.343096
0.561441 -0.315713 0.764924
0.817514 -0.415808 0.398466
0.616621 -0.008415 0.787215
0.817514 -0.415808 0.398466
0.885656 -0.015218 0.464093
0.616621 -0.008415 0.787215
0.616621 -0.008415 0.787215
0.539117 0.287841 0.791518
-0.000018 -0.000010 1.000000
0.539117 0.287841 0.791518
0.379661 0.496396 0.780672
-0.000018 -0.000010 1.000000
0.379661 0.496396 0.780672
0.193104 0.611899 0.767001
-0.000018 -0.000010 1.000000
0.193104 0.611899 0.767001
-0.000028 0.648592 0.761136
-0.000018 -0.000010 1.000000
-0.000028 0.648592 0.761136
-0.193135 0.611905 0.766989
-0.000018 -0.000010 1.000000
-0.193135 0.611905 0.766989
-0.379674 0.496401 0.780662
-0.000018 -0.000010 1.000000
-0.379674 0.496401 0.780662
-0.539132 0.287848 0.791505
-0.000018 -0.000010 1.000000
-0.539132 0.287848 0.791505
-0.616633 -0.008407 0.787206
-0.000018 -0.000010 1.000000
-0.616633 -0.008407 0.787206
-0.561468 -0.315690 0.764914
-0.000018 -0.000010 1.000000
-0.561468 -0.315690 0.764914
-0.405737 -0.544382 0.734184
-0.000018 -0.000010 1.000000
-0.405737 -0.544382 0.734184
-0.208708 -0.673791 0.708835
-0.000018 -0.000010 1.000000
-0.208708 -0.673791 0.708835
-0.000002 -0.714959 0.699167
-0.000018 -0.000010 1.000000
-0.000002 -0.714959 0.699167
0.208706 -0.673791 0.708836
-0.000018 -0.000010 1.000000
0.208706 -0.673791 0.708836
0.405717 -0.544411 0.734173
-0.000018 -0.000010 1.000000
0.405717 -0.544411 0.734173
0.561441 -0.315713 0.764924
-0.000018 -0.000010 1.000000
0.561441 -0.315713 0.764924
0.616621 -0.008415 0.787215
-0.000018 -0.000010 1.000000
0.921489 0.005886 0.388360
0.981299 -0.008913 0.192284
0.794821 0.340039 0.502627
0.794821 0.340039 0.502627
0.981299 -0.008913 0.192284
0.881903 0.373598 0.287527
0.794821 0.340039 0.502627
0.881903 0.373598 0.287527
0.562195 0.586899 0.582654
0.562195 0.586899 0.582654
0.881903 0.373598 0.287527
0.650200 0.664750 0.367895
0.562195 0.586899 0.582654
0.340729 0.838678 0.424880
0.289111 0.729098 0.620348
0.340729 0.838678 0.424880
0.562195 0.586899 0.582654
0.650200 0.664750 0.367895
0.289111 0.729098 0.620348
-0.000002 0.895408 0.445247
-0.000003 0.775422 0.631443
-0.000002 0.895408 0.445247
0.289111 0.729098 0.620348
0.340729 0.838678 0.424880
-0.289114 0.729096 0.620348
-0.000002 0.895408 0.445247
-0.340730 0.838678 0.424880
-0.000002 0.895408 0.445247
-0.289114 0.729096 0.620348
-0.000003 0.775422 0.631443
-0.340730 0.838678 0.424880
-0.562195 0.586898 0.582656
-0.289114 0.729096 0.620348
-0.562195 0.586898 0.582656
-0.340730 0.838678 0.424880
-0.650200 0.664750 0.367896
-0.794821 0.340037 0.502628
-0.562195 0.586898 0.582656
-0.881904 0.373596 0.287527
-0.881904 0.373596 0.287527
-0.562195 0.586898 0.582656
-0.650200 0.664750 0.367896
-0.794821 0.340037 0.502628
-0.981299 -0.008912 0.192285
-0.921488 0.005886 0.388362
-0.981299 -0.008912 0.192285
-0.794821 0.340037 0.502628
-0.881904 0.373596 0.287527
-0.921488 0.005886 0.388362
-0.915118 -0.387223 0.112326
-0.890179 -0.378159 0.254121
-0.915118 -0.387223 0.112326
-0.921488 0.005886 0.388362
-0.981299 -0.008912 0.192285
-0.890179 -0.378159 0.254121
-0.700586 -0.711811 0.050042
-0.689403 -0.713037 0.127681
-0.700586 -0.711811 0.050042
-0.890179 -0.378159 0.254121
-0.915118 -0.387223 0.112326
-0.689403 -0.713037 0.127681
-0.377918 -0.925776 0.010805
-0.370461 -0.927971 0.040359
-0.377918 -0.925776 0.010805
-0.689403 -0.713037 0.127681
-0.700586 -0.711811 0.050042
-0.370461 -0.927971 0.040359
0.000000 -0.999997 -0.002417
0.000000 -0.999948 0.010205
0.000000 -0.999997 -0.002417
-0.370461 -0.927971 0.040359
-0.377918 -0.925776 0.010805
0.000000 -0.999948 0.010205
0.000000 -0.999997 -0.002417
0.370461 -0.927971 0.040359
0.370461 -0.927971 0.040359
0.000000 -0.999997 -0.002417
0.377918 -0.925776 0.010805
0.370461 -0.927971 0.040359
0.377918 -0.925776 0.010805
0.689402 -0.713037 0.127681
0.689402 -0.713037 0.127681
0.377918 -0.925776 0.010805
0.700586 -0.711811 0.050042
0.689402 -0.713037 0.127681
0.700586 -0.711811 0.050042
0.890179 -0.378161 0.254118
0.890179 -0.378161 0.254118
0.700586 -0.711811 0.050042
0.915117 -0.387225 0.112325
0.890179 -0.378161 0.254118
0.915117 -0.387225 0.112325
0.921489 0.005886 0.388360
0.921489 0.005886 0.388360
0.915117 -0.387225 0.112325
0.981299 -0.008913 0.192284
0.979810 -0.002809 -0.199913
0.985718 0.007693 -0.168229
0.923570 0.363520 -0.121950
0.923570 0.363520 -0.121950
0.985718 0.007693 -0.168229
0.915791 0.389961 -0.096210
0.923570 0.363520 -0.121950
0.915791 0.389961 -0.096210
0.722411 0.689326 -0.054335
0.722411 0.689326 -0.054335
0.915791 0.389961 -0.096210
0.699879 0.713187 -0.039173
0.722411 0.689326 -0.054335
0.699879 0.713187 -0.039173
0.397729 0.917468 -0.007973
0.397729 0.917468 -0.007973
0.699879 0.713187 -0.039173
0.377325 0.926074 -0.003544
0.377325 0.926074 -0.003544
-0.000000 0.999963 0.008588
0.397729 0.917468 -0.007973
-0.000000 0.999963 0.008588
0.377325 0.926074 -0.003544
-0.000000 0.999964 0.008458
-0.000000 0.999963 0.008588
-0.377325 0.926074 -0.003544
-0.397729 0.917469 -0.007973
-0.377325 0.926074 -0.003544
-0.000000 0.999963 0.008588
-0.000000 0.999964 0.008458
-0.397729 0.917469 -0.007973
-0.699878 0.713187 -0.039173
-0.722410 0.689327 -0.054335
-0.699878 0.713187 -0.039173
-0.397729 0.917469 -0.007973
-0.377325 0.926074 -0.003544
-0.722410 0.689327 -0.054335
-0.915791 0.389962 -0.096209
-0.923570 0.363519 -0.121949
-0.915791 0.389962 -0.096209
-0.722410 0.689327 -0.054335
-0.699878 0.713187 -0.039173
-0.923570 0.363519 -0.121949
-0.985718 0.007693 -0.168229
-0.979810 -0.002809 -0.199912
-0.985718 0.007693 -0.168229
-0.923570 0.363519 -0.121949
-0.915791 0.389962 -0.096209
-0.979810 -0.002809 -0.199912
-0.897857 -0.366700 -0.243687
-0.892361 -0.356261 -0.277075
-0.897857 -0.366700 -0.243687
-0.979810 -0.002809 -0.199912
-0.985718 0.007693 -0.168229
-0.892361 -0.356261 -0.277075
-0.674356 -0.670753 -0.308763
-0.677773 -0.650477 -0.342787
-0.674356 -0.670753 -0.308763
-0.892361 -0.356261 -0.277075
-0.897857 -0.366700 -0.243687
-0.677773 -0.650477 -0.342787
-0.674356 -0.670753 -0.308763
-0.365797 -0.846285 -0.387291
-0.365797 -0.846285 -0.387291
-0.674356 -0.670753 -0.308763
-0.359184 -0.864305 -0.352085
-0.365797 -0.846285 -0.387291
-0.359184 -0.864305 -0.352085
0.000003 -0.915158 -0.403095
0.000003 -0.915158 -0.403095
-0.359184 -0.864305 -0.352085
0.000006 -0.930150 -0.367179
0.000003 -0.915158 -0.403095
0.359189 -0.864302 -0.352087
0.365800 -0.846284 -0.387291
0.359189 -0.864302 -0.352087
0.000003 -0.915158 -0.403095
0.000006 -0.930150 -0.367179
0.365800 -0.846284 -0.387291
0.674356 -0.670753 -0.308763
0.677773 -0.650477 -0.342788
0.674356 -0.670753 -0.308763
0.365800 -0.846284 -0.387291
0.359189 -0.864302 -0.352087
0.677773 -0.650477 -0.342788
0.674356 -0.670753 -0.308763
0.892361 -0.356261 -0.277075
0.892361 -0.356261 -0.277075
0.674356 -0.670753 -0.308763
0.897857 -0.366700 -0.243688
0.892361 -0.356261 -0.277075
0.897857 -0.366700 -0.243688
0.979810 -0.002809 -0.199913
0.979810 -0.002809 -0.199913
0.897857 -0.366700 -0.243688
0.985718 0.007693 -0.168229
0.985718 0.007693 -0.168229
0.911598 0.009788 -0.410966
0.915791 0.389961 -0.096210
0.915791 0.389961 -0.096210
0.911598 0.009788 -0.410966
0.841206 0.378820 -0.385835
0.915791 0.389961 -0.096210
0.841206 0.378820 -0.385835
0.699879 0.713187 -0.039173
0.699879 0.713187 -0.039173
0.841206 0.378820 -0.385835
0.634640 0.682165 -0.363156
0.699879 0.713187 -0.039173
0.634640 0.682165 -0.363156
0.377325 0.926074 -0.003544
0.377325 0.926074 -0.003544
0.634640 0.682165 -0.363156
0.338019 0.874701 -0.347334
0.338019 0.874701 -0.347334
-0.000000 0.999964 0.008458
0.377325 0.926074 -0.003544
-0.000000 0.999964 0.008458
0.338019 0.874701 -0.347334
0.000001 0.939817 -0.341679
-0.000000 0.999964 0.008458
-0.338016 0.874702 -0.347334
-0.377325 0.926074 -0.003544
-0.338016 0.874702 -0.347334
-0.000000 0.999964 0.008458
0.000001 0.939817 -0.341679
-0.377325 0.926074 -0.003544
-0.634635 0.682170 -0.363156
-0.699878 0.713187 -0.039173
-0.634635 0.682170 -0.363156
-0.377325 0.926074 -0.003544
-0.338016 0.874702 -0.347334
-0.699878 0.713187 -0.039173
-0.841202 0.378820 -0.385843
-0.915791 0.389962 -0.096209
-0.841202 0.378820 -0.385843
-0.699878 0.713187 -0.039173
-0.634635 0.682170 -0.363156
-0.915791 0.389962 -0.096209
-0.911598 0.009789 -0.410965
-0.985718 0.007693 -0.168229
-0.911598 0.009789 -0.410965
-0.915791 0.389962 -0.096209
-0.841202 0.378820 -0.385843
-0.985718 0.007693 -0.168229
-0.828386 -0.354043 -0.434085
-0.897857 -0.366700 -0.243687
-0.828386 -0.354043 -0.434085
-0.985718 0.007693 -0.168229
-0.911598 0.009789 -0.410965
-0.897857 -0.366700 -0.243687
-0.616691 -0.644976 -0.451329
-0.674356 -0.670753 -0.308763
-0.616691 -0.644976 -0.451329
-0.897857 -0.366700 -0.243687
-0.828386 -0.354043 -0.434085
-0.674356 -0.670753 -0.308763
-0.616691 -0.644976 -0.451329
-0.359184 -0.864305 -0.352085
-0.359184 -0.864305 -0.352085
-0.616691 -0.644976 -0.451329
-0.325501 -0.825418 -0.461231
-0.325501 -0.825418 -0.461231
0.000006 -0.930150 -0.367179
-0.359184 -0.864305 -0.352085
0.000006 -0.930150 -0.367179
-0.325501 -0.825418 -0.461231
0.000011 -0.885644 -0.464365
0.000006 -0.930150 -0.367179
0.325510 -0.825418 -0.461224
0.359189 -0.864302 -0.352087
0.325510 -0.825418 -0.461224
0.000006 -0.930150 -0.367179
0.000011 -0.885644 -0.464365
0.359189 -0.864302 -0.352087
0.616692 -0.644977 -0.451327
0.674356 -0.670753 -0.308763
0.616692 -0.644977 -0.451327
0.359189 -0.864302 -0.352087
0.325510 -0.825418 -0.461224
0.674356 -0.670753 -0.308763
0.616692 -0.644977 -0.451327
0.897857 -0.366700 -0.243688
0.897857 -0.366700 -0.243688
0.616692 -0.644977 -0.451327
0.828388 -0.354047 -0.434078
0.897857 -0.366700 -0.243688
0.828388 -0.354047 -0.434078
0.985718 0.007693 -0.168229
0.985718 0.007693 -0.168229
0.828388 -0.354047 -0.434078
0.911598 0.009788 -0.410966
0.841206 0.378820 -0.385835
0.911598 0.009788 -0.410966
0.000005 0.000003 -1.000000
0.634640 0.682165 -0.363156
0.841206 0.378820 -0.385835
0.000005 0.000003 -1.000000
0.338019 0.874701 -0.347334
0.634640 0.682165 -0.363156
0.000005 0.000003 -1.000000
0.000001 0.939817 -0.341679
0.338019 0.874701 -0.347334
0.000005 0.000003 -1.000000
-0.338016 0.874702 -0.347334
0.000001 0.939817 -0.341679
0.000005 0.000003 -1.000000
-0.634635 0.682170 -0.363156
-0.338016 0.874702 -0.347334
0.000005 0.000003 -1.000000
-0.841202 0.378820 -0.385843
-0.634635 0.682170 -0.363156
0.000005 0.000003 -1.000000
-0.911598 0.009789 -0.410965
-0.841202 0.378820 -0.385843
0.000005 0.000003 -1.000000
-0.828386 -0.354043 -0.434085
-0.911598 0.009789 -0.410965
0.000005 0.000003 -1.000000
-0.616691 -0.644976 -0.451329
-0.828386 -0.354043 -0.434085
0.000005 0.000003 -1.000000
-0.325501 -0.825418 -0.461231
-0.616691 -0.644976 -0.451329
0.000005 0.000003 -1.000000
0.000011 -0.885644 -0.464365
-0.325501 -0.825418 -0.461231
0.000005 0.000003 -1.000000
0.325510 -0.825418 -0.461224
0.000011 -0.885644 -0.464365
0.000005 0.000003 -1.000000
0.616692 -0.644977 -0.451327
0.325510 -0.825418 -0.461224
0.000005 0.000003 -1.000000
0.828388 -0.354047 -0.434078
0.616692 -0.644977 -0.451327
0.000005 0.000003 -1.000000
0.911598 0.009788 -0.410966
0.828388 -0.354047 -0.434078
0.000005 0.000003 -1.000000
0.999042 -0.000699 -0.043748
0.992811 -0.004410 -0.119608
0.932108 0.362021 -0.010723
0.932108 0.362021 -0.010723
0.992811 -0.004410 -0.119608
0.931088 0.358005 -0.070063
0.932108 0.362021 -0.010723
0.931088 0.358005 -0.070063
0.729001 0.684226 0.019797
0.729001 0.684226 0.019797
0.931088 0.358005 -0.070063
0.730572 0.682276 -0.027641
0.729001 0.684226 0.019797
0.730572 0.682276 -0.027641
0.403262 0.914113 0.042148
0.403262 0.914113 0.042148
0.730572 0.682276 -0.027641
0.404807 0.914401 0.001598
0.403262 0.914113 0.042148
0.404807 0.914401 0.001598
0.000000 0.998725 0.050475
0.000000 0.998725 0.050475
0.404807 0.914401 0.001598
0.000000 0.999926 0.012140
-0.404807 0.914401 0.001598
-0.403262 0.914113 0.042148
0.000000 0.998725 0.050475
0.000000 0.998725 0.050475
0.000000 0.999926 0.012140
-0.404807 0.914401 0.001598
-0.730572 0.682276 -0.027640
-0.729001 0.684226 0.019797
-0.403262 0.914113 0.042148
-0.403262 0.914113 0.042148
-0.404807 0.914401 0.001598
-0.730572 0.682276 -0.027640
-0.931088 0.358004 -0.070063
-0.932109 0.362020 -0.010723
-0.729001 0.684226 0.019797
-0.729001 0.684226 0.019797
-0.730572 0.682276 -0.027640
-0.931088 0.358004 -0.070063
-0.992811 -0.004410 -0.119607
-0.999042 -0.000699 -0.043747
-0.932109 0.362020 -0.010723
-0.932109 0.362020 -0.010723
-0.931088 0.358004 -0.070063
-0.992811 -0.004410 -0.119607
-0.916811 -0.361205 -0.170259
-0.929024 -0.362308 -0.075154
-0.999042 -0.000699 -0.043747
-0.999042 -0.000699 -0.043747
-0.992811 -0.004410 -0.119607
-0.916811 -0.361205 -0.170259
-0.709491 -0.671044 -0.215228
-0.724503 -0.681729 -0.101690
-0.929024 -0.362308 -0.075154
-0.929024 -0.362308 -0.075154
-0.916811 -0.361205 -0.170259
-0.709491 -0.671044 -0.215228
-0.399969 -0.908648 -0.119935
-0.709491 -0.671044 -0.215228
-0.389249 -0.887451 -0.246811
-0.709491 -0.671044 -0.215228
-0.399969 -0.908648 -0.119935
-0.724503 -0.681729 -0.101690
0.000000 -0.991964 -0.126523
-0.389249 -0.887451 -0.246811
0.000001 -0.966076 -0.258258
-0.389249 -0.887451 -0.246811
0.000000 -0.991964 -0.126523
-0.399969 -0.908648 -0.119935
0.000000 -0.991964 -0.126523
0.389250 -0.887451 -0.246811
0.399969 -0.908648 -0.119935
0.389250 -0.887451 -0.246811
0.000000 -0.991964 -0.126523
0.000001 -0.966076 -0.258258
0.399969 -0.908648 -0.119935
0.709490 -0.671044 -0.215228
0.724503 -0.681729 -0.101691
0.709490 -0.671044 -0.215228
0.399969 -0.908648 -0.119935
0.389250 -0.887451 -0.246811
0.724503 -0.681729 -0.101691
0.709490 -0.671044 -0.215228
0.929023 -0.362309 -0.075155
0.709490 -0.671044 -0.215228
0.916811 -0.361206 -0.170260
0.929023 -0.362309 -0.075155
0.929023 -0.362309 -0.075155
0.916811 -0.361206 -0.170260
0.999042 -0.000699 -0.043748
0.916811 -0.361206 -0.170260
0.992811 -0.004410 -0.119608
0.999042 -0.000699 -0.043748
-0.924102 -0.135331 0.357382
-0.998668 -0.030003 0.041981
-0.909706 -0.086685 0.406105
-0.990979 -0.130667 -0.029771
-0.998668 -0.030003 0.041981
-0.924102 -0.135331 0.357382
-0.710868 -0.139559 0.689340
-0.909706 -0.086685 0.406105
-0.691072 -0.134305 0.710198
-0.924102 -0.135331 0.357382
-0.909706 -0.086685 0.406105
-0.710868 -0.139559 0.689340
-0.710868 -0.139559 0.689340
-0.691072 -0.134305 0.710198
-0.385436 -0.142694 0.911634
-0.385436 -0.142694 0.911634
-0.691072 -0.134305 0.710198
-0.372935 -0.166151 0.912860
-0.385436 -0.142694 0.911634
-0.372935 -0.166151 0.912860
-0.000001 -0.143873 0.989596
-0.000001 -0.143873 0.989596
-0.372935 -0.166151 0.912860
-0.000001 -0.177361 0.984146
-0.000001 -0.143873 0.989596
0.372938 -0.166151 0.912859
0.385437 -0.142695 0.911634
0.372938 -0.166151 0.912859
-0.000001 -0.143873 0.989596
-0.000001 -0.177361 0.984146
0.385437 -0.142695 0.911634
0.691073 -0.134306 0.710198
0.710867 -0.139559 0.689341
0.691073 -0.134306 0.710198
0.385437 -0.142695 0.911634
0.372938 -0.166151 0.912859
0.909704 -0.086687 0.406108
0.710867 -0.139559 0.689341
0.691073 -0.134306 0.710198
0.710867 -0.139559 0.689341
0.909704 -0.086687 0.406108
0.924102 -0.135331 0.357381
0.998668 -0.030003 0.041980
0.924102 -0.135331 0.357381
0.909704 -0.086687 0.406108
0.924102 -0.135331 0.357381
0.998668 -0.030003 0.041980
0.990979 -0.130667 -0.029770
0.942056 0.028479 -0.334246
0.990979 -0.130667 -0.029770
0.998668 -0.030003 0.041980
0.990979 -0.130667 -0.029770
0.942056 0.028479 -0.334246
0.904093 -0.125814 -0.408395
0.738693 0.081207 -0.669133
0.904093 -0.125814 -0.408395
0.942056 0.028479 -0.334246
0.904093 -0.125814 -0.408395
0.738693 0.081207 -0.669133
0.683036 -0.121168 -0.720264
0.408076 0.119316 -0.905118
0.683036 -0.121168 -0.720264
0.738693 0.081207 -0.669133
0.683036 -0.121168 -0.720264
0.408076 0.119316 -0.905118
0.366072 -0.117664 -0.923118
0.000001 0.133488 -0.991050
0.366072 -0.117664 -0.923118
0.408076 0.119316 -0.905118
0.366072 -0.117664 -0.923118
0.000001 0.133488 -0.991050
0.000000 -0.116345 -0.993209
-0.408081 0.119316 -0.905115
-0.366074 -0.117664 -0.923117
0.000001 0.133488 -0.991050
0.000001 0.133488 -0.991050
-0.366074 -0.117664 -0.923117
0.000000 -0.116345 -0.993209
-0.738695 0.081207 -0.669130
-0.683037 -0.121168 -0.720263
-0.408081 0.119316 -0.905115
-0.408081 0.119316 -0.905115
-0.683037 -0.121168 -0.720263
-0.366074 -0.117664 -0.923117
-0.904092 -0.125813 -0.408397
-0.738695 0.081207 -0.669130
-0.942054 0.028480 -0.334249
-0.683037 -0.121168 -0.720263
-0.738695 0.081207 -0.669130
-0.904092 -0.125813 -0.408397
-0.990979 -0.130667 -0.029771
-0.942054 0.028480 -0.334249
-0.998668 -0.030003 0.041981
-0.904092 -0.125813 -0.408397
-0.942054 0.028480 -0.334249
-0.990979 -0.130667 -0.029771
-0.924102 -0.135331 0.357382
-0.975714 -0.217336 0.027338
-0.990979 -0.130667 -0.029771
-0.975714 -0.217336 0.027338
-0.924102 -0.135331 0.357382
-0.871820 -0.300347 0.386939
-0.710868 -0.139559 0.689340
-0.871820 -0.300347 0.386939
-0.924102 -0.135331 0.357382
-0.871820 -0.300347 0.386939
-0.710868 -0.139559 0.689340
-0.646047 -0.364716 0.670527
-0.646047 -0.364716 0.670527
-0.710868 -0.139559 0.689340
-0.341616 -0.404563 0.848309
-0.710868 -0.139559 0.689340
-0.385436 -0.142694 0.911634
-0.341616 -0.404563 0.848309
-0.341616 -0.404563 0.848309
-0.385436 -0.142694 0.911634
-0.000000 -0.417957 0.908467
-0.000000 -0.417957 0.908467
-0.385436 -0.142694 0.911634
-0.000001 -0.143873 0.989596
-0.000000 -0.417957 0.908467
0.385437 -0.142695 0.911634
0.341616 -0.404563 0.848308
0.385437 -0.142695 0.911634
-0.000000 -0.417957 0.908467
-0.000001 -0.143873 0.989596
0.341616 -0.404563 0.848308
0.710867 -0.139559 0.689341
0.646046 -0.364716 0.670527
0.710867 -0.139559 0.689341
0.341616 -0.404563 0.848308
0.385437 -0.142695 0.911634
0.924102 -0.135331 0.357381
0.871820 -0.300348 0.386939
0.710867 -0.139559 0.689341
0.646046 -0.364716 0.670527
0.710867 -0.139559 0.689341
0.871820 -0.300348 0.386939
0.990979 -0.130667 -0.029770
0.975714 -0.217337 0.027337
0.924102 -0.135331 0.357381
0.871820 -0.300348 0.386939
0.924102 -0.135331 0.357381
0.975714 -0.217337 0.027337
0.904093 -0.125814 -0.408395
0.926177 -0.127414 -0.354911
0.990979 -0.130667 -0.029770
0.975714 -0.217337 0.027337
0.990979 -0.130667 -0.029770
0.926177 -0.127414 -0.354911
0.683036 -0.121168 -0.720264
0.721036 -0.046830 -0.691313
0.904093 -0.125814 -0.408395
0.926177 -0.127414 -0.354911
0.904093 -0.125814 -0.408395
0.721036 -0.046830 -0.691313
0.366072 -0.117664 -0.923118
0.393348 0.008587 -0.919349
0.683036 -0.121168 -0.720264
0.683036 -0.121168 -0.720264
0.393348 0.008587 -0.919349
0.721036 -0.046830 -0.691313
0.000000 -0.116345 -0.993209
-0.000000 0.028246 -0.999601
0.366072 -0.117664 -0.923118
0.366072 -0.117664 -0.923118
-0.000000 0.028246 -0.999601
0.393348 0.008587 -0.919349
-0.366074 -0.117664 -0.923117
-0.000000 0.028246 -0.999601
0.000000 -0.116345 -0.993209
-0.000000 0.028246 -0.999601
-0.366074 -0.117664 -0.923117
-0.393348 0.008588 -0.919349
-0.683037 -0.121168 -0.720263
-0.393348 0.008588 -0.919349
-0.366074 -0.117664 -0.923117
-0.393348 0.008588 -0.919349
-0.683037 -0.121168 -0.720263
-0.721036 -0.046829 -0.691313
-0.904092 -0.125813 -0.408397
-0.721036 -0.046829 -0.691313
-0.683037 -0.121168 -0.720263
-0.721036 -0.046829 -0.691313
-0.904092 -0.125813 -0.408397
-0.926176 -0.127413 -0.354913
-0.990979 -0.130667 -0.029771
-0.926176 -0.127413 -0.354913
-0.904092 -0.125813 -0.408397
-0.926176 -0.127413 -0.354913
-0.990979 -0.130667 -0.029771
-0.975714 -0.217336 0.027338
-0.730651 0.143547 0.667490
-0.998668 -0.030003 0.041981
-0.826004 0.385735 0.411006
-0.998668 -0.030003 0.041981
-0.730651 0.143547 0.667490
-0.909706 -0.086685 0.406105
-0.544389 -0.129585 0.828763
-0.909706 -0.086685 0.406105
-0.730651 0.143547 0.667490
-0.909706 -0.086685 0.406105
-0.544389 -0.129585 0.828763
-0.691072 -0.134305 0.710198
-0.691072 -0.134305 0.710198
-0.544389 -0.129585 0.828763
-0.372935 -0.166151 0.912860
-0.247931 -0.513509 0.821486
-0.372935 -0.166151 0.912860
-0.544389 -0.129585 0.828763
-0.372935 -0.166151 0.912860
-0.247931 -0.513509 0.821486
-0.000001 -0.177361 0.984146
-0.000001 -0.177361 0.984146
-0.247931 -0.513509 0.821486
-0.000005 -0.537676 0.843152
-0.000001 -0.177361 0.984146
0.247905 -0.513441 0.821536
0.372938 -0.166151 0.912859
0.247905 -0.513441 0.821536
-0.000001 -0.177361 0.984146
-0.000005 -0.537676 0.843152
0.372938 -0.166151 0.912859
0.544308 -0.129325 0.828857
0.691073 -0.134306 0.710198
0.544308 -0.129325 0.828857
0.372938 -0.166151 0.912859
0.247905 -0.513441 0.821536
0.544308 -0.129325 0.828857
0.909704 -0.086687 0.406108
0.691073 -0.134306 0.710198
0.730526 0.143738 0.667586
0.909704 -0.086687 0.406108
0.544308 -0.129325 0.828857
0.730526 0.143738 0.667586
0.998668 -0.030003 0.041980
0.909704 -0.086687 0.406108
0.825877 0.385865 0.411139
0.998668 -0.030003 0.041980
0.730526 0.143738 0.667586
0.825877 0.385865 0.411139
0.942056 0.028479 -0.334246
0.998668 -0.030003 0.041980
0.795292 0.600563 0.082671
0.942056 0.028479 -0.334246
0.825877 0.385865 0.411139
0.795292 0.600563 0.082671
0.738693 0.081207 -0.669133
0.942056 0.028479 -0.334246
0.613071 0.734273 -0.291526
0.738693 0.081207 -0.669133
0.795292 0.600563 0.082671
0.300047 0.692948 -0.655588
0.738693 0.081207 -0.669133
0.613071 0.734273 -0.291526
0.738693 0.081207 -0.669133
0.300047 0.692948 -0.655588
0.408076 0.119316 -0.905118
-0.000027 0.593100 -0.805129
0.408076 0.119316 -0.905118
0.300047 0.692948 -0.655588
0.408076 0.119316 -0.905118
-0.000027 0.593100 -0.805129
0.000001 0.133488 -0.991050
-0.300131 0.692902 -0.655598
-0.408081 0.119316 -0.905115
-0.000027 0.593100 -0.805129
-0.000027 0.593100 -0.805129
-0.408081 0.119316 -0.905115
0.000001 0.133488 -0.991050
-0.613124 0.734126 -0.291785
-0.738695 0.081207 -0.669130
-0.300131 0.692902 -0.655598
-0.300131 0.692902 -0.655598
-0.738695 0.081207 -0.669130
-0.408081 0.119316 -0.905115
-0.795395 0.600457 0.082458
-0.738695 0.081207 -0.669130
-0.613124 0.734126 -0.291785
-0.738695 0.081207 -0.669130
-0.795395 0.600457 0.082458
-0.942054 0.028480 -0.334249
-0.826004 0.385735 0.411006
-0.942054 0.028480 -0.334249
-0.795395 0.600457 0.082458
-0.942054 0.028480 -0.334249
-0.826004 0.385735 0.411006
-0.998668 -0.030003 0.041981
-0.680428 0.087469 0.727576
-0.826004 0.385735 0.411006
-0.782441 0.439282 0.441380
-0.826004 0.385735 0.411006
-0.680428 0.087469 0.727576
-0.730651 0.143547 0.667490
-0.487598 -0.191093 0.851899
-0.730651 0.143547 0.667490
-0.680428 0.087469 0.727576
-0.730651 0.143547 0.667490
-0.487598 -0.191093 0.851899
-0.544389 -0.129585 0.828763
-0.150980 -0.490603 0.858204
-0.247931 -0.513509 0.821486
-0.544389 -0.129585 0.828763
-0.544389 -0.129585 0.828763
-0.487598 -0.191093 0.851899
-0.150980 -0.490603 0.858204
-0.247931 -0.513509 0.821486
-0.150980 -0.490603 0.858204
0.081434 -0.729253 0.679381
0.081434 -0.729253 0.679381
-0.000005 -0.537676 0.843152
-0.247931 -0.513509 0.821486
-0.000005 -0.537676 0.843152
-0.080975 -0.728932 0.679780
0.247905 -0.513441 0.821536
0.151796 -0.490097 0.858349
0.247905 -0.513441 0.821536
-0.080975 -0.728932 0.679780
0.247905 -0.513441 0.821536
0.151796 -0.490097 0.858349
0.544308 -0.129325 0.828857
0.487794 -0.191415 0.851714
0.544308 -0.129325 0.828857
0.151796 -0.490097 0.858349
0.544308 -0.129325 0.828857
0.487794 -0.191415 0.851714
0.730526 0.143738 0.667586
0.680925 0.086817 0.727189
0.730526 0.143738 0.667586
0.487794 -0.191415 0.851714
0.730526 0.143738 0.667586
0.680925 0.086817 0.727189
0.825877 0.385865 0.411139
0.783176 0.438628 0.440728
0.825877 0.385865 0.411139
0.680925 0.086817 0.727189
0.680141 0.727317 0.091747
0.825877 0.385865 0.411139
0.783176 0.438628 0.440728
0.825877 0.385865 0.411139
0.680141 0.727317 0.091747
0.795292 0.600563 0.082671
0.488300 0.852367 -0.187171
0.795292 0.600563 0.082671
0.680141 0.727317 0.091747
0.795292 0.600563 0.082671
0.488300 0.852367 -0.187171
0.613071 0.734273 -0.291526
0.264344 0.853276 -0.449491
0.300047 0.692948 -0.655588
0.613071 0.734273 -0.291526
0.613071 0.734273 -0.291526
0.488300 0.852367 -0.187171
0.264344 0.853276 -0.449491
0.109535 0.765405 -0.634158
-0.000027 0.593100 -0.805129
0.300047 0.692948 -0.655588
0.300047 0.692948 -0.655588
0.264344 0.853276 -0.449491
0.109535 0.765405 -0.634158
-0.000027 0.593100 -0.805129
-0.109706 0.765488 -0.634029
-0.300131 0.692902 -0.655598
-0.264231 0.853258 -0.449592
-0.300131 0.692902 -0.655598
-0.109706 0.765488 -0.634029
-0.300131 0.692902 -0.655598
-0.264231 0.853258 -0.449592
-0.613124 0.734126 -0.291785
-0.488109 0.852542 -0.186873
-0.613124 0.734126 -0.291785
-0.264231 0.853258 -0.449592
-0.613124 0.734126 -0.291785
-0.488109 0.852542 -0.186873
-0.795395 0.600457 0.082458
-0.679648 0.727698 0.092383
-0.795395 0.600457 0.082458
-0.488109 0.852542 -0.186873
-0.795395 0.600457 0.082458
-0.679648 0.727698 0.092383
-0.826004 0.385735 0.411006
-0.782441 0.439282 0.441380
-0.826004 0.385735 0.411006
-0.679648 0.727698 0.092383
0.999386 -0.011207 0.033189
0.992384 -0.107643 -0.059899
0.999386 -0.011207 0.033189
0.992384 -0.107643 -0.059899
0.991617 -0.112114 -0.064234
0.999386 -0.011207 0.033189
-0.992622 -0.106233 -0.058445
-0.999371 -0.010532 0.033876
-0.999371 -0.010532 0.033876
-0.999371 -0.010532 0.033876
-0.991872 -0.110683 -0.062757
-0.992622 -0.106233 -0.058445
-0.805528 -0.546043 0.230136
-0.998664 0.028168 0.043317
-0.980213 -0.120120 -0.157332
-0.998664 0.028168 0.043317
-0.805528 -0.546043 0.230136
-0.826548 -0.393562 0.402402
-0.498277 -0.734495 0.460693
-0.508548 -0.642125 0.573633
-0.826548 -0.393562 0.402402
-0.826548 -0.393562 0.402402
-0.805528 -0.546043 0.230136
-0.498277 -0.734495 0.460693
-0.093463 -0.812232 0.575798
-0.045667 -0.785313 0.617413
-0.508548 -0.642125 0.573633
-0.508548 -0.642125 0.573633
-0.498277 -0.734495 0.460693
-0.093463 -0.812232 0.575798
-0.093463 -0.812232 0.575798
0.266302 -0.783435 0.561527
-0.045667 -0.785313 0.617413
0.266302 -0.783435 0.561527
-0.093463 -0.812232 0.575798
0.193539 -0.789023 0.583082
0.093678 -0.812282 0.575692
-0.264923 -0.783270 0.562409
-0.192582 -0.789041 0.583375
-0.264923 -0.783270 0.562409
0.093678 -0.812282 0.575692
0.046238 -0.785300 0.617387
0.046238 -0.785300 0.617387
0.093678 -0.812282 0.575692
0.508474 -0.642897 0.572834
0.508474 -0.642897 0.572834
0.093678 -0.812282 0.575692
0.498109 -0.734911 0.460210
0.508474 -0.642897 0.572834
0.498109 -0.734911 0.460210
0.826528 -0.394763 0.401266
0.826528 -0.394763 0.401266
0.498109 -0.734911 0.460210
0.805257 -0.546763 0.229371
0.998756 0.026877 0.041993
0.805257 -0.546763 0.229371
0.979949 -0.121057 -0.158258
0.805257 -0.546763 0.229371
0.998756 0.026877 0.041993
0.826528 -0.394763 0.401266
0.832186 0.437364 -0.340851
0.979949 -0.121057 -0.158258
0.802688 0.353530 -0.480322
0.979949 -0.121057 -0.158258
0.832186 0.437364 -0.340851
0.998756 0.026877 0.041993
0.512613 0.645075 -0.566662
0.802688 0.353530 -0.480322
0.493808 0.620234 -0.609478
0.802688 0.353530 -0.480322
0.512613 0.645075 -0.566662
0.832186 0.437364 -0.340851
0.204460 0.708784 -0.675146
0.493808 0.620234 -0.609478
0.207202 0.728710 -0.652725
0.493808 0.620234 -0.609478
0.204460 0.708784 -0.675146
0.512613 0.645075 -0.566662
0.042743 0.708551 -0.704364
0.207202 0.728710 -0.652725
0.058205 0.750043 -0.658822
0.207202 0.728710 -0.652725
0.042743 0.708551 -0.704364
0.204460 0.708784 -0.675146
-0.042802 0.708546 -0.704366
-0.207394 0.728881 -0.652472
-0.204566 0.709112 -0.674769
-0.207394 0.728881 -0.652472
-0.042802 0.708546 -0.704366
-0.058353 0.750100 -0.658745
-0.204566 0.709112 -0.674769
-0.493900 0.620681 -0.608948
-0.512621 0.645829 -0.565795
-0.493900 0.620681 -0.608948
-0.204566 0.709112 -0.674769
-0.207394 0.728881 -0.652472
-0.802832 0.354289 -0.479520
-0.512621 0.645829 -0.565795
-0.493900 0.620681 -0.608948
-0.512621 0.645829 -0.565795
-0.802832 0.354289 -0.479520
-0.832122 0.438482 -0.339568
-0.980213 -0.120120 -0.157332
-0.832122 0.438482 -0.339568
-0.802832 0.354289 -0.479520
-0.832122 0.438482 -0.339568
-0.980213 -0.120120 -0.157332
-0.998664 0.028168 0.043317
0.968454 -0.199496 -0.149323
0.991617 -0.112114 -0.064234
0.992384 -0.107643 -0.059899
0.991617 -0.112114 -0.064234
0.968454 -0.199496 -0.149323
0.968454 -0.199496 -0.149323
-0.991872 -0.110683 -0.062757
-0.969206 -0.197434 -0.147172
-0.992622 -0.106233 -0.058445
-0.969206 -0.197434 -0.147172
-0.991872 -0.110683 -0.062757
-0.969206 -0.197434 -0.147172
0.000008 -0.707108 -0.707105
0.000002 -0.707105 -0.707109
0.000000 -0.707107 -0.707107
-0.000001 -0.707109 -0.707104
0.000008 -0.707108 -0.707105
0.000000 -0.707107 -0.707107
-0.000002 -0.707107 -0.707106
-0.000001 -0.707109 -0.707104
0.000000 -0.707107 -0.707107
-0.000001 -0.707107 -0.707106
-0.000002 -0.707107 -0.707106
0.000000 -0.707107 -0.707107
0.000003 -0.707108 -0.707106
0.000000 -0.707107 -0.707106
-0.000001 -0.707108 -0.707106
0.000002 -0.707110 -0.707104
0.000003 -0.707108 -0.707106
-0.000001 -0.707108 -0.707106
-0.000007 -0.707109 -0.707105
0.000002 -0.707110 -0.707104
-0.000001 -0.707108 -0.707106
-0.000001 -0.707105 -0.707109
-0.000007 -0.707109 -0.707105
-0.000001 -0.707108 -0.707106
0.000004 -0.707110 -0.707104
-0.000001 -0.707105 -0.707109
-0.000001 -0.707108 -0.707106
-0.000005 -0.707110 -0.707103
0.000004 -0.707110 -0.707104
-0.000001 -0.707108 -0.707106
-0.000002 -0.707108 -0.707106
-0.000005 -0.707110 -0.707103
-0.000001 -0.707108 -0.707106
0.000001 -0.707107 -0.707106
-0.000002 -0.707108 -0.707106
-0.000001 -0.707108 -0.707106
-0.000005 -0.707107 -0.707106
-0.000001 -0.707108 -0.707106
0.000000 -0.707107 -0.707107
-0.000007 -0.707104 -0.707109
-0.000005 -0.707107 -0.707106
0.000000 -0.707107 -0.707107
0.000005 -0.707103 -0.707110
-0.000007 -0.707104 -0.707109
0.000000 -0.707107 -0.707107
0.000002 -0.707105 -0.707109
0.000005 -0.707103 -0.707110
0.000000 -0.707107 -0.707107
-0.000001 -0.707108 -0.707106
-0.000001 -0.707107 -0.707106
0.000000 -0.707107 -0.707107
0.000000 -0.707107 -0.707106
0.000001 -0.707107 -0.707106
-0.000001 -0.707108 -0.707106
-0.826548 -0.393562 0.402402
-0.782441 0.439282 0.441380
-0.998664 0.028168 0.043317
-0.782441 0.439282 0.441380
-0.826548 -0.393562 0.402402
-0.680428 0.087469 0.727576
-0.487598 -0.191093 0.851899
-0.826548 -0.393562 0.402402
-0.508548 -0.642125 0.573633
-0.826548 -0.393562 0.402402
-0.487598 -0.191093 0.851899
-0.680428 0.087469 0.727576
-0.045667 -0.785313 0.617413
-0.150980 -0.490603 0.858204
-0.487598 -0.191093 0.851899
-0.487598 -0.191093 0.851899
-0.508548 -0.642125 0.573633
-0.045667 -0.785313 0.617413
0.081434 -0.729253 0.679381
-0.045667 -0.785313 0.617413
0.266302 -0.783435 0.561527
-0.045667 -0.785313 0.617413
0.081434 -0.729253 0.679381
-0.150980 -0.490603 0.858204
0.046238 -0.785300 0.617387
-0.080975 -0.728932 0.679780
-0.264923 -0.783270 0.562409
-0.080975 -0.728932 0.679780
0.046238 -0.785300 0.617387
0.151796 -0.490097 0.858349
0.151796 -0.490097 0.858349
0.046238 -0.785300 0.617387
0.487794 -0.191415 0.851714
0.046238 -0.785300 0.617387
0.508474 -0.642897 0.572834
0.487794 -0.191415 0.851714
0.826528 -0.394763 0.401266
0.487794 -0.191415 0.851714
0.508474 -0.642897 0.572834
0.487794 -0.191415 0.851714
0.826528 -0.394763 0.401266
0.680925 0.086817 0.727189
0.783176 0.438628 0.440728
0.826528 -0.394763 0.401266
0.998756 0.026877 0.041993
0.826528 -0.394763 0.401266
0.783176 0.438628 0.440728
0.680925 0.086817 0.727189
0.783176 0.438628 0.440728
0.832186 0.437364 -0.340851
0.680141 0.727317 0.091747
0.832186 0.437364 -0.340851
0.783176 0.438628 0.440728
0.998756 0.026877 0.041993
0.488300 0.852367 -0.187171
0.832186 0.437364 -0.340851
0.512613 0.645075 -0.566662
0.832186 0.437364 -0.340851
0.488300 0.852367 -0.187171
0.680141 0.727317 0.091747
0.204460 0.708784 -0.675146
0.264344 0.853276 -0.449491
0.488300 0.852367 -0.187171
0.488300 0.852367 -0.187171
0.512613 0.645075 -0.566662
0.204460 0.708784 -0.675146
0.042743 0.708551 -0.704364
0.264344 0.853276 -0.449491
0.204460 0.708784 -0.675146
0.264344 0.853276 -0.449491
0.042743 0.708551 -0.704364
0.109535 0.765405 -0.634158
-0.264231 0.853258 -0.449592
-0.042802 0.708546 -0.704366
-0.204566 0.709112 -0.674769
-0.042802 0.708546 -0.704366
-0.264231 0.853258 -0.449592
-0.109706 0.765488 -0.634029
-0.264231 0.853258 -0.449592
-0.204566 0.709112 -0.674769
-0.488109 0.852542 -0.186873
-0.204566 0.709112 -0.674769
-0.512621 0.645829 -0.565795
-0.488109 0.852542 -0.186873
-0.832122 0.438482 -0.339568
-0.488109 0.852542 -0.186873
-0.512621 0.645829 -0.565795
-0.488109 0.852542 -0.186873
-0.832122 0.438482 -0.339568
-0.679648 0.727698 0.092383
-0.998664 0.028168 0.043317
-0.782441 0.439282 0.441380
-0.832122 0.438482 -0.339568
-0.832122 0.438482 -0.339568
-0.782441 0.439282 0.441380
-0.679648 0.727698 0.092383
0.463789 -0.627929 -0.624984
0.463789 -0.627929 -0.624984
0.463789 -0.627929 -0.624984
0.463789 -0.627929 -0.624984
0.463789 -0.627929 -0.624984
0.463789 -0.627929 -0.624984
-0.463533 -0.628019 -0.625083
-0.463534 -0.628019 -0.625083
-0.463534 -0.628019 -0.625083
-0.463534 -0.628019 -0.625083
-0.463533 -0.628019 -0.625083
-0.463533 -0.628019 -0.625083
0.000000 -1.000000 0.000000
0.000000 -1.000000 0.000000
0.000000 -1.000000 0.000000
0.000000 -1.000000 0.000000
0.000000 -1.000000 0.000000
0.000000 -1.000000 0.000000
0.000000 1.000000 0.000000
0.000000 1.000000 0.000000
0.000000 1.000000 0.000000
0.000000 1.000000 0.000000
0.000000 1.000000 0.000000
0.000000 1.000000 0.000000
-0.000000 -0.923907 -0.382618
-0.000000 -0.923907 -0.382618
-0.000000 -0.923907 -0.382618
-0.000000 -0.923907 -0.382618
-0.000000 -0.923907 -0.382618
-0.000000 -0.923907 -0.382618
0.000000 -0.874025 0.485880
0.000000 -0.874025 0.485880
0.000000 -0.874025 0.485880
0.000000 -0.874025 0.485880
0.000000 -0.874025 0.485880
0.000000 -0.874025 0.485880
-0.000000 0.923907 -0.382617
-0.000000 0.923907 -0.382617
-0.000000 0.923907 -0.382617
-0.000000 0.923907 -0.382617
-0.000000 0.923907 -0.382617
-0.000000 0.923907 -0.382617
0.000000 0.874025 0.485881
0.000000 0.874025 0.485881
0.000000 0.874025 0.485881
0.000000 0.874025 0.485881
0.000000 0.874025 0.485881
0.000000 0.874025 0.485881
-0.036620 -0.999329 -0.000495
-0.324037 -0.938082 -0.122478
-0.036620 -0.999329 -0.000495
-0.324037 -0.938082 -0.122478
-0.036620 -0.999329 -0.000495
-0.338671 -0.922787 0.183754
0.013029 0.999915 0.000176
-0.307107 0.943702 -0.122927
0.013029 0.999915 0.000176
-0.321170 0.928744 0.185159
0.013029 0.999915 0.000176
-0.307107 0.943702 -0.122927
-0.050693 -0.919915 -0.388828
-0.050693 -0.919915 -0.388828
-0.050693 -0.919915 -0.388828
-0.050693 -0.919915 -0.388828
-0.050693 -0.919915 -0.388828
-0.050693 -0.919915 -0.388828
-0.065301 -0.835231 0.546008
-0.065301 -0.835231 0.546008
-0.065301 -0.835231 0.546008
-0.065301 -0.835231 0.546008
-0.065301 -0.835231 0.546008
-0.065301 -0.835231 0.546008
-0.004910 0.921088 -0.389323
-0.004910 0.921088 -0.389323
-0.004910 0.921088 -0.389323
-0.004910 0.921088 -0.389323
-0.004910 0.921088 -0.389323
-0.004910 0.921088 -0.389323
-0.023999 0.836448 0.547520
-0.023999 0.836448 0.547520
-0.023999 0.836448 0.547520
-0.023999 0.836448 0.547520
-0.023999 0.836448 0.547520
-0.023999 0.836448 0.547520
-0.338671 -0.922787 0.183754
-0.475856 -0.876950 -0.067227
-0.324037 -0.938082 -0.122478
-0.475856 -0.876950 -0.067227
-0.338671 -0.922787 0.183754
-0.492110 -0.868657 0.057124
-0.475856 0.876950 -0.067227
-0.492110 0.868657 0.057124
-0.321170 0.928744 0.185159
-0.321170 0.928744 0.185159
-0.307107 0.943702 -0.122927
-0.475856 0.876950 -0.067227
-0.424909 -0.829097 -0.363388
-0.324037 -0.938082 -0.122478
-0.475025 -0.830742 -0.290204
-0.338671 -0.922787 0.183754
-0.536483 -0.746961 0.392727
-0.492110 -0.868657 0.057124
-0.307107 0.943702 -0.122927
-0.475024 0.830743 -0.290204
-0.475856 0.876950 -0.067227
-0.433830 0.668933 0.603589
-0.321170 0.928744 0.185159
-0.536483 0.746961 0.392727
-0.324037 -0.938082 -0.122478
-0.475856 -0.876950 -0.067227
-0.475025 -0.830742 -0.290204
-0.307107 0.943702 -0.122927
-0.424909 0.829097 -0.363387
-0.475024 0.830743 -0.290204
-0.338671 -0.922787 0.183754
-0.433830 -0.668933 0.603589
-0.536483 -0.746961 0.392727
-0.321170 0.928744 0.185159
-0.492110 0.868657 0.057124
-0.536483 0.746961 0.392727
0.000000 -1.000000 0.000000
0.000000 -1.000000 0.000000
0.000000 -1.000000 0.000000
0.000000 -1.000000 0.000000
0.000000 -1.000000 0.000000
0.000000 -1.000000 0.000000
0.000000 1.000000 -0.000000
-0.000000 1.000000 -0.000000
-0.000000 1.000000 -0.000000
0.000000 1.000000 -0.000000
-0.000000 1.000000 -0.000000
0.000000 1.000000 -0.000000
0.026661 -0.972655 -0.230719
-0.000000 -0.973001 -0.230801
0.026661 -0.972655 -0.230719
-0.000000 -0.973001 -0.230801
0.026661 -0.972655 -0.230719
-0.000000 -0.973001 -0.230801
-0.067990 -0.922407 0.380187
0.000000 -0.924547 0.381069
0.000000 -0.924547 0.381069
-0.067990 -0.922407 0.380187
0.000000 -0.924547 0.381069
-0.067990 -0.922407 0.380187
0.026661 0.972655 -0.230719
-0.000000 0.973001 -0.230801
-0.000000 0.973001 -0.230801
0.026661 0.972655 -0.230719
-0.000000 0.973001 -0.230801
0.026661 0.972655 -0.230719
-0.067990 0.922407 0.380186
0.000000 0.924547 0.381068
0.000000 0.924547 0.381068
-0.067990 0.922407 0.380186
0.000000 0.924547 0.381068
-0.067990 0.922407 0.380186
-0.976424 0.000000 -0.215861
-0.976424 0.000000 -0.215861
-0.976424 0.000000 -0.215861
-0.567676 0.585711 0.578520
-0.106030 -0.029120 0.993936
-0.113374 0.715988 0.688845
-0.564634 -0.061403 0.823054
-0.106030 -0.029120 0.993936
-0.567676 0.585711 0.578520
-0.097185 0.929686 0.355302
-0.567676 0.585711 0.578520
-0.113374 0.715988 0.688845
-0.567676 0.585711 0.578520
-0.097185 0.929686 0.355302
-0.486416 0.812345 0.321706
-0.089453 0.980556 0.174666
-0.486416 0.812345 0.321706
-0.097185 0.929686 0.355302
-0.486416 0.812345 0.321706
-0.089453 0.980556 0.174666
-0.425539 0.889770 0.165000
-0.087502 0.995286 0.041831
-0.425539 0.889770 0.165000
-0.089453 0.980556 0.174666
-0.425539 0.889770 0.165000
-0.087502 0.995286 0.041831
-0.405119 0.913451 0.038544
-0.090014 0.991715 -0.091640
-0.426050 0.900286 -0.089259
-0.087502 0.995286 0.041831
-0.405119 0.913451 0.038544
-0.087502 0.995286 0.041831
-0.426050 0.900286 -0.089259
-0.098487 0.956298 -0.275309
-0.487479 0.836255 -0.251080
-0.090014 0.991715 -0.091640
-0.426050 0.900286 -0.089259
-0.090014 0.991715 -0.091640
-0.487479 0.836255 -0.251080
-0.115985 0.772967 -0.623754
-0.569986 0.633323 -0.523467
-0.098487 0.956298 -0.275309
-0.487479 0.836255 -0.251080
-0.098487 0.956298 -0.275309
-0.569986 0.633323 -0.523467
-0.110236 0.059740 -0.992108
-0.569986 0.633323 -0.523467
-0.115985 0.772967 -0.623754
-0.569986 0.633323 -0.523467
-0.110236 0.059740 -0.992108
-0.568905 0.012524 -0.822308
-0.042999 -0.710883 -0.701995
-0.568905 0.012524 -0.822308
-0.110236 0.059740 -0.992108
-0.568905 0.012524 -0.822308
-0.042999 -0.710883 -0.701995
-0.490689 -0.628593 -0.603403
0.000884 -0.933052 -0.359740
-0.490689 -0.628593 -0.603403
-0.042999 -0.710883 -0.701995
-0.490689 -0.628593 -0.603403
0.000884 -0.933052 -0.359740
-0.366738 -0.865170 -0.342029
0.015244 -0.984230 -0.176238
-0.366738 -0.865170 -0.342029
0.000884 -0.933052 -0.359740
-0.366738 -0.865170 -0.342029
0.015244 -0.984230 -0.176238
-0.283331 -0.942854 -0.175358
0.019018 -0.998930 -0.042160
-0.283331 -0.942854 -0.175358
0.015244 -0.984230 -0.176238
-0.283331 -0.942854 -0.175358
0.019018 -0.998930 -0.042160
-0.255250 -0.966020 -0.040666
-0.282053 -0.954637 0.095467
0.019018 -0.998930 -0.042160
0.015927 -0.995585 0.092504
0.019018 -0.998930 -0.042160
-0.282053 -0.954637 0.095467
-0.255250 -0.966020 -0.040666
-0.364177 -0.891963 0.267913
0.015927 -0.995585 0.092504
0.002557 -0.960319 0.278892
0.015927 -0.995585 0.092504
-0.364177 -0.891963 0.267913
-0.282053 -0.954637 0.095467
-0.487039 -0.679958 0.548134
0.002557 -0.960319 0.278892
-0.039406 -0.770110 0.636693
-0.364177 -0.891963 0.267913
0.002557 -0.960319 0.278892
-0.487039 -0.679958 0.548134
-0.564634 -0.061403 0.823054
-0.039406 -0.770110 0.636693
-0.106030 -0.029120 0.993936
-0.487039 -0.679958 0.548134
-0.039406 -0.770110 0.636693
-0.564634 -0.061403 0.823054
-0.567676 0.585711 0.578520
-0.953681 -0.019587 0.300180
-0.564634 -0.061403 0.823054
-0.953681 -0.019587 0.300180
-0.567676 0.585711 0.578520
-0.922058 0.307500 0.235060
-0.922058 0.307500 0.235060
-0.486416 0.812345 0.321706
-0.873809 0.460852 0.155154
-0.486416 0.812345 0.321706
-0.922058 0.307500 0.235060
-0.567676 0.585711 0.578520
-0.873809 0.460852 0.155154
-0.425539 0.889770 0.165000
-0.839995 0.535408 0.088012
-0.425539 0.889770 0.165000
-0.873809 0.460852 0.155154
-0.486416 0.812345 0.321706
-0.405119 0.913451 0.038544
-0.839995 0.535408 0.088012
-0.425539 0.889770 0.165000
-0.839995 0.535408 0.088012
-0.405119 0.913451 0.038544
-0.827596 0.560826 0.023643
-0.827596 0.560826 0.023643
-0.405119 0.913451 0.038544
-0.839928 0.541023 -0.042608
-0.405119 0.913451 0.038544
-0.426050 0.900286 -0.089259
-0.839928 0.541023 -0.042608
-0.487479 0.836255 -0.251080
-0.873710 0.472515 -0.115587
-0.426050 0.900286 -0.089259
-0.839928 0.541023 -0.042608
-0.426050 0.900286 -0.089259
-0.873710 0.472515 -0.115587
-0.569986 0.633323 -0.523467
-0.921949 0.327000 -0.207560
-0.487479 0.836255 -0.251080
-0.487479 0.836255 -0.251080
-0.921949 0.327000 -0.207560
-0.873710 0.472515 -0.115587
-0.921949 0.327000 -0.207560
-0.569986 0.633323 -0.523467
-0.953930 0.008260 -0.299917
-0.953930 0.008260 -0.299917
-0.569986 0.633323 -0.523467
-0.568905 0.012524 -0.822308
-0.953930 0.008260 -0.299917
-0.490689 -0.628593 -0.603403
-0.910232 -0.332143 -0.247301
-0.490689 -0.628593 -0.603403
-0.953930 0.008260 -0.299917
-0.568905 0.012524 -0.822308
-0.366738 -0.865170 -0.342029
-0.910232 -0.332143 -0.247301
-0.490689 -0.628593 -0.603403
-0.910232 -0.332143 -0.247301
-0.366738 -0.865170 -0.342029
-0.850624 -0.499072 -0.165426
-0.283331 -0.942854 -0.175358
-0.850624 -0.499072 -0.165426
-0.366738 -0.865170 -0.342029
-0.850624 -0.499072 -0.165426
-0.283331 -0.942854 -0.175358
-0.810304 -0.578480 -0.093638
-0.255250 -0.966020 -0.040666
-0.810304 -0.578480 -0.093638
-0.283331 -0.942854 -0.175358
-0.810304 -0.578480 -0.093638
-0.255250 -0.966020 -0.040666
-0.796006 -0.604756 -0.025387
-0.255250 -0.966020 -0.040666
-0.282053 -0.954637 0.095467
-0.809995 -0.584725 0.044768
-0.255250 -0.966020 -0.040666
-0.809995 -0.584725 0.044768
-0.796006 -0.604756 -0.025387
-0.850022 -0.512213 0.122887
-0.809995 -0.584725 0.044768
-0.282053 -0.954637 0.095467
-0.282053 -0.954637 0.095467
-0.364177 -0.891963 0.267913
-0.850022 -0.512213 0.122887
-0.487039 -0.679958 0.548134
-0.909512 -0.353655 0.218439
-0.364177 -0.891963 0.267913
-0.850022 -0.512213 0.122887
-0.364177 -0.891963 0.267913
-0.909512 -0.353655 0.218439
-0.564634 -0.061403 0.823054
-0.953681 -0.019587 0.300180
-0.487039 -0.679958 0.548134
-0.909512 -0.353655 0.218439
-0.487039 -0.679958 0.548134
-0.953681 -0.019587 0.300180
-0.953681 -0.019587 0.300180
-0.922058 0.307500 0.235060
-1.000000 -0.000001 -0.000000
-0.922058 0.307500 0.235060
-0.873809 0.460852 0.155154
-1.000000 -0.000001 -0.000000
-0.873809 0.460852 0.155154
-0.839995 0.535408 0.088012
-1.000000 -0.000001 -0.000000
-0.839995 0.535408 0.088012
-0.827596 0.560826 0.023643
-1.000000 -0.000001 -0.000000
-0.827596 0.560826 0.023643
-0.839928 0.541023 -0.042608
-1.000000 -0.000001 -0.000000
-0.839928 0.541023 -0.042608
-0.873710 0.472515 -0.115587
-1.000000 -0.000001 -0.000000
-0.873710 0.472515 -0.115587
-0.921949 0.327000 -0.207560
-1.000000 -0.000001 -0.000000
-0.921949 0.327000 -0.207560
-0.953930 0.008260 -0.299917
-1.000000 -0.000001 -0.000000
-0.953930 0.008260 -0.299917
-0.910232 -0.332143 -0.247301
-1.000000 -0.000001 -0.000000
-0.910232 -0.332143 -0.247301
-0.850624 -0.499072 -0.165426
-1.000000 -0.000001 -0.000000
-0.850624 -0.499072 -0.165426
-0.810304 -0.578480 -0.093638
-1.000000 -0.000001 -0.000000
-0.810304 -0.578480 -0.093638
-0.796006 -0.604756 -0.025387
-1.000000 -0.000001 -0.000000
-0.796006 -0.604756 -0.025387
-0.809995 -0.584725 0.044768
-1.000000 -0.000001 -0.000000
-0.809995 -0.584725 0.044768
-0.850022 -0.512213 0.122887
-1.000000 -0.000001 -0.000000
-0.850022 -0.512213 0.122887
-0.909512 -0.353655 0.218439
-1.000000 -0.000001 -0.000000
-0.909512 -0.353655 0.218439
-0.953681 -0.019587 0.300180
-1.000000 -0.000001 -0.000000
-0.106030 -0.029120 0.993936
0.000000 -0.044857 0.998993
-0.113374 0.715988 0.688845
0.000000 0.724172 0.689620
-0.113374 0.715988 0.688845
0.000000 -0.044857 0.998993
0.000000 0.724172 0.689620
-0.097185 0.929686 0.355302
-0.113374 0.715988 0.688845
-0.097185 0.929686 0.355302
0.000000 0.724172 0.689620
0.000000 0.935306 0.353840
0.000000 0.935306 0.353840
-0.089453 0.980556 0.174666
-0.097185 0.929686 0.355302
-0.089453 0.980556 0.174666
0.000000 0.935306 0.353840
0.000000 0.984725 0.174117
0.000000 0.984725 0.174117
-0.087502 0.995286 0.041831
-0.089453 0.980556 0.174666
-0.087502 0.995286 0.041831
0.000000 0.984725 0.174117
0.000000 0.999115 0.042073
0.000000 0.999115 0.042073
-0.090014 0.991715 -0.091640
-0.087502 0.995286 0.041831
-0.090014 0.991715 -0.091640
0.000000 0.999115 0.042073
-0.000000 0.995890 -0.090566
-0.000000 0.995890 -0.090566
-0.098487 0.956298 -0.275309
-0.090014 0.991715 -0.091640
-0.098487 0.956298 -0.275309
-0.000000 0.995890 -0.090566
-0.000000 0.961970 -0.273155
-0.000000 0.961970 -0.273155
-0.115985 0.772967 -0.623754
-0.098487 0.956298 -0.275309
-0.115985 0.772967 -0.623754
-0.000000 0.961970 -0.273155
-0.000000 0.781755 -0.623585
-0.115985 0.772967 -0.623754
-0.000000 0.781755 -0.623585
-0.110236 0.059740 -0.992108
-0.000000 0.044857 -0.998993
-0.110236 0.059740 -0.992108
-0.000000 0.781755 -0.623585
-0.110236 0.059740 -0.992108
-0.000000 0.044857 -0.998993
-0.042999 -0.710883 -0.701995
-0.000000 -0.724172 -0.689619
-0.042999 -0.710883 -0.701995
-0.000000 0.044857 -0.998993
-0.042999 -0.710883 -0.701995
-0.000000 -0.935306 -0.353840
0.000884 -0.933052 -0.359740
-0.000000 -0.935306 -0.353840
-0.042999 -0.710883 -0.701995
-0.000000 -0.724172 -0.689619
-0.000000 -0.984725 -0.174116
0.000884 -0.933052 -0.359740
-0.000000 -0.935306 -0.353840
0.000884 -0.933052 -0.359740
-0.000000 -0.984725 -0.174116
0.015244 -0.984230 -0.176238
-0.000000 -0.999114 -0.042073
0.019018 -0.998930 -0.042160
-0.000000 -0.984725 -0.174116
0.019018 -0.998930 -0.042160
0.015244 -0.984230 -0.176238
-0.000000 -0.984725 -0.174116
0.000000 -0.995890 0.090566
0.015927 -0.995585 0.092504
-0.000000 -0.999114 -0.042073
0.015927 -0.995585 0.092504
0.019018 -0.998930 -0.042160
-0.000000 -0.999114 -0.042073
0.000000 -0.961970 0.273154
0.002557 -0.960319 0.278892
0.000000 -0.995890 0.090566
0.002557 -0.960319 0.278892
0.015927 -0.995585 0.092504
0.000000 -0.995890 0.090566
0.002557 -0.960319 0.278892
0.000000 -0.781754 0.623587
-0.039406 -0.770110 0.636693
0.000000 -0.781754 0.623587
0.002557 -0.960319 0.278892
0.000000 -0.961970 0.273154
-0.039406 -0.770110 0.636693
0.000000 -0.781754 0.623587
-0.106030 -0.029120 0.993936
0.000000 -0.044857 0.998993
-0.106030 -0.029120 0.993936
0.000000 -0.781754 0.623587
0.213661 0.298000 0.930347
0.085422 -0.033140 0.995794
0.220011 0.315372 0.923112
0.085422 -0.033140 0.995794
0.213661 0.298000 0.930347
0.080765 -0.044571 0.995736
0.319009 0.606162 0.728560
0.220011 0.315372 0.923112
0.324396 0.623633 0.711230
0.220011 0.315372 0.923112
0.319009 0.606162 0.728560
0.213661 0.298000 0.930347
0.380553 0.841821 0.382775
0.378610 0.831000 0.407546
0.324396 0.623633 0.711230
0.319009 0.606162 0.728560
0.324396 0.623633 0.711230
0.378610 0.831000 0.407546
0.375864 0.926601 -0.011738
0.377893 0.925770 0.012101
0.380553 0.841821 0.382775
0.378610 0.831000 0.407546
0.380553 0.841821 0.382775
0.377893 0.925770 0.012101
0.310799 0.861727 -0.401036
0.314486 0.867160 -0.386176
0.375864 0.926601 -0.011738
0.377893 0.925770 0.012101
0.375864 0.926601 -0.011738
0.314486 0.867160 -0.386176
0.199593 0.665984 -0.718768
0.314486 0.867160 -0.386176
0.310799 0.861727 -0.401036
0.314486 0.867160 -0.386176
0.199593 0.665984 -0.718768
0.201731 0.670144 -0.714291
0.201731 0.670144 -0.714291
0.062633 0.379279 -0.923160
0.061332 0.376390 -0.924429
0.062633 0.379279 -0.923160
0.201731 0.670144 -0.714291
0.199593 0.665984 -0.718768
0.061332 0.376390 -0.924429
-0.080767 0.044569 -0.995736
-0.085424 0.033140 -0.995793
-0.080767 0.044569 -0.995736
0.061332 0.376390 -0.924429
0.062633 0.379279 -0.923160
-0.085424 0.033140 -0.995793
-0.213663 -0.298002 -0.930346
-0.220011 -0.315369 -0.923113
-0.213663 -0.298002 -0.930346
-0.085424 0.033140 -0.995793
-0.080767 0.044569 -0.995736
-0.220011 -0.315369 -0.923113
-0.319009 -0.606161 -0.728561
-0.324394 -0.623625 -0.711239
-0.319009 -0.606161 -0.728561
-0.220011 -0.315369 -0.923113
-0.213663 -0.298002 -0.930346
-0.324394 -0.623625 -0.711239
-0.378623 -0.831070 -0.407391
-0.380550 -0.841809 -0.382805
-0.378623 -0.831070 -0.407391
-0.324394 -0.623625 -0.711239
-0.319009 -0.606161 -0.728561
-0.377878 -0.925779 -0.011907
-0.380550 -0.841809 -0.382805
-0.378623 -0.831070 -0.407391
-0.380550 -0.841809 -0.382805
-0.377878 -0.925779 -0.011907
-0.375845 -0.926605 0.011944
-0.314476 -0.867144 0.386219
-0.375845 -0.926605 0.011944
-0.377878 -0.925779 -0.011907
-0.375845 -0.926605 0.011944
-0.314476 -0.867144 0.386219
-0.310745 -0.861645 0.401254
-0.199591 -0.665977 0.718776
-0.314476 -0.867144 0.386219
-0.201731 -0.670142 0.714293
-0.314476 -0.867144 0.386219
-0.199591 -0.665977 0.718776
-0.310745 -0.861645 0.401254
-0.062632 -0.379274 0.923162
-0.201731 -0.670142 0.714293
-0.061334 -0.376391 0.924428
-0.201731 -0.670142 0.714293
-0.062632 -0.379274 0.923162
-0.199591 -0.665977 0.718776
0.080765 -0.044571 0.995736
-0.061334 -0.376391 0.924428
0.085422 -0.033140 0.995794
-0.061334 -0.376391 0.924428
0.080765 -0.044571 0.995736
-0.062632 -0.379274 0.923162
-0.068978 0.350181 0.934139
0.043411 -0.039420 0.998279
-0.152283 0.311928 0.937822
0.004587 -0.023301 0.999718
0.043411 -0.039420 0.998279
-0.068978 0.350181 0.934139
-0.133159 0.676023 0.724749
-0.152283 0.311928 0.937822
-0.329896 0.612540 0.718306
-0.068978 0.350181 0.934139
-0.152283 0.311928 0.937822
-0.133159 0.676023 0.724749
-0.445257 0.808523 0.384755
-0.133159 0.676023 0.724749
-0.329896 0.612540 0.718306
-0.133159 0.676023 0.724749
-0.445257 0.808523 0.384755
-0.177412 0.900663 0.396650
-0.482372 0.875966 -0.000362
-0.177412 0.900663 0.396650
-0.445257 0.808523 0.384755
-0.177412 0.900663 0.396650
-0.482372 0.875966 -0.000362
-0.193277 0.981144 -0.000068
-0.442467 0.811709 -0.381249
-0.193277 0.981144 -0.000068
-0.482372 0.875966 -0.000362
-0.193277 0.981144 -0.000068
-0.442467 0.811709 -0.381249
-0.177422 0.900633 -0.396714
-0.332526 0.623750 -0.707363
-0.133176 0.676025 -0.724744
-0.442467 0.811709 -0.381249
-0.177422 0.900633 -0.396714
-0.442467 0.811709 -0.381249
-0.133176 0.676025 -0.724744
-0.167456 0.333360 -0.927809
-0.133176 0.676025 -0.724744
-0.332526 0.623750 -0.707363
-0.133176 0.676025 -0.724744
-0.167456 0.333360 -0.927809
-0.068984 0.350183 -0.934137
0.021135 -0.016027 -0.999648
-0.068984 0.350183 -0.934137
-0.167456 0.333360 -0.927809
-0.068984 0.350183 -0.934137
0.021135 -0.016027 -0.999648
0.004592 -0.023304 -0.999718
0.192229 -0.363040 -0.911729
0.004592 -0.023304 -0.999718
0.021135 -0.016027 -0.999648
0.004592 -0.023304 -0.999718
0.192229 -0.363040 -0.911729
0.076911 -0.390413 -0.917422
0.319610 -0.651446 -0.688090
0.076911 -0.390413 -0.917422
0.192229 -0.363040 -0.911729
0.076911 -0.390413 -0.917422
0.319610 -0.651446 -0.688090
0.137946 -0.700241 -0.700452
0.178860 -0.907927 -0.379048
0.319610 -0.651446 -0.688090
0.396014 -0.841076 -0.368461
0.319610 -0.651446 -0.688090
0.178860 -0.907927 -0.379048
0.137946 -0.700241 -0.700452
0.193277 -0.981144 0.000058
0.396014 -0.841076 -0.368461
0.421941 -0.906623 0.000102
0.396014 -0.841076 -0.368461
0.193277 -0.981144 0.000058
0.178860 -0.907927 -0.379048
0.178838 -0.907910 0.379100
0.421941 -0.906623 0.000102
0.399256 -0.840761 0.365670
0.421941 -0.906623 0.000102
0.178838 -0.907910 0.379100
0.193277 -0.981144 0.000058
0.137926 -0.700244 0.700454
0.399256 -0.840761 0.365670
0.328953 -0.655847 0.679452
0.399256 -0.840761 0.365670
0.137926 -0.700244 0.700454
0.178838 -0.907910 0.379100
0.076897 -0.390407 0.917425
0.328953 -0.655847 0.679452
0.210087 -0.377646 0.901802
0.137926 -0.700244 0.700454
0.328953 -0.655847 0.679452
0.076897 -0.390407 0.917425
0.004587 -0.023301 0.999718
0.210087 -0.377646 0.901802
0.043411 -0.039420 0.998279
0.076897 -0.390407 0.917425
0.210087 -0.377646 0.901802
0.004587 -0.023301 0.999718
0.043411 -0.039420 0.998279
0.052852 -0.028988 0.998181
-0.152283 0.311928 0.937822
-0.152283 0.311928 0.937822
0.052852 -0.028988 0.998181
-0.295960 0.203816 0.933202
-0.152283 0.311928 0.937822
-0.295960 0.203816 0.933202
-0.329896 0.612540 0.718306
-0.329896 0.612540 0.718306
-0.295960 0.203816 0.933202
-0.596669 0.385872 0.703626
-0.329896 0.612540 0.718306
-0.787809 0.491564 0.371110
-0.445257 0.808523 0.384755
-0.787809 0.491564 0.371110
-0.329896 0.612540 0.718306
-0.596669 0.385872 0.703626
-0.445257 0.808523 0.384755
-0.851037 0.525101 0.002262
-0.482372 0.875966 -0.000362
-0.851037 0.525101 0.002262
-0.445257 0.808523 0.384755
-0.787809 0.491564 0.371110
-0.851037 0.525101 0.002262
-0.442467 0.811709 -0.381249
-0.482372 0.875966 -0.000362
-0.442467 0.811709 -0.381249
-0.851037 0.525101 0.002262
-0.790967 0.494576 -0.360231
-0.790967 0.494576 -0.360231
-0.332526 0.623750 -0.707363
-0.442467 0.811709 -0.381249
-0.332526 0.623750 -0.707363
-0.790967 0.494576 -0.360231
-0.614038 0.397654 -0.681784
-0.334976 0.229808 -0.913772
-0.332526 0.623750 -0.707363
-0.614038 0.397654 -0.681784
-0.334976 0.229808 -0.913772
-0.167456 0.333360 -0.927809
-0.332526 0.623750 -0.707363
0.004023 0.005462 -0.999977
-0.167456 0.333360 -0.927809
-0.334976 0.229808 -0.913772
0.004023 0.005462 -0.999977
0.021135 -0.016027 -0.999648
-0.167456 0.333360 -0.927809
0.334942 -0.231635 -0.913323
0.021135 -0.016027 -0.999648
0.004023 0.005462 -0.999977
0.334942 -0.231635 -0.913323
0.192229 -0.363040 -0.911729
0.021135 -0.016027 -0.999648
0.595505 -0.427935 -0.679887
0.192229 -0.363040 -0.911729
0.334942 -0.231635 -0.913323
0.595505 -0.427935 -0.679887
0.319610 -0.651446 -0.688090
0.192229 -0.363040 -0.911729
0.396014 -0.841076 -0.368461
0.595505 -0.427935 -0.679887
0.754632 -0.550020 -0.357783
0.595505 -0.427935 -0.679887
0.396014 -0.841076 -0.368461
0.319610 -0.651446 -0.688090
0.421941 -0.906623 0.000102
0.754632 -0.550020 -0.357783
0.807374 -0.590036 -0.002155
0.754632 -0.550020 -0.357783
0.421941 -0.906623 0.000102
0.396014 -0.841076 -0.368461
0.421941 -0.906623 0.000102
0.758532 -0.551642 0.346871
0.399256 -0.840761 0.365670
0.758532 -0.551642 0.346871
0.421941 -0.906623 0.000102
0.807374 -0.590036 -0.002155
0.399256 -0.840761 0.365670
0.612363 -0.439331 0.657268
0.328953 -0.655847 0.679452
0.612363 -0.439331 0.657268
0.399256 -0.840761 0.365670
0.758532 -0.551642 0.346871
0.328953 -0.655847 0.679452
0.612363 -0.439331 0.657268
0.210087 -0.377646 0.901802
0.210087 -0.377646 0.901802
0.612363 -0.439331 0.657268
0.372007 -0.258672 0.891459
0.210087 -0.377646 0.901802
0.372007 -0.258672 0.891459
0.043411 -0.039420 0.998279
0.043411 -0.039420 0.998279
0.372007 -0.258672 0.891459
0.052852 -0.028988 0.998181
-0.367068 0.133779 0.920524
-0.295960 0.203816 0.933202
0.017047 -0.007429 0.999827
0.052852 -0.028988 0.998181
0.017047 -0.007429 0.999827
-0.295960 0.203816 0.933202
-0.684792 0.241920 0.687412
-0.596669 0.385872 0.703626
-0.367068 0.133779 0.920524
-0.295960 0.203816 0.933202
-0.367068 0.133779 0.920524
-0.596669 0.385872 0.703626
-0.882275 0.303178 0.360103
-0.787809 0.491564 0.371110
-0.684792 0.241920 0.687412
-0.596669 0.385872 0.703626
-0.684792 0.241920 0.687412
-0.787809 0.491564 0.371110
-0.947393 0.320072 -0.000004
-0.851037 0.525101 0.002262
-0.882275 0.303178 0.360103
-0.787809 0.491564 0.371110
-0.882275 0.303178 0.360103
-0.851037 0.525101 0.002262
-0.886802 0.298815 -0.352551
-0.851037 0.525101 0.002262
-0.947393 0.320072 -0.000004
-0.851037 0.525101 0.002262
-0.886802 0.298815 -0.352551
-0.790967 0.494576 -0.360231
-0.705700 0.240611 -0.666403
-0.790967 0.494576 -0.360231
-0.886802 0.298815 -0.352551
-0.790967 0.494576 -0.360231
-0.705700 0.240611 -0.666403
-0.614038 0.397654 -0.681784
-0.412090 0.143598 -0.899756
-0.334976 0.229808 -0.913772
-0.614038 0.397654 -0.681784
-0.614038 0.397654 -0.681784
-0.705700 0.240611 -0.666403
-0.412090 0.143598 -0.899756
-0.038464 0.012849 -0.999177
0.004023 0.005462 -0.999977
-0.334976 0.229808 -0.913772
-0.334976 0.229808 -0.913772
-0.412090 0.143598 -0.899756
-0.038464 0.012849 -0.999177
0.346823 -0.131179 -0.928712
0.334942 -0.231635 -0.913323
0.004023 0.005462 -0.999977
0.004023 0.005462 -0.999977
-0.038464 0.012849 -0.999177
0.346823 -0.131179 -0.928712
0.664430 -0.258084 -0.701374
0.595505 -0.427935 -0.679887
0.334942 -0.231635 -0.913323
0.334942 -0.231635 -0.913323
0.346823 -0.131179 -0.928712
0.664430 -0.258084 -0.701374
0.862848 -0.342843 -0.371418
0.754632 -0.550020 -0.357783
0.595505 -0.427935 -0.679887
0.595505 -0.427935 -0.679887
0.664430 -0.258084 -0.701374
0.862848 -0.342843 -0.371418
0.927572 -0.373644 -0.000024
0.807374 -0.590036 -0.002155
0.754632 -0.550020 -0.357783
0.927572 -0.373644 -0.000024
0.754632 -0.550020 -0.357783
0.862848 -0.342843 -0.371418
0.758532 -0.551642 0.346871
0.927572 -0.373644 -0.000024
0.863549 -0.348823 0.364152
0.927572 -0.373644 -0.000024
0.758532 -0.551642 0.346871
0.807374 -0.590036 -0.002155
0.612363 -0.439331 0.657268
0.863549 -0.348823 0.364152
0.679412 -0.272132 0.681428
0.863549 -0.348823 0.364152
0.612363 -0.439331 0.657268
0.758532 -0.551642 0.346871
0.387118 -0.152360 0.909355
0.372007 -0.258672 0.891459
0.679412 -0.272132 0.681428
0.612363 -0.439331 0.657268
0.679412 -0.272132 0.681428
0.372007 -0.258672 0.891459
0.017047 -0.007429 0.999827
0.052852 -0.028988 0.998181
0.387118 -0.152360 0.909355
0.372007 -0.258672 0.891459
0.387118 -0.152360 0.909355
0.052852 -0.028988 0.998181
-0.858104 0.196498 0.474391
-0.412140 -0.000000 0.911121
-0.412140 0.348671 0.841766
-0.412140 -0.000000 0.911121
-0.858104 0.196498 0.474391
-0.858103 -0.000000 0.513477
-0.858103 0.363083 0.363083
-0.412140 0.348671 0.841766
-0.412140 0.644260 0.644259
-0.412140 0.348671 0.841766
-0.858103 0.363083 0.363083
-0.858104 0.196498 0.474391
-0.858103 0.363083 0.363083
-0.412140 0.841766 0.348670
-0.858103 0.474391 0.196499
-0.412140 0.841766 0.348670
-0.858103 0.363083 0.363083
-0.412140 0.644260 0.644259
-0.858103 0.474391 0.196499
-0.412141 0.911120 -0.000000
-0.858104 0.513476 0.000000
-0.412141 0.911120 -0.000000
-0.858103 0.474391 0.196499
-0.412140 0.841766 0.348670
-0.858104 0.474390 -0.196498
-0.858104 0.513476 0.000000
-0.412141 0.911120 -0.000000
-0.412141 0.911120 -0.000000
-0.412141 0.841765 -0.348671
-0.858104 0.474390 -0.196498
-0.858104 0.474390 -0.196498
-0.412141 0.841765 -0.348671
-0.858104 0.363083 -0.363083
-0.412141 0.841765 -0.348671
-0.412141 0.644259 -0.644260
-0.858104 0.363083 -0.363083
-0.412141 0.348670 -0.841766
-0.858104 0.363083 -0.363083
-0.412141 0.644259 -0.644260
-0.858104 0.363083 -0.363083
-0.412141 0.348670 -0.841766
-0.858103 0.196498 -0.474391
-0.412141 0.000000 -0.911120
-0.858103 0.196498 -0.474391
-0.412141 0.348670 -0.841766
-0.858103 0.196498 -0.474391
-0.412141 0.000000 -0.911120
-0.858104 -0.000000 -0.513476
-0.858104 -0.196498 -0.474391
-0.412141 0.000000 -0.911120
-0.412141 -0.348670 -0.841766
-0.412141 0.000000 -0.911120
-0.858104 -0.196498 -0.474391
-0.858104 -0.000000 -0.513476
-0.858104 -0.363083 -0.363083
-0.412141 -0.348670 -0.841766
-0.412141 -0.644260 -0.644259
-0.412141 -0.348670 -0.841766
-0.858104 -0.363083 -0.363083
-0.858104 -0.196498 -0.474391
-0.412140 -0.841766 -0.348670
-0.858104 -0.363083 -0.363083
-0.412141 -0.644260 -0.644259
-0.858104 -0.363083 -0.363083
-0.412140 -0.841766 -0.348670
-0.858103 -0.474391 -0.196499
-0.412140 -0.911121 -0.000000
-0.858103 -0.474391 -0.196499
-0.412140 -0.841766 -0.348670
-0.858103 -0.474391 -0.196499
-0.412140 -0.911121 -0.000000
-0.858103 -0.513477 0.000000
-0.858104 -0.474390 0.196498
-0.412140 -0.911121 -0.000000
-0.412140 -0.841765 0.348672
-0.412140 -0.911121 -0.000000
-0.858104 -0.474390 0.196498
-0.858103 -0.513477 0.000000
-0.858104 -0.363081 0.363083
-0.412140 -0.841765 0.348672
-0.412141 -0.644258 0.644260
-0.412140 -0.841765 0.348672
-0.858104 -0.363081 0.363083
-0.858104 -0.474390 0.196498
-0.412140 -0.348670 0.841766
-0.858104 -0.363081 0.363083
-0.412141 -0.644258 0.644260
-0.858104 -0.363081 0.363083
-0.412140 -0.348670 0.841766
-0.858104 -0.196498 0.474390
-0.412140 -0.000000 0.911121
-0.858104 -0.196498 0.474390
-0.412140 -0.348670 0.841766
-0.858104 -0.196498 0.474390
-0.412140 -0.000000 0.911121
-0.858103 -0.000000 0.513477
0.000000 0.382684 0.923879
-0.412140 0.348671 0.841766
-0.000000 -0.000000 1.000000
-0.412140 0.348671 0.841766
-0.412140 -0.000000 0.911121
-0.000000 -0.000000 1.000000
-0.000000 0.707107 0.707106
-0.412140 0.644260 0.644259
0.000000 0.382684 0.923879
-0.412140 0.644260 0.644259
-0.412140 0.348671 0.841766
0.000000 0.382684 0.923879
-0.412140 0.644260 0.644259
0.000000 0.923880 0.382683
-0.412140 0.841766 0.348670
0.000000 0.923880 0.382683
-0.412140 0.644260 0.644259
-0.000000 0.707107 0.707106
-0.412140 0.841766 0.348670
0.000000 1.000000 0.000000
-0.412141 0.911120 -0.000000
0.000000 1.000000 0.000000
-0.412140 0.841766 0.348670
0.000000 0.923880 0.382683
0.000000 1.000000 0.000000
-0.412141 0.841765 -0.348671
-0.412141 0.911120 -0.000000
-0.412141 0.841765 -0.348671
0.000000 1.000000 0.000000
-0.000000 0.923879 -0.382685
-0.000000 0.923879 -0.382685
-0.412141 0.644259 -0.644260
-0.412141 0.841765 -0.348671
-0.412141 0.644259 -0.644260
-0.000000 0.923879 -0.382685
-0.000000 0.707107 -0.707107
-0.000000 0.382683 -0.923880
-0.412141 0.644259 -0.644260
-0.000000 0.707107 -0.707107
-0.412141 0.644259 -0.644260
-0.000000 0.382683 -0.923880
-0.412141 0.348670 -0.841766
0.000000 0.000000 -1.000000
-0.412141 0.348670 -0.841766
-0.000000 0.382683 -0.923880
-0.412141 0.348670 -0.841766
0.000000 0.000000 -1.000000
-0.412141 0.000000 -0.911120
0.000000 -0.382682 -0.923880
-0.412141 -0.348670 -0.841766
0.000000 0.000000 -1.000000
-0.412141 -0.348670 -0.841766
-0.412141 0.000000 -0.911120
0.000000 0.000000 -1.000000
0.000000 -0.707107 -0.707106
-0.412141 -0.644260 -0.644259
0.000000 -0.382682 -0.923880
-0.412141 -0.644260 -0.644259
-0.412141 -0.348670 -0.841766
0.000000 -0.382682 -0.923880
-0.000000 -0.923880 -0.382683
-0.412141 -0.644260 -0.644259
0.000000 -0.707107 -0.707106
-0.412141 -0.644260 -0.644259
-0.000000 -0.923880 -0.382683
-0.412140 -0.841766 -0.348670
0.000000 -1.000000 -0.000000
-0.412140 -0.841766 -0.348670
-0.000000 -0.923880 -0.382683
-0.412140 -0.841766 -0.348670
0.000000 -1.000000 -0.000000
-0.412140 -0.911121 -0.000000
0.000000 -0.923880 0.382683
-0.412140 -0.841765 0.348672
0.000000 -1.000000 -0.000000
-0.412140 -0.841765 0.348672
-0.412140 -0.911121 -0.000000
0.000000 -1.000000 -0.000000
0.000000 -0.707106 0.707108
-0.412141 -0.644258 0.644260
0.000000 -0.923880 0.382683
-0.412141 -0.644258 0.644260
-0.412140 -0.841765 0.348672
0.000000 -0.923880 0.382683
0.000000 -0.382682 0.923880
-0.412141 -0.644258 0.644260
0.000000 -0.707106 0.707108
-0.412141 -0.644258 0.644260
0.000000 -0.382682 0.923880
-0.412140 -0.348670 0.841766
-0.000000 -0.000000 1.000000
-0.412140 -0.348670 0.841766
0.000000 -0.382682 0.923880
-0.412140 -0.348670 0.841766
-0.000000 -0.000000 1.000000
-0.412140 -0.000000 0.911121
-0.858104 0.196498 0.474391
-0.995828 -0.000000 0.091250
-0.858103 -0.000000 0.513477
-0.995828 -0.000000 0.091250
-0.858104 0.196498 0.474391
-0.995828 0.034919 0.084305
-0.995828 0.064522 0.064524
-0.858104 0.196498 0.474391
-0.858103 0.363083 0.363083
-0.858104 0.196498 0.474391
-0.995828 0.064522 0.064524
-0.995828 0.034919 0.084305
-0.858103 0.363083 0.363083
-0.858103 0.474391 0.196499
-0.995828 0.084304 0.034920
-0.858103 0.363083 0.363083
-0.995828 0.084304 0.034920
-0.995828 0.064522 0.064524
-0.995828 0.084304 0.034920
-0.858103 0.474391 0.196499
-0.995828 0.091251 0.000001
-0.858103 0.474391 0.196499
-0.858104 0.513476 0.000000
-0.995828 0.091251 0.000001
-0.858104 0.474390 -0.196498
-0.995828 0.091251 0.000001
-0.858104 0.513476 0.000000
-0.995828 0.091251 0.000001
-0.858104 0.474390 -0.196498
-0.995828 0.084306 -0.034920
-0.858104 0.363083 -0.363083
-0.995828 0.084306 -0.034920
-0.858104 0.474390 -0.196498
-0.995828 0.084306 -0.034920
-0.858104 0.363083 -0.363083
-0.995828 0.064525 -0.064525
-0.858103 0.196498 -0.474391
-0.995828 0.064525 -0.064525
-0.858104 0.363083 -0.363083
-0.995828 0.064525 -0.064525
-0.858103 0.196498 -0.474391
-0.995828 0.034920 -0.084306
-0.858103 0.196498 -0.474391
-0.995828 -0.000001 -0.091251
-0.995828 0.034920 -0.084306
-0.995828 -0.000001 -0.091251
-0.858103 0.196498 -0.474391
-0.858104 -0.000000 -0.513476
-0.995828 -0.000001 -0.091251
-0.858104 -0.000000 -0.513476
-0.995828 -0.034919 -0.084305
-0.858104 -0.000000 -0.513476
-0.858104 -0.196498 -0.474391
-0.995828 -0.034919 -0.084305
-0.858104 -0.363083 -0.363083
-0.995828 -0.064524 -0.064525
-0.858104 -0.196498 -0.474391
-0.995828 -0.034919 -0.084305
-0.858104 -0.196498 -0.474391
-0.995828 -0.064524 -0.064525
-0.858103 -0.474391 -0.196499
-0.995828 -0.084306 -0.034920
-0.858104 -0.363083 -0.363083
-0.858104 -0.363083 -0.363083
-0.995828 -0.084306 -0.034920
-0.995828 -0.064524 -0.064525
-0.995828 -0.091251 0.000001
-0.858103 -0.474391 -0.196499
-0.858103 -0.513477 0.000000
-0.858103 -0.474391 -0.196499
-0.995828 -0.091251 0.000001
-0.995828 -0.084306 -0.034920
-0.995828 -0.091251 0.000001
-0.858104 -0.474390 0.196498
-0.995828 -0.084304 0.034920
-0.858104 -0.474390 0.196498
-0.995828 -0.091251 0.000001
-0.858103 -0.513477 0.000000
-0.858104 -0.363081 0.363083
-0.995828 -0.084304 0.034920
-0.858104 -0.474390 0.196498
-0.995828 -0.084304 0.034920
-0.858104 -0.363081 0.363083
-0.995828 -0.064522 0.064525
-0.995828 -0.064522 0.064525
-0.858104 -0.196498 0.474390
-0.995828 -0.034919 0.084305
-0.858104 -0.196498 0.474390
-0.995828 -0.064522 0.064525
-0.858104 -0.363081 0.363083
-0.858103 -0.000000 0.513477
-0.995828 -0.000000 0.091250
-0.858104 -0.196498 0.474390
-0.858104 -0.196498 0.474390
-0.995828 -0.000000 0.091250
-0.995828 -0.034919 0.084305
-0.201357 0.000000 -0.979518
-0.201357 0.000000 -0.979518
-0.201357 -0.374845 -0.904956
-0.201357 0.000000 -0.979518
-0.201357 -0.374846 -0.904956
-0.201357 -0.374845 -0.904956
-0.201357 -0.374845 -0.904956
-0.201357 -0.374846 -0.904956
-0.201359 -0.692624 -0.692624
-0.201357 -0.374846 -0.904956
-0.201358 -0.692624 -0.692623
-0.201359 -0.692624 -0.692624
-0.201359 -0.692624 -0.692624
-0.201359 -0.904956 -0.374846
-0.201359 -0.904956 -0.374845
-0.201359 -0.904956 -0.374846
-0.201359 -0.692624 -0.692624
-0.201358 -0.692624 -0.692623
-0.201359 -0.904956 -0.374845
-0.201359 -0.979518 0.000001
-0.201359 -0.979517 0.000001
-0.201359 -0.979518 0.000001
-0.201359 -0.904956 -0.374845
-0.201359 -0.904956 -0.374846
-0.201359 -0.979517 0.000001
-0.201359 -0.979518 0.000001
-0.201360 -0.904956 0.374844
-0.201359 -0.979518 0.000001
-0.201360 -0.904956 0.374845
-0.201360 -0.904956 0.374844
-0.201360 -0.904956 0.374844
-0.201360 -0.904956 0.374845
-0.201362 -0.692622 0.692624
-0.201360 -0.904956 0.374845
-0.201362 -0.692621 0.692625
-0.201362 -0.692622 0.692624
-0.201362 -0.692622 0.692624
-0.201361 -0.374844 0.904956
-0.201361 -0.374844 0.904956
-0.201361 -0.374844 0.904956
-0.201362 -0.692622 0.692624
-0.201362 -0.692621 0.692625
-0.201361 -0.374844 0.904956
-0.201359 -0.000002 0.979518
-0.201359 -0.000002 0.979518
-0.201359 -0.000002 0.979518
-0.201361 -0.374844 0.904956
-0.201361 -0.374844 0.904956
-0.201359 -0.000002 0.979518
-0.201359 -0.000002 0.979518
-0.201357 0.374845 0.904957
-0.201359 -0.000002 0.979518
-0.201357 0.374846 0.904956
-0.201357 0.374845 0.904957
-0.201357 0.374845 0.904957
-0.201357 0.374846 0.904956
-0.201358 0.692623 0.692624
-0.201357 0.374846 0.904956
-0.201358 0.692624 0.692624
-0.201358 0.692623 0.692624
-0.201359 0.904956 0.374846
-0.201358 0.692623 0.692624
-0.201358 0.692624 0.692624
-0.201358 0.692623 0.692624
-0.201359 0.904956 0.374846
-0.201359 0.904956 0.374845
-0.201360 0.979517 -0.000000
-0.201359 0.904956 0.374845
-0.201359 0.904956 0.374846
-0.201359 0.904956 0.374845
-0.201360 0.979517 -0.000000
-0.201360 0.979517 -0.000000
-0.201361 0.904956 -0.374845
-0.201360 0.979517 -0.000000
-0.201361 0.904956 -0.374846
-0.201360 0.979517 -0.000000
-0.201361 0.904956 -0.374845
-0.201360 0.979517 -0.000000
-0.201362 0.692623 -0.692623
-0.201361 0.904956 -0.374846
-0.201362 0.692622 -0.692624
-0.201361 0.904956 -0.374846
-0.201362 0.692623 -0.692623
-0.201361 0.904956 -0.374845
-0.201362 0.692623 -0.692623
-0.201359 0.374845 -0.904956
-0.201359 0.374844 -0.904957
-0.201359 0.374845 -0.904956
-0.201362 0.692623 -0.692623
-0.201362 0.692622 -0.692624
-0.201359 0.374844 -0.904957
-0.201357 0.000000 -0.979518
-0.201357 0.000000 -0.979518
-0.201357 0.000000 -0.979518
-0.201359 0.374844 -0.904957
-0.201359 0.374845 -0.904956
-1.000000 -0.000003 0.000002
-1.000000 0.000000 0.000000
-1.000000 -0.000003 0.000002
-1.000000 0.000000 0.000000
-1.000000 -0.000003 0.000002
-1.000000 0.000000 0.000000
-1.000000 -0.000003 0.000002
-1.000000 -0.000003 0.000002
-1.000000 -0.000003 0.000002
-1.000000 -0.000003 0.000002
-1.000000 -0.000003 0.000002
-1.000000 -0.000003 0.000002
-1.000000 -0.000003 0.000002
-1.000000 0.000000 0.000000
-1.000000 0.000000 0.000000
-1.000000 -0.000003 0.000002
-1.000000 0.000000 0.000000
-1.000000 -0.000003 0.000002
-1.000000 0.000000 0.000000
-1.000000 0.000000 0.000000
-1.000000 0.000000 0.000000
-1.000000 0.000000 0.000000
-1.000000 0.000000 0.000000
-1.000000 0.000000 0.000000
-1.000000 0.000000 0.000000
-1.000000 0.000000 0.000000
-1.000000 0.000000 0.000000
-1.000000 0.000000 0.000000
-1.000000 0.000000 0.000000
-1.000000 0.000000 0.000000
-1.000000 0.000000 0.000000
-1.000000 0.000000 0.000000
-1.000000 0.000000 0.000000
-1.000000 0.000000 0.000000
-1.000000 0.000000 0.000000
-1.000000 0.000000 0.000000
-1.000000 0.000000 0.000000
-1.000000 0.000000 0.000000
-1.000000 0.000000 0.000000
-1.000000 0.000000 0.000000
-1.000000 0.000000 0.000000
-1.000000 0.000000 0.000000
-1.000000 0.000000 0.000000
-1.000000 0.000000 0.000000
-1.000000 0.000000 0.000000
-1.000000 0.000000 0.000000
-1.000000 0.000000 0.000000
-1.000000 0.000000 0.000000
-1.000000 0.000000 0.000000
-1.000000 0.000000 0.000000
-1.000000 0.000000 0.000000
-1.000000 0.000000 0.000000
-1.000000 0.000000 0.000000
-1.000000 0.000000 0.000000
-1.000000 0.000000 0.000000
-1.000000 0.000000 0.000000
-1.000000 0.000000 0.000000
-1.000000 0.000000 0.000000
-1.000000 0.000000 0.000000
-1.000000 0.000000 0.000000
-1.000000 0.000000 0.000000
-1.000000 0.000000 0.000000
-1.000000 0.000000 0.000000
-1.000000 0.000000 0.000000
-1.000000 0.000000 0.000000
-1.000000 0.000000 0.000000
-1.000000 0.000000 0.000000
-1.000000 0.000000 0.000000
-1.000000 0.000000 0.000000
-1.000000 0.000000 0.000000
-1.000000 0.000000 0.000000
-1.000000 0.000000 0.000000
-1.000000 0.000000 0.000000
-1.000000 0.000000 0.000000
-1.000000 0.000000 0.000000
-1.000000 0.000000 0.000000
-1.000000 0.000000 0.000000
-1.000000 0.000000 0.000000
-1.000000 0.000000 0.000000
-1.000000 0.000003 0.000002
-1.000000 0.000003 0.000002
-1.000000 0.000003 0.000002
-1.000000 0.000000 0.000000
-1.000000 0.000000 0.000000
-1.000000 0.000003 0.000002
-1.000000 0.000003 0.000002
-1.000000 0.000003 0.000002
-1.000000 0.000003 0.000002
-1.000000 0.000003 0.000002
-1.000000 0.000003 0.000002
-1.000000 0.000000 0.000000
-1.000000 0.000003 0.000002
-1.000000 0.000003 0.000002
-1.000000 0.000003 0.000002
-1.000000 0.000000 0.000000
-1.000000 0.000000 0.000000
-0.159535 0.377784 0.912046
-0.159533 -0.000000 0.987193
-0.159535 0.377782 0.912047
-0.159533 -0.000000 0.987193
-0.159535 0.377784 0.912046
-0.159533 -0.000000 0.987192
-0.159535 0.698052 0.698049
-0.159535 0.377782 0.912047
-0.159536 0.698050 0.698050
-0.159535 0.377782 0.912047
-0.159535 0.698052 0.698049
-0.159535 0.377784 0.912046
-0.159535 0.698052 0.698049
-0.159534 0.912046 0.377785
-0.159534 0.912046 0.377784
-0.159534 0.912046 0.377785
-0.159535 0.698052 0.698049
-0.159536 0.698050 0.698050
-0.159534 0.912046 0.377784
-0.159533 0.987193 -0.000002
-0.159533 0.987193 0.000002
-0.159533 0.987193 -0.000002
-0.159534 0.912046 0.377784
-0.159534 0.912046 0.377785
-0.159533 0.987193 0.000002
-0.159533 0.987193 -0.000002
-0.159535 0.912046 -0.377783
-0.159533 0.987193 -0.000002
-0.159535 0.912046 -0.377784
-0.159535 0.912046 -0.377783
-0.159536 0.698052 -0.698049
-0.159536 0.698052 -0.698048
-0.159535 0.912046 -0.377784
-0.159535 0.912046 -0.377783
-0.159535 0.912046 -0.377784
-0.159536 0.698052 -0.698048
-0.159538 0.377788 -0.912044
-0.159536 0.698052 -0.698048
-0.159536 0.698052 -0.698049
-0.159536 0.698052 -0.698048
-0.159538 0.377788 -0.912044
-0.159538 0.377788 -0.912044
-0.159540 0.000000 -0.987191
-0.159538 0.377788 -0.912044
-0.159538 0.377788 -0.912044
-0.159538 0.377788 -0.912044
-0.159540 0.000000 -0.987191
-0.159540 0.000000 -0.987191
-0.159538 -0.377788 -0.912044
-0.159540 0.000000 -0.987191
-0.159538 -0.377787 -0.912044
-0.159540 0.000000 -0.987191
-0.159538 -0.377788 -0.912044
-0.159540 0.000000 -0.987191
-0.159536 -0.698051 -0.698050
-0.159538 -0.377787 -0.912044
-0.159536 -0.698050 -0.698050
-0.159538 -0.377787 -0.912044
-0.159536 -0.698051 -0.698050
-0.159538 -0.377788 -0.912044
-0.159535 -0.912046 -0.377784
-0.159536 -0.698051 -0.698050
-0.159536 -0.698050 -0.698050
-0.159536 -0.698051 -0.698050
-0.159535 -0.912046 -0.377784
-0.159535 -0.912046 -0.377783
-0.159534 -0.987193 0.000002
-0.159535 -0.912046 -0.377783
-0.159535 -0.912046 -0.377784
-0.159535 -0.912046 -0.377783
-0.159534 -0.987193 0.000002
-0.159534 -0.987192 0.000002
-0.159535 -0.912046 0.377784
-0.159534 -0.987193 0.000002
-0.159535 -0.912045 0.377785
-0.159534 -0.987193 0.000002
-0.159535 -0.912046 0.377784
-0.159534 -0.987192 0.000002
-0.159536 -0.698051 0.698049
-0.159535 -0.912045 0.377785
-0.159536 -0.698050 0.698051
-0.159535 -0.912045 0.377785
-0.159536 -0.698051 0.698049
-0.159535 -0.912046 0.377784
-0.159535 -0.377782 0.912047
-0.159536 -0.698051 0.698049
-0.159536 -0.698050 0.698051
-0.159536 -0.698051 0.698049
-0.159535 -0.377782 0.912047
-0.159535 -0.377783 0.912046
-0.159533 -0.000000 0.987193
-0.159535 -0.377783 0.912046
-0.159535 -0.377782 0.912047
-0.159535 -0.377783 0.912046
-0.159533 -0.000000 0.987193
-0.159533 -0.000000 0.987192
-1.000000 -0.000000 0.000004
-1.000000 -0.000003 0.000006
-1.000000 0.000000 0.000001
-1.000000 -0.000003 0.000006
-1.000000 -0.000004 0.000004
-1.000000 0.000000 0.000001
-1.000000 -0.000004 0.000004
-1.000000 0.000000 0.000000
-1.000000 0.000000 0.000001
-1.000000 0.000000 0.000000
-1.000000 0.000000 0.000000
-1.000000 0.000000 0.000001
-1.000000 0.000000 0.000000
-1.000000 0.000000 0.000000
-1.000000 0.000000 0.000001
-1.000000 0.000000 0.000000
-1.000000 0.000000 0.000000
-1.000000 0.000000 0.000001
-1.000000 0.000000 0.000000
-1.000000 0.000000 0.000000
-1.000000 0.000000 0.000001
-1.000000 0.000000 0.000000
-1.000000 0.000000 0.000000
-1.000000 0.000000 0.000001
-1.000000 0.000000 0.000000
-1.000000 0.000000 0.000000
-1.000000 0.000000 0.000001
-1.000000 0.000000 0.000000
-1.000000 0.000000 0.000000
-1.000000 0.000000 0.000001
-1.000000 0.000000 0.000000
-1.000000 0.000000 0.000000
-1.000000 0.000000 0.000001
-1.000000 0.000000 0.000000
-1.000000 0.000000 0.000000
-1.000000 0.000000 0.000001
-1.000000 0.000000 0.000000
-1.000000 0.000000 0.000000
-1.000000 0.000000 0.000001
-1.000000 0.000000 0.000000
-1.000000 0.000004 0.000004
-1.000000 0.000000 0.000001
-1.000000 0.000004 0.000004
-1.000000 0.000003 0.000006
-1.000000 0.000000 0.000001
-1.000000 0.000003 0.000006
-1.000000 -0.000000 0.000004
-1.000000 0.000000 0.000001
0.000000 -1.000000 0.000000
0.000000 -1.000000 0.000000
0.000000 -1.000000 0.000000
0.000000 -1.000000 0.000000
0.000000 -1.000000 0.000000
0.000000 -1.000000 0.000000
0.000000 1.000000 0.000000
0.000000 1.000000 0.000000
0.000000 1.000000 0.000000
0.000000 1.000000 0.000000
0.000000 1.000000 0.000000
0.000000 1.000000 0.000000
-0.000000 -0.923907 -0.382618
-0.000000 -0.923907 -0.382618
-0.000000 -0.923907 -0.382618
-0.000000 -0.923907 -0.382618
-0.000000 -0.923907 -0.382618
-0.000000 -0.923907 -0.382618
0.000000 -0.874025 0.485880
0.000000 -0.874025 0.485880
0.000000 -0.874025 0.485880
0.000000 -0.874025 0.485880
0.000000 -0.874025 0.485880
0.000000 -0.874025 0.485880
-0.000000 0.923907 -0.382617
-0.000000 0.923907 -0.382617
-0.000000 0.923907 -0.382617
-0.000000 0.923907 -0.382617
-0.000000 0.923907 -0.382617
-0.000000 0.923907 -0.382618
0.000000 0.874025 0.485881
0.000000 0.874025 0.485881
0.000000 0.874025 0.485881
0.000000 0.874025 0.485881
0.000000 0.874025 0.485881
0.000000 0.874025 0.485881
0.036620 -0.999329 -0.000495
0.324036 -0.938083 -0.122478
0.338674 -0.922786 0.183754
0.324036 -0.938083 -0.122478
0.036620 -0.999329 -0.000495
0.036620 -0.999329 -0.000495
0.307106 0.943703 -0.122927
-0.013029 0.999915 0.000176
0.321172 0.928744 0.185159
-0.013029 0.999915 0.000176
0.307106 0.943703 -0.122927
-0.013029 0.999915 0.000176
0.050692 -0.919915 -0.388828
0.050692 -0.919915 -0.388828
0.050692 -0.919915 -0.388828
0.050692 -0.919915 -0.388828
0.050692 -0.919915 -0.388828
0.050692 -0.919915 -0.388828
0.065301 -0.835231 0.546008
0.065301 -0.835231 0.546008
0.065301 -0.835231 0.546008
0.065301 -0.835231 0.546008
0.065301 -0.835231 0.546008
0.065301 -0.835231 0.546008
0.004909 0.921088 -0.389323
0.004909 0.921088 -0.389323
0.004909 0.921088 -0.389323
0.004909 0.921088 -0.389323
0.004909 0.921088 -0.389323
0.004909 0.921088 -0.389323
0.023999 0.836448 0.547520
0.023999 0.836448 0.547520
0.023999 0.836448 0.547520
0.023999 0.836448 0.547520
0.023999 0.836448 0.547520
0.023999 0.836448 0.547520
0.338674 -0.922786 0.183754
0.475857 -0.876950 -0.067226
0.492112 -0.868655 0.057124
0.475857 -0.876950 -0.067226
0.338674 -0.922786 0.183754
0.324036 -0.938083 -0.122478
0.475856 0.876950 -0.067226
0.321172 0.928744 0.185159
0.492112 0.868656 0.057124
0.307106 0.943703 -0.122927
0.321172 0.928744 0.185159
0.475856 0.876950 -0.067226
0.424905 -0.829099 -0.363389
0.475022 -0.830745 -0.290202
0.324036 -0.938083 -0.122478
0.338674 -0.922786 0.183754
0.492112 -0.868655 0.057124
0.536487 -0.746958 0.392729
0.307106 0.943703 -0.122927
0.475856 0.876950 -0.067226
0.475022 0.830745 -0.290202
0.433835 0.668931 0.603587
0.536487 0.746957 0.392729
0.321172 0.928744 0.185159
0.324036 -0.938083 -0.122478
0.475022 -0.830745 -0.290202
0.475857 -0.876950 -0.067226
0.307106 0.943703 -0.122927
0.475022 0.830745 -0.290202
0.424904 0.829099 -0.363388
0.338674 -0.922786 0.183754
0.536487 -0.746958 0.392729
0.433835 -0.668932 0.603587
0.321172 0.928744 0.185159
0.536487 0.746957 0.392729
0.492112 0.868656 0.057124
0.000000 -1.000000 0.000000
0.000000 -1.000000 0.000000
0.000000 -1.000000 0.000000
0.000000 -1.000000 0.000000
0.000000 -1.000000 0.000000
0.000000 -1.000000 0.000000
-0.000000 1.000000 -0.000000
-0.000000 1.000000 -0.000000
-0.000000 1.000000 -0.000000
-0.000000 1.000000 -0.000000
-0.000000 1.000000 -0.000000
-0.000000 1.000000 -0.000000
-0.026661 -0.972655 -0.230719
-0.000000 -0.973001 -0.230801
-0.000000 -0.973001 -0.230801
-0.026661 -0.972655 -0.230719
-0.000000 -0.973001 -0.230801
-0.026661 -0.972655 -0.230719
0.000000 -0.924547 0.381069
0.067991 -0.922407 0.380187
0.067991 -0.922407 0.380187
0.067991 -0.922407 0.380187
0.000000 -0.924547 0.381069
0.000000 -0.924547 0.381069
-0.026661 0.972655 -0.230719
-0.000000 0.973001 -0.230801
-0.000000 0.973001 -0.230801
-0.000000 0.973001 -0.230801
-0.026661 0.972655 -0.230719
-0.026661 0.972655 -0.230719
0.067990 0.922408 0.380186
0.000000 0.924547 0.381068
0.067990 0.922408 0.380186
0.000000 0.924547 0.381068
0.067990 0.922408 0.380186
0.000000 0.924547 0.381068
0.976424 0.000000 -0.215863
0.976424 0.000000 -0.215863
0.976424 0.000000 -0.215863
0.567676 0.585711 0.578520
0.113375 0.715988 0.688845
0.106031 -0.029120 0.993936
0.567676 0.585711 0.578520
0.106031 -0.029120 0.993936
0.564634 -0.061403 0.823054
0.567676 0.585711 0.578520
0.097185 0.929686 0.355302
0.113375 0.715988 0.688845
0.097185 0.929686 0.355302
0.567676 0.585711 0.578520
0.486416 0.812345 0.321706
0.486416 0.812345 0.321706
0.089453 0.980556 0.174666
0.097185 0.929686 0.355302
0.089453 0.980556 0.174666
0.486416 0.812345 0.321706
0.425540 0.889770 0.165000
0.425540 0.889770 0.165000
0.087502 0.995286 0.041831
0.089453 0.980556 0.174666
0.087502 0.995286 0.041831
0.425540 0.889770 0.165000
0.405119 0.913451 0.038544
0.426050 0.900286 -0.089259
0.087502 0.995286 0.041831
0.405119 0.913451 0.038544
0.087502 0.995286 0.041831
0.426050 0.900286 -0.089259
0.090014 0.991715 -0.091640
0.090014 0.991715 -0.091640
0.426050 0.900286 -0.089259
0.487479 0.836255 -0.251080
0.090014 0.991715 -0.091640
0.487479 0.836255 -0.251080
0.098487 0.956298 -0.275309
0.569986 0.633323 -0.523467
0.115985 0.772967 -0.623754
0.098487 0.956298 -0.275309
0.098487 0.956298 -0.275309
0.487479 0.836255 -0.251080
0.569986 0.633323 -0.523467
0.110236 0.059740 -0.992109
0.569986 0.633323 -0.523467
0.568905 0.012524 -0.822308
0.569986 0.633323 -0.523467
0.110236 0.059740 -0.992109
0.115985 0.772967 -0.623754
0.042999 -0.710883 -0.701995
0.568905 0.012524 -0.822308
0.490688 -0.628594 -0.603403
0.568905 0.012524 -0.822308
0.042999 -0.710883 -0.701995
0.110236 0.059740 -0.992109
-0.000884 -0.933052 -0.359740
0.490688 -0.628594 -0.603403
0.366738 -0.865170 -0.342030
0.490688 -0.628594 -0.603403
-0.000884 -0.933052 -0.359740
0.042999 -0.710883 -0.701995
-0.015244 -0.984230 -0.176238
0.366738 -0.865170 -0.342030
0.283331 -0.942854 -0.175358
0.366738 -0.865170 -0.342030
-0.015244 -0.984230 -0.176238
-0.000884 -0.933052 -0.359740
-0.019018 -0.998930 -0.042160
0.283331 -0.942854 -0.175358
0.255249 -0.966020 -0.040666
0.283331 -0.942854 -0.175358
-0.019018 -0.998930 -0.042160
-0.015244 -0.984230 -0.176238
0.282053 -0.954637 0.095467
-0.015927 -0.995585 0.092504
-0.019018 -0.998930 -0.042160
0.282053 -0.954637 0.095467
-0.019018 -0.998930 -0.042160
0.255249 -0.966020 -0.040666
0.364177 -0.891963 0.267913
-0.002557 -0.960319 0.278892
-0.015927 -0.995585 0.092504
0.364177 -0.891963 0.267913
-0.015927 -0.995585 0.092504
0.282053 -0.954637 0.095467
0.487039 -0.679958 0.548133
0.039406 -0.770110 0.636693
-0.002557 -0.960319 0.278892
0.487039 -0.679958 0.548133
-0.002557 -0.960319 0.278892
0.364177 -0.891963 0.267913
0.564634 -0.061403 0.823054
0.106031 -0.029120 0.993936
0.039406 -0.770110 0.636693
0.564634 -0.061403 0.823054
0.039406 -0.770110 0.636693
0.487039 -0.679958 0.548133
0.567676 0.585711 0.578520
0.953681 -0.019587 0.300180
0.922057 0.307501 0.235060
0.953681 -0.019587 0.300180
0.567676 0.585711 0.578520
0.564634 -0.061403 0.823054
0.486416 0.812345 0.321706
0.922057 0.307501 0.235060
0.873809 0.460852 0.155154
0.922057 0.307501 0.235060
0.486416 0.812345 0.321706
0.567676 0.585711 0.578520
0.425540 0.889770 0.165000
0.873809 0.460852 0.155154
0.839995 0.535408 0.088012
0.873809 0.460852 0.155154
0.425540 0.889770 0.165000
0.486416 0.812345 0.321706
0.405119 0.913451 0.038544
0.839995 0.535408 0.088012
0.827596 0.560826 0.023643
0.839995 0.535408 0.088012
0.405119 0.913451 0.038544
0.425540 0.889770 0.165000
0.839928 0.541023 -0.042608
0.405119 0.913451 0.038544
0.827596 0.560826 0.023643
0.426050 0.900286 -0.089259
0.405119 0.913451 0.038544
0.839928 0.541023 -0.042608
0.487479 0.836255 -0.251080
0.426050 0.900286 -0.089259
0.873710 0.472516 -0.115587
0.426050 0.900286 -0.089259
0.839928 0.541023 -0.042608
0.873710 0.472516 -0.115587
0.921949 0.327000 -0.207560
0.569986 0.633323 -0.523467
0.487479 0.836255 -0.251080
0.487479 0.836255 -0.251080
0.873710 0.472516 -0.115587
0.921949 0.327000 -0.207560
0.953929 0.008260 -0.299917
0.568905 0.012524 -0.822308
0.569986 0.633323 -0.523467
0.953929 0.008260 -0.299917
0.569986 0.633323 -0.523467
0.921949 0.327000 -0.207560
0.490688 -0.628594 -0.603403
0.953929 0.008260 -0.299917
0.910232 -0.332143 -0.247302
0.953929 0.008260 -0.299917
0.490688 -0.628594 -0.603403
0.568905 0.012524 -0.822308
0.910232 -0.332143 -0.247302
0.366738 -0.865170 -0.342030
0.490688 -0.628594 -0.603403
0.366738 -0.865170 -0.342030
0.910232 -0.332143 -0.247302
0.850624 -0.499072 -0.165427
0.283331 -0.942854 -0.175358
0.850624 -0.499072 -0.165427
0.810304 -0.578480 -0.093638
0.850624 -0.499072 -0.165427
0.283331 -0.942854 -0.175358
0.366738 -0.865170 -0.342030
0.255249 -0.966020 -0.040666
0.810304 -0.578480 -0.093638
0.796006 -0.604756 -0.025387
0.810304 -0.578480 -0.093638
0.255249 -0.966020 -0.040666
0.283331 -0.942854 -0.175358
0.809996 -0.584725 0.044769
0.282053 -0.954637 0.095467
0.255249 -0.966020 -0.040666
0.809996 -0.584725 0.044769
0.255249 -0.966020 -0.040666
0.796006 -0.604756 -0.025387
0.850021 -0.512214 0.122887
0.282053 -0.954637 0.095467
0.809996 -0.584725 0.044769
0.850021 -0.512214 0.122887
0.364177 -0.891963 0.267913
0.282053 -0.954637 0.095467
0.364177 -0.891963 0.267913
0.850021 -0.512214 0.122887
0.909512 -0.353656 0.218439
0.364177 -0.891963 0.267913
0.909512 -0.353656 0.218439
0.487039 -0.679958 0.548133
0.953681 -0.019587 0.300180
0.564634 -0.061403 0.823054
0.487039 -0.679958 0.548133
0.487039 -0.679958 0.548133
0.909512 -0.353656 0.218439
0.953681 -0.019587 0.300180
0.953681 -0.019587 0.300180
1.000000 -0.000000 -0.000000
0.922057 0.307501 0.235060
0.922057 0.307501 0.235060
1.000000 -0.000000 -0.000000
0.873809 0.460852 0.155154
0.873809 0.460852 0.155154
1.000000 -0.000000 -0.000000
0.839995 0.535408 0.088012
0.839995 0.535408 0.088012
1.000000 -0.000000 -0.000000
0.827596 0.560826 0.023643
0.827596 0.560826 0.023643
1.000000 -0.000000 -0.000000
0.839928 0.541023 -0.042608
0.839928 0.541023 -0.042608
1.000000 -0.000000 -0.000000
0.873710 0.472516 -0.115587
0.873710 0.472516 -0.115587
1.000000 -0.000000 -0.000000
0.921949 0.327000 -0.207560
0.921949 0.327000 -0.207560
1.000000 -0.000000 -0.000000
0.953929 0.008260 -0.299917
0.953929 0.008260 -0.299917
1.000000 -0.000000 -0.000000
0.910232 -0.332143 -0.247302
0.910232 -0.332143 -0.247302
1.000000 -0.000000 -0.000000
0.850624 -0.499072 -0.165427
0.850624 -0.499072 -0.165427
1.000000 -0.000000 -0.000000
0.810304 -0.578480 -0.093638
0.810304 -0.578480 -0.093638
1.000000 -0.000000 -0.000000
0.796006 -0.604756 -0.025387
0.796006 -0.604756 -0.025387
1.000000 -0.000000 -0.000000
0.809996 -0.584725 0.044769
0.809996 -0.584725 0.044769
1.000000 -0.000000 -0.000000
0.850021 -0.512214 0.122887
0.850021 -0.512214 0.122887
1.000000 -0.000000 -0.000000
0.909512 -0.353656 0.218439
0.909512 -0.353656 0.218439
1.000000 -0.000000 -0.000000
0.953681 -0.019587 0.300180
0.113375 0.715988 0.688845
0.000000 0.724172 0.689620
0.000000 -0.044857 0.998993
0.113375 0.715988 0.688845
0.000000 -0.044857 0.998993
0.106031 -0.029120 0.993936
0.000000 0.724172 0.689620
0.113375 0.715988 0.688845
0.097185 0.929686 0.355302
0.000000 0.724172 0.689620
0.097185 0.929686 0.355302
0.000000 0.935306 0.353840
0.000000 0.935306 0.353840
0.097185 0.929686 0.355302
0.089453 0.980556 0.174666
0.000000 0.935306 0.353840
0.089453 0.980556 0.174666
0.000000 0.984725 0.174117
0.089453 0.980556 0.174666
0.000000 0.999115 0.042073
0.000000 0.984725 0.174117
0.000000 0.999115 0.042073
0.089453 0.980556 0.174666
0.087502 0.995286 0.041831
0.087502 0.995286 0.041831
-0.000000 0.995890 -0.090566
0.000000 0.999115 0.042073
-0.000000 0.995890 -0.090566
0.087502 0.995286 0.041831
0.090014 0.991715 -0.091640
0.090014 0.991715 -0.091640
-0.000000 0.961970 -0.273155
-0.000000 0.995890 -0.090566
-0.000000 0.961970 -0.273155
0.090014 0.991715 -0.091640
0.098487 0.956298 -0.275309
-0.000000 0.961970 -0.273155
0.098487 0.956298 -0.275309
0.115985 0.772967 -0.623754
-0.000000 0.961970 -0.273155
0.115985 0.772967 -0.623754
-0.000000 0.781755 -0.623585
0.110236 0.059740 -0.992109
-0.000000 0.044857 -0.998993
-0.000000 0.781755 -0.623585
0.110236 0.059740 -0.992109
-0.000000 0.781755 -0.623585
0.115985 0.772967 -0.623754
0.042999 -0.710883 -0.701995
-0.000000 -0.724172 -0.689619
-0.000000 0.044857 -0.998993
0.042999 -0.710883 -0.701995
-0.000000 0.044857 -0.998993
0.110236 0.059740 -0.992109
-0.000000 -0.935306 -0.353840
0.042999 -0.710883 -0.701995
-0.000884 -0.933052 -0.359740
0.042999 -0.710883 -0.701995
-0.000000 -0.935306 -0.353840
-0.000000 -0.724172 -0.689619
-0.000000 -0.984725 -0.174116
-0.000000 -0.935306 -0.353840
-0.015244 -0.984230 -0.176238
-0.015244 -0.984230 -0.176238
-0.000000 -0.935306 -0.353840
-0.000884 -0.933052 -0.359740
-0.000000 -0.999114 -0.042073
-0.000000 -0.984725 -0.174116
-0.019018 -0.998930 -0.042160
-0.019018 -0.998930 -0.042160
-0.000000 -0.984725 -0.174116
-0.015244 -0.984230 -0.176238
0.000000 -0.995890 0.090566
-0.000000 -0.999114 -0.042073
-0.015927 -0.995585 0.092504
-0.015927 -0.995585 0.092504
-0.000000 -0.999114 -0.042073
-0.019018 -0.998930 -0.042160
0.000000 -0.961970 0.273154
0.000000 -0.995890 0.090566
-0.002557 -0.960319 0.278892
-0.002557 -0.960319 0.278892
0.000000 -0.995890 0.090566
-0.015927 -0.995585 0.092504
0.000000 -0.961970 0.273154
0.039406 -0.770110 0.636693
0.000000 -0.781754 0.623587
0.039406 -0.770110 0.636693
0.000000 -0.961970 0.273154
-0.002557 -0.960319 0.278892
0.106031 -0.029120 0.993936
0.000000 -0.044857 0.998993
0.000000 -0.781754 0.623587
0.106031 -0.029120 0.993936
0.000000 -0.781754 0.623587
0.039406 -0.770110 0.636693
-0.213662 0.298002 0.930346
-0.220012 0.315375 0.923111
-0.085422 -0.033140 0.995794
-0.085422 -0.033140 0.995794
-0.080765 -0.044571 0.995736
-0.213662 0.298002 0.930346
-0.319009 0.606163 0.728560
-0.324396 0.623634 0.711230
-0.220012 0.315375 0.923111
-0.220012 0.315375 0.923111
-0.213662 0.298002 0.930346
-0.319009 0.606163 0.728560
-0.378610 0.831000 0.407546
-0.380552 0.841821 0.382775
-0.324396 0.623634 0.711230
-0.324396 0.623634 0.711230
-0.319009 0.606163 0.728560
-0.378610 0.831000 0.407546
-0.377893 0.925770 0.012101
-0.375863 0.926601 -0.011738
-0.380552 0.841821 0.382775
-0.380552 0.841821 0.382775
-0.378610 0.831000 0.407546
-0.377893 0.925770 0.012101
-0.314486 0.867160 -0.386176
-0.310799 0.861728 -0.401035
-0.375863 0.926601 -0.011738
-0.375863 0.926601 -0.011738
-0.377893 0.925770 0.012101
-0.314486 0.867160 -0.386176
-0.199593 0.665984 -0.718768
-0.314486 0.867160 -0.386176
-0.201731 0.670144 -0.714291
-0.314486 0.867160 -0.386176
-0.199593 0.665984 -0.718768
-0.310799 0.861728 -0.401035
-0.062633 0.379278 -0.923160
-0.201731 0.670144 -0.714291
-0.061331 0.376389 -0.924429
-0.201731 0.670144 -0.714291
-0.062633 0.379278 -0.923160
-0.199593 0.665984 -0.718768
0.080767 0.044569 -0.995736
-0.061331 0.376389 -0.924429
0.085423 0.033140 -0.995793
-0.061331 0.376389 -0.924429
0.080767 0.044569 -0.995736
-0.062633 0.379278 -0.923160
0.213662 -0.298001 -0.930346
0.085423 0.033140 -0.995793
0.220011 -0.315368 -0.923113
0.085423 0.033140 -0.995793
0.213662 -0.298001 -0.930346
0.080767 0.044569 -0.995736
0.319009 -0.606161 -0.728562
0.220011 -0.315368 -0.923113
0.324394 -0.623625 -0.711239
0.220011 -0.315368 -0.923113
0.319009 -0.606161 -0.728562
0.213662 -0.298001 -0.930346
0.378623 -0.831070 -0.407391
0.324394 -0.623625 -0.711239
0.380550 -0.841809 -0.382805
0.324394 -0.623625 -0.711239
0.378623 -0.831070 -0.407391
0.319009 -0.606161 -0.728562
0.377878 -0.925779 -0.011909
0.380550 -0.841809 -0.382805
0.375845 -0.926605 0.011942
0.380550 -0.841809 -0.382805
0.377878 -0.925779 -0.011909
0.378623 -0.831070 -0.407391
0.314476 -0.867144 0.386219
0.375845 -0.926605 0.011942
0.310745 -0.861645 0.401254
0.375845 -0.926605 0.011942
0.314476 -0.867144 0.386219
0.377878 -0.925779 -0.011909
0.199591 -0.665977 0.718775
0.201731 -0.670142 0.714293
0.314476 -0.867144 0.386219
0.314476 -0.867144 0.386219
0.310745 -0.861645 0.401254
0.199591 -0.665977 0.718775
0.062633 -0.379275 0.923162
0.061335 -0.376393 0.924427
0.201731 -0.670142 0.714293
0.201731 -0.670142 0.714293
0.199591 -0.665977 0.718775
0.062633 -0.379275 0.923162
-0.080765 -0.044571 0.995736
-0.085422 -0.033140 0.995794
0.061335 -0.376393 0.924427
0.061335 -0.376393 0.924427
0.062633 -0.379275 0.923162
-0.080765 -0.044571 0.995736
0.068978 0.350181 0.934139
0.152284 0.311929 0.937822
-0.043410 -0.039420 0.998279
0.068978 0.350181 0.934139
-0.043410 -0.039420 0.998279
-0.004586 -0.023300 0.999718
0.133159 0.676023 0.724750
0.329896 0.612540 0.718305
0.152284 0.311929 0.937822
0.133159 0.676023 0.724750
0.152284 0.311929 0.937822
0.068978 0.350181 0.934139
0.133159 0.676023 0.724750
0.445257 0.808523 0.384755
0.329896 0.612540 0.718305
0.445257 0.808523 0.384755
0.133159 0.676023 0.724750
0.177412 0.900663 0.396649
0.177412 0.900663 0.396649
0.482372 0.875966 -0.000362
0.445257 0.808523 0.384755
0.482372 0.875966 -0.000362
0.177412 0.900663 0.396649
0.193276 0.981144 -0.000068
0.193276 0.981144 -0.000068
0.442468 0.811710 -0.381248
0.482372 0.875966 -0.000362
0.442468 0.811710 -0.381248
0.193276 0.981144 -0.000068
0.177422 0.900633 -0.396713
0.177422 0.900633 -0.396713
0.332525 0.623750 -0.707364
0.442468 0.811710 -0.381248
0.332525 0.623750 -0.707364
0.177422 0.900633 -0.396713
0.133175 0.676025 -0.724745
0.167455 0.333358 -0.927810
0.133175 0.676025 -0.724745
0.068984 0.350182 -0.934138
0.133175 0.676025 -0.724745
0.167455 0.333358 -0.927810
0.332525 0.623750 -0.707364
-0.021136 -0.016028 -0.999648
0.068984 0.350182 -0.934138
-0.004593 -0.023303 -0.999718
0.068984 0.350182 -0.934138
-0.021136 -0.016028 -0.999648
0.167455 0.333358 -0.927810
-0.192229 -0.363039 -0.911729
-0.004593 -0.023303 -0.999718
-0.076911 -0.390413 -0.917422
-0.004593 -0.023303 -0.999718
-0.192229 -0.363039 -0.911729
-0.021136 -0.016028 -0.999648
-0.319610 -0.651447 -0.688089
-0.076911 -0.390413 -0.917422
-0.137946 -0.700241 -0.700452
-0.076911 -0.390413 -0.917422
-0.319610 -0.651447 -0.688089
-0.192229 -0.363039 -0.911729
-0.178860 -0.907927 -0.379049
-0.396014 -0.841076 -0.368461
-0.319610 -0.651447 -0.688089
-0.178860 -0.907927 -0.379049
-0.319610 -0.651447 -0.688089
-0.137946 -0.700241 -0.700452
-0.193277 -0.981144 0.000058
-0.421941 -0.906623 0.000102
-0.396014 -0.841076 -0.368461
-0.193277 -0.981144 0.000058
-0.396014 -0.841076 -0.368461
-0.178860 -0.907927 -0.379049
-0.178838 -0.907910 0.379100
-0.399256 -0.840761 0.365670
-0.421941 -0.906623 0.000102
-0.178838 -0.907910 0.379100
-0.421941 -0.906623 0.000102
-0.193277 -0.981144 0.000058
-0.137926 -0.700244 0.700453
-0.328953 -0.655847 0.679452
-0.399256 -0.840761 0.365670
-0.137926 -0.700244 0.700453
-0.399256 -0.840761 0.365670
-0.178838 -0.907910 0.379100
-0.076897 -0.390409 0.917425
-0.210087 -0.377646 0.901802
-0.328953 -0.655847 0.679452
-0.076897 -0.390409 0.917425
-0.328953 -0.655847 0.679452
-0.137926 -0.700244 0.700453
-0.004586 -0.023300 0.999718
-0.043410 -0.039420 0.998279
-0.210087 -0.377646 0.901802
-0.004586 -0.023300 0.999718
-0.210087 -0.377646 0.901802
-0.076897 -0.390409 0.917425
-0.052853 -0.028988 0.998182
-0.043410 -0.039420 0.998279
0.152284 0.311929 0.937822
0.152284 0.311929 0.937822
0.295962 0.203817 0.933201
-0.052853 -0.028988 0.998182
0.295962 0.203817 0.933201
0.152284 0.311929 0.937822
0.329896 0.612540 0.718305
0.329896 0.612540 0.718305
0.596670 0.385872 0.703625
0.295962 0.203817 0.933201
0.329896 0.612540 0.718305
0.787809 0.491563 0.371111
0.596670 0.385872 0.703625
0.787809 0.491563 0.371111
0.329896 0.612540 0.718305
0.445257 0.808523 0.384755
0.445257 0.808523 0.384755
0.851037 0.525101 0.002262
0.787809 0.491563 0.371111
0.851037 0.525101 0.002262
0.445257 0.808523 0.384755
0.482372 0.875966 -0.000362
0.851037 0.525101 0.002262
0.442468 0.811710 -0.381248
0.790968 0.494576 -0.360230
0.442468 0.811710 -0.381248
0.851037 0.525101 0.002262
0.482372 0.875966 -0.000362
0.332525 0.623750 -0.707364
0.790968 0.494576 -0.360230
0.442468 0.811710 -0.381248
0.790968 0.494576 -0.360230
0.332525 0.623750 -0.707364
0.614037 0.397654 -0.681784
0.332525 0.623750 -0.707364
0.334973 0.229806 -0.913773
0.614037 0.397654 -0.681784
0.167455 0.333358 -0.927810
0.334973 0.229806 -0.913773
0.332525 0.623750 -0.707364
0.167455 0.333358 -0.927810
-0.004024 0.005461 -0.999977
0.334973 0.229806 -0.913773
-0.021136 -0.016028 -0.999648
-0.004024 0.005461 -0.999977
0.167455 0.333358 -0.927810
-0.021136 -0.016028 -0.999648
-0.334941 -0.231634 -0.913324
-0.004024 0.005461 -0.999977
-0.192229 -0.363039 -0.911729
-0.334941 -0.231634 -0.913324
-0.021136 -0.016028 -0.999648
-0.192229 -0.363039 -0.911729
-0.595505 -0.427934 -0.679887
-0.334941 -0.231634 -0.913324
-0.319610 -0.651447 -0.688089
-0.595505 -0.427934 -0.679887
-0.192229 -0.363039 -0.911729
-0.595505 -0.427934 -0.679887
-0.396014 -0.841076 -0.368461
-0.754632 -0.550020 -0.357782
-0.396014 -0.841076 -0.368461
-0.595505 -0.427934 -0.679887
-0.319610 -0.651447 -0.688089
-0.754632 -0.550020 -0.357782
-0.421941 -0.906623 0.000102
-0.807374 -0.590036 -0.002155
-0.421941 -0.906623 0.000102
-0.754632 -0.550020 -0.357782
-0.396014 -0.841076 -0.368461
-0.758532 -0.551642 0.346871
-0.421941 -0.906623 0.000102
-0.399256 -0.840761 0.365670
-0.421941 -0.906623 0.000102
-0.758532 -0.551642 0.346871
-0.807374 -0.590036 -0.002155
-0.612362 -0.439331 0.657268
-0.399256 -0.840761 0.365670
-0.328953 -0.655847 0.679452
-0.399256 -0.840761 0.365670
-0.612362 -0.439331 0.657268
-0.758532 -0.551642 0.346871
-0.612362 -0.439331 0.657268
-0.328953 -0.655847 0.679452
-0.210087 -0.377646 0.901802
-0.210087 -0.377646 0.901802
-0.372008 -0.258672 0.891459
-0.612362 -0.439331 0.657268
-0.372008 -0.258672 0.891459
-0.210087 -0.377646 0.901802
-0.043410 -0.039420 0.998279
-0.043410 -0.039420 0.998279
-0.052853 -0.028988 0.998182
-0.372008 -0.258672 0.891459
-0.017047 -0.007430 0.999827
-0.052853 -0.028988 0.998182
0.295962 0.203817 0.933201
-0.017047 -0.007430 0.999827
0.295962 0.203817 0.933201
0.367070 0.133779 0.920523
0.367070 0.133779 0.920523
0.295962 0.203817 0.933201
0.596670 0.385872 0.703625
0.367070 0.133779 0.920523
0.596670 0.385872 0.703625
0.684793 0.241920 0.687411
0.684793 0.241920 0.687411
0.596670 0.385872 0.703625
0.787809 0.491563 0.371111
0.787809 0.491563 0.371111
0.882274 0.303178 0.360104
0.684793 0.241920 0.687411
0.882274 0.303178 0.360104
0.787809 0.491563 0.371111
0.851037 0.525101 0.002262
0.882274 0.303178 0.360104
0.851037 0.525101 0.002262
0.947393 0.320071 -0.000002
0.790968 0.494576 -0.360230
0.886802 0.298815 -0.352550
0.851037 0.525101 0.002262
0.947393 0.320071 -0.000002
0.851037 0.525101 0.002262
0.886802 0.298815 -0.352550
0.614037 0.397654 -0.681784
0.705700 0.240611 -0.666404
0.790968 0.494576 -0.360230
0.886802 0.298815 -0.352550
0.790968 0.494576 -0.360230
0.705700 0.240611 -0.666404
0.334973 0.229806 -0.913773
0.412088 0.143598 -0.899757
0.614037 0.397654 -0.681784
0.705700 0.240611 -0.666404
0.614037 0.397654 -0.681784
0.412088 0.143598 -0.899757
-0.004024 0.005461 -0.999977
0.038463 0.012849 -0.999177
0.334973 0.229806 -0.913773
0.412088 0.143598 -0.899757
0.334973 0.229806 -0.913773
0.038463 0.012849 -0.999177
-0.334941 -0.231634 -0.913324
-0.346822 -0.131178 -0.928713
-0.004024 0.005461 -0.999977
0.038463 0.012849 -0.999177
-0.004024 0.005461 -0.999977
-0.346822 -0.131178 -0.928713
-0.595505 -0.427934 -0.679887
-0.664429 -0.258084 -0.701375
-0.334941 -0.231634 -0.913324
-0.346822 -0.131178 -0.928713
-0.334941 -0.231634 -0.913324
-0.664429 -0.258084 -0.701375
-0.754632 -0.550020 -0.357782
-0.862848 -0.342843 -0.371418
-0.595505 -0.427934 -0.679887
-0.595505 -0.427934 -0.679887
-0.862848 -0.342843 -0.371418
-0.664429 -0.258084 -0.701375
-0.927572 -0.373644 -0.000024
-0.754632 -0.550020 -0.357782
-0.807374 -0.590036 -0.002155
-0.754632 -0.550020 -0.357782
-0.927572 -0.373644 -0.000024
-0.862848 -0.342843 -0.371418
-0.758532 -0.551642 0.346871
-0.863549 -0.348823 0.364152
-0.927572 -0.373644 -0.000024
-0.758532 -0.551642 0.346871
-0.927572 -0.373644 -0.000024
-0.807374 -0.590036 -0.002155
-0.612362 -0.439331 0.657268
-0.679411 -0.272132 0.681428
-0.863549 -0.348823 0.364152
-0.612362 -0.439331 0.657268
-0.863549 -0.348823 0.364152
-0.758532 -0.551642 0.346871
-0.679411 -0.272132 0.681428
-0.612362 -0.439331 0.657268
-0.372008 -0.258672 0.891459
-0.679411 -0.272132 0.681428
-0.372008 -0.258672 0.891459
-0.387119 -0.152361 0.909354
-0.387119 -0.152361 0.909354
-0.372008 -0.258672 0.891459
-0.052853 -0.028988 0.998182
-0.387119 -0.152361 0.909354
-0.052853 -0.028988 0.998182
-0.017047 -0.007430 0.999827
0.412140 0.348671 0.841766
0.412140 -0.000000 0.911121
0.858104 0.196498 0.474391
0.858104 0.196498 0.474391
0.412140 -0.000000 0.911121
0.858103 -0.000000 0.513477
0.858103 0.363083 0.363083
0.412140 0.644260 0.644259
0.412140 0.348671 0.841766
0.858103 0.363083 0.363083
0.412140 0.348671 0.841766
0.858104 0.196498 0.474391
0.858103 0.363083 0.363083
0.412140 0.841766 0.348670
0.412140 0.644260 0.644259
0.412140 0.841766 0.348670
0.858103 0.363083 0.363083
0.858103 0.474391 0.196499
0.858103 0.474391 0.196499
0.412141 0.911120 0.000000
0.412140 0.841766 0.348670
0.412141 0.911120 0.000000
0.858103 0.474391 0.196499
0.858104 0.513476 0.000000
0.858104 0.513476 0.000000
0.858104 0.474390 -0.196499
0.412141 0.911120 0.000000
0.412141 0.911120 0.000000
0.858104 0.474390 -0.196499
0.412141 0.841765 -0.348671
0.858104 0.474390 -0.196499
0.858104 0.363083 -0.363083
0.412141 0.841765 -0.348671
0.412141 0.644259 -0.644260
0.412141 0.841765 -0.348671
0.858104 0.363083 -0.363083
0.412141 0.348670 -0.841766
0.858104 0.363083 -0.363083
0.858103 0.196498 -0.474391
0.858104 0.363083 -0.363083
0.412141 0.348670 -0.841766
0.412141 0.644259 -0.644260
0.412141 -0.000000 -0.911120
0.858103 0.196498 -0.474391
0.858104 -0.000000 -0.513476
0.858103 0.196498 -0.474391
0.412141 -0.000000 -0.911120
0.412141 0.348670 -0.841766
0.412141 -0.348670 -0.841766
0.412141 -0.000000 -0.911120
0.858104 -0.196498 -0.474391
0.858104 -0.196498 -0.474391
0.412141 -0.000000 -0.911120
0.858104 -0.000000 -0.513476
0.858104 -0.363083 -0.363083
0.412141 -0.644260 -0.644259
0.412141 -0.348670 -0.841766
0.858104 -0.363083 -0.363083
0.412141 -0.348670 -0.841766
0.858104 -0.196498 -0.474391
0.412140 -0.841766 -0.348670
0.858104 -0.363083 -0.363083
0.858103 -0.474391 -0.196499
0.858104 -0.363083 -0.363083
0.412140 -0.841766 -0.348670
0.412141 -0.644260 -0.644259
0.412140 -0.911121 -0.000000
0.858103 -0.474391 -0.196499
0.858103 -0.513477 0.000000
0.858103 -0.474391 -0.196499
0.412140 -0.911121 -0.000000
0.412140 -0.841766 -0.348670
0.412140 -0.841765 0.348672
0.412140 -0.911121 -0.000000
0.858104 -0.474390 0.196498
0.858104 -0.474390 0.196498
0.412140 -0.911121 -0.000000
0.858103 -0.513477 0.000000
0.858104 -0.363081 0.363083
0.412141 -0.644259 0.644260
0.412140 -0.841765 0.348672
0.858104 -0.363081 0.363083
0.412140 -0.841765 0.348672
0.858104 -0.474390 0.196498
0.412140 -0.348670 0.841766
0.858104 -0.363081 0.363083
0.858104 -0.196498 0.474390
0.858104 -0.363081 0.363083
0.412140 -0.348670 0.841766
0.412141 -0.644259 0.644260
0.412140 -0.000000 0.911121
0.858104 -0.196498 0.474390
0.858103 -0.000000 0.513477
0.858104 -0.196498 0.474390
0.412140 -0.000000 0.911121
0.412140 -0.348670 0.841766
0.412140 0.348671 0.841766
0.000000 0.382684 0.923879
-0.000000 -0.000000 1.000000
0.412140 0.348671 0.841766
-0.000000 -0.000000 1.000000
0.412140 -0.000000 0.911121
0.412140 0.644260 0.644259
-0.000000 0.707107 0.707106
0.000000 0.382684 0.923879
0.412140 0.644260 0.644259
0.000000 0.382684 0.923879
0.412140 0.348671 0.841766
0.412140 0.644260 0.644259
0.000000 0.923880 0.382683
-0.000000 0.707107 0.707106
0.000000 0.923880 0.382683
0.412140 0.644260 0.644259
0.412140 0.841766 0.348670
0.412140 0.841766 0.348670
0.000000 1.000000 0.000000
0.000000 0.923880 0.382683
0.000000 1.000000 0.000000
0.412140 0.841766 0.348670
0.412141 0.911120 0.000000
0.412141 0.841765 -0.348671
0.000000 1.000000 0.000000
0.412141 0.911120 0.000000
0.000000 1.000000 0.000000
0.412141 0.841765 -0.348671
-0.000000 0.923879 -0.382685
0.412141 0.841765 -0.348671
0.412141 0.644259 -0.644260
-0.000000 0.923879 -0.382685
-0.000000 0.923879 -0.382685
0.412141 0.644259 -0.644260
-0.000000 0.707107 -0.707107
-0.000000 0.382683 -0.923880
0.412141 0.644259 -0.644260
0.412141 0.348670 -0.841766
0.412141 0.644259 -0.644260
-0.000000 0.382683 -0.923880
-0.000000 0.707107 -0.707107
0.000000 0.000000 -1.000000
0.412141 0.348670 -0.841766
0.412141 -0.000000 -0.911120
0.412141 0.348670 -0.841766
0.000000 0.000000 -1.000000
-0.000000 0.382683 -0.923880
0.412141 -0.348670 -0.841766
0.000000 -0.382682 -0.923880
0.000000 0.000000 -1.000000
0.412141 -0.348670 -0.841766
0.000000 0.000000 -1.000000
0.412141 -0.000000 -0.911120
0.412141 -0.644260 -0.644259
0.000000 -0.707107 -0.707106
0.000000 -0.382682 -0.923880
0.412141 -0.644260 -0.644259
0.000000 -0.382682 -0.923880
0.412141 -0.348670 -0.841766
-0.000000 -0.923880 -0.382683
0.412141 -0.644260 -0.644259
0.412140 -0.841766 -0.348670
0.412141 -0.644260 -0.644259
-0.000000 -0.923880 -0.382683
0.000000 -0.707107 -0.707106
0.000000 -1.000000 -0.000000
0.412140 -0.841766 -0.348670
0.412140 -0.911121 -0.000000
0.412140 -0.841766 -0.348670
0.000000 -1.000000 -0.000000
-0.000000 -0.923880 -0.382683
0.412140 -0.841765 0.348672
0.000000 -0.923880 0.382683
0.000000 -1.000000 -0.000000
0.412140 -0.841765 0.348672
0.000000 -1.000000 -0.000000
0.412140 -0.911121 -0.000000
0.412141 -0.644259 0.644260
0.000000 -0.707106 0.707108
0.000000 -0.923880 0.382683
0.412141 -0.644259 0.644260
0.000000 -0.923880 0.382683
0.412140 -0.841765 0.348672
0.000000 -0.382682 0.923880
0.412141 -0.644259 0.644260
0.412140 -0.348670 0.841766
0.412141 -0.644259 0.644260
0.000000 -0.382682 0.923880
0.000000 -0.707106 0.707108
-0.000000 -0.000000 1.000000
0.412140 -0.348670 0.841766
0.412140 -0.000000 0.911121
0.412140 -0.348670 0.841766
-0.000000 -0.000000 1.000000
0.000000 -0.382682 0.923880
0.858104 0.196498 0.474391
0.995828 -0.000000 0.091250
0.995828 0.034919 0.084305
0.995828 -0.000000 0.091250
0.858104 0.196498 0.474391
0.858103 -0.000000 0.513477
0.995828 0.064522 0.064524
0.858103 0.363083 0.363083
0.858104 0.196498 0.474391
0.995828 0.064522 0.064524
0.858104 0.196498 0.474391
0.995828 0.034919 0.084305
0.858103 0.363083 0.363083
0.995828 0.084304 0.034920
0.858103 0.474391 0.196499
0.995828 0.084304 0.034920
0.858103 0.363083 0.363083
0.995828 0.064522 0.064524
0.995828 0.091251 0.000001
0.858103 0.474391 0.196499
0.995828 0.084304 0.034920
0.858103 0.474391 0.196499
0.995828 0.091251 0.000001
0.858104 0.513476 0.000000
0.995828 0.091251 0.000001
0.858104 0.474390 -0.196499
0.858104 0.513476 0.000000
0.858104 0.474390 -0.196499
0.995828 0.091251 0.000001
0.995828 0.084306 -0.034920
0.858104 0.363083 -0.363083
0.995828 0.084306 -0.034920
0.995828 0.064525 -0.064525
0.995828 0.084306 -0.034920
0.858104 0.363083 -0.363083
0.858104 0.474390 -0.196499
0.858103 0.196498 -0.474391
0.995828 0.064525 -0.064525
0.995828 0.034920 -0.084306
0.995828 0.064525 -0.064525
0.858103 0.196498 -0.474391
0.858104 0.363083 -0.363083
0.858103 0.196498 -0.474391
0.995828 -0.000001 -0.091251
0.858104 -0.000000 -0.513476
0.995828 -0.000001 -0.091251
0.858103 0.196498 -0.474391
0.995828 0.034920 -0.084306
0.995828 -0.034919 -0.084305
0.858104 -0.000000 -0.513476
0.995828 -0.000001 -0.091251
0.858104 -0.000000 -0.513476
0.995828 -0.034919 -0.084305
0.858104 -0.196498 -0.474391
0.995828 -0.064524 -0.064525
0.858104 -0.196498 -0.474391
0.995828 -0.034919 -0.084305
0.858104 -0.196498 -0.474391
0.995828 -0.064524 -0.064525
0.858104 -0.363083 -0.363083
0.858103 -0.474391 -0.196499
0.858104 -0.363083 -0.363083
0.995828 -0.084306 -0.034920
0.858104 -0.363083 -0.363083
0.995828 -0.064524 -0.064525
0.995828 -0.084306 -0.034920
0.995828 -0.091251 0.000001
0.858103 -0.513477 0.000000
0.858103 -0.474391 -0.196499
0.858103 -0.474391 -0.196499
0.995828 -0.084306 -0.034920
0.995828 -0.091251 0.000001
0.858104 -0.474390 0.196498
0.995828 -0.091251 0.000001
0.995828 -0.084304 0.034920
0.995828 -0.091251 0.000001
0.858104 -0.474390 0.196498
0.858103 -0.513477 0.000000
0.858104 -0.363081 0.363083
0.995828 -0.084304 0.034920
0.995828 -0.064522 0.064525
0.995828 -0.084304 0.034920
0.858104 -0.363081 0.363083
0.858104 -0.474390 0.196498
0.995828 -0.064522 0.064525
0.858104 -0.196498 0.474390
0.858104 -0.363081 0.363083
0.858104 -0.196498 0.474390
0.995828 -0.064522 0.064525
0.995828 -0.034919 0.084305
0.858103 -0.000000 0.513477
0.858104 -0.196498 0.474390
0.995828 -0.000000 0.091250
0.858104 -0.196498 0.474390
0.995828 -0.034919 0.084305
0.995828 -0.000000 0.091250
0.201357 0.000000 -0.979518
0.201357 -0.374845 -0.904956
0.201357 0.000000 -0.979518
0.201357 0.000000 -0.979518
0.201357 -0.374845 -0.904956
0.201357 -0.374846 -0.904956
0.201357 -0.374845 -0.904956
0.201359 -0.692624 -0.692624
0.201357 -0.374846 -0.904956
0.201357 -0.374846 -0.904956
0.201359 -0.692624 -0.692624
0.201358 -0.692624 -0.692623
0.201359 -0.692624 -0.692624
0.201359 -0.904956 -0.374846
0.201358 -0.692624 -0.692623
0.201359 -0.904956 -0.374846
0.201359 -0.692624 -0.692624
0.201359 -0.904956 -0.374845
0.201359 -0.904956 -0.374845
0.201359 -0.979518 0.000001
0.201359 -0.904956 -0.374846
0.201359 -0.979518 0.000001
0.201359 -0.904956 -0.374845
0.201359 -0.979517 0.000001
0.201359 -0.979517 0.000001
0.201360 -0.904956 0.374844
0.201359 -0.979518 0.000001
0.201359 -0.979518 0.000001
0.201360 -0.904956 0.374844
0.201360 -0.904956 0.374845
0.201360 -0.904956 0.374844
0.201362 -0.692622 0.692624
0.201360 -0.904956 0.374845
0.201360 -0.904956 0.374845
0.201362 -0.692622 0.692624
0.201362 -0.692621 0.692625
0.201362 -0.692622 0.692624
0.201361 -0.374844 0.904956
0.201362 -0.692621 0.692625
0.201361 -0.374844 0.904956
0.201362 -0.692622 0.692624
0.201361 -0.374844 0.904956
0.201361 -0.374844 0.904956
0.201359 -0.000002 0.979518
0.201361 -0.374844 0.904956
0.201359 -0.000002 0.979518
0.201361 -0.374844 0.904956
0.201359 -0.000002 0.979518
0.201357 0.374845 0.904957
0.201359 -0.000002 0.979518
0.201359 -0.000002 0.979518
0.201359 -0.000002 0.979518
0.201357 0.374845 0.904957
0.201357 0.374846 0.904956
0.201357 0.374845 0.904957
0.201358 0.692623 0.692624
0.201357 0.374846 0.904956
0.201357 0.374846 0.904956
0.201358 0.692623 0.692624
0.201358 0.692624 0.692624
0.201359 0.904956 0.374846
0.201358 0.692623 0.692624
0.201359 0.904956 0.374845
0.201358 0.692623 0.692624
0.201359 0.904956 0.374846
0.201358 0.692624 0.692624
0.201360 0.979517 -0.000000
0.201359 0.904956 0.374845
0.201360 0.979517 -0.000000
0.201359 0.904956 0.374845
0.201360 0.979517 -0.000000
0.201359 0.904956 0.374846
0.201361 0.904956 -0.374845
0.201361 0.904956 -0.374846
0.201360 0.979517 -0.000000
0.201361 0.904956 -0.374845
0.201360 0.979517 -0.000000
0.201360 0.979517 -0.000000
0.201362 0.692623 -0.692623
0.201362 0.692622 -0.692624
0.201361 0.904956 -0.374846
0.201362 0.692623 -0.692623
0.201361 0.904956 -0.374846
0.201361 0.904956 -0.374845
0.201362 0.692623 -0.692623
0.201359 0.374845 -0.904956
0.201362 0.692622 -0.692624
0.201359 0.374845 -0.904956
0.201362 0.692623 -0.692623
0.201359 0.374844 -0.904957
0.201359 0.374844 -0.904957
0.201357 0.000000 -0.979518
0.201359 0.374845 -0.904956
0.201357 0.000000 -0.979518
0.201359 0.374844 -0.904957
0.201357 0.000000 -0.979518
1.000000 -0.000003 0.000002
1.000000 -0.000003 0.000002
1.000000 0.000000 0.000000
1.000000 0.000000 0.000000
1.000000 0.000000 0.000000
1.000000 -0.000003 0.000002
1.000000 -0.000003 0.000002
1.000000 -0.000003 0.000002
1.000000 -0.000003 0.000002
1.000000 -0.000003 0.000002
1.000000 -0.000003 0.000002
1.000000 -0.000003 0.000002
1.000000 -0.000003 0.000002
1.000000 0.000000 0.000000
1.000000 0.000000 0.000000
1.000000 0.000000 0.000000
1.000000 -0.000003 0.000002
1.000000 -0.000003 0.000002
1.000000 0.000000 0.000000
1.000000 0.000000 0.000000
1.000000 0.000000 0.000000
1.000000 0.000000 0.000000
1.000000 0.000000 0.000000
1.000000 0.000000 0.000000
1.000000 0.000000 0.000000
1.000000 0.000000 0.000000
1.000000 0.000000 0.000000
1.000000 0.000000 0.000000
1.000000 0.000000 0.000000
1.000000 0.000000 0.000000
1.000000 0.000000 0.000000
1.000000 0.000000 0.000000
1.000000 0.000000 0.000000
1.000000 0.000000 0.000000
1.000000 0.000000 0.000000
1.000000 0.000000 0.000000
1.000000 0.000000 0.000000
1.000000 0.000000 0.000000
1.000000 0.000000 0.000000
1.000000 0.000000 0.000000
1.000000 0.000000 0.000000
1.000000 0.000000 0.000000
1.000000 0.000000 0.000000
1.000000 0.000000 0.000000
1.000000 0.000000 0.000000
1.000000 0.000000 0.000000
1.000000 0.000000 0.000000
1.000000 0.000000 0.000000
1.000000 0.000000 0.000000
1.000000 0.000000 0.000000
1.000000 0.000000 0.000000
1.000000 0.000000 0.000000
1.000000 0.000000 0.000000
1.000000 0.000000 0.000000
1.000000 0.000000 0.000000
1.000000 0.000000 0.000000
1.000000 0.000000 0.000000
1.000000 0.000000 0.000000
1.000000 0.000000 0.000000
1.000000 0.000000 0.000000
1.000000 0.000000 0.000000
1.000000 0.000000 0.000000
1.000000 0.000000 0.000000
1.000000 0.000000 0.000000
1.000000 0.000000 0.000000
1.000000 0.000000 0.000000
1.000000 0.000000 0.000000
1.000000 0.000000 0.000000
1.000000 0.000000 0.000000
1.000000 0.000000 0.000000
1.000000 0.000000 0.000000
1.000000 0.000000 0.000000
1.000000 0.000000 0.000000
1.000000 0.000000 0.000000
1.000000 0.000000 0.000000
1.000000 0.000000 0.000000
1.000000 0.000000 0.000000
1.000000 0.000000 0.000000
1.000000 0.000003 0.000002
1.000000 0.000000 0.000000
1.000000 0.000003 0.000002
1.000000 0.000000 0.000000
1.000000 0.000003 0.000002
1.000000 0.000000 0.000000
1.000000 0.000003 0.000002
1.000000 0.000003 0.000002
1.000000 0.000003 0.000002
1.000000 0.000003 0.000002
1.000000 0.000003 0.000002
1.000000 0.000003 0.000002
1.000000 0.000000 0.000000
1.000000 0.000003 0.000002
1.000000 0.000000 0.000000
1.000000 0.000003 0.000002
1.000000 0.000000 0.000000
1.000000 0.000003 0.000002
0.159535 0.377784 0.912046
0.159535 0.377782 0.912047
0.159533 -0.000000 0.987193
0.159535 0.377784 0.912046
0.159533 -0.000000 0.987193
0.159533 -0.000000 0.987192
0.159535 0.698052 0.698049
0.159536 0.698050 0.698050
0.159535 0.377782 0.912047
0.159535 0.698052 0.698049
0.159535 0.377782 0.912047
0.159535 0.377784 0.912046
0.159535 0.698052 0.698049
0.159534 0.912046 0.377785
0.159536 0.698050 0.698050
0.159534 0.912046 0.377785
0.159535 0.698052 0.698049
0.159534 0.912046 0.377784
0.159534 0.912046 0.377784
0.159533 0.987193 -0.000002
0.159534 0.912046 0.377785
0.159533 0.987193 -0.000002
0.159534 0.912046 0.377784
0.159533 0.987193 0.000002
0.159533 0.987193 0.000002
0.159535 0.912046 -0.377783
0.159533 0.987193 -0.000002
0.159533 0.987193 -0.000002
0.159535 0.912046 -0.377783
0.159535 0.912046 -0.377784
0.159535 0.912046 -0.377784
0.159535 0.912046 -0.377783
0.159536 0.698052 -0.698048
0.159535 0.912046 -0.377784
0.159536 0.698052 -0.698048
0.159536 0.698052 -0.698049
0.159538 0.377788 -0.912044
0.159536 0.698052 -0.698048
0.159538 0.377788 -0.912044
0.159536 0.698052 -0.698048
0.159538 0.377788 -0.912044
0.159536 0.698052 -0.698049
0.159540 0.000000 -0.987191
0.159538 0.377788 -0.912044
0.159540 0.000000 -0.987191
0.159538 0.377788 -0.912044
0.159540 0.000000 -0.987191
0.159538 0.377788 -0.912044
0.159538 -0.377788 -0.912044
0.159538 -0.377787 -0.912044
0.159540 0.000000 -0.987191
0.159538 -0.377788 -0.912044
0.159540 0.000000 -0.987191
0.159540 0.000000 -0.987191
0.159536 -0.698051 -0.698050
0.159536 -0.698050 -0.698050
0.159538 -0.377787 -0.912044
0.159536 -0.698051 -0.698050
0.159538 -0.377787 -0.912044
0.159538 -0.377788 -0.912044
0.159535 -0.912046 -0.377784
0.159536 -0.698051 -0.698050
0.159535 -0.912046 -0.377783
0.159536 -0.698051 -0.698050
0.159535 -0.912046 -0.377784
0.159536 -0.698050 -0.698050
0.159534 -0.987193 0.000002
0.159535 -0.912046 -0.377783
0.159534 -0.987192 0.000002
0.159535 -0.912046 -0.377783
0.159534 -0.987193 0.000002
0.159535 -0.912046 -0.377784
0.159535 -0.912046 0.377784
0.159535 -0.912045 0.377786
0.159534 -0.987193 0.000002
0.159535 -0.912046 0.377784
0.159534 -0.987193 0.000002
0.159534 -0.987192 0.000002
0.159536 -0.698051 0.698049
0.159536 -0.698050 0.698051
0.159535 -0.912045 0.377786
0.159536 -0.698051 0.698049
0.159535 -0.912045 0.377786
0.159535 -0.912046 0.377784
0.159535 -0.377782 0.912047
0.159536 -0.698051 0.698049
0.159535 -0.377783 0.912046
0.159536 -0.698051 0.698049
0.159535 -0.377782 0.912047
0.159536 -0.698050 0.698051
0.159533 -0.000000 0.987193
0.159535 -0.377783 0.912046
0.159533 -0.000000 0.987192
0.159535 -0.377783 0.912046
0.159533 -0.000000 0.987193
0.159535 -0.377782 0.912047
1.000000 -0.000000 0.000004
1.000000 0.000000 0.000001
1.000000 -0.000003 0.000006
1.000000 -0.000003 0.000006
1.000000 0.000000 0.000001
1.000000 -0.000004 0.000004
1.000000 -0.000004 0.000004
1.000000 0.000000 0.000001
1.000000 0.000000 0.000000
1.000000 0.000000 0.000000
1.000000 0.000000 0.000001
1.000000 0.000000 0.000000
1.000000 0.000000 0.000000
1.000000 0.000000 0.000001
1.000000 0.000000 0.000000
1.000000 0.000000 0.000000
1.000000 0.000000 0.000001
1.000000 0.000000 0.000000
1.000000 0.000000 0.000000
1.000000 0.000000 0.000001
1.000000 0.000000 0.000000
1.000000 0.000000 0.000000
1.000000 0.000000 0.000001
1.000000 0.000000 0.000000
1.000000 0.000000 0.000000
1.000000 0.000000 0.000001
1.000000 0.000000 0.000000
1.000000 0.000000 0.000000
1.000000 0.000000 0.000001
1.000000 0.000000 0.000000
1.000000 0.000000 0.000000
1.000000 0.000000 0.000001
1.000000 0.000000 0.000000
1.000000 0.000000 0.000000
1.000000 0.000000 0.000001
1.000000 0.000000 0.000000
1.000000 0.000000 0.000000
1.000000 0.000000 0.000001
1.000000 0.000000 0.000000
1.000000 0.000000 0.000000
1.000000 0.000000 0.000001
1.000000 0.000004 0.000004
1.000000 0.000004 0.000004
1.000000 0.000000 0.000001
1.000000 0.000003 0.000006
1.000000 0.000003 0.000006
1.000000 0.000000 0.000001
1.000000 -0.000000 0.000004
-0.999605 -0.000000 -0.028094
-0.999605 -0.000000 -0.028094
-0.955471 -0.285541 0.074440
-0.955471 -0.285541 0.074440
-0.999605 -0.000000 -0.028094
-0.992094 -0.123738 -0.020942
-0.918091 0.394224 0.041181
-0.999605 -0.000000 -0.028094
-0.999605 -0.000000 -0.028094
-0.999605 -0.000000 -0.028094
-0.918091 0.394224 0.041181
-0.964320 0.259380 -0.053002
-0.999605 -0.000000 -0.028094
-0.999605 -0.000000 -0.028094
-0.999605 -0.000000 -0.028094
-0.999605 -0.000000 -0.028094
-0.999605 -0.000000 -0.028094
-0.999605 -0.000000 -0.028094
0.949782 -0.285540 0.127988
0.999605 0.000000 0.028094
0.999605 0.000000 0.028094
0.999605 0.000000 0.028094
0.949782 -0.285540 0.127988
0.991704 -0.123738 0.034813
0.914329 0.394224 0.092681
0.999605 0.000000 0.028094
0.965775 0.259380 0.001243
0.999605 0.000000 0.028094
0.914329 0.394224 0.092681
0.999605 0.000000 0.028094
0.999605 0.000000 0.028094
0.999605 0.000000 0.028094
0.999605 0.000000 0.028094
0.999605 0.000000 0.028094
0.999605 0.000000 0.028094
0.999605 0.000000 0.028094
-0.936833 -0.105528 0.333478
-0.948752 -0.028503 0.314734
-0.947852 -0.036068 0.316663
-0.936833 -0.105528 0.333478
-0.947852 -0.036068 0.316663
-0.936833 -0.105528 0.333478
-0.916197 0.177947 0.359053
-0.935301 0.118666 0.333361
-0.941726 0.094917 0.322713
-0.935301 0.118666 0.333361
-0.916197 0.177947 0.359053
-0.916196 0.177947 0.359053
-0.941726 0.094917 0.322713
-0.947852 -0.036068 0.316663
-0.948752 -0.028503 0.314734
-0.947852 -0.036068 0.316663
-0.941726 0.094917 0.322713
-0.935301 0.118666 0.333361
0.916624 -0.105528 0.385570
0.928570 -0.036068 0.369401
0.929576 -0.028502 0.367526
0.928570 -0.036068 0.369401
0.916624 -0.105528 0.385570
0.916624 -0.105528 0.385570
0.894584 0.177947 0.409945
0.922113 0.094917 0.375097
0.915101 0.118667 0.385368
0.894584 0.177947 0.409945
0.915101 0.118667 0.385368
0.894584 0.177947 0.409945
0.922113 0.094917 0.375097
0.929576 -0.028502 0.367526
0.928570 -0.036068 0.369401
0.922113 0.094917 0.375097
0.928570 -0.036068 0.369401
0.915101 0.118667 0.385368
-0.815750 0.578166 -0.016636
-0.964320 0.259380 -0.053002
-0.918091 0.394224 0.041181
-0.964320 0.259380 -0.053002
-0.815750 0.578166 -0.016636
-0.860447 0.504062 -0.074515
0.815396 0.578166 0.029208
0.965775 0.259380 0.001243
0.863274 0.504062 -0.026070
0.965775 0.259380 0.001243
0.815396 0.578166 0.029208
0.914329 0.394224 0.092681
-0.918091 0.394224 0.041181
-0.733488 0.628542 0.258709
-0.815750 0.578166 -0.016636
0.731919 0.557257 0.392121
0.914329 0.394224 0.092681
0.717799 0.628542 0.299497
-0.918091 0.394224 0.041181
-0.752789 0.557255 0.350394
-0.733488 0.628542 0.258709
0.914329 0.394224 0.092681
0.815396 0.578166 0.029208
0.717799 0.628542 0.299497
-0.955471 -0.285541 0.074440
-0.874079 -0.485633 0.012054
-0.859407 -0.501134 0.101412
0.991704 -0.123738 0.034813
0.949782 -0.285540 0.127988
0.872023 -0.485632 0.061129
-0.877062 -0.317811 0.360218
-0.955471 -0.285541 0.074440
-0.871341 -0.397156 0.288152
0.949782 -0.285540 0.127988
0.853782 -0.397155 0.336638
0.852355 -0.501134 0.149521
-0.955471 -0.285541 0.074440
-0.859407 -0.501134 0.101412
-0.871341 -0.397156 0.288152
0.949782 -0.285540 0.127988
0.855446 -0.317810 0.408911
0.853782 -0.397155 0.336638
-0.986955 -0.007453 -0.160826
-0.987333 -0.008021 -0.158457
-0.987333 -0.008021 -0.158457
-0.987333 -0.008021 -0.158457
-0.986955 -0.007453 -0.160826
-0.986927 -0.007412 -0.160995
-0.979594 0.110355 -0.167979
-0.984942 -0.005923 -0.172783
-0.985027 -0.005969 -0.172297
-0.984942 -0.005923 -0.172783
-0.979594 0.110355 -0.167979
-0.978854 0.118263 -0.166908
-0.985027 -0.005969 -0.172297
-0.986927 -0.007412 -0.160995
-0.986955 -0.007453 -0.160826
-0.986927 -0.007412 -0.160995
-0.985027 -0.005969 -0.172297
-0.984942 -0.005923 -0.172783
0.994675 -0.008021 -0.102752
0.994675 -0.008021 -0.102752
0.994430 -0.007452 -0.105139
0.994430 -0.007452 -0.105139
0.994675 -0.008021 -0.102752
0.994412 -0.007412 -0.105309
0.987482 0.110355 -0.112694
0.993149 -0.005969 -0.116700
0.993092 -0.005922 -0.117191
0.987482 0.110355 -0.112694
0.993092 -0.005922 -0.117191
0.986684 0.118263 -0.111667
0.994430 -0.007452 -0.105139
0.994412 -0.007412 -0.105309
0.993149 -0.005969 -0.116700
0.993149 -0.005969 -0.116700
0.994412 -0.007412 -0.105309
0.993092 -0.005922 -0.117191
-0.953231 0.265297 -0.144804
-0.979594 0.110355 -0.167979
-0.953231 0.265297 -0.144804
-0.979594 0.110355 -0.167979
-0.953231 0.265297 -0.144804
-0.978854 0.118263 -0.166908
0.959859 0.265297 -0.091036
0.959859 0.265297 -0.091036
0.987482 0.110355 -0.112694
0.987482 0.110355 -0.112694
0.986684 0.118263 -0.111667
0.959859 0.265297 -0.091036
-0.955471 -0.285541 0.074440
-0.992094 -0.123738 -0.020942
-0.874079 -0.485633 0.012054
0.949782 -0.285540 0.127988
0.852355 -0.501134 0.149521
0.872023 -0.485632 0.061129
0.011191 -0.917251 -0.398153
0.011191 -0.917251 -0.398153
0.011677 -0.909552 -0.415425
0.011191 -0.917251 -0.398153
0.010747 -0.923959 -0.382341
0.011191 -0.917251 -0.398153
0.992678 -0.000000 0.120794
0.999468 -0.000000 0.032610
0.917115 0.379880 0.120794
0.917115 0.379880 0.120794
0.999468 -0.000000 0.032610
0.923388 0.382479 0.032610
0.917115 0.379880 0.120794
0.923388 0.382479 0.032610
0.701929 0.701929 0.120795
0.923388 0.382479 0.032610
0.706730 0.706731 0.032610
0.701929 0.701929 0.120795
0.701929 0.701929 0.120795
0.382480 0.923388 0.032610
0.379881 0.917115 0.120795
0.382480 0.923388 0.032610
0.701929 0.701929 0.120795
0.706730 0.706731 0.032610
0.379881 0.917115 0.120795
0.000000 0.999468 0.032610
0.000000 0.992678 0.120795
0.000000 0.999468 0.032610
0.379881 0.917115 0.120795
0.382480 0.923388 0.032610
0.000000 0.992678 0.120795
0.000000 0.999468 0.032610
-0.379881 0.917115 0.120795
-0.379881 0.917115 0.120795
0.000000 0.999468 0.032610
-0.382480 0.923388 0.032610
-0.379881 0.917115 0.120795
-0.382480 0.923388 0.032610
-0.701929 0.701929 0.120795
-0.382480 0.923388 0.032610
-0.706730 0.706731 0.032610
-0.701929 0.701929 0.120795
-0.701929 0.701929 0.120795
-0.923388 0.382480 0.032610
-0.917114 0.379881 0.120794
-0.923388 0.382480 0.032610
-0.701929 0.701929 0.120795
-0.706730 0.706731 0.032610
-0.917114 0.379881 0.120794
-0.999468 0.000000 0.032610
-0.992678 0.000000 0.120794
-0.999468 0.000000 0.032610
-0.917114 0.379881 0.120794
-0.923388 0.382480 0.032610
-0.992678 0.000000 0.120794
-0.999468 0.000000 0.032610
-0.917114 -0.379881 0.120795
-0.917114 -0.379881 0.120795
-0.999468 0.000000 0.032610
-0.923388 -0.382480 0.032610
-0.917114 -0.379881 0.120795
-0.923388 -0.382480 0.032610
-0.701929 -0.701929 0.120795
-0.923388 -0.382480 0.032610
-0.706731 -0.706730 0.032610
-0.701929 -0.701929 0.120795
-0.701929 -0.701929 0.120795
-0.382480 -0.923388 0.032610
-0.379881 -0.917114 0.120795
-0.382480 -0.923388 0.032610
-0.701929 -0.701929 0.120795
-0.706731 -0.706730 0.032610
-0.379881 -0.917114 0.120795
0.000000 -0.999468 0.032610
0.000000 -0.992678 0.120794
0.000000 -0.999468 0.032610
-0.379881 -0.917114 0.120795
-0.382480 -0.923388 0.032610
0.000000 -0.992678 0.120794
0.000000 -0.999468 0.032610
0.379882 -0.917114 0.120794
0.379882 -0.917114 0.120794
0.000000 -0.999468 0.032610
0.382481 -0.923388 0.032610
0.379882 -0.917114 0.120794
0.382481 -0.923388 0.032610
0.701929 -0.701929 0.120794
0.382481 -0.923388 0.032610
0.706731 -0.706730 0.032610
0.701929 -0.701929 0.120794
0.701929 -0.701929 0.120794
0.923388 -0.382480 0.032610
0.917115 -0.379881 0.120794
0.923388 -0.382480 0.032610
0.701929 -0.701929 0.120794
0.706731 -0.706730 0.032610
0.917115 -0.379881 0.120794
0.999468 -0.000000 0.032610
0.992678 -0.000000 0.120794
0.999468 -0.000000 0.032610
0.917115 -0.379881 0.120794
0.923388 -0.382480 0.032610
0.984134 -0.000000 0.177427
0.992678 -0.000000 0.120794
0.909222 0.376611 0.177427
0.909222 0.376611 0.177427
0.992678 -0.000000 0.120794
0.917115 0.379880 0.120794
0.909222 0.376611 0.177427
0.917115 0.379880 0.120794
0.695887 0.695888 0.177427
0.917115 0.379880 0.120794
0.701929 0.701929 0.120795
0.695887 0.695888 0.177427
0.695887 0.695888 0.177427
0.379881 0.917115 0.120795
0.376611 0.909222 0.177427
0.379881 0.917115 0.120795
0.695887 0.695888 0.177427
0.701929 0.701929 0.120795
0.376611 0.909222 0.177427
0.000000 0.992678 0.120795
0.000000 0.984134 0.177427
0.000000 0.992678 0.120795
0.376611 0.909222 0.177427
0.379881 0.917115 0.120795
0.000000 0.984134 0.177427
0.000000 0.992678 0.120795
-0.376611 0.909221 0.177427
-0.376611 0.909221 0.177427
0.000000 0.992678 0.120795
-0.379881 0.917115 0.120795
-0.376611 0.909221 0.177427
-0.379881 0.917115 0.120795
-0.695887 0.695888 0.177427
-0.379881 0.917115 0.120795
-0.701929 0.701929 0.120795
-0.695887 0.695888 0.177427
-0.695887 0.695888 0.177427
-0.917114 0.379881 0.120794
-0.909221 0.376612 0.177427
-0.917114 0.379881 0.120794
-0.695887 0.695888 0.177427
-0.701929 0.701929 0.120795
-0.909221 0.376612 0.177427
-0.992678 0.000000 0.120794
-0.984134 0.000000 0.177426
-0.992678 0.000000 0.120794
-0.909221 0.376612 0.177427
-0.917114 0.379881 0.120794
-0.984134 0.000000 0.177426
-0.992678 0.000000 0.120794
-0.909221 -0.376612 0.177427
-0.909221 -0.376612 0.177427
-0.992678 0.000000 0.120794
-0.917114 -0.379881 0.120795
-0.909221 -0.376612 0.177427
-0.917114 -0.379881 0.120795
-0.695888 -0.695887 0.177427
-0.917114 -0.379881 0.120795
-0.701929 -0.701929 0.120795
-0.695888 -0.695887 0.177427
-0.695888 -0.695887 0.177427
-0.379881 -0.917114 0.120795
-0.376612 -0.909221 0.177427
-0.379881 -0.917114 0.120795
-0.695888 -0.695887 0.177427
-0.701929 -0.701929 0.120795
-0.376612 -0.909221 0.177427
0.000000 -0.992678 0.120794
0.000000 -0.984134 0.177427
0.000000 -0.992678 0.120794
-0.376612 -0.909221 0.177427
-0.379881 -0.917114 0.120795
0.000000 -0.984134 0.177427
0.000000 -0.992678 0.120794
0.376612 -0.909221 0.177427
0.376612 -0.909221 0.177427
0.000000 -0.992678 0.120794
0.379882 -0.917114 0.120794
0.376612 -0.909221 0.177427
0.379882 -0.917114 0.120794
0.695888 -0.695887 0.177427
0.379882 -0.917114 0.120794
0.701929 -0.701929 0.120794
0.695888 -0.695887 0.177427
0.695888 -0.695887 0.177427
0.917115 -0.379881 0.120794
0.909221 -0.376611 0.177427
0.917115 -0.379881 0.120794
0.695888 -0.695887 0.177427
0.701929 -0.701929 0.120794
0.909221 -0.376611 0.177427
0.992678 -0.000000 0.120794
0.984134 -0.000000 0.177427
0.992678 -0.000000 0.120794
0.909221 -0.376611 0.177427
0.917115 -0.379881 0.120794
0.659235 0.273064 0.700603
0.713550 0.000001 0.700604
0.713550 0.000001 0.700604
0.713550 0.000001 0.700604
0.659235 0.273063 0.700603
0.659235 0.273064 0.700603
0.659235 0.273064 0.700603
0.504556 0.504555 0.700605
0.504556 0.504555 0.700605
0.504556 0.504555 0.700605
0.659235 0.273064 0.700603
0.659235 0.273063 0.700603
0.504556 0.504555 0.700605
0.273062 0.659234 0.700605
0.273062 0.659234 0.700605
0.273062 0.659234 0.700605
0.504556 0.504555 0.700605
0.504556 0.504555 0.700605
0.273062 0.659234 0.700605
-0.000001 0.713550 0.700604
-0.000001 0.713550 0.700604
-0.000001 0.713550 0.700604
0.273062 0.659234 0.700605
0.273062 0.659234 0.700605
-0.273063 0.659234 0.700604
-0.000001 0.713550 0.700604
-0.000001 0.713550 0.700604
-0.000001 0.713550 0.700604
-0.273063 0.659234 0.700604
-0.273063 0.659234 0.700604
-0.273063 0.659234 0.700604
-0.504556 0.504555 0.700605
-0.273063 0.659234 0.700604
-0.504556 0.504555 0.700605
-0.273063 0.659234 0.700604
-0.504556 0.504555 0.700605
-0.504556 0.504555 0.700605
-0.659233 0.273066 0.700605
-0.504556 0.504555 0.700605
-0.659233 0.273066 0.700605
-0.504556 0.504555 0.700605
-0.659233 0.273065 0.700605
-0.659233 0.273066 0.700605
-0.713547 0.000003 0.700608
-0.713547 0.000002 0.700608
-0.713547 0.000003 0.700608
-0.659233 0.273066 0.700605
-0.659233 0.273065 0.700605
-0.659230 -0.273062 0.700609
-0.713547 0.000002 0.700608
-0.713547 0.000003 0.700608
-0.713547 0.000003 0.700608
-0.659230 -0.273063 0.700609
-0.659230 -0.273062 0.700609
-0.504553 -0.504554 0.700608
-0.659230 -0.273063 0.700609
-0.504552 -0.504555 0.700608
-0.659230 -0.273063 0.700609
-0.504553 -0.504554 0.700608
-0.659230 -0.273062 0.700609
-0.273062 -0.659231 0.700608
-0.504552 -0.504555 0.700608
-0.273061 -0.659231 0.700608
-0.504552 -0.504555 0.700608
-0.273062 -0.659231 0.700608
-0.504553 -0.504554 0.700608
-0.273062 -0.659231 0.700608
0.000000 -0.713545 0.700609
0.000000 -0.713545 0.700609
0.000000 -0.713545 0.700609
-0.273062 -0.659231 0.700608
-0.273061 -0.659231 0.700608
0.273061 -0.659230 0.700609
0.000000 -0.713545 0.700609
0.000000 -0.713545 0.700609
0.000000 -0.713545 0.700609
0.273061 -0.659230 0.700609
0.273061 -0.659230 0.700609
0.273061 -0.659230 0.700609
0.504552 -0.504554 0.700609
0.504553 -0.504553 0.700609
0.504552 -0.504554 0.700609
0.273061 -0.659230 0.700609
0.273061 -0.659230 0.700609
0.659232 -0.273063 0.700607
0.504553 -0.504553 0.700609
0.504552 -0.504554 0.700609
0.504553 -0.504553 0.700609
0.659232 -0.273063 0.700607
0.659232 -0.273062 0.700607
0.659232 -0.273062 0.700607
0.713550 0.000001 0.700604
0.713550 0.000001 0.700604
0.713550 0.000001 0.700604
0.659232 -0.273062 0.700607
0.659232 -0.273063 0.700607
0.972362 -0.000001 0.233478
0.996540 -0.000000 0.083119
0.898345 0.372107 0.233478
0.898345 0.372107 0.233478
0.996540 -0.000000 0.083119
0.920682 0.381359 0.083120
0.898345 0.372107 0.233478
0.920682 0.381359 0.083120
0.687564 0.687563 0.233479
0.920682 0.381359 0.083120
0.704660 0.704660 0.083120
0.687564 0.687563 0.233479
0.687564 0.687563 0.233479
0.381359 0.920683 0.083120
0.372106 0.898345 0.233479
0.381359 0.920683 0.083120
0.687564 0.687563 0.233479
0.704660 0.704660 0.083120
0.372106 0.898345 0.233479
-0.000000 0.996540 0.083120
-0.000001 0.972362 0.233479
-0.000000 0.996540 0.083120
0.372106 0.898345 0.233479
0.381359 0.920683 0.083120
-0.000001 0.972362 0.233479
-0.000000 0.996540 0.083120
-0.372107 0.898345 0.233479
-0.372107 0.898345 0.233479
-0.000000 0.996540 0.083120
-0.381359 0.920683 0.083121
-0.372107 0.898345 0.233479
-0.381359 0.920683 0.083121
-0.687564 0.687564 0.233479
-0.381359 0.920683 0.083121
-0.704660 0.704660 0.083120
-0.687564 0.687564 0.233479
-0.687564 0.687564 0.233479
-0.920682 0.381360 0.083119
-0.898345 0.372108 0.233479
-0.920682 0.381360 0.083119
-0.687564 0.687564 0.233479
-0.704660 0.704660 0.083120
-0.898345 0.372108 0.233479
-0.996540 0.000001 0.083119
-0.972362 0.000000 0.233479
-0.996540 0.000001 0.083119
-0.898345 0.372108 0.233479
-0.920682 0.381360 0.083119
-0.972362 0.000000 0.233479
-0.996540 0.000001 0.083119
-0.898345 -0.372107 0.233479
-0.898345 -0.372107 0.233479
-0.996540 0.000001 0.083119
-0.920683 -0.381359 0.083118
-0.898345 -0.372107 0.233479
-0.920683 -0.381359 0.083118
-0.687563 -0.687564 0.233479
-0.920683 -0.381359 0.083118
-0.704660 -0.704660 0.083118
-0.687563 -0.687564 0.233479
-0.687563 -0.687564 0.233479
-0.381359 -0.920683 0.083118
-0.372107 -0.898346 0.233478
-0.381359 -0.920683 0.083118
-0.687563 -0.687564 0.233479
-0.704660 -0.704660 0.083118
-0.372107 -0.898346 0.233478
0.000000 -0.996540 0.083118
0.000000 -0.972362 0.233479
0.000000 -0.996540 0.083118
-0.372107 -0.898346 0.233478
-0.381359 -0.920683 0.083118
0.000000 -0.972362 0.233479
0.000000 -0.996540 0.083118
0.372107 -0.898345 0.233478
0.372107 -0.898345 0.233478
0.000000 -0.996540 0.083118
0.381360 -0.920682 0.083118
0.372107 -0.898345 0.233478
0.381360 -0.920682 0.083118
0.687564 -0.687564 0.233479
0.381360 -0.920682 0.083118
0.704660 -0.704660 0.083118
0.687564 -0.687564 0.233479
0.687564 -0.687564 0.233479
0.920683 -0.381359 0.083119
0.898345 -0.372107 0.233478
0.920683 -0.381359 0.083119
0.687564 -0.687564 0.233479
0.704660 -0.704660 0.083118
0.898345 -0.372107 0.233478
0.996540 -0.000000 0.083119
0.972362 -0.000001 0.233478
0.996540 -0.000000 0.083119
0.898345 -0.372107 0.233478
0.920683 -0.381359 0.083119
0.807989 0.334680 0.484916
0.874561 -0.000000 0.484915
0.972362 -0.000001 0.233478
0.807989 0.334680 0.484916
0.972362 -0.000001 0.233478
0.898345 0.372107 0.233478
0.618408 0.618408 0.484916
0.807989 0.334680 0.484916
0.898345 0.372107 0.233478
0.898345 0.372107 0.233478
0.687564 0.687563 0.233479
0.618408 0.618408 0.484916
0.618408 0.618408 0.484916
0.372106 0.898345 0.233479
0.334679 0.807989 0.484916
0.372106 0.898345 0.233479
0.618408 0.618408 0.484916
0.687564 0.687563 0.233479
0.334679 0.807989 0.484916
-0.000001 0.972362 0.233479
-0.000001 0.874561 0.484915
-0.000001 0.972362 0.233479
0.334679 0.807989 0.484916
0.372106 0.898345 0.233479
-0.334680 0.807989 0.484915
-0.000001 0.874561 0.484915
-0.000001 0.972362 0.233479
-0.334680 0.807989 0.484915
-0.000001 0.972362 0.233479
-0.372107 0.898345 0.233479
-0.618408 0.618408 0.484915
-0.334680 0.807989 0.484915
-0.372107 0.898345 0.233479
-0.372107 0.898345 0.233479
-0.687564 0.687564 0.233479
-0.618408 0.618408 0.484915
-0.618408 0.618408 0.484915
-0.898345 0.372108 0.233479
-0.807988 0.334682 0.484915
-0.898345 0.372108 0.233479
-0.618408 0.618408 0.484915
-0.687564 0.687564 0.233479
-0.807988 0.334682 0.484915
-0.972362 0.000000 0.233479
-0.874561 0.000001 0.484916
-0.972362 0.000000 0.233479
-0.807988 0.334682 0.484915
-0.898345 0.372108 0.233479
-0.807988 -0.334680 0.484916
-0.874561 0.000001 0.484916
-0.972362 0.000000 0.233479
-0.807988 -0.334680 0.484916
-0.972362 0.000000 0.233479
-0.898345 -0.372107 0.233479
-0.618407 -0.618408 0.484917
-0.807988 -0.334680 0.484916
-0.898345 -0.372107 0.233479
-0.898345 -0.372107 0.233479
-0.687563 -0.687564 0.233479
-0.618407 -0.618408 0.484917
-0.618407 -0.618408 0.484917
-0.372107 -0.898346 0.233478
-0.334679 -0.807989 0.484916
-0.372107 -0.898346 0.233478
-0.618407 -0.618408 0.484917
-0.687563 -0.687564 0.233479
-0.334679 -0.807989 0.484916
0.000000 -0.972362 0.233479
0.000000 -0.874561 0.484916
0.000000 -0.972362 0.233479
-0.334679 -0.807989 0.484916
-0.372107 -0.898346 0.233478
0.334680 -0.807989 0.484916
0.000000 -0.874561 0.484916
0.000000 -0.972362 0.233479
0.334680 -0.807989 0.484916
0.000000 -0.972362 0.233479
0.372107 -0.898345 0.233478
0.618408 -0.618408 0.484916
0.334680 -0.807989 0.484916
0.372107 -0.898345 0.233478
0.372107 -0.898345 0.233478
0.687564 -0.687564 0.233479
0.618408 -0.618408 0.484916
0.618408 -0.618408 0.484916
0.898345 -0.372107 0.233478
0.807989 -0.334680 0.484916
0.898345 -0.372107 0.233478
0.618408 -0.618408 0.484916
0.687564 -0.687564 0.233479
0.807989 -0.334680 0.484916
0.972362 -0.000001 0.233478
0.874561 -0.000000 0.484915
0.972362 -0.000001 0.233478
0.807989 -0.334680 0.484916
0.898345 -0.372107 0.233478
0.696890 -0.000000 0.717178
0.874561 -0.000000 0.484915
0.643841 0.266689 0.717179
0.874561 -0.000000 0.484915
0.807989 0.334680 0.484916
0.643841 0.266689 0.717179
0.618408 0.618408 0.484916
0.492775 0.492775 0.717179
0.807989 0.334680 0.484916
0.643841 0.266689 0.717179
0.807989 0.334680 0.484916
0.492775 0.492775 0.717179
0.492775 0.492775 0.717179
0.334679 0.807989 0.484916
0.266688 0.643842 0.717178
0.334679 0.807989 0.484916
0.492775 0.492775 0.717179
0.618408 0.618408 0.484916
0.266688 0.643842 0.717178
-0.000001 0.874561 0.484915
-0.000001 0.696890 0.717178
-0.000001 0.874561 0.484915
0.266688 0.643842 0.717178
0.334679 0.807989 0.484916
-0.000001 0.696890 0.717178
-0.000001 0.874561 0.484915
-0.266688 0.643842 0.717178
-0.000001 0.874561 0.484915
-0.334680 0.807989 0.484915
-0.266688 0.643842 0.717178
-0.618408 0.618408 0.484915
-0.492776 0.492775 0.717178
-0.334680 0.807989 0.484915
-0.266688 0.643842 0.717178
-0.334680 0.807989 0.484915
-0.492776 0.492775 0.717178
-0.492776 0.492775 0.717178
-0.807988 0.334682 0.484915
-0.643842 0.266689 0.717178
-0.807988 0.334682 0.484915
-0.492776 0.492775 0.717178
-0.618408 0.618408 0.484915
-0.643842 0.266689 0.717178
-0.874561 0.000001 0.484916
-0.696889 0.000000 0.717179
-0.874561 0.000001 0.484916
-0.643842 0.266689 0.717178
-0.807988 0.334682 0.484915
-0.696889 0.000000 0.717179
-0.874561 0.000001 0.484916
-0.643842 -0.266688 0.717179
-0.874561 0.000001 0.484916
-0.807988 -0.334680 0.484916
-0.643842 -0.266688 0.717179
-0.618407 -0.618408 0.484917
-0.492776 -0.492775 0.717178
-0.807988 -0.334680 0.484916
-0.643842 -0.266688 0.717179
-0.807988 -0.334680 0.484916
-0.492776 -0.492775 0.717178
-0.492776 -0.492775 0.717178
-0.334679 -0.807989 0.484916
-0.266687 -0.643843 0.717178
-0.334679 -0.807989 0.484916
-0.492776 -0.492775 0.717178
-0.618407 -0.618408 0.484917
-0.266687 -0.643843 0.717178
0.000000 -0.874561 0.484916
0.000000 -0.696890 0.717178
0.000000 -0.874561 0.484916
-0.266687 -0.643843 0.717178
-0.334679 -0.807989 0.484916
0.000000 -0.696890 0.717178
0.000000 -0.874561 0.484916
0.266688 -0.643842 0.717178
0.000000 -0.874561 0.484916
0.334680 -0.807989 0.484916
0.266688 -0.643842 0.717178
0.618408 -0.618408 0.484916
0.492776 -0.492775 0.717178
0.334680 -0.807989 0.484916
0.266688 -0.643842 0.717178
0.334680 -0.807989 0.484916
0.492776 -0.492775 0.717178
0.492776 -0.492775 0.717178
0.807989 -0.334680 0.484916
0.643842 -0.266689 0.717179
0.807989 -0.334680 0.484916
0.492776 -0.492775 0.717178
0.618408 -0.618408 0.484916
0.643842 -0.266689 0.717179
0.874561 -0.000000 0.484915
0.696890 -0.000000 0.717178
0.874561 -0.000000 0.484915
0.643842 -0.266689 0.717179
0.807989 -0.334680 0.484916
0.696890 -0.000000 0.717178
0.643841 0.266689 0.717179
0.000000 -0.000000 1.000000
0.643841 0.266689 0.717179
0.492775 0.492775 0.717179
0.000000 -0.000000 1.000000
0.492775 0.492775 0.717179
0.266688 0.643842 0.717178
0.000000 -0.000000 1.000000
0.266688 0.643842 0.717178
-0.000001 0.696890 0.717178
0.000000 -0.000000 1.000000
-0.000001 0.696890 0.717178
-0.266688 0.643842 0.717178
0.000000 -0.000000 1.000000
-0.266688 0.643842 0.717178
-0.492776 0.492775 0.717178
0.000000 -0.000000 1.000000
-0.492776 0.492775 0.717178
-0.643842 0.266689 0.717178
0.000000 -0.000000 1.000000
-0.643842 0.266689 0.717178
-0.696889 0.000000 0.717179
0.000000 -0.000000 1.000000
-0.696889 0.000000 0.717179
-0.643842 -0.266688 0.717179
0.000000 -0.000000 1.000000
-0.643842 -0.266688 0.717179
-0.492776 -0.492775 0.717178
0.000000 -0.000000 1.000000
-0.492776 -0.492775 0.717178
-0.266687 -0.643843 0.717178
0.000000 -0.000000 1.000000
-0.266687 -0.643843 0.717178
0.000000 -0.696890 0.717178
0.000000 -0.000000 1.000000
0.000000 -0.696890 0.717178
0.266688 -0.643842 0.717178
0.000000 -0.000000 1.000000
0.266688 -0.643842 0.717178
0.492776 -0.492775 0.717178
0.000000 -0.000000 1.000000
0.492776 -0.492775 0.717178
0.643842 -0.266689 0.717179
0.000000 -0.000000 1.000000
0.643842 -0.266689 0.717179
0.696890 -0.000000 0.717178
0.000000 -0.000000 1.000000
0.999468 -0.000000 0.032610
0.996833 -0.000000 -0.079529
0.923388 0.382479 0.032610
0.923388 0.382479 0.032610
0.996833 -0.000000 -0.079529
0.920953 0.381471 -0.079529
0.923388 0.382479 0.032610
0.920953 0.381471 -0.079529
0.706730 0.706731 0.032610
0.706730 0.706731 0.032610
0.920953 0.381471 -0.079529
0.704866 0.704868 -0.079529
0.706730 0.706731 0.032610
0.704866 0.704868 -0.079529
0.382480 0.923388 0.032610
0.382480 0.923388 0.032610
0.704866 0.704868 -0.079529
0.381471 0.920953 -0.079529
0.382480 0.923388 0.032610
0.000000 0.996833 -0.079529
0.000000 0.999468 0.032610
0.000000 0.996833 -0.079529
0.382480 0.923388 0.032610
0.381471 0.920953 -0.079529
0.000000 0.999468 0.032610
0.000000 0.996833 -0.079529
-0.382480 0.923388 0.032610
-0.382480 0.923388 0.032610
0.000000 0.996833 -0.079529
-0.381471 0.920953 -0.079529
-0.382480 0.923388 0.032610
-0.381471 0.920953 -0.079529
-0.706730 0.706731 0.032610
-0.706730 0.706731 0.032610
-0.381471 0.920953 -0.079529
-0.704867 0.704868 -0.079529
-0.706730 0.706731 0.032610
-0.704867 0.704868 -0.079529
-0.923388 0.382480 0.032610
-0.923388 0.382480 0.032610
-0.704867 0.704868 -0.079529
-0.920953 0.381471 -0.079529
-0.923388 0.382480 0.032610
-0.920953 0.381471 -0.079529
-0.999468 0.000000 0.032610
-0.999468 0.000000 0.032610
-0.920953 0.381471 -0.079529
-0.996832 0.000000 -0.079529
-0.999468 0.000000 0.032610
-0.996832 0.000000 -0.079529
-0.923388 -0.382480 0.032610
-0.923388 -0.382480 0.032610
-0.996832 0.000000 -0.079529
-0.920953 -0.381471 -0.079529
-0.923388 -0.382480 0.032610
-0.704867 -0.704867 -0.079529
-0.706731 -0.706730 0.032610
-0.704867 -0.704867 -0.079529
-0.923388 -0.382480 0.032610
-0.920953 -0.381471 -0.079529
-0.706731 -0.706730 0.032610
-0.381472 -0.920953 -0.079529
-0.382480 -0.923388 0.032610
-0.381472 -0.920953 -0.079529
-0.706731 -0.706730 0.032610
-0.704867 -0.704867 -0.079529
-0.382480 -0.923388 0.032610
-0.381472 -0.920953 -0.079529
0.000000 -0.999468 0.032610
0.000000 -0.999468 0.032610
-0.381472 -0.920953 -0.079529
-0.000000 -0.996832 -0.079529
0.000000 -0.999468 0.032610
-0.000000 -0.996832 -0.079529
0.382481 -0.923388 0.032610
0.382481 -0.923388 0.032610
-0.000000 -0.996832 -0.079529
0.381472 -0.920953 -0.079529
0.382481 -0.923388 0.032610
0.381472 -0.920953 -0.079529
0.706731 -0.706730 0.032610
0.706731 -0.706730 0.032610
0.381472 -0.920953 -0.079529
0.704867 -0.704867 -0.079529
0.706731 -0.706730 0.032610
0.920953 -0.381471 -0.079529
0.923388 -0.382480 0.032610
0.920953 -0.381471 -0.079529
0.706731 -0.706730 0.032610
0.704867 -0.704867 -0.079529
0.920953 -0.381471 -0.079529
0.999468 -0.000000 0.032610
0.923388 -0.382480 0.032610
0.999468 -0.000000 0.032610
0.920953 -0.381471 -0.079529
0.996833 -0.000000 -0.079529
0.996833 -0.000000 -0.079529
0.875725 0.362737 -0.318634
0.920953 0.381471 -0.079529
0.875725 0.362737 -0.318634
0.996833 -0.000000 -0.079529
0.947878 -0.000000 -0.318634
0.920953 0.381471 -0.079529
0.670250 0.670251 -0.318634
0.704866 0.704868 -0.079529
0.670250 0.670251 -0.318634
0.920953 0.381471 -0.079529
0.875725 0.362737 -0.318634
0.704866 0.704868 -0.079529
0.670250 0.670251 -0.318634
0.381471 0.920953 -0.079529
0.381471 0.920953 -0.079529
0.670250 0.670251 -0.318634
0.362737 0.875725 -0.318633
0.362737 0.875725 -0.318633
0.000000 0.996833 -0.079529
0.381471 0.920953 -0.079529
0.000000 0.996833 -0.079529
0.362737 0.875725 -0.318633
0.000000 0.947878 -0.318634
0.000000 0.996833 -0.079529
-0.362737 0.875725 -0.318633
-0.381471 0.920953 -0.079529
-0.362737 0.875725 -0.318633
0.000000 0.996833 -0.079529
0.000000 0.947878 -0.318634
-0.381471 0.920953 -0.079529
-0.670250 0.670252 -0.318634
-0.704867 0.704868 -0.079529
-0.670250 0.670252 -0.318634
-0.381471 0.920953 -0.079529
-0.362737 0.875725 -0.318633
-0.704867 0.704868 -0.079529
-0.670250 0.670252 -0.318634
-0.920953 0.381471 -0.079529
-0.920953 0.381471 -0.079529
-0.670250 0.670252 -0.318634
-0.875725 0.362738 -0.318634
-0.920953 0.381471 -0.079529
-0.875725 0.362738 -0.318634
-0.996832 0.000000 -0.079529
-0.996832 0.000000 -0.079529
-0.875725 0.362738 -0.318634
-0.947878 -0.000000 -0.318634
-0.996832 0.000000 -0.079529
-0.875725 -0.362737 -0.318634
-0.920953 -0.381471 -0.079529
-0.875725 -0.362737 -0.318634
-0.996832 0.000000 -0.079529
-0.947878 -0.000000 -0.318634
-0.920953 -0.381471 -0.079529
-0.670251 -0.670251 -0.318634
-0.704867 -0.704867 -0.079529
-0.670251 -0.670251 -0.318634
-0.920953 -0.381471 -0.079529
-0.875725 -0.362737 -0.318634
-0.704867 -0.704867 -0.079529
-0.670251 -0.670251 -0.318634
-0.381472 -0.920953 -0.079529
-0.381472 -0.920953 -0.079529
-0.670251 -0.670251 -0.318634
-0.362738 -0.875725 -0.318634
-0.381472 -0.920953 -0.079529
-0.362738 -0.875725 -0.318634
-0.000000 -0.996832 -0.079529
-0.000000 -0.996832 -0.079529
-0.362738 -0.875725 -0.318634
-0.000000 -0.947878 -0.318634
-0.000000 -0.996832 -0.079529
0.362738 -0.875725 -0.318634
0.381472 -0.920953 -0.079529
0.362738 -0.875725 -0.318634
-0.000000 -0.996832 -0.079529
-0.000000 -0.947878 -0.318634
0.381472 -0.920953 -0.079529
0.670251 -0.670251 -0.318634
0.704867 -0.704867 -0.079529
0.670251 -0.670251 -0.318634
0.381472 -0.920953 -0.079529
0.362738 -0.875725 -0.318634
0.704867 -0.704867 -0.079529
0.670251 -0.670251 -0.318634
0.920953 -0.381471 -0.079529
0.920953 -0.381471 -0.079529
0.670251 -0.670251 -0.318634
0.875725 -0.362737 -0.318634
0.920953 -0.381471 -0.079529
0.875725 -0.362737 -0.318634
0.996833 -0.000000 -0.079529
0.996833 -0.000000 -0.079529
0.875725 -0.362737 -0.318634
0.947878 -0.000000 -0.318634
0.947878 -0.000000 -0.318634
0.667353 0.276427 -0.691540
0.875725 0.362737 -0.318634
0.667353 0.276427 -0.691540
0.947878 -0.000000 -0.318634
0.722338 -0.000001 -0.691540
0.875725 0.362737 -0.318634
0.510770 0.510771 -0.691540
0.670250 0.670251 -0.318634
0.510770 0.510771 -0.691540
0.875725 0.362737 -0.318634
0.667353 0.276427 -0.691540
0.670250 0.670251 -0.318634
0.510770 0.510771 -0.691540
0.362737 0.875725 -0.318633
0.362737 0.875725 -0.318633
0.510770 0.510771 -0.691540
0.276426 0.667353 -0.691540
0.362737 0.875725 -0.318633
0.276426 0.667353 -0.691540
0.000000 0.947878 -0.318634
0.000000 0.947878 -0.318634
0.276426 0.667353 -0.691540
-0.000000 0.722339 -0.691540
0.000000 0.947878 -0.318634
-0.276427 0.667353 -0.691540
-0.362737 0.875725 -0.318633
-0.276427 0.667353 -0.691540
0.000000 0.947878 -0.318634
-0.000000 0.722339 -0.691540
-0.362737 0.875725 -0.318633
-0.510769 0.510771 -0.691540
-0.670250 0.670252 -0.318634
-0.510769 0.510771 -0.691540
-0.362737 0.875725 -0.318633
-0.276427 0.667353 -0.691540
-0.670250 0.670252 -0.318634
-0.510769 0.510771 -0.691540
-0.875725 0.362738 -0.318634
-0.875725 0.362738 -0.318634
-0.510769 0.510771 -0.691540
-0.667354 0.276427 -0.691540
-0.875725 0.362738 -0.318634
-0.667354 0.276427 -0.691540
-0.947878 -0.000000 -0.318634
-0.947878 -0.000000 -0.318634
-0.667354 0.276427 -0.691540
-0.722338 -0.000001 -0.691540
-0.947878 -0.000000 -0.318634
-0.667354 -0.276427 -0.691540
-0.875725 -0.362737 -0.318634
-0.667354 -0.276427 -0.691540
-0.947878 -0.000000 -0.318634
-0.722338 -0.000001 -0.691540
-0.875725 -0.362737 -0.318634
-0.510770 -0.510771 -0.691540
-0.670251 -0.670251 -0.318634
-0.510770 -0.510771 -0.691540
-0.875725 -0.362737 -0.318634
-0.667354 -0.276427 -0.691540
-0.670251 -0.670251 -0.318634
-0.510770 -0.510771 -0.691540
-0.362738 -0.875725 -0.318634
-0.362738 -0.875725 -0.318634
-0.510770 -0.510771 -0.691540
-0.276428 -0.667354 -0.691540
-0.362738 -0.875725 -0.318634
-0.276428 -0.667354 -0.691540
-0.000000 -0.947878 -0.318634
-0.000000 -0.947878 -0.318634
-0.276428 -0.667354 -0.691540
-0.000000 -0.722339 -0.691539
-0.000000 -0.947878 -0.318634
0.276427 -0.667353 -0.691540
0.362738 -0.875725 -0.318634
0.276427 -0.667353 -0.691540
-0.000000 -0.947878 -0.318634
-0.000000 -0.722339 -0.691539
0.362738 -0.875725 -0.318634
0.510770 -0.510770 -0.691540
0.670251 -0.670251 -0.318634
0.510770 -0.510770 -0.691540
0.362738 -0.875725 -0.318634
0.276427 -0.667353 -0.691540
0.670251 -0.670251 -0.318634
0.510770 -0.510770 -0.691540
0.875725 -0.362737 -0.318634
0.875725 -0.362737 -0.318634
0.510770 -0.510770 -0.691540
0.667353 -0.276427 -0.691540
0.667353 -0.276427 -0.691540
0.947878 -0.000000 -0.318634
0.875725 -0.362737 -0.318634
0.947878 -0.000000 -0.318634
0.667353 -0.276427 -0.691540
0.722338 -0.000001 -0.691540
0.667353 0.276427 -0.691540
0.722338 -0.000001 -0.691540
0.000000 -0.000001 -1.000000
0.510770 0.510771 -0.691540
0.667353 0.276427 -0.691540
0.000000 -0.000001 -1.000000
0.276426 0.667353 -0.691540
0.510770 0.510771 -0.691540
0.000000 -0.000001 -1.000000
-0.000000 0.722339 -0.691540
0.276426 0.667353 -0.691540
0.000000 -0.000001 -1.000000
-0.276427 0.667353 -0.691540
-0.000000 0.722339 -0.691540
0.000000 -0.000001 -1.000000
-0.510769 0.510771 -0.691540
-0.276427 0.667353 -0.691540
0.000000 -0.000001 -1.000000
-0.667354 0.276427 -0.691540
-0.510769 0.510771 -0.691540
0.000000 -0.000001 -1.000000
-0.722338 -0.000001 -0.691540
-0.667354 0.276427 -0.691540
0.000000 -0.000001 -1.000000
-0.667354 -0.276427 -0.691540
-0.722338 -0.000001 -0.691540
0.000000 -0.000001 -1.000000
-0.510770 -0.510771 -0.691540
-0.667354 -0.276427 -0.691540
0.000000 -0.000001 -1.000000
-0.276428 -0.667354 -0.691540
-0.510770 -0.510771 -0.691540
0.000000 -0.000001 -1.000000
-0.000000 -0.722339 -0.691539
-0.276428 -0.667354 -0.691540
0.000000 -0.000001 -1.000000
0.276427 -0.667353 -0.691540
-0.000000 -0.722339 -0.691539
0.000000 -0.000001 -1.000000
0.510770 -0.510770 -0.691540
0.276427 -0.667353 -0.691540
0.000000 -0.000001 -1.000000
0.667353 -0.276427 -0.691540
0.510770 -0.510770 -0.691540
0.000000 -0.000001 -1.000000
0.722338 -0.000001 -0.691540
0.667353 -0.276427 -0.691540
0.000000 -0.000001 -1.000000
-0.105844 -0.181070 0.977758
0.000000 -0.573581 0.819149
0.000000 -0.216432 0.976298
0.000000 -0.573581 0.819149
-0.105844 -0.181070 0.977758
-0.008963 -0.550079 0.835065
0.000000 0.173651 0.984807
-0.105844 -0.181070 0.977758
0.000000 -0.216432 0.976298
-0.105844 -0.181070 0.977758
0.000000 0.173651 0.984807
-0.181825 0.199586 0.962863
-0.226132 0.537053 0.812674
0.000000 0.173651 0.984807
0.000000 0.537298 0.843392
0.000000 0.173651 0.984807
-0.226132 0.537053 0.812674
-0.181825 0.199586 0.962863
-0.240324 0.795145 0.556767
0.000000 0.537298 0.843392
0.000000 0.819152 0.573577
0.000000 0.537298 0.843392
-0.240324 0.795145 0.556767
-0.226132 0.537053 0.812674
0.000000 0.976295 0.216443
-0.226132 0.947345 0.226717
0.000000 0.819152 0.573577
-0.240324 0.795145 0.556767
0.000000 0.819152 0.573577
-0.226132 0.947345 0.226717
0.000000 0.984807 -0.173650
-0.226132 0.947345 0.226717
0.000000 0.976295 0.216443
-0.226132 0.947345 0.226717
0.000000 0.984807 -0.173650
-0.181824 0.973057 -0.141773
0.000000 0.843391 -0.537301
-0.105841 0.856859 -0.504570
0.000000 0.984807 -0.173650
-0.181824 0.973057 -0.141773
0.000000 0.984807 -0.173650
-0.105841 0.856859 -0.504570
0.000000 0.573578 -0.819151
-0.105841 0.856859 -0.504570
0.000000 0.843391 -0.537301
-0.105841 0.856859 -0.504570
0.000000 0.573578 -0.819151
-0.008963 0.596575 -0.802507
0.076942 0.226685 -0.970924
0.000000 0.573578 -0.819151
0.000000 0.216434 -0.976297
0.000000 0.573578 -0.819151
0.076942 0.226685 -0.970924
-0.008963 0.596575 -0.802507
0.121239 -0.178140 -0.976508
0.000000 0.216434 -0.976297
0.000000 -0.173652 -0.984807
0.000000 0.216434 -0.976297
0.121239 -0.178140 -0.976508
0.076942 0.226685 -0.970924
0.126504 -0.541329 -0.831240
0.000000 -0.173652 -0.984807
0.000000 -0.537294 -0.843395
0.000000 -0.173652 -0.984807
0.126504 -0.541329 -0.831240
0.121239 -0.178140 -0.976508
0.122380 -0.812991 -0.569270
0.000000 -0.537294 -0.843395
0.000000 -0.819149 -0.573581
0.000000 -0.537294 -0.843395
0.122380 -0.812991 -0.569270
0.126504 -0.541329 -0.831240
0.126503 -0.966253 -0.224393
0.000000 -0.819149 -0.573581
0.000001 -0.976295 -0.216445
0.000000 -0.819149 -0.573581
0.126503 -0.966253 -0.224393
0.122380 -0.812991 -0.569270
0.121235 -0.978545 0.166591
0.000001 -0.976295 -0.216445
0.000002 -0.984808 0.173647
0.000001 -0.976295 -0.216445
0.121235 -0.978545 0.166591
0.126503 -0.966253 -0.224393
0.076938 -0.834840 0.545089
0.000002 -0.984808 0.173647
0.000001 -0.843395 0.537294
0.000002 -0.984808 0.173647
0.076938 -0.834840 0.545089
0.121235 -0.978545 0.166591
-0.008963 -0.550079 0.835065
0.000001 -0.843395 0.537294
0.000000 -0.573581 0.819149
0.000001 -0.843395 0.537294
-0.008963 -0.550079 0.835065
0.076938 -0.834840 0.545089
-0.272862 -0.187036 0.943697
-0.008963 -0.550079 0.835065
-0.105844 -0.181070 0.977758
-0.001750 -0.546545 0.837428
-0.008963 -0.550079 0.835065
-0.272862 -0.187036 0.943697
-0.469981 0.161885 0.867704
-0.105844 -0.181070 0.977758
-0.181825 0.199586 0.962863
-0.272862 -0.187036 0.943697
-0.105844 -0.181070 0.977758
-0.469981 0.161885 0.867704
-0.576713 0.440759 0.687847
-0.181825 0.199586 0.962863
-0.226132 0.537053 0.812674
-0.469981 0.161885 0.867704
-0.181825 0.199586 0.962863
-0.576713 0.440759 0.687847
-0.609418 0.649464 0.454760
-0.226132 0.537053 0.812674
-0.240324 0.795145 0.556767
-0.576713 0.440759 0.687847
-0.226132 0.537053 0.812674
-0.609418 0.649464 0.454760
-0.609418 0.649464 0.454760
-0.240324 0.795145 0.556767
-0.226132 0.947345 0.226717
-0.609418 0.649464 0.454760
-0.226132 0.947345 0.226717
-0.576713 0.797113 0.178922
-0.576713 0.797113 0.178922
-0.226132 0.947345 0.226717
-0.181824 0.973057 -0.141773
-0.576713 0.797113 0.178922
-0.181824 0.973057 -0.141773
-0.469981 0.870743 -0.144652
-0.469981 0.870743 -0.144652
-0.181824 0.973057 -0.141773
-0.105841 0.856859 -0.504570
-0.469981 0.870743 -0.144652
-0.105841 0.856859 -0.504570
-0.272863 0.822818 -0.498514
-0.105841 0.856859 -0.504570
-0.001754 0.600008 -0.799992
-0.272863 0.822818 -0.498514
-0.001754 0.600008 -0.799992
-0.105841 0.856859 -0.504570
-0.008963 0.596575 -0.802507
0.076942 0.226685 -0.970924
0.251955 0.232451 -0.939407
-0.001754 0.600008 -0.799992
0.076942 0.226685 -0.970924
-0.001754 0.600008 -0.799992
-0.008963 0.596575 -0.802507
0.121239 -0.178140 -0.976508
0.398514 -0.159257 -0.903230
0.251955 0.232451 -0.939407
0.121239 -0.178140 -0.976508
0.251955 0.232451 -0.939407
0.076942 0.226685 -0.970924
0.126504 -0.541329 -0.831240
0.446242 -0.489735 -0.749018
0.398514 -0.159257 -0.903230
0.126504 -0.541329 -0.831240
0.398514 -0.159257 -0.903230
0.121239 -0.178140 -0.976508
0.122380 -0.812991 -0.569270
0.452106 -0.730651 -0.511615
0.446242 -0.489735 -0.749018
0.122380 -0.812991 -0.569270
0.446242 -0.489735 -0.749018
0.126504 -0.541329 -0.831240
0.446240 -0.871346 -0.204027
0.122380 -0.812991 -0.569270
0.126503 -0.966253 -0.224393
0.122380 -0.812991 -0.569270
0.446240 -0.871346 -0.204027
0.452106 -0.730651 -0.511615
0.398504 -0.903230 0.159279
0.126503 -0.966253 -0.224393
0.121235 -0.978545 0.166591
0.126503 -0.966253 -0.224393
0.398504 -0.903230 0.159279
0.446240 -0.871346 -0.204027
0.251946 -0.803251 0.539732
0.121235 -0.978545 0.166591
0.076938 -0.834840 0.545089
0.121235 -0.978545 0.166591
0.251946 -0.803251 0.539732
0.398504 -0.903230 0.159279
-0.008963 -0.550079 0.835065
0.251946 -0.803251 0.539732
0.076938 -0.834840 0.545089
0.251946 -0.803251 0.539732
-0.008963 -0.550079 0.835065
-0.001750 -0.546545 0.837428
-0.039280 -0.566098 0.823402
-0.470460 -0.509914 0.720177
-0.033228 -0.640198 0.767491
-0.470460 -0.509914 0.720177
-0.039280 -0.566098 0.823402
-0.436606 -0.309534 0.844727
-0.436606 -0.309534 0.844727
-0.775222 -0.295648 0.558232
-0.470460 -0.509914 0.720177
-0.775222 -0.295648 0.558232
-0.436606 -0.309534 0.844727
-0.702103 -0.028779 0.711494
-0.775222 -0.295648 0.558232
-0.702103 -0.028779 0.711494
-0.938200 -0.072803 0.338351
-0.938200 -0.072803 0.338351
-0.702103 -0.028779 0.711494
-0.834754 0.209355 0.509270
-0.938200 -0.072803 0.338351
-0.834754 0.209355 0.509270
-0.988067 0.126171 0.088348
-0.988067 0.126171 0.088348
-0.834754 0.209355 0.509270
-0.873337 0.399023 0.279399
-0.988067 0.126171 0.088348
-0.834755 0.550160 0.022552
-0.938202 0.293043 -0.184128
-0.834755 0.550160 0.022552
-0.988067 0.126171 0.088348
-0.873337 0.399023 0.279399
-0.938202 0.293043 -0.184128
-0.702105 0.658741 -0.270386
-0.775224 0.423449 -0.468741
-0.702105 0.658741 -0.270386
-0.938202 0.293043 -0.184128
-0.834755 0.550160 0.022552
-0.775224 0.423449 -0.468741
-0.436609 0.687919 -0.579776
-0.470459 0.502345 -0.725478
-0.775224 0.423449 -0.468741
-0.702105 0.658741 -0.270386
-0.436609 0.687919 -0.579776
-0.436609 0.687919 -0.579776
-0.033229 0.502243 -0.864088
-0.470459 0.502345 -0.725478
-0.033229 0.502243 -0.864088
-0.436609 0.687919 -0.579776
-0.039286 0.580132 -0.813574
-0.033229 0.502243 -0.864088
-0.039286 0.580132 -0.813574
0.377464 0.339991 -0.861352
-0.033229 0.502243 -0.864088
0.377464 0.339991 -0.861352
0.423431 0.418734 -0.803348
0.423431 0.418734 -0.803348
0.377464 0.339991 -0.861352
0.675295 0.060054 -0.735098
0.423431 0.418734 -0.803348
0.675295 0.060054 -0.735098
0.762536 0.288954 -0.578830
0.762536 0.288954 -0.578830
0.829166 -0.190543 -0.525525
0.945047 0.140428 -0.295239
0.829166 -0.190543 -0.525525
0.762536 0.288954 -0.578830
0.675295 0.060054 -0.735098
0.874657 -0.397074 -0.278040
0.945047 0.140428 -0.295239
0.829166 -0.190543 -0.525525
0.945047 0.140428 -0.295239
0.874657 -0.397074 -0.278040
0.999365 -0.029196 -0.020444
0.874657 -0.397074 -0.278040
0.945048 -0.229403 0.232934
0.999365 -0.029196 -0.020444
0.945048 -0.229403 0.232934
0.874657 -0.397074 -0.278040
0.829167 -0.559000 0.000684
0.945048 -0.229403 0.232934
0.829167 -0.559000 0.000684
0.762534 -0.445096 0.469500
0.762534 -0.445096 0.469500
0.829167 -0.559000 0.000684
0.675287 -0.670234 0.307854
0.762534 -0.445096 0.469500
0.675287 -0.670234 0.307854
0.423427 -0.611685 0.668244
0.377458 -0.693122 0.614091
0.423427 -0.611685 0.668244
0.675287 -0.670234 0.307854
-0.039280 -0.566098 0.823402
0.423427 -0.611685 0.668244
0.377458 -0.693122 0.614091
0.423427 -0.611685 0.668244
-0.039280 -0.566098 0.823402
-0.033228 -0.640198 0.767491
-0.272862 -0.187036 0.943697
-0.039280 -0.566098 0.823402
-0.001750 -0.546545 0.837428
-0.039280 -0.566098 0.823402
-0.272862 -0.187036 0.943697
-0.436606 -0.309534 0.844727
-0.272862 -0.187036 0.943697
-0.702103 -0.028779 0.711494
-0.436606 -0.309534 0.844727
-0.702103 -0.028779 0.711494
-0.272862 -0.187036 0.943697
-0.469981 0.161885 0.867704
-0.469981 0.161885 0.867704
-0.834754 0.209355 0.509270
-0.702103 -0.028779 0.711494
-0.834754 0.209355 0.509270
-0.469981 0.161885 0.867704
-0.576713 0.440759 0.687847
-0.873337 0.399023 0.279399
-0.576713 0.440759 0.687847
-0.609418 0.649464 0.454760
-0.576713 0.440759 0.687847
-0.873337 0.399023 0.279399
-0.834754 0.209355 0.509270
-0.873337 0.399023 0.279399
-0.576713 0.797113 0.178922
-0.834755 0.550160 0.022552
-0.576713 0.797113 0.178922
-0.873337 0.399023 0.279399
-0.609418 0.649464 0.454760
-0.834755 0.550160 0.022552
-0.469981 0.870743 -0.144652
-0.702105 0.658741 -0.270386
-0.469981 0.870743 -0.144652
-0.834755 0.550160 0.022552
-0.576713 0.797113 0.178922
-0.702105 0.658741 -0.270386
-0.272863 0.822818 -0.498514
-0.436609 0.687919 -0.579776
-0.272863 0.822818 -0.498514
-0.702105 0.658741 -0.270386
-0.469981 0.870743 -0.144652
-0.436609 0.687919 -0.579776
-0.272863 0.822818 -0.498514
-0.039286 0.580132 -0.813574
-0.039286 0.580132 -0.813574
-0.272863 0.822818 -0.498514
-0.001754 0.600008 -0.799992
-0.001754 0.600008 -0.799992
0.377464 0.339991 -0.861352
-0.039286 0.580132 -0.813574
0.251955 0.232451 -0.939407
0.377464 0.339991 -0.861352
-0.001754 0.600008 -0.799992
0.398514 -0.159257 -0.903230
0.377464 0.339991 -0.861352
0.251955 0.232451 -0.939407
0.377464 0.339991 -0.861352
0.398514 -0.159257 -0.903230
0.675295 0.060054 -0.735098
0.446242 -0.489735 -0.749018
0.675295 0.060054 -0.735098
0.398514 -0.159257 -0.903230
0.675295 0.060054 -0.735098
0.446242 -0.489735 -0.749018
0.829166 -0.190543 -0.525525
0.829166 -0.190543 -0.525525
0.452106 -0.730651 -0.511615
0.874657 -0.397074 -0.278040
0.452106 -0.730651 -0.511615
0.829166 -0.190543 -0.525525
0.446242 -0.489735 -0.749018
0.829167 -0.559000 0.000684
0.452106 -0.730651 -0.511615
0.446240 -0.871346 -0.204027
0.452106 -0.730651 -0.511615
0.829167 -0.559000 0.000684
0.874657 -0.397074 -0.278040
0.675287 -0.670234 0.307854
0.446240 -0.871346 -0.204027
0.398504 -0.903230 0.159279
0.446240 -0.871346 -0.204027
0.675287 -0.670234 0.307854
0.829167 -0.559000 0.000684
0.675287 -0.670234 0.307854
0.251946 -0.803251 0.539732
0.377458 -0.693122 0.614091
0.251946 -0.803251 0.539732
0.675287 -0.670234 0.307854
0.398504 -0.903230 0.159279
-0.001750 -0.546545 0.837428
-0.039280 -0.566098 0.823402
0.377458 -0.693122 0.614091
-0.001750 -0.546545 0.837428
0.377458 -0.693122 0.614091
0.251946 -0.803251 0.539732
-0.033228 -0.640198 0.767491
-0.440885 -0.582649 0.682745
-0.016103 -0.667419 0.744509
-0.440885 -0.582649 0.682745
-0.033228 -0.640198 0.767491
-0.470460 -0.509914 0.720177
-0.470460 -0.509914 0.720177
-0.758489 -0.393714 0.519311
-0.440885 -0.582649 0.682745
-0.758489 -0.393714 0.519311
-0.470460 -0.509914 0.720177
-0.775222 -0.295648 0.558232
-0.940992 -0.172150 0.291372
-0.775222 -0.295648 0.558232
-0.938200 -0.072803 0.338351
-0.775222 -0.295648 0.558232
-0.940992 -0.172150 0.291372
-0.758489 -0.393714 0.519311
-0.940992 -0.172150 0.291372
-0.988067 0.126171 0.088348
-0.998985 0.036892 0.025835
-0.988067 0.126171 0.088348
-0.940992 -0.172150 0.291372
-0.938200 -0.072803 0.338351
-0.998985 0.036892 0.025835
-0.988067 0.126171 0.088348
-0.940995 0.214920 -0.261416
-0.940995 0.214920 -0.261416
-0.988067 0.126171 0.088348
-0.938202 0.293043 -0.184128
-0.940995 0.214920 -0.261416
-0.775224 0.423449 -0.468741
-0.758490 0.353335 -0.547583
-0.775224 0.423449 -0.468741
-0.940995 0.214920 -0.261416
-0.938202 0.293043 -0.184128
-0.758490 0.353335 -0.547583
-0.775224 0.423449 -0.468741
-0.440880 0.442294 -0.781025
-0.440880 0.442294 -0.781025
-0.775224 0.423449 -0.468741
-0.470459 0.502345 -0.725478
-0.440880 0.442294 -0.781025
-0.470459 0.502345 -0.725478
-0.016100 0.471340 -0.881805
-0.016100 0.471340 -0.881805
-0.470459 0.502345 -0.725478
-0.033229 0.502243 -0.864088
-0.016100 0.471340 -0.881805
0.423431 0.418734 -0.803348
0.421644 0.437900 -0.794015
-0.016100 0.471340 -0.881805
-0.033229 0.502243 -0.864088
0.423431 0.418734 -0.803348
0.421644 0.437900 -0.794015
0.762536 0.288954 -0.578830
0.757600 0.350796 -0.550441
0.421644 0.437900 -0.794015
0.423431 0.418734 -0.803348
0.762536 0.288954 -0.578830
0.757600 0.350796 -0.550441
0.945047 0.140428 -0.295239
0.942678 0.221813 -0.249315
0.945047 0.140428 -0.295239
0.757600 0.350796 -0.550441
0.762536 0.288954 -0.578830
0.999365 -0.029196 -0.020444
0.942678 0.221813 -0.249315
0.945047 0.140428 -0.295239
0.942678 0.221813 -0.249315
0.999365 -0.029196 -0.020444
0.997871 0.053429 0.037411
0.999365 -0.029196 -0.020444
0.942678 -0.158414 0.293705
0.997871 0.053429 0.037411
0.942678 -0.158414 0.293705
0.999365 -0.029196 -0.020444
0.945048 -0.229403 0.232934
0.945048 -0.229403 0.232934
0.757600 -0.397265 0.517902
0.942678 -0.158414 0.293705
0.757600 -0.397265 0.517902
0.945048 -0.229403 0.232934
0.762534 -0.445096 0.469500
0.423427 -0.611685 0.668244
0.757600 -0.397265 0.517902
0.762534 -0.445096 0.469500
0.757600 -0.397265 0.517902
0.423427 -0.611685 0.668244
0.421643 -0.596360 0.683061
-0.033228 -0.640198 0.767491
0.421643 -0.596360 0.683061
0.423427 -0.611685 0.668244
0.421643 -0.596360 0.683061
-0.033228 -0.640198 0.767491
-0.016103 -0.667419 0.744509
-0.224093 -0.974324 -0.021786
-0.000001 -0.999892 0.014727
-0.000000 -0.999892 0.014727
-0.000001 -0.999892 0.014727
-0.224093 -0.974324 -0.021786
-0.224094 -0.974324 -0.021787
-0.414061 -0.901518 -0.125770
-0.224094 -0.974324 -0.021787
-0.224093 -0.974324 -0.021786
-0.224094 -0.974324 -0.021787
-0.414061 -0.901518 -0.125770
-0.414062 -0.901518 -0.125771
-0.414062 -0.901518 -0.125771
-0.540997 -0.792557 -0.281383
-0.540998 -0.792555 -0.281386
-0.540997 -0.792557 -0.281383
-0.414062 -0.901518 -0.125771
-0.414061 -0.901518 -0.125770
-0.540998 -0.792555 -0.281386
-0.585575 -0.664021 -0.464950
-0.585575 -0.664020 -0.464951
-0.585575 -0.664021 -0.464950
-0.540998 -0.792555 -0.281386
-0.540997 -0.792557 -0.281383
-0.540997 -0.535490 -0.648516
-0.585575 -0.664020 -0.464951
-0.585575 -0.664021 -0.464950
-0.585575 -0.664020 -0.464951
-0.540997 -0.535490 -0.648516
-0.540998 -0.535491 -0.648515
-0.414053 -0.426533 -0.804133
-0.540998 -0.535491 -0.648515
-0.540997 -0.535490 -0.648516
-0.540998 -0.535491 -0.648515
-0.414053 -0.426533 -0.804133
-0.414055 -0.426534 -0.804131
-0.414055 -0.426534 -0.804131
-0.224088 -0.353718 -0.908112
-0.224088 -0.353718 -0.908113
-0.224088 -0.353718 -0.908112
-0.414055 -0.426534 -0.804131
-0.414053 -0.426533 -0.804133
-0.224088 -0.353718 -0.908113
0.000001 -0.328148 -0.944627
0.000001 -0.328148 -0.944626
0.000001 -0.328148 -0.944627
-0.224088 -0.353718 -0.908113
-0.224088 -0.353718 -0.908112
0.224098 -0.353711 -0.908113
0.000001 -0.328148 -0.944626
0.000001 -0.328148 -0.944627
0.000001 -0.328148 -0.944627
0.224100 -0.353711 -0.908112
0.224098 -0.353711 -0.908113
0.224098 -0.353711 -0.908113
0.224100 -0.353711 -0.908112
0.414071 -0.426515 -0.804133
0.224100 -0.353711 -0.908112
0.414071 -0.426516 -0.804133
0.414071 -0.426515 -0.804133
0.414071 -0.426516 -0.804133
0.541003 -0.535485 -0.648515
0.541001 -0.535483 -0.648518
0.414071 -0.426516 -0.804133
0.541001 -0.535483 -0.648518
0.414071 -0.426515 -0.804133
0.585573 -0.664019 -0.464955
0.541003 -0.535485 -0.648515
0.585573 -0.664018 -0.464956
0.541003 -0.535485 -0.648515
0.585573 -0.664019 -0.464955
0.541001 -0.535483 -0.648518
0.541003 -0.792549 -0.281393
0.585573 -0.664019 -0.464955
0.585573 -0.664018 -0.464956
0.585573 -0.664018 -0.464956
0.541002 -0.792550 -0.281391
0.541003 -0.792549 -0.281393
0.414065 -0.901516 -0.125770
0.541003 -0.792549 -0.281393
0.541002 -0.792550 -0.281391
0.541002 -0.792550 -0.281391
0.414064 -0.901517 -0.125769
0.414065 -0.901516 -0.125770
0.414065 -0.901516 -0.125770
0.414064 -0.901517 -0.125769
0.224094 -0.974324 -0.021787
0.414064 -0.901517 -0.125769
0.224092 -0.974324 -0.021786
0.224094 -0.974324 -0.021787
0.224092 -0.974324 -0.021786
-0.000000 -0.999892 0.014727
-0.000001 -0.999892 0.014727
0.224092 -0.974324 -0.021786
-0.000001 -0.999892 0.014727
0.224094 -0.974324 -0.021787
0.323884 0.012182 -0.946018
0.000001 -0.194000 -0.981001
0.264942 -0.224221 -0.937833
0.000001 -0.194000 -0.981001
0.323884 0.012182 -0.946018
0.000001 0.049125 -0.998793
0.598453 -0.093045 -0.795737
0.264942 -0.224221 -0.937833
0.489550 -0.310298 -0.814896
0.264942 -0.224221 -0.937833
0.598453 -0.093045 -0.795737
0.323884 0.012182 -0.946018
0.598453 -0.093045 -0.795737
0.639628 -0.439133 -0.630903
0.781925 -0.250543 -0.570808
0.639628 -0.439133 -0.630903
0.598453 -0.093045 -0.795737
0.489550 -0.310298 -0.814896
0.692311 -0.591100 -0.413892
0.781925 -0.250543 -0.570808
0.639628 -0.439133 -0.630903
0.781925 -0.250543 -0.570808
0.692311 -0.591100 -0.413892
0.846339 -0.436318 -0.305511
0.781918 -0.622083 -0.040213
0.692311 -0.591100 -0.413892
0.639613 -0.743057 -0.196880
0.692311 -0.591100 -0.413892
0.781918 -0.622083 -0.040213
0.846339 -0.436318 -0.305511
0.598454 -0.779574 0.184709
0.639613 -0.743057 -0.196880
0.489540 -0.871886 -0.012895
0.639613 -0.743057 -0.196880
0.598454 -0.779574 0.184709
0.781918 -0.622083 -0.040213
0.323874 -0.884807 0.334997
0.489540 -0.871886 -0.012895
0.264928 -0.957968 0.110044
0.489540 -0.871886 -0.012895
0.323874 -0.884807 0.334997
0.598454 -0.779574 0.184709
0.264928 -0.957968 0.110044
-0.000001 -0.921758 0.387766
0.323874 -0.884807 0.334997
-0.000001 -0.921758 0.387766
0.264928 -0.957968 0.110044
-0.000001 -0.988193 0.153211
-0.000001 -0.921758 0.387766
-0.264926 -0.957969 0.110046
-0.323872 -0.884807 0.334999
-0.264926 -0.957969 0.110046
-0.000001 -0.921758 0.387766
-0.000001 -0.988193 0.153211
-0.323872 -0.884807 0.334999
-0.489532 -0.871890 -0.012888
-0.598447 -0.779579 0.184712
-0.489532 -0.871890 -0.012888
-0.323872 -0.884807 0.334999
-0.264926 -0.957969 0.110046
-0.639606 -0.743065 -0.196873
-0.598447 -0.779579 0.184712
-0.489532 -0.871890 -0.012888
-0.598447 -0.779579 0.184712
-0.639606 -0.743065 -0.196873
-0.781916 -0.622085 -0.040209
-0.692307 -0.591099 -0.413900
-0.781916 -0.622085 -0.040209
-0.639606 -0.743065 -0.196873
-0.781916 -0.622085 -0.040209
-0.692307 -0.591099 -0.413900
-0.846338 -0.436315 -0.305518
-0.639621 -0.439131 -0.630911
-0.781919 -0.250542 -0.570816
-0.692307 -0.591099 -0.413900
-0.692307 -0.591099 -0.413900
-0.781919 -0.250542 -0.570816
-0.846338 -0.436315 -0.305518
-0.781919 -0.250542 -0.570816
-0.639621 -0.439131 -0.630911
-0.598454 -0.093048 -0.795736
-0.639621 -0.439131 -0.630911
-0.489549 -0.310302 -0.814895
-0.598454 -0.093048 -0.795736
-0.264942 -0.224222 -0.937833
-0.598454 -0.093048 -0.795736
-0.489549 -0.310302 -0.814895
-0.598454 -0.093048 -0.795736
-0.264942 -0.224222 -0.937833
-0.323885 0.012180 -0.946018
0.000001 -0.194000 -0.981001
-0.323885 0.012180 -0.946018
-0.264942 -0.224222 -0.937833
-0.323885 0.012180 -0.946018
0.000001 -0.194000 -0.981001
0.000001 0.049125 -0.998793
0.000001 0.049125 -0.998793
0.323884 0.012182 -0.946018
0.000003 -0.819156 -0.573570
0.323884 0.012182 -0.946018
0.598453 -0.093045 -0.795737
0.000003 -0.819156 -0.573570
0.598453 -0.093045 -0.795737
0.781925 -0.250543 -0.570808
0.000003 -0.819156 -0.573570
0.781925 -0.250543 -0.570808
0.846339 -0.436318 -0.305511
0.000003 -0.819156 -0.573570
0.846339 -0.436318 -0.305511
0.781918 -0.622083 -0.040213
0.000003 -0.819156 -0.573570
0.781918 -0.622083 -0.040213
0.598454 -0.779574 0.184709
0.000003 -0.819156 -0.573570
0.598454 -0.779574 0.184709
0.323874 -0.884807 0.334997
0.000003 -0.819156 -0.573570
0.323874 -0.884807 0.334997
-0.000001 -0.921758 0.387766
0.000003 -0.819156 -0.573570
-0.000001 -0.921758 0.387766
-0.323872 -0.884807 0.334999
0.000003 -0.819156 -0.573570
-0.323872 -0.884807 0.334999
-0.598447 -0.779579 0.184712
0.000003 -0.819156 -0.573570
-0.598447 -0.779579 0.184712
-0.781916 -0.622085 -0.040209
0.000003 -0.819156 -0.573570
-0.781916 -0.622085 -0.040209
-0.846338 -0.436315 -0.305518
0.000003 -0.819156 -0.573570
-0.846338 -0.436315 -0.305518
-0.781919 -0.250542 -0.570816
0.000003 -0.819156 -0.573570
-0.781919 -0.250542 -0.570816
-0.598454 -0.093048 -0.795736
0.000003 -0.819156 -0.573570
-0.598454 -0.093048 -0.795736
-0.323885 0.012180 -0.946018
0.000003 -0.819156 -0.573570
-0.323885 0.012180 -0.946018
0.000001 0.049125 -0.998793
0.000003 -0.819156 -0.573570
0.000001 0.843396 -0.537292
0.008964 0.596574 -0.802508
0.000001 0.573582 -0.819148
0.008964 0.596574 -0.802508
0.000001 0.843396 -0.537292
0.105844 0.856864 -0.504561
0.000000 0.984807 -0.173650
0.105844 0.856864 -0.504561
0.000001 0.843396 -0.537292
0.105844 0.856864 -0.504561
0.000000 0.984807 -0.173650
0.181824 0.973057 -0.141774
-0.000001 0.976297 0.216436
0.181824 0.973057 -0.141774
0.000000 0.984807 -0.173650
0.181824 0.973057 -0.141774
-0.000001 0.976297 0.216436
0.226130 0.947348 0.226711
0.240322 0.795145 0.556767
-0.000001 0.976297 0.216436
-0.000001 0.819153 0.573575
-0.000001 0.976297 0.216436
0.240322 0.795145 0.556767
0.226130 0.947348 0.226711
-0.000002 0.537301 0.843391
0.226130 0.537054 0.812673
-0.000001 0.819153 0.573575
0.240322 0.795145 0.556767
-0.000001 0.819153 0.573575
0.226130 0.537054 0.812673
-0.000003 0.173643 0.984809
0.226130 0.537054 0.812673
-0.000002 0.537301 0.843391
0.226130 0.537054 0.812673
-0.000003 0.173643 0.984809
0.181823 0.199579 0.962865
-0.000001 -0.216444 0.976295
0.181823 0.199579 0.962865
-0.000003 0.173643 0.984809
0.181823 0.199579 0.962865
-0.000001 -0.216444 0.976295
0.105839 -0.181081 0.977756
-0.000002 -0.573577 0.819151
0.105839 -0.181081 0.977756
-0.000001 -0.216444 0.976295
0.105839 -0.181081 0.977756
-0.000002 -0.573577 0.819151
0.008959 -0.550072 0.835069
-0.000004 -0.843392 0.537298
-0.076943 -0.834836 0.545096
-0.000002 -0.573577 0.819151
0.008959 -0.550072 0.835069
-0.000002 -0.573577 0.819151
-0.076943 -0.834836 0.545096
-0.000004 -0.984808 0.173646
-0.121239 -0.978544 0.166590
-0.000004 -0.843392 0.537298
-0.076943 -0.834836 0.545096
-0.000004 -0.843392 0.537298
-0.121239 -0.978544 0.166590
-0.000001 -0.976297 -0.216434
-0.126502 -0.966255 -0.224383
-0.000004 -0.984808 0.173646
-0.121239 -0.978544 0.166590
-0.000004 -0.984808 0.173646
-0.126502 -0.966255 -0.224383
0.000000 -0.819151 -0.573578
-0.126502 -0.966255 -0.224383
-0.000001 -0.976297 -0.216434
-0.126502 -0.966255 -0.224383
0.000000 -0.819151 -0.573578
-0.122376 -0.812994 -0.569267
-0.000001 -0.537294 -0.843395
-0.122376 -0.812994 -0.569267
0.000000 -0.819151 -0.573578
-0.122376 -0.812994 -0.569267
-0.000001 -0.537294 -0.843395
-0.126502 -0.541330 -0.831240
-0.000002 -0.173654 -0.984807
-0.126502 -0.541330 -0.831240
-0.000001 -0.537294 -0.843395
-0.126502 -0.541330 -0.831240
-0.000002 -0.173654 -0.984807
-0.121236 -0.178139 -0.976508
-0.000001 0.216438 -0.976296
-0.121236 -0.178139 -0.976508
-0.000002 -0.173654 -0.984807
-0.121236 -0.178139 -0.976508
-0.000001 0.216438 -0.976296
-0.076936 0.226692 -0.970923
0.000001 0.573582 -0.819148
0.008964 0.596574 -0.802508
-0.000001 0.216438 -0.976296
-0.076936 0.226692 -0.970923
-0.000001 0.216438 -0.976296
0.008964 0.596574 -0.802508
0.105844 0.856864 -0.504561
0.001754 0.600002 -0.799997
0.008964 0.596574 -0.802508
0.001754 0.600002 -0.799997
0.105844 0.856864 -0.504561
0.272862 0.822816 -0.498518
0.469980 0.870744 -0.144652
0.105844 0.856864 -0.504561
0.181824 0.973057 -0.141774
0.105844 0.856864 -0.504561
0.469980 0.870744 -0.144652
0.272862 0.822816 -0.498518
0.576713 0.797114 0.178917
0.181824 0.973057 -0.141774
0.226130 0.947348 0.226711
0.181824 0.973057 -0.141774
0.576713 0.797114 0.178917
0.469980 0.870744 -0.144652
0.609418 0.649462 0.454762
0.226130 0.947348 0.226711
0.240322 0.795145 0.556767
0.576713 0.797114 0.178917
0.226130 0.947348 0.226711
0.609418 0.649462 0.454762
0.609418 0.649462 0.454762
0.240322 0.795145 0.556767
0.226130 0.537054 0.812673
0.609418 0.649462 0.454762
0.226130 0.537054 0.812673
0.576713 0.440759 0.687847
0.576713 0.440759 0.687847
0.226130 0.537054 0.812673
0.181823 0.199579 0.962865
0.576713 0.440759 0.687847
0.181823 0.199579 0.962865
0.469981 0.161884 0.867705
0.469981 0.161884 0.867705
0.181823 0.199579 0.962865
0.105839 -0.181081 0.977756
0.469981 0.161884 0.867705
0.105839 -0.181081 0.977756
0.272858 -0.187037 0.943698
0.272858 -0.187037 0.943698
0.105839 -0.181081 0.977756
0.008959 -0.550072 0.835069
0.272858 -0.187037 0.943698
0.008959 -0.550072 0.835069
0.001750 -0.546535 0.837435
0.008959 -0.550072 0.835069
-0.251947 -0.803248 0.539737
0.001750 -0.546535 0.837435
-0.251947 -0.803248 0.539737
0.008959 -0.550072 0.835069
-0.076943 -0.834836 0.545096
-0.251947 -0.803248 0.539737
-0.076943 -0.834836 0.545096
-0.121239 -0.978544 0.166590
-0.251947 -0.803248 0.539737
-0.121239 -0.978544 0.166590
-0.398508 -0.903229 0.159272
-0.398508 -0.903229 0.159272
-0.121239 -0.978544 0.166590
-0.126502 -0.966255 -0.224383
-0.398508 -0.903229 0.159272
-0.126502 -0.966255 -0.224383
-0.446237 -0.871348 -0.204023
-0.446237 -0.871348 -0.204023
-0.126502 -0.966255 -0.224383
-0.122376 -0.812994 -0.569267
-0.446237 -0.871348 -0.204023
-0.122376 -0.812994 -0.569267
-0.452102 -0.730657 -0.511610
-0.126502 -0.541330 -0.831240
-0.446238 -0.489737 -0.749019
-0.122376 -0.812994 -0.569267
-0.452102 -0.730657 -0.511610
-0.122376 -0.812994 -0.569267
-0.446238 -0.489737 -0.749019
-0.121236 -0.178139 -0.976508
-0.398505 -0.159252 -0.903234
-0.126502 -0.541330 -0.831240
-0.126502 -0.541330 -0.831240
-0.398505 -0.159252 -0.903234
-0.446238 -0.489737 -0.749019
-0.076936 0.226692 -0.970923
-0.251943 0.232460 -0.939408
-0.121236 -0.178139 -0.976508
-0.121236 -0.178139 -0.976508
-0.251943 0.232460 -0.939408
-0.398505 -0.159252 -0.903234
0.008964 0.596574 -0.802508
0.001754 0.600002 -0.799997
-0.076936 0.226692 -0.970923
-0.076936 0.226692 -0.970923
0.001754 0.600002 -0.799997
-0.251943 0.232460 -0.939408
0.033229 0.502243 -0.864088
0.436608 0.687914 -0.579782
0.470461 0.502344 -0.725477
0.436608 0.687914 -0.579782
0.033229 0.502243 -0.864088
0.039285 0.580128 -0.813577
0.470461 0.502344 -0.725477
0.436608 0.687914 -0.579782
0.775221 0.423450 -0.468746
0.702102 0.658743 -0.270390
0.775221 0.423450 -0.468746
0.436608 0.687914 -0.579782
0.775221 0.423450 -0.468746
0.702102 0.658743 -0.270390
0.938201 0.293043 -0.184134
0.938201 0.293043 -0.184134
0.702102 0.658743 -0.270390
0.834756 0.550157 0.022550
0.834756 0.550157 0.022550
0.988066 0.126169 0.088351
0.938201 0.293043 -0.184134
0.988066 0.126169 0.088351
0.834756 0.550157 0.022550
0.873338 0.399018 0.279402
0.834754 0.209355 0.509270
0.988066 0.126169 0.088351
0.873338 0.399018 0.279402
0.988066 0.126169 0.088351
0.834754 0.209355 0.509270
0.938200 -0.072802 0.338350
0.702108 -0.028775 0.711489
0.938200 -0.072802 0.338350
0.834754 0.209355 0.509270
0.938200 -0.072802 0.338350
0.702108 -0.028775 0.711489
0.775228 -0.295643 0.558227
0.436612 -0.309532 0.844725
0.470466 -0.509911 0.720175
0.775228 -0.295643 0.558227
0.436612 -0.309532 0.844725
0.775228 -0.295643 0.558227
0.702108 -0.028775 0.711489
0.039286 -0.566096 0.823403
0.033232 -0.640199 0.767490
0.470466 -0.509911 0.720175
0.039286 -0.566096 0.823403
0.470466 -0.509911 0.720175
0.436612 -0.309532 0.844725
-0.423429 -0.611684 0.668244
0.039286 -0.566096 0.823403
-0.377457 -0.693123 0.614090
0.039286 -0.566096 0.823403
-0.423429 -0.611684 0.668244
0.033232 -0.640199 0.767490
-0.423429 -0.611684 0.668244
-0.675294 -0.670228 0.307851
-0.762536 -0.445093 0.469501
-0.423429 -0.611684 0.668244
-0.377457 -0.693123 0.614090
-0.675294 -0.670228 0.307851
-0.762536 -0.445093 0.469501
-0.829164 -0.559005 0.000685
-0.945048 -0.229402 0.232934
-0.829164 -0.559005 0.000685
-0.762536 -0.445093 0.469501
-0.675294 -0.670228 0.307851
-0.945048 -0.229402 0.232934
-0.874657 -0.397075 -0.278039
-0.999365 -0.029192 -0.020450
-0.874657 -0.397075 -0.278039
-0.945048 -0.229402 0.232934
-0.829164 -0.559005 0.000685
-0.999365 -0.029192 -0.020450
-0.874657 -0.397075 -0.278039
-0.945047 0.140428 -0.295238
-0.945047 0.140428 -0.295238
-0.874657 -0.397075 -0.278039
-0.829166 -0.190544 -0.525526
-0.945047 0.140428 -0.295238
-0.829166 -0.190544 -0.525526
-0.762531 0.288957 -0.578835
-0.762531 0.288957 -0.578835
-0.829166 -0.190544 -0.525526
-0.675287 0.060057 -0.735106
-0.762531 0.288957 -0.578835
-0.675287 0.060057 -0.735106
-0.423424 0.418736 -0.803351
-0.377456 0.339994 -0.861354
-0.423424 0.418736 -0.803351
-0.675287 0.060057 -0.735106
-0.423424 0.418736 -0.803351
-0.377456 0.339994 -0.861354
0.033229 0.502243 -0.864088
0.039285 0.580128 -0.813577
0.033229 0.502243 -0.864088
-0.377456 0.339994 -0.861354
0.039285 0.580128 -0.813577
0.272862 0.822816 -0.498518
0.436608 0.687914 -0.579782
0.272862 0.822816 -0.498518
0.039285 0.580128 -0.813577
0.001754 0.600002 -0.799997
0.702102 0.658743 -0.270390
0.272862 0.822816 -0.498518
0.469980 0.870744 -0.144652
0.272862 0.822816 -0.498518
0.702102 0.658743 -0.270390
0.436608 0.687914 -0.579782
0.834756 0.550157 0.022550
0.469980 0.870744 -0.144652
0.576713 0.797114 0.178917
0.469980 0.870744 -0.144652
0.834756 0.550157 0.022550
0.702102 0.658743 -0.270390
0.576713 0.797114 0.178917
0.873338 0.399018 0.279402
0.834756 0.550157 0.022550
0.873338 0.399018 0.279402
0.576713 0.797114 0.178917
0.609418 0.649462 0.454762
0.873338 0.399018 0.279402
0.576713 0.440759 0.687847
0.834754 0.209355 0.509270
0.576713 0.440759 0.687847
0.873338 0.399018 0.279402
0.609418 0.649462 0.454762
0.834754 0.209355 0.509270
0.469981 0.161884 0.867705
0.702108 -0.028775 0.711489
0.469981 0.161884 0.867705
0.834754 0.209355 0.509270
0.576713 0.440759 0.687847
0.702108 -0.028775 0.711489
0.272858 -0.187037 0.943698
0.436612 -0.309532 0.844725
0.272858 -0.187037 0.943698
0.702108 -0.028775 0.711489
0.469981 0.161884 0.867705
0.436612 -0.309532 0.844725
0.272858 -0.187037 0.943698
0.039286 -0.566096 0.823403
0.039286 -0.566096 0.823403
0.272858 -0.187037 0.943698
0.001750 -0.546535 0.837435
0.039286 -0.566096 0.823403
0.001750 -0.546535 0.837435
-0.377457 -0.693123 0.614090
-0.377457 -0.693123 0.614090
0.001750 -0.546535 0.837435
-0.251947 -0.803248 0.539737
-0.377457 -0.693123 0.614090
-0.251947 -0.803248 0.539737
-0.675294 -0.670228 0.307851
-0.675294 -0.670228 0.307851
-0.251947 -0.803248 0.539737
-0.398508 -0.903229 0.159272
-0.675294 -0.670228 0.307851
-0.446237 -0.871348 -0.204023
-0.829164 -0.559005 0.000685
-0.446237 -0.871348 -0.204023
-0.675294 -0.670228 0.307851
-0.398508 -0.903229 0.159272
-0.829164 -0.559005 0.000685
-0.452102 -0.730657 -0.511610
-0.874657 -0.397075 -0.278039
-0.452102 -0.730657 -0.511610
-0.829164 -0.559005 0.000685
-0.446237 -0.871348 -0.204023
-0.829166 -0.190544 -0.525526
-0.452102 -0.730657 -0.511610
-0.446238 -0.489737 -0.749019
-0.452102 -0.730657 -0.511610
-0.829166 -0.190544 -0.525526
-0.874657 -0.397075 -0.278039
-0.446238 -0.489737 -0.749019
-0.675287 0.060057 -0.735106
-0.829166 -0.190544 -0.525526
-0.675287 0.060057 -0.735106
-0.446238 -0.489737 -0.749019
-0.398505 -0.159252 -0.903234
-0.398505 -0.159252 -0.903234
-0.377456 0.339994 -0.861354
-0.675287 0.060057 -0.735106
-0.377456 0.339994 -0.861354
-0.398505 -0.159252 -0.903234
-0.251943 0.232460 -0.939408
-0.377456 0.339994 -0.861354
-0.251943 0.232460 -0.939408
0.001754 0.600002 -0.799997
0.001754 0.600002 -0.799997
0.039285 0.580128 -0.813577
-0.377456 0.339994 -0.861354
0.016102 0.471341 -0.881804
0.470461 0.502344 -0.725477
0.440884 0.442295 -0.781023
0.470461 0.502344 -0.725477
0.016102 0.471341 -0.881804
0.033229 0.502243 -0.864088
0.440884 0.442295 -0.781023
0.775221 0.423450 -0.468746
0.758486 0.353337 -0.547587
0.775221 0.423450 -0.468746
0.440884 0.442295 -0.781023
0.470461 0.502344 -0.725477
0.775221 0.423450 -0.468746
0.940993 0.214921 -0.261422
0.758486 0.353337 -0.547587
0.940993 0.214921 -0.261422
0.775221 0.423450 -0.468746
0.938201 0.293043 -0.184134
0.988066 0.126169 0.088351
0.940993 0.214921 -0.261422
0.938201 0.293043 -0.184134
0.940993 0.214921 -0.261422
0.988066 0.126169 0.088351
0.998985 0.036890 0.025838
0.988066 0.126169 0.088351
0.940993 -0.172147 0.291371
0.998985 0.036890 0.025838
0.940993 -0.172147 0.291371
0.988066 0.126169 0.088351
0.938200 -0.072802 0.338350
0.940993 -0.172147 0.291371
0.775228 -0.295643 0.558227
0.758493 -0.393707 0.519310
0.775228 -0.295643 0.558227
0.940993 -0.172147 0.291371
0.938200 -0.072802 0.338350
0.470466 -0.509911 0.720175
0.758493 -0.393707 0.519310
0.775228 -0.295643 0.558227
0.758493 -0.393707 0.519310
0.470466 -0.509911 0.720175
0.440885 -0.582646 0.682748
0.033232 -0.640199 0.767490
0.440885 -0.582646 0.682748
0.470466 -0.509911 0.720175
0.440885 -0.582646 0.682748
0.033232 -0.640199 0.767490
0.016107 -0.667417 0.744510
0.033232 -0.640199 0.767490
-0.421640 -0.596360 0.683063
0.016107 -0.667417 0.744510
-0.421640 -0.596360 0.683063
0.033232 -0.640199 0.767490
-0.423429 -0.611684 0.668244
-0.423429 -0.611684 0.668244
-0.757602 -0.397263 0.517901
-0.421640 -0.596360 0.683063
-0.757602 -0.397263 0.517901
-0.423429 -0.611684 0.668244
-0.762536 -0.445093 0.469501
-0.757602 -0.397263 0.517901
-0.945048 -0.229402 0.232934
-0.942680 -0.158411 0.293700
-0.945048 -0.229402 0.232934
-0.757602 -0.397263 0.517901
-0.762536 -0.445093 0.469501
-0.942680 -0.158411 0.293700
-0.999365 -0.029192 -0.020450
-0.997871 0.053434 0.037405
-0.999365 -0.029192 -0.020450
-0.942680 -0.158411 0.293700
-0.945048 -0.229402 0.232934
-0.997871 0.053434 0.037405
-0.999365 -0.029192 -0.020450
-0.942678 0.221813 -0.249315
-0.942678 0.221813 -0.249315
-0.999365 -0.029192 -0.020450
-0.945047 0.140428 -0.295238
-0.942678 0.221813 -0.249315
-0.945047 0.140428 -0.295238
-0.757597 0.350799 -0.550442
-0.757597 0.350799 -0.550442
-0.945047 0.140428 -0.295238
-0.762531 0.288957 -0.578835
-0.757597 0.350799 -0.550442
-0.762531 0.288957 -0.578835
-0.421636 0.437903 -0.794018
-0.423424 0.418736 -0.803351
-0.421636 0.437903 -0.794018
-0.762531 0.288957 -0.578835
-0.421636 0.437903 -0.794018
-0.423424 0.418736 -0.803351
0.016102 0.471341 -0.881804
0.033229 0.502243 -0.864088
0.016102 0.471341 -0.881804
-0.423424 0.418736 -0.803351
0.224089 -0.353706 -0.908117
0.000001 -0.328138 -0.944630
0.000000 -0.328138 -0.944630
0.000000 -0.328138 -0.944630
0.224089 -0.353706 -0.908117
0.224089 -0.353706 -0.908117
0.224089 -0.353706 -0.908117
0.224089 -0.353706 -0.908117
0.414061 -0.426519 -0.804136
0.224089 -0.353706 -0.908117
0.414063 -0.426520 -0.804135
0.414061 -0.426519 -0.804136
0.414063 -0.426520 -0.804135
0.541000 -0.535488 -0.648515
0.541000 -0.535489 -0.648514
0.414063 -0.426520 -0.804135
0.541000 -0.535489 -0.648514
0.414061 -0.426519 -0.804136
0.585574 -0.664021 -0.464950
0.541000 -0.535488 -0.648515
0.585574 -0.664022 -0.464949
0.541000 -0.535488 -0.648515
0.585574 -0.664021 -0.464950
0.541000 -0.535489 -0.648514
0.540996 -0.792555 -0.281390
0.585574 -0.664021 -0.464950
0.585574 -0.664022 -0.464949
0.585574 -0.664022 -0.464949
0.540997 -0.792553 -0.281392
0.540996 -0.792555 -0.281390
0.414062 -0.901516 -0.125782
0.540996 -0.792555 -0.281390
0.540997 -0.792553 -0.281392
0.540997 -0.792553 -0.281392
0.414057 -0.901519 -0.125778
0.414062 -0.901516 -0.125782
0.414062 -0.901516 -0.125782
0.414057 -0.901519 -0.125778
0.224090 -0.974325 -0.021793
0.414057 -0.901519 -0.125778
0.224090 -0.974325 -0.021793
0.224090 -0.974325 -0.021793
0.224090 -0.974325 -0.021793
-0.000003 -0.999892 0.014725
-0.000003 -0.999892 0.014725
0.224090 -0.974325 -0.021793
-0.000003 -0.999892 0.014725
0.224090 -0.974325 -0.021793
-0.224094 -0.974324 -0.021794
-0.000003 -0.999892 0.014725
-0.000003 -0.999892 0.014725
-0.000003 -0.999892 0.014725
-0.224094 -0.974324 -0.021794
-0.224094 -0.974324 -0.021794
-0.414061 -0.901518 -0.125771
-0.224094 -0.974324 -0.021794
-0.224094 -0.974324 -0.021794
-0.224094 -0.974324 -0.021794
-0.414061 -0.901518 -0.125771
-0.414065 -0.901516 -0.125774
-0.414065 -0.901516 -0.125774
-0.540998 -0.792552 -0.281394
-0.540997 -0.792553 -0.281392
-0.540998 -0.792552 -0.281394
-0.414065 -0.901516 -0.125774
-0.414061 -0.901518 -0.125771
-0.540997 -0.792553 -0.281392
-0.585570 -0.664018 -0.464960
-0.585570 -0.664017 -0.464962
-0.585570 -0.664018 -0.464960
-0.540997 -0.792553 -0.281392
-0.540998 -0.792552 -0.281394
-0.540995 -0.535491 -0.648517
-0.585570 -0.664017 -0.464962
-0.585570 -0.664018 -0.464960
-0.585570 -0.664017 -0.464962
-0.540995 -0.535491 -0.648517
-0.540996 -0.535492 -0.648514
-0.414065 -0.426524 -0.804132
-0.540996 -0.535492 -0.648514
-0.540995 -0.535491 -0.648517
-0.540996 -0.535492 -0.648514
-0.414065 -0.426524 -0.804132
-0.414063 -0.426523 -0.804133
-0.414063 -0.426523 -0.804133
-0.224090 -0.353705 -0.908117
-0.224090 -0.353705 -0.908117
-0.224090 -0.353705 -0.908117
-0.414063 -0.426523 -0.804133
-0.414065 -0.426524 -0.804132
-0.224090 -0.353705 -0.908117
0.000000 -0.328138 -0.944630
0.000001 -0.328138 -0.944630
0.000000 -0.328138 -0.944630
-0.224090 -0.353705 -0.908117
-0.224090 -0.353705 -0.908117
-0.000006 -0.921758 0.387767
-0.264938 -0.957965 0.110052
-0.323884 -0.884801 0.335001
-0.264938 -0.957965 0.110052
-0.000006 -0.921758 0.387767
-0.000002 -0.988192 0.153221
-0.323884 -0.884801 0.335001
-0.489544 -0.871884 -0.012883
-0.598455 -0.779572 0.184713
-0.489544 -0.871884 -0.012883
-0.323884 -0.884801 0.335001
-0.264938 -0.957965 0.110052
-0.639621 -0.743052 -0.196873
-0.598455 -0.779572 0.184713
-0.489544 -0.871884 -0.012883
-0.598455 -0.779572 0.184713
-0.639621 -0.743052 -0.196873
-0.781922 -0.622078 -0.040210
-0.692311 -0.591097 -0.413897
-0.781922 -0.622078 -0.040210
-0.639621 -0.743052 -0.196873
-0.781922 -0.622078 -0.040210
-0.692311 -0.591097 -0.413897
-0.846338 -0.436314 -0.305519
-0.639610 -0.439142 -0.630915
-0.781915 -0.250544 -0.570821
-0.692311 -0.591097 -0.413897
-0.692311 -0.591097 -0.413897
-0.781915 -0.250544 -0.570821
-0.846338 -0.436314 -0.305519
-0.781915 -0.250544 -0.570821
-0.639610 -0.439142 -0.630915
-0.598460 -0.093060 -0.795729
-0.639610 -0.439142 -0.630915
-0.489541 -0.310321 -0.814893
-0.598460 -0.093060 -0.795729
-0.264931 -0.224248 -0.937830
-0.598460 -0.093060 -0.795729
-0.489541 -0.310321 -0.814893
-0.598460 -0.093060 -0.795729
-0.264931 -0.224248 -0.937830
-0.323878 0.012164 -0.946021
0.000006 -0.194016 -0.980998
-0.323878 0.012164 -0.946021
-0.264931 -0.224248 -0.937830
-0.323878 0.012164 -0.946021
0.000006 -0.194016 -0.980998
0.000005 0.049122 -0.998793
0.323878 0.012171 -0.946021
0.000006 -0.194016 -0.980998
0.264932 -0.224237 -0.937832
0.000006 -0.194016 -0.980998
0.323878 0.012171 -0.946021
0.000005 0.049122 -0.998793
0.598455 -0.093058 -0.795734
0.264932 -0.224237 -0.937832
0.489536 -0.310313 -0.814899
0.264932 -0.224237 -0.937832
0.598455 -0.093058 -0.795734
0.323878 0.012171 -0.946021
0.598455 -0.093058 -0.795734
0.639611 -0.439143 -0.630913
0.781918 -0.250550 -0.570815
0.639611 -0.439143 -0.630913
0.598455 -0.093058 -0.795734
0.489536 -0.310313 -0.814899
0.692308 -0.591106 -0.413888
0.781918 -0.250550 -0.570815
0.639611 -0.439143 -0.630913
0.781918 -0.250550 -0.570815
0.692308 -0.591106 -0.413888
0.846338 -0.436325 -0.305505
0.781915 -0.622087 -0.040202
0.692308 -0.591106 -0.413888
0.639612 -0.743060 -0.196873
0.692308 -0.591106 -0.413888
0.781915 -0.622087 -0.040202
0.846338 -0.436325 -0.305505
0.598458 -0.779570 0.184711
0.639612 -0.743060 -0.196873
0.489539 -0.871886 -0.012886
0.639612 -0.743060 -0.196873
0.598458 -0.779570 0.184711
0.781915 -0.622087 -0.040202
0.323882 -0.884804 0.334996
0.489539 -0.871886 -0.012886
0.264938 -0.957965 0.110052
0.489539 -0.871886 -0.012886
0.323882 -0.884804 0.334996
0.598458 -0.779570 0.184711
0.264938 -0.957965 0.110052
-0.000006 -0.921758 0.387767
0.323882 -0.884804 0.334996
-0.000006 -0.921758 0.387767
0.264938 -0.957965 0.110052
-0.000002 -0.988192 0.153221
-0.000006 -0.921758 0.387767
-0.323884 -0.884801 0.335001
0.000004 -0.819147 -0.573583
-0.323884 -0.884801 0.335001
-0.598455 -0.779572 0.184713
0.000004 -0.819147 -0.573583
-0.598455 -0.779572 0.184713
-0.781922 -0.622078 -0.040210
0.000004 -0.819147 -0.573583
-0.781922 -0.622078 -0.040210
-0.846338 -0.436314 -0.305519
0.000004 -0.819147 -0.573583
-0.846338 -0.436314 -0.305519
-0.781915 -0.250544 -0.570821
0.000004 -0.819147 -0.573583
-0.781915 -0.250544 -0.570821
-0.598460 -0.093060 -0.795729
0.000004 -0.819147 -0.573583
-0.598460 -0.093060 -0.795729
-0.323878 0.012164 -0.946021
0.000004 -0.819147 -0.573583
-0.323878 0.012164 -0.946021
0.000005 0.049122 -0.998793
0.000004 -0.819147 -0.573583
0.000005 0.049122 -0.998793
0.323878 0.012171 -0.946021
0.000004 -0.819147 -0.573583
0.323878 0.012171 -0.946021
0.598455 -0.093058 -0.795734
0.000004 -0.819147 -0.573583
0.598455 -0.093058 -0.795734
0.781918 -0.250550 -0.570815
0.000004 -0.819147 -0.573583
0.781918 -0.250550 -0.570815
0.846338 -0.436325 -0.305505
0.000004 -0.819147 -0.573583
0.846338 -0.436325 -0.305505
0.781915 -0.622087 -0.040202
0.000004 -0.819147 -0.573583
0.781915 -0.622087 -0.040202
0.598458 -0.779570 0.184711
0.000004 -0.819147 -0.573583
0.598458 -0.779570 0.184711
0.323882 -0.884804 0.334996
0.000004 -0.819147 -0.573583
0.323882 -0.884804 0.334996
-0.000006 -0.921758 0.387767
0.000004 -0.819147 -0.573583
0.955471 -0.285541 0.074440
0.999605 -0.000000 -0.028094
0.999605 -0.000000 -0.028094
0.999605 -0.000000 -0.028094
0.955471 -0.285541 0.074440
0.992094 -0.123738 -0.020942
0.918091 0.394224 0.041181
0.999605 -0.000000 -0.028094
0.964320 0.259380 -0.053002
0.999605 -0.000000 -0.028094
0.918091 0.394224 0.041181
0.999605 -0.000000 -0.028094
0.999605 -0.000000 -0.028094
0.999605 -0.000000 -0.028094
0.999605 -0.000000 -0.028094
0.999605 -0.000000 -0.028094
0.999605 -0.000000 -0.028094
0.999605 -0.000000 -0.028094
-0.999605 0.000000 0.028094
-0.999605 0.000000 0.028094
-0.949782 -0.285540 0.127988
-0.949782 -0.285540 0.127988
-0.999605 0.000000 0.028094
-0.991704 -0.123738 0.034813
-0.914329 0.394224 0.092681
-0.999605 0.000000 0.028094
-0.999605 0.000000 0.028094
-0.999605 0.000000 0.028094
-0.914329 0.394224 0.092681
-0.965775 0.259380 0.001243
-0.999605 0.000000 0.028094
-0.999605 0.000000 0.028094
-0.999605 0.000000 0.028094
-0.999605 0.000000 0.028094
-0.999605 0.000000 0.028094
-0.999605 0.000000 0.028094
0.936833 -0.105528 0.333478
0.947852 -0.036068 0.316663
0.948752 -0.028503 0.314734
0.936833 -0.105528 0.333478
0.947852 -0.036068 0.316663
0.936833 -0.105528 0.333478
0.916197 0.177947 0.359053
0.935301 0.118666 0.333361
0.916196 0.177947 0.359053
0.935301 0.118666 0.333361
0.916197 0.177947 0.359053
0.941726 0.094917 0.322713
0.941726 0.094917 0.322713
0.947852 -0.036068 0.316663
0.935301 0.118666 0.333361
0.947852 -0.036068 0.316663
0.941726 0.094917 0.322713
0.948752 -0.028503 0.314734
-0.916624 -0.105528 0.385570
-0.928570 -0.036068 0.369401
-0.916624 -0.105528 0.385570
-0.928570 -0.036068 0.369401
-0.916624 -0.105528 0.385570
-0.929576 -0.028502 0.367526
-0.894584 0.177947 0.409945
-0.915101 0.118667 0.385368
-0.922113 0.094917 0.375097
-0.894584 0.177947 0.409945
-0.915101 0.118667 0.385368
-0.894584 0.177947 0.409945
-0.922113 0.094917 0.375097
-0.928570 -0.036068 0.369401
-0.929576 -0.028502 0.367526
-0.928570 -0.036068 0.369401
-0.922113 0.094917 0.375097
-0.915101 0.118667 0.385368
0.815750 0.578166 -0.016636
0.964320 0.259380 -0.053002
0.860447 0.504062 -0.074515
0.964320 0.259380 -0.053002
0.815750 0.578166 -0.016636
0.918091 0.394224 0.041181
-0.815396 0.578166 0.029208
-0.965775 0.259380 0.001243
-0.914329 0.394224 0.092681
-0.965775 0.259380 0.001243
-0.815396 0.578166 0.029208
-0.863274 0.504062 -0.026070
0.918091 0.394224 0.041181
0.815750 0.578166 -0.016636
0.733488 0.628542 0.258709
-0.731919 0.557257 0.392121
-0.717799 0.628542 0.299497
-0.914329 0.394224 0.092681
0.918091 0.394224 0.041181
0.733488 0.628542 0.258709
0.752789 0.557255 0.350394
-0.914329 0.394224 0.092681
-0.717799 0.628542 0.299497
-0.815396 0.578166 0.029208
0.955471 -0.285541 0.074440
0.859407 -0.501134 0.101412
0.874079 -0.485633 0.012054
-0.991704 -0.123738 0.034813
-0.872023 -0.485632 0.061129
-0.949782 -0.285540 0.127988
0.877062 -0.317811 0.360218
0.871341 -0.397156 0.288152
0.955471 -0.285541 0.074440
-0.949782 -0.285540 0.127988
-0.852355 -0.501134 0.149521
-0.853782 -0.397155 0.336638
0.955471 -0.285541 0.074440
0.871341 -0.397156 0.288152
0.859407 -0.501134 0.101412
-0.949782 -0.285540 0.127988
-0.853782 -0.397155 0.336638
-0.855446 -0.317810 0.408911
0.986955 -0.007453 -0.160826
0.987333 -0.008021 -0.158457
0.986927 -0.007412 -0.160995
0.987333 -0.008021 -0.158457
0.986955 -0.007453 -0.160826
0.987333 -0.008021 -0.158457
0.984942 -0.005923 -0.172783
0.979594 0.110355 -0.167979
0.985027 -0.005969 -0.172297
0.979594 0.110355 -0.167979
0.984942 -0.005923 -0.172783
0.978854 0.118263 -0.166908
0.985027 -0.005969 -0.172297
0.986927 -0.007412 -0.160995
0.984942 -0.005923 -0.172783
0.986927 -0.007412 -0.160995
0.985027 -0.005969 -0.172297
0.986955 -0.007453 -0.160826
-0.994675 -0.008021 -0.102752
-0.994430 -0.007452 -0.105139
-0.994675 -0.008021 -0.102752
-0.994430 -0.007452 -0.105139
-0.994412 -0.007412 -0.105309
-0.994675 -0.008021 -0.102752
-0.986684 0.118263 -0.111667
-0.993092 -0.005922 -0.117191
-0.987482 0.110355 -0.112694
-0.993149 -0.005969 -0.116700
-0.987482 0.110355 -0.112694
-0.993092 -0.005922 -0.117191
-0.994412 -0.007412 -0.105309
-0.994430 -0.007452 -0.105139
-0.993149 -0.005969 -0.116700
-0.993149 -0.005969 -0.116700
-0.993092 -0.005922 -0.117191
-0.994412 -0.007412 -0.105309
0.953231 0.265297 -0.144804
0.953231 0.265297 -0.144804
0.979594 0.110355 -0.167979
0.979594 0.110355 -0.167979
0.978854 0.118263 -0.166908
0.953231 0.265297 -0.144804
-0.959859 0.265297 -0.091036
-0.959859 0.265297 -0.091036
-0.987482 0.110355 -0.112694
-0.987482 0.110355 -0.112694
-0.959859 0.265297 -0.091036
-0.986684 0.118263 -0.111667
0.955471 -0.285541 0.074440
0.874079 -0.485633 0.012054
0.992094 -0.123738 -0.020942
-0.949782 -0.285540 0.127988
-0.872023 -0.485632 0.061129
-0.852355 -0.501134 0.149521
-0.011191 -0.917251 -0.398153
-0.011677 -0.909552 -0.415425
-0.011191 -0.917251 -0.398153
-0.011191 -0.917251 -0.398153
-0.011191 -0.917251 -0.398153
-0.010747 -0.923959 -0.382341
-0.917115 0.379880 0.120794
-0.999468 -0.000000 0.032610
-0.992678 -0.000000 0.120794
-0.999468 -0.000000 0.032610
-0.917115 0.379880 0.120794
-0.923388 0.382480 0.032610
-0.701929 0.701930 0.120795
-0.923388 0.382480 0.032610
-0.917115 0.379880 0.120794
-0.923388 0.382480 0.032610
-0.701929 0.701930 0.120795
-0.706730 0.706731 0.032610
-0.382480 0.923388 0.032610
-0.701929 0.701930 0.120795
-0.379881 0.917115 0.120795
-0.701929 0.701930 0.120795
-0.382480 0.923388 0.032610
-0.706730 0.706731 0.032610
-0.379881 0.917115 0.120795
-0.000000 0.999468 0.032610
-0.382480 0.923388 0.032610
-0.000000 0.999468 0.032610
-0.379881 0.917115 0.120795
-0.000000 0.992678 0.120795
0.379881 0.917115 0.120795
-0.000000 0.999468 0.032610
-0.000000 0.992678 0.120795
-0.000000 0.999468 0.032610
0.379881 0.917115 0.120795
0.382480 0.923388 0.032610
0.701929 0.701929 0.120795
0.382480 0.923388 0.032610
0.379881 0.917115 0.120795
0.382480 0.923388 0.032610
0.701929 0.701929 0.120795
0.706730 0.706731 0.032610
0.923388 0.382480 0.032610
0.701929 0.701929 0.120795
0.917114 0.379881 0.120794
0.701929 0.701929 0.120795
0.923388 0.382480 0.032610
0.706730 0.706731 0.032610
0.917114 0.379881 0.120794
0.999468 0.000000 0.032610
0.923388 0.382480 0.032610
0.999468 0.000000 0.032610
0.917114 0.379881 0.120794
0.992678 0.000000 0.120794
0.917114 -0.379881 0.120795
0.999468 0.000000 0.032610
0.992678 0.000000 0.120794
0.999468 0.000000 0.032610
0.917114 -0.379881 0.120795
0.923388 -0.382480 0.032610
0.701929 -0.701929 0.120795
0.923388 -0.382480 0.032610
0.917114 -0.379881 0.120795
0.923388 -0.382480 0.032610
0.701929 -0.701929 0.120795
0.706731 -0.706730 0.032610
0.382480 -0.923388 0.032610
0.701929 -0.701929 0.120795
0.379881 -0.917114 0.120795
0.701929 -0.701929 0.120795
0.382480 -0.923388 0.032610
0.706731 -0.706730 0.032610
0.379881 -0.917114 0.120795
-0.000000 -0.999468 0.032610
0.382480 -0.923388 0.032610
-0.000000 -0.999468 0.032610
0.379881 -0.917114 0.120795
-0.000000 -0.992678 0.120794
-0.379882 -0.917114 0.120794
-0.000000 -0.999468 0.032610
-0.000000 -0.992678 0.120794
-0.000000 -0.999468 0.032610
-0.379882 -0.917114 0.120794
-0.382481 -0.923388 0.032610
-0.701929 -0.701929 0.120794
-0.382481 -0.923388 0.032610
-0.379882 -0.917114 0.120794
-0.382481 -0.923388 0.032610
-0.701929 -0.701929 0.120794
-0.706731 -0.706730 0.032610
-0.923388 -0.382480 0.032610
-0.701929 -0.701929 0.120794
-0.917115 -0.379881 0.120794
-0.701929 -0.701929 0.120794
-0.923388 -0.382480 0.032610
-0.706731 -0.706730 0.032610
-0.917115 -0.379881 0.120794
-0.999468 -0.000000 0.032610
-0.923388 -0.382480 0.032610
-0.999468 -0.000000 0.032610
-0.917115 -0.379881 0.120794
-0.992678 -0.000000 0.120794
-0.909222 0.376611 0.177427
-0.992678 -0.000000 0.120794
-0.984134 -0.000000 0.177427
-0.992678 -0.000000 0.120794
-0.909222 0.376611 0.177427
-0.917115 0.379880 0.120794
-0.695887 0.695888 0.177427
-0.917115 0.379880 0.120794
-0.909222 0.376611 0.177427
-0.917115 0.379880 0.120794
-0.695887 0.695888 0.177427
-0.701929 0.701930 0.120795
-0.379881 0.917115 0.120795
-0.695887 0.695888 0.177427
-0.376611 0.909222 0.177427
-0.695887 0.695888 0.177427
-0.379881 0.917115 0.120795
-0.701929 0.701930 0.120795
-0.376611 0.909222 0.177427
-0.000000 0.992678 0.120795
-0.379881 0.917115 0.120795
-0.000000 0.992678 0.120795
-0.376611 0.909222 0.177427
-0.000000 0.984134 0.177427
0.376611 0.909221 0.177427
-0.000000 0.992678 0.120795
-0.000000 0.984134 0.177427
-0.000000 0.992678 0.120795
0.376611 0.909221 0.177427
0.379881 0.917115 0.120795
0.695887 0.695888 0.177427
0.379881 0.917115 0.120795
0.376611 0.909221 0.177427
0.379881 0.917115 0.120795
0.695887 0.695888 0.177427
0.701929 0.701929 0.120795
0.917114 0.379881 0.120794
0.695887 0.695888 0.177427
0.909221 0.376612 0.177427
0.695887 0.695888 0.177427
0.917114 0.379881 0.120794
0.701929 0.701929 0.120795
0.909221 0.376612 0.177427
0.992678 0.000000 0.120794
0.917114 0.379881 0.120794
0.992678 0.000000 0.120794
0.909221 0.376612 0.177427
0.984134 0.000000 0.177426
0.909221 -0.376612 0.177427
0.992678 0.000000 0.120794
0.984134 0.000000 0.177426
0.992678 0.000000 0.120794
0.909221 -0.376612 0.177427
0.917114 -0.379881 0.120795
0.695888 -0.695887 0.177427
0.917114 -0.379881 0.120795
0.909221 -0.376612 0.177427
0.917114 -0.379881 0.120795
0.695888 -0.695887 0.177427
0.701929 -0.701929 0.120795
0.379881 -0.917114 0.120795
0.695888 -0.695887 0.177427
0.376612 -0.909221 0.177427
0.695888 -0.695887 0.177427
0.379881 -0.917114 0.120795
0.701929 -0.701929 0.120795
0.376612 -0.909221 0.177427
-0.000000 -0.992678 0.120794
0.379881 -0.917114 0.120795
-0.000000 -0.992678 0.120794
0.376612 -0.909221 0.177427
-0.000000 -0.984134 0.177427
-0.376612 -0.909221 0.177427
-0.000000 -0.992678 0.120794
-0.000000 -0.984134 0.177427
-0.000000 -0.992678 0.120794
-0.376612 -0.909221 0.177427
-0.379882 -0.917114 0.120794
-0.695888 -0.695887 0.177427
-0.379882 -0.917114 0.120794
-0.376612 -0.909221 0.177427
-0.379882 -0.917114 0.120794
-0.695888 -0.695887 0.177427
-0.701929 -0.701929 0.120794
-0.917115 -0.379881 0.120794
-0.695888 -0.695887 0.177427
-0.909221 -0.376611 0.177427
-0.695888 -0.695887 0.177427
-0.917115 -0.379881 0.120794
-0.701929 -0.701929 0.120794
-0.909221 -0.376611 0.177427
-0.992678 -0.000000 0.120794
-0.917115 -0.379881 0.120794
-0.992678 -0.000000 0.120794
-0.909221 -0.376611 0.177427
-0.984134 -0.000000 0.177427
-0.659235 0.273064 0.700603
-0.713550 0.000001 0.700604
-0.713550 0.000001 0.700604
-0.713550 0.000001 0.700604
-0.659235 0.273064 0.700603
-0.659235 0.273063 0.700603
-0.659235 0.273064 0.700603
-0.504556 0.504555 0.700605
-0.659235 0.273063 0.700603
-0.504556 0.504555 0.700605
-0.659235 0.273064 0.700603
-0.504556 0.504555 0.700605
-0.504556 0.504555 0.700605
-0.273062 0.659234 0.700605
-0.504556 0.504555 0.700605
-0.273062 0.659234 0.700605
-0.504556 0.504555 0.700605
-0.273062 0.659234 0.700605
0.000001 0.713550 0.700604
-0.273062 0.659234 0.700605
0.000001 0.713550 0.700604
-0.273062 0.659234 0.700605
0.000001 0.713550 0.700604
-0.273062 0.659234 0.700605
0.273063 0.659234 0.700604
0.000001 0.713550 0.700604
0.000001 0.713550 0.700604
0.000001 0.713550 0.700604
0.273063 0.659234 0.700604
0.273063 0.659234 0.700604
0.504556 0.504555 0.700605
0.273063 0.659234 0.700604
0.504556 0.504555 0.700605
0.504556 0.504555 0.700605
0.273063 0.659234 0.700604
0.273063 0.659234 0.700604
0.504556 0.504555 0.700605
0.659233 0.273066 0.700605
0.659233 0.273065 0.700605
0.659233 0.273066 0.700605
0.504556 0.504555 0.700605
0.504556 0.504555 0.700605
0.713547 0.000003 0.700608
0.659233 0.273066 0.700605
0.713547 0.000002 0.700608
0.659233 0.273066 0.700605
0.713547 0.000003 0.700608
0.659233 0.273065 0.700605
0.659230 -0.273062 0.700609
0.713547 0.000003 0.700608
0.713547 0.000002 0.700608
0.713547 0.000003 0.700608
0.659230 -0.273062 0.700609
0.659230 -0.273063 0.700609
0.659230 -0.273062 0.700609
0.504553 -0.504554 0.700608
0.659230 -0.273063 0.700609
0.504552 -0.504555 0.700608
0.659230 -0.273063 0.700609
0.504553 -0.504554 0.700608
0.273061 -0.659231 0.700608
0.504552 -0.504555 0.700608
0.273062 -0.659231 0.700608
0.504552 -0.504555 0.700608
0.504553 -0.504554 0.700608
0.273062 -0.659231 0.700608
-0.000000 -0.713545 0.700609
0.273062 -0.659231 0.700608
-0.000000 -0.713545 0.700609
0.273062 -0.659231 0.700608
-0.000000 -0.713545 0.700609
0.273061 -0.659231 0.700608
-0.273061 -0.659230 0.700609
-0.000000 -0.713545 0.700609
-0.000000 -0.713545 0.700609
-0.000000 -0.713545 0.700609
-0.273061 -0.659230 0.700609
-0.273061 -0.659230 0.700609
-0.273061 -0.659230 0.700609
-0.504552 -0.504554 0.700609
-0.273061 -0.659230 0.700609
-0.504552 -0.504554 0.700609
-0.273061 -0.659230 0.700609
-0.504553 -0.504553 0.700609
-0.504553 -0.504553 0.700609
-0.659232 -0.273063 0.700607
-0.504552 -0.504554 0.700609
-0.659232 -0.273063 0.700607
-0.504553 -0.504553 0.700609
-0.659232 -0.273062 0.700607
-0.713550 0.000001 0.700604
-0.659232 -0.273062 0.700607
-0.713550 0.000001 0.700604
-0.659232 -0.273062 0.700607
-0.713550 0.000001 0.700604
-0.659232 -0.273063 0.700607
-0.898345 0.372107 0.233478
-0.996540 -0.000000 0.083119
-0.972362 -0.000001 0.233478
-0.996540 -0.000000 0.083119
-0.898345 0.372107 0.233478
-0.920682 0.381359 0.083120
-0.687564 0.687563 0.233479
-0.920682 0.381359 0.083120
-0.898345 0.372107 0.233478
-0.920682 0.381359 0.083120
-0.687564 0.687563 0.233479
-0.704660 0.704660 0.083120
-0.381359 0.920683 0.083120
-0.687564 0.687563 0.233479
-0.372106 0.898345 0.233479
-0.687564 0.687563 0.233479
-0.381359 0.920683 0.083120
-0.704660 0.704660 0.083120
-0.372106 0.898345 0.233479
0.000000 0.996540 0.083120
-0.381359 0.920683 0.083120
0.000000 0.996540 0.083120
-0.372106 0.898345 0.233479
0.000001 0.972362 0.233479
0.372107 0.898345 0.233479
0.000000 0.996540 0.083120
0.000001 0.972362 0.233479
0.000000 0.996540 0.083120
0.372107 0.898345 0.233479
0.381359 0.920683 0.083121
0.687564 0.687564 0.233479
0.381359 0.920683 0.083121
0.372107 0.898345 0.233479
0.381359 0.920683 0.083121
0.687564 0.687564 0.233479
0.704660 0.704660 0.083120
0.920682 0.381360 0.083119
0.687564 0.687564 0.233479
0.898345 0.372108 0.233479
0.687564 0.687564 0.233479
0.920682 0.381360 0.083119
0.704660 0.704660 0.083120
0.898345 0.372108 0.233479
0.996540 0.000001 0.083119
0.920682 0.381360 0.083119
0.996540 0.000001 0.083119
0.898345 0.372108 0.233479
0.972362 0.000000 0.233479
0.898345 -0.372107 0.233479
0.996540 0.000001 0.083119
0.972362 0.000000 0.233479
0.996540 0.000001 0.083119
0.898345 -0.372107 0.233479
0.920683 -0.381359 0.083118
0.687563 -0.687564 0.233479
0.920683 -0.381359 0.083118
0.898345 -0.372107 0.233479
0.920683 -0.381359 0.083118
0.687563 -0.687564 0.233479
0.704660 -0.704660 0.083118
0.381359 -0.920683 0.083118
0.687563 -0.687564 0.233479
0.372106 -0.898345 0.233478
0.687563 -0.687564 0.233479
0.381359 -0.920683 0.083118
0.704660 -0.704660 0.083118
0.372106 -0.898345 0.233478
-0.000000 -0.996540 0.083118
0.381359 -0.920683 0.083118
-0.000000 -0.996540 0.083118
0.372106 -0.898345 0.233478
-0.000000 -0.972362 0.233479
-0.372107 -0.898345 0.233478
-0.000000 -0.996540 0.083118
-0.000000 -0.972362 0.233479
-0.000000 -0.996540 0.083118
-0.372107 -0.898345 0.233478
-0.381360 -0.920682 0.083118
-0.687564 -0.687564 0.233479
-0.381360 -0.920682 0.083118
-0.372107 -0.898345 0.233478
-0.381360 -0.920682 0.083118
-0.687564 -0.687564 0.233479
-0.704660 -0.704660 0.083118
-0.920683 -0.381359 0.083119
-0.687564 -0.687564 0.233479
-0.898345 -0.372107 0.233478
-0.687564 -0.687564 0.233479
-0.920683 -0.381359 0.083119
-0.704660 -0.704660 0.083118
-0.898345 -0.372107 0.233478
-0.996540 -0.000000 0.083119
-0.920683 -0.381359 0.083119
-0.996540 -0.000000 0.083119
-0.898345 -0.372107 0.233478
-0.972362 -0.000001 0.233478
-0.807989 0.334680 0.484916
-0.972362 -0.000001 0.233478
-0.874561 -0.000000 0.484915
-0.972362 -0.000001 0.233478
-0.807989 0.334680 0.484916
-0.898345 0.372107 0.233478
-0.618408 0.618408 0.484916
-0.898345 0.372107 0.233478
-0.807989 0.334680 0.484916
-0.898345 0.372107 0.233478
-0.618408 0.618408 0.484916
-0.687564 0.687563 0.233479
-0.372106 0.898345 0.233479
-0.618408 0.618408 0.484916
-0.334679 0.807989 0.484916
-0.618408 0.618408 0.484916
-0.372106 0.898345 0.233479
-0.687564 0.687563 0.233479
-0.334679 0.807989 0.484916
0.000001 0.972362 0.233479
-0.372106 0.898345 0.233479
0.000001 0.972362 0.233479
-0.334679 0.807989 0.484916
0.000001 0.874561 0.484915
0.334680 0.807989 0.484915
0.000001 0.972362 0.233479
0.000001 0.874561 0.484915
0.000001 0.972362 0.233479
0.334680 0.807989 0.484915
0.372107 0.898345 0.233479
0.618408 0.618408 0.484915
0.372107 0.898345 0.233479
0.334680 0.807989 0.484915
0.372107 0.898345 0.233479
0.618408 0.618408 0.484915
0.687564 0.687564 0.233479
0.898345 0.372108 0.233479
0.618408 0.618408 0.484915
0.807988 0.334682 0.484915
0.618408 0.618408 0.484915
0.898345 0.372108 0.233479
0.687564 0.687564 0.233479
0.807988 0.334682 0.484915
0.972362 0.000000 0.233479
0.898345 0.372108 0.233479
0.972362 0.000000 0.233479
0.807988 0.334682 0.484915
0.874561 0.000001 0.484916
0.807988 -0.334681 0.484916
0.972362 0.000000 0.233479
0.874561 0.000001 0.484916
0.972362 0.000000 0.233479
0.807988 -0.334681 0.484916
0.898345 -0.372107 0.233479
0.618407 -0.618408 0.484917
0.898345 -0.372107 0.233479
0.807988 -0.334681 0.484916
0.898345 -0.372107 0.233479
0.618407 -0.618408 0.484917
0.687563 -0.687564 0.233479
0.372106 -0.898345 0.233478
0.618407 -0.618408 0.484917
0.334679 -0.807989 0.484916
0.618407 -0.618408 0.484917
0.372106 -0.898345 0.233478
0.687563 -0.687564 0.233479
0.334679 -0.807989 0.484916
-0.000000 -0.972362 0.233479
0.372106 -0.898345 0.233478
-0.000000 -0.972362 0.233479
0.334679 -0.807989 0.484916
0.000000 -0.874561 0.484916
-0.334680 -0.807989 0.484916
-0.000000 -0.972362 0.233479
0.000000 -0.874561 0.484916
-0.000000 -0.972362 0.233479
-0.334680 -0.807989 0.484916
-0.372107 -0.898345 0.233478
-0.618408 -0.618408 0.484916
-0.372107 -0.898345 0.233478
-0.334680 -0.807989 0.484916
-0.372107 -0.898345 0.233478
-0.618408 -0.618408 0.484916
-0.687564 -0.687564 0.233479
-0.898345 -0.372107 0.233478
-0.618408 -0.618408 0.484916
-0.807989 -0.334680 0.484916
-0.618408 -0.618408 0.484916
-0.898345 -0.372107 0.233478
-0.687564 -0.687564 0.233479
-0.807989 -0.334680 0.484916
-0.972362 -0.000001 0.233478
-0.898345 -0.372107 0.233478
-0.972362 -0.000001 0.233478
-0.807989 -0.334680 0.484916
-0.874561 -0.000000 0.484915
-0.643841 0.266689 0.717179
-0.874561 -0.000000 0.484915
-0.696890 -0.000000 0.717178
-0.874561 -0.000000 0.484915
-0.643841 0.266689 0.717179
-0.807989 0.334680 0.484916
-0.492775 0.492775 0.717179
-0.807989 0.334680 0.484916
-0.643841 0.266689 0.717179
-0.807989 0.334680 0.484916
-0.492775 0.492775 0.717179
-0.618408 0.618408 0.484916
-0.334679 0.807989 0.484916
-0.492775 0.492775 0.717179
-0.266688 0.643842 0.717178
-0.492775 0.492775 0.717179
-0.334679 0.807989 0.484916
-0.618408 0.618408 0.484916
0.000001 0.874561 0.484915
-0.266688 0.643842 0.717178
0.000001 0.696890 0.717178
-0.266688 0.643842 0.717178
0.000001 0.874561 0.484915
-0.334679 0.807989 0.484916
0.266688 0.643842 0.717178
0.000001 0.874561 0.484915
0.000001 0.696890 0.717178
0.000001 0.874561 0.484915
0.266688 0.643842 0.717178
0.334680 0.807989 0.484915
0.492776 0.492775 0.717178
0.334680 0.807989 0.484915
0.266688 0.643842 0.717178
0.334680 0.807989 0.484915
0.492776 0.492775 0.717178
0.618408 0.618408 0.484915
0.807988 0.334682 0.484915
0.492776 0.492775 0.717178
0.643842 0.266689 0.717178
0.492776 0.492775 0.717178
0.807988 0.334682 0.484915
0.618408 0.618408 0.484915
0.874561 0.000001 0.484916
0.643842 0.266689 0.717178
0.696889 0.000000 0.717179
0.643842 0.266689 0.717178
0.874561 0.000001 0.484916
0.807988 0.334682 0.484915
0.643842 -0.266688 0.717179
0.874561 0.000001 0.484916
0.696889 0.000000 0.717179
0.874561 0.000001 0.484916
0.643842 -0.266688 0.717179
0.807988 -0.334681 0.484916
0.492776 -0.492775 0.717178
0.807988 -0.334681 0.484916
0.643842 -0.266688 0.717179
0.807988 -0.334681 0.484916
0.492776 -0.492775 0.717178
0.618407 -0.618408 0.484917
0.334679 -0.807989 0.484916
0.492776 -0.492775 0.717178
0.266687 -0.643843 0.717178
0.492776 -0.492775 0.717178
0.334679 -0.807989 0.484916
0.618407 -0.618408 0.484917
0.000000 -0.874561 0.484916
0.266687 -0.643843 0.717178
0.000000 -0.696890 0.717178
0.266687 -0.643843 0.717178
0.000000 -0.874561 0.484916
0.334679 -0.807989 0.484916
-0.266688 -0.643842 0.717178
0.000000 -0.874561 0.484916
0.000000 -0.696890 0.717178
0.000000 -0.874561 0.484916
-0.266688 -0.643842 0.717178
-0.334680 -0.807989 0.484916
-0.492776 -0.492775 0.717178
-0.334680 -0.807989 0.484916
-0.266688 -0.643842 0.717178
-0.334680 -0.807989 0.484916
-0.492776 -0.492775 0.717178
-0.618408 -0.618408 0.484916
-0.807989 -0.334680 0.484916
-0.492776 -0.492775 0.717178
-0.643842 -0.266689 0.717179
-0.492776 -0.492775 0.717178
-0.807989 -0.334680 0.484916
-0.618408 -0.618408 0.484916
-0.874561 -0.000000 0.484915
-0.643842 -0.266689 0.717179
-0.696890 -0.000000 0.717178
-0.643842 -0.266689 0.717179
-0.874561 -0.000000 0.484915
-0.807989 -0.334680 0.484916
-0.696890 -0.000000 0.717178
-0.000000 -0.000000 1.000000
-0.643841 0.266689 0.717179
-0.643841 0.266689 0.717179
-0.000000 -0.000000 1.000000
-0.492775 0.492775 0.717179
-0.492775 0.492775 0.717179
-0.000000 -0.000000 1.000000
-0.266688 0.643842 0.717178
-0.266688 0.643842 0.717178
-0.000000 -0.000000 1.000000
0.000001 0.696890 0.717178
0.000001 0.696890 0.717178
-0.000000 -0.000000 1.000000
0.266688 0.643842 0.717178
0.266688 0.643842 0.717178
-0.000000 -0.000000 1.000000
0.492776 0.492775 0.717178
0.492776 0.492775 0.717178
-0.000000 -0.000000 1.000000
0.643842 0.266689 0.717178
0.643842 0.266689 0.717178
-0.000000 -0.000000 1.000000
0.696889 0.000000 0.717179
0.696889 0.000000 0.717179
-0.000000 -0.000000 1.000000
0.643842 -0.266688 0.717179
0.643842 -0.266688 0.717179
-0.000000 -0.000000 1.000000
0.492776 -0.492775 0.717178
0.492776 -0.492775 0.717178
-0.000000 -0.000000 1.000000
0.266687 -0.643843 0.717178
0.266687 -0.643843 0.717178
-0.000000 -0.000000 1.000000
0.000000 -0.696890 0.717178
0.000000 -0.696890 0.717178
-0.000000 -0.000000 1.000000
-0.266688 -0.643842 0.717178
-0.266688 -0.643842 0.717178
-0.000000 -0.000000 1.000000
-0.492776 -0.492775 0.717178
-0.492776 -0.492775 0.717178
-0.000000 -0.000000 1.000000
-0.643842 -0.266689 0.717179
-0.643842 -0.266689 0.717179
-0.000000 -0.000000 1.000000
-0.696890 -0.000000 0.717178
-0.996833 -0.000000 -0.079529
-0.999468 -0.000000 0.032610
-0.923388 0.382480 0.032610
-0.923388 0.382480 0.032610
-0.920953 0.381471 -0.079529
-0.996833 -0.000000 -0.079529
-0.920953 0.381471 -0.079529
-0.923388 0.382480 0.032610
-0.706730 0.706731 0.032610
-0.706730 0.706731 0.032610
-0.704866 0.704868 -0.079529
-0.920953 0.381471 -0.079529
-0.704866 0.704868 -0.079529
-0.706730 0.706731 0.032610
-0.382480 0.923388 0.032610
-0.382480 0.923388 0.032610
-0.381471 0.920953 -0.079529
-0.704866 0.704868 -0.079529
-0.382480 0.923388 0.032610
-0.000000 0.996833 -0.079529
-0.381471 0.920953 -0.079529
-0.000000 0.996833 -0.079529
-0.382480 0.923388 0.032610
-0.000000 0.999468 0.032610
-0.000000 0.996833 -0.079529
-0.000000 0.999468 0.032610
0.382480 0.923388 0.032610
0.382480 0.923388 0.032610
0.381471 0.920953 -0.079529
-0.000000 0.996833 -0.079529
0.381471 0.920953 -0.079529
0.382480 0.923388 0.032610
0.706730 0.706731 0.032610
0.706730 0.706731 0.032610
0.704867 0.704868 -0.079529
0.381471 0.920953 -0.079529
0.704867 0.704868 -0.079529
0.706730 0.706731 0.032610
0.923388 0.382480 0.032610
0.923388 0.382480 0.032610
0.920953 0.381471 -0.079529
0.704867 0.704868 -0.079529
0.920953 0.381471 -0.079529
0.923388 0.382480 0.032610
0.999468 0.000000 0.032610
0.999468 0.000000 0.032610
0.996832 0.000000 -0.079529
0.920953 0.381471 -0.079529
0.996832 0.000000 -0.079529
0.999468 0.000000 0.032610
0.923388 -0.382480 0.032610
0.923388 -0.382480 0.032610
0.920953 -0.381471 -0.079529
0.996832 0.000000 -0.079529
0.923388 -0.382480 0.032610
0.704867 -0.704867 -0.079529
0.920953 -0.381471 -0.079529
0.704867 -0.704867 -0.079529
0.923388 -0.382480 0.032610
0.706731 -0.706730 0.032610
0.706731 -0.706730 0.032610
0.381472 -0.920953 -0.079529
0.704867 -0.704867 -0.079529
0.381472 -0.920953 -0.079529
0.706731 -0.706730 0.032610
0.382480 -0.923388 0.032610
0.381472 -0.920953 -0.079529
0.382480 -0.923388 0.032610
-0.000000 -0.999468 0.032610
-0.000000 -0.999468 0.032610
0.000000 -0.996832 -0.079529
0.381472 -0.920953 -0.079529
0.000000 -0.996832 -0.079529
-0.000000 -0.999468 0.032610
-0.382481 -0.923388 0.032610
-0.382481 -0.923388 0.032610
-0.381472 -0.920953 -0.079529
0.000000 -0.996832 -0.079529
-0.381472 -0.920953 -0.079529
-0.382481 -0.923388 0.032610
-0.706731 -0.706730 0.032610
-0.706731 -0.706730 0.032610
-0.704867 -0.704867 -0.079529
-0.381472 -0.920953 -0.079529
-0.706731 -0.706730 0.032610
-0.920953 -0.381471 -0.079529
-0.704867 -0.704867 -0.079529
-0.920953 -0.381471 -0.079529
-0.706731 -0.706730 0.032610
-0.923388 -0.382480 0.032610
-0.920953 -0.381471 -0.079529
-0.923388 -0.382480 0.032610
-0.999468 -0.000000 0.032610
-0.999468 -0.000000 0.032610
-0.996833 -0.000000 -0.079529
-0.920953 -0.381471 -0.079529
-0.996833 -0.000000 -0.079529
-0.875725 0.362737 -0.318634
-0.947878 -0.000000 -0.318634
-0.875725 0.362737 -0.318634
-0.996833 -0.000000 -0.079529
-0.920953 0.381471 -0.079529
-0.920953 0.381471 -0.079529
-0.670250 0.670251 -0.318634
-0.875725 0.362737 -0.318634
-0.670250 0.670251 -0.318634
-0.920953 0.381471 -0.079529
-0.704866 0.704868 -0.079529
-0.670250 0.670251 -0.318634
-0.704866 0.704868 -0.079529
-0.381471 0.920953 -0.079529
-0.381471 0.920953 -0.079529
-0.362737 0.875725 -0.318633
-0.670250 0.670251 -0.318634
-0.362737 0.875725 -0.318633
-0.381471 0.920953 -0.079529
-0.000000 0.996833 -0.079529
-0.000000 0.996833 -0.079529
0.000000 0.947878 -0.318634
-0.362737 0.875725 -0.318633
-0.000000 0.996833 -0.079529
0.362737 0.875725 -0.318633
0.000000 0.947878 -0.318634
0.362737 0.875725 -0.318633
-0.000000 0.996833 -0.079529
0.381471 0.920953 -0.079529
0.381471 0.920953 -0.079529
0.670250 0.670252 -0.318634
0.362737 0.875725 -0.318633
0.670250 0.670252 -0.318634
0.381471 0.920953 -0.079529
0.704867 0.704868 -0.079529
0.670250 0.670252 -0.318634
0.704867 0.704868 -0.079529
0.920953 0.381471 -0.079529
0.920953 0.381471 -0.079529
0.875725 0.362737 -0.318634
0.670250 0.670252 -0.318634
0.875725 0.362737 -0.318634
0.920953 0.381471 -0.079529
0.996832 0.000000 -0.079529
0.996832 0.000000 -0.079529
0.947878 -0.000000 -0.318634
0.875725 0.362737 -0.318634
0.996832 0.000000 -0.079529
0.875725 -0.362737 -0.318634
0.947878 -0.000000 -0.318634
0.875725 -0.362737 -0.318634
0.996832 0.000000 -0.079529
0.920953 -0.381471 -0.079529
0.920953 -0.381471 -0.079529
0.670251 -0.670251 -0.318634
0.875725 -0.362737 -0.318634
0.670251 -0.670251 -0.318634
0.920953 -0.381471 -0.079529
0.704867 -0.704867 -0.079529
0.670251 -0.670251 -0.318634
0.704867 -0.704867 -0.079529
0.381472 -0.920953 -0.079529
0.381472 -0.920953 -0.079529
0.362738 -0.875725 -0.318634
0.670251 -0.670251 -0.318634
0.362738 -0.875725 -0.318634
0.381472 -0.920953 -0.079529
0.000000 -0.996832 -0.079529
0.000000 -0.996832 -0.079529
0.000000 -0.947878 -0.318634
0.362738 -0.875725 -0.318634
0.000000 -0.996832 -0.079529
-0.362738 -0.875725 -0.318634
0.000000 -0.947878 -0.318634
-0.362738 -0.875725 -0.318634
0.000000 -0.996832 -0.079529
-0.381472 -0.920953 -0.079529
-0.381472 -0.920953 -0.079529
-0.670251 -0.670251 -0.318634
-0.362738 -0.875725 -0.318634
-0.670251 -0.670251 -0.318634
-0.381472 -0.920953 -0.079529
-0.704867 -0.704867 -0.079529
-0.670251 -0.670251 -0.318634
-0.704867 -0.704867 -0.079529
-0.920953 -0.381471 -0.079529
-0.920953 -0.381471 -0.079529
-0.875725 -0.362737 -0.318634
-0.670251 -0.670251 -0.318634
-0.875725 -0.362737 -0.318634
-0.920953 -0.381471 -0.079529
-0.996833 -0.000000 -0.079529
-0.996833 -0.000000 -0.079529
-0.947878 -0.000000 -0.318634
-0.875725 -0.362737 -0.318634
-0.947878 -0.000000 -0.318634
-0.667353 0.276427 -0.691540
-0.722338 -0.000001 -0.691540
-0.667353 0.276427 -0.691540
-0.947878 -0.000000 -0.318634
-0.875725 0.362737 -0.318634
-0.875725 0.362737 -0.318634
-0.510770 0.510771 -0.691540
-0.667353 0.276427 -0.691540
-0.510770 0.510771 -0.691540
-0.875725 0.362737 -0.318634
-0.670250 0.670251 -0.318634
-0.510770 0.510771 -0.691540
-0.670250 0.670251 -0.318634
-0.362737 0.875725 -0.318633
-0.362737 0.875725 -0.318633
-0.276426 0.667353 -0.691540
-0.510770 0.510771 -0.691540
-0.276426 0.667353 -0.691540
-0.362737 0.875725 -0.318633
0.000000 0.947878 -0.318634
0.000000 0.947878 -0.318634
0.000000 0.722339 -0.691540
-0.276426 0.667353 -0.691540
0.000000 0.947878 -0.318634
0.276427 0.667353 -0.691540
0.000000 0.722339 -0.691540
0.276427 0.667353 -0.691540
0.000000 0.947878 -0.318634
0.362737 0.875725 -0.318633
0.362737 0.875725 -0.318633
0.510769 0.510771 -0.691540
0.276427 0.667353 -0.691540
0.510769 0.510771 -0.691540
0.362737 0.875725 -0.318633
0.670250 0.670252 -0.318634
0.510769 0.510771 -0.691540
0.670250 0.670252 -0.318634
0.875725 0.362737 -0.318634
0.875725 0.362737 -0.318634
0.667354 0.276427 -0.691540
0.510769 0.510771 -0.691540
0.667354 0.276427 -0.691540
0.875725 0.362737 -0.318634
0.947878 -0.000000 -0.318634
0.947878 -0.000000 -0.318634
0.722338 -0.000001 -0.691540
0.667354 0.276427 -0.691540
0.947878 -0.000000 -0.318634
0.667354 -0.276427 -0.691540
0.722338 -0.000001 -0.691540
0.667354 -0.276427 -0.691540
0.947878 -0.000000 -0.318634
0.875725 -0.362737 -0.318634
0.875725 -0.362737 -0.318634
0.510770 -0.510771 -0.691540
0.667354 -0.276427 -0.691540
0.510770 -0.510771 -0.691540
0.875725 -0.362737 -0.318634
0.670251 -0.670251 -0.318634
0.510770 -0.510771 -0.691540
0.670251 -0.670251 -0.318634
0.362738 -0.875725 -0.318634
0.362738 -0.875725 -0.318634
0.276428 -0.667354 -0.691540
0.510770 -0.510771 -0.691540
0.276428 -0.667354 -0.691540
0.362738 -0.875725 -0.318634
0.000000 -0.947878 -0.318634
0.000000 -0.947878 -0.318634
0.000000 -0.722339 -0.691539
0.276428 -0.667354 -0.691540
0.000000 -0.947878 -0.318634
-0.276427 -0.667353 -0.691540
0.000000 -0.722339 -0.691539
-0.276427 -0.667353 -0.691540
0.000000 -0.947878 -0.318634
-0.362738 -0.875725 -0.318634
-0.362738 -0.875725 -0.318634
-0.510770 -0.510770 -0.691540
-0.276427 -0.667353 -0.691540
-0.510770 -0.510770 -0.691540
-0.362738 -0.875725 -0.318634
-0.670251 -0.670251 -0.318634
-0.510770 -0.510770 -0.691540
-0.670251 -0.670251 -0.318634
-0.875725 -0.362737 -0.318634
-0.875725 -0.362737 -0.318634
-0.667353 -0.276427 -0.691540
-0.510770 -0.510770 -0.691540
-0.667353 -0.276427 -0.691540
-0.875725 -0.362737 -0.318634
-0.947878 -0.000000 -0.318634
-0.947878 -0.000000 -0.318634
-0.722338 -0.000001 -0.691540
-0.667353 -0.276427 -0.691540
-0.667353 0.276427 -0.691540
-0.000000 -0.000001 -1.000000
-0.722338 -0.000001 -0.691540
-0.510770 0.510771 -0.691540
-0.000000 -0.000001 -1.000000
-0.667353 0.276427 -0.691540
-0.276426 0.667353 -0.691540
-0.000000 -0.000001 -1.000000
-0.510770 0.510771 -0.691540
0.000000 0.722339 -0.691540
-0.000000 -0.000001 -1.000000
-0.276426 0.667353 -0.691540
0.276427 0.667353 -0.691540
-0.000000 -0.000001 -1.000000
0.000000 0.722339 -0.691540
0.510769 0.510771 -0.691540
-0.000000 -0.000001 -1.000000
0.276427 0.667353 -0.691540
0.667354 0.276427 -0.691540
-0.000000 -0.000001 -1.000000
0.510769 0.510771 -0.691540
0.722338 -0.000001 -0.691540
-0.000000 -0.000001 -1.000000
0.667354 0.276427 -0.691540
0.667354 -0.276427 -0.691540
-0.000000 -0.000001 -1.000000
0.722338 -0.000001 -0.691540
0.510770 -0.510771 -0.691540
-0.000000 -0.000001 -1.000000
0.667354 -0.276427 -0.691540
0.276428 -0.667354 -0.691540
-0.000000 -0.000001 -1.000000
0.510770 -0.510771 -0.691540
0.000000 -0.722339 -0.691539
-0.000000 -0.000001 -1.000000
0.276428 -0.667354 -0.691540
-0.276427 -0.667353 -0.691540
-0.000000 -0.000001 -1.000000
0.000000 -0.722339 -0.691539
-0.510770 -0.510770 -0.691540
-0.000000 -0.000001 -1.000000
-0.276427 -0.667353 -0.691540
-0.667353 -0.276427 -0.691540
-0.000000 -0.000001 -1.000000
-0.510770 -0.510770 -0.691540
-0.722338 -0.000001 -0.691540
-0.000000 -0.000001 -1.000000
-0.667353 -0.276427 -0.691540
0.105843 -0.181068 0.977758
0.000000 -0.216432 0.976298
0.000000 -0.573581 0.819149
0.105843 -0.181068 0.977758
0.000000 -0.573581 0.819149
0.008960 -0.550079 0.835064
0.000000 0.173651 0.984807
0.105843 -0.181068 0.977758
0.181825 0.199588 0.962863
0.105843 -0.181068 0.977758
0.000000 0.173651 0.984807
0.000000 -0.216432 0.976298
0.226132 0.537053 0.812674
0.000000 0.537298 0.843392
0.000000 0.173651 0.984807
0.226132 0.537053 0.812674
0.000000 0.173651 0.984807
0.181825 0.199588 0.962863
0.240324 0.795145 0.556767
0.000000 0.819152 0.573577
0.000000 0.537298 0.843392
0.240324 0.795145 0.556767
0.000000 0.537298 0.843392
0.226132 0.537053 0.812674
0.000000 0.819152 0.573577
0.240324 0.795145 0.556767
0.226132 0.947346 0.226716
0.000000 0.819152 0.573577
0.226132 0.947346 0.226716
-0.000000 0.976296 0.216442
-0.000000 0.976296 0.216442
0.226132 0.947346 0.226716
0.181825 0.973057 -0.141771
-0.000000 0.976296 0.216442
0.181825 0.973057 -0.141771
0.000000 0.984807 -0.173650
0.000000 0.984807 -0.173650
0.181825 0.973057 -0.141771
0.105844 0.856863 -0.504562
0.000000 0.984807 -0.173650
0.105844 0.856863 -0.504562
0.000000 0.843395 -0.537294
0.000000 0.843395 -0.537294
0.105844 0.856863 -0.504562
0.008962 0.596576 -0.802507
0.000000 0.843395 -0.537294
0.008962 0.596576 -0.802507
0.000000 0.573579 -0.819150
-0.076942 0.226687 -0.970924
0.000000 0.216435 -0.976297
0.000000 0.573579 -0.819150
-0.076942 0.226687 -0.970924
0.000000 0.573579 -0.819150
0.008962 0.596576 -0.802507
-0.121240 -0.178139 -0.976508
0.000000 -0.173651 -0.984807
0.000000 0.216435 -0.976297
-0.121240 -0.178139 -0.976508
0.000000 0.216435 -0.976297
-0.076942 0.226687 -0.970924
-0.126507 -0.541335 -0.831235
0.000000 -0.537302 -0.843390
0.000000 -0.173651 -0.984807
-0.126507 -0.541335 -0.831235
0.000000 -0.173651 -0.984807
-0.121240 -0.178139 -0.976508
-0.122381 -0.812994 -0.569267
0.000000 -0.819150 -0.573579
0.000000 -0.537302 -0.843390
-0.122381 -0.812994 -0.569267
0.000000 -0.537302 -0.843390
-0.126507 -0.541335 -0.831235
-0.000001 -0.976295 -0.216446
-0.122381 -0.812994 -0.569267
-0.126504 -0.966253 -0.224391
-0.122381 -0.812994 -0.569267
-0.000001 -0.976295 -0.216446
0.000000 -0.819150 -0.573579
-0.000002 -0.984808 0.173647
-0.126504 -0.966253 -0.224391
-0.121235 -0.978544 0.166593
-0.126504 -0.966253 -0.224391
-0.000002 -0.984808 0.173647
-0.000001 -0.976295 -0.216446
-0.076939 -0.834840 0.545089
-0.000001 -0.843394 0.537295
-0.000002 -0.984808 0.173647
-0.076939 -0.834840 0.545089
-0.000002 -0.984808 0.173647
-0.121235 -0.978544 0.166593
0.008960 -0.550079 0.835064
0.000000 -0.573581 0.819149
-0.000001 -0.843394 0.537295
0.008960 -0.550079 0.835064
-0.000001 -0.843394 0.537295
-0.076939 -0.834840 0.545089
0.272863 -0.187033 0.943697
0.105843 -0.181068 0.977758
0.008960 -0.550079 0.835064
0.272863 -0.187033 0.943697
0.008960 -0.550079 0.835064
0.001749 -0.546544 0.837429
0.469982 0.161888 0.867704
0.181825 0.199588 0.962863
0.105843 -0.181068 0.977758
0.469982 0.161888 0.867704
0.105843 -0.181068 0.977758
0.272863 -0.187033 0.943697
0.576714 0.440760 0.687846
0.226132 0.537053 0.812674
0.181825 0.199588 0.962863
0.576714 0.440760 0.687846
0.181825 0.199588 0.962863
0.469982 0.161888 0.867704
0.609419 0.649464 0.454759
0.240324 0.795145 0.556767
0.226132 0.537053 0.812674
0.609419 0.649464 0.454759
0.226132 0.537053 0.812674
0.576714 0.440760 0.687846
0.576713 0.797113 0.178919
0.226132 0.947346 0.226716
0.609419 0.649464 0.454759
0.240324 0.795145 0.556767
0.609419 0.649464 0.454759
0.226132 0.947346 0.226716
0.469982 0.870743 -0.144651
0.181825 0.973057 -0.141771
0.576713 0.797113 0.178919
0.226132 0.947346 0.226716
0.576713 0.797113 0.178919
0.181825 0.973057 -0.141771
0.272866 0.822818 -0.498512
0.105844 0.856863 -0.504562
0.469982 0.870743 -0.144651
0.181825 0.973057 -0.141771
0.469982 0.870743 -0.144651
0.105844 0.856863 -0.504562
0.001757 0.600007 -0.799993
0.105844 0.856863 -0.504562
0.272866 0.822818 -0.498512
0.105844 0.856863 -0.504562
0.001757 0.600007 -0.799993
0.008962 0.596576 -0.802507
0.001757 0.600007 -0.799993
-0.076942 0.226687 -0.970924
0.008962 0.596576 -0.802507
-0.076942 0.226687 -0.970924
0.001757 0.600007 -0.799993
-0.251949 0.232457 -0.939407
-0.251949 0.232457 -0.939407
-0.121240 -0.178139 -0.976508
-0.076942 0.226687 -0.970924
-0.121240 -0.178139 -0.976508
-0.251949 0.232457 -0.939407
-0.398513 -0.159256 -0.903230
-0.398513 -0.159256 -0.903230
-0.126507 -0.541335 -0.831235
-0.121240 -0.178139 -0.976508
-0.126507 -0.541335 -0.831235
-0.398513 -0.159256 -0.903230
-0.446243 -0.489739 -0.749015
-0.122381 -0.812994 -0.569267
-0.446243 -0.489739 -0.749015
-0.452106 -0.730654 -0.511610
-0.446243 -0.489739 -0.749015
-0.122381 -0.812994 -0.569267
-0.126507 -0.541335 -0.831235
-0.446241 -0.871346 -0.204023
-0.126504 -0.966253 -0.224391
-0.122381 -0.812994 -0.569267
-0.446241 -0.871346 -0.204023
-0.122381 -0.812994 -0.569267
-0.452106 -0.730654 -0.511610
-0.398504 -0.903230 0.159280
-0.121235 -0.978544 0.166593
-0.126504 -0.966253 -0.224391
-0.398504 -0.903230 0.159280
-0.126504 -0.966253 -0.224391
-0.446241 -0.871346 -0.204023
-0.251951 -0.803253 0.539728
-0.076939 -0.834840 0.545089
-0.121235 -0.978544 0.166593
-0.251951 -0.803253 0.539728
-0.121235 -0.978544 0.166593
-0.398504 -0.903230 0.159280
0.008960 -0.550079 0.835064
-0.251951 -0.803253 0.539728
0.001749 -0.546544 0.837429
-0.251951 -0.803253 0.539728
0.008960 -0.550079 0.835064
-0.076939 -0.834840 0.545089
0.039282 -0.566098 0.823402
0.033226 -0.640200 0.767489
0.470459 -0.509916 0.720177
0.039282 -0.566098 0.823402
0.470459 -0.509916 0.720177
0.436608 -0.309535 0.844725
0.436608 -0.309535 0.844725
0.470459 -0.509916 0.720177
0.775223 -0.295649 0.558230
0.436608 -0.309535 0.844725
0.775223 -0.295649 0.558230
0.702104 -0.028777 0.711493
0.702104 -0.028777 0.711493
0.938201 -0.072801 0.338347
0.834756 0.209358 0.509266
0.938201 -0.072801 0.338347
0.702104 -0.028777 0.711493
0.775223 -0.295649 0.558230
0.834756 0.209358 0.509266
0.988067 0.126171 0.088347
0.873337 0.399023 0.279398
0.988067 0.126171 0.088347
0.834756 0.209358 0.509266
0.938201 -0.072801 0.338347
0.938201 0.293044 -0.184131
0.834755 0.550160 0.022548
0.988067 0.126171 0.088347
0.834755 0.550160 0.022548
0.873337 0.399023 0.279398
0.988067 0.126171 0.088347
0.775225 0.423448 -0.468740
0.702105 0.658742 -0.270384
0.938201 0.293044 -0.184131
0.702105 0.658742 -0.270384
0.834755 0.550160 0.022548
0.938201 0.293044 -0.184131
0.470459 0.502345 -0.725478
0.436611 0.687919 -0.579775
0.775225 0.423448 -0.468740
0.436611 0.687919 -0.579775
0.702105 0.658742 -0.270384
0.775225 0.423448 -0.468740
0.033226 0.502244 -0.864088
0.436611 0.687919 -0.579775
0.470459 0.502345 -0.725478
0.436611 0.687919 -0.579775
0.033226 0.502244 -0.864088
0.039286 0.580131 -0.813575
0.033226 0.502244 -0.864088
-0.377452 0.339996 -0.861355
0.039286 0.580131 -0.813575
-0.377452 0.339996 -0.861355
0.033226 0.502244 -0.864088
-0.423425 0.418736 -0.803350
-0.423425 0.418736 -0.803350
-0.675292 0.060055 -0.735102
-0.377452 0.339996 -0.861355
-0.675292 0.060055 -0.735102
-0.423425 0.418736 -0.803350
-0.762532 0.288956 -0.578834
-0.945047 0.140429 -0.295239
-0.829166 -0.190547 -0.525525
-0.762532 0.288956 -0.578834
-0.762532 0.288956 -0.578834
-0.829166 -0.190547 -0.525525
-0.675292 0.060055 -0.735102
-0.999365 -0.029196 -0.020444
-0.874657 -0.397076 -0.278038
-0.945047 0.140429 -0.295239
-0.945047 0.140429 -0.295239
-0.874657 -0.397076 -0.278038
-0.829166 -0.190547 -0.525525
-0.945048 -0.229401 0.232935
-0.874657 -0.397076 -0.278038
-0.999365 -0.029196 -0.020444
-0.874657 -0.397076 -0.278038
-0.945048 -0.229401 0.232935
-0.829165 -0.559004 0.000688
-0.762534 -0.445095 0.469502
-0.829165 -0.559004 0.000688
-0.945048 -0.229401 0.232935
-0.829165 -0.559004 0.000688
-0.762534 -0.445095 0.469502
-0.675290 -0.670230 0.307856
-0.423428 -0.611685 0.668244
-0.675290 -0.670230 0.307856
-0.762534 -0.445095 0.469502
-0.423428 -0.611685 0.668244
-0.377463 -0.693123 0.614086
-0.675290 -0.670230 0.307856
-0.423428 -0.611685 0.668244
0.039282 -0.566098 0.823402
-0.377463 -0.693123 0.614086
0.039282 -0.566098 0.823402
-0.423428 -0.611685 0.668244
0.033226 -0.640200 0.767489
0.436608 -0.309535 0.844725
0.272863 -0.187033 0.943697
0.039282 -0.566098 0.823402
0.039282 -0.566098 0.823402
0.272863 -0.187033 0.943697
0.001749 -0.546544 0.837429
0.702104 -0.028777 0.711493
0.272863 -0.187033 0.943697
0.436608 -0.309535 0.844725
0.272863 -0.187033 0.943697
0.702104 -0.028777 0.711493
0.469982 0.161888 0.867704
0.834756 0.209358 0.509266
0.469982 0.161888 0.867704
0.702104 -0.028777 0.711493
0.469982 0.161888 0.867704
0.834756 0.209358 0.509266
0.576714 0.440760 0.687846
0.873337 0.399023 0.279398
0.576714 0.440760 0.687846
0.834756 0.209358 0.509266
0.576714 0.440760 0.687846
0.873337 0.399023 0.279398
0.609419 0.649464 0.454759
0.576713 0.797113 0.178919
0.873337 0.399023 0.279398
0.834755 0.550160 0.022548
0.873337 0.399023 0.279398
0.576713 0.797113 0.178919
0.609419 0.649464 0.454759
0.834755 0.550160 0.022548
0.469982 0.870743 -0.144651
0.576713 0.797113 0.178919
0.469982 0.870743 -0.144651
0.834755 0.550160 0.022548
0.702105 0.658742 -0.270384
0.702105 0.658742 -0.270384
0.272866 0.822818 -0.498512
0.469982 0.870743 -0.144651
0.272866 0.822818 -0.498512
0.702105 0.658742 -0.270384
0.436611 0.687919 -0.579775
0.039286 0.580131 -0.813575
0.272866 0.822818 -0.498512
0.436611 0.687919 -0.579775
0.272866 0.822818 -0.498512
0.039286 0.580131 -0.813575
0.001757 0.600007 -0.799993
-0.377452 0.339996 -0.861355
-0.251949 0.232457 -0.939407
0.001757 0.600007 -0.799993
0.001757 0.600007 -0.799993
0.039286 0.580131 -0.813575
-0.377452 0.339996 -0.861355
-0.398513 -0.159256 -0.903230
-0.377452 0.339996 -0.861355
-0.675292 0.060055 -0.735102
-0.377452 0.339996 -0.861355
-0.398513 -0.159256 -0.903230
-0.251949 0.232457 -0.939407
-0.446243 -0.489739 -0.749015
-0.675292 0.060055 -0.735102
-0.829166 -0.190547 -0.525525
-0.675292 0.060055 -0.735102
-0.446243 -0.489739 -0.749015
-0.398513 -0.159256 -0.903230
-0.829166 -0.190547 -0.525525
-0.452106 -0.730654 -0.511610
-0.446243 -0.489739 -0.749015
-0.452106 -0.730654 -0.511610
-0.829166 -0.190547 -0.525525
-0.874657 -0.397076 -0.278038
-0.829165 -0.559004 0.000688
-0.452106 -0.730654 -0.511610
-0.874657 -0.397076 -0.278038
-0.452106 -0.730654 -0.511610
-0.829165 -0.559004 0.000688
-0.446241 -0.871346 -0.204023
-0.675290 -0.670230 0.307856
-0.446241 -0.871346 -0.204023
-0.829165 -0.559004 0.000688
-0.446241 -0.871346 -0.204023
-0.675290 -0.670230 0.307856
-0.398504 -0.903230 0.159280
-0.377463 -0.693123 0.614086
-0.251951 -0.803253 0.539728
-0.675290 -0.670230 0.307856
-0.675290 -0.670230 0.307856
-0.251951 -0.803253 0.539728
-0.398504 -0.903230 0.159280
0.039282 -0.566098 0.823402
0.001749 -0.546544 0.837429
-0.377463 -0.693123 0.614086
-0.377463 -0.693123 0.614086
0.001749 -0.546544 0.837429
-0.251951 -0.803253 0.539728
0.033226 -0.640200 0.767489
0.440883 -0.582651 0.682744
0.470459 -0.509916 0.720177
0.440883 -0.582651 0.682744
0.033226 -0.640200 0.767489
0.016100 -0.667419 0.744508
0.470459 -0.509916 0.720177
0.758490 -0.393714 0.519309
0.775223 -0.295649 0.558230
0.758490 -0.393714 0.519309
0.470459 -0.509916 0.720177
0.440883 -0.582651 0.682744
0.940993 -0.172149 0.291370
0.775223 -0.295649 0.558230
0.758490 -0.393714 0.519309
0.775223 -0.295649 0.558230
0.940993 -0.172149 0.291370
0.938201 -0.072801 0.338347
0.998985 0.036892 0.025834
0.988067 0.126171 0.088347
0.940993 -0.172149 0.291370
0.988067 0.126171 0.088347
0.938201 -0.072801 0.338347
0.940993 -0.172149 0.291370
0.988067 0.126171 0.088347
0.940994 0.214920 -0.261419
0.938201 0.293044 -0.184131
0.940994 0.214920 -0.261419
0.988067 0.126171 0.088347
0.998985 0.036892 0.025834
0.775225 0.423448 -0.468740
0.940994 0.214920 -0.261419
0.758492 0.353332 -0.547583
0.940994 0.214920 -0.261419
0.775225 0.423448 -0.468740
0.938201 0.293044 -0.184131
0.440883 0.442291 -0.781025
0.775225 0.423448 -0.468740
0.758492 0.353332 -0.547583
0.775225 0.423448 -0.468740
0.440883 0.442291 -0.781025
0.470459 0.502345 -0.725478
0.016097 0.471339 -0.881805
0.470459 0.502345 -0.725478
0.440883 0.442291 -0.781025
0.470459 0.502345 -0.725478
0.016097 0.471339 -0.881805
0.033226 0.502244 -0.864088
-0.421641 0.437900 -0.794017
-0.423425 0.418736 -0.803350
0.016097 0.471339 -0.881805
0.016097 0.471339 -0.881805
-0.423425 0.418736 -0.803350
0.033226 0.502244 -0.864088
-0.757595 0.350798 -0.550445
-0.762532 0.288956 -0.578834
-0.421641 0.437900 -0.794017
-0.421641 0.437900 -0.794017
-0.762532 0.288956 -0.578834
-0.423425 0.418736 -0.803350
-0.942677 0.221813 -0.249316
-0.945047 0.140429 -0.295239
-0.757595 0.350798 -0.550445
-0.757595 0.350798 -0.550445
-0.945047 0.140429 -0.295239
-0.762532 0.288956 -0.578834
-0.997871 0.053428 0.037414
-0.999365 -0.029196 -0.020444
-0.942677 0.221813 -0.249316
-0.942677 0.221813 -0.249316
-0.999365 -0.029196 -0.020444
-0.945047 0.140429 -0.295239
-0.942679 -0.158412 0.293705
-0.999365 -0.029196 -0.020444
-0.997871 0.053428 0.037414
-0.999365 -0.029196 -0.020444
-0.942679 -0.158412 0.293705
-0.945048 -0.229401 0.232935
-0.757600 -0.397265 0.517903
-0.945048 -0.229401 0.232935
-0.942679 -0.158412 0.293705
-0.945048 -0.229401 0.232935
-0.757600 -0.397265 0.517903
-0.762534 -0.445095 0.469502
-0.423428 -0.611685 0.668244
-0.757600 -0.397265 0.517903
-0.421640 -0.596362 0.683061
-0.757600 -0.397265 0.517903
-0.423428 -0.611685 0.668244
-0.762534 -0.445095 0.469502
0.033226 -0.640200 0.767489
-0.421640 -0.596362 0.683061
0.016100 -0.667419 0.744508
-0.421640 -0.596362 0.683061
0.033226 -0.640200 0.767489
-0.423428 -0.611685 0.668244
0.224096 -0.974324 -0.021784
0.000001 -0.999892 0.014733
0.224097 -0.974323 -0.021785
0.000001 -0.999892 0.014733
0.224096 -0.974324 -0.021784
0.000000 -0.999891 0.014733
0.414059 -0.901519 -0.125772
0.224097 -0.974323 -0.021785
0.414059 -0.901519 -0.125771
0.224097 -0.974323 -0.021785
0.414059 -0.901519 -0.125772
0.224096 -0.974324 -0.021784
0.540991 -0.792559 -0.281387
0.414059 -0.901519 -0.125771
0.540992 -0.792558 -0.281388
0.414059 -0.901519 -0.125771
0.540991 -0.792559 -0.281387
0.414059 -0.901519 -0.125772
0.585567 -0.664024 -0.464955
0.540992 -0.792558 -0.281388
0.585567 -0.664025 -0.464954
0.540992 -0.792558 -0.281388
0.585567 -0.664024 -0.464955
0.540991 -0.792559 -0.281387
0.585567 -0.664025 -0.464954
0.540992 -0.535490 -0.648520
0.585567 -0.664024 -0.464955
0.540992 -0.535490 -0.648520
0.585567 -0.664025 -0.464954
0.540992 -0.535490 -0.648519
0.414063 -0.426526 -0.804131
0.540992 -0.535490 -0.648519
0.414064 -0.426526 -0.804131
0.540992 -0.535490 -0.648519
0.414063 -0.426526 -0.804131
0.540992 -0.535490 -0.648520
0.224095 -0.353709 -0.908114
0.414064 -0.426526 -0.804131
0.224094 -0.353708 -0.908115
0.414064 -0.426526 -0.804131
0.224095 -0.353709 -0.908114
0.414063 -0.426526 -0.804131
-0.000001 -0.328137 -0.944630
0.224094 -0.353708 -0.908115
-0.000001 -0.328137 -0.944630
0.224094 -0.353708 -0.908115
-0.000001 -0.328137 -0.944630
0.224095 -0.353709 -0.908114
-0.224094 -0.353707 -0.908115
-0.000001 -0.328137 -0.944630
-0.000001 -0.328137 -0.944630
-0.000001 -0.328137 -0.944630
-0.224094 -0.353707 -0.908115
-0.224097 -0.353708 -0.908114
-0.414065 -0.426524 -0.804131
-0.224097 -0.353708 -0.908114
-0.224094 -0.353707 -0.908115
-0.224097 -0.353708 -0.908114
-0.414065 -0.426524 -0.804131
-0.414065 -0.426524 -0.804132
-0.414065 -0.426524 -0.804131
-0.540996 -0.535492 -0.648514
-0.414065 -0.426524 -0.804132
-0.414065 -0.426524 -0.804132
-0.540996 -0.535492 -0.648514
-0.540997 -0.535493 -0.648514
-0.585575 -0.664020 -0.464951
-0.540997 -0.535493 -0.648514
-0.585575 -0.664019 -0.464952
-0.540997 -0.535493 -0.648514
-0.540996 -0.535492 -0.648514
-0.585575 -0.664019 -0.464952
-0.541004 -0.792549 -0.281391
-0.585575 -0.664020 -0.464951
-0.585575 -0.664019 -0.464952
-0.585575 -0.664020 -0.464951
-0.541004 -0.792549 -0.281391
-0.541002 -0.792551 -0.281389
-0.414063 -0.901518 -0.125770
-0.541002 -0.792551 -0.281389
-0.541004 -0.792549 -0.281391
-0.541002 -0.792551 -0.281389
-0.414063 -0.901518 -0.125770
-0.414064 -0.901517 -0.125771
-0.224096 -0.974324 -0.021785
-0.414064 -0.901517 -0.125771
-0.414063 -0.901518 -0.125770
-0.414064 -0.901517 -0.125771
-0.224096 -0.974324 -0.021785
-0.224096 -0.974324 -0.021784
-0.224096 -0.974324 -0.021785
0.000001 -0.999892 0.014733
-0.224096 -0.974324 -0.021784
0.000000 -0.999891 0.014733
-0.224096 -0.974324 -0.021784
0.000001 -0.999892 0.014733
-0.264935 -0.224223 -0.937835
-0.000001 -0.194000 -0.981002
-0.323880 0.012181 -0.946020
-0.000001 -0.194000 -0.981002
-0.000001 0.049123 -0.998793
-0.323880 0.012181 -0.946020
-0.598454 -0.093056 -0.795735
-0.489539 -0.310310 -0.814898
-0.264935 -0.224223 -0.937835
-0.598454 -0.093056 -0.795735
-0.264935 -0.224223 -0.937835
-0.323880 0.012181 -0.946020
-0.639621 -0.439142 -0.630904
-0.598454 -0.093056 -0.795735
-0.781921 -0.250549 -0.570811
-0.598454 -0.093056 -0.795735
-0.639621 -0.439142 -0.630904
-0.489539 -0.310310 -0.814898
-0.692309 -0.591100 -0.413895
-0.781921 -0.250549 -0.570811
-0.846338 -0.436316 -0.305515
-0.781921 -0.250549 -0.570811
-0.692309 -0.591100 -0.413895
-0.639621 -0.439142 -0.630904
-0.639613 -0.743057 -0.196880
-0.692309 -0.591100 -0.413895
-0.781918 -0.622083 -0.040213
-0.692309 -0.591100 -0.413895
-0.846338 -0.436316 -0.305515
-0.781918 -0.622083 -0.040213
-0.598455 -0.779573 0.184709
-0.489540 -0.871886 -0.012895
-0.639613 -0.743057 -0.196880
-0.639613 -0.743057 -0.196880
-0.781918 -0.622083 -0.040213
-0.598455 -0.779573 0.184709
-0.323874 -0.884807 0.334997
-0.264927 -0.957969 0.110043
-0.489540 -0.871886 -0.012895
-0.323874 -0.884807 0.334997
-0.489540 -0.871886 -0.012895
-0.598455 -0.779573 0.184709
-0.264927 -0.957969 0.110043
0.000001 -0.921758 0.387766
0.000001 -0.988194 0.153210
0.000001 -0.921758 0.387766
-0.264927 -0.957969 0.110043
-0.323874 -0.884807 0.334997
0.000001 -0.921758 0.387766
0.264925 -0.957969 0.110045
0.000001 -0.988194 0.153210
0.264925 -0.957969 0.110045
0.000001 -0.921758 0.387766
0.323872 -0.884806 0.334999
0.323872 -0.884806 0.334999
0.489531 -0.871891 -0.012888
0.264925 -0.957969 0.110045
0.489531 -0.871891 -0.012888
0.323872 -0.884806 0.334999
0.598447 -0.779578 0.184714
0.598447 -0.779578 0.184714
0.639606 -0.743064 -0.196877
0.489531 -0.871891 -0.012888
0.639606 -0.743064 -0.196877
0.598447 -0.779578 0.184714
0.781914 -0.622088 -0.040210
0.692304 -0.591100 -0.413903
0.781914 -0.622088 -0.040210
0.846336 -0.436318 -0.305519
0.781914 -0.622088 -0.040210
0.692304 -0.591100 -0.413903
0.639606 -0.743064 -0.196877
0.639615 -0.439144 -0.630909
0.692304 -0.591100 -0.413903
0.781917 -0.250550 -0.570815
0.692304 -0.591100 -0.413903
0.846336 -0.436318 -0.305519
0.781917 -0.250550 -0.570815
0.598455 -0.093058 -0.795733
0.639615 -0.439144 -0.630909
0.781917 -0.250550 -0.570815
0.639615 -0.439144 -0.630909
0.598455 -0.093058 -0.795733
0.489538 -0.310314 -0.814897
0.598455 -0.093058 -0.795733
0.264935 -0.224224 -0.937834
0.489538 -0.310314 -0.814897
0.264935 -0.224224 -0.937834
0.598455 -0.093058 -0.795733
0.323881 0.012179 -0.946020
-0.000001 -0.194000 -0.981002
0.323881 0.012179 -0.946020
-0.000001 0.049123 -0.998793
0.323881 0.012179 -0.946020
-0.000001 -0.194000 -0.981002
0.264935 -0.224224 -0.937834
-0.000001 0.049123 -0.998793
-0.000003 -0.819155 -0.573572
-0.323880 0.012181 -0.946020
-0.323880 0.012181 -0.946020
-0.000003 -0.819155 -0.573572
-0.598454 -0.093056 -0.795735
-0.598454 -0.093056 -0.795735
-0.000003 -0.819155 -0.573572
-0.781921 -0.250549 -0.570811
-0.781921 -0.250549 -0.570811
-0.000003 -0.819155 -0.573572
-0.846338 -0.436316 -0.305515
-0.846338 -0.436316 -0.305515
-0.000003 -0.819155 -0.573572
-0.781918 -0.622083 -0.040213
-0.781918 -0.622083 -0.040213
-0.000003 -0.819155 -0.573572
-0.598455 -0.779573 0.184709
-0.598455 -0.779573 0.184709
-0.000003 -0.819155 -0.573572
-0.323874 -0.884807 0.334997
-0.323874 -0.884807 0.334997
-0.000003 -0.819155 -0.573572
0.000001 -0.921758 0.387766
0.000001 -0.921758 0.387766
-0.000003 -0.819155 -0.573572
0.323872 -0.884806 0.334999
0.323872 -0.884806 0.334999
-0.000003 -0.819155 -0.573572
0.598447 -0.779578 0.184714
0.598447 -0.779578 0.184714
-0.000003 -0.819155 -0.573572
0.781914 -0.622088 -0.040210
0.781914 -0.622088 -0.040210
-0.000003 -0.819155 -0.573572
0.846336 -0.436318 -0.305519
0.846336 -0.436318 -0.305519
-0.000003 -0.819155 -0.573572
0.781917 -0.250550 -0.570815
0.781917 -0.250550 -0.570815
-0.000003 -0.819155 -0.573572
0.598455 -0.093058 -0.795733
0.598455 -0.093058 -0.795733
-0.000003 -0.819155 -0.573572
0.323881 0.012179 -0.946020
0.323881 0.012179 -0.946020
-0.000003 -0.819155 -0.573572
-0.000001 0.049123 -0.998793
-0.105843 0.856863 -0.504563
0.000001 0.843395 -0.537294
0.000001 0.573581 -0.819149
-0.105843 0.856863 -0.504563
0.000001 0.573581 -0.819149
-0.008962 0.596572 -0.802509
0.000001 0.984807 -0.173651
-0.105843 0.856863 -0.504563
-0.181823 0.973057 -0.141775
-0.105843 0.856863 -0.504563
0.000001 0.984807 -0.173651
0.000001 0.843395 -0.537294
-0.226131 0.947347 0.226711
-0.000001 0.976297 0.216437
0.000001 0.984807 -0.173651
-0.226131 0.947347 0.226711
0.000001 0.984807 -0.173651
-0.181823 0.973057 -0.141775
-0.240323 0.795141 0.556772
-0.000002 0.819148 0.573583
-0.000001 0.976297 0.216437
-0.240323 0.795141 0.556772
-0.000001 0.976297 0.216437
-0.226131 0.947347 0.226711
-0.000002 0.819148 0.573583
-0.240323 0.795141 0.556772
-0.226132 0.537052 0.812674
-0.000002 0.819148 0.573583
-0.226132 0.537052 0.812674
-0.000002 0.537300 0.843392
-0.226132 0.537052 0.812674
0.000001 0.173649 0.984808
-0.000002 0.537300 0.843392
0.000001 0.173649 0.984808
-0.226132 0.537052 0.812674
-0.181825 0.199586 0.962863
-0.181825 0.199586 0.962863
0.000002 -0.216440 0.976296
0.000001 0.173649 0.984808
0.000002 -0.216440 0.976296
-0.181825 0.199586 0.962863
-0.105842 -0.181074 0.977758
-0.105842 -0.181074 0.977758
0.000004 -0.573577 0.819151
0.000002 -0.216440 0.976296
0.000004 -0.573577 0.819151
-0.105842 -0.181074 0.977758
-0.008958 -0.550074 0.835068
0.000004 -0.573577 0.819151
-0.008958 -0.550074 0.835068
0.076942 -0.834839 0.545090
0.000004 -0.573577 0.819151
0.076942 -0.834839 0.545090
0.000004 -0.843394 0.537295
0.000004 -0.843394 0.537295
0.076942 -0.834839 0.545090
0.121238 -0.978544 0.166590
0.000004 -0.843394 0.537295
0.121238 -0.978544 0.166590
0.000002 -0.984808 0.173649
0.121238 -0.978544 0.166590
0.000001 -0.976297 -0.216435
0.000002 -0.984808 0.173649
0.000001 -0.976297 -0.216435
0.121238 -0.978544 0.166590
0.126502 -0.966255 -0.224386
0.126502 -0.966255 -0.224386
0.000000 -0.819148 -0.573582
0.000001 -0.976297 -0.216435
0.000000 -0.819148 -0.573582
0.126502 -0.966255 -0.224386
0.122377 -0.812991 -0.569272
0.122377 -0.812991 -0.569272
0.000001 -0.537293 -0.843395
0.000000 -0.819148 -0.573582
0.000001 -0.537293 -0.843395
0.122377 -0.812991 -0.569272
0.126503 -0.541328 -0.831240
0.000001 -0.537293 -0.843395
0.126503 -0.541328 -0.831240
0.121236 -0.178139 -0.976508
0.000001 -0.537293 -0.843395
0.121236 -0.178139 -0.976508
0.000002 -0.173654 -0.984807
0.000002 -0.173654 -0.984807
0.121236 -0.178139 -0.976508
0.076937 0.226690 -0.970923
0.000002 -0.173654 -0.984807
0.076937 0.226690 -0.970923
0.000001 0.216438 -0.976296
0.000001 0.216438 -0.976296
0.076937 0.226690 -0.970923
-0.008962 0.596572 -0.802509
0.000001 0.216438 -0.976296
-0.008962 0.596572 -0.802509
0.000001 0.573581 -0.819149
-0.105843 0.856863 -0.504563
-0.001752 0.600000 -0.799998
-0.272862 0.822816 -0.498517
-0.001752 0.600000 -0.799998
-0.105843 0.856863 -0.504563
-0.008962 0.596572 -0.802509
-0.469981 0.870743 -0.144652
-0.181823 0.973057 -0.141775
-0.105843 0.856863 -0.504563
-0.469981 0.870743 -0.144652
-0.105843 0.856863 -0.504563
-0.272862 0.822816 -0.498517
-0.576713 0.797114 0.178919
-0.226131 0.947347 0.226711
-0.181823 0.973057 -0.141775
-0.576713 0.797114 0.178919
-0.181823 0.973057 -0.141775
-0.469981 0.870743 -0.144652
-0.609417 0.649462 0.454764
-0.240323 0.795141 0.556772
-0.226131 0.947347 0.226711
-0.609417 0.649462 0.454764
-0.226131 0.947347 0.226711
-0.576713 0.797114 0.178919
-0.576710 0.440759 0.687850
-0.226132 0.537052 0.812674
-0.609417 0.649462 0.454764
-0.240323 0.795141 0.556772
-0.609417 0.649462 0.454764
-0.226132 0.537052 0.812674
-0.469981 0.161889 0.867704
-0.181825 0.199586 0.962863
-0.576710 0.440759 0.687850
-0.226132 0.537052 0.812674
-0.576710 0.440759 0.687850
-0.181825 0.199586 0.962863
-0.272861 -0.187028 0.943699
-0.105842 -0.181074 0.977758
-0.469981 0.161889 0.867704
-0.181825 0.199586 0.962863
-0.469981 0.161889 0.867704
-0.105842 -0.181074 0.977758
-0.001747 -0.546538 0.837433
-0.008958 -0.550074 0.835068
-0.272861 -0.187028 0.943699
-0.105842 -0.181074 0.977758
-0.272861 -0.187028 0.943699
-0.008958 -0.550074 0.835068
0.251953 -0.803251 0.539728
-0.008958 -0.550074 0.835068
-0.001747 -0.546538 0.837433
-0.008958 -0.550074 0.835068
0.251953 -0.803251 0.539728
0.076942 -0.834839 0.545090
0.398510 -0.903229 0.159268
0.121238 -0.978544 0.166590
0.251953 -0.803251 0.539728
0.076942 -0.834839 0.545090
0.251953 -0.803251 0.539728
0.121238 -0.978544 0.166590
0.446239 -0.871345 -0.204033
0.126502 -0.966255 -0.224386
0.398510 -0.903229 0.159268
0.121238 -0.978544 0.166590
0.398510 -0.903229 0.159268
0.126502 -0.966255 -0.224386
0.126502 -0.966255 -0.224386
0.446239 -0.871345 -0.204033
0.122377 -0.812991 -0.569272
0.446239 -0.871345 -0.204033
0.452103 -0.730653 -0.511614
0.122377 -0.812991 -0.569272
0.122377 -0.812991 -0.569272
0.452103 -0.730653 -0.511614
0.446240 -0.489733 -0.749020
0.122377 -0.812991 -0.569272
0.446240 -0.489733 -0.749020
0.126503 -0.541328 -0.831240
0.126503 -0.541328 -0.831240
0.446240 -0.489733 -0.749020
0.398506 -0.159250 -0.903235
0.126503 -0.541328 -0.831240
0.398506 -0.159250 -0.903235
0.121236 -0.178139 -0.976508
0.121236 -0.178139 -0.976508
0.398506 -0.159250 -0.903235
0.251945 0.232458 -0.939408
0.121236 -0.178139 -0.976508
0.251945 0.232458 -0.939408
0.076937 0.226690 -0.970923
0.076937 0.226690 -0.970923
0.251945 0.232458 -0.939408
-0.001752 0.600000 -0.799998
0.076937 0.226690 -0.970923
-0.001752 0.600000 -0.799998
-0.008962 0.596572 -0.802509
-0.436607 0.687914 -0.579782
-0.033229 0.502243 -0.864088
-0.470457 0.502345 -0.725479
-0.033229 0.502243 -0.864088
-0.436607 0.687914 -0.579782
-0.039284 0.580129 -0.813577
-0.775221 0.423450 -0.468746
-0.436607 0.687914 -0.579782
-0.470457 0.502345 -0.725479
-0.775221 0.423450 -0.468746
-0.702102 0.658744 -0.270387
-0.436607 0.687914 -0.579782
-0.938201 0.293043 -0.184131
-0.702102 0.658744 -0.270387
-0.775221 0.423450 -0.468746
-0.702102 0.658744 -0.270387
-0.938201 0.293043 -0.184131
-0.834757 0.550157 0.022555
-0.988067 0.126170 0.088349
-0.834757 0.550157 0.022555
-0.938201 0.293043 -0.184131
-0.834757 0.550157 0.022555
-0.988067 0.126170 0.088349
-0.873337 0.399020 0.279401
-0.938201 -0.072800 0.338348
-0.834753 0.209356 0.509271
-0.988067 0.126170 0.088349
-0.988067 0.126170 0.088349
-0.834753 0.209356 0.509271
-0.873337 0.399020 0.279401
-0.775225 -0.295645 0.558229
-0.702102 -0.028776 0.711495
-0.938201 -0.072800 0.338348
-0.938201 -0.072800 0.338348
-0.702102 -0.028776 0.711495
-0.834753 0.209356 0.509271
-0.702102 -0.028776 0.711495
-0.775225 -0.295645 0.558229
-0.436612 -0.309529 0.844726
-0.470465 -0.509912 0.720175
-0.436612 -0.309529 0.844726
-0.775225 -0.295645 0.558229
-0.436612 -0.309529 0.844726
-0.470465 -0.509912 0.720175
-0.039283 -0.566096 0.823403
-0.033233 -0.640200 0.767489
-0.039283 -0.566096 0.823403
-0.470465 -0.509912 0.720175
-0.039283 -0.566096 0.823403
0.423432 -0.611685 0.668242
0.377468 -0.693123 0.614084
0.423432 -0.611685 0.668242
-0.039283 -0.566096 0.823403
-0.033233 -0.640200 0.767489
0.762541 -0.445090 0.469496
0.675297 -0.670227 0.307845
0.423432 -0.611685 0.668242
0.675297 -0.670227 0.307845
0.377468 -0.693123 0.614084
0.423432 -0.611685 0.668242
0.945050 -0.229399 0.232932
0.829169 -0.558998 0.000677
0.762541 -0.445090 0.469496
0.829169 -0.558998 0.000677
0.675297 -0.670227 0.307845
0.762541 -0.445090 0.469496
0.999365 -0.029193 -0.020449
0.874657 -0.397075 -0.278042
0.945050 -0.229399 0.232932
0.874657 -0.397075 -0.278042
0.829169 -0.558998 0.000677
0.945050 -0.229399 0.232932
0.874657 -0.397075 -0.278042
0.945046 0.140429 -0.295240
0.829166 -0.190540 -0.525527
0.945046 0.140429 -0.295240
0.874657 -0.397075 -0.278042
0.999365 -0.029193 -0.020449
0.762530 0.288958 -0.578836
0.829166 -0.190540 -0.525527
0.945046 0.140429 -0.295240
0.829166 -0.190540 -0.525527
0.762530 0.288958 -0.578836
0.675287 0.060057 -0.735105
0.423423 0.418737 -0.803351
0.377457 0.339995 -0.861353
0.675287 0.060057 -0.735105
0.423423 0.418737 -0.803351
0.675287 0.060057 -0.735105
0.762530 0.288958 -0.578836
-0.033229 0.502243 -0.864088
-0.039284 0.580129 -0.813577
0.377457 0.339995 -0.861353
-0.033229 0.502243 -0.864088
0.377457 0.339995 -0.861353
0.423423 0.418737 -0.803351
-0.436607 0.687914 -0.579782
-0.272862 0.822816 -0.498517
-0.039284 0.580129 -0.813577
-0.039284 0.580129 -0.813577
-0.272862 0.822816 -0.498517
-0.001752 0.600000 -0.799998
-0.702102 0.658744 -0.270387
-0.272862 0.822816 -0.498517
-0.436607 0.687914 -0.579782
-0.272862 0.822816 -0.498517
-0.702102 0.658744 -0.270387
-0.469981 0.870743 -0.144652
-0.834757 0.550157 0.022555
-0.469981 0.870743 -0.144652
-0.702102 0.658744 -0.270387
-0.469981 0.870743 -0.144652
-0.834757 0.550157 0.022555
-0.576713 0.797114 0.178919
-0.873337 0.399020 0.279401
-0.576713 0.797114 0.178919
-0.834757 0.550157 0.022555
-0.576713 0.797114 0.178919
-0.873337 0.399020 0.279401
-0.609417 0.649462 0.454764
-0.873337 0.399020 0.279401
-0.576710 0.440759 0.687850
-0.609417 0.649462 0.454764
-0.576710 0.440759 0.687850
-0.873337 0.399020 0.279401
-0.834753 0.209356 0.509271
-0.469981 0.161889 0.867704
-0.834753 0.209356 0.509271
-0.702102 -0.028776 0.711495
-0.834753 0.209356 0.509271
-0.469981 0.161889 0.867704
-0.576710 0.440759 0.687850
-0.272861 -0.187028 0.943699
-0.702102 -0.028776 0.711495
-0.436612 -0.309529 0.844726
-0.702102 -0.028776 0.711495
-0.272861 -0.187028 0.943699
-0.469981 0.161889 0.867704
-0.272861 -0.187028 0.943699
-0.039283 -0.566096 0.823403
-0.001747 -0.546538 0.837433
-0.039283 -0.566096 0.823403
-0.272861 -0.187028 0.943699
-0.436612 -0.309529 0.844726
-0.001747 -0.546538 0.837433
-0.039283 -0.566096 0.823403
0.377468 -0.693123 0.614084
-0.001747 -0.546538 0.837433
0.377468 -0.693123 0.614084
0.251953 -0.803251 0.539728
0.675297 -0.670227 0.307845
0.251953 -0.803251 0.539728
0.377468 -0.693123 0.614084
0.251953 -0.803251 0.539728
0.675297 -0.670227 0.307845
0.398510 -0.903229 0.159268
0.675297 -0.670227 0.307845
0.446239 -0.871345 -0.204033
0.398510 -0.903229 0.159268
0.446239 -0.871345 -0.204033
0.675297 -0.670227 0.307845
0.829169 -0.558998 0.000677
0.829169 -0.558998 0.000677
0.452103 -0.730653 -0.511614
0.446239 -0.871345 -0.204033
0.452103 -0.730653 -0.511614
0.829169 -0.558998 0.000677
0.874657 -0.397075 -0.278042
0.829166 -0.190540 -0.525527
0.452103 -0.730653 -0.511614
0.874657 -0.397075 -0.278042
0.452103 -0.730653 -0.511614
0.829166 -0.190540 -0.525527
0.446240 -0.489733 -0.749020
0.446240 -0.489733 -0.749020
0.675287 0.060057 -0.735105
0.398506 -0.159250 -0.903235
0.675287 0.060057 -0.735105
0.446240 -0.489733 -0.749020
0.829166 -0.190540 -0.525527
0.398506 -0.159250 -0.903235
0.377457 0.339995 -0.861353
0.251945 0.232458 -0.939408
0.377457 0.339995 -0.861353
0.398506 -0.159250 -0.903235
0.675287 0.060057 -0.735105
0.377457 0.339995 -0.861353
-0.001752 0.600000 -0.799998
0.251945 0.232458 -0.939408
-0.039284 0.580129 -0.813577
-0.001752 0.600000 -0.799998
0.377457 0.339995 -0.861353
-0.440881 0.442294 -0.781025
-0.470457 0.502345 -0.725479
-0.016102 0.471339 -0.881805
-0.016102 0.471339 -0.881805
-0.470457 0.502345 -0.725479
-0.033229 0.502243 -0.864088
-0.758486 0.353337 -0.547587
-0.775221 0.423450 -0.468746
-0.440881 0.442294 -0.781025
-0.440881 0.442294 -0.781025
-0.775221 0.423450 -0.468746
-0.470457 0.502345 -0.725479
-0.940994 0.214920 -0.261420
-0.775221 0.423450 -0.468746
-0.758486 0.353337 -0.547587
-0.775221 0.423450 -0.468746
-0.940994 0.214920 -0.261420
-0.938201 0.293043 -0.184131
-0.998985 0.036891 0.025836
-0.988067 0.126170 0.088349
-0.940994 0.214920 -0.261420
-0.940994 0.214920 -0.261420
-0.988067 0.126170 0.088349
-0.938201 0.293043 -0.184131
-0.940994 -0.172146 0.291371
-0.988067 0.126170 0.088349
-0.998985 0.036891 0.025836
-0.988067 0.126170 0.088349
-0.940994 -0.172146 0.291371
-0.938201 -0.072800 0.338348
-0.940994 -0.172146 0.291371
-0.775225 -0.295645 0.558229
-0.938201 -0.072800 0.338348
-0.775225 -0.295645 0.558229
-0.940994 -0.172146 0.291371
-0.758493 -0.393708 0.519310
-0.470465 -0.509912 0.720175
-0.758493 -0.393708 0.519310
-0.440886 -0.582647 0.682746
-0.758493 -0.393708 0.519310
-0.470465 -0.509912 0.720175
-0.775225 -0.295645 0.558229
-0.033233 -0.640200 0.767489
-0.440886 -0.582647 0.682746
-0.016106 -0.667418 0.744509
-0.440886 -0.582647 0.682746
-0.033233 -0.640200 0.767489
-0.470465 -0.509912 0.720175
-0.033233 -0.640200 0.767489
0.421641 -0.596360 0.683062
0.423432 -0.611685 0.668242
0.421641 -0.596360 0.683062
-0.033233 -0.640200 0.767489
-0.016106 -0.667418 0.744509
0.423432 -0.611685 0.668242
0.757604 -0.397261 0.517900
0.762541 -0.445090 0.469496
0.757604 -0.397261 0.517900
0.423432 -0.611685 0.668242
0.421641 -0.596360 0.683062
0.942680 -0.158409 0.293701
0.945050 -0.229399 0.232932
0.757604 -0.397261 0.517900
0.945050 -0.229399 0.232932
0.762541 -0.445090 0.469496
0.757604 -0.397261 0.517900
0.997871 0.053433 0.037406
0.999365 -0.029193 -0.020449
0.942680 -0.158409 0.293701
0.999365 -0.029193 -0.020449
0.945050 -0.229399 0.232932
0.942680 -0.158409 0.293701
0.999365 -0.029193 -0.020449
0.942678 0.221812 -0.249316
0.945046 0.140429 -0.295240
0.942678 0.221812 -0.249316
0.999365 -0.029193 -0.020449
0.997871 0.053433 0.037406
0.757596 0.350798 -0.550445
0.945046 0.140429 -0.295240
0.942678 0.221812 -0.249316
0.945046 0.140429 -0.295240
0.757596 0.350798 -0.550445
0.762530 0.288958 -0.578836
0.421635 0.437901 -0.794019
0.762530 0.288958 -0.578836
0.757596 0.350798 -0.550445
0.421635 0.437901 -0.794019
0.423423 0.418737 -0.803351
0.762530 0.288958 -0.578836
-0.016102 0.471339 -0.881805
0.423423 0.418737 -0.803351
0.421635 0.437901 -0.794019
-0.016102 0.471339 -0.881805
-0.033229 0.502243 -0.864088
0.423423 0.418737 -0.803351
-0.224085 -0.353700 -0.908120
-0.000000 -0.328126 -0.944634
-0.000001 -0.328126 -0.944634
-0.000000 -0.328126 -0.944634
-0.224085 -0.353700 -0.908120
-0.224086 -0.353700 -0.908120
-0.414062 -0.426520 -0.804135
-0.224086 -0.353700 -0.908120
-0.224085 -0.353700 -0.908120
-0.224086 -0.353700 -0.908120
-0.414062 -0.426520 -0.804135
-0.414062 -0.426520 -0.804135
-0.414062 -0.426520 -0.804135
-0.540996 -0.535488 -0.648518
-0.414062 -0.426520 -0.804135
-0.414062 -0.426520 -0.804135
-0.540996 -0.535488 -0.648518
-0.540997 -0.535489 -0.648516
-0.585565 -0.664025 -0.464957
-0.540997 -0.535489 -0.648516
-0.585565 -0.664027 -0.464953
-0.540997 -0.535489 -0.648516
-0.540996 -0.535488 -0.648518
-0.585565 -0.664027 -0.464953
-0.540984 -0.792562 -0.281394
-0.585565 -0.664025 -0.464957
-0.585565 -0.664027 -0.464953
-0.585565 -0.664025 -0.464957
-0.540984 -0.792562 -0.281394
-0.540985 -0.792560 -0.281396
-0.414056 -0.901518 -0.125788
-0.540985 -0.792560 -0.281396
-0.540984 -0.792562 -0.281394
-0.540985 -0.792560 -0.281396
-0.414056 -0.901518 -0.125788
-0.414052 -0.901520 -0.125785
-0.224090 -0.974325 -0.021797
-0.414052 -0.901520 -0.125785
-0.414056 -0.901518 -0.125788
-0.414052 -0.901520 -0.125785
-0.224090 -0.974325 -0.021797
-0.224090 -0.974325 -0.021797
-0.224090 -0.974325 -0.021797
0.000001 -0.999892 0.014728
-0.224090 -0.974325 -0.021797
0.000001 -0.999892 0.014728
-0.224090 -0.974325 -0.021797
0.000001 -0.999892 0.014728
0.224097 -0.974323 -0.021794
0.000001 -0.999892 0.014728
0.224095 -0.974324 -0.021793
0.000001 -0.999892 0.014728
0.224097 -0.974323 -0.021794
0.000001 -0.999892 0.014728
0.414064 -0.901516 -0.125773
0.224095 -0.974324 -0.021793
0.414068 -0.901514 -0.125777
0.224095 -0.974324 -0.021793
0.414064 -0.901516 -0.125773
0.224097 -0.974323 -0.021794
0.540999 -0.792552 -0.281392
0.414068 -0.901514 -0.125777
0.540998 -0.792553 -0.281390
0.414068 -0.901514 -0.125777
0.540999 -0.792552 -0.281392
0.414064 -0.901516 -0.125773
0.585574 -0.664018 -0.464955
0.540998 -0.792553 -0.281390
0.585574 -0.664016 -0.464957
0.540998 -0.792553 -0.281390
0.585574 -0.664018 -0.464955
0.540999 -0.792552 -0.281392
0.585574 -0.664016 -0.464957
0.541001 -0.535486 -0.648516
0.585574 -0.664018 -0.464955
0.541001 -0.535486 -0.648516
0.585574 -0.664016 -0.464957
0.541001 -0.535486 -0.648516
0.414071 -0.426515 -0.804133
0.541001 -0.535486 -0.648516
0.414070 -0.426515 -0.804134
0.541001 -0.535486 -0.648516
0.414071 -0.426515 -0.804133
0.541001 -0.535486 -0.648516
0.224093 -0.353696 -0.908119
0.414070 -0.426515 -0.804134
0.224092 -0.353696 -0.908120
0.414070 -0.426515 -0.804134
0.224093 -0.353696 -0.908119
0.414071 -0.426515 -0.804133
-0.000000 -0.328126 -0.944634
0.224092 -0.353696 -0.908120
-0.000001 -0.328126 -0.944634
0.224092 -0.353696 -0.908120
-0.000000 -0.328126 -0.944634
0.224093 -0.353696 -0.908119
0.000001 -0.921756 0.387770
0.264937 -0.957965 0.110052
0.000001 -0.988192 0.153220
0.264937 -0.957965 0.110052
0.000001 -0.921756 0.387770
0.323881 -0.884804 0.334997
0.323881 -0.884804 0.334997
0.489545 -0.871883 -0.012885
0.264937 -0.957965 0.110052
0.489545 -0.871883 -0.012885
0.323881 -0.884804 0.334997
0.598458 -0.779569 0.184717
0.598458 -0.779569 0.184717
0.639620 -0.743053 -0.196872
0.489545 -0.871883 -0.012885
0.639620 -0.743053 -0.196872
0.598458 -0.779569 0.184717
0.781915 -0.622086 -0.040209
0.692307 -0.591101 -0.413896
0.781915 -0.622086 -0.040209
0.846339 -0.436313 -0.305520
0.781915 -0.622086 -0.040209
0.692307 -0.591101 -0.413896
0.639620 -0.743053 -0.196872
0.639602 -0.439147 -0.630919
0.692307 -0.591101 -0.413896
0.781911 -0.250548 -0.570825
0.692307 -0.591101 -0.413896
0.846339 -0.436313 -0.305520
0.781911 -0.250548 -0.570825
0.598462 -0.093068 -0.795727
0.639602 -0.439147 -0.630919
0.781911 -0.250548 -0.570825
0.639602 -0.439147 -0.630919
0.598462 -0.093068 -0.795727
0.489537 -0.310327 -0.814893
0.598462 -0.093068 -0.795727
0.264932 -0.224238 -0.937832
0.489537 -0.310327 -0.814893
0.264932 -0.224238 -0.937832
0.598462 -0.093068 -0.795727
0.323885 0.012169 -0.946018
-0.000001 -0.194000 -0.981001
0.323885 0.012169 -0.946018
-0.000002 0.049127 -0.998793
0.323885 0.012169 -0.946018
-0.000001 -0.194000 -0.981001
0.264932 -0.224238 -0.937832
-0.264926 -0.224230 -0.937835
-0.000001 -0.194000 -0.981001
-0.323875 0.012176 -0.946021
-0.000001 -0.194000 -0.981001
-0.000002 0.049127 -0.998793
-0.323875 0.012176 -0.946021
-0.598453 -0.093060 -0.795735
-0.489535 -0.310314 -0.814899
-0.264926 -0.224230 -0.937835
-0.598453 -0.093060 -0.795735
-0.264926 -0.224230 -0.937835
-0.323875 0.012176 -0.946021
-0.639611 -0.439145 -0.630912
-0.598453 -0.093060 -0.795735
-0.781917 -0.250551 -0.570815
-0.598453 -0.093060 -0.795735
-0.639611 -0.439145 -0.630912
-0.489535 -0.310314 -0.814899
-0.692308 -0.591108 -0.413885
-0.781917 -0.250551 -0.570815
-0.846338 -0.436325 -0.305502
-0.781917 -0.250551 -0.570815
-0.692308 -0.591108 -0.413885
-0.639611 -0.439145 -0.630912
-0.639611 -0.743061 -0.196871
-0.692308 -0.591108 -0.413885
-0.781912 -0.622091 -0.040202
-0.692308 -0.591108 -0.413885
-0.846338 -0.436325 -0.305502
-0.781912 -0.622091 -0.040202
-0.598458 -0.779570 0.184714
-0.489540 -0.871885 -0.012887
-0.639611 -0.743061 -0.196871
-0.639611 -0.743061 -0.196871
-0.781912 -0.622091 -0.040202
-0.598458 -0.779570 0.184714
-0.323882 -0.884804 0.334996
-0.264937 -0.957965 0.110051
-0.489540 -0.871885 -0.012887
-0.323882 -0.884804 0.334996
-0.489540 -0.871885 -0.012887
-0.598458 -0.779570 0.184714
-0.264937 -0.957965 0.110051
0.000001 -0.921756 0.387770
0.000001 -0.988192 0.153220
0.000001 -0.921756 0.387770
-0.264937 -0.957965 0.110051
-0.323882 -0.884804 0.334996
0.000001 -0.921756 0.387770
0.000002 -0.819154 -0.573573
0.323881 -0.884804 0.334997
0.323881 -0.884804 0.334997
0.000002 -0.819154 -0.573573
0.598458 -0.779569 0.184717
0.598458 -0.779569 0.184717
0.000002 -0.819154 -0.573573
0.781915 -0.622086 -0.040209
0.781915 -0.622086 -0.040209
0.000002 -0.819154 -0.573573
0.846339 -0.436313 -0.305520
0.846339 -0.436313 -0.305520
0.000002 -0.819154 -0.573573
0.781911 -0.250548 -0.570825
0.781911 -0.250548 -0.570825
0.000002 -0.819154 -0.573573
0.598462 -0.093068 -0.795727
0.598462 -0.093068 -0.795727
0.000002 -0.819154 -0.573573
0.323885 0.012169 -0.946018
0.323885 0.012169 -0.946018
0.000002 -0.819154 -0.573573
-0.000002 0.049127 -0.998793
-0.000002 0.049127 -0.998793
0.000002 -0.819154 -0.573573
-0.323875 0.012176 -0.946021
-0.323875 0.012176 -0.946021
0.000002 -0.819154 -0.573573
-0.598453 -0.093060 -0.795735
-0.598453 -0.093060 -0.795735
0.000002 -0.819154 -0.573573
-0.781917 -0.250551 -0.570815
-0.781917 -0.250551 -0.570815
0.000002 -0.819154 -0.573573
-0.846338 -0.436325 -0.305502
-0.846338 -0.436325 -0.305502
0.000002 -0.819154 -0.573573
-0.781912 -0.622091 -0.040202
-0.781912 -0.622091 -0.040202
0.000002 -0.819154 -0.573573
-0.598458 -0.779570 0.184714
-0.598458 -0.779570 0.184714
0.000002 -0.819154 -0.573573
-0.323882 -0.884804 0.334996
-0.323882 -0.884804 0.334996
0.000002 -0.819154 -0.573573
0.000001 -0.921756 0.387770
-0.000000 0.382684 0.923879
-0.000000 0.000000 1.000000
0.415810 0.348032 0.840223
0.415810 0.348032 0.840223
-0.000000 0.000000 1.000000
0.415810 0.000000 0.909451
-0.000000 0.707107 0.707107
-0.000000 0.382684 0.923879
0.415810 0.643079 0.643079
0.415810 0.643079 0.643079
-0.000000 0.382684 0.923879
0.415810 0.348032 0.840223
0.415810 0.643079 0.643079
0.000000 0.923880 0.382683
-0.000000 0.707107 0.707107
0.000000 0.923880 0.382683
0.415810 0.643079 0.643079
0.415810 0.840224 0.348032
0.415810 0.840224 0.348032
0.000000 1.000000 0.000000
0.000000 0.923880 0.382683
0.000000 1.000000 0.000000
0.415810 0.840224 0.348032
0.415810 0.909451 -0.000000
0.000000 1.000000 0.000000
0.415810 0.909451 -0.000000
0.415810 0.840224 -0.348032
0.000000 1.000000 0.000000
0.415810 0.840224 -0.348032
0.000000 0.923880 -0.382683
0.000000 0.923880 -0.382683
0.415810 0.840224 -0.348032
0.415810 0.643079 -0.643080
0.000000 0.923880 -0.382683
0.415810 0.643079 -0.643080
-0.000000 0.707107 -0.707107
0.000000 0.382683 -0.923880
0.415810 0.643079 -0.643080
0.415810 0.348032 -0.840224
0.415810 0.643079 -0.643080
0.000000 0.382683 -0.923880
-0.000000 0.707107 -0.707107
0.000000 -0.000000 -1.000000
0.415810 0.348032 -0.840224
0.415810 0.000000 -0.909452
0.415810 0.348032 -0.840224
0.000000 -0.000000 -1.000000
0.000000 0.382683 -0.923880
0.000000 -0.382683 -0.923880
0.000000 -0.000000 -1.000000
0.415810 -0.348032 -0.840224
0.415810 -0.348032 -0.840224
0.000000 -0.000000 -1.000000
0.415810 0.000000 -0.909452
0.000000 -0.707107 -0.707107
0.000000 -0.382683 -0.923880
0.415810 -0.643079 -0.643080
0.415810 -0.643079 -0.643080
0.000000 -0.382683 -0.923880
0.415810 -0.348032 -0.840224
0.000000 -0.923880 -0.382684
0.415810 -0.643079 -0.643080
0.415810 -0.840224 -0.348032
0.415810 -0.643079 -0.643080
0.000000 -0.923880 -0.382684
0.000000 -0.707107 -0.707107
0.000000 -1.000000 0.000000
0.415810 -0.840224 -0.348032
0.415810 -0.909452 0.000000
0.415810 -0.840224 -0.348032
0.000000 -1.000000 0.000000
0.000000 -0.923880 -0.382684
0.000000 -0.923880 0.382683
0.000000 -1.000000 0.000000
0.415810 -0.840224 0.348032
0.415810 -0.840224 0.348032
0.000000 -1.000000 0.000000
0.415810 -0.909452 0.000000
0.000000 -0.707107 0.707107
0.000000 -0.923880 0.382683
0.415810 -0.643079 0.643080
0.415810 -0.643079 0.643080
0.000000 -0.923880 0.382683
0.415810 -0.840224 0.348032
-0.000000 -0.382683 0.923880
0.415810 -0.643079 0.643080
0.415810 -0.348032 0.840224
0.415810 -0.643079 0.643080
-0.000000 -0.382683 0.923880
0.000000 -0.707107 0.707107
-0.000000 0.000000 1.000000
0.415810 -0.348032 0.840224
0.415810 0.000000 0.909451
0.415810 -0.348032 0.840224
-0.000000 0.000000 1.000000
-0.000000 -0.382683 0.923880
0.858104 0.196499 0.474390
0.415810 0.000000 0.909451
0.858104 -0.000000 0.513476
0.415810 0.000000 0.909451
0.858104 0.196499 0.474390
0.415810 0.348032 0.840223
0.858104 0.363083 0.363082
0.415810 0.348032 0.840223
0.858104 0.196499 0.474390
0.415810 0.348032 0.840223
0.858104 0.363083 0.363082
0.415810 0.643079 0.643079
0.858104 0.363083 0.363082
0.415810 0.840224 0.348032
0.415810 0.643079 0.643079
0.415810 0.840224 0.348032
0.858104 0.363083 0.363082
0.858104 0.474391 0.196499
0.858104 0.474391 0.196499
0.415810 0.909451 -0.000000
0.415810 0.840224 0.348032
0.415810 0.909451 -0.000000
0.858104 0.474391 0.196499
0.858103 0.513477 -0.000000
0.415810 0.909451 -0.000000
0.858103 0.474391 -0.196499
0.415810 0.840224 -0.348032
0.858103 0.474391 -0.196499
0.415810 0.909451 -0.000000
0.858103 0.513477 -0.000000
0.415810 0.840224 -0.348032
0.858103 0.363083 -0.363083
0.415810 0.643079 -0.643080
0.858103 0.363083 -0.363083
0.415810 0.840224 -0.348032
0.858103 0.474391 -0.196499
0.858103 0.196499 -0.474391
0.415810 0.348032 -0.840224
0.858103 0.363083 -0.363083
0.415810 0.348032 -0.840224
0.415810 0.643079 -0.643080
0.858103 0.363083 -0.363083
0.858103 0.196499 -0.474391
0.858103 0.000000 -0.513477
0.415810 0.000000 -0.909452
0.415810 0.000000 -0.909452
0.415810 0.348032 -0.840224
0.858103 0.196499 -0.474391
0.858103 -0.196499 -0.474391
0.415810 0.000000 -0.909452
0.858103 0.000000 -0.513477
0.415810 0.000000 -0.909452
0.858103 -0.196499 -0.474391
0.415810 -0.348032 -0.840224
0.858103 -0.363083 -0.363083
0.415810 -0.348032 -0.840224
0.858103 -0.196499 -0.474391
0.415810 -0.348032 -0.840224
0.858103 -0.363083 -0.363083
0.415810 -0.643079 -0.643080
0.858103 -0.474391 -0.196499
0.415810 -0.840224 -0.348032
0.858103 -0.363083 -0.363083
0.415810 -0.840224 -0.348032
0.415810 -0.643079 -0.643080
0.858103 -0.363083 -0.363083
0.858103 -0.474391 -0.196499
0.858103 -0.513477 -0.000000
0.415810 -0.909452 0.000000
0.415810 -0.909452 0.000000
0.415810 -0.840224 -0.348032
0.858103 -0.474391 -0.196499
0.858103 -0.474391 0.196499
0.415810 -0.909452 0.000000
0.858103 -0.513477 -0.000000
0.415810 -0.909452 0.000000
0.858103 -0.474391 0.196499
0.415810 -0.840224 0.348032
0.858103 -0.363083 0.363083
0.415810 -0.840224 0.348032
0.858103 -0.474391 0.196499
0.415810 -0.840224 0.348032
0.858103 -0.363083 0.363083
0.415810 -0.643079 0.643080
0.858104 -0.196499 0.474391
0.415810 -0.348032 0.840224
0.858103 -0.363083 0.363083
0.415810 -0.348032 0.840224
0.415810 -0.643079 0.643080
0.858103 -0.363083 0.363083
0.858104 -0.196499 0.474391
0.858104 -0.000000 0.513476
0.415810 0.000000 0.909451
0.415810 0.000000 0.909451
0.415810 -0.348032 0.840224
0.858104 -0.196499 0.474391
-0.858104 0.196498 0.474390
-0.415811 0.000000 0.909451
-0.415810 0.348032 0.840223
-0.415811 0.000000 0.909451
-0.858104 0.196498 0.474390
-0.858104 -0.000000 0.513476
-0.858104 0.363082 0.363083
-0.415810 0.348032 0.840223
-0.415810 0.643079 0.643079
-0.415810 0.348032 0.840223
-0.858104 0.363082 0.363083
-0.858104 0.196498 0.474390
-0.858104 0.363082 0.363083
-0.415810 0.840224 0.348032
-0.858104 0.474390 0.196499
-0.415810 0.840224 0.348032
-0.858104 0.363082 0.363083
-0.415810 0.643079 0.643079
-0.858104 0.474390 0.196499
-0.415810 0.909451 0.000000
-0.858104 0.513476 0.000000
-0.415810 0.909451 0.000000
-0.858104 0.474390 0.196499
-0.415810 0.840224 0.348032
-0.858104 0.474390 -0.196499
-0.858104 0.513476 0.000000
-0.415810 0.909451 0.000000
-0.415810 0.909451 0.000000
-0.415810 0.840224 -0.348032
-0.858104 0.474390 -0.196499
-0.858104 0.474390 -0.196499
-0.415810 0.840224 -0.348032
-0.858104 0.363083 -0.363083
-0.415810 0.840224 -0.348032
-0.415810 0.643079 -0.643079
-0.858104 0.363083 -0.363083
-0.415809 0.348032 -0.840224
-0.858104 0.363083 -0.363083
-0.415810 0.643079 -0.643079
-0.858104 0.363083 -0.363083
-0.415809 0.348032 -0.840224
-0.858104 0.196499 -0.474391
-0.415809 -0.000000 -0.909452
-0.858104 0.196499 -0.474391
-0.415809 0.348032 -0.840224
-0.858104 0.196499 -0.474391
-0.415809 -0.000000 -0.909452
-0.858103 -0.000001 -0.513477
-0.858103 -0.196499 -0.474391
-0.415809 -0.000000 -0.909452
-0.415809 -0.348032 -0.840224
-0.415809 -0.000000 -0.909452
-0.858103 -0.196499 -0.474391
-0.858103 -0.000001 -0.513477
-0.858104 -0.363083 -0.363083
-0.415809 -0.348032 -0.840224
-0.415810 -0.643079 -0.643080
-0.415809 -0.348032 -0.840224
-0.858104 -0.363083 -0.363083
-0.858103 -0.196499 -0.474391
-0.415810 -0.840224 -0.348032
-0.858104 -0.363083 -0.363083
-0.415810 -0.643079 -0.643080
-0.858104 -0.363083 -0.363083
-0.415810 -0.840224 -0.348032
-0.858104 -0.474390 -0.196499
-0.415810 -0.909451 0.000000
-0.858104 -0.474390 -0.196499
-0.415810 -0.840224 -0.348032
-0.858104 -0.474390 -0.196499
-0.415810 -0.909451 0.000000
-0.858104 -0.513477 0.000000
-0.858104 -0.474391 0.196499
-0.415810 -0.909451 0.000000
-0.415810 -0.840224 0.348032
-0.415810 -0.909451 0.000000
-0.858104 -0.474391 0.196499
-0.858104 -0.513477 0.000000
-0.858104 -0.363082 0.363083
-0.415810 -0.840224 0.348032
-0.415810 -0.643079 0.643080
-0.415810 -0.840224 0.348032
-0.858104 -0.363082 0.363083
-0.858104 -0.474391 0.196499
-0.415810 -0.348031 0.840224
-0.858104 -0.363082 0.363083
-0.415810 -0.643079 0.643080
-0.858104 -0.363082 0.363083
-0.415810 -0.348031 0.840224
-0.858104 -0.196498 0.474390
-0.415811 0.000000 0.909451
-0.858104 -0.196498 0.474390
-0.415810 -0.348031 0.840224
-0.858104 -0.196498 0.474390
-0.415811 0.000000 0.909451
-0.858104 -0.000000 0.513476
-0.000000 0.382684 0.923879
-0.415810 0.348032 0.840223
-0.000000 0.000000 1.000000
-0.415810 0.348032 0.840223
-0.415811 0.000000 0.909451
-0.000000 0.000000 1.000000
-0.000000 0.707107 0.707107
-0.415810 0.643079 0.643079
-0.000000 0.382684 0.923879
-0.415810 0.643079 0.643079
-0.415810 0.348032 0.840223
-0.000000 0.382684 0.923879
-0.415810 0.643079 0.643079
0.000000 0.923880 0.382683
-0.415810 0.840224 0.348032
0.000000 0.923880 0.382683
-0.415810 0.643079 0.643079
-0.000000 0.707107 0.707107
-0.415810 0.840224 0.348032
0.000000 1.000000 0.000000
-0.415810 0.909451 0.000000
0.000000 1.000000 0.000000
-0.415810 0.840224 0.348032
0.000000 0.923880 0.382683
0.000000 1.000000 0.000000
-0.415810 0.840224 -0.348032
-0.415810 0.909451 0.000000
-0.415810 0.840224 -0.348032
0.000000 1.000000 0.000000
0.000000 0.923880 -0.382683
0.000000 0.923880 -0.382683
-0.415810 0.643079 -0.643079
-0.415810 0.840224 -0.348032
-0.415810 0.643079 -0.643079
0.000000 0.923880 -0.382683
-0.000000 0.707107 -0.707107
0.000000 0.382683 -0.923880
-0.415810 0.643079 -0.643079
-0.000000 0.707107 -0.707107
-0.415810 0.643079 -0.643079
0.000000 0.382683 -0.923880
-0.415809 0.348032 -0.840224
0.000000 -0.000000 -1.000000
-0.415809 0.348032 -0.840224
0.000000 0.382683 -0.923880
-0.415809 0.348032 -0.840224
0.000000 -0.000000 -1.000000
-0.415809 -0.000000 -0.909452
0.000000 -0.382683 -0.923880
-0.415809 -0.348032 -0.840224
0.000000 -0.000000 -1.000000
-0.415809 -0.348032 -0.840224
-0.415809 -0.000000 -0.909452
0.000000 -0.000000 -1.000000
0.000000 -0.707107 -0.707107
-0.415810 -0.643079 -0.643080
0.000000 -0.382683 -0.923880
-0.415810 -0.643079 -0.643080
-0.415809 -0.348032 -0.840224
0.000000 -0.382683 -0.923880
0.000000 -0.923880 -0.382684
-0.415810 -0.643079 -0.643080
0.000000 -0.707107 -0.707107
-0.415810 -0.643079 -0.643080
0.000000 -0.923880 -0.382684
-0.415810 -0.840224 -0.348032
0.000000 -1.000000 0.000000
-0.415810 -0.840224 -0.348032
0.000000 -0.923880 -0.382684
-0.415810 -0.840224 -0.348032
0.000000 -1.000000 0.000000
-0.415810 -0.909451 0.000000
0.000000 -0.923880 0.382683
-0.415810 -0.840224 0.348032
0.000000 -1.000000 0.000000
-0.415810 -0.840224 0.348032
-0.415810 -0.909451 0.000000
0.000000 -1.000000 0.000000
0.000000 -0.707107 0.707107
-0.415810 -0.643079 0.643080
0.000000 -0.923880 0.382683
-0.415810 -0.643079 0.643080
-0.415810 -0.840224 0.348032
0.000000 -0.923880 0.382683
-0.000000 -0.382683 0.923880
-0.415810 -0.643079 0.643080
0.000000 -0.707107 0.707107
-0.415810 -0.643079 0.643080
-0.000000 -0.382683 0.923880
-0.415810 -0.348031 0.840224
-0.000000 0.000000 1.000000
-0.415810 -0.348031 0.840224
-0.000000 -0.382683 0.923880
-0.415810 -0.348031 0.840224
-0.000000 0.000000 1.000000
-0.415811 0.000000 0.909451
0.858104 -0.000000 0.513476
0.998680 0.000000 0.051366
0.858104 0.196499 0.474390
0.858104 0.196499 0.474390
0.998680 0.000000 0.051366
0.998680 0.019657 0.047456
0.998680 0.036322 0.036322
0.858104 0.196499 0.474390
0.998680 0.019657 0.047456
0.858104 0.196499 0.474390
0.998680 0.036322 0.036322
0.858104 0.363083 0.363082
0.858104 0.474391 0.196499
0.858104 0.363083 0.363082
0.998680 0.036322 0.036322
0.858104 0.474391 0.196499
0.998680 0.036322 0.036322
0.998680 0.047457 0.019657
0.858103 0.513477 -0.000000
0.998680 0.047457 0.019657
0.998680 0.051367 -0.000000
0.998680 0.047457 0.019657
0.858103 0.513477 -0.000000
0.858104 0.474391 0.196499
0.998680 0.051367 -0.000000
0.858103 0.474391 -0.196499
0.858103 0.513477 -0.000000
0.858103 0.474391 -0.196499
0.998680 0.051367 -0.000000
0.998680 0.047457 -0.019657
0.858103 0.474391 -0.196499
0.998680 0.047457 -0.019657
0.858103 0.363083 -0.363083
0.858103 0.363083 -0.363083
0.998680 0.047457 -0.019657
0.998680 0.036322 -0.036322
0.858103 0.363083 -0.363083
0.998680 0.036322 -0.036322
0.858103 0.196499 -0.474391
0.998680 0.019657 -0.047457
0.858103 0.196499 -0.474391
0.998680 0.036322 -0.036322
0.998680 0.000000 -0.051367
0.858103 0.000000 -0.513477
0.998680 0.019657 -0.047457
0.858103 0.000000 -0.513477
0.858103 0.196499 -0.474391
0.998680 0.019657 -0.047457
0.998680 -0.019657 -0.047456
0.858103 0.000000 -0.513477
0.998680 0.000000 -0.051367
0.858103 0.000000 -0.513477
0.998680 -0.019657 -0.047456
0.858103 -0.196499 -0.474391
0.858103 -0.196499 -0.474391
0.998680 -0.036322 -0.036322
0.858103 -0.363083 -0.363083
0.998680 -0.036322 -0.036322
0.858103 -0.196499 -0.474391
0.998680 -0.019657 -0.047456
0.858103 -0.363083 -0.363083
0.998680 -0.047457 -0.019657
0.858103 -0.474391 -0.196499
0.998680 -0.047457 -0.019657
0.858103 -0.363083 -0.363083
0.998680 -0.036322 -0.036322
0.858103 -0.474391 -0.196499
0.998680 -0.051367 0.000000
0.858103 -0.513477 -0.000000
0.998680 -0.051367 0.000000
0.858103 -0.474391 -0.196499
0.998680 -0.047457 -0.019657
0.998680 -0.047457 0.019657
0.858103 -0.474391 0.196499
0.998680 -0.051367 0.000000
0.858103 -0.474391 0.196499
0.858103 -0.513477 -0.000000
0.998680 -0.051367 0.000000
0.858103 -0.474391 0.196499
0.998680 -0.036322 0.036322
0.858103 -0.363083 0.363083
0.998680 -0.036322 0.036322
0.858103 -0.474391 0.196499
0.998680 -0.047457 0.019657
0.858103 -0.363083 0.363083
0.998680 -0.019657 0.047456
0.858104 -0.196499 0.474391
0.998680 -0.019657 0.047456
0.858103 -0.363083 0.363083
0.998680 -0.036322 0.036322
0.858104 -0.196499 0.474391
0.998680 0.000000 0.051366
0.858104 -0.000000 0.513476
0.998680 0.000000 0.051366
0.858104 -0.196499 0.474391
0.998680 -0.019657 0.047456
-0.858104 0.196498 0.474390
-0.995828 -0.000000 0.091251
-0.858104 -0.000000 0.513476
-0.995828 -0.000000 0.091251
-0.858104 0.196498 0.474390
-0.995828 0.034919 0.084305
-0.995828 0.064523 0.064525
-0.858104 0.196498 0.474390
-0.858104 0.363082 0.363083
-0.858104 0.196498 0.474390
-0.995828 0.064523 0.064525
-0.995828 0.034919 0.084305
-0.858104 0.363082 0.363083
-0.858104 0.474390 0.196499
-0.995828 0.084305 0.034920
-0.858104 0.363082 0.363083
-0.995828 0.084305 0.034920
-0.995828 0.064523 0.064525
-0.995828 0.084305 0.034920
-0.858104 0.513476 0.000000
-0.995828 0.091251 0.000001
-0.858104 0.513476 0.000000
-0.995828 0.084305 0.034920
-0.858104 0.474390 0.196499
-0.858104 0.474390 -0.196499
-0.995828 0.084305 -0.034920
-0.858104 0.513476 0.000000
-0.858104 0.513476 0.000000
-0.995828 0.084305 -0.034920
-0.995828 0.091251 0.000001
-0.858104 0.363083 -0.363083
-0.995828 0.084305 -0.034920
-0.858104 0.474390 -0.196499
-0.995828 0.084305 -0.034920
-0.858104 0.363083 -0.363083
-0.995828 0.064524 -0.064524
-0.995828 0.034919 -0.084304
-0.858104 0.363083 -0.363083
-0.858104 0.196499 -0.474391
-0.858104 0.363083 -0.363083
-0.995828 0.034919 -0.084304
-0.995828 0.064524 -0.064524
-0.858104 0.196499 -0.474391
-0.995828 -0.000001 -0.091251
-0.995828 0.034919 -0.084304
-0.995828 -0.000001 -0.091251
-0.858104 0.196499 -0.474391
-0.858103 -0.000001 -0.513477
-0.995828 -0.000001 -0.091251
-0.858103 -0.000001 -0.513477
-0.995828 -0.034920 -0.084305
-0.858103 -0.000001 -0.513477
-0.858103 -0.196499 -0.474391
-0.995828 -0.034920 -0.084305
-0.858104 -0.363083 -0.363083
-0.995828 -0.034920 -0.084305
-0.858103 -0.196499 -0.474391
-0.995828 -0.034920 -0.084305
-0.858104 -0.363083 -0.363083
-0.995828 -0.064524 -0.064524
-0.858104 -0.474390 -0.196499
-0.995828 -0.064524 -0.064524
-0.858104 -0.363083 -0.363083
-0.995828 -0.064524 -0.064524
-0.858104 -0.474390 -0.196499
-0.995828 -0.084305 -0.034921
-0.995828 -0.091251 0.000000
-0.858104 -0.474390 -0.196499
-0.858104 -0.513477 0.000000
-0.858104 -0.474390 -0.196499
-0.995828 -0.091251 0.000000
-0.995828 -0.084305 -0.034921
-0.995828 -0.091251 0.000000
-0.858104 -0.474391 0.196499
-0.995828 -0.084305 0.034920
-0.858104 -0.474391 0.196499
-0.995828 -0.091251 0.000000
-0.858104 -0.513477 0.000000
-0.858104 -0.474391 0.196499
-0.858104 -0.363082 0.363083
-0.995828 -0.064523 0.064525
-0.858104 -0.474391 0.196499
-0.995828 -0.064523 0.064525
-0.995828 -0.084305 0.034920
-0.995828 -0.064523 0.064525
-0.858104 -0.196498 0.474390
-0.995828 -0.034919 0.084305
-0.858104 -0.196498 0.474390
-0.995828 -0.064523 0.064525
-0.858104 -0.363082 0.363083
-0.858104 -0.000000 0.513476
-0.995828 -0.000000 0.091251
-0.858104 -0.196498 0.474390
-0.858104 -0.196498 0.474390
-0.995828 -0.000000 0.091251
-0.995828 -0.034919 0.084305
0.998680 0.019657 0.047456
0.998680 0.000000 0.051366
1.000000 0.000000 -0.000000
0.998680 0.036322 0.036322
0.998680 0.019657 0.047456
1.000000 0.000000 -0.000000
0.998680 0.047457 0.019657
0.998680 0.036322 0.036322
1.000000 0.000000 -0.000000
0.998680 0.051367 -0.000000
0.998680 0.047457 0.019657
1.000000 0.000000 -0.000000
0.998680 0.047457 -0.019657
0.998680 0.051367 -0.000000
1.000000 0.000000 -0.000000
0.998680 0.036322 -0.036322
0.998680 0.047457 -0.019657
1.000000 0.000000 -0.000000
0.998680 0.019657 -0.047457
0.998680 0.036322 -0.036322
1.000000 0.000000 -0.000000
0.998680 0.000000 -0.051367
0.998680 0.019657 -0.047457
1.000000 0.000000 -0.000000
0.998680 -0.019657 -0.047456
0.998680 0.000000 -0.051367
1.000000 0.000000 -0.000000
0.998680 -0.036322 -0.036322
0.998680 -0.019657 -0.047456
1.000000 0.000000 -0.000000
0.998680 -0.047457 -0.019657
0.998680 -0.036322 -0.036322
1.000000 0.000000 -0.000000
0.998680 -0.051367 0.000000
0.998680 -0.047457 -0.019657
1.000000 0.000000 -0.000000
0.998680 -0.047457 0.019657
0.998680 -0.051367 0.000000
1.000000 0.000000 -0.000000
0.998680 -0.036322 0.036322
0.998680 -0.047457 0.019657
1.000000 0.000000 -0.000000
0.998680 -0.019657 0.047456
0.998680 -0.036322 0.036322
1.000000 0.000000 -0.000000
0.998680 0.000000 0.051366
0.998680 -0.019657 0.047456
1.000000 0.000000 -0.000000
-0.201359 0.000000 -0.979517
-0.201359 0.000000 -0.979517
-0.201359 -0.374845 -0.904956
-0.201359 0.000000 -0.979517
-0.201359 -0.374846 -0.904956
-0.201359 -0.374845 -0.904956
-0.201359 -0.374845 -0.904956
-0.201359 -0.374846 -0.904956
-0.201358 -0.692624 -0.692624
-0.201359 -0.374846 -0.904956
-0.201358 -0.692624 -0.692623
-0.201358 -0.692624 -0.692624
-0.201358 -0.692624 -0.692624
-0.201358 -0.904956 -0.374845
-0.201358 -0.904956 -0.374845
-0.201358 -0.904956 -0.374845
-0.201358 -0.692624 -0.692624
-0.201358 -0.692624 -0.692623
-0.201358 -0.904956 -0.374845
-0.201358 -0.979518 0.000000
-0.201358 -0.979518 0.000000
-0.201358 -0.979518 0.000000
-0.201358 -0.904956 -0.374845
-0.201358 -0.904956 -0.374845
-0.201358 -0.979518 0.000000
-0.201358 -0.979518 0.000000
-0.201358 -0.904956 0.374845
-0.201358 -0.979518 0.000000
-0.201358 -0.904956 0.374845
-0.201358 -0.904956 0.374845
-0.201358 -0.904956 0.374845
-0.201358 -0.904956 0.374845
-0.201358 -0.692624 0.692624
-0.201358 -0.904956 0.374845
-0.201358 -0.692624 0.692624
-0.201358 -0.692624 0.692624
-0.201358 -0.692624 0.692624
-0.201358 -0.374845 0.904956
-0.201358 -0.374845 0.904956
-0.201358 -0.374845 0.904956
-0.201358 -0.692624 0.692624
-0.201358 -0.692624 0.692624
-0.201358 -0.374845 0.904956
-0.201358 -0.000001 0.979518
-0.201358 -0.000000 0.979518
-0.201358 -0.000001 0.979518
-0.201358 -0.374845 0.904956
-0.201358 -0.374845 0.904956
-0.201358 -0.000000 0.979518
-0.201358 -0.000001 0.979518
-0.201359 0.374845 0.904956
-0.201358 -0.000001 0.979518
-0.201359 0.374845 0.904956
-0.201359 0.374845 0.904956
-0.201359 0.374845 0.904956
-0.201359 0.374845 0.904956
-0.201359 0.692624 0.692623
-0.201359 0.374845 0.904956
-0.201359 0.692623 0.692623
-0.201359 0.692624 0.692623
-0.201359 0.904956 0.374845
-0.201359 0.692624 0.692623
-0.201359 0.692623 0.692623
-0.201359 0.692624 0.692623
-0.201359 0.904956 0.374845
-0.201359 0.904956 0.374845
-0.201359 0.979518 0.000000
-0.201359 0.904956 0.374845
-0.201359 0.904956 0.374845
-0.201359 0.904956 0.374845
-0.201359 0.979518 0.000000
-0.201359 0.979518 0.000000
-0.201359 0.904956 -0.374845
-0.201359 0.979518 0.000000
-0.201359 0.904956 -0.374845
-0.201359 0.979518 0.000000
-0.201359 0.904956 -0.374845
-0.201359 0.979518 0.000000
-0.201359 0.692623 -0.692624
-0.201359 0.904956 -0.374845
-0.201359 0.692624 -0.692623
-0.201359 0.904956 -0.374845
-0.201359 0.692623 -0.692624
-0.201359 0.904956 -0.374845
-0.201359 0.692623 -0.692624
-0.201359 0.374846 -0.904956
-0.201359 0.374845 -0.904956
-0.201359 0.374846 -0.904956
-0.201359 0.692623 -0.692624
-0.201359 0.692624 -0.692623
-0.201359 0.374845 -0.904956
-0.201359 0.000000 -0.979517
-0.201359 0.000000 -0.979517
-0.201359 0.000000 -0.979517
-0.201359 0.374845 -0.904956
-0.201359 0.374846 -0.904956
-1.000000 -0.000000 0.000003
-1.000000 -0.000000 0.000003
-1.000000 -0.000000 0.000003
-1.000000 -0.000000 0.000003
-1.000000 -0.000000 0.000003
-1.000000 -0.000000 0.000003
-1.000000 -0.000001 0.000001
-1.000000 -0.000000 0.000003
-1.000000 -0.000000 0.000003
-1.000000 -0.000000 0.000003
-1.000000 -0.000001 0.000001
-1.000000 -0.000001 0.000001
-1.000000 -0.000000 0.000001
-1.000000 -0.000001 0.000001
-1.000000 -0.000001 0.000001
-1.000000 -0.000001 0.000001
-1.000000 -0.000000 0.000001
-1.000000 -0.000000 0.000001
-1.000000 -0.000000 0.000001
-1.000000 -0.000000 0.000001
-1.000000 -0.000000 0.000001
-1.000000 -0.000000 0.000001
-1.000000 -0.000000 0.000001
-1.000000 -0.000000 0.000001
-1.000000 0.000001 -0.000001
-1.000000 -0.000000 0.000001
-1.000000 -0.000000 0.000001
-1.000000 -0.000000 0.000001
-1.000000 0.000001 -0.000001
-1.000000 0.000001 -0.000001
-1.000000 0.000001 -0.000001
-1.000000 0.000001 -0.000001
-1.000000 0.000001 -0.000001
-1.000000 0.000001 -0.000001
-1.000000 0.000001 -0.000001
-1.000000 0.000001 -0.000001
-1.000000 -0.000000 -0.000001
-1.000000 0.000001 -0.000001
-1.000000 0.000001 -0.000001
-1.000000 0.000001 -0.000001
-1.000000 -0.000000 -0.000001
-1.000000 -0.000000 -0.000001
-1.000000 -0.000000 -0.000001
-1.000000 -0.000001 -0.000000
-1.000000 -0.000000 -0.000001
-1.000000 -0.000001 -0.000000
-1.000000 -0.000000 -0.000001
-1.000000 -0.000001 -0.000000
-1.000000 -0.000001 -0.000000
-1.000000 0.000000 0.000000
-1.000000 0.000000 0.000000
-1.000000 0.000000 0.000000
-1.000000 -0.000001 -0.000000
-1.000000 -0.000001 -0.000000
-1.000000 0.000000 -0.000001
-1.000000 0.000000 0.000000
-1.000000 0.000000 0.000000
-1.000000 0.000000 0.000000
-1.000000 0.000000 -0.000001
-1.000000 0.000000 -0.000001
-1.000000 -0.000000 -0.000001
-1.000000 -0.000000 -0.000001
-1.000000 0.000000 -0.000001
-1.000000 0.000000 -0.000001
-1.000000 -0.000000 -0.000001
-1.000000 0.000000 -0.000001
-1.000000 0.000000 0.000001
-1.000000 -0.000000 -0.000001
-1.000000 0.000000 0.000001
-1.000000 -0.000000 -0.000001
-1.000000 0.000000 0.000001
-1.000000 -0.000000 -0.000001
-1.000000 0.000000 0.000001
-1.000000 0.000000 0.000001
-1.000000 0.000000 0.000001
-1.000000 0.000000 0.000001
-1.000000 0.000000 0.000001
-1.000000 0.000000 0.000001
-1.000000 0.000000 0.000001
-1.000000 0.000000 0.000001
-1.000000 0.000001 0.000001
-1.000000 0.000000 0.000001
-1.000000 0.000001 0.000001
-1.000000 0.000001 0.000001
-1.000000 0.000001 0.000001
-1.000000 0.000000 0.000003
-1.000000 0.000000 0.000003
-1.000000 0.000000 0.000003
-1.000000 0.000001 0.000001
-1.000000 0.000001 0.000001
-1.000000 -0.000000 0.000003
-1.000000 0.000000 0.000003
-1.000000 0.000000 0.000003
-1.000000 0.000000 0.000003
-1.000000 -0.000000 0.000003
-1.000000 -0.000000 0.000003
-0.159533 0.377783 0.912047
-0.159533 -0.000000 0.987193
-0.159533 0.377783 0.912047
-0.159533 -0.000000 0.987193
-0.159533 0.377783 0.912047
-0.159533 -0.000000 0.987193
-0.159533 0.698051 0.698050
-0.159533 0.377783 0.912047
-0.159533 0.698051 0.698050
-0.159533 0.377783 0.912047
-0.159533 0.698051 0.698050
-0.159533 0.377783 0.912047
-0.159533 0.698051 0.698050
-0.159532 0.912047 0.377783
-0.159532 0.912047 0.377783
-0.159532 0.912047 0.377783
-0.159533 0.698051 0.698050
-0.159533 0.698051 0.698050
-0.159532 0.912047 0.377783
-0.159533 0.987193 0.000001
-0.159533 0.987193 0.000001
-0.159533 0.987193 0.000001
-0.159532 0.912047 0.377783
-0.159532 0.912047 0.377783
-0.159533 0.987193 0.000001
-0.159533 0.987193 0.000001
-0.159533 0.912047 -0.377783
-0.159533 0.987193 0.000001
-0.159533 0.912047 -0.377783
-0.159533 0.912047 -0.377783
-0.159533 0.698050 -0.698051
-0.159533 0.698051 -0.698050
-0.159533 0.912047 -0.377783
-0.159533 0.912047 -0.377783
-0.159533 0.912047 -0.377783
-0.159533 0.698051 -0.698050
-0.159533 0.377782 -0.912047
-0.159533 0.698051 -0.698050
-0.159533 0.698050 -0.698051
-0.159533 0.698051 -0.698050
-0.159533 0.377782 -0.912047
-0.159533 0.377782 -0.912047
-0.159533 -0.000001 -0.987193
-0.159533 0.377782 -0.912047
-0.159533 0.377782 -0.912047
-0.159533 0.377782 -0.912047
-0.159533 -0.000001 -0.987193
-0.159533 -0.000000 -0.987193
-0.159532 -0.377782 -0.912047
-0.159533 -0.000001 -0.987193
-0.159532 -0.377782 -0.912047
-0.159533 -0.000001 -0.987193
-0.159532 -0.377782 -0.912047
-0.159533 -0.000000 -0.987193
-0.159532 -0.698050 -0.698051
-0.159532 -0.377782 -0.912047
-0.159532 -0.698050 -0.698051
-0.159532 -0.377782 -0.912047
-0.159532 -0.698050 -0.698051
-0.159532 -0.377782 -0.912047
-0.159533 -0.912047 -0.377782
-0.159532 -0.698050 -0.698051
-0.159532 -0.698050 -0.698051
-0.159532 -0.698050 -0.698051
-0.159533 -0.912047 -0.377782
-0.159533 -0.912047 -0.377782
-0.159533 -0.987193 0.000001
-0.159533 -0.912047 -0.377782
-0.159533 -0.912047 -0.377782
-0.159533 -0.912047 -0.377782
-0.159533 -0.987193 0.000001
-0.159533 -0.987193 0.000001
-0.159533 -0.912047 0.377782
-0.159533 -0.987193 0.000001
-0.159533 -0.912047 0.377782
-0.159533 -0.987193 0.000001
-0.159533 -0.912047 0.377782
-0.159533 -0.987193 0.000001
-0.159534 -0.698050 0.698051
-0.159533 -0.912047 0.377782
-0.159534 -0.698050 0.698051
-0.159533 -0.912047 0.377782
-0.159534 -0.698050 0.698051
-0.159533 -0.912047 0.377782
-0.159534 -0.377781 0.912047
-0.159534 -0.698050 0.698051
-0.159534 -0.698050 0.698051
-0.159534 -0.698050 0.698051
-0.159534 -0.377781 0.912047
-0.159534 -0.377781 0.912047
-0.159533 -0.000000 0.987193
-0.159534 -0.377781 0.912047
-0.159534 -0.377781 0.912047
-0.159534 -0.377781 0.912047
-0.159533 -0.000000 0.987193
-0.159533 -0.000000 0.987193
-1.000000 0.000000 0.000000
-1.000000 0.000000 0.000000
-1.000000 0.000000 0.000000
-1.000000 0.000000 0.000000
-1.000000 0.000000 0.000000
-1.000000 0.000000 0.000000
-1.000000 0.000000 0.000000
-1.000000 0.000000 0.000000
-1.000000 0.000000 0.000000
-1.000000 0.000000 0.000000
-1.000000 0.000000 0.000000
-1.000000 0.000000 0.000000
-1.000000 0.000000 0.000000
-1.000000 0.000000 0.000000
-1.000000 0.000000 0.000000
-1.000000 0.000000 0.000000
-1.000000 0.000000 0.000000
-1.000000 0.000000 0.000000
-1.000000 0.000000 0.000000
-1.000000 0.000000 0.000000
-1.000000 0.000000 0.000000
-1.000000 0.000000 0.000000
-1.000000 0.000000 0.000000
-1.000000 0.000000 0.000000
-1.000000 0.000000 0.000000
-1.000000 0.000000 0.000000
-1.000000 0.000000 0.000000
-1.000000 0.000000 0.000000
-1.000000 0.000000 0.000000
-1.000000 0.000000 0.000000
-1.000000 0.000000 0.000000
-1.000000 0.000000 0.000000
-1.000000 0.000000 0.000000
-1.000000 0.000000 0.000000
-1.000000 0.000000 0.000000
-1.000000 0.000000 0.000000
-1.000000 0.000000 0.000000
-1.000000 0.000000 0.000000
-1.000000 0.000000 0.000000
-1.000000 0.000000 0.000000
-1.000000 0.000000 0.000000
-1.000000 0.000000 0.000000
-1.000000 0.000000 0.000000
-1.000000 0.000000 0.000000
-1.000000 0.000000 0.000000
-1.000000 0.000000 0.000000
-1.000000 0.000000 0.000000
-1.000000 0.000000 0.000000
-0.415810 0.348032 0.840223
0.000000 0.000000 1.000000
0.000000 0.382684 0.923879
0.000000 0.000000 1.000000
-0.415810 0.348032 0.840223
-0.415810 0.000000 0.909451
-0.415810 0.643079 0.643079
0.000000 0.382684 0.923879
0.000000 0.707107 0.707107
0.000000 0.382684 0.923879
-0.415810 0.643079 0.643079
-0.415810 0.348032 0.840223
-0.415810 0.643079 0.643079
-0.000000 0.923880 0.382683
-0.415810 0.840224 0.348032
-0.000000 0.923880 0.382683
-0.415810 0.643079 0.643079
0.000000 0.707107 0.707107
-0.415810 0.840224 0.348032
-0.000000 1.000000 0.000000
-0.415810 0.909451 -0.000000
-0.000000 1.000000 0.000000
-0.415810 0.840224 0.348032
-0.000000 0.923880 0.382683
-0.415810 0.909451 -0.000000
-0.000000 1.000000 0.000000
-0.415810 0.840224 -0.348032
-0.000000 1.000000 0.000000
-0.000000 0.923880 -0.382683
-0.415810 0.840224 -0.348032
-0.415810 0.840224 -0.348032
-0.000000 0.923880 -0.382683
-0.415810 0.643079 -0.643079
-0.000000 0.923880 -0.382683
0.000000 0.707107 -0.707107
-0.415810 0.643079 -0.643079
-0.000000 0.382683 -0.923880
-0.415810 0.643079 -0.643079
0.000000 0.707107 -0.707107
-0.415810 0.643079 -0.643079
-0.000000 0.382683 -0.923880
-0.415810 0.348032 -0.840224
-0.000000 0.000000 -1.000000
-0.415810 0.348032 -0.840224
-0.000000 0.382683 -0.923880
-0.415810 0.348032 -0.840224
-0.000000 0.000000 -1.000000
-0.415810 0.000000 -0.909452
-0.415810 -0.348032 -0.840224
-0.000000 0.000000 -1.000000
-0.000000 -0.382683 -0.923880
-0.000000 0.000000 -1.000000
-0.415810 -0.348032 -0.840224
-0.415810 0.000000 -0.909452
-0.415810 -0.643079 -0.643079
-0.000000 -0.382683 -0.923880
-0.000000 -0.707107 -0.707107
-0.000000 -0.382683 -0.923880
-0.415810 -0.643079 -0.643079
-0.415810 -0.348032 -0.840224
-0.000000 -0.923880 -0.382683
-0.415810 -0.643079 -0.643079
-0.000000 -0.707107 -0.707107
-0.415810 -0.643079 -0.643079
-0.000000 -0.923880 -0.382683
-0.415810 -0.840224 -0.348032
-0.000000 -1.000000 0.000000
-0.415810 -0.840224 -0.348032
-0.000000 -0.923880 -0.382683
-0.415810 -0.840224 -0.348032
-0.000000 -1.000000 0.000000
-0.415810 -0.909452 0.000000
-0.415810 -0.840224 0.348032
-0.000000 -1.000000 0.000000
-0.000000 -0.923880 0.382683
-0.000000 -1.000000 0.000000
-0.415810 -0.840224 0.348032
-0.415810 -0.909452 0.000000
-0.415810 -0.643079 0.643080
-0.000000 -0.923880 0.382683
-0.000000 -0.707107 0.707107
-0.000000 -0.923880 0.382683
-0.415810 -0.643079 0.643080
-0.415810 -0.840224 0.348032
0.000000 -0.382683 0.923880
-0.415810 -0.643079 0.643080
-0.000000 -0.707107 0.707107
-0.415810 -0.643079 0.643080
0.000000 -0.382683 0.923880
-0.415810 -0.348032 0.840224
0.000000 0.000000 1.000000
-0.415810 -0.348032 0.840224
0.000000 -0.382683 0.923880
-0.415810 -0.348032 0.840224
0.000000 0.000000 1.000000
-0.415810 0.000000 0.909451
-0.858104 0.196499 0.474390
-0.415810 0.000000 0.909451
-0.415810 0.348032 0.840223
-0.415810 0.000000 0.909451
-0.858104 0.196499 0.474390
-0.858104 -0.000000 0.513476
-0.858104 0.363083 0.363082
-0.415810 0.348032 0.840223
-0.415810 0.643079 0.643079
-0.415810 0.348032 0.840223
-0.858104 0.363083 0.363082
-0.858104 0.196499 0.474390
-0.858104 0.363083 0.363082
-0.415810 0.643079 0.643079
-0.415810 0.840224 0.348032
-0.858104 0.363083 0.363082
-0.415810 0.840224 0.348032
-0.858104 0.474391 0.196499
-0.415810 0.840224 0.348032
-0.415810 0.909451 -0.000000
-0.858104 0.474391 0.196499
-0.858104 0.474391 0.196499
-0.415810 0.909451 -0.000000
-0.858103 0.513477 -0.000000
-0.415810 0.909451 -0.000000
-0.858103 0.474391 -0.196499
-0.858103 0.513477 -0.000000
-0.858103 0.474391 -0.196499
-0.415810 0.909451 -0.000000
-0.415810 0.840224 -0.348032
-0.415810 0.840224 -0.348032
-0.858103 0.363083 -0.363083
-0.858103 0.474391 -0.196499
-0.858103 0.363083 -0.363083
-0.415810 0.840224 -0.348032
-0.415810 0.643079 -0.643079
-0.858103 0.196499 -0.474391
-0.858103 0.363083 -0.363083
-0.415810 0.348032 -0.840224
-0.415810 0.643079 -0.643079
-0.415810 0.348032 -0.840224
-0.858103 0.363083 -0.363083
-0.858103 0.196499 -0.474391
-0.415810 0.000000 -0.909452
-0.858103 0.000000 -0.513477
-0.415810 0.000000 -0.909452
-0.858103 0.196499 -0.474391
-0.415810 0.348032 -0.840224
-0.858103 -0.196499 -0.474391
-0.415810 0.000000 -0.909452
-0.415810 -0.348032 -0.840224
-0.415810 0.000000 -0.909452
-0.858103 -0.196499 -0.474391
-0.858103 0.000000 -0.513477
-0.858103 -0.363083 -0.363083
-0.415810 -0.348032 -0.840224
-0.415810 -0.643079 -0.643079
-0.415810 -0.348032 -0.840224
-0.858103 -0.363083 -0.363083
-0.858103 -0.196499 -0.474391
-0.858103 -0.474391 -0.196499
-0.858103 -0.363083 -0.363083
-0.415810 -0.840224 -0.348032
-0.415810 -0.643079 -0.643079
-0.415810 -0.840224 -0.348032
-0.858103 -0.363083 -0.363083
-0.858103 -0.474391 -0.196499
-0.415810 -0.909452 0.000000
-0.858103 -0.513477 -0.000000
-0.415810 -0.909452 0.000000
-0.858103 -0.474391 -0.196499
-0.415810 -0.840224 -0.348032
-0.858103 -0.474391 0.196499
-0.415810 -0.909452 0.000000
-0.415810 -0.840224 0.348032
-0.415810 -0.909452 0.000000
-0.858103 -0.474391 0.196499
-0.858103 -0.513477 -0.000000
-0.858103 -0.363083 0.363083
-0.415810 -0.840224 0.348032
-0.415810 -0.643079 0.643080
-0.415810 -0.840224 0.348032
-0.858103 -0.363083 0.363083
-0.858103 -0.474391 0.196499
-0.858104 -0.196499 0.474391
-0.858103 -0.363083 0.363083
-0.415810 -0.348032 0.840224
-0.415810 -0.643079 0.643080
-0.415810 -0.348032 0.840224
-0.858103 -0.363083 0.363083
-0.858104 -0.196499 0.474391
-0.415810 0.000000 0.909451
-0.858104 -0.000000 0.513476
-0.415810 0.000000 0.909451
-0.858104 -0.196499 0.474391
-0.415810 -0.348032 0.840224
0.415810 0.348032 0.840223
0.415811 0.000000 0.909451
0.858104 0.196498 0.474390
0.858104 0.196498 0.474390
0.415811 0.000000 0.909451
0.858104 -0.000000 0.513476
0.858104 0.363082 0.363083
0.415810 0.643079 0.643079
0.415810 0.348032 0.840223
0.858104 0.363082 0.363083
0.415810 0.348032 0.840223
0.858104 0.196498 0.474390
0.858104 0.363082 0.363083
0.415810 0.840224 0.348032
0.415810 0.643079 0.643079
0.415810 0.840224 0.348032
0.858104 0.363082 0.363083
0.858104 0.474390 0.196499
0.858104 0.474390 0.196499
0.415810 0.909451 0.000000
0.415810 0.840224 0.348032
0.415810 0.909451 0.000000
0.858104 0.474390 0.196499
0.858104 0.513476 0.000000
0.858104 0.474390 -0.196499
0.415810 0.909451 0.000000
0.858104 0.513476 0.000000
0.415810 0.909451 0.000000
0.858104 0.474390 -0.196499
0.415810 0.840224 -0.348032
0.858104 0.474390 -0.196499
0.858104 0.363083 -0.363083
0.415810 0.840224 -0.348032
0.415810 0.643079 -0.643079
0.415810 0.840224 -0.348032
0.858104 0.363083 -0.363083
0.415809 0.348032 -0.840224
0.858104 0.363083 -0.363083
0.858104 0.196499 -0.474391
0.858104 0.363083 -0.363083
0.415809 0.348032 -0.840224
0.415810 0.643079 -0.643079
0.415809 -0.000000 -0.909452
0.858104 0.196499 -0.474391
0.858103 -0.000001 -0.513477
0.858104 0.196499 -0.474391
0.415809 -0.000000 -0.909452
0.415809 0.348032 -0.840224
0.415809 -0.348032 -0.840224
0.415809 -0.000000 -0.909452
0.858103 -0.196499 -0.474391
0.858103 -0.196499 -0.474391
0.415809 -0.000000 -0.909452
0.858103 -0.000001 -0.513477
0.858104 -0.363083 -0.363083
0.415810 -0.643079 -0.643080
0.415809 -0.348032 -0.840224
0.858104 -0.363083 -0.363083
0.415809 -0.348032 -0.840224
0.858103 -0.196499 -0.474391
0.415810 -0.840224 -0.348032
0.858104 -0.363083 -0.363083
0.858104 -0.474390 -0.196499
0.858104 -0.363083 -0.363083
0.415810 -0.840224 -0.348032
0.415810 -0.643079 -0.643080
0.415810 -0.909452 0.000000
0.858104 -0.474390 -0.196499
0.858104 -0.513477 0.000000
0.858104 -0.474390 -0.196499
0.415810 -0.909452 0.000000
0.415810 -0.840224 -0.348032
0.415810 -0.840224 0.348032
0.415810 -0.909452 0.000000
0.858104 -0.474391 0.196499
0.858104 -0.474391 0.196499
0.415810 -0.909452 0.000000
0.858104 -0.513477 0.000000
0.858104 -0.363082 0.363083
0.415810 -0.643079 0.643080
0.415810 -0.840224 0.348032
0.858104 -0.363082 0.363083
0.415810 -0.840224 0.348032
0.858104 -0.474391 0.196499
0.415810 -0.348031 0.840224
0.858104 -0.363082 0.363083
0.858104 -0.196498 0.474390
0.858104 -0.363082 0.363083
0.415810 -0.348031 0.840224
0.415810 -0.643079 0.643080
0.415811 0.000000 0.909451
0.858104 -0.196498 0.474390
0.858104 -0.000000 0.513476
0.858104 -0.196498 0.474390
0.415811 0.000000 0.909451
0.415810 -0.348031 0.840224
0.415810 0.348032 0.840223
0.000000 0.382684 0.923879
0.000000 0.000000 1.000000
0.415810 0.348032 0.840223
0.000000 0.000000 1.000000
0.415811 0.000000 0.909451
0.415810 0.643079 0.643079
0.000000 0.707107 0.707107
0.000000 0.382684 0.923879
0.415810 0.643079 0.643079
0.000000 0.382684 0.923879
0.415810 0.348032 0.840223
0.415810 0.643079 0.643079
-0.000000 0.923880 0.382683
0.000000 0.707107 0.707107
-0.000000 0.923880 0.382683
0.415810 0.643079 0.643079
0.415810 0.840224 0.348032
0.415810 0.840224 0.348032
-0.000000 1.000000 0.000000
-0.000000 0.923880 0.382683
-0.000000 1.000000 0.000000
0.415810 0.840224 0.348032
0.415810 0.909451 0.000000
0.415810 0.909451 0.000000
0.415810 0.840224 -0.348032
-0.000000 1.000000 0.000000
-0.000000 1.000000 0.000000
0.415810 0.840224 -0.348032
-0.000000 0.923880 -0.382683
0.415810 0.840224 -0.348032
0.415810 0.643079 -0.643079
-0.000000 0.923880 -0.382683
-0.000000 0.923880 -0.382683
0.415810 0.643079 -0.643079
0.000000 0.707107 -0.707107
-0.000000 0.382683 -0.923880
0.415810 0.643079 -0.643079
0.415809 0.348032 -0.840224
0.415810 0.643079 -0.643079
-0.000000 0.382683 -0.923880
0.000000 0.707107 -0.707107
-0.000000 0.000000 -1.000000
0.415809 0.348032 -0.840224
0.415809 -0.000000 -0.909452
0.415809 0.348032 -0.840224
-0.000000 0.000000 -1.000000
-0.000000 0.382683 -0.923880
0.415809 -0.348032 -0.840224
-0.000000 -0.382683 -0.923880
-0.000000 0.000000 -1.000000
0.415809 -0.348032 -0.840224
-0.000000 0.000000 -1.000000
0.415809 -0.000000 -0.909452
0.415810 -0.643079 -0.643080
-0.000000 -0.707107 -0.707107
-0.000000 -0.382683 -0.923880
0.415810 -0.643079 -0.643080
-0.000000 -0.382683 -0.923880
0.415809 -0.348032 -0.840224
-0.000000 -0.923880 -0.382683
0.415810 -0.643079 -0.643080
0.415810 -0.840224 -0.348032
0.415810 -0.643079 -0.643080
-0.000000 -0.923880 -0.382683
-0.000000 -0.707107 -0.707107
-0.000000 -1.000000 0.000000
0.415810 -0.840224 -0.348032
0.415810 -0.909452 0.000000
0.415810 -0.840224 -0.348032
-0.000000 -1.000000 0.000000
-0.000000 -0.923880 -0.382683
0.415810 -0.840224 0.348032
-0.000000 -0.923880 0.382683
-0.000000 -1.000000 0.000000
0.415810 -0.840224 0.348032
-0.000000 -1.000000 0.000000
0.415810 -0.909452 0.000000
0.415810 -0.643079 0.643080
-0.000000 -0.707107 0.707107
-0.000000 -0.923880 0.382683
0.415810 -0.643079 0.643080
-0.000000 -0.923880 0.382683
0.415810 -0.840224 0.348032
0.000000 -0.382683 0.923880
0.415810 -0.643079 0.643080
0.415810 -0.348031 0.840224
0.415810 -0.643079 0.643080
0.000000 -0.382683 0.923880
-0.000000 -0.707107 0.707107
0.000000 0.000000 1.000000
0.415810 -0.348031 0.840224
0.415811 0.000000 0.909451
0.415810 -0.348031 0.840224
0.000000 0.000000 1.000000
0.000000 -0.382683 0.923880
-0.858104 -0.000000 0.513476
-0.858104 0.196499 0.474390
-0.998680 0.000000 0.051366
-0.858104 0.196499 0.474390
-0.998680 0.019657 0.047456
-0.998680 0.000000 0.051366
-0.998680 0.036322 0.036322
-0.858104 0.196499 0.474390
-0.858104 0.363083 0.363082
-0.858104 0.196499 0.474390
-0.998680 0.036322 0.036322
-0.998680 0.019657 0.047456
-0.858104 0.474391 0.196499
-0.998680 0.036322 0.036322
-0.858104 0.363083 0.363082
-0.998680 0.036322 0.036322
-0.858104 0.474391 0.196499
-0.998680 0.047457 0.019657
-0.858103 0.513477 -0.000000
-0.998680 0.047457 0.019657
-0.858104 0.474391 0.196499
-0.998680 0.047457 0.019657
-0.858103 0.513477 -0.000000
-0.998680 0.051367 -0.000000
-0.998680 0.051367 -0.000000
-0.858103 0.513477 -0.000000
-0.858103 0.474391 -0.196499
-0.858103 0.474391 -0.196499
-0.998680 0.047457 -0.019657
-0.998680 0.051367 -0.000000
-0.858103 0.474391 -0.196499
-0.858103 0.363083 -0.363083
-0.998680 0.047457 -0.019657
-0.858103 0.363083 -0.363083
-0.998680 0.036322 -0.036322
-0.998680 0.047457 -0.019657
-0.998680 0.036322 -0.036322
-0.858103 0.196499 -0.474391
-0.998680 0.019657 -0.047457
-0.858103 0.196499 -0.474391
-0.998680 0.036322 -0.036322
-0.858103 0.363083 -0.363083
-0.998680 0.019657 -0.047457
-0.858103 0.000000 -0.513477
-0.998680 0.000000 -0.051367
-0.858103 0.000000 -0.513477
-0.998680 0.019657 -0.047457
-0.858103 0.196499 -0.474391
-0.858103 0.000000 -0.513477
-0.998680 -0.019657 -0.047456
-0.998680 0.000000 -0.051367
-0.998680 -0.019657 -0.047456
-0.858103 0.000000 -0.513477
-0.858103 -0.196499 -0.474391
-0.858103 -0.196499 -0.474391
-0.998680 -0.036322 -0.036322
-0.998680 -0.019657 -0.047456
-0.998680 -0.036322 -0.036322
-0.858103 -0.196499 -0.474391
-0.858103 -0.363083 -0.363083
-0.858103 -0.363083 -0.363083
-0.998680 -0.047457 -0.019657
-0.998680 -0.036322 -0.036322
-0.998680 -0.047457 -0.019657
-0.858103 -0.363083 -0.363083
-0.858103 -0.474391 -0.196499
-0.998680 -0.051367 0.000000
-0.858103 -0.474391 -0.196499
-0.858103 -0.513477 -0.000000
-0.858103 -0.474391 -0.196499
-0.998680 -0.051367 0.000000
-0.998680 -0.047457 -0.019657
-0.998680 -0.051367 0.000000
-0.858103 -0.474391 0.196499
-0.998680 -0.047457 0.019657
-0.858103 -0.474391 0.196499
-0.998680 -0.051367 0.000000
-0.858103 -0.513477 -0.000000
-0.858103 -0.474391 0.196499
-0.998680 -0.036322 0.036322
-0.998680 -0.047457 0.019657
-0.998680 -0.036322 0.036322
-0.858103 -0.474391 0.196499
-0.858103 -0.363083 0.363083
-0.858103 -0.363083 0.363083
-0.998680 -0.019657 0.047456
-0.998680 -0.036322 0.036322
-0.998680 -0.019657 0.047456
-0.858103 -0.363083 0.363083
-0.858104 -0.196499 0.474391
-0.858104 -0.196499 0.474391
-0.998680 0.000000 0.051366
-0.998680 -0.019657 0.047456
-0.998680 0.000000 0.051366
-0.858104 -0.196499 0.474391
-0.858104 -0.000000 0.513476
0.858104 0.196498 0.474390
0.995828 -0.000000 0.091251
0.995828 0.034919 0.084305
0.995828 -0.000000 0.091251
0.858104 0.196498 0.474390
0.858104 -0.000000 0.513476
0.995828 0.064523 0.064525
0.858104 0.363082 0.363083
0.858104 0.196498 0.474390
0.995828 0.064523 0.064525
0.858104 0.196498 0.474390
0.995828 0.034919 0.084305
0.858104 0.363082 0.363083
0.995828 0.084305 0.034920
0.858104 0.474390 0.196499
0.995828 0.084305 0.034920
0.858104 0.363082 0.363083
0.995828 0.064523 0.064525
0.995828 0.084305 0.034920
0.858104 0.513476 0.000000
0.858104 0.474390 0.196499
0.858104 0.513476 0.000000
0.995828 0.084305 0.034920
0.995828 0.091251 0.000001
0.995828 0.084305 -0.034920
0.858104 0.513476 0.000000
0.995828 0.091251 0.000001
0.858104 0.513476 0.000000
0.995828 0.084305 -0.034920
0.858104 0.474390 -0.196499
0.858104 0.363083 -0.363083
0.995828 0.084305 -0.034920
0.995828 0.064524 -0.064524
0.995828 0.084305 -0.034920
0.858104 0.363083 -0.363083
0.858104 0.474390 -0.196499
0.995828 0.034919 -0.084304
0.858104 0.196499 -0.474391
0.858104 0.363083 -0.363083
0.995828 0.034919 -0.084304
0.858104 0.363083 -0.363083
0.995828 0.064524 -0.064524
0.858104 0.196499 -0.474391
0.995828 -0.000001 -0.091251
0.858103 -0.000001 -0.513477
0.995828 -0.000001 -0.091251
0.858104 0.196499 -0.474391
0.995828 0.034919 -0.084304
0.995828 -0.034920 -0.084305
0.858103 -0.000001 -0.513477
0.995828 -0.000001 -0.091251
0.858103 -0.000001 -0.513477
0.995828 -0.034920 -0.084305
0.858103 -0.196499 -0.474391
0.995828 -0.034920 -0.084305
0.858104 -0.363083 -0.363083
0.858103 -0.196499 -0.474391
0.858104 -0.363083 -0.363083
0.995828 -0.034920 -0.084305
0.995828 -0.064524 -0.064524
0.858104 -0.474390 -0.196499
0.995828 -0.064524 -0.064524
0.995828 -0.084305 -0.034921
0.995828 -0.064524 -0.064524
0.858104 -0.474390 -0.196499
0.858104 -0.363083 -0.363083
0.995828 -0.091251 0.000000
0.858104 -0.513477 0.000000
0.858104 -0.474390 -0.196499
0.858104 -0.474390 -0.196499
0.995828 -0.084305 -0.034921
0.995828 -0.091251 0.000000
0.858104 -0.474391 0.196499
0.995828 -0.091251 0.000000
0.995828 -0.084305 0.034920
0.995828 -0.091251 0.000000
0.858104 -0.474391 0.196499
0.858104 -0.513477 0.000000
0.858104 -0.474391 0.196499
0.995828 -0.064523 0.064525
0.858104 -0.363082 0.363083
0.995828 -0.064523 0.064525
0.858104 -0.474391 0.196499
0.995828 -0.084305 0.034920
0.995828 -0.064523 0.064525
0.858104 -0.196498 0.474390
0.858104 -0.363082 0.363083
0.858104 -0.196498 0.474390
0.995828 -0.064523 0.064525
0.995828 -0.034919 0.084305
0.858104 -0.000000 0.513476
0.858104 -0.196498 0.474390
0.995828 -0.000000 0.091251
0.858104 -0.196498 0.474390
0.995828 -0.034919 0.084305
0.995828 -0.000000 0.091251
-0.998680 0.019657 0.047456
-1.000000 0.000000 -0.000000
-0.998680 0.000000 0.051366
-0.998680 0.036322 0.036322
-1.000000 0.000000 -0.000000
-0.998680 0.019657 0.047456
-0.998680 0.047457 0.019657
-1.000000 0.000000 -0.000000
-0.998680 0.036322 0.036322
-0.998680 0.051367 -0.000000
-1.000000 0.000000 -0.000000
-0.998680 0.047457 0.019657
-0.998680 0.047457 -0.019657
-1.000000 0.000000 -0.000000
-0.998680 0.051367 -0.000000
-0.998680 0.036322 -0.036322
-1.000000 0.000000 -0.000000
-0.998680 0.047457 -0.019657
-0.998680 0.019657 -0.047457
-1.000000 0.000000 -0.000000
-0.998680 0.036322 -0.036322
-0.998680 0.000000 -0.051367
-1.000000 0.000000 -0.000000
-0.998680 0.019657 -0.047457
-0.998680 -0.019657 -0.047456
-1.000000 0.000000 -0.000000
-0.998680 0.000000 -0.051367
-0.998680 -0.036322 -0.036322
-1.000000 0.000000 -0.000000
-0.998680 -0.019657 -0.047456
-0.998680 -0.047457 -0.019657
-1.000000 0.000000 -0.000000
-0.998680 -0.036322 -0.036322
-0.998680 -0.051367 0.000000
-1.000000 0.000000 -0.000000
-0.998680 -0.047457 -0.019657
-0.998680 -0.047457 0.019657
-1.000000 0.000000 -0.000000
-0.998680 -0.051367 0.000000
-0.998680 -0.036322 0.036322
-1.000000 0.000000 -0.000000
-0.998680 -0.047457 0.019657
-0.998680 -0.019657 0.047456
-1.000000 0.000000 -0.000000
-0.998680 -0.036322 0.036322
-0.998680 0.000000 0.051366
-1.000000 0.000000 -0.000000
-0.998680 -0.019657 0.047456
0.201359 0.000000 -0.979517
0.201359 -0.374845 -0.904956
0.201359 0.000000 -0.979517
0.201359 0.000000 -0.979517
0.201359 -0.374845 -0.904956
0.201359 -0.374846 -0.904956
0.201359 -0.374845 -0.904956
0.201358 -0.692624 -0.692624
0.201359 -0.374846 -0.904956
0.201359 -0.374846 -0.904956
0.201358 -0.692624 -0.692624
0.201358 -0.692624 -0.692623
0.201358 -0.692624 -0.692624
0.201358 -0.904956 -0.374845
0.201358 -0.692624 -0.692623
0.201358 -0.904956 -0.374845
0.201358 -0.692624 -0.692624
0.201358 -0.904956 -0.374845
0.201358 -0.904956 -0.374845
0.201358 -0.979518 0.000000
0.201358 -0.904956 -0.374845
0.201358 -0.979518 0.000000
0.201358 -0.904956 -0.374845
0.201358 -0.979518 0.000000
0.201358 -0.904956 0.374845
0.201358 -0.979518 0.000000
0.201358 -0.979518 0.000000
0.201358 -0.979518 0.000000
0.201358 -0.904956 0.374845
0.201358 -0.904956 0.374845
0.201358 -0.904956 0.374845
0.201358 -0.692624 0.692624
0.201358 -0.904956 0.374845
0.201358 -0.904956 0.374845
0.201358 -0.692624 0.692624
0.201358 -0.692624 0.692624
0.201358 -0.692624 0.692624
0.201358 -0.374845 0.904956
0.201358 -0.692624 0.692624
0.201358 -0.374845 0.904956
0.201358 -0.692624 0.692624
0.201358 -0.374845 0.904956
0.201358 -0.374845 0.904956
0.201358 -0.000001 0.979518
0.201358 -0.374845 0.904956
0.201358 -0.000001 0.979518
0.201358 -0.374845 0.904956
0.201358 -0.000000 0.979518
0.201358 -0.000000 0.979518
0.201359 0.374845 0.904956
0.201358 -0.000001 0.979518
0.201358 -0.000001 0.979518
0.201359 0.374845 0.904956
0.201359 0.374845 0.904956
0.201359 0.374845 0.904956
0.201359 0.692623 0.692623
0.201359 0.374845 0.904956
0.201359 0.374845 0.904956
0.201359 0.692623 0.692623
0.201359 0.692623 0.692623
0.201359 0.904956 0.374845
0.201359 0.692623 0.692623
0.201359 0.904956 0.374845
0.201359 0.692623 0.692623
0.201359 0.904956 0.374845
0.201359 0.692623 0.692623
0.201359 0.979518 0.000000
0.201359 0.904956 0.374845
0.201359 0.979518 0.000000
0.201359 0.904956 0.374845
0.201359 0.979518 0.000000
0.201359 0.904956 0.374845
0.201359 0.904956 -0.374845
0.201359 0.904956 -0.374845
0.201359 0.979518 0.000000
0.201359 0.904956 -0.374845
0.201359 0.979518 0.000000
0.201359 0.979518 0.000000
0.201359 0.692623 -0.692624
0.201359 0.692624 -0.692623
0.201359 0.904956 -0.374845
0.201359 0.692623 -0.692624
0.201359 0.904956 -0.374845
0.201359 0.904956 -0.374845
0.201359 0.692623 -0.692624
0.201359 0.374846 -0.904956
0.201359 0.692624 -0.692623
0.201359 0.374846 -0.904956
0.201359 0.692623 -0.692624
0.201359 0.374845 -0.904956
0.201359 0.374845 -0.904956
0.201359 0.000000 -0.979517
0.201359 0.374846 -0.904956
0.201359 0.000000 -0.979517
0.201359 0.374845 -0.904956
0.201359 0.000000 -0.979517
1.000000 -0.000000 0.000003
1.000000 -0.000000 0.000003
1.000000 -0.000000 0.000003
1.000000 -0.000000 0.000003
1.000000 -0.000000 0.000003
1.000000 -0.000000 0.000003
1.000000 -0.000001 0.000001
1.000000 -0.000000 0.000003
1.000000 -0.000001 0.000001
1.000000 -0.000000 0.000003
1.000000 -0.000001 0.000001
1.000000 -0.000000 0.000003
1.000000 -0.000000 0.000001
1.000000 -0.000001 0.000001
1.000000 -0.000000 0.000001
1.000000 -0.000001 0.000001
1.000000 -0.000000 0.000001
1.000000 -0.000001 0.000001
1.000000 -0.000000 0.000001
1.000000 -0.000000 0.000001
1.000000 -0.000000 0.000001
1.000000 -0.000000 0.000001
1.000000 -0.000000 0.000001
1.000000 -0.000000 0.000001
1.000000 -0.000000 0.000001
1.000000 0.000001 -0.000001
1.000000 -0.000000 0.000001
1.000000 0.000001 -0.000001
1.000000 -0.000000 0.000001
1.000000 0.000001 -0.000001
1.000000 0.000001 -0.000001
1.000000 0.000001 -0.000001
1.000000 0.000001 -0.000001
1.000000 0.000001 -0.000001
1.000000 0.000001 -0.000001
1.000000 0.000001 -0.000001
1.000000 -0.000000 -0.000001
1.000000 0.000001 -0.000001
1.000000 -0.000000 -0.000001
1.000000 0.000001 -0.000001
1.000000 -0.000000 -0.000001
1.000000 0.000001 -0.000001
1.000000 -0.000000 -0.000001
1.000000 -0.000001 -0.000000
1.000000 -0.000001 -0.000000
1.000000 -0.000001 -0.000000
1.000000 -0.000000 -0.000001
1.000000 -0.000000 -0.000001
1.000000 -0.000001 -0.000000
1.000000 0.000000 0.000000
1.000000 -0.000001 -0.000000
1.000000 0.000000 0.000000
1.000000 -0.000001 -0.000000
1.000000 0.000000 0.000000
1.000000 0.000000 0.000000
1.000000 0.000000 -0.000001
1.000000 0.000000 0.000000
1.000000 0.000000 -0.000001
1.000000 0.000000 0.000000
1.000000 0.000000 -0.000001
1.000000 -0.000000 -0.000001
1.000000 0.000000 -0.000001
1.000000 -0.000000 -0.000001
1.000000 0.000000 -0.000001
1.000000 0.000000 -0.000001
1.000000 -0.000000 -0.000001
1.000000 0.000000 0.000001
1.000000 0.000000 0.000001
1.000000 -0.000000 -0.000001
1.000000 0.000000 0.000001
1.000000 -0.000000 -0.000001
1.000000 -0.000000 -0.000001
1.000000 0.000000 0.000001
1.000000 0.000000 0.000001
1.000000 0.000000 0.000001
1.000000 0.000000 0.000001
1.000000 0.000000 0.000001
1.000000 0.000000 0.000001
1.000000 0.000000 0.000001
1.000000 0.000001 0.000001
1.000000 0.000001 0.000001
1.000000 0.000001 0.000001
1.000000 0.000000 0.000001
1.000000 0.000000 0.000001
1.000000 0.000001 0.000001
1.000000 0.000000 0.000003
1.000000 0.000001 0.000001
1.000000 0.000000 0.000003
1.000000 0.000001 0.000001
1.000000 0.000000 0.000003
1.000000 -0.000000 0.000003
1.000000 0.000000 0.000003
1.000000 -0.000000 0.000003
1.000000 0.000000 0.000003
1.000000 -0.000000 0.000003
1.000000 0.000000 0.000003
0.159533 0.377783 0.912047
0.159533 0.377783 0.912047
0.159533 -0.000000 0.987193
0.159533 0.377783 0.912047
0.159533 -0.000000 0.987193
0.159533 -0.000000 0.987193
0.159533 0.698051 0.698050
0.159533 0.698051 0.698050
0.159533 0.377783 0.912047
0.159533 0.698051 0.698050
0.159533 0.377783 0.912047
0.159533 0.377783 0.912047
0.159533 0.698051 0.698050
0.159532 0.912047 0.377783
0.159533 0.698051 0.698050
0.159532 0.912047 0.377783
0.159533 0.698051 0.698050
0.159532 0.912047 0.377783
0.159532 0.912047 0.377783
0.159533 0.987193 0.000001
0.159532 0.912047 0.377783
0.159533 0.987193 0.000001
0.159532 0.912047 0.377783
0.159533 0.987193 0.000001
0.159533 0.912047 -0.377783
0.159533 0.987193 0.000001
0.159533 0.987193 0.000001
0.159533 0.987193 0.000001
0.159533 0.912047 -0.377783
0.159533 0.912047 -0.377783
0.159533 0.912047 -0.377783
0.159533 0.912047 -0.377783
0.159533 0.698051 -0.698050
0.159533 0.912047 -0.377783
0.159533 0.698051 -0.698050
0.159533 0.698050 -0.698051
0.159533 0.377782 -0.912047
0.159533 0.698051 -0.698050
0.159533 0.377782 -0.912047
0.159533 0.698051 -0.698050
0.159533 0.377782 -0.912047
0.159533 0.698050 -0.698051
0.159533 -0.000001 -0.987193
0.159533 0.377782 -0.912047
0.159533 -0.000000 -0.987193
0.159533 0.377782 -0.912047
0.159533 -0.000001 -0.987193
0.159533 0.377782 -0.912047
0.159532 -0.377782 -0.912047
0.159532 -0.377782 -0.912047
0.159533 -0.000001 -0.987193
0.159532 -0.377782 -0.912047
0.159533 -0.000001 -0.987193
0.159533 -0.000000 -0.987193
0.159532 -0.698050 -0.698051
0.159532 -0.698050 -0.698051
0.159532 -0.377782 -0.912047
0.159532 -0.698050 -0.698051
0.159532 -0.377782 -0.912047
0.159532 -0.377782 -0.912047
0.159533 -0.912047 -0.377782
0.159532 -0.698050 -0.698051
0.159533 -0.912047 -0.377782
0.159532 -0.698050 -0.698051
0.159533 -0.912047 -0.377782
0.159532 -0.698050 -0.698051
0.159533 -0.987193 0.000001
0.159533 -0.912047 -0.377782
0.159533 -0.987193 0.000001
0.159533 -0.912047 -0.377782
0.159533 -0.987193 0.000001
0.159533 -0.912047 -0.377782
0.159533 -0.912047 0.377782
0.159533 -0.912047 0.377782
0.159533 -0.987193 0.000001
0.159533 -0.912047 0.377782
0.159533 -0.987193 0.000001
0.159533 -0.987193 0.000001
0.159534 -0.698050 0.698051
0.159534 -0.698050 0.698051
0.159533 -0.912047 0.377782
0.159534 -0.698050 0.698051
0.159533 -0.912047 0.377782
0.159533 -0.912047 0.377782
0.159534 -0.377781 0.912047
0.159534 -0.698050 0.698051
0.159534 -0.377781 0.912047
0.159534 -0.698050 0.698051
0.159534 -0.377781 0.912047
0.159534 -0.698050 0.698051
0.159533 -0.000000 0.987193
0.159534 -0.377781 0.912047
0.159533 -0.000000 0.987193
0.159534 -0.377781 0.912047
0.159533 -0.000000 0.987193
0.159534 -0.377781 0.912047
1.000000 0.000000 0.000000
1.000000 0.000000 0.000000
1.000000 0.000000 0.000000
1.000000 0.000000 0.000000
1.000000 0.000000 0.000000
1.000000 0.000000 0.000000
1.000000 0.000000 0.000000
1.000000 0.000000 0.000000
1.000000 0.000000 0.000000
1.000000 0.000000 0.000000
1.000000 0.000000 0.000000
1.000000 0.000000 0.000000
1.000000 0.000000 0.000000
1.000000 0.000000 0.000000
1.000000 0.000000 0.000000
1.000000 0.000000 0.000000
1.000000 0.000000 0.000000
1.000000 0.000000 0.000000
1.000000 0.000000 0.000000
1.000000 0.000000 0.000000
1.000000 0.000000 0.000000
1.000000 0.000000 0.000000
1.000000 0.000000 0.000000
1.000000 0.000000 0.000000
1.000000 0.000000 0.000000
1.000000 0.000000 0.000000
1.000000 0.000000 0.000000
1.000000 0.000000 0.000000
1.000000 0.000000 0.000000
1.000000 0.000000 0.000000
1.000000 0.000000 0.000000
1.000000 0.000000 0.000000
1.000000 0.000000 0.000000
1.000000 0.000000 0.000000
1.000000 0.000000 0.000000
1.000000 0.000000 0.000000
1.000000 0.000000 0.000000
1.000000 0.000000 0.000000
1.000000 0.000000 0.000000
1.000000 0.000000 0.000000
1.000000 0.000000 0.000000
1.000000 0.000000 0.000000
1.000000 0.000000 0.000000
1.000000 0.000000 0.000000
1.000000 0.000000 0.000000
1.000000 0.000000 0.000000
1.000000 0.000000 0.000000
1.000000 0.000000 0.000000
</float_array>
          <technique_common>
            <accessor source="#Cylinder001-Normal0-array" count="11964" stride="3">
              <param name="X" type="float"/>
              <param name="Y" type="float"/>
              <param name="Z" type="float"/>
            </accessor>
          </technique_common>
        </source>
        <source id="Cylinder001-UV0">
          <float_array id="Cylinder001-UV0-array" count="5392">
0.105700 0.609377
0.129092 0.606554
0.137767 0.745502
0.117182 0.748325
0.151376 0.604160
0.157053 0.743109
0.172867 0.602561
0.175651 0.741509
0.193979 0.602000
0.193979 0.740948
0.215158 0.602561
0.212357 0.741509
0.236820 0.604160
0.231092 0.743109
0.259305 0.606554
0.250556 0.745502
0.282822 0.609377
0.271296 0.748325
0.307408 0.612200
0.294152 0.751148
0.332936 0.614593
0.320344 0.753542
0.359174 0.616192
0.351078 0.755141
0.385842 0.616754
0.385842 0.755702
0.028885 0.616192
0.037045 0.755141
0.055355 0.614593
0.068057 0.753542
0.081078 0.612200
0.094376 0.751148
0.099460 0.515385
0.124001 0.512578
0.147900 0.510199
0.171129 0.508608
0.193979 0.508050
0.216906 0.508608
0.240328 0.510198
0.264435 0.512578
0.289071 0.515385
0.313810 0.518192
0.338229 0.520572
0.362179 0.522162
0.385843 0.522720
0.025860 0.522162
0.050013 0.520572
0.074639 0.518192
0.121021 0.446173
0.095927 0.448721
0.108915 0.317564
0.131216 0.315437
0.145835 0.444013
0.152549 0.313633
0.170093 0.442570
0.173359 0.312427
0.193979 0.442063
0.193979 0.312004
0.217949 0.442570
0.214662 0.312427
0.242413 0.444013
0.235636 0.313632
0.267435 0.446173
0.257164 0.315436
0.292602 0.448721
0.279599 0.317564
0.317256 0.451269
0.303396 0.319692
0.340938 0.453429
0.329026 0.321496
0.363660 0.454872
0.356685 0.322701
0.385843 0.455379
0.385842 0.323125
0.024369 0.454872
0.031393 0.322702
0.047278 0.453429
0.059302 0.321496
0.071168 0.451269
0.085109 0.319692
0.138372 0.772424
0.118539 0.776287
0.157219 0.769149
0.175654 0.766960
0.193979 0.766192
0.212354 0.766960
0.230924 0.769149
0.249945 0.772424
0.269931 0.776286
0.291852 0.780150
0.317371 0.783424
0.348654 0.785613
0.385842 0.786381
0.039490 0.785613
0.071052 0.783425
0.096678 0.780150
0.137735 0.791295
0.117054 0.795241
0.156311 0.788227
0.175031 0.786177
0.193979 0.785457
0.212981 0.786177
0.231840 0.788227
0.250588 0.791295
0.271425 0.795241
0.292333 0.798860
0.316703 0.801928
0.347546 0.803979
0.385842 0.804699
0.040608 0.803979
0.071725 0.801929
0.096197 0.798860
0.117335 0.811126
0.136975 0.807713
0.131094 0.838767
0.110824 0.842704
0.155996 0.804819
0.151431 0.835429
0.174941 0.802885
0.172409 0.833199
0.193979 0.802206
0.193979 0.832415
0.213072 0.802885
0.215619 0.833198
0.232158 0.804818
0.236765 0.835428
0.251355 0.807712
0.257287 0.838766
0.271143 0.811126
0.277683 0.842703
0.292555 0.814539
0.298501 0.846535
0.317444 0.817433
0.322693 0.849873
0.348372 0.819366
0.351789 0.852103
0.171071 0.981483
0.172835 0.975162
0.194247 0.981482
0.177859 0.969804
0.185378 0.966224
0.194247 0.964967
0.203116 0.966224
0.210635 0.969804
0.215659 0.975162
0.217423 0.981483
0.215659 0.987803
0.210635 0.993161
0.203116 0.996741
0.194247 0.997998
0.185378 0.996741
0.177859 0.993161
0.172835 0.987803
0.385842 0.820045
0.385842 0.852886
0.039774 0.819367
0.036328 0.852103
0.070979 0.817433
0.065689 0.849873
0.095974 0.814540
0.090019 0.846536
0.124694 0.917806
0.106797 0.919978
0.144504 0.915964
0.167706 0.914733
0.193980 0.914300
0.220354 0.914732
0.243758 0.915963
0.263738 0.917805
0.281724 0.919978
0.299847 0.922150
0.320947 0.923992
0.348966 0.925223
0.385841 0.925655
0.039173 0.925223
0.067448 0.923992
0.088669 0.922151
0.137873 0.965002
0.123503 0.965712
0.154195 0.964400
0.173092 0.963998
0.193982 0.963856
0.214937 0.963997
0.233980 0.964399
0.250453 0.965001
0.264939 0.965711
0.278754 0.966421
0.169214 0.160109
0.167172 0.151085
0.194004 0.151085
0.175031 0.167760
0.183736 0.172871
0.194004 0.174667
0.204272 0.172871
0.212977 0.167760
0.218794 0.160109
0.220836 0.151085
0.218794 0.142061
0.212977 0.134410
0.204272 0.129299
0.194004 0.127504
0.183736 0.129299
0.175031 0.134410
0.169214 0.142061
0.778633 0.909986
0.294330 0.967023
0.319158 0.967425
0.385827 0.967566
0.069244 0.967425
0.094197 0.967023
0.109759 0.966422
0.137124 0.242420
0.151908 0.241259
0.166126 0.240275
0.180093 0.239618
0.193979 0.239387
0.207894 0.239618
0.221944 0.240275
0.236283 0.241259
0.251205 0.242419
0.267376 0.243580
0.286648 0.244564
0.672530 0.273461
0.674607 0.273114
0.670100 0.296466
0.667567 0.296453
0.687974 0.272823
0.688639 0.272753
0.692444 0.296679
0.691637 0.296849
0.690009 0.272844
0.694112 0.296543
0.691876 0.273081
0.696386 0.296463
0.693954 0.273430
0.676471 0.272883
0.672372 0.296554
0.677839 0.272802
0.674036 0.296701
0.678501 0.272884
0.674840 0.296886
0.667288 0.274863
0.698921 0.296451
0.695928 0.273836
0.701331 0.296508
0.697497 0.274239
0.703248 0.296626
0.698423 0.274576
0.704382 0.296786
0.698564 0.274796
0.704558 0.296965
0.668060 0.274630
0.662105 0.296816
0.661297 0.297011
0.668987 0.274281
0.663240 0.296642
0.670557 0.273871
0.665158 0.296514
0.675161 0.313022
0.671206 0.313001
0.685172 0.313399
0.678708 0.313158
0.683912 0.313665
0.687775 0.313188
0.691326 0.313063
0.695284 0.313043
0.699046 0.313132
0.702039 0.313316
0.703808 0.313567
0.704084 0.313846
0.681306 0.313388
0.682562 0.313677
0.662680 0.313569
0.662400 0.313872
0.712849 0.331802
0.664452 0.313297
0.667446 0.313097
0.667701 0.265010
0.694298 0.261488
0.694850 0.261636
0.695897 0.262349
0.697279 0.263518
0.706829 0.329768
0.698786 0.264966
0.700188 0.266471
0.701273 0.267804
0.701875 0.268764
0.669207 0.263566
0.670587 0.262405
0.671631 0.261703
0.707517 0.318164
0.712844 0.321243
0.653828 0.321263
0.658792 0.318184
0.659490 0.329789
0.653833 0.331823
0.703307 0.330748
0.703647 0.316193
0.662600 0.316210
0.662953 0.330765
0.718647 0.324500
0.719126 0.326520
0.716354 0.326521
0.717286 0.322788
0.715248 0.321644
0.651426 0.321666
0.650323 0.326545
0.649389 0.322812
0.648028 0.324525
0.672180 0.261567
0.663917 0.269347
0.664610 0.268827
0.665214 0.267857
0.666299 0.266517
0.661568 0.259367
0.647551 0.326546
0.701902 0.269203
0.701212 0.256632
0.701206 0.256504
0.702250 0.257092
0.703560 0.258107
0.704938 0.259395
0.706175 0.260760
0.707083 0.261994
0.648030 0.328566
0.662944 0.258084
0.664252 0.257079
0.665292 0.256506
0.707522 0.262910
0.649392 0.330278
0.665862 0.256187
0.651430 0.331422
0.715252 0.331399
0.717289 0.330254
0.718649 0.328541
0.683133 0.332107
0.683126 0.314601
0.658295 0.263599
0.658980 0.262909
0.659422 0.261979
0.660331 0.260735
0.654889 0.252978
0.707462 0.263108
0.708656 0.250968
0.720288 0.241869
0.720651 0.241941
0.708092 0.250562
0.721307 0.242357
0.709133 0.251025
0.643436 0.243924
0.644351 0.243057
0.656136 0.251854
0.722158 0.243053
0.645200 0.242367
0.657372 0.251007
0.710371 0.251886
0.537625 0.501729
0.596290 0.501729
0.596290 0.382656
0.537625 0.382656
0.417863 0.501729
0.417863 0.353630
0.490606 0.353630
0.490606 0.501729
0.516969 0.382656
0.516969 0.501729
0.392252 0.353630
0.392251 0.501729
0.611678 0.501729
0.611678 0.382656
0.509685 0.501729
0.509685 0.353630
0.579159 0.110988
0.550438 0.112041
0.539132 0.112041
0.584394 0.110671
0.573349 0.102795
0.556315 0.102986
0.433751 0.017048
0.469363 0.015739
0.546332 0.106562
0.580283 0.105582
0.537625 0.620803
0.596290 0.620803
0.419732 0.017048
0.475855 0.015344
0.516969 0.620803
0.611678 0.620803
0.441038 0.005786
0.462159 0.005549
0.550438 0.891418
0.579159 0.892471
0.539132 0.891418
0.584394 0.892788
0.428660 0.010234
0.470758 0.009015
0.670646 0.883548
0.670646 0.906589
0.739662 0.895189
0.738697 0.873298
0.670646 0.942904
0.760647 0.904955
0.768169 0.928210
0.769551 0.959591
0.735929 0.860643
0.778633 0.899924
0.741641 0.909986
0.670646 0.865961
0.670646 0.916454
0.739570 0.902930
0.602595 0.873298
0.601630 0.895189
0.670646 0.975935
0.764201 0.910069
0.670646 0.917693
0.670646 0.990076
0.741641 0.899924
0.759627 0.904955
0.695991 0.238830
0.694869 0.244468
0.688766 0.241940
0.689385 0.238830
0.691675 0.249248
0.687004 0.244577
0.686895 0.252442
0.684367 0.246339
0.681256 0.253564
0.681256 0.246958
0.675618 0.252442
0.678146 0.246339
0.670838 0.249248
0.675509 0.244577
0.667644 0.244468
0.673747 0.241940
0.666522 0.238830
0.673128 0.238830
0.667644 0.233191
0.673747 0.235719
0.670838 0.228411
0.675509 0.233082
0.675618 0.225217
0.678146 0.231320
0.681256 0.224095
0.681256 0.230701
0.686895 0.225217
0.684367 0.231320
0.691675 0.228411
0.687004 0.233082
0.694869 0.233191
0.688766 0.235719
0.688103 0.241666
0.688668 0.238830
0.686497 0.244070
0.684093 0.245677
0.681256 0.246241
0.678420 0.245677
0.676016 0.244070
0.674409 0.241666
0.673845 0.238830
0.674409 0.235993
0.676016 0.233589
0.678420 0.231983
0.681256 0.231418
0.684093 0.231983
0.686497 0.233589
0.688103 0.235993
0.684605 0.240217
0.684881 0.238830
0.683819 0.241392
0.682643 0.242178
0.681256 0.242454
0.679869 0.242178
0.678694 0.241392
0.677908 0.240217
0.677632 0.238830
0.677908 0.237443
0.678694 0.236267
0.679869 0.235481
0.681256 0.235205
0.682643 0.235481
0.683819 0.236267
0.684605 0.237443
0.684309 0.240094
0.684561 0.238830
0.683593 0.241166
0.682521 0.241882
0.681256 0.242134
0.679992 0.241882
0.678920 0.241166
0.678203 0.240094
0.677952 0.238830
0.678203 0.237565
0.678920 0.236493
0.679992 0.235776
0.681256 0.235525
0.682521 0.235776
0.683593 0.236493
0.684309 0.237565
0.681256 0.238830
0.666522 0.188412
0.673128 0.188412
0.673747 0.191523
0.667644 0.194051
0.675509 0.194159
0.670838 0.198830
0.678146 0.195921
0.675618 0.202024
0.681256 0.196540
0.681256 0.203146
0.684367 0.195921
0.686895 0.202024
0.687004 0.194160
0.691675 0.198830
0.688766 0.191523
0.694869 0.194051
0.689385 0.188412
0.695991 0.188412
0.688766 0.185301
0.694869 0.182773
0.687004 0.182664
0.691675 0.177993
0.684367 0.180902
0.686895 0.174799
0.681256 0.180284
0.681256 0.173678
0.678146 0.180902
0.675618 0.174799
0.675509 0.182664
0.670838 0.177993
0.673747 0.185301
0.667644 0.182773
0.673845 0.188412
0.674409 0.191248
0.676016 0.193652
0.678420 0.195259
0.681256 0.195823
0.684093 0.195259
0.686497 0.193652
0.688103 0.191248
0.688668 0.188412
0.688103 0.185576
0.686497 0.183171
0.684093 0.181565
0.681256 0.181001
0.678420 0.181565
0.676016 0.183171
0.674409 0.185576
0.677632 0.188412
0.677908 0.189799
0.678694 0.190975
0.679869 0.191760
0.681256 0.192036
0.682643 0.191760
0.683819 0.190975
0.684605 0.189799
0.684881 0.188412
0.684605 0.187025
0.683819 0.185849
0.682643 0.185064
0.681256 0.184788
0.679869 0.185064
0.678694 0.185849
0.677908 0.187025
0.677952 0.188412
0.678203 0.189676
0.678920 0.190749
0.679992 0.191465
0.681256 0.191716
0.682521 0.191465
0.683593 0.190749
0.684310 0.189676
0.684561 0.188412
0.684310 0.187147
0.683593 0.186075
0.682521 0.185359
0.681256 0.185107
0.679992 0.185359
0.678920 0.186075
0.678203 0.187147
0.681256 0.188412
0.642372 0.220125
0.652113 0.220125
0.652113 0.223309
0.642372 0.223309
0.661854 0.220125
0.661854 0.223309
0.671595 0.220125
0.671595 0.223309
0.681336 0.220125
0.681336 0.223309
0.691077 0.220125
0.691077 0.223309
0.700818 0.220125
0.700818 0.223309
0.710560 0.220125
0.710560 0.223309
0.720301 0.220125
0.720301 0.223309
0.730042 0.220125
0.730042 0.223309
0.739783 0.220125
0.739783 0.223309
0.749524 0.220125
0.749524 0.223309
0.759265 0.220125
0.759265 0.223309
0.613149 0.220125
0.613148 0.223309
0.622890 0.220125
0.622890 0.223309
0.632631 0.220125
0.632631 0.223309
0.719284 0.805593
0.711949 0.805593
0.722710 0.833873
0.728648 0.833873
0.703617 0.805593
0.715280 0.833873
0.694074 0.805593
0.703632 0.833873
0.684044 0.805593
0.684444 0.833873
0.674761 0.805593
0.667138 0.833873
0.666754 0.805593
0.656821 0.833873
0.659696 0.805593
0.649454 0.833873
0.652930 0.805593
0.642918 0.833873
0.645694 0.805593
0.636344 0.833873
0.637134 0.805593
0.629397 0.833873
0.626656 0.805593
0.622127 0.833873
0.615041 0.805593
0.614883 0.833873
0.742503 0.805593
0.746180 0.833873
0.733725 0.805593
0.739948 0.833873
0.726277 0.805593
0.734209 0.833873
0.729047 0.836635
0.733314 0.836635
0.715486 0.846565
0.713565 0.849874
0.688308 0.847710
0.707799 0.852854
0.699066 0.855050
0.688695 0.856129
0.678266 0.855926
0.669365 0.854472
0.663347 0.851988
0.661130 0.848854
0.663051 0.845545
0.668816 0.842565
0.677549 0.840369
0.687920 0.839290
0.698350 0.839493
0.707251 0.840947
0.713268 0.843431
0.724475 0.836635
0.718039 0.836635
0.686579 0.836635
0.654304 0.836635
0.647491 0.836635
0.642350 0.836635
0.637310 0.836635
0.632015 0.836635
0.626404 0.836635
0.620598 0.836635
0.614831 0.836635
0.747459 0.836635
0.742369 0.836635
0.737688 0.836635
0.719284 0.794619
0.711949 0.794619
0.703617 0.794619
0.627409 0.362106
0.628225 0.362030
0.635108 0.532633
0.634292 0.532709
0.637103 0.364660
0.636912 0.364664
0.643795 0.535266
0.643987 0.535261
0.636423 0.364698
0.643306 0.535299
0.635711 0.364754
0.642594 0.535356
0.634883 0.364826
0.628905 0.361961
0.635789 0.532565
0.629347 0.361911
0.636230 0.532515
0.629482 0.361886
0.636366 0.532487
0.625189 0.362272
0.641767 0.535428
0.634068 0.364902
0.640951 0.535504
0.633387 0.364971
0.640270 0.535572
0.632945 0.365021
0.639829 0.535622
0.632810 0.365046
0.639693 0.535647
0.625380 0.362268
0.632264 0.532871
0.632072 0.532874
0.625869 0.362234
0.632753 0.532838
0.735127 0.290052
0.735124 0.291489
0.721923 0.288893
0.721926 0.287455
0.735115 0.292697
0.721914 0.290100
0.735102 0.293490
0.721901 0.290893
0.787485 0.319982
0.787500 0.319703
0.800701 0.317101
0.800686 0.317380
0.787512 0.318892
0.800713 0.316291
0.787521 0.317673
0.800722 0.315071
0.787524 0.316231
0.800725 0.313629
0.787521 0.314785
0.800722 0.312184
0.787512 0.313557
0.800713 0.310955
0.787500 0.312732
0.800701 0.310130
0.787485 0.312436
0.800686 0.309835
0.735087 0.293748
0.721886 0.291151
0.735087 0.286204
0.735102 0.286520
0.721901 0.283923
0.721886 0.283606
0.735115 0.287362
0.721914 0.284765
0.735124 0.288602
0.721923 0.286006
0.776734 0.330588
0.776574 0.330401
0.776087 0.329853
0.775348 0.329027
0.774468 0.328048
0.773583 0.327067
0.772826 0.326232
0.772313 0.325670
0.772122 0.325467
0.748182 0.301863
0.747297 0.302840
0.746541 0.303656
0.746028 0.304188
0.745838 0.304354
0.750450 0.299221
0.750289 0.299446
0.769565 0.351907
0.769319 0.351794
0.768591 0.351455
0.767490 0.350943
0.766185 0.350334
0.764873 0.349723
0.763756 0.349201
0.763002 0.348848
0.762726 0.348718
0.749802 0.300027
0.749062 0.300875
0.756466 0.324142
0.755154 0.324747
0.754037 0.325248
0.753283 0.325569
0.753007 0.325661
0.652113 0.213566
0.642372 0.213566
0.661854 0.213566
0.671595 0.213566
0.681336 0.213566
0.691077 0.213566
0.700818 0.213566
0.710560 0.213566
0.720301 0.213566
0.730042 0.213566
0.739783 0.213566
0.749524 0.213566
0.759265 0.213566
0.613148 0.213566
0.622890 0.213566
0.632631 0.213566
0.642372 0.207007
0.642372 0.203823
0.652113 0.203823
0.652113 0.207007
0.661854 0.203823
0.661854 0.207007
0.671595 0.203823
0.671595 0.207007
0.681336 0.203823
0.681336 0.207007
0.691077 0.203823
0.691077 0.207007
0.700818 0.203823
0.700818 0.207007
0.710560 0.203823
0.710560 0.207007
0.720301 0.203823
0.720301 0.207007
0.730042 0.203823
0.730042 0.207007
0.739783 0.203823
0.739783 0.207007
0.749524 0.203823
0.749524 0.207007
0.759265 0.203823
0.759265 0.207007
0.613148 0.203823
0.613149 0.207007
0.622890 0.203823
0.622890 0.207007
0.632631 0.203823
0.632631 0.207007
0.556315 0.900473
0.573349 0.900663
0.546332 0.896897
0.580283 0.897877
0.490606 0.649828
0.417863 0.649828
0.392252 0.649828
0.509685 0.649828
0.469363 0.987720
0.433751 0.986411
0.419732 0.986411
0.475855 0.988115
0.462159 0.997910
0.441038 0.997673
0.428660 0.993225
0.470758 0.994444
0.605363 0.860643
0.601722 0.902930
0.769420 0.970689
0.571741 0.959591
0.573123 0.928210
0.577091 0.910069
0.571872 0.970689
0.694074 0.794619
0.684044 0.794619
0.674761 0.794619
0.666754 0.794619
0.659696 0.794619
0.652930 0.794619
0.645694 0.794619
0.637134 0.794619
0.626656 0.794619
0.615041 0.794619
0.742503 0.794619
0.733725 0.794619
0.726277 0.794619
0.719284 0.783644
0.728648 0.755364
0.722710 0.755364
0.711949 0.783644
0.715280 0.755364
0.703617 0.783644
0.703632 0.755364
0.694074 0.783644
0.684444 0.755364
0.684044 0.783644
0.667138 0.755364
0.674761 0.783644
0.656821 0.755364
0.666754 0.783644
0.649454 0.755364
0.659696 0.783644
0.642918 0.755364
0.652930 0.783644
0.636344 0.755364
0.645694 0.783644
0.629397 0.755364
0.658508 0.741258
0.685686 0.742402
0.660428 0.744567
0.666194 0.747546
0.674927 0.749743
0.685298 0.750821
0.695728 0.750618
0.704629 0.749164
0.710646 0.746681
0.712863 0.743546
0.710943 0.740237
0.705177 0.737258
0.696444 0.735061
0.686073 0.733983
0.675643 0.734186
0.666742 0.735640
0.660725 0.738123
0.637134 0.783644
0.622127 0.755364
0.626656 0.783644
0.614883 0.755364
0.615041 0.783644
0.746180 0.755364
0.742503 0.783644
0.739948 0.755364
0.733725 0.783644
0.734209 0.755364
0.726277 0.783644
0.733314 0.752602
0.729047 0.752602
0.724475 0.752602
0.718039 0.752602
0.686579 0.752602
0.654304 0.752602
0.626582 0.362178
0.633465 0.532781
0.665186 0.362106
0.658302 0.532709
0.657486 0.532633
0.664370 0.362030
0.656806 0.532565
0.663689 0.361961
0.656364 0.532515
0.655491 0.364660
0.648608 0.535261
0.663247 0.361911
0.648799 0.535266
0.655683 0.364664
0.649288 0.535299
0.656172 0.364698
0.650001 0.535356
0.656884 0.364755
0.650828 0.535428
0.657711 0.364826
0.651644 0.535504
0.658527 0.364902
0.652324 0.535572
0.659208 0.364971
0.652766 0.535622
0.659649 0.365021
0.652901 0.535647
0.659785 0.365046
0.656229 0.532487
0.663112 0.361886
0.667406 0.362272
0.660523 0.532874
0.660331 0.532871
0.667214 0.362268
0.759845 0.322471
0.759600 0.322622
0.758872 0.322992
0.757771 0.323526
0.735087 0.319993
0.721886 0.317393
0.721901 0.317114
0.735102 0.319714
0.721914 0.316304
0.735115 0.318903
0.721922 0.315084
0.735123 0.317684
0.721925 0.313642
0.735126 0.316242
0.721922 0.312197
0.735123 0.314797
0.721914 0.310968
0.735115 0.313568
0.721901 0.310143
0.735102 0.312743
0.721886 0.309848
0.735087 0.312448
0.787524 0.290012
0.800725 0.287409
0.800722 0.288846
0.787521 0.291449
0.800713 0.290054
0.787512 0.292657
0.800700 0.290847
0.787499 0.293449
0.800685 0.291104
0.787484 0.293708
0.746024 0.330411
0.745833 0.330598
0.746537 0.329863
0.747295 0.329037
0.748181 0.328058
0.749063 0.327077
0.749805 0.326241
0.750293 0.325679
0.750454 0.325476
0.787484 0.286164
0.800685 0.283560
0.800700 0.283877
0.787499 0.286480
0.800713 0.284719
0.787512 0.287322
0.800722 0.285960
0.753283 0.351803
0.753007 0.351916
0.754036 0.351464
0.755154 0.350952
0.756465 0.350343
0.757771 0.349731
0.758872 0.349209
0.759600 0.348856
0.759846 0.348727
0.787521 0.288562
0.775350 0.302805
0.774469 0.301829
0.776090 0.303621
0.776578 0.304153
0.776738 0.304319
0.772308 0.299413
0.772117 0.299188
0.772822 0.299993
0.773581 0.300842
0.767490 0.324716
0.316077 0.245221
0.385841 0.245452
0.072356 0.245222
0.101881 0.244564
0.121079 0.243580
0.147444 0.177732
0.157785 0.177035
0.169198 0.176444
0.181377 0.176050
0.193979 0.175911
0.206605 0.176050
0.218850 0.176444
0.230353 0.177035
0.240789 0.177732
0.249703 0.178428
0.255877 0.179019
0.271417 0.179414
0.336503 0.179552
0.116934 0.179414
0.132493 0.179019
0.138612 0.178429
0.052312 0.179552
0.002114 0.616754
0.002114 0.755702
0.002114 0.616754
0.002114 0.522720
0.002114 0.455379
0.002114 0.323125
0.002114 0.755702
0.002113 0.786381
0.002113 0.786381
0.002113 0.804699
0.002113 0.820045
0.002113 0.852886
0.002113 0.852886
0.002112 0.925655
0.002112 0.925655
0.002098 0.967566
0.002113 0.820045
0.002113 0.804699
0.002114 0.323125
0.002112 0.245452
0.002112 0.245452
0.002114 0.522720
0.002114 0.455379
0.647491 0.752602
0.642350 0.752602
0.637310 0.752602
0.632015 0.752602
0.626404 0.752602
0.620598 0.752602
0.614831 0.752602
0.747459 0.752602
0.742369 0.752602
0.737688 0.752602
0.753164 0.805593
0.753005 0.833873
0.753005 0.833873
0.752953 0.836635
0.753164 0.805593
0.753164 0.794619
0.753164 0.783644
0.753005 0.755364
0.753005 0.755364
0.752954 0.752602
0.753164 0.794619
0.753164 0.783644
0.659842 0.532838
0.666725 0.362234
0.659129 0.532781
0.666013 0.362178
0.766185 0.324112
0.768591 0.325216
0.769319 0.325537
0.769564 0.325629
0.763002 0.322593
0.762726 0.322442
0.763755 0.322963
0.764873 0.323496
0.645855 0.241959
0.658408 0.250563
0.646216 0.241895
0.658770 0.250312
0.652208 0.256691
0.641632 0.246546
0.641620 0.246256
0.652804 0.256246
0.641959 0.245656
0.653085 0.255354
0.642597 0.244837
0.653817 0.254207
0.723073 0.243923
0.711620 0.253014
0.723913 0.244834
0.712691 0.254239
0.724550 0.245648
0.713422 0.255375
0.724888 0.246240
0.713700 0.256247
0.724874 0.246522
0.713551 0.256204
0.349219 0.053954
0.350163 0.054778
0.374066 0.056042
0.384820 0.097918
0.346837 0.095624
0.383958 0.105141
0.361261 0.159826
0.340850 0.155543
0.346746 0.047161
0.278399 0.054780
0.281722 0.095632
0.243761 0.097962
0.254509 0.056066
0.244622 0.105185
0.282531 0.103731
0.287706 0.155558
0.346028 0.103722
0.384062 0.055988
0.397836 0.098019
0.396974 0.105242
0.267307 0.159861
0.230732 0.098031
0.244498 0.055978
0.259573 0.160832
0.368979 0.160833
0.358197 0.164715
0.231593 0.105255
0.290167 0.165074
0.338366 0.165103
0.270348 0.164705
0.365144 0.163414
0.366005 0.047800
0.263405 0.163410
0.361351 0.045692
0.374510 0.048804
0.262545 0.047772
0.380135 0.051226
0.318637 0.061239
0.315479 0.095879
0.316270 0.069324
0.248422 0.051211
0.254044 0.048783
0.312251 0.069254
0.313042 0.095814
0.317315 0.155771
0.313042 0.103911
0.823040 0.839158
0.832577 0.839158
0.832577 0.888504
0.823040 0.888504
0.842114 0.839158
0.842114 0.888504
0.851651 0.839158
0.851651 0.888504
0.861189 0.839158
0.861189 0.888504
0.870726 0.839158
0.870726 0.888504
0.880263 0.839158
0.880263 0.888504
0.889801 0.839158
0.889801 0.888504
0.899338 0.839158
0.899338 0.888504
0.908875 0.839158
0.908875 0.888504
0.918412 0.839158
0.918412 0.888504
0.927950 0.839158
0.927950 0.888504
0.937487 0.839158
0.937487 0.888504
0.794428 0.839158
0.794428 0.888504
0.803965 0.839158
0.803965 0.888504
0.813502 0.839158
0.813502 0.888504
0.832577 0.904386
0.823040 0.904386
0.842114 0.904386
0.851651 0.904386
0.861189 0.904386
0.870726 0.904386
0.880263 0.904386
0.889801 0.904386
0.899338 0.904386
0.908875 0.904386
0.918412 0.904386
0.927950 0.904386
0.937487 0.904386
0.794428 0.904386
0.803965 0.904386
0.813502 0.904386
0.832577 0.905863
0.823040 0.905863
0.842114 0.905863
0.851651 0.905863
0.861189 0.905863
0.870726 0.905863
0.880263 0.905863
0.889801 0.905863
0.899338 0.905863
0.908875 0.905863
0.918413 0.905863
0.927950 0.905863
0.937487 0.905863
0.794428 0.905863
0.803965 0.905863
0.813502 0.905863
0.832577 0.937115
0.823040 0.937115
0.842114 0.937115
0.851651 0.937115
0.861189 0.937115
0.870726 0.937115
0.880263 0.937115
0.889801 0.937115
0.899338 0.937115
0.908875 0.937115
0.918413 0.937115
0.927950 0.937115
0.937487 0.937115
0.794428 0.937115
0.803965 0.937115
0.813502 0.937115
0.832577 0.947001
0.823040 0.947001
0.842114 0.947001
0.851651 0.947001
0.861189 0.947001
0.870726 0.947001
0.880263 0.947001
0.889801 0.947001
0.899338 0.947001
0.908875 0.947001
0.918413 0.947001
0.927950 0.947001
0.937487 0.947001
0.794428 0.947001
0.803965 0.947001
0.813502 0.947001
0.832577 0.964154
0.823040 0.964154
0.842114 0.964154
0.851651 0.964154
0.861188 0.964154
0.870726 0.964154
0.880263 0.964154
0.889801 0.964154
0.899338 0.964154
0.908875 0.964154
0.918413 0.964154
0.927950 0.964154
0.937487 0.964154
0.794428 0.964154
0.803965 0.964154
0.813502 0.964154
0.848018 0.980768
0.823040 0.814193
0.832577 0.814193
0.842114 0.814193
0.851651 0.814193
0.861189 0.814193
0.870726 0.814193
0.880263 0.814193
0.889801 0.814193
0.899338 0.814193
0.908875 0.814193
0.918412 0.814193
0.927950 0.814193
0.937487 0.814193
0.794428 0.814193
0.803965 0.814193
0.813502 0.814193
0.823040 0.739369
0.832577 0.739369
0.842114 0.739369
0.851651 0.739369
0.861189 0.739369
0.870726 0.739369
0.880263 0.739369
0.889801 0.739369
0.899338 0.739369
0.908875 0.739369
0.918412 0.739369
0.927950 0.739369
0.937487 0.739369
0.794428 0.739369
0.803965 0.739369
0.813502 0.739369
0.823040 0.711716
0.832577 0.711716
0.842114 0.711716
0.851651 0.711716
0.861189 0.711716
0.870726 0.711716
0.880263 0.711716
0.889801 0.711716
0.899338 0.711716
0.908875 0.711716
0.918412 0.711716
0.927950 0.711716
0.937487 0.711716
0.794428 0.711716
0.803965 0.711716
0.813502 0.711716
0.849024 0.701576
0.849024 0.975712
0.861232 0.980768
0.851888 0.971425
0.856175 0.968561
0.861232 0.967555
0.866288 0.968561
0.870574 0.971425
0.873439 0.975712
0.874445 0.980768
0.873439 0.985824
0.741775 0.719559
0.741776 0.721591
0.733975 0.721584
0.733973 0.719552
0.694040 0.724489
0.693991 0.724059
0.701885 0.724101
0.701934 0.724530
0.693949 0.723282
0.701843 0.723324
0.693921 0.721733
0.701815 0.721775
0.693911 0.719649
0.741781 0.723074
0.733979 0.723066
0.741788 0.723781
0.733986 0.723773
0.741796 0.724148
0.733994 0.724141
0.741796 0.712357
0.701805 0.719690
0.693921 0.717345
0.701815 0.717386
0.693949 0.715173
0.701843 0.715215
0.693991 0.713464
0.701885 0.713505
0.694040 0.712477
0.701934 0.712519
0.741788 0.713389
0.733986 0.713381
0.733994 0.712349
0.741781 0.715120
0.733979 0.715113
0.741776 0.717287
0.733975 0.717279
0.728115 0.718771
0.728975 0.717358
0.709037 0.720372
0.727393 0.719725
0.709259 0.720859
0.708506 0.719957
0.707742 0.718943
0.706860 0.717483
0.705992 0.715800
0.705269 0.714151
0.704805 0.712788
0.704675 0.711920
0.726916 0.720074
0.726754 0.720499
0.731100 0.712661
0.731284 0.711746
0.730592 0.714050
0.729845 0.715699
0.722897 0.713674
0.721306 0.707128
0.715156 0.714120
0.717127 0.706957
0.717517 0.706499
0.715499 0.714437
0.714284 0.714144
0.716115 0.707174
0.713016 0.713772
0.714635 0.707118
0.711544 0.713061
0.722997 0.706838
0.724340 0.712999
0.721677 0.713992
0.719875 0.707137
0.720866 0.713906
0.718922 0.706864
0.720587 0.714161
0.718592 0.706349
0.712912 0.706798
0.710093 0.712119
0.711211 0.706264
0.708883 0.711090
0.709792 0.705595
0.708099 0.710130
0.708869 0.704890
0.707861 0.709385
0.708581 0.704257
0.727841 0.710036
0.727083 0.704889
0.727424 0.704206
0.728136 0.709239
0.727015 0.711030
0.726124 0.705628
0.725786 0.712071
0.724689 0.706311
0.717533 0.698675
0.717948 0.698219
0.716433 0.699057
0.714815 0.699307
0.712926 0.699389
0.711053 0.699288
0.709482 0.699020
0.708451 0.698627
0.708118 0.698167
0.721150 0.699441
0.723007 0.699543
0.719577 0.699155
0.721075 0.692528
0.722210 0.691875
0.722551 0.692883
0.721776 0.693330
0.723508 0.691706
0.723437 0.692768
0.724773 0.692046
0.724301 0.693000
0.725810 0.692844
0.725010 0.693545
0.726464 0.693979
0.725456 0.694320
0.726633 0.695277
0.725572 0.695207
0.726293 0.696542
0.725339 0.696070
0.725495 0.697580
0.724794 0.696779
0.724360 0.698233
0.724019 0.697225
0.723062 0.698402
0.723132 0.697341
0.721797 0.698062
0.722269 0.697108
0.720760 0.697264
0.721560 0.696563
0.720106 0.696129
0.721114 0.695788
0.719937 0.694831
0.720998 0.694902
0.720277 0.693566
0.721231 0.694038
0.723285 0.695054
0.315479 0.103974
0.318716 0.161265
0.311206 0.155720
0.309806 0.161217
0.870574 0.990111
0.866288 0.992975
0.861232 0.993981
0.856175 0.992975
0.851888 0.990111
0.849024 0.985824
0.848018 0.696520
0.861232 0.696520
0.851888 0.705863
0.856175 0.708727
0.861232 0.709733
0.866288 0.708727
0.870574 0.705863
0.873438 0.701576
0.874445 0.696520
0.873438 0.691464
0.870574 0.687177
0.866288 0.684313
0.861232 0.683307
0.856175 0.684313
0.851888 0.687177
0.849024 0.691464
0.718530 0.698729
0.718167 0.698226
0.727506 0.698737
0.727882 0.698235
0.784890 0.839158
0.784890 0.888504
0.784890 0.888504
0.784890 0.904386
0.784890 0.904386
0.784890 0.905863
0.784890 0.905863
0.784890 0.937115
0.784890 0.937115
0.784890 0.947001
0.784890 0.947001
0.784891 0.964154
0.726447 0.699162
0.724867 0.699445
0.721549 0.698463
0.723011 0.698543
0.720312 0.698238
0.719488 0.697902
0.719203 0.697507
0.716573 0.697838
0.784890 0.839158
0.784890 0.814193
0.784890 0.814193
0.784890 0.739369
0.784890 0.739369
0.784890 0.711716
0.726847 0.697514
0.716900 0.697479
0.726551 0.697909
0.725718 0.698243
0.724475 0.698466
0.715708 0.698138
0.714435 0.698336
0.712949 0.698399
0.711475 0.698320
0.710239 0.698110
0.709428 0.697800
0.709165 0.697439
0.678176 0.719559
0.678178 0.721591
0.670376 0.721584
0.670374 0.719552
0.678182 0.723074
0.670381 0.723066
0.678189 0.723781
0.670387 0.723773
0.678197 0.724148
0.670395 0.724141
0.630441 0.724489
0.630392 0.724059
0.638286 0.724101
0.638335 0.724530
0.630351 0.723282
0.638244 0.723324
0.630323 0.721733
0.638216 0.721775
0.630313 0.719649
0.638207 0.719690
0.630323 0.717345
0.638216 0.717386
0.630351 0.715173
0.638244 0.715215
0.630392 0.713464
0.638286 0.713505
0.630441 0.712477
0.638335 0.712519
0.678197 0.712357
0.678189 0.713389
0.670387 0.713381
0.670395 0.712349
0.678182 0.715120
0.670381 0.715113
0.678178 0.717287
0.670376 0.717279
0.664516 0.718771
0.665376 0.717358
0.663794 0.719725
0.663317 0.720074
0.663156 0.720499
0.645439 0.720372
0.645661 0.720859
0.644907 0.719957
0.644144 0.718943
0.643262 0.717483
0.642394 0.715800
0.641670 0.714151
0.641206 0.712788
0.641077 0.711920
0.667501 0.712661
0.667686 0.711746
0.666994 0.714050
0.666246 0.715699
0.659298 0.713674
0.657708 0.707128
0.659399 0.706838
0.660741 0.712999
0.658078 0.713992
0.656276 0.707137
0.657267 0.713906
0.655323 0.706864
0.656989 0.714161
0.654994 0.706349
0.651558 0.714120
0.653529 0.706957
0.653919 0.706499
0.651900 0.714437
0.650686 0.714144
0.652516 0.707174
0.649417 0.713772
0.651036 0.707118
0.647946 0.713061
0.649313 0.706798
0.646494 0.712119
0.647613 0.706264
0.645285 0.711090
0.646193 0.705595
0.644501 0.710130
0.645271 0.704890
0.644262 0.709385
0.644982 0.704257
0.664242 0.710036
0.663484 0.704889
0.663826 0.704206
0.664538 0.709239
0.663417 0.711030
0.662525 0.705628
0.662187 0.712071
0.661091 0.706311
0.657551 0.699441
0.659409 0.699543
0.655979 0.699155
0.654932 0.698729
0.654569 0.698226
0.653934 0.698675
0.654349 0.698219
0.652834 0.699057
0.651216 0.699307
0.649327 0.699389
0.647454 0.699288
0.645883 0.699020
0.644852 0.698627
0.644519 0.698167
0.663907 0.698737
0.664284 0.698235
0.662849 0.699162
0.661269 0.699445
0.657951 0.698463
0.659412 0.698543
0.656714 0.698238
0.655890 0.697902
0.655604 0.697507
0.652975 0.697838
0.653302 0.697479
0.652109 0.698138
0.650836 0.698336
0.649350 0.698399
0.647876 0.698320
0.646640 0.698110
0.645829 0.697800
0.645567 0.697439
0.662952 0.697909
0.663248 0.697514
0.662119 0.698243
0.660876 0.698466
0.657476 0.692528
0.658611 0.691875
0.658952 0.692883
0.658177 0.693330
0.659910 0.691706
0.659839 0.692768
0.661174 0.692046
0.660702 0.693000
0.662212 0.692844
0.661411 0.693545
0.662865 0.693979
0.661857 0.694320
0.663035 0.695277
0.661973 0.695207
0.662694 0.696542
0.661741 0.696070
0.661896 0.697580
0.661195 0.696779
0.660762 0.698233
0.660421 0.697225
0.659463 0.698402
0.659534 0.697341
0.658199 0.698062
0.658671 0.697108
0.657161 0.697264
0.657962 0.696563
0.656507 0.696129
0.657515 0.695788
0.656338 0.694831
0.657400 0.694902
0.656678 0.693566
0.657632 0.694038
0.659686 0.695054
0.133631 0.046582
0.157534 0.047846
0.168288 0.089722
0.130305 0.087428
0.167426 0.096945
0.144729 0.151630
0.124318 0.147346
0.129496 0.095526
0.061867 0.046584
0.065190 0.087436
0.027229 0.089766
0.037977 0.047870
0.028091 0.096989
0.065999 0.095534
0.071174 0.147362
0.050775 0.151665
0.167530 0.047792
0.181304 0.089823
0.180442 0.097046
0.152447 0.152637
0.014200 0.089835
0.027966 0.047782
0.043041 0.152636
0.015061 0.097059
0.141665 0.156519
0.121834 0.156907
0.073635 0.156878
0.053816 0.156509
0.148612 0.155218
0.046873 0.155214
0.149473 0.039604
0.157978 0.040607
0.046013 0.039576
0.163603 0.043030
0.031890 0.043015
0.037512 0.040587
0.098947 0.087683
0.099738 0.061128
0.100783 0.147575
0.098947 0.095778
0.095719 0.061058
0.096510 0.087618
0.096510 0.095715
0.094674 0.147524
0.102184 0.153069
0.093274 0.153021
0.132687 0.045758
0.130214 0.038965
0.144819 0.037496
0.102105 0.053043
0.784521 0.532336
0.794058 0.532336
0.794058 0.581682
0.784521 0.581682
0.803595 0.532336
0.803595 0.581682
0.813133 0.532336
0.813133 0.581682
0.822670 0.532336
0.822670 0.581682
0.832207 0.532336
0.832207 0.581682
0.841745 0.532336
0.841745 0.581682
0.851282 0.532336
0.851282 0.581682
0.860819 0.532336
0.860819 0.581682
0.870356 0.532336
0.870356 0.581682
0.879894 0.532336
0.879894 0.581682
0.889431 0.532336
0.889431 0.581682
0.898968 0.532336
0.898968 0.581682
0.746372 0.532336
0.755909 0.532336
0.755909 0.581682
0.746372 0.581682
0.765446 0.532336
0.765446 0.581682
0.774984 0.532336
0.774984 0.581682
0.794058 0.597564
0.784521 0.597564
0.803595 0.597564
0.813133 0.597564
0.822670 0.597564
0.832207 0.597564
0.841745 0.597564
0.851282 0.597564
0.860819 0.597564
0.870356 0.597564
0.879894 0.597564
0.889431 0.597564
0.898968 0.597564
0.746372 0.581682
0.755909 0.597564
0.746372 0.597564
0.765446 0.597564
0.774984 0.597564
0.794058 0.599041
0.784521 0.599041
0.803595 0.599041
0.813133 0.599041
0.822670 0.599041
0.832207 0.599041
0.841745 0.599041
0.851282 0.599041
0.860819 0.599041
0.870356 0.599041
0.879894 0.599041
0.889431 0.599041
0.898968 0.599041
0.746372 0.597564
0.755909 0.599041
0.746372 0.599041
0.765446 0.599041
0.774984 0.599041
0.794058 0.630293
0.784521 0.630293
0.803595 0.630293
0.813133 0.630293
0.822670 0.630293
0.832207 0.630293
0.841745 0.630293
0.851282 0.630293
0.860819 0.630293
0.870356 0.630293
0.879894 0.630293
0.889431 0.630293
0.898968 0.630293
0.746372 0.599041
0.755909 0.630293
0.746372 0.630293
0.765446 0.630293
0.774984 0.630293
0.794058 0.640179
0.784521 0.640179
0.803595 0.640179
0.813133 0.640179
0.822670 0.640179
0.832207 0.640179
0.841745 0.640179
0.851282 0.640179
0.860819 0.640179
0.870357 0.640179
0.879894 0.640179
0.889431 0.640179
0.898968 0.640179
0.746372 0.630293
0.755909 0.640179
0.746372 0.640179
0.765446 0.640179
0.774984 0.640179
0.794058 0.657332
0.784521 0.657332
0.803595 0.657332
0.813133 0.657332
0.822670 0.657332
0.832207 0.657332
0.841745 0.657332
0.851282 0.657332
0.860819 0.657332
0.870357 0.657332
0.879894 0.657332
0.889431 0.657332
0.898969 0.657332
0.746372 0.640179
0.755909 0.657332
0.746372 0.657332
0.765446 0.657332
0.774984 0.657332
0.809500 0.673946
0.810505 0.668890
0.822713 0.673946
0.813370 0.664603
0.817656 0.661739
0.822713 0.660733
0.827769 0.661739
0.832056 0.664603
0.834920 0.668890
0.835926 0.673946
0.834920 0.679002
0.832056 0.683289
0.827769 0.686153
0.822713 0.687159
0.817656 0.686153
0.813370 0.683289
0.810505 0.679002
0.784521 0.507371
0.794058 0.507371
0.803595 0.507371
0.813133 0.507371
0.822670 0.507371
0.832207 0.507371
0.841745 0.507371
0.851282 0.507371
0.860819 0.507371
0.870356 0.507371
0.879894 0.507371
0.889431 0.507371
0.898968 0.507371
0.746372 0.532336
0.746372 0.507371
0.755909 0.507371
0.765446 0.507371
0.774984 0.507371
0.784521 0.432546
0.794058 0.432546
0.803595 0.432546
0.813133 0.432546
0.822670 0.432546
0.832207 0.432546
0.841745 0.432546
0.851282 0.432546
0.860819 0.432546
0.870356 0.432546
0.879894 0.432546
0.889431 0.432546
0.898968 0.432546
0.746372 0.507371
0.746372 0.432546
0.755909 0.432546
0.765446 0.432546
0.774984 0.432546
0.784521 0.404893
0.794058 0.404893
0.803595 0.404893
0.813133 0.404893
0.822670 0.404893
0.832207 0.404893
0.841744 0.404893
0.851282 0.404893
0.860819 0.404893
0.870356 0.404893
0.879894 0.404893
0.889431 0.404893
0.898968 0.404893
0.746372 0.432546
0.746372 0.404893
0.755909 0.404893
0.765446 0.404893
0.774984 0.404893
0.810505 0.394754
0.809500 0.389698
0.822713 0.389698
0.813370 0.399041
0.817656 0.401905
0.822713 0.402911
0.827769 0.401905
0.832056 0.399041
0.834920 0.394754
0.835926 0.389698
0.834920 0.384641
0.832056 0.380355
0.827769 0.377491
0.822713 0.376485
0.817656 0.377491
0.813370 0.380355
0.810505 0.384641
0.725263 0.679276
0.725265 0.681308
0.717463 0.681301
0.717461 0.679269
0.725269 0.682791
0.717467 0.682783
0.725276 0.683498
0.717474 0.683490
0.725284 0.683865
0.717482 0.683858
0.677528 0.684206
0.677479 0.683776
0.685373 0.683818
0.685422 0.684247
0.677437 0.682999
0.685331 0.683041
0.677410 0.681451
0.685303 0.681492
0.677400 0.679366
0.685293 0.679407
0.677410 0.677062
0.685303 0.677104
0.677437 0.674890
0.685331 0.674932
0.677479 0.673181
0.685373 0.673222
0.677528 0.672194
0.685422 0.672236
0.725284 0.672074
0.725276 0.673106
0.717474 0.673098
0.717482 0.672066
0.725269 0.674837
0.717467 0.674830
0.725265 0.677004
0.717463 0.676996
0.711603 0.678488
0.712463 0.677075
0.710881 0.679442
0.710404 0.679791
0.710242 0.680216
0.692526 0.680089
0.692747 0.680576
0.691994 0.679674
0.691231 0.678660
0.690349 0.677200
0.689480 0.675517
0.688757 0.673868
0.688293 0.672505
0.688164 0.671638
0.714588 0.672378
0.714773 0.671463
0.714081 0.673767
0.713333 0.675417
0.706385 0.673391
0.704794 0.666845
0.706485 0.666555
0.707828 0.672716
0.705165 0.673709
0.703363 0.666854
0.704354 0.673623
0.702410 0.666582
0.704075 0.673878
0.702081 0.666067
0.698644 0.673837
0.700616 0.666674
0.701005 0.666216
0.698987 0.674154
0.697773 0.673861
0.699603 0.666891
0.696504 0.673489
0.698123 0.666835
0.695032 0.672778
0.696400 0.666515
0.693581 0.671836
0.694699 0.665981
0.692371 0.670807
0.693280 0.665312
0.691588 0.669847
0.692358 0.664608
0.691349 0.669102
0.692069 0.663974
0.711329 0.669753
0.710571 0.664606
0.710913 0.663923
0.711625 0.668956
0.710504 0.670747
0.709612 0.665345
0.709274 0.671788
0.708177 0.666028
0.704638 0.659158
0.706495 0.659260
0.703066 0.658872
0.702018 0.658446
0.701655 0.657943
0.701021 0.658392
0.701436 0.657936
0.699921 0.658774
0.698303 0.659024
0.696414 0.659106
0.694541 0.659005
0.692970 0.658737
0.691939 0.658344
0.691606 0.657884
0.710994 0.658454
0.711371 0.657952
0.709936 0.658879
0.708356 0.659162
0.705037 0.658180
0.706499 0.658260
0.703801 0.657955
0.702976 0.657619
0.702691 0.657224
0.700062 0.657555
0.700388 0.657197
0.699196 0.657856
0.697923 0.658053
0.696437 0.658117
0.694963 0.658037
0.693727 0.657827
0.692916 0.657517
0.692654 0.657156
0.710039 0.657626
0.710335 0.657231
0.709206 0.657960
0.707963 0.658183
0.704563 0.652246
0.705698 0.651592
0.706039 0.652600
0.705264 0.653046
0.706996 0.651423
0.706926 0.652485
0.708261 0.651763
0.707789 0.652717
0.709299 0.652561
0.708498 0.653262
0.709952 0.653696
0.708944 0.654037
0.710122 0.654994
0.709060 0.654923
0.709781 0.656259
0.708827 0.655787
0.708983 0.657297
0.708282 0.656496
0.707848 0.657950
0.707508 0.656942
0.706550 0.658119
0.706621 0.657058
0.705286 0.657779
0.705757 0.656825
0.704248 0.656981
0.705049 0.656280
0.703594 0.655846
0.704602 0.655505
0.703425 0.654548
0.704487 0.654619
0.703765 0.653283
0.704719 0.653755
0.706773 0.654771
0.671695 0.679276
0.671696 0.681308
0.663894 0.681301
0.663893 0.679269
0.671701 0.682791
0.663899 0.682783
0.671708 0.683498
0.663906 0.683490
0.671716 0.683865
0.663914 0.683858
0.623960 0.684206
0.623911 0.683776
0.631805 0.683818
0.631854 0.684247
0.623869 0.682999
0.631763 0.683041
0.623841 0.681451
0.631735 0.681492
0.623831 0.679366
0.631725 0.679407
0.623841 0.677062
0.631735 0.677104
0.623869 0.674890
0.631763 0.674932
0.623911 0.673181
0.631805 0.673222
0.623960 0.672194
0.631854 0.672236
0.671716 0.672074
0.671708 0.673106
0.663906 0.673098
0.663914 0.672066
0.671701 0.674837
0.663899 0.674830
0.671696 0.677004
0.663894 0.676996
0.658035 0.678488
0.658895 0.677075
0.657313 0.679442
0.656836 0.679791
0.656674 0.680216
0.638957 0.680089
0.639179 0.680576
0.638426 0.679674
0.637662 0.678660
0.636780 0.677200
0.635912 0.675517
0.635189 0.673868
0.634724 0.672505
0.634595 0.671638
0.661019 0.672378
0.661204 0.671463
0.660512 0.673767
0.659765 0.675417
0.652817 0.673391
0.651226 0.666845
0.652917 0.666555
0.654260 0.672716
0.651597 0.673709
0.649795 0.666854
0.650786 0.673623
0.648842 0.666582
0.650507 0.673878
0.648512 0.666067
0.645076 0.673837
0.647047 0.666674
0.647437 0.666216
0.645419 0.674154
0.644204 0.673861
0.646035 0.666891
0.642936 0.673489
0.644555 0.666835
0.641464 0.672778
0.642832 0.666515
0.640013 0.671836
0.641131 0.665981
0.638803 0.670807
0.639712 0.665312
0.638019 0.669847
0.638789 0.664608
0.637780 0.669102
0.638501 0.663974
0.657761 0.669753
0.657003 0.664606
0.657344 0.663923
0.658056 0.668956
0.656935 0.670747
0.656043 0.665345
0.655706 0.671788
0.654609 0.666028
0.651069 0.659158
0.652927 0.659260
0.649497 0.658872
0.648450 0.658446
0.648087 0.657943
0.647452 0.658392
0.647867 0.657936
0.646353 0.658774
0.644735 0.659024
0.642846 0.659106
0.640973 0.659005
0.639402 0.658737
0.638371 0.658344
0.638038 0.657884
0.657426 0.658454
0.657802 0.657952
0.656367 0.658879
0.654787 0.659162
0.651469 0.658180
0.652931 0.658260
0.650232 0.657955
0.649408 0.657619
0.649122 0.657224
0.646493 0.657555
0.646820 0.657197
0.645628 0.657856
0.644355 0.658053
0.642869 0.658117
0.641395 0.658037
0.640159 0.657827
0.639348 0.657517
0.639085 0.657156
0.656471 0.657626
0.656767 0.657231
0.655638 0.657960
0.654395 0.658183
0.650995 0.652246
0.652130 0.651592
0.652470 0.652600
0.651696 0.653046
0.653428 0.651423
0.653357 0.652485
0.654692 0.651763
0.654221 0.652717
0.655730 0.652561
0.654929 0.653262
0.656384 0.653696
0.655376 0.654037
0.656553 0.654994
0.655491 0.654923
0.656213 0.656259
0.655259 0.655787
0.655415 0.657297
0.654714 0.656496
0.654280 0.657950
0.653939 0.656942
0.652982 0.658119
0.653052 0.657058
0.651717 0.657779
0.652189 0.656825
0.650679 0.656981
0.651480 0.656280
0.650026 0.655846
0.651034 0.655505
0.649857 0.654548
0.650918 0.654619
0.650197 0.653283
0.651151 0.653755
0.653205 0.654771
0.854972 0.222323
0.853799 0.228217
0.847419 0.225574
0.848066 0.222323
0.850460 0.233214
0.845577 0.228331
0.845463 0.236553
0.842820 0.230173
0.839568 0.237726
0.839568 0.230820
0.833674 0.236553
0.836317 0.230173
0.828677 0.233214
0.833560 0.228331
0.825338 0.228217
0.831718 0.225574
0.824165 0.222323
0.831071 0.222323
0.825338 0.216428
0.831718 0.219071
0.828677 0.211431
0.833560 0.216314
0.833674 0.208092
0.836317 0.214472
0.839568 0.206920
0.839568 0.213825
0.845463 0.208092
0.842820 0.214472
0.850460 0.211431
0.845577 0.216314
0.853799 0.216428
0.847419 0.219071
0.846156 0.225051
0.846699 0.222323
0.844611 0.227365
0.842297 0.228911
0.839568 0.229453
0.836840 0.228911
0.834526 0.227365
0.832981 0.225051
0.832438 0.222323
0.832981 0.219594
0.834526 0.217280
0.836840 0.215735
0.839568 0.215192
0.842297 0.215735
0.844611 0.217280
0.846156 0.219594
0.843608 0.223996
0.843941 0.222323
0.842661 0.225415
0.841242 0.226363
0.839568 0.226696
0.837895 0.226363
0.836476 0.225415
0.835528 0.223996
0.835196 0.222323
0.835528 0.220649
0.836476 0.219231
0.837895 0.218283
0.839568 0.217950
0.841242 0.218283
0.842661 0.219231
0.843608 0.220649
0.842760 0.223645
0.843023 0.222323
0.842011 0.224765
0.840891 0.225514
0.839568 0.225777
0.838246 0.225514
0.837126 0.224765
0.836377 0.223645
0.836114 0.222323
0.836377 0.221001
0.837126 0.219880
0.838246 0.219131
0.839568 0.218868
0.840891 0.219131
0.842011 0.219880
0.842760 0.221001
0.839568 0.222323
0.825338 0.175309
0.824165 0.169414
0.831071 0.169414
0.831718 0.172666
0.828677 0.180306
0.833560 0.175423
0.833674 0.183645
0.836317 0.177265
0.839568 0.184817
0.839568 0.177911
0.845463 0.183645
0.842820 0.177265
0.850460 0.180306
0.845577 0.175423
0.853799 0.175309
0.847419 0.172666
0.854972 0.169414
0.848066 0.169414
0.853799 0.163520
0.847419 0.166162
0.850460 0.158523
0.845577 0.163406
0.845463 0.155183
0.842820 0.161564
0.839569 0.154011
0.839569 0.160917
0.833674 0.155183
0.836317 0.161564
0.828677 0.158523
0.833560 0.163406
0.825338 0.163520
0.831718 0.166162
0.839569 0.169414
0.801323 0.189537
0.810895 0.189537
0.810895 0.196139
0.801323 0.196139
0.820466 0.189537
0.820466 0.196139
0.830038 0.189537
0.830038 0.196139
0.839610 0.189537
0.839610 0.196139
0.849182 0.189537
0.849182 0.196139
0.858754 0.189537
0.858754 0.196139
0.868325 0.189537
0.868325 0.196139
0.877897 0.189537
0.877897 0.196139
0.887469 0.189537
0.887469 0.196139
0.897040 0.189537
0.897040 0.196139
0.906612 0.189537
0.906612 0.196139
0.916184 0.189537
0.916184 0.196139
0.772608 0.189537
0.772608 0.196139
0.782180 0.189537
0.782180 0.196139
0.791751 0.189537
0.791751 0.196139
0.801323 0.186206
0.810895 0.186206
0.820466 0.186206
0.830038 0.186206
0.839610 0.186206
0.849182 0.186206
0.858754 0.186206
0.868325 0.186206
0.877897 0.186206
0.887469 0.186206
0.897040 0.186206
0.906612 0.186206
0.916184 0.186206
0.772608 0.186206
0.782180 0.186206
0.791751 0.186206
0.801323 0.202742
0.810895 0.202742
0.810895 0.206073
0.801323 0.206073
0.820466 0.202742
0.820466 0.206073
0.830038 0.202742
0.830038 0.206073
0.839610 0.202742
0.839610 0.206073
0.849182 0.202742
0.849182 0.206073
0.858754 0.202742
0.858754 0.206073
0.868325 0.202742
0.868325 0.206073
0.877897 0.202742
0.877897 0.206073
0.887469 0.202742
0.887469 0.206073
0.897040 0.202742
0.897040 0.206073
0.906612 0.202742
0.906612 0.206073
0.916184 0.202742
0.916184 0.206073
0.772608 0.202742
0.772608 0.206073
0.782180 0.202742
0.782180 0.206073
0.791751 0.202742
0.791751 0.206073
0.763036 0.189537
0.763036 0.196139
0.763036 0.189537
0.763036 0.186206
0.763036 0.202742
0.763036 0.206073
0.763036 0.202742
0.763036 0.196139
0.836824 0.248431
0.846396 0.248431
0.846396 0.255033
0.836824 0.255033
0.855967 0.248431
0.855967 0.255033
0.865539 0.248431
0.865539 0.255033
0.875111 0.248431
0.875111 0.255033
0.884683 0.248431
0.884683 0.255033
0.894254 0.248431
0.894254 0.255033
0.903826 0.248431
0.903826 0.255033
0.913398 0.248431
0.913398 0.255033
0.922969 0.248431
0.922969 0.255033
0.932541 0.248431
0.932541 0.255033
0.942113 0.248431
0.942113 0.255033
0.951685 0.248431
0.951685 0.255033
0.798537 0.248431
0.808109 0.248431
0.808109 0.255033
0.798537 0.255033
0.817681 0.248431
0.817681 0.255033
0.827252 0.248431
0.827252 0.255033
0.836824 0.245100
0.846396 0.245100
0.855967 0.245100
0.865539 0.245100
0.875111 0.245100
0.884683 0.245100
0.894254 0.245100
0.903826 0.245100
0.913398 0.245100
0.922969 0.245100
0.932541 0.245100
0.942113 0.245100
0.951685 0.245100
0.798537 0.248431
0.798537 0.245100
0.808109 0.245100
0.817681 0.245100
0.827252 0.245100
0.836824 0.261636
0.846396 0.261636
0.846396 0.264967
0.836824 0.264967
0.855967 0.261636
0.855967 0.264967
0.865539 0.261636
0.865539 0.264967
0.875111 0.261636
0.875111 0.264967
0.884683 0.261636
0.884683 0.264967
0.894254 0.261636
0.894254 0.264967
0.903826 0.261636
0.903826 0.264967
0.913398 0.261636
0.913398 0.264967
0.922969 0.261636
0.922969 0.264967
0.932541 0.261636
0.932541 0.264967
0.942113 0.261636
0.942113 0.264967
0.951685 0.261636
0.951685 0.264967
0.798537 0.261636
0.808109 0.261636
0.808109 0.264967
0.798537 0.264967
0.817681 0.261636
0.817681 0.264967
0.827252 0.261636
0.827252 0.264967
0.798537 0.261636
0.798537 0.255033
0.860839 0.234203
0.859666 0.228308
0.866572 0.228308
0.867219 0.231560
0.864178 0.239200
0.869061 0.234317
0.869175 0.242539
0.871818 0.236159
0.875069 0.243711
0.875069 0.236805
0.880964 0.242539
0.878321 0.236159
0.885961 0.239200
0.881078 0.234317
0.889300 0.234203
0.882920 0.231560
0.890472 0.228308
0.883567 0.228308
0.889300 0.222414
0.882920 0.225056
0.885961 0.217417
0.881078 0.222300
0.880964 0.214078
0.878321 0.220458
0.875069 0.212905
0.875069 0.219811
0.869175 0.214078
0.871818 0.220458
0.864178 0.217417
0.869061 0.222300
0.860839 0.222414
0.867219 0.225056
0.890472 0.281217
0.889300 0.287111
0.882920 0.284469
0.883567 0.281217
0.885961 0.292108
0.881078 0.287225
0.880964 0.295447
0.878321 0.289067
0.875069 0.296620
0.875069 0.289714
0.869175 0.295447
0.871818 0.289067
0.864178 0.292108
0.869061 0.287225
0.860839 0.287111
0.867219 0.284469
0.859666 0.281217
0.866572 0.281217
0.860839 0.275322
0.867219 0.277965
0.864178 0.270325
0.869061 0.275208
0.869175 0.266986
0.871818 0.273366
0.875069 0.265814
0.875069 0.272719
0.880964 0.266986
0.878321 0.273366
0.885961 0.270325
0.881078 0.275208
0.889300 0.275322
0.882920 0.277965
0.875069 0.228308
0.881658 0.283945
0.882200 0.281217
0.880112 0.286259
0.877798 0.287805
0.875069 0.288347
0.872341 0.287805
0.870027 0.286259
0.868482 0.283945
0.867939 0.281217
0.868482 0.278488
0.870027 0.276175
0.872341 0.274629
0.875069 0.274086
0.877798 0.274629
0.880112 0.276175
0.881658 0.278488
0.879109 0.282890
0.879442 0.281217
0.878161 0.284309
0.876743 0.285257
0.875069 0.285590
0.873396 0.285257
0.871977 0.284309
0.871029 0.282890
0.870697 0.281217
0.871029 0.279543
0.871977 0.278125
0.873396 0.277177
0.875069 0.276844
0.876743 0.277177
0.878161 0.278125
0.879109 0.279543
0.878261 0.282539
0.878524 0.281217
0.877512 0.283660
0.876391 0.284408
0.875069 0.284671
0.873747 0.284408
0.872627 0.283660
0.871878 0.282539
0.871615 0.281217
0.871878 0.279895
0.872627 0.278774
0.873747 0.278025
0.875069 0.277762
0.876391 0.278025
0.877512 0.278774
0.878261 0.279895
0.875069 0.281217
0.603407 0.220125
0.603407 0.223309
0.603407 0.220125
0.603407 0.213566
0.603407 0.207007
0.603407 0.203823
0.603407 0.213566
0.603407 0.207007
</float_array>
          <technique_common>
            <accessor source="#Cylinder001-UV0-array" count="2696" stride="2">
              <param name="S" type="float"/>
              <param name="T" type="float"/>
            </accessor>
          </technique_common>
        </source>
        <vertices id="Cylinder001-VERTEX">
          <input semantic="POSITION" source="#Cylinder001-POSITION"/>
        </vertices>
        <triangles count="3988" material="m-28"><input semantic="VERTEX" offset="0" source="#Cylinder001-VERTEX"/><input semantic="NORMAL" offset="1" source="#Cylinder001-Normal0"/><input semantic="TEXCOORD" offset="2" set="0" source="#Cylinder001-UV0"/><p> 16 0 3 0 1 0 17 2 2 0 3 0 1 4 1 17 5 2 17 6 2 1 7 1 18 8 5 1 9 1 2 10 4 18 11 5 18 12 5 2 13 4 19 14 7 19 15 7 2 16 4 3 17 6 19 18 7 3 19 6 20 20 9 20 21 9 3 22 6 4 23 8 20 24 9 5 25 10 21 26 11 5 27 10 20 28 9 4 29 8 21 30 11 6 31 12 22 32 13 6 33 12 21 34 11 5 35 10 22 36 13 7 37 14 23 38 15 7 39 14 22 40 13 6 41 12 23 42 15 8 43 16 24 44 17 8 45 16 23 46 15 7 47 14 24 48 17 9 49 18 25 50 19 9 51 18 24 52 17 8 53 16 25 54 19 10 55 20 26 56 21 10 57 20 25 58 19 9 59 18 26 60 21 10 61 20 27 62 23 27 63 23 10 64 20 11 65 22 27 66 23 11 67 22 28 68 25 28 69 25 11 70 22 12 71 24 28 72 1046 13 73 26 29 74 27 13 75 26 28 76 1046 12 77 1045 29 78 27 14 79 28 30 80 29 14 81 28 29 82 27 13 83 26 30 84 29 14 85 28 31 86 31 14 87 28 15 88 30 31 89 31 31 90 31 15 91 30 16 92 3 15 93 30 0 94 0 16 95 3 0 96 0 203 97 32 1 98 1 1 99 1 203 100 32 204 101 33 1 102 1 204 103 33 2 104 4 2 105 4 204 106 33 205 107 34 2 108 4 205 109 34 3 110 6 3 111 6 205 112 34 206 113 35 3 114 6 206 115 35 4 116 8 4 117 8 206 118 35 207 119 36 208 120 37 5 121 10 4 122 8 4 123 8 207 124 36 208 125 37 209 126 38 6 127 12 5 128 10 5 129 10 208 130 37 209 131 38 194 132 39 7 133 14 6 134 12 6 135 12 209 136 38 194 137 39 195 138 40 8 139 16 7 140 14 7 141 14 194 142 39 195 143 40 196 144 41 9 145 18 8 146 16 8 147 16 195 148 40 196 149 41 197 150 42 10 151 20 9 152 18 9 153 18 196 154 41 197 155 42 11 156 22 197 157 42 198 158 43 197 159 42 11 160 22 10 161 20 12 162 24 198 163 43 199 164 44 198 165 43 12 166 24 11 167 22 12 168 1047 200 169 45 13 170 26 200 171 45 12 172 1047 199 173 1048 13 174 26 201 175 46 14 176 28 201 177 46 13 178 26 200 179 45 14 180 28 201 181 46 15 182 30 15 183 30 201 184 46 202 185 47 15 186 30 202 187 47 0 188 0 0 189 0 202 190 47 203 191 32 32 192 49 48 193 50 33 194 48 33 195 48 48 196 50 49 197 51 33 198 48 49 199 51 34 200 52 34 201 52 49 202 51 50 203 53 34 204 52 50 205 53 35 206 54 35 207 54 50 208 53 51 209 55 51 210 55 36 211 56 35 212 54 36 213 56 51 214 55 52 215 57 36 216 56 53 217 59 37 218 58 53 219 59 36 220 56 52 221 57 37 222 58 54 223 61 38 224 60 54 225 61 37 226 58 53 227 59 38 228 60 55 229 63 39 230 62 55 231 63 38 232 60 54 233 61 39 234 62 56 235 65 40 236 64 56 237 65 39 238 62 55 239 63 40 240 64 57 241 67 41 242 66 57 243 67 40 244 64 56 245 65 41 246 66 58 247 69 42 248 68 58 249 69 41 250 66 57 251 67 42 252 68 58 253 69 43 254 70 43 255 70 58 256 69 59 257 71 59 258 71 44 259 72 43 260 70 44 261 72 59 262 71 60 263 73 44 264 1049 61 265 75 45 266 74 61 267 75 44 268 1049 60 269 1050 45 270 74 62 271 77 46 272 76 62 273 77 45 274 74 61 275 75 46 276 76 62 277 77 47 278 78 47 279 78 62 280 77 63 281 79 47 282 78 63 283 79 32 284 49 32 285 49 63 286 79 48 287 50 65 288 80 64 289 81 16 290 3 65 291 80 16 292 3 17 293 2 65 294 80 17 295 2 66 296 82 66 297 82 17 298 2 18 299 5 66 300 82 19 301 7 67 302 83 19 303 7 66 304 82 18 305 5 68 306 84 67 307 83 19 308 7 68 309 84 19 310 7 20 311 9 69 312 85 68 313 84 20 314 9 69 315 85 20 316 9 21 317 11 70 318 86 69 319 85 21 320 11 70 321 86 21 322 11 22 323 13 70 324 86 23 325 15 71 326 87 23 327 15 70 328 86 22 329 13 71 330 87 24 331 17 72 332 88 24 333 17 71 334 87 23 335 15 72 336 88 25 337 19 73 338 89 25 339 19 72 340 88 24 341 17 73 342 89 26 343 21 74 344 90 26 345 21 73 346 89 25 347 19 75 348 91 74 349 90 26 350 21 75 351 91 26 352 21 27 353 23 75 354 91 28 355 25 76 356 92 28 357 25 75 358 91 27 359 23 76 360 1052 29 361 27 77 362 93 29 363 27 76 364 1052 28 365 1051 77 366 93 30 367 29 78 368 94 30 369 29 77 370 93 29 371 27 79 372 95 78 373 94 30 374 29 79 375 95 30 376 29 31 377 31 64 378 81 79 379 95 31 380 31 64 381 81 31 382 31 16 383 3 152 384 96 153 385 97 64 386 81 64 387 81 65 388 80 152 389 96 151 390 98 152 391 96 65 392 80 65 393 80 66 394 82 151 395 98 151 396 98 67 397 83 150 398 99 67 399 83 151 400 98 66 401 82 150 402 99 68 403 84 149 404 100 68 405 84 150 406 99 67 407 83 148 408 101 68 409 84 69 410 85 68 411 84 148 412 101 149 413 100 147 414 102 69 415 85 70 416 86 69 417 85 147 418 102 148 419 101 147 420 102 71 421 87 146 422 103 71 423 87 147 424 102 70 425 86 146 426 103 72 427 88 145 428 104 72 429 88 146 430 103 71 431 87 145 432 104 73 433 89 160 434 105 73 435 89 145 436 104 72 437 88 160 438 105 74 439 90 159 440 106 74 441 90 160 442 105 73 443 89 159 444 106 75 445 91 158 446 107 75 447 91 159 448 106 74 449 90 158 450 107 76 451 92 157 452 108 76 453 92 158 454 107 75 455 91 156 456 109 157 457 1054 76 458 1053 156 459 109 76 460 1053 77 461 93 155 462 110 156 463 109 77 464 93 155 465 110 77 466 93 78 467 94 154 468 111 155 469 110 78 470 94 154 471 111 78 472 94 79 473 95 153 474 97 154 475 111 79 476 95 79 477 95 64 478 81 153 479 97 96 480 115 80 481 112 97 482 114 80 483 112 81 484 113 97 485 114 82 486 116 98 487 117 81 488 113 97 489 114 81 490 113 98 491 117 98 492 117 82 493 116 99 494 119 82 495 116 83 496 118 99 497 119 84 498 120 100 499 121 83 500 118 83 501 118 100 502 121 99 503 119 85 504 122 100 505 121 84 506 120 100 507 121 85 508 122 101 509 123 86 510 124 101 511 123 85 512 122 101 513 123 86 514 124 102 515 125 102 516 125 87 517 126 103 518 127 87 519 126 102 520 125 86 521 124 103 522 127 88 523 128 104 524 129 88 525 128 103 526 127 87 527 126 104 528 129 89 529 130 105 530 131 89 531 130 104 532 129 88 533 128 105 534 131 90 535 132 106 536 133 90 537 132 105 538 131 89 539 130 106 540 133 91 541 134 107 542 135 91 543 134 106 544 133 90 545 132 107 546 135 92 547 153 108 548 154 92 549 153 107 550 135 91 551 134 109 552 156 108 553 1056 92 554 1055 92 555 1055 93 556 155 109 557 156 109 558 156 93 559 155 110 560 158 93 561 155 94 562 157 110 563 158 110 564 158 94 565 157 111 566 160 94 567 157 95 568 159 111 569 160 111 570 160 95 571 159 96 572 115 95 573 159 80 574 112 96 575 115 97 576 114 113 577 161 96 578 115 112 579 162 96 580 115 113 581 161 98 582 117 114 583 163 97 584 114 113 585 161 97 586 114 114 587 163 114 588 163 99 589 119 115 590 164 99 591 119 114 592 163 98 593 117 115 594 164 100 595 121 116 596 165 100 597 121 115 598 164 99 599 119 116 600 165 100 601 121 117 602 166 100 603 121 101 604 123 117 605 166 117 606 166 101 607 123 118 608 167 101 609 123 102 610 125 118 611 167 118 612 167 103 613 127 119 614 168 103 615 127 118 616 167 102 617 125 119 618 168 104 619 129 120 620 169 104 621 129 119 622 168 103 623 127 120 624 169 105 625 131 121 626 170 105 627 131 120 628 169 104 629 129 121 630 170 106 631 133 122 632 171 106 633 133 121 634 170 105 635 131 122 636 171 107 637 135 123 638 172 107 639 135 122 640 171 106 641 133 123 642 172 108 643 154 124 644 173 108 645 154 123 646 172 107 647 135 124 648 1058 108 649 1057 125 650 174 108 651 1057 109 652 156 125 653 174 125 654 174 109 655 156 126 656 175 109 657 156 110 658 158 126 659 175 126 660 175 110 661 158 127 662 176 110 663 158 111 664 160 127 665 176 127 666 176 111 667 160 112 668 162 111 669 160 96 670 115 112 671 162 113 672 161 129 673 177 112 674 162 128 675 178 112 676 162 129 677 177 129 678 177 114 679 163 130 680 179 114 681 163 129 682 177 113 683 161 130 684 179 115 685 164 131 686 180 115 687 164 130 688 179 114 689 163 131 690 180 116 691 165 132 692 181 116 693 165 131 694 180 115 695 164 132 696 181 116 697 165 133 698 182 116 699 165 117 700 166 133 701 182 118 702 167 134 703 183 117 704 166 133 705 182 117 706 166 134 707 183 134 708 183 118 709 167 135 710 184 135 711 184 118 712 167 119 713 168 135 714 184 120 715 169 136 716 185 120 717 169 135 718 184 119 719 168 136 720 185 121 721 170 137 722 186 121 723 170 136 724 185 120 725 169 122 726 171 138 727 205 121 728 170 137 729 186 121 730 170 138 731 205 138 732 205 123 733 172 139 734 206 123 735 172 138 736 205 122 737 171 139 738 206 124 739 173 140 740 207 124 741 173 139 742 206 123 743 172 140 744 1060 124 745 1059 141 746 208 124 747 1059 125 748 174 141 749 208 126 750 175 142 751 209 125 752 174 141 753 208 125 754 174 142 755 209 142 756 209 127 757 176 143 758 210 127 759 176 142 760 209 126 761 175 143 762 210 127 763 176 128 764 178 127 765 176 112 766 162 128 767 178 128 768 136 129 769 137 144 770 138 129 771 137 130 772 139 144 773 138 130 774 139 131 775 140 144 776 138 131 777 140 132 778 141 144 779 138 132 780 141 133 781 142 144 782 138 133 783 142 134 784 143 144 785 138 134 786 143 135 787 144 144 788 138 135 789 144 136 790 145 144 791 138 136 792 145 137 793 146 144 794 138 137 795 146 138 796 147 144 797 138 138 798 147 139 799 148 144 800 138 139 801 148 140 802 149 144 803 138 140 804 149 141 805 150 144 806 138 141 807 150 142 808 151 144 809 138 142 810 151 143 811 152 144 812 138 143 813 152 128 814 136 144 815 138 80 816 112 153 817 97 81 818 113 81 819 113 153 820 97 152 821 96 81 822 113 152 823 96 82 824 116 82 825 116 152 826 96 151 827 98 82 828 116 150 829 99 83 830 118 150 831 99 82 832 116 151 833 98 83 834 118 149 835 100 84 836 120 149 837 100 83 838 118 150 839 99 85 840 122 149 841 100 148 842 101 149 843 100 85 844 122 84 845 120 148 846 101 86 847 124 85 848 122 86 849 124 148 850 101 147 851 102 87 852 126 86 853 124 146 854 103 146 855 103 86 856 124 147 857 102 87 858 126 145 859 104 88 860 128 145 861 104 87 862 126 146 863 103 88 864 128 160 865 105 89 866 130 160 867 105 88 868 128 145 869 104 89 870 130 159 871 106 90 872 132 159 873 106 89 874 130 160 875 105 90 876 132 158 877 107 91 878 134 158 879 107 90 880 132 159 881 106 91 882 134 157 883 108 92 884 153 157 885 108 91 886 134 158 887 107 92 888 1061 157 889 1062 93 890 155 93 891 155 157 892 1062 156 893 109 93 894 155 156 895 109 94 896 157 94 897 157 156 898 109 155 899 110 94 900 157 155 901 110 95 902 159 95 903 159 155 904 110 154 905 111 95 906 159 154 907 111 80 908 112 80 909 112 154 910 111 153 911 97 48 912 50 161 913 211 49 914 51 49 915 51 161 916 211 162 917 212 49 918 51 162 919 212 50 920 53 50 921 53 162 922 212 163 923 213 50 924 53 163 925 213 51 926 55 51 927 55 163 928 213 164 929 214 164 930 214 52 931 57 51 932 55 52 933 57 164 934 214 165 935 215 52 936 57 166 937 216 53 938 59 166 939 216 52 940 57 165 941 215 53 942 59 167 943 217 54 944 61 167 945 217 53 946 59 166 947 216 54 948 61 168 949 218 55 950 63 168 951 218 54 952 61 167 953 217 55 954 63 169 955 219 56 956 65 169 957 219 55 958 63 168 959 218 56 960 65 170 961 220 57 962 67 170 963 220 56 964 65 169 965 219 57 966 67 171 967 221 58 968 69 171 969 221 57 970 67 170 971 220 58 972 69 171 973 221 59 974 71 59 975 71 171 976 221 172 977 1023 59 978 71 172 979 1023 60 980 73 60 981 73 172 982 1023 173 983 1024 60 984 1063 174 985 1025 61 986 75 174 987 1025 60 988 1063 173 989 1064 61 990 75 175 991 1026 62 992 77 175 993 1026 61 994 75 174 995 1025 62 996 77 175 997 1026 63 998 79 63 999 79 175 1000 1026 176 1001 1027 63 1002 79 176 1003 1027 48 1004 50 48 1005 50 176 1006 1027 161 1007 211 161 1008 211 177 1009 1028 162 1010 212 162 1011 212 177 1012 1028 178 1013 1029 162 1014 212 178 1015 1029 163 1016 213 163 1017 213 178 1018 1029 179 1019 1030 163 1020 213 179 1021 1030 164 1022 214 164 1023 214 179 1024 1030 180 1025 1031 180 1026 1031 165 1027 215 164 1028 214 165 1029 215 180 1030 1031 181 1031 1032 165 1032 215 182 1033 1033 166 1034 216 182 1035 1033 165 1036 215 181 1037 1032 166 1038 216 183 1039 1034 167 1040 217 183 1041 1034 166 1042 216 182 1043 1033 167 1044 217 184 1045 1035 168 1046 218 184 1047 1035 167 1048 217 183 1049 1034 168 1050 218 185 1051 1036 169 1052 219 185 1053 1036 168 1054 218 184 1055 1035 169 1056 219 186 1057 1037 170 1058 220 186 1059 1037 169 1060 219 185 1061 1036 170 1062 220 187 1063 1038 171 1064 221 187 1065 1038 170 1066 220 186 1067 1037 171 1068 221 187 1069 1038 172 1070 1023 172 1071 1023 187 1072 1038 188 1073 1039 188 1074 1039 173 1075 1024 172 1076 1023 173 1077 1024 188 1078 1039 189 1079 1040 173 1080 1065 190 1081 1041 174 1082 1025 190 1083 1041 173 1084 1065 189 1085 1044 174 1086 1025 191 1087 1042 175 1088 1026 191 1089 1042 174 1090 1025 190 1091 1041 175 1092 1026 191 1093 1042 176 1094 1027 176 1095 1027 191 1096 1042 192 1097 1043 176 1098 1027 192 1099 1043 161 1100 211 161 1101 211 192 1102 1043 177 1103 1028 178 1104 187 177 1105 188 193 1106 189 179 1107 190 178 1108 187 193 1109 189 180 1110 191 179 1111 190 193 1112 189 181 1113 192 180 1114 191 193 1115 189 182 1116 193 181 1117 192 193 1118 189 183 1119 194 182 1120 193 193 1121 189 184 1122 195 183 1123 194 193 1124 189 185 1125 196 184 1126 195 193 1127 189 186 1128 197 185 1129 196 193 1130 189 187 1131 198 186 1132 197 193 1133 189 188 1134 199 187 1135 198 193 1136 189 189 1137 200 188 1138 199 193 1139 189 190 1140 201 189 1141 200 193 1142 189 191 1143 202 190 1144 201 193 1145 189 192 1146 203 191 1147 202 193 1148 189 177 1149 188 192 1150 203 193 1151 189 203 1152 32 32 1153 49 204 1154 33 204 1155 33 32 1156 49 33 1157 48 204 1158 33 33 1159 48 205 1160 34 205 1161 34 33 1162 48 34 1163 52 205 1164 34 34 1165 52 206 1166 35 206 1167 35 34 1168 52 35 1169 54 206 1170 35 35 1171 54 207 1172 36 207 1173 36 35 1174 54 36 1175 56 37 1176 58 208 1177 37 207 1178 36 207 1179 36 36 1180 56 37 1181 58 38 1182 60 209 1183 38 208 1184 37 208 1185 37 37 1186 58 38 1187 60 39 1188 62 194 1189 39 209 1190 38 209 1191 38 38 1192 60 39 1193 62 40 1194 64 195 1195 40 194 1196 39 194 1197 39 39 1198 62 40 1199 64 41 1200 66 196 1201 41 195 1202 40 195 1203 40 40 1204 64 41 1205 66 42 1206 68 197 1207 42 196 1208 41 196 1209 41 41 1210 66 42 1211 68 198 1212 43 42 1213 68 43 1214 70 42 1215 68 198 1216 43 197 1217 42 199 1218 44 43 1219 70 44 1220 72 43 1221 70 199 1222 44 198 1223 43 199 1224 1066 45 1225 74 200 1226 45 45 1227 74 199 1228 1066 44 1229 1067 200 1230 45 46 1231 76 201 1232 46 46 1233 76 200 1234 45 45 1235 74 201 1236 46 46 1237 76 202 1238 47 46 1239 76 47 1240 78 202 1241 47 202 1242 47 47 1243 78 203 1244 32 47 1245 78 32 1246 49 203 1247 32 227 1248 224 210 1249 222 211 1250 223 226 1251 225 210 1252 222 227 1253 224 228 1254 236 211 1255 223 212 1256 235 227 1257 224 211 1258 223 228 1259 236 228 1260 236 212 1261 235 229 1262 238 229 1263 238 212 1264 235 213 1265 237 229 1266 238 213 1267 237 230 1268 240 230 1269 240 213 1270 237 214 1271 239 230 1272 229 215 1273 227 231 1274 228 215 1275 227 230 1276 229 214 1277 226 231 1278 228 216 1279 230 232 1280 231 216 1281 230 231 1282 228 215 1283 227 217 1284 232 232 1285 231 216 1286 230 232 1287 231 217 1288 232 233 1289 233 218 1290 234 233 1291 233 217 1292 232 233 1293 233 218 1294 234 234 1295 242 219 1296 243 234 1297 242 218 1298 234 234 1299 242 219 1300 243 235 1301 244 220 1302 245 235 1303 244 219 1304 243 235 1305 244 220 1306 245 236 1307 246 221 1308 247 236 1309 246 220 1310 245 236 1311 246 221 1312 247 237 1313 248 222 1314 249 237 1315 248 221 1316 247 237 1317 248 222 1318 249 238 1319 250 223 1320 251 239 1321 252 222 1322 241 222 1323 241 239 1324 252 238 1325 253 224 1326 254 240 1327 255 223 1328 251 223 1329 251 240 1330 255 239 1331 252 241 1332 257 224 1333 254 225 1334 256 240 1335 255 224 1336 254 241 1337 257 226 1338 225 225 1339 256 210 1340 222 241 1341 257 225 1342 256 226 1343 225 227 1344 224 242 1345 259 226 1346 225 242 1347 259 227 1348 224 243 1349 258 228 1350 236 243 1351 258 227 1352 224 243 1353 258 228 1354 236 244 1355 261 244 1356 261 228 1357 236 245 1358 270 228 1359 236 229 1360 238 245 1361 270 245 1362 270 229 1363 238 246 1364 271 246 1365 271 229 1366 238 230 1367 240 246 1368 262 231 1369 228 247 1370 260 231 1371 228 246 1372 262 230 1373 229 247 1374 260 232 1375 231 248 1376 263 232 1377 231 247 1378 260 231 1379 228 233 1380 233 249 1381 264 232 1382 231 248 1383 263 232 1384 231 249 1385 264 234 1386 242 250 1387 265 233 1388 233 249 1389 264 233 1390 233 250 1391 265 235 1392 244 251 1393 266 234 1394 242 250 1395 265 234 1396 242 251 1397 266 236 1398 246 252 1399 267 235 1400 244 251 1401 266 235 1402 244 252 1403 267 237 1404 248 253 1405 268 236 1406 246 236 1407 246 253 1408 268 252 1409 267 238 1410 250 254 1411 269 237 1412 248 237 1413 248 254 1414 269 253 1415 268 239 1416 252 254 1417 273 238 1418 253 254 1419 273 239 1420 252 255 1421 272 240 1422 255 255 1423 272 239 1424 252 255 1425 272 240 1426 255 256 1427 275 241 1428 257 256 1429 275 240 1430 255 256 1431 275 241 1432 257 257 1433 276 226 1434 225 257 1435 276 241 1436 257 257 1437 276 226 1438 225 242 1439 259 259 1440 287 210 1441 222 258 1442 277 210 1443 222 259 1444 287 211 1445 223 260 1446 288 211 1447 223 259 1448 287 211 1449 223 260 1450 288 212 1451 235 212 1452 235 260 1453 288 213 1454 237 261 1455 289 213 1456 237 260 1457 288 213 1458 237 261 1459 289 214 1460 239 214 1461 239 261 1462 289 262 1463 309 214 1464 226 263 1465 279 215 1466 227 263 1467 279 214 1468 226 262 1469 278 215 1470 227 264 1471 280 216 1472 230 264 1473 280 215 1474 227 263 1475 279 264 1476 280 217 1477 232 216 1478 230 265 1479 281 217 1480 232 264 1481 280 265 1482 281 218 1483 234 217 1484 232 266 1485 283 218 1486 234 265 1487 281 266 1488 283 219 1489 243 218 1490 234 267 1491 284 219 1492 243 266 1493 283 267 1494 284 220 1495 245 219 1496 243 268 1497 285 220 1498 245 267 1499 284 269 1500 286 220 1501 245 268 1502 285 220 1503 245 269 1504 286 221 1505 247 270 1506 316 221 1507 247 269 1508 286 221 1509 247 270 1510 316 222 1511 249 271 1512 311 223 1513 251 270 1514 310 270 1515 310 223 1516 251 222 1517 241 272 1518 312 224 1519 254 271 1520 311 271 1521 311 224 1522 254 223 1523 251 273 1524 313 224 1525 254 272 1526 312 224 1527 254 273 1528 313 225 1529 256 258 1530 277 225 1531 256 273 1532 313 225 1533 256 258 1534 277 210 1535 222 313 1536 325 258 1537 277 312 1538 314 258 1539 277 313 1540 325 259 1541 287 314 1542 326 259 1543 287 313 1544 325 259 1545 287 314 1546 326 260 1547 288 315 1548 327 261 1549 289 260 1550 288 260 1551 288 314 1552 326 315 1553 327 261 1554 289 315 1555 327 328 1556 330 328 1557 330 262 1558 309 261 1559 289 262 1560 278 326 1561 317 263 1562 279 316 1563 318 263 1564 279 326 1565 317 263 1566 279 316 1567 318 264 1568 280 317 1569 319 264 1570 280 316 1571 318 264 1572 280 317 1573 319 265 1574 281 318 1575 320 265 1576 281 317 1577 319 265 1578 281 318 1579 320 266 1580 283 319 1581 321 266 1582 283 318 1583 320 320 1584 322 266 1585 283 319 1586 321 266 1587 283 320 1588 322 267 1589 284 321 1590 323 267 1591 284 320 1592 322 267 1593 284 321 1594 323 268 1595 285 322 1596 328 269 1597 286 268 1598 285 268 1599 285 321 1600 323 322 1601 328 329 1602 342 270 1603 316 269 1604 286 269 1605 286 322 1606 328 329 1607 342 270 1608 310 327 1609 337 271 1610 311 323 1611 338 271 1612 311 327 1613 337 271 1614 311 323 1615 338 272 1616 312 324 1617 339 272 1618 312 323 1619 338 272 1620 312 324 1621 339 273 1622 313 325 1623 340 273 1624 313 324 1625 339 273 1626 313 325 1627 340 258 1628 277 312 1629 314 258 1630 277 325 1631 340 291 1632 274 309 1633 282 278 1634 291 309 1635 282 296 1636 290 278 1637 291 304 1638 294 286 1639 295 290 1640 292 290 1641 292 308 1642 293 304 1643 294 275 1644 350 292 1645 341 274 1646 349 292 1647 341 275 1648 350 293 1649 351 276 1650 353 294 1651 354 293 1652 351 293 1653 351 275 1654 350 276 1655 353 277 1656 1102 295 1657 1103 294 1658 354 294 1659 354 276 1660 353 277 1661 1102 277 1662 1102 296 1663 1105 295 1664 1103 296 1665 1105 277 1666 1102 278 1667 1104 279 1668 345 308 1669 343 290 1670 344 308 1671 343 279 1672 345 297 1673 346 297 1674 346 279 1675 345 298 1676 348 298 1677 348 279 1678 345 280 1679 347 298 1680 348 280 1681 347 299 1682 355 299 1683 355 280 1684 347 281 1685 352 300 1686 1115 281 1687 352 282 1688 1114 281 1689 352 300 1690 1115 299 1691 355 301 1692 1117 282 1693 1114 283 1694 1116 282 1695 1114 301 1696 1117 300 1697 1115 302 1698 1119 283 1699 1116 284 1700 1118 283 1701 1116 302 1702 1119 301 1703 1117 303 1704 1121 284 1705 1118 285 1706 1120 284 1707 1118 303 1708 1121 302 1709 1119 304 1710 1123 285 1711 1120 286 1712 1122 285 1713 1120 304 1714 1123 303 1715 1121 309 1716 1106 287 1717 1108 305 1718 1109 287 1719 1108 309 1720 1106 291 1721 1107 305 1722 1109 288 1723 1110 306 1724 1111 288 1725 1110 305 1726 1109 287 1727 1108 289 1728 1112 306 1729 1111 288 1730 1110 306 1731 1111 289 1732 1112 307 1733 1113 274 1734 349 307 1735 1113 289 1736 1112 307 1737 1113 274 1738 349 292 1739 341 327 1740 296 296 1741 290 309 1742 282 296 1743 290 327 1744 296 328 1745 297 308 1746 293 329 1747 299 304 1748 294 329 1749 299 308 1750 293 326 1751 298 275 1752 300 274 1753 301 310 1754 302 276 1755 303 275 1756 300 310 1757 302 277 1758 304 276 1759 303 310 1760 302 278 1761 291 277 1762 304 310 1763 302 279 1764 305 290 1765 292 311 1766 306 280 1767 307 279 1768 305 311 1769 306 281 1770 308 280 1771 307 311 1772 306 282 1773 315 281 1774 308 311 1775 306 283 1776 324 282 1777 315 311 1778 306 284 1779 329 283 1780 324 311 1781 306 285 1782 331 284 1783 329 311 1784 306 286 1785 295 285 1786 331 311 1787 306 287 1788 332 291 1789 274 310 1790 302 288 1791 333 287 1792 332 310 1793 302 289 1794 334 288 1795 333 310 1796 302 274 1797 301 289 1798 334 310 1799 302 291 1800 274 278 1801 291 310 1802 302 290 1803 292 286 1804 295 311 1805 306 293 1806 351 312 1807 314 292 1808 341 312 1809 314 293 1810 351 313 1811 325 314 1812 326 293 1813 351 294 1814 354 293 1815 351 314 1816 326 313 1817 325 295 1818 1103 315 1819 327 314 1820 326 314 1821 326 294 1822 354 295 1823 1103 328 1824 330 295 1825 1103 296 1826 1105 295 1827 1103 328 1828 330 315 1829 327 297 1830 346 326 1831 317 308 1832 343 326 1833 317 297 1834 346 316 1835 318 316 1836 318 297 1837 346 317 1838 319 297 1839 346 298 1840 348 317 1841 319 299 1842 355 317 1843 319 298 1844 348 317 1845 319 299 1846 355 318 1847 320 319 1848 321 299 1849 355 300 1850 1115 299 1851 355 319 1852 321 318 1853 320 319 1854 321 301 1855 1117 320 1856 322 301 1857 1117 319 1858 321 300 1859 1115 321 1860 323 301 1861 1117 302 1862 1119 301 1863 1117 321 1864 323 320 1865 322 303 1866 1121 322 1867 328 321 1868 323 321 1869 323 302 1870 1119 303 1871 1121 304 1872 1123 322 1873 328 303 1874 1121 322 1875 328 304 1876 1123 329 1877 342 323 1878 338 309 1879 1106 305 1880 1109 309 1881 1106 323 1882 338 327 1883 337 323 1884 338 305 1885 1109 324 1886 339 305 1887 1109 306 1888 1111 324 1889 339 307 1890 1113 324 1891 339 306 1892 1111 324 1893 339 307 1894 1113 325 1895 340 292 1896 341 312 1897 314 307 1898 1113 307 1899 1113 312 1900 314 325 1901 340 328 1902 297 270 1903 335 262 1904 336 270 1905 335 328 1906 297 327 1907 296 326 1908 298 270 1909 335 329 1910 299 270 1911 335 326 1912 298 262 1913 336 609 1914 357 330 1915 359 608 1916 356 330 1917 359 609 1918 357 331 1919 358 333 1920 362 615 1921 363 612 1922 360 333 1923 362 612 1924 360 332 1925 361 334 1926 364 617 1927 365 330 1928 359 608 1929 356 330 1930 359 617 1931 365 335 1932 369 609 1933 357 618 1934 368 609 1935 357 335 1936 369 331 1937 358 332 1938 361 612 1939 360 617 1940 367 332 1941 361 617 1942 367 334 1943 366 335 1944 371 618 1945 370 615 1946 363 335 1947 371 615 1948 363 333 1949 362 331 1950 358 336 1951 373 330 1952 359 336 1953 373 331 1954 358 337 1955 372 332 1956 361 338 1957 378 333 1958 362 339 1959 379 333 1960 362 338 1961 378 330 1962 359 340 1963 374 334 1964 364 340 1965 374 330 1966 359 336 1967 373 341 1968 375 331 1969 358 335 1970 369 331 1971 358 341 1972 375 337 1973 372 332 1974 361 340 1975 384 338 1976 378 340 1977 384 332 1978 361 334 1979 366 333 1980 362 341 1981 385 335 1982 371 341 1983 385 333 1984 362 339 1985 379 337 1986 372 342 1987 377 336 1988 373 342 1989 377 337 1990 372 343 1991 376 342 1992 388 343 1993 389 339 1994 379 339 1995 379 338 1996 378 342 1997 388 340 1998 374 336 1999 373 344 2000 380 337 2001 372 345 2002 381 343 2003 376 338 2004 378 344 2005 394 342 2006 388 341 2007 385 339 2008 379 345 2009 395 336 2010 373 342 2011 377 344 2012 380 338 2013 378 340 2014 384 344 2015 394 337 2016 372 341 2017 375 345 2018 381 339 2019 379 343 2020 389 345 2021 395 346 2022 398 630 2023 396 631 2024 397 630 2025 396 346 2026 398 347 2027 399 349 2028 403 350 2029 412 634 2030 400 349 2031 403 634 2032 400 348 2033 402 351 2034 404 638 2035 407 347 2036 399 630 2037 396 347 2038 399 638 2039 407 352 2040 409 631 2041 397 639 2042 408 346 2043 398 631 2044 397 352 2045 409 348 2046 402 634 2047 400 638 2048 414 348 2049 402 638 2050 414 351 2051 413 352 2052 848 639 2053 415 350 2054 412 352 2055 848 350 2056 412 349 2057 403 348 2058 204 351 2059 401 347 2060 405 370 2061 614 353 2062 612 354 2063 613 369 2064 615 353 2065 612 370 2066 614 355 2067 616 370 2068 614 354 2069 613 370 2070 614 355 2071 616 371 2072 617 356 2073 618 371 2074 617 355 2075 616 371 2076 617 356 2077 618 372 2078 619 357 2079 620 372 2080 619 356 2081 618 372 2082 619 357 2083 620 373 2084 621 358 2085 622 374 2086 623 357 2087 620 373 2088 621 357 2089 620 374 2090 623 359 2091 624 375 2092 625 358 2093 622 374 2094 623 358 2095 622 375 2096 625 360 2097 626 376 2098 627 359 2099 624 375 2100 625 359 2101 624 376 2102 627 361 2103 628 376 2104 627 360 2105 626 376 2106 627 361 2107 628 377 2108 629 362 2109 630 377 2110 629 361 2111 628 377 2112 629 362 2113 630 378 2114 631 363 2115 632 378 2116 631 362 2117 630 378 2118 631 363 2119 632 379 2120 633 364 2121 634 379 2122 633 363 2123 632 379 2124 633 364 2125 634 380 2126 635 365 2127 636 380 2128 635 364 2129 634 380 2130 635 365 2131 636 381 2132 637 382 2133 639 365 2134 1078 366 2135 638 365 2136 1078 382 2137 639 381 2138 1079 383 2139 641 366 2140 638 367 2141 640 366 2142 638 383 2143 641 382 2144 639 384 2145 643 367 2146 640 368 2147 642 383 2148 641 367 2149 640 384 2150 643 369 2151 615 368 2152 642 353 2153 612 384 2154 643 368 2155 642 369 2156 615 370 2157 614 385 2158 645 369 2159 615 385 2160 645 370 2161 614 386 2162 644 386 2163 644 371 2164 617 387 2165 663 371 2166 617 386 2167 644 370 2168 614 387 2169 663 372 2170 619 388 2171 664 372 2172 619 387 2173 663 371 2174 617 373 2175 621 388 2176 664 372 2177 619 388 2178 664 373 2179 621 389 2180 665 389 2181 665 373 2182 621 390 2183 666 373 2184 621 374 2185 623 390 2186 666 375 2187 625 391 2188 667 374 2189 623 390 2190 666 374 2191 623 391 2192 667 376 2193 627 392 2194 668 375 2195 625 375 2196 625 392 2197 668 391 2198 667 392 2199 668 376 2200 627 393 2201 669 393 2202 669 376 2203 627 377 2204 629 393 2205 669 378 2206 631 394 2207 670 378 2208 631 393 2209 669 377 2210 629 379 2211 633 394 2212 670 378 2213 631 394 2214 670 379 2215 633 395 2216 671 380 2217 635 395 2218 671 379 2219 633 395 2220 671 380 2221 635 396 2222 672 381 2223 637 396 2224 672 380 2225 635 396 2226 672 381 2227 637 397 2228 673 381 2229 1080 382 2230 639 398 2231 674 381 2232 1080 398 2233 674 397 2234 1081 399 2235 675 398 2236 674 382 2237 639 382 2238 639 383 2239 641 399 2240 675 384 2241 643 400 2242 676 383 2243 641 399 2244 675 383 2245 641 400 2246 676 369 2247 615 385 2248 645 384 2249 643 400 2250 676 384 2251 643 385 2252 645 385 2253 646 386 2254 647 401 2255 648 386 2256 647 387 2257 649 401 2258 648 387 2259 649 388 2260 650 401 2261 648 388 2262 650 389 2263 651 401 2264 648 389 2265 651 390 2266 652 401 2267 648 390 2268 652 391 2269 653 401 2270 648 391 2271 653 392 2272 654 401 2273 648 392 2274 654 393 2275 655 401 2276 648 393 2277 655 394 2278 656 401 2279 648 394 2280 656 395 2281 657 401 2282 648 395 2283 657 396 2284 658 401 2285 648 396 2286 658 397 2287 659 401 2288 648 397 2289 659 398 2290 660 401 2291 648 398 2292 660 399 2293 661 401 2294 648 399 2295 661 400 2296 662 401 2297 648 400 2298 662 385 2299 646 401 2300 648 353 2301 612 690 2302 677 354 2303 613 691 2304 678 354 2305 613 690 2306 677 691 2307 678 355 2308 616 354 2309 613 355 2310 616 691 2311 678 692 2312 679 692 2313 679 356 2314 618 355 2315 616 356 2316 618 692 2317 679 693 2318 853 693 2319 853 357 2320 620 356 2321 618 357 2322 620 693 2323 853 694 2324 854 694 2325 854 358 2326 622 357 2327 620 358 2328 622 694 2329 854 695 2330 855 695 2331 855 359 2332 624 358 2333 622 359 2334 624 695 2335 855 696 2336 856 696 2337 856 360 2338 626 359 2339 624 360 2340 626 696 2341 856 697 2342 857 360 2343 626 697 2344 857 361 2345 628 698 2346 858 361 2347 628 697 2348 857 361 2349 628 698 2350 858 362 2351 630 699 2352 859 362 2353 630 698 2354 858 362 2355 630 700 2356 860 363 2357 632 700 2358 860 362 2359 630 699 2360 859 701 2361 861 363 2362 632 700 2363 860 363 2364 632 701 2365 861 364 2366 634 702 2367 862 365 2368 636 701 2369 861 365 2370 636 364 2371 634 701 2372 861 703 2373 863 366 2374 638 702 2375 1083 366 2376 638 365 2377 1082 702 2378 1083 704 2379 864 367 2380 640 703 2381 863 367 2382 640 366 2383 638 703 2384 863 367 2385 640 705 2386 865 368 2387 642 705 2388 865 367 2389 640 704 2390 864 368 2391 642 705 2392 865 353 2393 612 690 2394 677 353 2395 612 705 2396 865 419 2397 682 402 2398 680 403 2399 681 402 2400 680 419 2401 682 418 2402 683 420 2403 694 403 2404 681 404 2405 693 403 2406 681 420 2407 694 419 2408 682 405 2409 695 421 2410 696 404 2411 693 420 2412 694 404 2413 693 421 2414 696 406 2415 697 422 2416 698 405 2417 695 421 2418 696 405 2419 695 422 2420 698 407 2421 685 423 2422 686 406 2423 684 422 2424 687 406 2425 684 423 2426 686 408 2427 688 423 2428 686 407 2429 685 423 2430 686 408 2431 688 424 2432 689 424 2433 689 409 2434 690 425 2435 691 409 2436 690 424 2437 689 408 2438 688 425 2439 691 410 2440 692 426 2441 700 410 2442 692 425 2443 691 409 2444 690 426 2445 700 411 2446 701 427 2447 702 411 2448 701 426 2449 700 410 2450 692 427 2451 702 412 2452 703 428 2453 704 412 2454 703 427 2455 702 411 2456 701 428 2457 704 413 2458 705 429 2459 706 413 2460 705 428 2461 704 412 2462 703 414 2463 707 429 2464 706 413 2465 705 429 2466 706 414 2467 707 430 2468 708 415 2469 709 430 2470 711 414 2471 699 430 2472 711 415 2473 709 431 2474 710 432 2475 713 415 2476 709 416 2477 712 415 2478 709 432 2479 713 431 2480 710 433 2481 922 416 2482 712 417 2483 921 416 2484 712 433 2485 922 432 2486 713 418 2487 683 417 2488 921 402 2489 680 417 2490 921 418 2491 683 433 2492 922 436 2493 716 434 2494 714 435 2495 715 437 2496 717 434 2497 714 436 2498 716 439 2499 719 435 2500 715 438 2501 718 436 2502 716 435 2503 715 439 2504 719 440 2505 720 439 2506 719 438 2507 718 439 2508 719 440 2509 720 441 2510 721 442 2511 740 441 2512 721 440 2513 720 441 2514 721 442 2515 740 443 2516 741 444 2517 723 443 2518 725 442 2519 722 443 2520 725 444 2521 723 445 2522 724 446 2523 726 447 2524 727 444 2525 723 445 2526 724 444 2527 723 447 2528 727 448 2529 728 447 2530 727 446 2531 726 447 2532 727 448 2533 728 449 2534 729 450 2535 730 449 2536 729 448 2537 728 449 2538 729 450 2539 730 451 2540 731 452 2541 732 451 2542 731 450 2543 730 451 2544 731 452 2545 732 453 2546 733 454 2547 734 453 2548 733 452 2549 732 453 2550 733 454 2551 734 455 2552 735 457 2553 737 454 2554 734 456 2555 736 454 2556 734 457 2557 737 455 2558 735 459 2559 739 456 2560 736 458 2561 738 456 2562 736 459 2563 739 457 2564 737 461 2565 744 458 2566 742 460 2567 743 458 2568 742 461 2569 744 459 2570 745 463 2571 747 460 2572 743 462 2573 746 460 2574 743 463 2575 747 461 2576 744 465 2577 749 462 2578 746 464 2579 748 463 2580 747 462 2581 746 465 2582 749 437 2583 717 464 2584 748 434 2585 714 465 2586 749 464 2587 748 437 2588 717 434 2589 714 482 2590 759 435 2591 715 435 2592 715 482 2593 759 483 2594 760 435 2595 715 483 2596 760 438 2597 718 438 2598 718 483 2599 760 484 2600 761 438 2601 718 485 2602 762 440 2603 720 485 2604 762 438 2605 718 484 2606 761 440 2607 720 486 2608 763 442 2609 740 486 2610 763 440 2611 720 485 2612 762 486 2613 750 444 2614 723 442 2615 722 444 2616 723 486 2617 750 487 2618 751 487 2619 751 446 2620 726 444 2621 723 446 2622 726 487 2623 751 488 2624 752 489 2625 753 446 2626 726 488 2627 752 489 2628 753 448 2629 728 446 2630 726 490 2631 754 448 2632 728 489 2633 753 490 2634 754 450 2635 730 448 2636 728 491 2637 755 450 2638 730 490 2639 754 491 2640 755 452 2641 732 450 2642 730 492 2643 756 452 2644 732 491 2645 755 492 2646 756 454 2647 734 452 2648 732 456 2649 736 492 2650 756 493 2651 757 492 2652 756 456 2653 736 454 2654 734 458 2655 738 493 2656 757 494 2657 758 493 2658 757 458 2659 738 456 2660 736 458 2661 742 495 2662 765 460 2663 743 495 2664 765 458 2665 742 494 2666 764 460 2667 743 496 2668 775 462 2669 746 496 2670 775 460 2671 743 495 2672 765 462 2673 746 496 2674 775 464 2675 748 464 2676 748 496 2677 775 497 2678 776 464 2679 748 497 2680 776 434 2681 714 434 2682 714 497 2683 776 482 2684 759 467 2685 778 483 2686 760 466 2687 777 482 2688 759 466 2689 777 483 2690 760 468 2691 779 484 2692 761 467 2693 778 483 2694 760 467 2695 778 484 2696 761 469 2697 780 485 2698 762 468 2699 779 484 2700 761 468 2701 779 485 2702 762 470 2703 781 486 2704 763 469 2705 780 485 2706 762 469 2707 780 486 2708 763 471 2709 767 486 2710 750 470 2711 766 486 2712 750 471 2713 767 487 2714 751 472 2715 768 487 2716 751 471 2717 767 487 2718 751 472 2719 768 488 2720 752 473 2721 769 489 2722 753 488 2723 752 488 2724 752 472 2725 768 473 2726 769 474 2727 770 490 2728 754 489 2729 753 489 2730 753 473 2731 769 474 2732 770 475 2733 771 491 2734 755 490 2735 754 490 2736 754 474 2737 770 475 2738 771 476 2739 772 492 2740 756 491 2741 755 491 2742 755 475 2743 771 476 2744 772 477 2745 773 493 2746 757 492 2747 756 492 2748 756 476 2749 772 477 2750 773 478 2751 774 494 2752 758 493 2753 757 478 2754 774 493 2755 757 477 2756 773 495 2757 765 478 2758 955 479 2759 956 478 2760 955 495 2761 765 494 2762 764 496 2763 775 479 2764 956 480 2765 957 479 2766 956 496 2767 775 495 2768 765 481 2769 958 497 2770 776 480 2771 957 496 2772 775 480 2773 957 497 2774 776 466 2775 777 482 2776 759 481 2777 958 497 2778 776 481 2779 958 482 2780 759 513 2781 582 511 2782 580 512 2783 581 511 2784 580 513 2785 582 514 2786 583 516 2787 585 512 2788 581 515 2789 584 512 2790 581 516 2791 585 513 2792 582 516 2793 585 517 2794 586 518 2795 587 517 2796 586 516 2797 585 515 2798 584 518 2799 587 519 2800 588 520 2801 589 519 2802 588 518 2803 587 517 2804 586 522 2805 591 520 2806 589 519 2807 588 519 2808 588 521 2809 590 522 2810 591 522 2811 591 521 2812 590 524 2813 593 521 2814 590 523 2815 592 524 2816 593 525 2817 594 524 2818 593 523 2819 592 524 2820 593 525 2821 594 526 2822 595 527 2823 596 526 2824 595 525 2825 594 526 2826 595 527 2827 596 528 2828 597 530 2829 599 527 2830 596 529 2831 598 527 2832 596 530 2833 599 528 2834 597 532 2835 601 529 2836 598 531 2837 600 529 2838 598 532 2839 601 530 2840 599 533 2841 602 532 2842 601 531 2843 600 532 2844 601 533 2845 602 534 2846 603 535 2847 604 534 2848 603 533 2849 602 534 2850 603 535 2851 604 536 2852 605 538 2853 607 535 2854 2688 537 2855 606 535 2856 2688 538 2857 607 536 2858 2689 540 2859 609 537 2860 606 539 2861 608 537 2862 606 540 2863 609 538 2864 607 541 2865 610 540 2866 609 539 2867 608 540 2868 609 541 2869 610 542 2870 611 511 2871 580 542 2872 611 541 2873 610 542 2874 611 511 2875 580 514 2876 583 834 2877 782 512 2878 581 498 2879 783 512 2880 581 511 2881 580 498 2882 783 499 2883 784 515 2884 584 834 2885 782 515 2886 584 512 2887 581 834 2888 782 515 2889 584 500 2890 785 517 2891 586 500 2892 785 515 2893 584 499 2894 784 517 2895 586 501 2896 786 519 2897 588 501 2898 786 517 2899 586 500 2900 785 501 2901 786 521 2902 590 519 2903 588 521 2904 590 501 2905 786 502 2906 787 502 2907 787 523 2908 592 521 2909 590 523 2910 592 502 2911 787 835 2912 788 503 2913 789 523 2914 592 835 2915 788 523 2916 592 503 2917 789 525 2918 594 504 2919 790 525 2920 594 503 2921 789 525 2922 594 504 2923 790 527 2924 596 505 2925 791 529 2926 598 504 2927 790 529 2928 598 527 2929 596 504 2930 790 506 2931 792 531 2932 600 505 2933 791 531 2934 600 529 2935 598 505 2936 791 507 2937 793 531 2938 600 506 2939 792 531 2940 600 507 2941 793 533 2942 602 508 2943 794 533 2944 602 507 2945 793 533 2946 602 508 2947 794 535 2948 604 836 2949 795 537 2950 606 508 2951 2691 537 2952 606 535 2953 2690 508 2954 2691 509 2955 796 539 2956 608 836 2957 795 539 2958 608 537 2959 606 836 2960 795 510 2961 797 539 2962 608 509 2963 796 539 2964 608 510 2965 797 541 2966 610 498 2967 783 541 2968 610 510 2969 797 541 2970 610 498 2971 783 511 2972 580 513 2973 419 544 2974 421 514 2975 418 544 2976 421 513 2977 419 543 2978 420 545 2979 423 513 2980 419 516 2981 422 513 2982 419 545 2983 423 543 2984 420 516 2985 422 518 2986 424 546 2987 425 516 2988 422 546 2989 425 545 2990 423 546 2991 425 518 2992 424 547 2993 427 518 2994 424 520 2995 426 547 2996 427 522 2997 428 547 2998 427 520 2999 426 547 3000 427 522 3001 428 548 3002 429 524 3003 430 548 3004 429 522 3005 428 548 3006 429 524 3007 430 549 3008 431 526 3009 432 549 3010 431 524 3011 430 549 3012 431 526 3013 432 550 3014 433 526 3015 432 551 3016 435 550 3017 433 551 3018 435 526 3019 432 528 3020 434 551 3021 435 528 3022 434 552 3023 437 528 3024 434 530 3025 436 552 3026 437 532 3027 438 553 3028 439 530 3029 436 552 3030 437 530 3031 436 553 3032 439 534 3033 440 554 3034 441 532 3035 438 532 3036 438 554 3037 441 553 3038 439 555 3039 443 534 3040 440 536 3041 442 534 3042 440 555 3043 443 554 3044 441 555 3045 443 538 3046 444 556 3047 445 538 3048 444 555 3049 443 536 3050 442 540 3051 446 556 3052 445 538 3053 444 556 3054 445 540 3055 446 557 3056 447 557 3057 447 542 3058 448 558 3059 449 542 3060 448 557 3061 447 540 3062 446 514 3063 418 544 3064 421 542 3065 448 542 3066 448 544 3067 421 558 3068 449 560 3069 451 544 3070 421 559 3071 450 544 3072 421 543 3073 420 559 3074 450 559 3075 450 543 3076 420 561 3077 452 543 3078 420 545 3079 423 561 3080 452 561 3081 452 546 3082 425 562 3083 453 546 3084 425 561 3085 452 545 3086 423 562 3087 453 547 3088 427 563 3089 454 547 3090 427 562 3091 453 546 3092 425 563 3093 454 547 3094 427 564 3095 455 547 3096 427 548 3097 429 564 3098 455 564 3099 455 548 3100 429 565 3101 456 548 3102 429 549 3103 431 565 3104 456 565 3105 456 550 3106 433 566 3107 457 550 3108 433 565 3109 456 549 3110 431 566 3111 457 551 3112 435 567 3113 458 551 3114 435 566 3115 457 550 3116 433 567 3117 458 551 3118 435 568 3119 459 551 3120 435 552 3121 437 568 3122 459 568 3123 459 552 3124 437 569 3125 460 552 3126 437 553 3127 439 569 3128 460 554 3129 441 569 3130 460 553 3131 439 569 3132 460 554 3133 441 570 3134 461 555 3135 443 570 3136 461 554 3137 441 570 3138 461 555 3139 443 571 3140 462 572 3141 463 555 3142 443 556 3143 445 555 3144 443 572 3145 463 571 3146 462 573 3147 464 556 3148 445 557 3149 447 556 3150 445 573 3151 464 572 3152 463 573 3153 464 558 3154 449 574 3155 465 558 3156 449 573 3157 464 557 3158 447 574 3159 465 544 3160 421 560 3161 451 544 3162 421 574 3163 465 558 3164 449 575 3165 466 560 3166 451 559 3167 450 560 3168 451 575 3169 466 576 3170 467 561 3171 452 575 3172 466 559 3173 450 575 3174 466 561 3175 452 577 3176 468 561 3177 452 562 3178 453 578 3179 469 561 3180 452 578 3181 469 577 3182 468 578 3183 469 562 3184 453 579 3185 470 562 3186 453 563 3187 454 579 3188 470 564 3189 455 579 3190 470 563 3191 454 579 3192 470 564 3193 455 580 3194 471 565 3195 456 580 3196 471 564 3197 455 580 3198 471 565 3199 456 581 3200 472 566 3201 457 581 3202 472 565 3203 456 581 3204 472 566 3205 457 582 3206 473 566 3207 457 583 3208 474 582 3209 473 583 3210 474 566 3211 457 567 3212 458 583 3213 474 568 3214 459 584 3215 475 568 3216 459 583 3217 474 567 3218 458 569 3219 460 584 3220 475 568 3221 459 584 3222 475 569 3223 460 585 3224 476 570 3225 461 586 3226 477 569 3227 460 569 3228 460 586 3229 477 585 3230 476 571 3231 462 586 3232 477 570 3233 461 586 3234 477 571 3235 462 587 3236 478 587 3237 478 572 3238 463 588 3239 479 572 3240 463 587 3241 478 571 3242 462 588 3243 479 573 3244 464 589 3245 480 573 3246 464 588 3247 479 572 3248 463 589 3249 480 573 3250 464 590 3251 481 573 3252 464 574 3253 465 590 3254 481 560 3255 451 590 3256 481 574 3257 465 590 3258 481 560 3259 451 576 3260 467 591 3261 482 576 3262 467 575 3263 466 576 3264 467 591 3265 482 592 3266 483 593 3267 484 575 3268 466 577 3269 468 575 3270 466 593 3271 484 591 3272 482 593 3273 484 578 3274 469 594 3275 485 578 3276 469 593 3277 484 577 3278 468 594 3279 485 579 3280 470 595 3281 486 579 3282 470 594 3283 485 578 3284 469 595 3285 486 579 3286 470 596 3287 487 579 3288 470 580 3289 471 596 3290 487 581 3291 472 597 3292 488 580 3293 471 596 3294 487 580 3295 471 597 3296 488 582 3297 473 597 3298 488 581 3299 472 597 3300 488 582 3301 473 598 3302 489 583 3303 474 598 3304 489 582 3305 473 598 3306 489 583 3307 474 599 3308 490 600 3309 491 583 3310 474 584 3311 475 583 3312 474 600 3313 491 599 3314 490 601 3315 492 584 3316 475 585 3317 476 584 3318 475 601 3319 492 600 3320 491 586 3321 477 601 3322 492 585 3323 476 601 3324 492 586 3325 477 602 3326 493 587 3327 478 602 3328 493 586 3329 477 602 3330 493 587 3331 478 603 3332 494 604 3333 495 587 3334 478 588 3335 479 587 3336 478 604 3337 495 603 3338 494 605 3339 496 588 3340 479 589 3341 480 588 3342 479 605 3343 496 604 3344 495 590 3345 481 605 3346 496 589 3347 480 605 3348 496 590 3349 481 606 3350 497 576 3351 467 606 3352 497 590 3353 481 606 3354 497 576 3355 467 592 3356 483 592 3357 483 591 3358 482 607 3359 498 591 3360 482 593 3361 484 607 3362 498 593 3363 484 594 3364 485 607 3365 498 594 3366 485 595 3367 486 607 3368 498 595 3369 486 596 3370 487 607 3371 498 596 3372 487 597 3373 488 607 3374 498 597 3375 488 598 3376 489 607 3377 498 598 3378 489 599 3379 490 607 3380 498 599 3381 490 600 3382 491 607 3383 498 600 3384 491 601 3385 492 607 3386 498 601 3387 492 602 3388 493 607 3389 498 602 3390 493 603 3391 494 607 3392 498 603 3393 494 604 3394 495 607 3395 498 604 3396 495 605 3397 496 607 3398 498 605 3399 496 606 3400 497 607 3401 498 606 3402 497 592 3403 483 607 3404 498 610 3405 383 609 3406 357 608 3407 356 610 3408 383 608 3409 356 611 3410 382 614 3411 834 612 3412 360 615 3413 363 612 3414 360 614 3415 834 613 3416 835 608 3417 356 616 3418 386 611 3419 382 616 3420 386 608 3421 356 617 3422 365 618 3423 368 610 3424 383 619 3425 387 610 3426 383 618 3427 368 609 3428 357 612 3429 360 616 3430 836 617 3431 367 616 3432 836 612 3433 360 613 3434 835 614 3435 834 618 3436 370 619 3437 837 618 3438 370 614 3439 834 615 3440 363 610 3441 383 621 3442 390 620 3443 391 621 3444 390 610 3445 383 611 3446 382 622 3447 839 614 3448 834 623 3449 838 614 3450 834 622 3451 839 613 3452 835 611 3453 382 624 3454 392 621 3455 390 624 3456 392 611 3457 382 616 3458 386 625 3459 393 610 3460 383 620 3461 391 610 3462 383 625 3463 393 619 3464 387 624 3465 840 613 3466 835 622 3467 839 613 3468 835 624 3469 840 616 3470 836 625 3471 841 614 3472 834 619 3473 837 614 3474 834 625 3475 841 623 3476 838 620 3477 391 627 3478 830 626 3479 831 627 3480 830 620 3481 391 621 3482 390 627 3483 843 623 3484 838 626 3485 842 622 3486 839 623 3487 838 627 3488 843 624 3489 392 628 3490 832 621 3491 390 620 3492 391 626 3493 831 629 3494 833 622 3495 839 627 3496 843 628 3497 844 625 3498 841 629 3499 845 623 3500 838 621 3501 390 628 3502 832 627 3503 830 622 3504 839 628 3505 844 624 3506 840 620 3507 391 629 3508 833 625 3509 393 623 3510 838 629 3511 845 626 3512 842 632 3513 411 631 3514 397 630 3515 396 632 3516 411 630 3517 396 633 3518 410 636 3519 849 634 3520 400 350 3521 412 634 3522 400 636 3523 849 635 3524 850 633 3525 410 630 3526 396 638 3527 407 633 3528 410 638 3529 407 637 3530 846 631 3531 397 632 3532 411 640 3533 847 640 3534 847 639 3535 408 631 3536 397 635 3537 850 638 3538 414 634 3539 400 638 3540 414 635 3541 850 637 3542 851 636 3543 849 350 3544 412 640 3545 852 639 3546 415 640 3547 852 350 3548 412 635 3549 406 633 3550 416 637 3551 417 643 3552 868 642 3553 869 641 3554 866 643 3555 868 641 3556 866 644 3557 867 643 3558 868 645 3559 871 642 3560 869 645 3561 871 643 3562 868 646 3563 870 646 3564 870 647 3565 873 645 3566 871 647 3567 873 646 3568 870 648 3569 872 648 3570 872 649 3571 875 647 3572 873 649 3573 875 648 3574 872 650 3575 874 652 3576 876 649 3577 875 650 3578 874 649 3579 875 652 3580 876 651 3581 877 651 3582 877 652 3583 876 654 3584 878 651 3585 877 654 3586 878 653 3587 879 656 3588 880 655 3589 881 653 3590 879 653 3591 879 654 3592 878 656 3593 880 657 3594 883 656 3595 880 658 3596 882 656 3597 880 657 3598 883 655 3599 881 659 3600 885 658 3601 882 660 3602 884 658 3603 882 659 3604 885 657 3605 883 661 3606 904 660 3607 884 662 3608 886 660 3609 884 661 3610 904 659 3611 885 663 3612 906 662 3613 886 664 3614 905 662 3615 886 663 3616 906 661 3617 904 665 3618 908 664 3619 905 666 3620 907 664 3621 905 665 3622 908 663 3623 906 668 3624 909 667 3625 910 665 3626 1084 668 3627 909 665 3628 1084 666 3629 1085 670 3630 911 669 3631 912 667 3632 910 670 3633 911 667 3634 910 668 3635 909 672 3636 913 671 3637 914 669 3638 912 672 3639 913 669 3640 912 670 3641 911 644 3642 867 641 3643 866 671 3644 914 644 3645 867 671 3646 914 672 3647 913 643 3648 868 674 3649 915 673 3650 916 674 3651 915 643 3652 868 644 3653 867 646 3654 870 673 3655 916 675 3656 917 673 3657 916 646 3658 870 643 3659 868 648 3660 872 675 3661 917 676 3662 918 675 3663 917 648 3664 872 646 3665 870 650 3666 874 676 3667 918 677 3668 919 676 3669 918 650 3670 874 648 3671 872 678 3672 920 650 3673 874 677 3674 919 652 3675 876 650 3676 874 678 3677 920 654 3678 878 652 3679 876 679 3680 1068 652 3681 876 678 3682 920 679 3683 1068 680 3684 1069 656 3685 880 654 3686 878 654 3687 878 679 3688 1068 680 3689 1069 681 3690 1070 658 3691 882 656 3692 880 681 3693 1070 656 3694 880 680 3695 1069 660 3696 884 681 3697 1070 682 3698 1071 681 3699 1070 660 3700 884 658 3701 882 682 3702 1071 662 3703 886 660 3704 884 662 3705 886 682 3706 1071 683 3707 1072 664 3708 905 683 3709 1072 684 3710 1073 683 3711 1072 664 3712 905 662 3713 886 666 3714 907 684 3715 1073 685 3716 1074 684 3717 1073 666 3718 907 664 3719 905 686 3720 1075 668 3721 909 666 3722 1086 686 3723 1075 666 3724 1086 685 3725 1087 687 3726 1076 668 3727 909 686 3728 1075 687 3729 1076 670 3730 911 668 3731 909 670 3732 911 687 3733 1076 688 3734 1077 670 3735 911 688 3736 1077 672 3737 913 674 3738 915 644 3739 867 672 3740 913 672 3741 913 688 3742 1077 674 3743 915 674 3744 887 689 3745 888 673 3746 889 673 3747 889 689 3748 888 675 3749 890 675 3750 890 689 3751 888 676 3752 891 676 3753 891 689 3754 888 677 3755 892 677 3756 892 689 3757 888 678 3758 893 678 3759 893 689 3760 888 679 3761 894 679 3762 894 689 3763 888 680 3764 895 680 3765 895 689 3766 888 681 3767 896 681 3768 896 689 3769 888 682 3770 897 682 3771 897 689 3772 888 683 3773 898 683 3774 898 689 3775 888 684 3776 899 684 3777 899 689 3778 888 685 3779 900 685 3780 900 689 3781 888 686 3782 901 686 3783 901 689 3784 888 687 3785 902 687 3786 902 689 3787 888 688 3788 903 688 3789 903 689 3790 888 674 3791 887 642 3792 869 691 3793 678 690 3794 677 642 3795 869 690 3796 677 641 3797 866 691 3798 678 642 3799 869 645 3800 871 691 3801 678 645 3802 871 692 3803 679 692 3804 679 645 3805 871 647 3806 873 692 3807 679 647 3808 873 693 3809 853 647 3810 873 694 3811 854 693 3812 853 694 3813 854 647 3814 873 649 3815 875 649 3816 875 695 3817 855 694 3818 854 695 3819 855 649 3820 875 651 3821 877 651 3822 877 696 3823 856 695 3824 855 696 3825 856 651 3826 877 653 3827 879 696 3828 856 653 3829 879 655 3830 881 696 3831 856 655 3832 881 697 3833 857 657 3834 883 698 3835 858 697 3836 857 657 3837 883 697 3838 857 655 3839 881 659 3840 885 699 3841 859 698 3842 858 659 3843 885 698 3844 858 657 3845 883 700 3846 860 659 3847 885 661 3848 904 659 3849 885 700 3850 860 699 3851 859 701 3852 861 700 3853 860 663 3854 906 663 3855 906 700 3856 860 661 3857 904 702 3858 862 701 3859 861 665 3860 908 665 3861 908 701 3862 861 663 3863 906 703 3864 863 702 3865 1088 667 3866 910 667 3867 910 702 3868 1088 665 3869 1089 704 3870 864 703 3871 863 669 3872 912 669 3873 912 703 3874 863 667 3875 910 704 3876 864 671 3877 914 705 3878 865 671 3879 914 704 3880 864 669 3881 912 641 3882 866 690 3883 677 705 3884 865 641 3885 866 705 3886 865 671 3887 914 708 3888 925 707 3889 926 706 3890 923 706 3891 923 709 3892 924 708 3893 925 711 3894 927 710 3895 928 707 3896 926 707 3897 926 708 3898 925 711 3899 927 713 3900 929 712 3901 932 710 3902 928 710 3903 928 711 3904 927 713 3905 929 715 3906 949 714 3907 950 712 3908 932 712 3909 932 713 3910 929 715 3911 949 717 3912 933 716 3913 934 714 3914 930 714 3915 930 715 3916 931 717 3917 933 718 3918 936 717 3919 933 719 3920 935 717 3921 933 718 3922 936 716 3923 934 720 3924 938 719 3925 935 721 3926 937 719 3927 935 720 3928 938 718 3929 936 722 3930 940 721 3931 937 723 3932 939 721 3933 937 722 3934 940 720 3935 938 724 3936 942 723 3937 939 725 3938 941 723 3939 939 724 3940 942 722 3941 940 726 3942 944 725 3943 941 727 3944 943 725 3945 941 726 3946 944 724 3947 942 728 3948 946 727 3949 943 729 3950 945 727 3951 943 728 3952 946 726 3953 944 730 3954 948 729 3955 945 731 3956 947 729 3957 945 730 3958 948 728 3959 946 732 3960 954 731 3961 952 733 3962 953 731 3963 952 732 3964 954 730 3965 951 735 3966 1090 734 3967 1091 732 3968 954 732 3969 954 733 3970 953 735 3971 1090 737 3972 1092 736 3973 1093 734 3974 1091 734 3975 1091 735 3976 1090 737 3977 1092 709 3978 924 706 3979 923 736 3980 1093 736 3981 1093 737 3982 1092 709 3983 924 740 3984 979 739 3985 980 738 3986 977 740 3987 979 738 3988 977 741 3989 978 743 3990 981 742 3991 982 739 3992 980 743 3993 981 739 3994 980 740 3995 979 743 3996 981 744 3997 984 742 3998 982 744 3999 984 743 4000 981 745 4001 983 745 4002 983 746 4003 986 744 4004 984 746 4005 986 745 4006 983 747 4007 985 747 4008 960 748 4009 962 746 4010 959 748 4011 962 747 4012 960 749 4013 961 749 4014 961 750 4015 964 748 4016 962 750 4017 964 749 4018 961 751 4019 963 752 4020 966 751 4021 963 753 4022 965 751 4023 963 752 4024 966 750 4025 964 754 4026 968 753 4027 965 755 4028 967 753 4029 965 754 4030 968 752 4031 966 756 4032 970 755 4033 967 757 4034 969 755 4035 967 756 4036 970 754 4037 968 758 4038 972 757 4039 969 759 4040 971 757 4041 969 758 4042 972 756 4043 970 761 4044 973 760 4045 974 758 4046 972 761 4047 973 758 4048 972 759 4049 971 763 4050 975 762 4051 976 760 4052 974 763 4053 975 760 4054 974 761 4055 973 765 4056 998 764 4057 999 762 4058 996 765 4059 998 762 4060 996 763 4061 997 767 4062 1000 766 4063 1001 764 4064 999 767 4065 1000 764 4066 999 765 4067 998 769 4068 1002 768 4069 1012 766 4070 1001 769 4071 1002 766 4072 1001 767 4073 1000 741 4074 978 738 4075 977 768 4076 1012 741 4077 978 768 4078 1012 769 4079 1002 770 4080 1014 738 4081 977 739 4082 980 739 4083 980 771 4084 1013 770 4085 1014 771 4086 1013 739 4087 980 742 4088 982 742 4089 982 772 4090 1015 771 4091 1013 742 4092 982 773 4093 1016 772 4094 1015 773 4095 1016 742 4096 982 744 4097 984 744 4098 984 774 4099 1017 773 4100 1016 774 4101 1017 744 4102 984 746 4103 986 774 4104 988 748 4105 962 775 4106 987 748 4107 962 774 4108 988 746 4109 959 750 4110 964 775 4111 987 748 4112 962 775 4113 987 750 4114 964 776 4115 989 750 4116 964 777 4117 990 776 4118 989 752 4119 966 777 4120 990 750 4121 964 752 4122 966 778 4123 991 777 4124 990 754 4125 968 778 4126 991 752 4127 966 754 4128 968 779 4129 992 778 4130 991 756 4131 970 779 4132 992 754 4133 968 756 4134 970 780 4135 993 779 4136 992 758 4137 972 780 4138 993 756 4139 970 780 4140 993 760 4141 974 781 4142 994 760 4143 974 780 4144 993 758 4145 972 781 4146 994 762 4147 976 782 4148 995 762 4149 976 781 4150 994 760 4151 974 783 4152 1018 762 4153 996 764 4154 999 762 4155 996 783 4156 1018 782 4157 1019 784 4158 1020 764 4159 999 766 4160 1001 764 4161 999 784 4162 1020 783 4163 1018 784 4164 1020 766 4165 1001 768 4166 1012 768 4167 1012 785 4168 1021 784 4169 1020 785 4170 1021 768 4171 1012 738 4172 977 738 4173 977 770 4174 1014 785 4175 1021 786 4176 1094 770 4177 1014 771 4178 1013 786 4179 1094 771 4180 1013 787 4181 1022 787 4182 1022 771 4183 1013 772 4184 1015 787 4185 1022 772 4186 1015 788 4187 1095 788 4188 1095 772 4189 1015 773 4190 1016 773 4191 1016 789 4192 1096 788 4193 1095 789 4194 1096 773 4195 1016 774 4196 1017 789 4197 1096 774 4198 1017 790 4199 1097 775 4200 987 791 4201 1003 774 4202 988 790 4203 1004 774 4204 988 791 4205 1003 776 4206 989 792 4207 1005 775 4208 987 791 4209 1003 775 4210 987 792 4211 1005 777 4212 990 793 4213 1006 776 4214 989 792 4215 1005 776 4216 989 793 4217 1006 778 4218 991 794 4219 1007 777 4220 990 793 4221 1006 777 4222 990 794 4223 1007 779 4224 992 795 4225 1008 778 4226 991 794 4227 1007 778 4228 991 795 4229 1008 780 4230 993 796 4231 1009 779 4232 992 795 4233 1008 779 4234 992 796 4235 1009 781 4236 994 797 4237 1010 780 4238 993 780 4239 993 797 4240 1010 796 4241 1009 798 4242 1011 781 4243 994 782 4244 995 781 4245 994 798 4246 1011 797 4247 1010 783 4248 1018 799 4249 1098 798 4250 1099 783 4251 1018 798 4252 1099 782 4253 1019 784 4254 1020 800 4255 1100 799 4256 1098 784 4257 1020 799 4258 1098 783 4259 1018 800 4260 1100 784 4261 1020 785 4262 1021 800 4263 1100 785 4264 1021 801 4265 1101 801 4266 1101 785 4267 1021 770 4268 1014 801 4269 1101 770 4270 1014 786 4271 1094 803 4272 801 802 4273 798 804 4274 800 804 4275 800 802 4276 798 805 4277 799 807 4278 802 806 4279 803 803 4280 801 807 4281 802 803 4282 801 804 4283 800 807 4284 802 808 4285 805 806 4286 803 808 4287 805 807 4288 802 809 4289 804 809 4290 804 810 4291 807 808 4292 805 810 4293 807 809 4294 804 811 4295 806 811 4296 806 813 4297 808 810 4298 807 810 4299 807 813 4300 808 812 4301 809 813 4302 808 815 4303 810 812 4304 809 814 4305 811 812 4306 809 815 4307 810 816 4308 813 815 4309 810 817 4310 812 815 4311 810 816 4312 813 814 4313 811 818 4314 815 817 4315 812 819 4316 814 817 4317 812 818 4318 815 816 4319 813 820 4320 817 818 4321 815 821 4322 816 821 4323 816 818 4324 815 819 4325 814 823 4326 818 822 4327 819 820 4328 817 823 4329 818 820 4330 817 821 4331 816 824 4332 821 823 4333 818 825 4334 820 823 4335 818 824 4336 821 822 4337 819 826 4338 823 825 4339 820 827 4340 822 825 4341 820 826 4342 823 824 4343 821 828 4344 825 826 4345 2692 829 4346 824 829 4347 824 826 4348 2692 827 4349 2693 831 4350 826 830 4351 827 828 4352 825 831 4353 826 828 4354 825 829 4355 824 832 4356 829 831 4357 826 833 4358 828 831 4359 826 832 4360 829 830 4361 827 802 4362 798 833 4363 828 805 4364 799 833 4365 828 802 4366 798 832 4367 829 803 4368 801 834 4369 782 498 4370 783 803 4371 801 498 4372 783 802 4373 798 806 4374 803 499 4375 784 834 4376 782 806 4377 803 834 4378 782 803 4379 801 806 4380 803 500 4381 785 499 4382 784 500 4383 785 806 4384 803 808 4385 805 808 4386 805 501 4387 786 500 4388 785 501 4389 786 808 4390 805 810 4391 807 812 4392 809 501 4393 786 810 4394 807 501 4395 786 812 4396 809 502 4397 787 812 4398 809 814 4399 811 502 4400 787 502 4401 787 814 4402 811 835 4403 788 503 4404 789 814 4405 811 816 4406 813 814 4407 811 503 4408 789 835 4409 788 504 4410 790 816 4411 813 818 4412 815 816 4413 813 504 4414 790 503 4415 789 820 4416 817 505 4417 791 504 4418 790 820 4419 817 504 4420 790 818 4421 815 822 4422 819 506 4423 792 505 4424 791 822 4425 819 505 4426 791 820 4427 817 507 4428 793 822 4429 819 824 4430 821 822 4431 819 507 4432 793 506 4433 792 508 4434 794 824 4435 821 826 4436 823 824 4437 821 508 4438 794 507 4439 793 828 4440 825 836 4441 795 508 4442 2694 828 4443 825 508 4444 2694 826 4445 2695 830 4446 827 509 4447 796 836 4448 795 830 4449 827 836 4450 795 828 4451 825 510 4452 797 830 4453 827 832 4454 829 830 4455 827 510 4456 797 509 4457 796 498 4458 783 832 4459 829 802 4460 798 832 4461 829 498 4462 783 510 4463 797 804 4464 502 838 4465 500 837 4466 501 838 4467 500 804 4468 502 805 4469 499 839 4470 503 807 4471 504 804 4472 502 839 4473 503 804 4474 502 837 4475 501 807 4476 504 840 4477 505 809 4478 506 840 4479 505 807 4480 504 839 4481 503 841 4482 507 809 4483 506 840 4484 505 809 4485 506 841 4486 507 811 4487 508 841 4488 507 813 4489 510 811 4490 508 813 4491 510 841 4492 507 842 4493 509 815 4494 512 842 4495 509 843 4496 511 842 4497 509 815 4498 512 813 4499 510 817 4500 514 843 4501 511 844 4502 513 843 4503 511 817 4504 514 815 4505 512 817 4506 514 845 4507 515 819 4508 516 845 4509 515 817 4510 514 844 4511 513 846 4512 517 819 4513 516 845 4514 515 819 4515 516 846 4516 517 821 4517 518 847 4518 519 821 4519 518 846 4520 517 821 4521 518 847 4522 519 823 4523 520 825 4524 522 823 4525 520 848 4526 521 823 4527 520 847 4528 519 848 4529 521 849 4530 523 827 4531 524 825 4532 522 825 4533 522 848 4534 521 849 4535 523 829 4536 526 849 4537 523 850 4538 525 849 4539 523 829 4540 526 827 4541 524 831 4542 528 850 4543 525 851 4544 527 850 4545 525 831 4546 528 829 4547 526 851 4548 527 833 4549 530 831 4550 528 833 4551 530 851 4552 527 852 4553 529 805 4554 499 833 4555 530 838 4556 500 833 4557 530 852 4558 529 838 4559 500 854 4560 531 853 4561 532 838 4562 500 838 4563 500 853 4564 532 837 4565 501 853 4566 532 855 4567 533 837 4568 501 837 4569 501 855 4570 533 839 4571 503 855 4572 533 840 4573 505 839 4574 503 840 4575 505 855 4576 533 856 4577 534 856 4578 534 841 4579 507 840 4580 505 841 4581 507 856 4582 534 857 4583 535 857 4584 535 858 4585 536 841 4586 507 841 4587 507 858 4588 536 842 4589 509 858 4590 536 859 4591 537 842 4592 509 842 4593 509 859 4594 537 843 4595 511 859 4596 537 844 4597 513 843 4598 511 844 4599 513 859 4600 537 860 4601 538 860 4602 538 845 4603 515 844 4604 513 845 4605 515 860 4606 538 861 4607 539 862 4608 540 845 4609 515 861 4610 539 845 4611 515 862 4612 540 846 4613 517 862 4614 540 863 4615 541 846 4616 517 846 4617 517 863 4618 541 847 4619 519 848 4620 521 863 4621 541 864 4622 542 863 4623 541 848 4624 521 847 4625 519 849 4626 523 864 4627 542 865 4628 543 864 4629 542 849 4630 523 848 4631 521 866 4632 544 850 4633 525 849 4634 523 866 4635 544 849 4636 523 865 4637 543 867 4638 545 851 4639 527 850 4640 525 867 4641 545 850 4642 525 866 4643 544 867 4644 545 852 4645 529 851 4646 527 852 4647 529 867 4648 545 868 4649 546 868 4650 546 838 4651 500 852 4652 529 838 4653 500 868 4654 546 854 4655 531 869 4656 548 853 4657 532 854 4658 531 854 4659 531 870 4660 547 869 4661 548 855 4662 533 869 4663 548 871 4664 549 869 4665 548 855 4666 533 853 4667 532 855 4668 533 872 4669 550 856 4670 534 872 4671 550 855 4672 533 871 4673 549 873 4674 551 856 4675 534 872 4676 550 856 4677 534 873 4678 551 857 4679 535 873 4680 551 858 4681 536 857 4682 535 858 4683 536 873 4684 551 874 4685 552 859 4686 537 874 4687 552 875 4688 553 874 4689 552 859 4690 537 858 4691 536 860 4692 538 875 4693 553 876 4694 554 875 4695 553 860 4696 538 859 4697 537 860 4698 538 877 4699 555 861 4700 539 877 4701 555 860 4702 538 876 4703 554 877 4704 555 862 4705 540 861 4706 539 862 4707 540 877 4708 555 878 4709 556 878 4710 556 863 4711 541 862 4712 540 863 4713 541 878 4714 556 879 4715 557 864 4716 542 863 4717 541 880 4718 558 863 4719 541 879 4720 557 880 4721 558 865 4722 543 880 4723 558 881 4724 559 880 4725 558 865 4726 543 864 4727 542 866 4728 544 881 4729 559 882 4730 560 881 4731 559 866 4732 544 865 4733 543 867 4734 545 882 4735 560 883 4736 561 882 4737 560 867 4738 545 866 4739 544 884 4740 562 867 4741 545 883 4742 561 867 4743 545 884 4744 562 868 4745 546 854 4746 531 884 4747 562 870 4748 547 884 4749 562 854 4750 531 868 4751 546 885 4752 564 869 4753 548 870 4754 547 885 4755 564 870 4756 547 886 4757 563 887 4758 565 871 4759 549 869 4760 548 887 4761 565 869 4762 548 885 4763 564 887 4764 565 872 4765 550 871 4766 549 872 4767 550 887 4768 565 888 4769 566 888 4770 566 873 4771 551 872 4772 550 873 4773 551 888 4774 566 889 4775 567 889 4776 567 890 4777 568 873 4778 551 873 4779 551 890 4780 568 874 4781 552 874 4782 552 890 4783 568 891 4784 569 874 4785 552 891 4786 569 875 4787 553 876 4788 554 891 4789 569 892 4790 570 891 4791 569 876 4792 554 875 4793 553 877 4794 555 892 4795 570 893 4796 571 892 4797 570 877 4798 555 876 4799 554 894 4800 572 878 4801 556 877 4802 555 894 4803 572 877 4804 555 893 4805 571 895 4806 573 879 4807 557 878 4808 556 895 4809 573 878 4810 556 894 4811 572 880 4812 558 895 4813 573 896 4814 574 895 4815 573 880 4816 558 879 4817 557 881 4818 559 896 4819 574 897 4820 575 896 4821 574 881 4822 559 880 4823 558 898 4824 576 882 4825 560 881 4826 559 898 4827 576 881 4828 559 897 4829 575 899 4830 577 883 4831 561 882 4832 560 899 4833 577 882 4834 560 898 4835 576 884 4836 562 899 4837 577 900 4838 578 899 4839 577 884 4840 562 883 4841 561 870 4842 547 900 4843 578 886 4844 563 900 4845 578 870 4846 547 884 4847 562 886 4848 563 901 4849 579 885 4850 564 885 4851 564 901 4852 579 887 4853 565 887 4854 565 901 4855 579 888 4856 566 888 4857 566 901 4858 579 889 4859 567 889 4860 567 901 4861 579 890 4862 568 890 4863 568 901 4864 579 891 4865 569 891 4866 569 901 4867 579 892 4868 570 892 4869 570 901 4870 579 893 4871 571 893 4872 571 901 4873 579 894 4874 572 894 4875 572 901 4876 579 895 4877 573 895 4878 573 901 4879 579 896 4880 574 896 4881 574 901 4882 579 897 4883 575 897 4884 575 901 4885 579 898 4886 576 898 4887 576 901 4888 579 899 4889 577 899 4890 577 901 4891 579 900 4892 578 900 4893 578 901 4894 579 886 4895 563 908 4896 1127 909 4897 1128 903 4898 1126 903 4899 1126 909 4900 1128 902 4901 1125 904 4902 1130 907 4903 1140 906 4904 1129 907 4905 1140 904 4906 1130 905 4907 1131 906 4908 1129 909 4909 1128 908 4910 1127 909 4911 1128 906 4912 1129 907 4913 1140 911 4914 1136 913 4915 1134 912 4916 1135 913 4917 1134 911 4918 1136 910 4919 1133 915 4920 1144 917 4921 1138 916 4922 1139 917 4923 1138 915 4924 1144 914 4925 1137 914 4926 1137 913 4927 1134 917 4928 1138 913 4929 1134 914 4930 1137 912 4931 1135 918 4932 1141 919 4933 1142 908 4934 1127 918 4935 1141 908 4936 1127 903 4937 1126 921 4938 1148 906 4939 1129 920 4940 1143 906 4941 1129 921 4942 1148 904 4943 1130 920 4944 1143 908 4945 1127 919 4946 1142 908 4947 1127 920 4948 1143 906 4949 1129 918 4950 1146 912 4951 1135 919 4952 1145 912 4953 1135 918 4954 1146 911 4955 1136 921 4956 1147 920 4957 1150 914 4958 1137 921 4959 1147 914 4960 1137 915 4961 1144 920 4962 1150 919 4963 1145 912 4964 1135 920 4965 1150 912 4966 1135 914 4967 1137 922 4968 1149 905 4969 1131 904 4970 1130 905 4971 1131 922 4972 1149 923 4973 1152 922 4974 1153 916 4975 1139 923 4976 1151 916 4977 1139 922 4978 1153 915 4979 1144 904 4980 1130 924 4981 1154 922 4982 1149 921 4983 1147 915 4984 1144 924 4985 1156 904 4986 1130 921 4987 1148 924 4988 1154 915 4989 1144 922 4990 1153 924 4991 1156 903 4992 1126 925 4993 1155 926 4994 1158 910 4995 1133 911 4996 1136 925 4997 1159 918 4998 1141 903 4999 1126 927 5000 1160 911 5001 1136 927 5002 1164 926 5003 1165 903 5004 1126 926 5005 1158 927 5006 1160 911 5007 1136 918 5008 1146 927 5009 1164 909 5010 1128 928 5011 1163 902 5012 1125 928 5013 1163 909 5014 1128 929 5015 1162 905 5016 1131 931 5017 1477 907 5018 1140 931 5019 1477 905 5020 1131 930 5021 1168 907 5022 1140 929 5023 1162 909 5024 1128 929 5025 1162 907 5026 1140 931 5027 1477 910 5028 1133 928 5029 1166 913 5030 1134 913 5031 1134 928 5032 1166 929 5033 1167 916 5034 1139 917 5035 1138 931 5036 1169 916 5037 1139 931 5038 1169 930 5039 1479 913 5040 1134 929 5041 1167 917 5042 1138 917 5043 1138 929 5044 1167 931 5045 1169 932 5046 1478 905 5047 1131 923 5048 1152 905 5049 1131 932 5050 1478 930 5051 1168 932 5052 1480 923 5053 1151 916 5054 1139 916 5055 1139 930 5056 1479 932 5057 1480 903 5058 1126 902 5059 1125 925 5060 1155 911 5061 1136 926 5062 1165 925 5063 1159 902 5064 1124 910 5065 1132 925 5066 1157 902 5067 1124 928 5068 1161 910 5069 1132 949 5070 1173 933 5071 1170 950 5072 1172 950 5073 1172 933 5074 1170 934 5075 1171 950 5076 1172 934 5077 1171 951 5078 1175 934 5079 1171 935 5080 1174 951 5081 1175 951 5082 1175 936 5083 1176 952 5084 1177 936 5085 1176 951 5086 1175 935 5087 1174 952 5088 1177 937 5089 1178 953 5090 1179 937 5091 1178 952 5092 1177 936 5093 1176 953 5094 1179 937 5095 1178 954 5096 1181 954 5097 1181 937 5098 1178 938 5099 1180 954 5100 1181 938 5101 1180 955 5102 1183 938 5103 1180 939 5104 1182 955 5105 1183 955 5106 1183 940 5107 1184 956 5108 1185 940 5109 1184 955 5110 1183 939 5111 1182 956 5112 1185 941 5113 1186 957 5114 1187 941 5115 1186 956 5116 1185 940 5117 1184 957 5118 1187 941 5119 1186 958 5120 1189 958 5121 1189 941 5122 1186 942 5123 1188 958 5124 1189 942 5125 1188 959 5126 1191 942 5127 1188 943 5128 1190 959 5129 1191 959 5130 1191 944 5131 1192 960 5132 1193 944 5133 1192 959 5134 1191 943 5135 1190 960 5136 1193 945 5137 1194 961 5138 1195 945 5139 1194 960 5140 1193 944 5141 1192 961 5142 1508 945 5143 1507 962 5144 1197 962 5145 1197 945 5146 1507 946 5147 1196 962 5148 1197 946 5149 1196 963 5150 1199 946 5151 1196 947 5152 1198 963 5153 1199 963 5154 1199 948 5155 1200 964 5156 1201 948 5157 1200 963 5158 1199 947 5159 1198 964 5160 1201 933 5161 1170 949 5162 1173 933 5163 1170 964 5164 1201 948 5165 1200 965 5166 1203 949 5167 1173 966 5168 1202 966 5169 1202 949 5170 1173 950 5171 1172 966 5172 1202 950 5173 1172 967 5174 1204 950 5175 1172 951 5176 1175 967 5177 1204 967 5178 1204 952 5179 1177 968 5180 1205 952 5181 1177 967 5182 1204 951 5183 1175 968 5184 1205 953 5185 1179 969 5186 1206 953 5187 1179 968 5188 1205 952 5189 1177 969 5190 1206 953 5191 1179 970 5192 1207 970 5193 1207 953 5194 1179 954 5195 1181 970 5196 1207 954 5197 1181 971 5198 1208 954 5199 1181 955 5200 1183 971 5201 1208 971 5202 1208 956 5203 1185 972 5204 1209 956 5205 1185 971 5206 1208 955 5207 1183 972 5208 1209 957 5209 1187 973 5210 1210 957 5211 1187 972 5212 1209 956 5213 1185 973 5214 1210 957 5215 1187 974 5216 1211 974 5217 1211 957 5218 1187 958 5219 1189 974 5220 1211 958 5221 1189 975 5222 1212 958 5223 1189 959 5224 1191 975 5225 1212 975 5226 1212 960 5227 1193 976 5228 1213 960 5229 1193 975 5230 1212 959 5231 1191 976 5232 1213 961 5233 1195 977 5234 1214 961 5235 1195 976 5236 1213 960 5237 1193 977 5238 1510 961 5239 1509 978 5240 1215 978 5241 1215 961 5242 1509 962 5243 1197 978 5244 1215 962 5245 1197 979 5246 1216 962 5247 1197 963 5248 1199 979 5249 1216 979 5250 1216 964 5251 1201 980 5252 1217 964 5253 1201 979 5254 1216 963 5255 1199 980 5256 1217 949 5257 1173 965 5258 1203 949 5259 1173 980 5260 1217 964 5261 1201 982 5262 1218 981 5263 1219 965 5264 1203 965 5265 1203 966 5266 1202 982 5267 1218 982 5268 1218 967 5269 1204 983 5270 1220 967 5271 1204 982 5272 1218 966 5273 1202 983 5274 1220 968 5275 1205 984 5276 1221 968 5277 1205 983 5278 1220 967 5279 1204 984 5280 1221 969 5281 1206 985 5282 1222 969 5283 1206 984 5284 1221 968 5285 1205 986 5286 1223 985 5287 1222 969 5288 1206 969 5289 1206 970 5290 1207 986 5291 1223 970 5292 1207 987 5293 1224 986 5294 1223 987 5295 1224 970 5296 1207 971 5297 1208 971 5298 1208 988 5299 1225 987 5300 1224 988 5301 1225 971 5302 1208 972 5303 1209 988 5304 1225 973 5305 1210 989 5306 1226 973 5307 1210 988 5308 1225 972 5309 1209 990 5310 1227 989 5311 1226 973 5312 1210 973 5313 1210 974 5314 1211 990 5315 1227 991 5316 1228 974 5317 1211 975 5318 1212 974 5319 1211 991 5320 1228 990 5321 1227 992 5322 1229 975 5323 1212 976 5324 1213 975 5325 1212 992 5326 1229 991 5327 1228 992 5328 1229 977 5329 1214 993 5330 1230 977 5331 1214 992 5332 1229 976 5333 1213 994 5334 1231 993 5335 1512 977 5336 1511 977 5337 1511 978 5338 1215 994 5339 1231 994 5340 1231 979 5341 1216 995 5342 1232 979 5343 1216 994 5344 1231 978 5345 1215 980 5346 1217 995 5347 1232 979 5348 1216 995 5349 1232 980 5350 1217 996 5351 1233 996 5352 1233 965 5353 1203 981 5354 1219 965 5355 1203 996 5356 1233 980 5357 1217 997 5358 1235 981 5359 1219 998 5360 1234 998 5361 1234 981 5362 1219 982 5363 1218 998 5364 1234 982 5365 1218 999 5366 1236 982 5367 1218 983 5368 1220 999 5369 1236 999 5370 1236 984 5371 1221 1000 5372 1237 984 5373 1221 999 5374 1236 983 5375 1220 1000 5376 1237 985 5377 1222 1001 5378 1238 985 5379 1222 1000 5380 1237 984 5381 1221 1001 5382 1238 985 5383 1222 1002 5384 1239 1002 5385 1239 985 5386 1222 986 5387 1223 1002 5388 1239 986 5389 1223 1003 5390 1240 986 5391 1223 987 5392 1224 1003 5393 1240 1003 5394 1240 988 5395 1225 1004 5396 1241 988 5397 1225 1003 5398 1240 987 5399 1224 1004 5400 1241 989 5401 1226 1005 5402 1242 989 5403 1226 1004 5404 1241 988 5405 1225 1005 5406 1242 989 5407 1226 1006 5408 1243 1006 5409 1243 989 5410 1226 990 5411 1227 1006 5412 1243 990 5413 1227 1007 5414 1244 990 5415 1227 991 5416 1228 1007 5417 1244 1007 5418 1244 992 5419 1229 1008 5420 1245 992 5421 1229 1007 5422 1244 991 5423 1228 1008 5424 1245 993 5425 1230 1009 5426 1246 993 5427 1230 1008 5428 1245 992 5429 1229 1009 5430 1514 993 5431 1513 1010 5432 1247 1010 5433 1247 993 5434 1513 994 5435 1231 1010 5436 1247 994 5437 1231 1011 5438 1248 994 5439 1231 995 5440 1232 1011 5441 1248 1011 5442 1248 996 5443 1233 1012 5444 1249 996 5445 1233 1011 5446 1248 995 5447 1232 1012 5448 1249 981 5449 1219 997 5450 1235 981 5451 1219 1012 5452 1249 996 5453 1233 1014 5454 1250 1013 5455 1251 997 5456 1235 1014 5457 1250 997 5458 1235 998 5459 1234 1015 5460 1252 1014 5461 1250 998 5462 1234 998 5463 1234 999 5464 1236 1015 5465 1252 1015 5466 1252 1000 5467 1237 1016 5468 1253 1000 5469 1237 1015 5470 1252 999 5471 1236 1016 5472 1253 1001 5473 1238 1017 5474 1254 1001 5475 1238 1016 5476 1253 1000 5477 1237 1018 5478 1255 1017 5479 1254 1001 5480 1238 1018 5481 1255 1001 5482 1238 1002 5483 1239 1019 5484 1256 1018 5485 1255 1002 5486 1239 1002 5487 1239 1003 5488 1240 1019 5489 1256 1019 5490 1256 1004 5491 1241 1020 5492 1257 1004 5493 1241 1019 5494 1256 1003 5495 1240 1020 5496 1257 1005 5497 1242 1021 5498 1258 1005 5499 1242 1020 5500 1257 1004 5501 1241 1022 5502 1259 1021 5503 1258 1005 5504 1242 1022 5505 1259 1005 5506 1242 1006 5507 1243 1023 5508 1260 1022 5509 1259 1006 5510 1243 1006 5511 1243 1007 5512 1244 1023 5513 1260 1023 5514 1260 1008 5515 1245 1024 5516 1261 1008 5517 1245 1023 5518 1260 1007 5519 1244 1024 5520 1261 1009 5521 1246 1025 5522 1262 1009 5523 1246 1024 5524 1261 1008 5525 1245 1026 5526 1263 1025 5527 1516 1009 5528 1515 1026 5529 1263 1009 5530 1515 1010 5531 1247 1027 5532 1264 1026 5533 1263 1010 5534 1247 1010 5535 1247 1011 5536 1248 1027 5537 1264 1027 5538 1264 1012 5539 1249 1028 5540 1265 1012 5541 1249 1027 5542 1264 1011 5543 1248 1028 5544 1265 997 5545 1235 1013 5546 1251 997 5547 1235 1028 5548 1265 1012 5549 1249 1029 5550 1267 1013 5551 1251 1030 5552 1266 1013 5553 1251 1014 5554 1250 1030 5555 1266 1015 5556 1252 1031 5557 1268 1014 5558 1250 1030 5559 1266 1014 5560 1250 1031 5561 1268 1031 5562 1268 1016 5563 1253 1032 5564 1269 1016 5565 1253 1031 5566 1268 1015 5567 1252 1032 5568 1269 1017 5569 1254 1033 5570 1270 1017 5571 1254 1032 5572 1269 1016 5573 1253 1033 5574 1270 1017 5575 1254 1034 5576 1271 1017 5577 1254 1018 5578 1255 1034 5579 1271 1019 5580 1256 1035 5581 1272 1018 5582 1255 1034 5583 1271 1018 5584 1255 1035 5585 1272 1035 5586 1272 1020 5587 1257 1036 5588 1273 1020 5589 1257 1035 5590 1272 1019 5591 1256 1036 5592 1273 1021 5593 1258 1037 5594 1274 1021 5595 1258 1036 5596 1273 1020 5597 1257 1037 5598 1274 1021 5599 1258 1038 5600 1275 1021 5601 1258 1022 5602 1259 1038 5603 1275 1023 5604 1260 1039 5605 1276 1022 5606 1259 1038 5607 1275 1022 5608 1259 1039 5609 1276 1039 5610 1276 1024 5611 1261 1040 5612 1277 1024 5613 1261 1039 5614 1276 1023 5615 1260 1040 5616 1277 1025 5617 1262 1041 5618 1278 1025 5619 1262 1040 5620 1277 1024 5621 1261 1041 5622 1518 1025 5623 1517 1042 5624 1279 1025 5625 1517 1026 5626 1263 1042 5627 1279 1027 5628 1264 1043 5629 1280 1026 5630 1263 1042 5631 1279 1026 5632 1263 1043 5633 1280 1043 5634 1280 1028 5635 1265 1044 5636 1281 1028 5637 1265 1043 5638 1280 1027 5639 1264 1044 5640 1281 1013 5641 1251 1029 5642 1267 1013 5643 1251 1044 5644 1281 1028 5645 1265 1029 5646 1282 1030 5647 1332 1045 5648 1333 1030 5649 1332 1031 5650 1334 1045 5651 1333 1031 5652 1334 1032 5653 1335 1045 5654 1333 1032 5655 1335 1033 5656 1336 1045 5657 1333 1033 5658 1336 1034 5659 1337 1045 5660 1333 1034 5661 1337 1035 5662 1338 1045 5663 1333 1035 5664 1338 1036 5665 1339 1045 5666 1333 1036 5667 1339 1037 5668 1340 1045 5669 1333 1037 5670 1340 1038 5671 1341 1045 5672 1333 1038 5673 1341 1039 5674 1481 1045 5675 1333 1039 5676 1481 1040 5677 1482 1045 5678 1333 1040 5679 1482 1041 5680 1483 1045 5681 1333 1041 5682 1483 1042 5683 1484 1045 5684 1333 1042 5685 1484 1043 5686 1485 1045 5687 1333 1043 5688 1485 1044 5689 1486 1045 5690 1333 1044 5691 1486 1029 5692 1282 1045 5693 1333 933 5694 1170 1046 5695 1283 934 5696 1171 934 5697 1171 1046 5698 1283 1047 5699 1284 934 5700 1171 1047 5701 1284 935 5702 1174 935 5703 1174 1047 5704 1284 1048 5705 1285 935 5706 1174 1048 5707 1285 936 5708 1176 936 5709 1176 1048 5710 1285 1049 5711 1286 936 5712 1176 1050 5713 1287 937 5714 1178 1050 5715 1287 936 5716 1176 1049 5717 1286 937 5718 1178 1050 5719 1287 938 5720 1180 938 5721 1180 1050 5722 1287 1051 5723 1288 938 5724 1180 1051 5725 1288 939 5726 1182 939 5727 1182 1051 5728 1288 1052 5729 1289 939 5730 1182 1052 5731 1289 940 5732 1184 940 5733 1184 1052 5734 1289 1053 5735 1290 940 5736 1184 1053 5737 1290 941 5738 1186 941 5739 1186 1053 5740 1290 1054 5741 1291 941 5742 1186 1054 5743 1291 942 5744 1188 942 5745 1188 1054 5746 1291 1055 5747 1292 942 5748 1188 1056 5749 1293 943 5750 1190 1056 5751 1293 942 5752 1188 1055 5753 1292 943 5754 1190 1057 5755 1294 944 5756 1192 1057 5757 1294 943 5758 1190 1056 5759 1293 944 5760 1192 1057 5761 1294 945 5762 1194 945 5763 1194 1057 5764 1294 1058 5765 1295 945 5766 1527 1058 5767 1528 946 5768 1196 946 5769 1196 1058 5770 1528 1059 5771 1296 946 5772 1196 1059 5773 1296 947 5774 1198 947 5775 1198 1059 5776 1296 1060 5777 1297 947 5778 1198 1061 5779 1298 948 5780 1200 1061 5781 1298 947 5782 1198 1060 5783 1297 1061 5784 1298 933 5785 1170 948 5786 1200 933 5787 1170 1061 5788 1298 1046 5789 1283 1046 5790 1283 1063 5791 1300 1047 5792 1284 1063 5793 1300 1046 5794 1283 1062 5795 1299 1047 5796 1284 1064 5797 1301 1048 5798 1285 1064 5799 1301 1047 5800 1284 1063 5801 1300 1048 5802 1285 1064 5803 1301 1049 5804 1286 1049 5805 1286 1064 5806 1301 1065 5807 1302 1065 5808 1302 1050 5809 1287 1049 5810 1286 1050 5811 1287 1065 5812 1302 1066 5813 1303 1050 5814 1287 1067 5815 1304 1051 5816 1288 1067 5817 1304 1050 5818 1287 1066 5819 1303 1051 5820 1288 1068 5821 1305 1052 5822 1289 1068 5823 1305 1051 5824 1288 1067 5825 1304 1052 5826 1289 1068 5827 1305 1053 5828 1290 1053 5829 1290 1068 5830 1305 1069 5831 1306 1053 5832 1290 1069 5833 1306 1054 5834 1291 1054 5835 1291 1069 5836 1306 1070 5837 1307 1054 5838 1291 1071 5839 1308 1055 5840 1292 1071 5841 1308 1054 5842 1291 1070 5843 1307 1055 5844 1292 1072 5845 1309 1056 5846 1293 1072 5847 1309 1055 5848 1292 1071 5849 1308 1056 5850 1293 1072 5851 1309 1057 5852 1294 1057 5853 1294 1072 5854 1309 1073 5855 1310 1057 5856 1294 1073 5857 1310 1058 5858 1295 1058 5859 1295 1073 5860 1310 1074 5861 1311 1058 5862 1529 1075 5863 1312 1059 5864 1296 1075 5865 1312 1058 5866 1529 1074 5867 1530 1059 5868 1296 1076 5869 1313 1060 5870 1297 1076 5871 1313 1059 5872 1296 1075 5873 1312 1060 5874 1297 1076 5875 1313 1061 5876 1298 1061 5877 1298 1076 5878 1313 1077 5879 1314 1061 5880 1298 1077 5881 1314 1046 5882 1283 1046 5883 1283 1077 5884 1314 1062 5885 1299 1062 5886 1299 1079 5887 1316 1063 5888 1300 1079 5889 1316 1062 5890 1299 1078 5891 1315 1063 5892 1300 1080 5893 1317 1064 5894 1301 1080 5895 1317 1063 5896 1300 1079 5897 1316 1064 5898 1301 1080 5899 1317 1065 5900 1302 1065 5901 1302 1080 5902 1317 1081 5903 1318 1065 5904 1302 1081 5905 1318 1066 5906 1303 1066 5907 1303 1081 5908 1318 1082 5909 1319 1066 5910 1303 1083 5911 1320 1067 5912 1304 1083 5913 1320 1066 5914 1303 1082 5915 1319 1067 5916 1304 1084 5917 1321 1068 5918 1305 1084 5919 1321 1067 5920 1304 1083 5921 1320 1068 5922 1305 1084 5923 1321 1069 5924 1306 1069 5925 1306 1084 5926 1321 1085 5927 1322 1069 5928 1306 1085 5929 1322 1070 5930 1307 1070 5931 1307 1085 5932 1322 1086 5933 1323 1070 5934 1307 1087 5935 1324 1071 5936 1308 1087 5937 1324 1070 5938 1307 1086 5939 1323 1071 5940 1308 1088 5941 1325 1072 5942 1309 1088 5943 1325 1071 5944 1308 1087 5945 1324 1072 5946 1309 1088 5947 1325 1073 5948 1310 1073 5949 1310 1088 5950 1325 1089 5951 1326 1073 5952 1310 1089 5953 1326 1074 5954 1311 1074 5955 1311 1089 5956 1326 1090 5957 1327 1074 5958 1531 1091 5959 1328 1075 5960 1312 1091 5961 1328 1074 5962 1531 1090 5963 1532 1075 5964 1312 1092 5965 1329 1076 5966 1313 1092 5967 1329 1075 5968 1312 1091 5969 1328 1076 5970 1313 1092 5971 1329 1077 5972 1314 1077 5973 1314 1092 5974 1329 1093 5975 1330 1093 5976 1330 1062 5977 1299 1077 5978 1314 1062 5979 1299 1093 5980 1330 1078 5981 1315 1079 5982 1331 1078 5983 1487 1094 5984 1488 1080 5985 1489 1079 5986 1331 1094 5987 1488 1081 5988 1490 1080 5989 1489 1094 5990 1488 1082 5991 1491 1081 5992 1490 1094 5993 1488 1083 5994 1492 1082 5995 1491 1094 5996 1488 1084 5997 1493 1083 5998 1492 1094 5999 1488 1085 6000 1494 1084 6001 1493 1094 6002 1488 1086 6003 1495 1085 6004 1494 1094 6005 1488 1087 6006 1496 1086 6007 1495 1094 6008 1488 1088 6009 1497 1087 6010 1496 1094 6011 1488 1089 6012 1498 1088 6013 1497 1094 6014 1488 1090 6015 1499 1089 6016 1498 1094 6017 1488 1091 6018 1500 1090 6019 1499 1094 6020 1488 1092 6021 1501 1091 6022 1500 1094 6023 1488 1093 6024 1502 1092 6025 1501 1094 6026 1488 1078 6027 1487 1093 6028 1502 1094 6029 1488 1112 6030 1344 1095 6031 1342 1096 6032 1343 1095 6033 1342 1112 6034 1344 1111 6035 1345 1097 6036 1355 1112 6037 1344 1096 6038 1343 1112 6039 1344 1097 6040 1355 1113 6041 1356 1114 6042 1358 1097 6043 1355 1098 6044 1357 1097 6045 1355 1114 6046 1358 1113 6047 1356 1115 6048 1360 1098 6049 1357 1099 6050 1359 1098 6051 1357 1115 6052 1360 1114 6053 1358 1100 6054 1347 1116 6055 1348 1099 6056 1346 1115 6057 1349 1099 6058 1346 1116 6059 1348 1101 6060 1350 1116 6061 1348 1100 6062 1347 1116 6063 1348 1101 6064 1350 1117 6065 1351 1102 6066 1352 1118 6067 1353 1101 6068 1350 1117 6069 1351 1101 6070 1350 1118 6071 1353 1103 6072 1354 1118 6073 1353 1102 6074 1352 1118 6075 1353 1103 6076 1354 1119 6077 1362 1120 6078 1364 1103 6079 1354 1104 6080 1363 1103 6081 1354 1120 6082 1364 1119 6083 1362 1121 6084 1366 1104 6085 1363 1105 6086 1365 1104 6087 1363 1121 6088 1366 1120 6089 1364 1122 6090 1368 1105 6091 1365 1106 6092 1367 1105 6093 1365 1122 6094 1368 1121 6095 1366 1123 6096 1370 1106 6097 1367 1107 6098 1369 1106 6099 1367 1123 6100 1370 1122 6101 1368 1124 6102 1372 1107 6103 1361 1108 6104 1371 1107 6105 1361 1124 6106 1372 1123 6107 1373 1125 6108 1375 1108 6109 1371 1109 6110 1374 1108 6111 1371 1125 6112 1375 1124 6113 1372 1126 6114 1377 1109 6115 1374 1110 6116 1376 1109 6117 1374 1126 6118 1377 1125 6119 1375 1111 6120 1345 1110 6121 1376 1095 6122 1342 1110 6123 1376 1111 6124 1345 1126 6125 1377 1160 6126 1378 1111 6127 1345 1112 6128 1344 1159 6129 1379 1111 6130 1345 1160 6131 1378 1161 6132 1381 1112 6133 1344 1113 6134 1356 1160 6135 1378 1112 6136 1344 1161 6137 1381 1162 6138 1390 1113 6139 1356 1114 6140 1358 1161 6141 1381 1113 6142 1356 1162 6143 1390 1163 6144 1391 1114 6145 1358 1115 6146 1360 1162 6147 1390 1114 6148 1358 1163 6149 1391 1163 6150 1382 1115 6151 1349 1116 6152 1348 1163 6153 1382 1116 6154 1348 1164 6155 1380 1164 6156 1380 1116 6157 1348 1117 6158 1351 1164 6159 1380 1117 6160 1351 1165 6161 1383 1165 6162 1383 1117 6163 1351 1118 6164 1353 1165 6165 1383 1118 6166 1353 1166 6167 1384 1118 6168 1353 1167 6169 1385 1166 6170 1384 1167 6171 1385 1118 6172 1353 1119 6173 1362 1120 6174 1364 1168 6175 1386 1167 6176 1385 1120 6177 1364 1167 6178 1385 1119 6179 1362 1121 6180 1366 1169 6181 1387 1168 6182 1386 1121 6183 1366 1168 6184 1386 1120 6185 1364 1122 6186 1368 1170 6187 1388 1169 6188 1387 1122 6189 1368 1169 6190 1387 1121 6191 1366 1123 6192 1370 1171 6193 1389 1170 6194 1388 1123 6195 1370 1170 6196 1388 1122 6197 1368 1172 6198 1392 1123 6199 1373 1124 6200 1372 1123 6201 1373 1172 6202 1392 1171 6203 1393 1173 6204 1394 1124 6205 1372 1125 6206 1375 1124 6207 1372 1173 6208 1394 1172 6209 1392 1174 6210 1395 1125 6211 1375 1126 6212 1377 1125 6213 1375 1174 6214 1395 1173 6215 1394 1111 6216 1345 1174 6217 1395 1126 6218 1377 1174 6219 1395 1111 6220 1345 1159 6221 1379 1143 6222 1408 1176 6223 1397 1175 6224 1407 1176 6225 1397 1143 6226 1408 1144 6227 1396 1144 6228 1396 1177 6229 1410 1176 6230 1397 1177 6231 1410 1144 6232 1396 1145 6233 1409 1177 6234 1410 1145 6235 1409 1178 6236 1412 1178 6237 1412 1145 6238 1409 1146 6239 1411 1178 6240 1412 1146 6241 1411 1179 6242 1414 1179 6243 1414 1146 6244 1411 1147 6245 1413 1179 6246 1400 1148 6247 1398 1180 6248 1399 1148 6249 1398 1179 6250 1400 1147 6251 1401 1180 6252 1399 1149 6253 1402 1181 6254 1403 1149 6255 1402 1180 6256 1399 1148 6257 1398 1181 6258 1403 1150 6259 1404 1182 6260 1405 1181 6261 1403 1149 6262 1402 1150 6263 1404 1150 6264 1404 1183 6265 1415 1182 6266 1405 1183 6267 1415 1150 6268 1404 1151 6269 1406 1183 6270 1415 1151 6271 1406 1152 6272 1416 1183 6273 1415 1152 6274 1416 1184 6275 1417 1184 6276 1417 1152 6277 1416 1153 6278 1418 1184 6279 1417 1153 6280 1418 1185 6281 1419 1185 6282 1419 1154 6283 1420 1186 6284 1421 1154 6285 1420 1185 6286 1419 1153 6287 1418 1155 6288 1422 1186 6289 1421 1154 6290 1420 1186 6291 1421 1155 6292 1422 1187 6293 1423 1155 6294 1427 1188 6295 1425 1187 6296 1426 1188 6297 1425 1155 6298 1427 1156 6299 1424 1188 6300 1425 1156 6301 1424 1189 6302 1429 1189 6303 1429 1156 6304 1424 1157 6305 1428 1189 6306 1429 1157 6307 1428 1190 6308 1431 1158 6309 1430 1190 6310 1431 1157 6311 1428 1143 6312 1408 1190 6313 1431 1158 6314 1430 1190 6315 1431 1143 6316 1408 1175 6317 1407 1160 6318 1378 1143 6319 1408 1159 6320 1379 1143 6321 1408 1160 6322 1378 1144 6323 1396 1160 6324 1378 1145 6325 1409 1144 6326 1396 1145 6327 1409 1160 6328 1378 1161 6329 1381 1161 6330 1381 1146 6331 1411 1145 6332 1409 1146 6333 1411 1161 6334 1381 1162 6335 1390 1147 6336 1413 1162 6337 1390 1163 6338 1391 1162 6339 1390 1147 6340 1413 1146 6341 1411 1147 6342 1401 1164 6343 1380 1148 6344 1398 1164 6345 1380 1147 6346 1401 1163 6347 1382 1148 6348 1398 1165 6349 1383 1149 6350 1402 1165 6351 1383 1148 6352 1398 1164 6353 1380 1149 6354 1402 1166 6355 1384 1150 6356 1404 1166 6357 1384 1149 6358 1402 1165 6359 1383 1150 6360 1404 1166 6361 1384 1151 6362 1406 1151 6363 1406 1166 6364 1384 1167 6365 1385 1167 6366 1385 1152 6367 1416 1151 6368 1406 1168 6369 1386 1152 6370 1416 1167 6371 1385 1169 6372 1387 1152 6373 1416 1168 6374 1386 1152 6375 1416 1169 6376 1387 1153 6377 1418 1170 6378 1388 1153 6379 1418 1169 6380 1387 1153 6381 1418 1170 6382 1388 1154 6383 1420 1154 6384 1420 1171 6385 1389 1155 6386 1422 1171 6387 1389 1154 6388 1420 1170 6389 1388 1156 6390 1424 1171 6391 1393 1172 6392 1392 1171 6393 1393 1156 6394 1424 1155 6395 1427 1157 6396 1428 1172 6397 1392 1173 6398 1394 1172 6399 1392 1157 6400 1428 1156 6401 1424 1157 6402 1428 1174 6403 1395 1158 6404 1430 1174 6405 1395 1157 6406 1428 1173 6407 1394 1159 6408 1379 1143 6409 1408 1158 6410 1430 1159 6411 1379 1158 6412 1430 1174 6413 1395 1175 6414 1407 1128 6415 1441 1127 6416 1442 1128 6417 1441 1175 6418 1407 1176 6419 1397 1176 6420 1397 1129 6421 1443 1128 6422 1441 1129 6423 1443 1176 6424 1397 1177 6425 1410 1130 6426 1503 1177 6427 1410 1178 6428 1412 1177 6429 1410 1130 6430 1503 1129 6431 1443 1130 6432 1503 1179 6433 1414 1131 6434 1504 1179 6435 1414 1130 6436 1503 1178 6437 1412 1131 6438 1433 1179 6439 1400 1132 6440 1432 1132 6441 1432 1179 6442 1400 1180 6443 1399 1132 6444 1432 1181 6445 1403 1133 6446 1434 1181 6447 1403 1132 6448 1432 1180 6449 1399 1133 6450 1434 1181 6451 1403 1134 6452 1435 1134 6453 1435 1181 6454 1403 1182 6455 1405 1134 6456 1435 1182 6457 1405 1135 6458 1436 1135 6459 1436 1182 6460 1405 1183 6461 1415 1135 6462 1436 1184 6463 1417 1136 6464 1437 1135 6465 1436 1183 6466 1415 1184 6467 1417 1136 6468 1437 1185 6469 1419 1137 6470 1438 1136 6471 1437 1184 6472 1417 1185 6473 1419 1137 6474 1438 1186 6475 1421 1138 6476 1439 1186 6477 1421 1137 6478 1438 1185 6479 1419 1187 6480 1423 1138 6481 1439 1186 6482 1421 1138 6483 1439 1187 6484 1423 1139 6485 1440 1187 6486 1426 1140 6487 1505 1139 6488 1506 1140 6489 1505 1187 6490 1426 1188 6491 1425 1188 6492 1425 1141 6493 1519 1140 6494 1505 1141 6495 1519 1188 6496 1425 1189 6497 1429 1190 6498 1431 1141 6499 1519 1189 6500 1429 1141 6501 1519 1190 6502 1431 1142 6503 1520 1175 6504 1407 1142 6505 1520 1190 6506 1431 1142 6507 1520 1175 6508 1407 1127 6509 1442 1128 6510 1441 1191 6511 1522 1127 6512 1442 1191 6513 1522 1128 6514 1441 1192 6515 1521 1129 6516 1443 1192 6517 1521 1128 6518 1441 1192 6519 1521 1129 6520 1443 1193 6521 1523 1193 6522 1523 1130 6523 1503 1194 6524 1524 1130 6525 1503 1193 6526 1523 1129 6527 1443 1194 6528 1524 1131 6529 1504 1195 6530 1525 1131 6531 1504 1194 6532 1524 1130 6533 1503 1132 6534 1432 1195 6535 1534 1131 6536 1433 1195 6537 1534 1132 6538 1432 1196 6539 1526 1133 6540 1434 1196 6541 1526 1132 6542 1432 1196 6543 1526 1133 6544 1434 1197 6545 1538 1197 6546 1538 1134 6547 1435 1198 6548 1539 1134 6549 1435 1197 6550 1538 1133 6551 1434 1198 6552 1539 1135 6553 1436 1199 6554 1540 1135 6555 1436 1198 6556 1539 1134 6557 1435 1200 6558 1541 1199 6559 1540 1135 6560 1436 1135 6561 1436 1136 6562 1437 1200 6563 1541 1200 6564 1541 1136 6565 1437 1201 6566 1542 1136 6567 1437 1137 6568 1438 1201 6569 1542 1137 6570 1438 1138 6571 1439 1202 6572 1543 1137 6573 1438 1202 6574 1543 1201 6575 1542 1203 6576 1544 1138 6577 1439 1139 6578 1440 1138 6579 1439 1203 6580 1544 1202 6581 1543 1204 6582 1535 1203 6583 1533 1139 6584 1506 1139 6585 1506 1140 6586 1505 1204 6587 1535 1205 6588 1536 1204 6589 1535 1140 6590 1505 1140 6591 1505 1141 6592 1519 1205 6593 1536 1205 6594 1536 1141 6595 1519 1206 6596 1537 1141 6597 1519 1142 6598 1520 1206 6599 1537 1142 6600 1520 1127 6601 1442 1191 6602 1522 1142 6603 1520 1191 6604 1522 1206 6605 1537 1208 6606 1446 1191 6607 1444 1192 6608 1445 1191 6609 1444 1208 6610 1446 1207 6611 1447 1209 6612 1449 1192 6613 1445 1193 6614 1448 1192 6615 1445 1209 6616 1449 1208 6617 1446 1209 6618 1449 1194 6619 1450 1210 6620 1451 1194 6621 1450 1209 6622 1449 1193 6623 1448 1195 6624 1452 1210 6625 1451 1194 6626 1450 1210 6627 1451 1195 6628 1452 1211 6629 1453 1212 6630 1455 1195 6631 1452 1196 6632 1454 1195 6633 1452 1212 6634 1455 1211 6635 1453 1213 6636 1457 1196 6637 1454 1197 6638 1456 1196 6639 1454 1213 6640 1457 1212 6641 1455 1214 6642 1459 1197 6643 1456 1198 6644 1458 1197 6645 1456 1214 6646 1459 1213 6647 1457 1198 6648 1458 1215 6649 1461 1214 6650 1459 1215 6651 1461 1198 6652 1458 1199 6653 1460 1215 6654 1461 1200 6655 1462 1216 6656 1463 1200 6657 1462 1215 6658 1461 1199 6659 1460 1216 6660 1463 1201 6661 1464 1217 6662 1465 1201 6663 1464 1216 6664 1463 1200 6665 1462 1202 6666 1466 1217 6667 1465 1201 6668 1464 1217 6669 1465 1202 6670 1466 1218 6671 1467 1203 6672 1468 1218 6673 1467 1202 6674 1466 1218 6675 1467 1203 6676 1468 1219 6677 1469 1204 6678 1470 1220 6679 1471 1203 6680 1468 1203 6681 1468 1220 6682 1471 1219 6683 1469 1220 6684 1471 1204 6685 1470 1221 6686 1473 1204 6687 1470 1205 6688 1472 1221 6689 1473 1206 6690 1474 1221 6691 1473 1205 6692 1472 1221 6693 1473 1206 6694 1474 1222 6695 1475 1191 6696 1444 1222 6697 1475 1206 6698 1474 1222 6699 1475 1191 6700 1444 1207 6701 1447 1207 6702 1447 1208 6703 1446 1223 6704 1476 1208 6705 1446 1209 6706 1449 1223 6707 1476 1209 6708 1449 1210 6709 1451 1223 6710 1476 1210 6711 1451 1211 6712 1453 1223 6713 1476 1211 6714 1453 1212 6715 1455 1223 6716 1476 1212 6717 1455 1213 6718 1457 1223 6719 1476 1213 6720 1457 1214 6721 1459 1223 6722 1476 1214 6723 1459 1215 6724 1461 1223 6725 1476 1215 6726 1461 1216 6727 1463 1223 6728 1476 1216 6729 1463 1217 6730 1465 1223 6731 1476 1217 6732 1465 1218 6733 1467 1223 6734 1476 1218 6735 1467 1219 6736 1469 1223 6737 1476 1219 6738 1469 1220 6739 1471 1223 6740 1476 1220 6741 1471 1221 6742 1473 1223 6743 1476 1221 6744 1473 1222 6745 1475 1223 6746 1476 1222 6747 1475 1207 6748 1447 1223 6749 1476 1225 6750 1546 1227 6751 1548 1224 6752 1545 1227 6753 1548 1225 6754 1546 1226 6755 1547 1228 6756 1549 1226 6757 1547 1225 6758 1546 1226 6759 1547 1228 6760 1549 1229 6761 1550 1230 6762 1551 1229 6763 1550 1228 6764 1549 1229 6765 1550 1230 6766 1551 1231 6767 1552 1233 6768 1554 1230 6769 1551 1232 6770 1553 1230 6771 1551 1233 6772 1554 1231 6773 1552 1234 6774 1556 1235 6775 1557 1232 6776 1555 1233 6777 1558 1232 6778 1555 1235 6779 1557 1236 6780 1559 1235 6781 1557 1234 6782 1556 1235 6783 1557 1236 6784 1559 1237 6785 1560 1238 6786 1561 1237 6787 1560 1236 6788 1559 1237 6789 1560 1238 6790 1561 1239 6791 1562 1240 6792 1563 1239 6793 1562 1238 6794 1561 1239 6795 1562 1240 6796 1563 1241 6797 1564 1242 6798 1565 1243 6799 1566 1240 6800 1563 1241 6801 1564 1240 6802 1563 1243 6803 1566 1244 6804 1567 1245 6805 1568 1242 6806 1565 1243 6807 1566 1242 6808 1565 1245 6809 1568 1246 6810 1569 1247 6811 1570 1244 6812 1567 1245 6813 1568 1244 6814 1567 1247 6815 1570 1248 6816 1571 1247 6817 1570 1246 6818 1569 1247 6819 1570 1248 6820 1571 1249 6821 1572 1250 6822 1574 1249 6823 1576 1248 6824 1573 1249 6825 1576 1250 6826 1574 1251 6827 1575 1252 6828 1577 1251 6829 1575 1250 6830 1574 1251 6831 1575 1252 6832 1577 1253 6833 1578 1254 6834 1579 1253 6835 1578 1252 6836 1577 1253 6837 1578 1254 6838 1579 1255 6839 1580 1224 6840 1545 1227 6841 1548 1254 6842 1579 1255 6843 1580 1254 6844 1579 1227 6845 1548 1226 6846 1547 1257 6847 1582 1227 6848 1548 1257 6849 1582 1226 6850 1547 1256 6851 1581 1258 6852 1583 1226 6853 1547 1229 6854 1550 1226 6855 1547 1258 6856 1583 1256 6857 1581 1259 6858 1584 1229 6859 1550 1231 6860 1552 1229 6861 1550 1259 6862 1584 1258 6863 1583 1260 6864 1585 1231 6865 1552 1233 6866 1554 1259 6867 1584 1231 6868 1552 1260 6869 1585 1260 6870 1587 1233 6871 1558 1235 6872 1557 1260 6873 1587 1235 6874 1557 1261 6875 1586 1261 6876 1586 1235 6877 1557 1237 6878 1560 1261 6879 1586 1237 6880 1560 1262 6881 1588 1262 6882 1588 1237 6883 1560 1239 6884 1562 1262 6885 1588 1239 6886 1562 1263 6887 1589 1263 6888 1589 1239 6889 1562 1241 6890 1564 1263 6891 1589 1241 6892 1564 1264 6893 1590 1241 6894 1564 1265 6895 1591 1264 6896 1590 1265 6897 1591 1241 6898 1564 1243 6899 1566 1265 6900 1591 1243 6901 1566 1245 6902 1568 1265 6903 1591 1245 6904 1568 1266 6905 1592 1266 6906 1592 1245 6907 1568 1247 6908 1570 1266 6909 1592 1247 6910 1570 1267 6911 1593 1267 6912 1593 1247 6913 1570 1249 6914 1572 1267 6915 1593 1249 6916 1572 1268 6917 1594 1251 6918 1575 1269 6919 1595 1249 6920 1576 1268 6921 1596 1249 6922 1576 1269 6923 1595 1253 6924 1578 1270 6925 1597 1251 6926 1575 1251 6927 1575 1270 6928 1597 1269 6929 1595 1255 6930 1580 1271 6931 1598 1253 6932 1578 1253 6933 1578 1271 6934 1598 1270 6935 1597 1227 6936 1548 1257 6937 1582 1255 6938 1580 1255 6939 1580 1257 6940 1582 1271 6941 1598 1274 6942 1601 1272 6943 1599 1273 6944 1600 1272 6945 1599 1274 6946 1601 1275 6947 1602 1273 6948 1600 1272 6949 1599 1277 6950 1604 1276 6951 1603 1277 6952 1604 1272 6953 1599 1277 6954 1604 1276 6955 1603 1279 6956 1606 1279 6957 1606 1276 6958 1603 1278 6959 1605 1278 6960 1605 1281 6961 1608 1279 6962 1606 1281 6963 1608 1278 6964 1605 1280 6965 1607 1282 6966 1609 1281 6967 1611 1280 6968 1612 1281 6969 1611 1282 6970 1609 1283 6971 1610 1284 6972 1613 1283 6973 1610 1282 6974 1609 1283 6975 1610 1284 6976 1613 1285 6977 1614 1286 6978 1615 1287 6979 1616 1285 6980 1614 1286 6981 1615 1285 6982 1614 1284 6983 1613 1288 6984 1617 1289 6985 1618 1287 6986 1616 1288 6987 1617 1287 6988 1616 1286 6989 1615 1291 6990 1620 1288 6991 1617 1290 6992 1619 1288 6993 1617 1291 6994 1620 1289 6995 1618 1291 6996 1620 1292 6997 1621 1293 6998 1622 1291 6999 1620 1290 7000 1619 1292 7001 1621 1293 7002 1622 1294 7003 1623 1295 7004 1624 1294 7005 1623 1293 7006 1622 1292 7007 1621 1295 7008 1624 1296 7009 1625 1297 7010 1626 1296 7011 1625 1295 7012 1624 1294 7013 1623 1297 7014 1629 1296 7015 1630 1299 7016 1628 1299 7017 1628 1296 7018 1630 1298 7019 1627 1299 7020 1628 1298 7021 1627 1301 7022 1632 1301 7023 1632 1298 7024 1627 1300 7025 1631 1301 7026 1632 1300 7027 1631 1303 7028 1634 1302 7029 1633 1303 7030 1634 1300 7031 1631 1303 7032 1634 1302 7033 1633 1274 7034 1601 1275 7035 1602 1274 7036 1601 1302 7037 1633 1275 7038 1602 1256 7039 1581 1272 7040 1599 1256 7041 1581 1275 7042 1602 1257 7043 1582 1276 7044 1603 1256 7045 1581 1258 7046 1583 1256 7047 1581 1276 7048 1603 1272 7049 1599 1278 7050 1605 1258 7051 1583 1259 7052 1584 1258 7053 1583 1278 7054 1605 1276 7055 1603 1259 7056 1584 1280 7057 1607 1278 7058 1605 1280 7059 1607 1259 7060 1584 1260 7061 1585 1280 7062 1612 1261 7063 1586 1282 7064 1609 1261 7065 1586 1280 7066 1612 1260 7067 1587 1282 7068 1609 1262 7069 1588 1284 7070 1613 1262 7071 1588 1282 7072 1609 1261 7073 1586 1284 7074 1613 1263 7075 1589 1286 7076 1615 1263 7077 1589 1284 7078 1613 1262 7079 1588 1286 7080 1615 1263 7081 1589 1288 7082 1617 1288 7083 1617 1263 7084 1589 1264 7085 1590 1288 7086 1617 1264 7087 1590 1290 7088 1619 1290 7089 1619 1264 7090 1590 1265 7091 1591 1290 7092 1619 1265 7093 1591 1292 7094 1621 1292 7095 1621 1265 7096 1591 1266 7097 1592 1292 7098 1621 1267 7099 1593 1294 7100 1623 1267 7101 1593 1292 7102 1621 1266 7103 1592 1294 7104 1623 1268 7105 1594 1296 7106 1625 1268 7107 1594 1294 7108 1623 1267 7109 1593 1298 7110 1627 1268 7111 1596 1269 7112 1595 1268 7113 1596 1298 7114 1627 1296 7115 1630 1269 7116 1595 1300 7117 1631 1298 7118 1627 1300 7119 1631 1269 7120 1595 1270 7121 1597 1270 7122 1597 1302 7123 1633 1300 7124 1631 1302 7125 1633 1270 7126 1597 1271 7127 1598 1302 7128 1633 1271 7129 1598 1257 7130 1582 1257 7131 1582 1275 7132 1602 1302 7133 1633 1305 7134 1636 1273 7135 1600 1304 7136 1635 1273 7137 1600 1305 7138 1636 1274 7139 1601 1304 7140 1635 1277 7141 1604 1306 7142 1637 1277 7143 1604 1304 7144 1635 1273 7145 1600 1277 7146 1604 1307 7147 1638 1306 7148 1637 1307 7149 1638 1277 7150 1604 1279 7151 1606 1281 7152 1608 1307 7153 1638 1279 7154 1606 1307 7155 1638 1281 7156 1608 1308 7157 1639 1281 7158 1611 1309 7159 1640 1308 7160 1641 1309 7161 1640 1281 7162 1611 1283 7163 1610 1309 7164 1640 1285 7165 1614 1310 7166 1642 1285 7167 1614 1309 7168 1640 1283 7169 1610 1287 7170 1616 1310 7171 1642 1285 7172 1614 1310 7173 1642 1287 7174 1616 1311 7175 1643 1289 7176 1618 1311 7177 1643 1287 7178 1616 1311 7179 1643 1289 7180 1618 1312 7181 1644 1289 7182 1618 1313 7183 1645 1312 7184 1644 1313 7185 1645 1289 7186 1618 1291 7187 1620 1291 7188 1620 1314 7189 1646 1313 7190 1645 1314 7191 1646 1291 7192 1620 1293 7193 1622 1314 7194 1646 1295 7195 1624 1315 7196 1647 1295 7197 1624 1314 7198 1646 1293 7199 1622 1315 7200 1647 1297 7201 1626 1316 7202 1648 1297 7203 1626 1315 7204 1647 1295 7205 1624 1316 7206 1650 1297 7207 1629 1317 7208 1649 1317 7209 1649 1297 7210 1629 1299 7211 1628 1317 7212 1649 1299 7213 1628 1318 7214 1651 1318 7215 1651 1299 7216 1628 1301 7217 1632 1318 7218 1651 1301 7219 1632 1319 7220 1652 1303 7221 1634 1319 7222 1652 1301 7223 1632 1319 7224 1652 1303 7225 1634 1305 7226 1636 1274 7227 1601 1305 7228 1636 1303 7229 1634 1320 7230 1653 1321 7231 1654 1305 7232 1636 1305 7233 1636 1304 7234 1635 1320 7235 1653 1320 7236 1653 1304 7237 1635 1322 7238 1655 1304 7239 1635 1306 7240 1637 1322 7241 1655 1306 7242 1637 1307 7243 1638 1323 7244 1656 1306 7245 1637 1323 7246 1656 1322 7247 1655 1324 7248 1657 1307 7249 1638 1308 7250 1639 1307 7251 1638 1324 7252 1657 1323 7253 1656 1325 7254 1658 1324 7255 1659 1308 7256 1641 1308 7257 1641 1309 7258 1640 1325 7259 1658 1326 7260 1660 1325 7261 1658 1309 7262 1640 1309 7263 1640 1310 7264 1642 1326 7265 1660 1326 7266 1660 1310 7267 1642 1327 7268 1661 1310 7269 1642 1311 7270 1643 1327 7271 1661 1311 7272 1643 1312 7273 1644 1328 7274 1662 1311 7275 1643 1328 7276 1662 1327 7277 1661 1313 7278 1645 1328 7279 1662 1312 7280 1644 1328 7281 1662 1313 7282 1645 1329 7283 1663 1314 7284 1646 1329 7285 1663 1313 7286 1645 1329 7287 1663 1314 7288 1646 1330 7289 1664 1330 7290 1664 1315 7291 1647 1331 7292 1665 1315 7293 1647 1330 7294 1664 1314 7295 1646 1331 7296 1665 1316 7297 1648 1332 7298 1666 1316 7299 1648 1331 7300 1665 1315 7301 1647 1317 7302 1649 1332 7303 1668 1316 7304 1650 1332 7305 1668 1317 7306 1649 1333 7307 1667 1318 7308 1651 1333 7309 1667 1317 7310 1649 1333 7311 1667 1318 7312 1651 1334 7313 1669 1334 7314 1669 1319 7315 1652 1335 7316 1670 1319 7317 1652 1334 7318 1669 1318 7319 1651 1335 7320 1670 1305 7321 1636 1321 7322 1654 1305 7323 1636 1335 7324 1670 1319 7325 1652 1337 7326 1674 1320 7327 1672 1336 7328 1673 1320 7329 1672 1337 7330 1674 1321 7331 1671 1336 7332 1673 1322 7333 1675 1338 7334 1676 1322 7335 1675 1336 7336 1673 1320 7337 1672 1323 7338 1677 1338 7339 1676 1322 7340 1675 1338 7341 1676 1323 7342 1677 1339 7343 1678 1324 7344 1679 1339 7345 1678 1323 7346 1677 1339 7347 1678 1324 7348 1679 1340 7349 1680 1325 7350 1681 1341 7351 1682 1324 7352 1679 1324 7353 1679 1341 7354 1682 1340 7355 1680 1341 7356 1682 1325 7357 1681 1342 7358 1684 1325 7359 1681 1326 7360 1683 1342 7361 1684 1327 7362 1685 1342 7363 1684 1326 7364 1683 1342 7365 1684 1327 7366 1685 1343 7367 1686 1328 7368 1687 1343 7369 1686 1327 7370 1685 1343 7371 1686 1328 7372 1687 1344 7373 1688 1345 7374 1690 1328 7375 1687 1329 7376 1689 1328 7377 1687 1345 7378 1690 1344 7379 1688 1346 7380 1692 1329 7381 1689 1330 7382 1691 1329 7383 1689 1346 7384 1692 1345 7385 1690 1346 7386 1692 1331 7387 1693 1347 7388 1694 1331 7389 1693 1346 7390 1692 1330 7391 1691 1332 7392 1695 1347 7393 1694 1331 7394 1693 1347 7395 1694 1332 7396 1695 1348 7397 1696 1349 7398 1698 1332 7399 1695 1333 7400 1697 1332 7401 1695 1349 7402 1698 1348 7403 1696 1350 7404 1700 1333 7405 1697 1334 7406 1699 1333 7407 1697 1350 7408 1700 1349 7409 1698 1351 7410 1702 1334 7411 1699 1335 7412 1701 1334 7413 1699 1351 7414 1702 1350 7415 1700 1335 7416 1701 1337 7417 1674 1351 7418 1702 1337 7419 1674 1335 7420 1701 1321 7421 1671 1337 7422 1674 1336 7423 1673 1352 7424 1703 1336 7425 1673 1338 7426 1676 1352 7427 1703 1338 7428 1676 1339 7429 1678 1352 7430 1703 1339 7431 1678 1340 7432 1680 1352 7433 1703 1340 7434 1680 1341 7435 1682 1352 7436 1703 1341 7437 1682 1342 7438 1684 1352 7439 1703 1342 7440 1684 1343 7441 1686 1352 7442 1703 1343 7443 1686 1344 7444 1688 1352 7445 1703 1344 7446 1688 1345 7447 1690 1352 7448 1703 1345 7449 1690 1346 7450 1692 1352 7451 1703 1346 7452 1692 1347 7453 1694 1352 7454 1703 1347 7455 1694 1348 7456 1696 1352 7457 1703 1348 7458 1696 1349 7459 1698 1352 7460 1703 1349 7461 1698 1350 7462 1700 1352 7463 1703 1350 7464 1700 1351 7465 1702 1352 7466 1703 1351 7467 1702 1337 7468 1674 1352 7469 1703 1354 7470 1705 1356 7471 1707 1355 7472 1706 1356 7473 1707 1354 7474 1705 1353 7475 1704 1358 7476 1709 1360 7477 1711 1359 7478 1710 1360 7479 1711 1358 7480 1709 1357 7481 1708 1357 7482 1708 1356 7483 1707 1360 7484 1711 1356 7485 1707 1357 7486 1708 1355 7487 1706 1363 7488 1714 1362 7489 1713 1364 7490 1715 1364 7491 1715 1362 7492 1713 1361 7493 1712 1368 7494 1719 1366 7495 1717 1365 7496 1716 1366 7497 1717 1368 7498 1719 1367 7499 1718 1365 7500 1716 1362 7501 1713 1363 7502 1714 1362 7503 1713 1365 7504 1716 1366 7505 1717 1369 7506 1720 1355 7507 1706 1370 7508 1721 1354 7509 1705 1355 7510 1706 1369 7511 1720 1372 7512 1723 1357 7513 1708 1358 7514 1709 1357 7515 1708 1372 7516 1723 1371 7517 1722 1371 7518 1722 1355 7519 1706 1357 7520 1708 1355 7521 1706 1371 7522 1722 1370 7523 1721 1369 7524 1725 1363 7525 1714 1364 7526 1715 1363 7527 1714 1369 7528 1725 1370 7529 1724 1372 7530 1726 1365 7531 1716 1371 7532 1727 1368 7533 1719 1365 7534 1716 1372 7535 1726 1371 7536 1727 1363 7537 1714 1370 7538 1724 1363 7539 1714 1371 7540 1727 1365 7541 1716 1373 7542 1728 1359 7543 1710 1374 7544 1729 1359 7545 1710 1373 7546 1728 1358 7547 1709 1373 7548 1731 1367 7549 1718 1368 7550 1719 1367 7551 1718 1373 7552 1731 1374 7553 1730 1358 7554 1709 1373 7555 1728 1375 7556 1732 1372 7557 1726 1375 7558 1733 1368 7559 1719 1358 7560 1709 1375 7561 1732 1372 7562 1723 1368 7563 1719 1375 7564 1733 1373 7565 1731 1354 7566 1705 1377 7567 1735 1376 7568 1734 1361 7569 1712 1376 7570 1736 1364 7571 1715 1369 7572 1720 1378 7573 1737 1354 7574 1705 1364 7575 1715 1377 7576 1739 1378 7577 1738 1354 7578 1705 1378 7579 1737 1377 7580 1735 1364 7581 1715 1378 7582 1738 1369 7583 1725 1356 7584 1707 1380 7585 1741 1379 7586 1740 1380 7587 1741 1356 7588 1707 1353 7589 1704 1382 7590 1743 1359 7591 1710 1360 7592 1711 1359 7593 1710 1382 7594 1743 1381 7595 1742 1360 7596 1711 1379 7597 1740 1382 7598 1743 1379 7599 1740 1360 7600 1711 1356 7601 1707 1361 7602 1712 1362 7603 1713 1380 7604 1744 1362 7605 1713 1379 7606 1745 1380 7607 1744 1381 7608 1747 1382 7609 1746 1367 7610 1718 1366 7611 1717 1367 7612 1718 1382 7613 1746 1379 7614 1745 1362 7615 1713 1366 7616 1717 1366 7617 1717 1382 7618 1746 1379 7619 1745 1383 7620 1748 1374 7621 1729 1359 7622 1710 1359 7623 1710 1381 7624 1742 1383 7625 1748 1374 7626 1730 1383 7627 1749 1367 7628 1718 1367 7629 1718 1383 7630 1749 1381 7631 1747 1354 7632 1705 1376 7633 1734 1353 7634 1704 1364 7635 1715 1376 7636 1736 1377 7637 1739 1353 7638 1750 1376 7639 1752 1361 7640 1751 1353 7641 1750 1361 7642 1751 1380 7643 1753 1386 7644 1756 1384 7645 1754 1387 7646 1757 1384 7647 1754 1386 7648 1756 1385 7649 1755 1389 7650 1759 1385 7651 1755 1386 7652 1756 1385 7653 1755 1389 7654 1759 1388 7655 1758 1390 7656 1760 1389 7657 1759 1391 7658 1761 1389 7659 1759 1390 7660 1760 1388 7661 1758 1391 7662 1761 1392 7663 1762 1390 7664 1760 1392 7665 1762 1391 7666 1761 1393 7667 1763 1395 7668 1765 1392 7669 1762 1393 7670 1763 1392 7671 1762 1395 7672 1765 1394 7673 1764 1397 7674 1767 1394 7675 1764 1395 7676 1765 1394 7677 1764 1397 7678 1767 1396 7679 1766 1398 7680 1768 1397 7681 1767 1399 7682 1769 1397 7683 1767 1398 7684 1768 1396 7685 1766 1399 7686 1769 1400 7687 1770 1398 7688 1768 1400 7689 1770 1399 7690 1769 1401 7691 1771 1403 7692 1773 1400 7693 1770 1401 7694 1771 1400 7695 1770 1403 7696 1773 1402 7697 1772 1405 7698 1775 1402 7699 1772 1403 7700 1773 1402 7701 1772 1405 7702 1775 1404 7703 1774 1406 7704 1776 1405 7705 1775 1407 7706 1777 1405 7707 1775 1406 7708 1776 1404 7709 1774 1407 7710 1777 1408 7711 1778 1406 7712 1776 1408 7713 1778 1407 7714 1777 1409 7715 1779 1411 7716 1782 1408 7717 1780 1409 7718 1783 1408 7719 1780 1411 7720 1782 1410 7721 1781 1413 7722 1785 1410 7723 1781 1411 7724 1782 1410 7725 1781 1413 7726 1785 1412 7727 1784 1414 7728 1786 1413 7729 1785 1415 7730 1787 1413 7731 1785 1414 7732 1786 1412 7733 1784 1415 7734 1787 1384 7735 1754 1414 7736 1786 1384 7737 1754 1415 7738 1787 1387 7739 1757 1416 7740 1788 1387 7741 1757 1417 7742 1789 1387 7743 1757 1416 7744 1788 1386 7745 1756 1418 7746 1790 1386 7747 1756 1416 7748 1788 1386 7749 1756 1418 7750 1790 1389 7751 1759 1391 7752 1761 1418 7753 1790 1419 7754 1791 1418 7755 1790 1391 7756 1761 1389 7757 1759 1419 7758 1791 1393 7759 1763 1391 7760 1761 1393 7761 1763 1419 7762 1791 1420 7763 1792 1421 7764 1793 1393 7765 1763 1420 7766 1792 1393 7767 1763 1421 7768 1793 1395 7769 1765 1422 7770 1794 1395 7771 1765 1421 7772 1793 1395 7773 1765 1422 7774 1794 1397 7775 1767 1399 7776 1769 1422 7777 1794 1423 7778 1795 1422 7779 1794 1399 7780 1769 1397 7781 1767 1423 7782 1795 1401 7783 1771 1399 7784 1769 1401 7785 1771 1423 7786 1795 1424 7787 1796 1425 7788 1797 1401 7789 1771 1424 7790 1796 1401 7791 1771 1425 7792 1797 1403 7793 1773 1426 7794 1798 1403 7795 1773 1425 7796 1797 1403 7797 1773 1426 7798 1798 1405 7799 1775 1407 7800 1777 1426 7801 1798 1427 7802 1799 1426 7803 1798 1407 7804 1777 1405 7805 1775 1427 7806 1799 1409 7807 1779 1407 7808 1777 1409 7809 1779 1427 7810 1799 1428 7811 1800 1429 7812 1802 1409 7813 1801 1428 7814 1803 1409 7815 1801 1429 7816 1802 1411 7817 1782 1430 7818 1804 1411 7819 1782 1429 7820 1802 1411 7821 1782 1430 7822 1804 1413 7823 1785 1415 7824 1787 1430 7825 1804 1431 7826 1805 1430 7827 1804 1415 7828 1787 1413 7829 1785 1431 7830 1805 1387 7831 1757 1415 7832 1787 1387 7833 1757 1431 7834 1805 1417 7835 1789 1432 7836 1806 1417 7837 1789 1433 7838 1807 1417 7839 1789 1432 7840 1806 1416 7841 1788 1432 7842 1806 1418 7843 1790 1416 7844 1788 1418 7845 1790 1432 7846 1806 1434 7847 1808 1434 7848 1808 1419 7849 1791 1418 7850 1790 1419 7851 1791 1434 7852 1808 1435 7853 1809 1420 7854 1792 1435 7855 1809 1436 7856 1810 1435 7857 1809 1420 7858 1792 1419 7859 1791 1437 7860 1811 1420 7861 1792 1436 7862 1810 1420 7863 1792 1437 7864 1811 1421 7865 1793 1422 7866 1794 1421 7867 1793 1438 7868 1812 1438 7869 1812 1421 7870 1793 1437 7871 1811 1422 7872 1794 1439 7873 1813 1423 7874 1795 1439 7875 1813 1422 7876 1794 1438 7877 1812 1424 7878 1796 1439 7879 1813 1440 7880 1814 1439 7881 1813 1424 7882 1796 1423 7883 1795 1441 7884 1815 1424 7885 1796 1440 7886 1814 1424 7887 1796 1441 7888 1815 1425 7889 1797 1441 7890 1815 1442 7891 1816 1425 7892 1797 1426 7893 1798 1425 7894 1797 1442 7895 1816 1427 7896 1799 1426 7897 1798 1443 7898 1817 1426 7899 1798 1442 7900 1816 1443 7901 1817 1428 7902 1800 1443 7903 1817 1444 7904 1818 1443 7905 1817 1428 7906 1800 1427 7907 1799 1445 7908 1820 1428 7909 1819 1444 7910 1821 1428 7911 1819 1445 7912 1820 1429 7913 1802 1445 7914 1820 1430 7915 1804 1429 7916 1802 1430 7917 1804 1445 7918 1820 1446 7919 1822 1446 7920 1822 1431 7921 1805 1430 7922 1804 1431 7923 1805 1446 7924 1822 1447 7925 1823 1417 7926 1789 1447 7927 1823 1433 7928 1807 1447 7929 1823 1417 7930 1789 1431 7931 1805 1448 7932 1824 1433 7933 1807 1449 7934 1825 1433 7935 1807 1448 7936 1824 1432 7937 1806 1450 7938 1826 1432 7939 1806 1448 7940 1824 1432 7941 1806 1450 7942 1826 1434 7943 1808 1435 7944 1809 1450 7945 1826 1451 7946 1827 1450 7947 1826 1435 7948 1809 1434 7949 1808 1451 7950 1827 1436 7951 1810 1435 7952 1809 1436 7953 1810 1451 7954 1827 1452 7955 1828 1453 7956 1829 1436 7957 1810 1452 7958 1828 1436 7959 1810 1453 7960 1829 1437 7961 1811 1454 7962 1830 1437 7963 1811 1453 7964 1829 1437 7965 1811 1454 7966 1830 1438 7967 1812 1439 7968 1813 1454 7969 1830 1455 7970 1831 1454 7971 1830 1439 7972 1813 1438 7973 1812 1455 7974 1831 1440 7975 1814 1439 7976 1813 1440 7977 1814 1455 7978 1831 1456 7979 1832 1457 7980 1833 1440 7981 1814 1456 7982 1832 1440 7983 1814 1457 7984 1833 1441 7985 1815 1458 7986 1834 1441 7987 1815 1457 7988 1833 1441 7989 1815 1458 7990 1834 1442 7991 1816 1443 7992 1817 1458 7993 1834 1459 7994 1835 1458 7995 1834 1443 7996 1817 1442 7997 1816 1459 7998 1835 1444 7999 1818 1443 8000 1817 1444 8001 1818 1459 8002 1835 1460 8003 1836 1461 8004 1838 1444 8005 1837 1460 8006 1839 1444 8007 1837 1461 8008 1838 1445 8009 1820 1462 8010 1840 1445 8011 1820 1461 8012 1838 1445 8013 1820 1462 8014 1840 1446 8015 1822 1447 8016 1823 1462 8017 1840 1463 8018 1841 1462 8019 1840 1447 8020 1823 1446 8021 1822 1463 8022 1841 1433 8023 1807 1447 8024 1823 1433 8025 1807 1463 8026 1841 1449 8027 1825 1464 8028 1842 1449 8029 1825 1465 8030 1843 1449 8031 1825 1464 8032 1842 1448 8033 1824 1466 8034 1844 1448 8035 1824 1464 8036 1842 1448 8037 1824 1466 8038 1844 1450 8039 1826 1451 8040 1827 1466 8041 1844 1467 8042 1845 1466 8043 1844 1451 8044 1827 1450 8045 1826 1467 8046 1845 1452 8047 1828 1451 8048 1827 1452 8049 1828 1467 8050 1845 1468 8051 1846 1469 8052 1847 1452 8053 1828 1468 8054 1846 1452 8055 1828 1469 8056 1847 1453 8057 1829 1470 8058 1848 1453 8059 1829 1469 8060 1847 1453 8061 1829 1470 8062 1848 1454 8063 1830 1455 8064 1831 1470 8065 1848 1471 8066 1849 1470 8067 1848 1455 8068 1831 1454 8069 1830 1471 8070 1849 1456 8071 1832 1455 8072 1831 1456 8073 1832 1471 8074 1849 1472 8075 1850 1473 8076 1851 1456 8077 1832 1472 8078 1850 1456 8079 1832 1473 8080 1851 1457 8081 1833 1474 8082 1852 1457 8083 1833 1473 8084 1851 1457 8085 1833 1474 8086 1852 1458 8087 1834 1459 8088 1835 1474 8089 1852 1475 8090 1853 1474 8091 1852 1459 8092 1835 1458 8093 1834 1475 8094 1853 1460 8095 1836 1459 8096 1835 1460 8097 1836 1475 8098 1853 1476 8099 1854 1477 8100 1856 1460 8101 1855 1476 8102 1857 1460 8103 1855 1477 8104 1856 1461 8105 1838 1478 8106 1858 1461 8107 1838 1477 8108 1856 1461 8109 1838 1478 8110 1858 1462 8111 1840 1463 8112 1841 1478 8113 1858 1479 8114 1859 1478 8115 1858 1463 8116 1841 1462 8117 1840 1479 8118 1859 1449 8119 1825 1463 8120 1841 1449 8121 1825 1479 8122 1859 1465 8123 1843 1480 8124 1860 1465 8125 1843 1481 8126 1861 1465 8127 1843 1480 8128 1860 1464 8129 1842 1482 8130 1862 1464 8131 1842 1480 8132 1860 1464 8133 1842 1482 8134 1862 1466 8135 1844 1467 8136 1845 1482 8137 1862 1483 8138 1863 1482 8139 1862 1467 8140 1845 1466 8141 1844 1468 8142 1846 1483 8143 1863 1484 8144 1864 1483 8145 1863 1468 8146 1846 1467 8147 1845 1485 8148 1865 1468 8149 1846 1484 8150 1864 1468 8151 1846 1485 8152 1865 1469 8153 1847 1486 8154 1866 1469 8155 1847 1485 8156 1865 1469 8157 1847 1486 8158 1866 1470 8159 1848 1471 8160 1849 1486 8161 1866 1487 8162 1867 1486 8163 1866 1471 8164 1849 1470 8165 1848 1472 8166 1850 1487 8167 1867 1488 8168 1868 1487 8169 1867 1472 8170 1850 1471 8171 1849 1489 8172 1869 1472 8173 1850 1488 8174 1868 1472 8175 1850 1489 8176 1869 1473 8177 1851 1490 8178 1870 1473 8179 1851 1489 8180 1869 1473 8181 1851 1490 8182 1870 1474 8183 1852 1475 8184 1853 1490 8185 1870 1491 8186 1871 1490 8187 1870 1475 8188 1853 1474 8189 1852 1476 8190 1854 1491 8191 1871 1492 8192 1872 1491 8193 1871 1476 8194 1854 1475 8195 1853 1493 8196 1874 1476 8197 1873 1492 8198 1875 1476 8199 1873 1493 8200 1874 1477 8201 1856 1494 8202 1876 1477 8203 1856 1493 8204 1874 1477 8205 1856 1494 8206 1876 1478 8207 1858 1479 8208 1859 1494 8209 1876 1495 8210 1877 1494 8211 1876 1479 8212 1859 1478 8213 1858 1465 8214 1843 1495 8215 1877 1481 8216 1861 1495 8217 1877 1465 8218 1843 1479 8219 1859 1481 8220 1878 1496 8221 1880 1480 8222 1879 1480 8223 1879 1496 8224 1880 1482 8225 1881 1482 8226 1881 1496 8227 1880 1483 8228 1882 1483 8229 1882 1496 8230 1880 1484 8231 1883 1484 8232 1883 1496 8233 1880 1485 8234 1884 1485 8235 1884 1496 8236 1880 1486 8237 1885 1486 8238 1885 1496 8239 1880 1487 8240 1886 1487 8241 1886 1496 8242 1880 1488 8243 1887 1488 8244 1887 1496 8245 1880 1489 8246 1888 1489 8247 1888 1496 8248 1880 1490 8249 1889 1490 8250 1889 1496 8251 1880 1491 8252 1890 1491 8253 1890 1496 8254 1880 1492 8255 1891 1492 8256 1891 1496 8257 1880 1493 8258 1892 1493 8259 1892 1496 8260 1880 1494 8261 1893 1494 8262 1893 1496 8263 1880 1495 8264 1894 1495 8265 1894 1496 8266 1880 1481 8267 1878 1497 8268 1895 1384 8269 1754 1385 8270 1755 1385 8271 1755 1498 8272 1896 1497 8273 1895 1498 8274 1896 1385 8275 1755 1388 8276 1758 1388 8277 1758 1499 8278 1897 1498 8279 1896 1499 8280 1897 1388 8281 1758 1390 8282 1760 1390 8283 1760 1500 8284 1898 1499 8285 1897 1390 8286 1760 1501 8287 1899 1500 8288 1898 1501 8289 1899 1390 8290 1760 1392 8291 1762 1501 8292 1899 1392 8293 1762 1394 8294 1764 1394 8295 1764 1502 8296 1900 1501 8297 1899 1502 8298 1900 1394 8299 1764 1396 8300 1766 1396 8301 1766 1503 8302 1901 1502 8303 1900 1503 8304 1901 1396 8305 1766 1398 8306 1768 1398 8307 1768 1504 8308 1902 1503 8309 1901 1504 8310 1902 1398 8311 1768 1400 8312 1770 1400 8313 1770 1505 8314 1903 1504 8315 1902 1505 8316 1903 1400 8317 1770 1402 8318 1772 1402 8319 1772 1506 8320 1904 1505 8321 1903 1402 8322 1772 1507 8323 1905 1506 8324 1904 1507 8325 1905 1402 8326 1772 1404 8327 1774 1404 8328 1774 1508 8329 1906 1507 8330 1905 1508 8331 1906 1404 8332 1774 1406 8333 1776 1508 8334 1906 1406 8335 1776 1408 8336 1778 1408 8337 1778 1509 8338 1907 1508 8339 1906 1509 8340 1909 1408 8341 1908 1410 8342 1781 1410 8343 1781 1510 8344 1910 1509 8345 1909 1510 8346 1910 1410 8347 1781 1412 8348 1784 1412 8349 1784 1511 8350 1911 1510 8351 1910 1412 8352 1784 1512 8353 1912 1511 8354 1911 1512 8355 1912 1412 8356 1784 1414 8357 1786 1512 8358 1912 1414 8359 1786 1384 8360 1754 1384 8361 1754 1497 8362 1895 1512 8363 1912 1497 8364 1895 1514 8365 1914 1513 8366 1913 1514 8367 1914 1497 8368 1895 1498 8369 1896 1498 8370 1896 1515 8371 1915 1514 8372 1914 1515 8373 1915 1498 8374 1896 1499 8375 1897 1515 8376 1915 1499 8377 1897 1500 8378 1898 1500 8379 1898 1516 8380 1916 1515 8381 1915 1516 8382 1916 1500 8383 1898 1501 8384 1899 1501 8385 1899 1517 8386 1917 1516 8387 1916 1501 8388 1899 1518 8389 1918 1517 8390 1917 1518 8391 1918 1501 8392 1899 1502 8393 1900 1502 8394 1900 1519 8395 1919 1518 8396 1918 1519 8397 1919 1502 8398 1900 1503 8399 1901 1519 8400 1919 1503 8401 1901 1504 8402 1902 1504 8403 1902 1520 8404 1920 1519 8405 1919 1520 8406 1920 1504 8407 1902 1505 8408 1903 1505 8409 1903 1521 8410 1921 1520 8411 1920 1505 8412 1903 1522 8413 1922 1521 8414 1921 1522 8415 1922 1505 8416 1903 1506 8417 1904 1506 8418 1904 1523 8419 1923 1522 8420 1922 1523 8421 1923 1506 8422 1904 1507 8423 1905 1523 8424 1923 1507 8425 1905 1508 8426 1906 1508 8427 1906 1524 8428 1924 1523 8429 1923 1524 8430 1924 1508 8431 1906 1509 8432 1907 1509 8433 1907 1525 8434 1925 1524 8435 1924 1509 8436 1926 1526 8437 1928 1525 8438 1927 1526 8439 1928 1509 8440 1926 1510 8441 1910 1510 8442 1910 1527 8443 1929 1526 8444 1928 1527 8445 1929 1510 8446 1910 1511 8447 1911 1527 8448 1929 1511 8449 1911 1512 8450 1912 1512 8451 1912 1528 8452 1930 1527 8453 1929 1528 8454 1930 1512 8455 1912 1497 8456 1895 1497 8457 1895 1513 8458 1913 1528 8459 1930 1513 8460 1913 1530 8461 1932 1529 8462 1931 1530 8463 1932 1513 8464 1913 1514 8465 1914 1514 8466 1914 1531 8467 1933 1530 8468 1932 1531 8469 1933 1514 8470 1914 1515 8471 1915 1531 8472 1933 1515 8473 1915 1516 8474 1916 1516 8475 1916 1532 8476 1934 1531 8477 1933 1532 8478 1934 1516 8479 1916 1517 8480 1917 1517 8481 1917 1533 8482 1935 1532 8483 1934 1517 8484 1917 1534 8485 1936 1533 8486 1935 1534 8487 1936 1517 8488 1917 1518 8489 1918 1518 8490 1918 1535 8491 1937 1534 8492 1936 1535 8493 1937 1518 8494 1918 1519 8495 1919 1535 8496 1937 1519 8497 1919 1520 8498 1920 1520 8499 1920 1536 8500 1938 1535 8501 1937 1536 8502 1938 1520 8503 1920 1521 8504 1921 1521 8505 1921 1537 8506 1939 1536 8507 1938 1521 8508 1921 1538 8509 1940 1537 8510 1939 1538 8511 1940 1521 8512 1921 1522 8513 1922 1522 8514 1922 1539 8515 1941 1538 8516 1940 1539 8517 1941 1522 8518 1922 1523 8519 1923 1539 8520 1941 1523 8521 1923 1524 8522 1924 1524 8523 1924 1540 8524 1942 1539 8525 1941 1540 8526 1942 1524 8527 1924 1525 8528 1925 1525 8529 1925 1541 8530 1943 1540 8531 1942 1525 8532 1944 1542 8533 1946 1541 8534 1945 1542 8535 1946 1525 8536 1944 1526 8537 1928 1526 8538 1928 1543 8539 1947 1542 8540 1946 1543 8541 1947 1526 8542 1928 1527 8543 1929 1543 8544 1947 1527 8545 1929 1528 8546 1930 1528 8547 1930 1544 8548 1948 1543 8549 1947 1544 8550 1948 1528 8551 1930 1513 8552 1913 1513 8553 1913 1529 8554 1931 1544 8555 1948 1530 8556 1949 1545 8557 1951 1529 8558 1950 1531 8559 1952 1545 8560 1951 1530 8561 1949 1532 8562 1953 1545 8563 1951 1531 8564 1952 1533 8565 1954 1545 8566 1951 1532 8567 1953 1534 8568 1955 1545 8569 1951 1533 8570 1954 1535 8571 1956 1545 8572 1951 1534 8573 1955 1536 8574 1957 1545 8575 1951 1535 8576 1956 1537 8577 1958 1545 8578 1951 1536 8579 1957 1538 8580 1959 1545 8581 1951 1537 8582 1958 1539 8583 1960 1545 8584 1951 1538 8585 1959 1540 8586 1961 1545 8587 1951 1539 8588 1960 1541 8589 1962 1545 8590 1951 1540 8591 1961 1542 8592 1963 1545 8593 1951 1541 8594 1962 1543 8595 1964 1545 8596 1951 1542 8597 1963 1544 8598 1965 1545 8599 1951 1543 8600 1964 1529 8601 1950 1545 8602 1951 1544 8603 1965 1548 8604 1968 1547 8605 1967 1546 8606 1966 1548 8607 1968 1546 8608 1966 1549 8609 1969 1550 8610 1970 1548 8611 1968 1551 8612 1971 1548 8613 1968 1550 8614 1970 1547 8615 1967 1553 8616 1973 1552 8617 1972 1550 8618 1970 1553 8619 1973 1550 8620 1970 1551 8621 1971 1555 8622 1975 1554 8623 1974 1552 8624 1972 1555 8625 1975 1552 8626 1972 1553 8627 1973 1554 8628 1976 1555 8629 1979 1557 8630 1978 1554 8631 1976 1557 8632 1978 1556 8633 1977 1556 8634 1977 1557 8635 1978 1559 8636 1981 1556 8637 1977 1559 8638 1981 1558 8639 1980 1558 8640 1980 1559 8641 1981 1561 8642 1983 1558 8643 1980 1561 8644 1983 1560 8645 1982 1560 8646 1982 1561 8647 1983 1563 8648 1985 1560 8649 1982 1563 8650 1985 1562 8651 1984 1565 8652 1987 1564 8653 1986 1562 8654 1984 1565 8655 1987 1562 8656 1984 1563 8657 1985 1567 8658 1989 1566 8659 1988 1564 8660 1986 1567 8661 1989 1564 8662 1986 1565 8663 1987 1569 8664 1991 1568 8665 1990 1566 8666 1988 1569 8667 1991 1566 8668 1988 1567 8669 1989 1571 8670 1993 1570 8671 1992 1568 8672 1990 1571 8673 1993 1568 8674 1990 1569 8675 1991 1572 8676 1995 1571 8677 1997 1573 8678 1996 1571 8679 1997 1572 8680 1995 1570 8681 1994 1574 8682 1998 1573 8683 1996 1575 8684 1999 1573 8685 1996 1574 8686 1998 1572 8687 1995 1577 8688 2001 1576 8689 2000 1574 8690 1998 1577 8691 2001 1574 8692 1998 1575 8693 1999 1549 8694 1969 1546 8695 1966 1576 8696 2000 1549 8697 1969 1576 8698 2000 1577 8699 2001 1578 8700 2002 1548 8701 1968 1549 8702 1969 1578 8703 2002 1549 8704 1969 1579 8705 2003 1580 8706 2004 1551 8707 1971 1548 8708 1968 1580 8709 2004 1548 8710 1968 1578 8711 2002 1581 8712 2005 1553 8713 1973 1551 8714 1971 1581 8715 2005 1551 8716 1971 1580 8717 2004 1582 8718 2006 1555 8719 1975 1553 8720 1973 1582 8721 2006 1553 8722 1973 1581 8723 2005 1583 8724 2007 1557 8725 1978 1582 8726 2008 1555 8727 1979 1582 8728 2008 1557 8729 1978 1584 8730 2009 1559 8731 1981 1583 8732 2007 1557 8733 1978 1583 8734 2007 1559 8735 1981 1585 8736 2010 1561 8737 1983 1584 8738 2009 1559 8739 1981 1584 8740 2009 1561 8741 1983 1586 8742 2011 1561 8743 1983 1585 8744 2010 1561 8745 1983 1586 8746 2011 1563 8747 1985 1586 8748 2011 1565 8749 1987 1563 8750 1985 1565 8751 1987 1586 8752 2011 1587 8753 2012 1587 8754 2012 1567 8755 1989 1565 8756 1987 1567 8757 1989 1587 8758 2012 1588 8759 2013 1588 8760 2013 1569 8761 1991 1567 8762 1989 1569 8763 1991 1588 8764 2013 1589 8765 2014 1571 8766 1993 1589 8767 2014 1590 8768 2015 1589 8769 2014 1571 8770 1993 1569 8771 1991 1591 8772 2016 1573 8773 1996 1571 8774 1997 1591 8775 2016 1571 8776 1997 1590 8777 2017 1592 8778 2018 1575 8779 1999 1573 8780 1996 1592 8781 2018 1573 8782 1996 1591 8783 2016 1593 8784 2019 1577 8785 2001 1575 8786 1999 1593 8787 2019 1575 8788 1999 1592 8789 2018 1549 8790 1969 1593 8791 2019 1579 8792 2003 1593 8793 2019 1549 8794 1969 1577 8795 2001 1597 8796 2023 1596 8797 2022 1595 8798 2021 1597 8799 2023 1595 8800 2021 1594 8801 2020 1594 8802 2020 1595 8803 2021 1599 8804 2025 1594 8805 2020 1599 8806 2025 1598 8807 2024 1598 8808 2024 1601 8809 2027 1600 8810 2026 1601 8811 2027 1598 8812 2024 1599 8813 2025 1600 8814 2026 1603 8815 2029 1602 8816 2028 1603 8817 2029 1600 8818 2026 1601 8819 2027 1605 8820 2031 1604 8821 2030 1603 8822 2032 1604 8823 2030 1602 8824 2033 1603 8825 2032 1607 8826 2035 1606 8827 2034 1605 8828 2031 1606 8829 2034 1604 8830 2030 1605 8831 2031 1609 8832 2037 1608 8833 2036 1607 8834 2035 1608 8835 2036 1606 8836 2034 1607 8837 2035 1611 8838 2039 1608 8839 2036 1609 8840 2037 1608 8841 2036 1611 8842 2039 1610 8843 2038 1611 8844 2039 1612 8845 2040 1610 8846 2038 1612 8847 2040 1611 8848 2039 1613 8849 2041 1613 8850 2041 1614 8851 2042 1612 8852 2040 1614 8853 2042 1613 8854 2041 1615 8855 2043 1617 8856 2045 1616 8857 2044 1615 8858 2043 1615 8859 2043 1616 8860 2044 1614 8861 2042 1619 8862 2047 1618 8863 2046 1617 8864 2045 1617 8865 2045 1618 8866 2046 1616 8867 2044 1621 8868 2049 1618 8869 2051 1619 8870 2050 1618 8871 2051 1621 8872 2049 1620 8873 2048 1623 8874 2053 1620 8875 2048 1621 8876 2049 1620 8877 2048 1623 8878 2053 1622 8879 2052 1625 8880 2055 1622 8881 2052 1623 8882 2053 1625 8883 2055 1624 8884 2054 1622 8885 2052 1625 8886 2055 1597 8887 2023 1624 8888 2054 1597 8889 2023 1625 8890 2055 1596 8891 2022 1594 8892 2020 1578 8893 2002 1597 8894 2023 1597 8895 2023 1578 8896 2002 1579 8897 2003 1598 8898 2024 1578 8899 2002 1594 8900 2020 1578 8901 2002 1598 8902 2024 1580 8903 2004 1600 8904 2026 1580 8905 2004 1598 8906 2024 1580 8907 2004 1600 8908 2026 1581 8909 2005 1602 8910 2028 1581 8911 2005 1600 8912 2026 1581 8913 2005 1602 8914 2028 1582 8915 2006 1583 8916 2007 1602 8917 2033 1604 8918 2030 1602 8919 2033 1583 8920 2007 1582 8921 2008 1604 8922 2030 1584 8923 2009 1583 8924 2007 1584 8925 2009 1604 8926 2030 1606 8927 2034 1606 8928 2034 1585 8929 2010 1584 8930 2009 1585 8931 2010 1606 8932 2034 1608 8933 2036 1610 8934 2038 1585 8935 2010 1608 8936 2036 1585 8937 2010 1610 8938 2038 1586 8939 2011 1612 8940 2040 1587 8941 2012 1586 8942 2011 1586 8943 2011 1610 8944 2038 1612 8945 2040 1588 8946 2013 1612 8947 2040 1614 8948 2042 1612 8949 2040 1588 8950 2013 1587 8951 2012 1589 8952 2014 1614 8953 2042 1616 8954 2044 1614 8955 2042 1589 8956 2014 1588 8957 2013 1616 8958 2044 1590 8959 2015 1589 8960 2014 1590 8961 2015 1616 8962 2044 1618 8963 2046 1620 8964 2048 1590 8965 2017 1618 8966 2051 1590 8967 2017 1620 8968 2048 1591 8969 2016 1622 8970 2052 1591 8971 2016 1620 8972 2048 1591 8973 2016 1622 8974 2052 1592 8975 2018 1624 8976 2054 1593 8977 2019 1622 8978 2052 1622 8979 2052 1593 8980 2019 1592 8981 2018 1597 8982 2023 1579 8983 2003 1624 8984 2054 1624 8985 2054 1579 8986 2003 1593 8987 2019 1596 8988 2022 1626 8989 2056 1595 8990 2021 1626 8991 2056 1596 8992 2022 1627 8993 2057 1595 8994 2021 1628 8995 2058 1599 8996 2025 1628 8997 2058 1595 8998 2021 1626 8999 2056 1629 9000 2059 1599 9001 2025 1628 9002 2058 1599 9003 2025 1629 9004 2059 1601 9005 2027 1630 9006 2060 1603 9007 2029 1629 9008 2059 1603 9009 2029 1601 9010 2027 1629 9011 2059 1603 9012 2032 1631 9013 2061 1605 9014 2031 1631 9015 2061 1603 9016 2032 1630 9017 2062 1607 9018 2035 1631 9019 2061 1632 9020 2063 1631 9021 2061 1607 9022 2035 1605 9023 2031 1633 9024 2064 1607 9025 2035 1632 9026 2063 1607 9027 2035 1633 9028 2064 1609 9029 2037 1634 9030 2065 1609 9031 2037 1633 9032 2064 1609 9033 2037 1634 9034 2065 1611 9035 2039 1635 9036 2066 1613 9037 2041 1634 9038 2065 1634 9039 2065 1613 9040 2041 1611 9041 2039 1636 9042 2067 1615 9043 2043 1635 9044 2066 1635 9045 2066 1615 9046 2043 1613 9047 2041 1637 9048 2068 1617 9049 2045 1636 9050 2067 1636 9051 2067 1617 9052 2045 1615 9053 2043 1638 9054 2069 1619 9055 2047 1637 9056 2068 1637 9057 2068 1619 9058 2047 1617 9059 2045 1639 9060 2070 1619 9061 2050 1638 9062 2071 1619 9063 2050 1639 9064 2070 1621 9065 2049 1640 9066 2072 1621 9067 2049 1639 9068 2070 1621 9069 2049 1640 9070 2072 1623 9071 2053 1625 9072 2055 1640 9073 2072 1641 9074 2073 1640 9075 2072 1625 9076 2055 1623 9077 2053 1596 9078 2022 1641 9079 2073 1627 9080 2057 1641 9081 2073 1596 9082 2022 1625 9083 2055 1626 9084 2056 1643 9085 2075 1642 9086 2074 1643 9087 2075 1626 9088 2056 1627 9089 2057 1628 9090 2058 1642 9091 2074 1644 9092 2076 1642 9093 2074 1628 9094 2058 1626 9095 2056 1629 9096 2059 1644 9097 2076 1645 9098 2077 1644 9099 2076 1629 9100 2059 1628 9101 2058 1630 9102 2060 1645 9103 2077 1646 9104 2078 1645 9105 2077 1630 9106 2060 1629 9107 2059 1646 9108 2080 1631 9109 2061 1630 9110 2062 1631 9111 2061 1646 9112 2080 1647 9113 2079 1632 9114 2063 1647 9115 2079 1648 9116 2081 1647 9117 2079 1632 9118 2063 1631 9119 2061 1633 9120 2064 1648 9121 2081 1649 9122 2082 1648 9123 2081 1633 9124 2064 1632 9125 2063 1634 9126 2065 1649 9127 2082 1650 9128 2083 1649 9129 2082 1634 9130 2065 1633 9131 2064 1651 9132 2084 1634 9133 2065 1650 9134 2083 1634 9135 2065 1651 9136 2084 1635 9137 2066 1652 9138 2085 1635 9139 2066 1651 9140 2084 1635 9141 2066 1652 9142 2085 1636 9143 2067 1652 9144 2085 1653 9145 2086 1636 9146 2067 1636 9147 2067 1653 9148 2086 1637 9149 2068 1638 9150 2069 1637 9151 2068 1654 9152 2087 1637 9153 2068 1653 9154 2086 1654 9155 2087 1655 9156 2088 1638 9157 2071 1654 9158 2089 1638 9159 2071 1655 9160 2088 1639 9161 2070 1656 9162 2090 1639 9163 2070 1655 9164 2088 1639 9165 2070 1656 9166 2090 1640 9167 2072 1657 9168 2091 1640 9169 2072 1656 9170 2090 1640 9171 2072 1657 9172 2091 1641 9173 2073 1657 9174 2091 1643 9175 2075 1641 9176 2073 1627 9177 2057 1641 9178 2073 1643 9179 2075 1642 9180 2093 1643 9181 2092 1658 9182 2094 1643 9183 2092 1659 9184 2095 1658 9185 2094 1660 9186 2097 1644 9187 2096 1642 9188 2093 1660 9189 2097 1642 9190 2093 1658 9191 2094 1645 9192 2098 1660 9193 2097 1661 9194 2099 1660 9195 2097 1645 9196 2098 1644 9197 2096 1646 9198 2100 1661 9199 2099 1662 9200 2101 1661 9201 2099 1646 9202 2100 1645 9203 2098 1647 9204 2102 1646 9205 2100 1663 9206 2103 1646 9207 2100 1662 9208 2101 1663 9209 2103 1664 9210 2105 1648 9211 2104 1647 9212 2102 1647 9213 2102 1663 9214 2103 1664 9215 2105 1665 9216 2107 1649 9217 2106 1648 9218 2104 1665 9219 2107 1648 9220 2104 1664 9221 2105 1649 9222 2106 1666 9223 2109 1650 9224 2108 1666 9225 2109 1649 9226 2106 1665 9227 2107 1666 9228 2109 1651 9229 2110 1650 9230 2108 1651 9231 2110 1666 9232 2109 1667 9233 2111 1667 9234 2111 1652 9235 2112 1651 9236 2110 1652 9237 2112 1667 9238 2111 1668 9239 2113 1668 9240 2113 1653 9241 2114 1652 9242 2112 1653 9243 2114 1668 9244 2113 1669 9245 2115 1654 9246 2116 1669 9247 2115 1670 9248 2117 1669 9249 2115 1654 9250 2116 1653 9251 2114 1655 9252 2118 1654 9253 2116 1671 9254 2119 1654 9255 2116 1670 9256 2117 1671 9257 2119 1672 9258 2121 1655 9259 2118 1671 9260 2119 1655 9261 2118 1672 9262 2121 1656 9263 2120 1672 9264 2121 1657 9265 2122 1656 9266 2120 1657 9267 2122 1672 9268 2121 1673 9269 2123 1643 9270 2092 1673 9271 2123 1659 9272 2095 1673 9273 2123 1643 9274 2092 1657 9275 2122 1659 9276 2095 1674 9277 2124 1658 9278 2094 1658 9279 2094 1674 9280 2124 1660 9281 2097 1660 9282 2097 1674 9283 2124 1661 9284 2099 1661 9285 2099 1674 9286 2124 1662 9287 2101 1662 9288 2101 1674 9289 2124 1663 9290 2103 1663 9291 2103 1674 9292 2124 1664 9293 2105 1664 9294 2105 1674 9295 2124 1665 9296 2107 1665 9297 2107 1674 9298 2124 1666 9299 2109 1666 9300 2109 1674 9301 2124 1667 9302 2111 1667 9303 2111 1674 9304 2124 1668 9305 2113 1668 9306 2113 1674 9307 2124 1669 9308 2115 1669 9309 2115 1674 9310 2124 1670 9311 2117 1670 9312 2117 1674 9313 2124 1671 9314 2119 1671 9315 2119 1674 9316 2124 1672 9317 2121 1672 9318 2121 1674 9319 2124 1673 9320 2123 1673 9321 2123 1674 9322 2124 1659 9323 2095 1677 9324 2127 1676 9325 2126 1675 9326 2125 1677 9327 2127 1675 9328 2125 1678 9329 2128 1679 9330 2129 1677 9331 2127 1680 9332 2130 1677 9333 2127 1679 9334 2129 1676 9335 2126 1682 9336 2132 1681 9337 2131 1679 9338 2129 1682 9339 2132 1679 9340 2129 1680 9341 2130 1684 9342 2134 1683 9343 2133 1681 9344 2131 1684 9345 2134 1681 9346 2131 1682 9347 2132 1683 9348 2135 1684 9349 2138 1686 9350 2137 1683 9351 2135 1686 9352 2137 1685 9353 2136 1686 9354 2137 1687 9355 2139 1685 9356 2136 1687 9357 2139 1686 9358 2137 1688 9359 2140 1688 9360 2140 1689 9361 2141 1687 9362 2139 1689 9363 2141 1688 9364 2140 1690 9365 2142 1690 9366 2142 1691 9367 2143 1689 9368 2141 1691 9369 2143 1690 9370 2142 1692 9371 2144 1691 9372 2143 1692 9373 2144 1694 9374 2146 1691 9375 2143 1694 9376 2146 1693 9377 2145 1693 9378 2145 1694 9379 2146 1696 9380 2148 1693 9381 2145 1696 9382 2148 1695 9383 2147 1696 9384 2148 1697 9385 2149 1695 9386 2147 1697 9387 2149 1696 9388 2148 1698 9389 2150 1698 9390 2150 1699 9391 2151 1697 9392 2149 1699 9393 2151 1698 9394 2150 1700 9395 2152 1700 9396 2156 1701 9397 2154 1699 9398 2153 1701 9399 2154 1700 9400 2156 1702 9401 2155 1701 9402 2154 1702 9403 2155 1704 9404 2158 1701 9405 2154 1704 9406 2158 1703 9407 2157 1703 9408 2157 1704 9409 2158 1706 9410 2160 1703 9411 2157 1706 9412 2160 1705 9413 2159 1705 9414 2159 1706 9415 2160 1678 9416 2128 1705 9417 2159 1678 9418 2128 1675 9419 2125 1677 9420 2127 1708 9421 2162 1707 9422 2161 1708 9423 2162 1677 9424 2127 1678 9425 2128 1709 9426 2163 1680 9427 2130 1677 9428 2127 1709 9429 2163 1677 9430 2127 1707 9431 2161 1710 9432 2164 1682 9433 2132 1680 9434 2130 1710 9435 2164 1680 9436 2130 1709 9437 2163 1711 9438 2165 1684 9439 2134 1682 9440 2132 1711 9441 2165 1682 9442 2132 1710 9443 2164 1712 9444 2166 1686 9445 2137 1711 9446 2167 1684 9447 2138 1711 9448 2167 1686 9449 2137 1713 9450 2168 1688 9451 2140 1712 9452 2166 1686 9453 2137 1712 9454 2166 1688 9455 2140 1714 9456 2169 1690 9457 2142 1713 9458 2168 1688 9459 2140 1713 9460 2168 1690 9461 2142 1715 9462 2170 1692 9463 2144 1714 9464 2169 1690 9465 2142 1714 9466 2169 1692 9467 2144 1716 9468 2171 1692 9469 2144 1715 9470 2170 1692 9471 2144 1716 9472 2171 1694 9473 2146 1717 9474 2172 1696 9475 2148 1716 9476 2171 1694 9477 2146 1716 9478 2171 1696 9479 2148 1718 9480 2173 1698 9481 2150 1717 9482 2172 1696 9483 2148 1717 9484 2172 1698 9485 2150 1698 9486 2150 1718 9487 2173 1700 9488 2152 1718 9489 2173 1719 9490 2174 1700 9491 2152 1700 9492 2156 1719 9493 2176 1720 9494 2175 1700 9495 2156 1720 9496 2175 1702 9497 2155 1702 9498 2155 1720 9499 2175 1721 9500 2177 1702 9501 2155 1721 9502 2177 1704 9503 2158 1704 9504 2158 1721 9505 2177 1722 9506 2178 1704 9507 2158 1722 9508 2178 1706 9509 2160 1706 9510 2160 1722 9511 2178 1708 9512 2162 1706 9513 2160 1708 9514 2162 1678 9515 2128 1723 9516 2179 1725 9517 2181 1724 9518 2180 1725 9519 2181 1723 9520 2179 1726 9521 2182 1728 9522 2184 1723 9523 2179 1724 9524 2180 1728 9525 2184 1727 9526 2183 1723 9527 2179 1730 9528 2186 1727 9529 2183 1728 9530 2184 1727 9531 2183 1730 9532 2186 1729 9533 2185 1732 9534 2188 1729 9535 2185 1730 9536 2186 1729 9537 2185 1732 9538 2188 1731 9539 2187 1734 9540 2190 1733 9541 2189 1732 9542 2191 1732 9543 2191 1733 9544 2189 1731 9545 2192 1736 9546 2194 1735 9547 2193 1734 9548 2190 1734 9549 2190 1735 9550 2193 1733 9551 2189 1735 9552 2193 1736 9553 2194 1737 9554 2195 1738 9555 2196 1737 9556 2195 1736 9557 2194 1737 9558 2195 1738 9559 2196 1739 9560 2197 1740 9561 2198 1739 9562 2197 1738 9563 2196 1739 9564 2197 1742 9565 2200 1741 9566 2199 1742 9567 2200 1739 9568 2197 1740 9569 2198 1744 9570 2202 1743 9571 2201 1742 9572 2200 1743 9573 2201 1741 9574 2199 1742 9575 2200 1746 9576 2204 1745 9577 2203 1744 9578 2202 1745 9579 2203 1743 9580 2201 1744 9581 2202 1748 9582 2206 1747 9583 2205 1746 9584 2204 1747 9585 2205 1745 9586 2203 1746 9587 2204 1747 9588 2210 1750 9589 2208 1749 9590 2207 1750 9591 2208 1747 9592 2210 1748 9593 2209 1752 9594 2212 1749 9595 2207 1750 9596 2208 1749 9597 2207 1752 9598 2212 1751 9599 2211 1754 9600 2214 1753 9601 2213 1751 9602 2211 1754 9603 2214 1751 9604 2211 1752 9605 2212 1725 9606 2181 1726 9607 2182 1753 9608 2213 1725 9609 2181 1753 9610 2213 1754 9611 2214 1723 9612 2179 1707 9613 2161 1726 9614 2182 1726 9615 2182 1707 9616 2161 1708 9617 2162 1727 9618 2183 1707 9619 2161 1723 9620 2179 1707 9621 2161 1727 9622 2183 1709 9623 2163 1729 9624 2185 1709 9625 2163 1727 9626 2183 1709 9627 2163 1729 9628 2185 1710 9629 2164 1731 9630 2187 1710 9631 2164 1729 9632 2185 1710 9633 2164 1731 9634 2187 1711 9635 2165 1731 9636 2192 1712 9637 2166 1711 9638 2167 1712 9639 2166 1731 9640 2192 1733 9641 2189 1713 9642 2168 1733 9643 2189 1735 9644 2193 1733 9645 2189 1713 9646 2168 1712 9647 2166 1714 9648 2169 1735 9649 2193 1737 9650 2195 1735 9651 2193 1714 9652 2169 1713 9653 2168 1714 9654 2169 1739 9655 2197 1715 9656 2170 1739 9657 2197 1714 9658 2169 1737 9659 2195 1715 9660 2170 1739 9661 2197 1741 9662 2199 1715 9663 2170 1741 9664 2199 1716 9665 2171 1743 9666 2201 1716 9667 2171 1741 9668 2199 1716 9669 2171 1743 9670 2201 1717 9671 2172 1743 9672 2201 1718 9673 2173 1717 9674 2172 1718 9675 2173 1743 9676 2201 1745 9677 2203 1745 9678 2203 1719 9679 2174 1718 9680 2173 1719 9681 2174 1745 9682 2203 1747 9683 2205 1749 9684 2207 1719 9685 2176 1747 9686 2210 1719 9687 2176 1749 9688 2207 1720 9689 2175 1720 9690 2175 1751 9691 2211 1721 9692 2177 1751 9693 2211 1720 9694 2175 1749 9695 2207 1721 9696 2177 1753 9697 2213 1722 9698 2178 1753 9699 2213 1721 9700 2177 1751 9701 2211 1753 9702 2213 1708 9703 2162 1722 9704 2178 1726 9705 2182 1708 9706 2162 1753 9707 2213 1755 9708 2215 1724 9709 2180 1756 9710 2216 1756 9711 2216 1724 9712 2180 1725 9713 2181 1757 9714 2217 1728 9715 2184 1755 9716 2215 1755 9717 2215 1728 9718 2184 1724 9719 2180 1758 9720 2218 1728 9721 2184 1757 9722 2217 1728 9723 2184 1758 9724 2218 1730 9725 2186 1759 9726 2219 1732 9727 2188 1758 9728 2218 1758 9729 2218 1732 9730 2188 1730 9731 2186 1760 9732 2220 1732 9733 2191 1759 9734 2221 1732 9735 2191 1760 9736 2220 1734 9737 2190 1760 9738 2220 1736 9739 2194 1734 9740 2190 1736 9741 2194 1760 9742 2220 1761 9743 2222 1738 9744 2196 1761 9745 2222 1762 9746 2223 1761 9747 2222 1738 9748 2196 1736 9749 2194 1740 9750 2198 1762 9751 2223 1763 9752 2224 1762 9753 2223 1740 9754 2198 1738 9755 2196 1740 9756 2198 1764 9757 2225 1742 9758 2200 1764 9759 2225 1740 9760 2198 1763 9761 2224 1742 9762 2200 1765 9763 2226 1744 9764 2202 1765 9765 2226 1742 9766 2200 1764 9767 2225 1766 9768 2227 1746 9769 2204 1765 9770 2226 1746 9771 2204 1744 9772 2202 1765 9773 2226 1767 9774 2228 1748 9775 2206 1766 9776 2227 1748 9777 2206 1746 9778 2204 1766 9779 2227 1748 9780 2209 1768 9781 2229 1750 9782 2208 1768 9783 2229 1748 9784 2209 1767 9785 2230 1769 9786 2231 1750 9787 2208 1768 9788 2229 1750 9789 2208 1769 9790 2231 1752 9791 2212 1770 9792 2232 1752 9793 2212 1769 9794 2231 1770 9795 2232 1754 9796 2214 1752 9797 2212 1756 9798 2216 1754 9799 2214 1770 9800 2232 1756 9801 2216 1725 9802 2181 1754 9803 2214 1771 9804 2233 1756 9805 2216 1772 9806 2234 1756 9807 2216 1771 9808 2233 1755 9809 2215 1773 9810 2235 1755 9811 2215 1771 9812 2233 1755 9813 2215 1773 9814 2235 1757 9815 2217 1773 9816 2235 1774 9817 2236 1757 9818 2217 1757 9819 2217 1774 9820 2236 1758 9821 2218 1759 9822 2219 1758 9823 2218 1775 9824 2237 1758 9825 2218 1774 9826 2236 1775 9827 2237 1776 9828 2238 1759 9829 2221 1775 9830 2239 1759 9831 2221 1776 9832 2238 1760 9833 2220 1777 9834 2240 1760 9835 2220 1776 9836 2238 1760 9837 2220 1777 9838 2240 1761 9839 2222 1778 9840 2241 1761 9841 2222 1777 9842 2240 1761 9843 2222 1778 9844 2241 1762 9845 2223 1778 9846 2241 1779 9847 2242 1762 9848 2223 1763 9849 2224 1762 9850 2223 1779 9851 2242 1764 9852 2225 1779 9853 2242 1780 9854 2243 1779 9855 2242 1764 9856 2225 1763 9857 2224 1765 9858 2226 1780 9859 2243 1781 9860 2244 1780 9861 2243 1765 9862 2226 1764 9863 2225 1766 9864 2227 1781 9865 2244 1782 9866 2245 1781 9867 2244 1766 9868 2227 1765 9869 2226 1767 9870 2228 1782 9871 2245 1783 9872 2246 1782 9873 2245 1767 9874 2228 1766 9875 2227 1783 9876 2248 1768 9877 2229 1767 9878 2230 1768 9879 2229 1783 9880 2248 1784 9881 2247 1769 9882 2231 1784 9883 2247 1785 9884 2249 1784 9885 2247 1769 9886 2231 1768 9887 2229 1770 9888 2232 1785 9889 2249 1786 9890 2250 1785 9891 2249 1770 9892 2232 1769 9893 2231 1756 9894 2216 1786 9895 2250 1772 9896 2234 1786 9897 2250 1756 9898 2216 1770 9899 2232 1788 9900 2254 1771 9901 2252 1772 9902 2251 1771 9903 2252 1788 9904 2254 1787 9905 2253 1787 9906 2253 1773 9907 2255 1771 9908 2252 1773 9909 2255 1787 9910 2253 1789 9911 2256 1789 9912 2256 1774 9913 2257 1773 9914 2255 1774 9915 2257 1789 9916 2256 1790 9917 2258 1775 9918 2259 1790 9919 2258 1791 9920 2260 1790 9921 2258 1775 9922 2259 1774 9923 2257 1776 9924 2261 1775 9925 2259 1792 9926 2262 1775 9927 2259 1791 9928 2260 1792 9929 2262 1793 9930 2264 1776 9931 2261 1792 9932 2262 1776 9933 2261 1793 9934 2264 1777 9935 2263 1793 9936 2264 1778 9937 2265 1777 9938 2263 1778 9939 2265 1793 9940 2264 1794 9941 2266 1779 9942 2267 1794 9943 2266 1795 9944 2268 1794 9945 2266 1779 9946 2267 1778 9947 2265 1780 9948 2269 1779 9949 2267 1796 9950 2270 1779 9951 2267 1795 9952 2268 1796 9953 2270 1797 9954 2272 1781 9955 2271 1780 9956 2269 1797 9957 2272 1780 9958 2269 1796 9959 2270 1782 9960 2273 1797 9961 2272 1798 9962 2274 1797 9963 2272 1782 9964 2273 1781 9965 2271 1783 9966 2275 1798 9967 2274 1799 9968 2276 1798 9969 2274 1783 9970 2275 1782 9971 2273 1784 9972 2277 1783 9973 2275 1800 9974 2278 1783 9975 2275 1799 9976 2276 1800 9977 2278 1801 9978 2280 1785 9979 2279 1784 9980 2277 1784 9981 2277 1800 9982 2278 1801 9983 2280 1802 9984 2282 1786 9985 2281 1785 9986 2279 1802 9987 2282 1785 9988 2279 1801 9989 2280 1786 9990 2281 1788 9991 2254 1772 9992 2251 1788 9993 2254 1786 9994 2281 1802 9995 2282 1788 9996 2254 1803 9997 2283 1787 9998 2253 1787 9999 2253 1803 10000 2283 1789 10001 2256 1789 10002 2256 1803 10003 2283 1790 10004 2258 1790 10005 2258 1803 10006 2283 1791 10007 2260 1791 10008 2260 1803 10009 2283 1792 10010 2262 1792 10011 2262 1803 10012 2283 1793 10013 2264 1793 10014 2264 1803 10015 2283 1794 10016 2266 1794 10017 2266 1803 10018 2283 1795 10019 2268 1795 10020 2268 1803 10021 2283 1796 10022 2270 1796 10023 2270 1803 10024 2283 1797 10025 2272 1797 10026 2272 1803 10027 2283 1798 10028 2274 1798 10029 2274 1803 10030 2283 1799 10031 2276 1799 10032 2276 1803 10033 2283 1800 10034 2278 1800 10035 2278 1803 10036 2283 1801 10037 2280 1801 10038 2280 1803 10039 2283 1802 10040 2282 1802 10041 2282 1803 10042 2283 1788 10043 2254 1869 10044 2400 1868 10045 2401 1805 10046 2399 1805 10047 2399 1868 10048 2401 1804 10049 2398 1870 10050 2403 1869 10051 2400 1806 10052 2402 1806 10053 2402 1869 10054 2400 1805 10055 2399 1806 10056 2402 1871 10057 2405 1870 10058 2403 1871 10059 2405 1806 10060 2402 1807 10061 2404 1807 10062 2404 1872 10063 2407 1871 10064 2405 1872 10065 2407 1807 10066 2404 1808 10067 2406 1872 10068 2407 1808 10069 2406 1809 10070 2408 1872 10071 2407 1809 10072 2408 1873 10073 2409 1873 10074 2409 1809 10075 2408 1810 10076 2410 1873 10077 2409 1810 10078 2410 1874 10079 2411 1875 10080 2413 1810 10081 2410 1811 10082 2412 1810 10083 2410 1875 10084 2413 1874 10085 2411 1876 10086 2415 1811 10087 2412 1812 10088 2414 1811 10089 2412 1876 10090 2415 1875 10091 2413 1877 10092 2417 1876 10093 2415 1813 10094 2416 1813 10095 2416 1876 10096 2415 1812 10097 2414 1878 10098 2419 1877 10099 2417 1814 10100 2418 1814 10101 2418 1877 10102 2417 1813 10103 2416 1879 10104 2421 1814 10105 2418 1815 10106 2420 1814 10107 2418 1879 10108 2421 1878 10109 2419 1880 10110 2423 1815 10111 2420 1816 10112 2422 1815 10113 2420 1880 10114 2423 1879 10115 2421 1881 10116 2425 1880 10117 2479 1817 10118 2424 1817 10119 2424 1880 10120 2479 1816 10121 2478 1882 10122 2427 1881 10123 2425 1818 10124 2426 1818 10125 2426 1881 10126 2425 1817 10127 2424 1883 10128 2429 1818 10129 2426 1819 10130 2428 1818 10131 2426 1883 10132 2429 1882 10133 2427 1868 10134 2401 1819 10135 2428 1804 10136 2398 1819 10137 2428 1868 10138 2401 1883 10139 2429 1837 10140 2431 1804 10141 2398 1836 10142 2430 1804 10143 2398 1837 10144 2431 1805 10145 2399 1838 10146 2432 1805 10147 2399 1837 10148 2431 1805 10149 2399 1838 10150 2432 1806 10151 2402 1838 10152 2432 1807 10153 2404 1806 10154 2402 1807 10155 2404 1838 10156 2432 1839 10157 2433 1839 10158 2433 1808 10159 2406 1807 10160 2404 1808 10161 2406 1839 10162 2433 1840 10163 2434 1808 10164 2406 1841 10165 2435 1809 10166 2408 1841 10167 2435 1808 10168 2406 1840 10169 2434 1809 10170 2408 1842 10171 2436 1810 10172 2410 1842 10173 2436 1809 10174 2408 1841 10175 2435 1843 10176 2437 1811 10177 2412 1842 10178 2436 1811 10179 2412 1810 10180 2410 1842 10181 2436 1843 10182 2437 1844 10183 2438 1812 10184 2414 1812 10185 2414 1811 10186 2412 1843 10187 2437 1845 10188 2439 1812 10189 2414 1844 10190 2438 1812 10191 2414 1845 10192 2439 1813 10193 2416 1846 10194 2440 1813 10195 2416 1845 10196 2439 1813 10197 2416 1846 10198 2440 1814 10199 2418 1847 10200 2441 1815 10201 2420 1846 10202 2440 1815 10203 2420 1814 10204 2418 1846 10205 2440 1847 10206 2441 1848 10207 2442 1816 10208 2422 1816 10209 2422 1815 10210 2420 1847 10211 2441 1849 10212 2443 1816 10213 2480 1848 10214 2481 1816 10215 2480 1849 10216 2443 1817 10217 2424 1850 10218 2444 1817 10219 2424 1849 10220 2443 1817 10221 2424 1850 10222 2444 1818 10223 2426 1851 10224 2445 1819 10225 2428 1850 10226 2444 1819 10227 2428 1818 10228 2426 1850 10229 2444 1851 10230 2445 1836 10231 2430 1804 10232 2398 1804 10233 2398 1819 10234 2428 1851 10235 2445 1853 10236 2448 1820 10237 2446 1821 10238 2447 1820 10239 2446 1853 10240 2448 1852 10241 2449 1854 10242 2451 1821 10243 2447 1822 10244 2450 1821 10245 2447 1854 10246 2451 1853 10247 2448 1854 10248 2451 1823 10249 2452 1855 10250 2453 1823 10251 2452 1854 10252 2451 1822 10253 2450 1855 10254 2453 1824 10255 2454 1856 10256 2455 1824 10257 2454 1855 10258 2453 1823 10259 2452 1857 10260 2457 1856 10261 2455 1824 10262 2454 1824 10263 2454 1825 10264 2456 1857 10265 2457 1857 10266 2457 1825 10267 2456 1858 10268 2459 1825 10269 2456 1826 10270 2458 1858 10271 2459 1827 10272 2460 1858 10273 2459 1826 10274 2458 1858 10275 2459 1827 10276 2460 1859 10277 2461 1828 10278 2462 1859 10279 2461 1827 10280 2460 1859 10281 2461 1828 10282 2462 1860 10283 2463 1861 10284 2465 1828 10285 2462 1829 10286 2464 1828 10287 2462 1861 10288 2465 1860 10289 2463 1862 10290 2467 1829 10291 2464 1830 10292 2466 1829 10293 2464 1862 10294 2467 1861 10295 2465 1831 10296 2468 1862 10297 2467 1830 10298 2466 1862 10299 2467 1831 10300 2468 1863 10301 2469 1832 10302 2470 1863 10303 2469 1831 10304 2468 1863 10305 2469 1832 10306 2470 1864 10307 2471 1865 10308 2473 1832 10309 2482 1833 10310 2472 1832 10311 2482 1865 10312 2473 1864 10313 2483 1866 10314 2475 1833 10315 2472 1834 10316 2474 1833 10317 2472 1866 10318 2475 1865 10319 2473 1835 10320 2476 1866 10321 2475 1834 10322 2474 1866 10323 2475 1835 10324 2476 1867 10325 2477 1820 10326 2446 1867 10327 2477 1835 10328 2476 1867 10329 2477 1820 10330 2446 1852 10331 2449 1869 10332 2400 1821 10333 2447 1868 10334 2401 1821 10335 2447 1820 10336 2446 1868 10337 2401 1870 10338 2403 1822 10339 2450 1869 10340 2400 1822 10341 2450 1821 10342 2447 1869 10343 2400 1822 10344 2450 1871 10345 2405 1823 10346 2452 1871 10347 2405 1822 10348 2450 1870 10349 2403 1823 10350 2452 1872 10351 2407 1824 10352 2454 1872 10353 2407 1823 10354 2452 1871 10355 2405 1872 10356 2407 1825 10357 2456 1824 10358 2454 1825 10359 2456 1872 10360 2407 1873 10361 2409 1873 10362 2409 1826 10363 2458 1825 10364 2456 1826 10365 2458 1873 10366 2409 1874 10367 2411 1875 10368 2413 1826 10369 2458 1874 10370 2411 1826 10371 2458 1875 10372 2413 1827 10373 2460 1876 10374 2415 1827 10375 2460 1875 10376 2413 1827 10377 2460 1876 10378 2415 1828 10379 2462 1877 10380 2417 1829 10381 2464 1876 10382 2415 1829 10383 2464 1828 10384 2462 1876 10385 2415 1878 10386 2419 1830 10387 2466 1877 10388 2417 1830 10389 2466 1829 10390 2464 1877 10391 2417 1879 10392 2421 1830 10393 2466 1878 10394 2419 1830 10395 2466 1879 10396 2421 1831 10397 2468 1880 10398 2423 1831 10399 2468 1879 10400 2421 1831 10401 2468 1880 10402 2423 1832 10403 2470 1881 10404 2425 1833 10405 2472 1880 10406 2485 1833 10407 2472 1832 10408 2484 1880 10409 2485 1882 10410 2427 1834 10411 2474 1881 10412 2425 1834 10413 2474 1833 10414 2472 1881 10415 2425 1883 10416 2429 1834 10417 2474 1882 10418 2427 1834 10419 2474 1883 10420 2429 1835 10421 2476 1868 10422 2401 1835 10423 2476 1883 10424 2429 1835 10425 2476 1868 10426 2401 1820 10427 2446 1836 10428 2366 1884 10429 2367 1837 10430 2365 1837 10431 2365 1884 10432 2367 1885 10433 2368 1886 10434 2370 1837 10435 2365 1885 10436 2368 1837 10437 2365 1886 10438 2370 1838 10439 2369 1839 10440 2371 1838 10441 2369 1886 10442 2370 1839 10443 2371 1886 10444 2370 1887 10445 2372 1840 10446 2373 1887 10447 2372 1888 10448 2374 1887 10449 2372 1840 10450 2373 1839 10451 2371 1888 10452 2374 1841 10453 2375 1840 10454 2373 1841 10455 2375 1888 10456 2374 1889 10457 2376 1841 10458 2375 1889 10459 2376 1842 10460 2377 1842 10461 2377 1889 10462 2376 1890 10463 2378 1842 10464 2377 1890 10465 2378 1843 10466 2379 1891 10467 2380 1843 10468 2379 1890 10469 2378 1892 10470 2382 1844 10471 2381 1891 10472 2380 1844 10473 2381 1843 10474 2379 1891 10475 2380 1893 10476 2384 1844 10477 2381 1892 10478 2382 1844 10479 2381 1893 10480 2384 1845 10481 2383 1845 10482 2383 1894 10483 2386 1846 10484 2385 1894 10485 2386 1845 10486 2383 1893 10487 2384 1846 10488 2385 1895 10489 2388 1847 10490 2387 1895 10491 2388 1846 10492 2385 1894 10493 2386 1847 10494 2387 1896 10495 2390 1848 10496 2389 1896 10497 2390 1847 10498 2387 1895 10499 2388 1897 10500 2392 1849 10501 2391 1896 10502 2390 1849 10503 2391 1848 10504 2389 1896 10505 2390 1849 10506 2391 1898 10507 2394 1850 10508 2393 1898 10509 2394 1849 10510 2391 1897 10511 2392 1850 10512 2393 1899 10513 2396 1851 10514 2395 1899 10515 2396 1850 10516 2393 1898 10517 2394 1851 10518 2395 1884 10519 2367 1836 10520 2366 1884 10521 2367 1851 10522 2395 1899 10523 2396 1853 10524 2285 1900 10525 2287 1852 10526 2284 1900 10527 2287 1853 10528 2285 1901 10529 2286 1902 10530 2289 1853 10531 2285 1854 10532 2288 1853 10533 2285 1902 10534 2289 1901 10535 2286 1854 10536 2288 1855 10537 2290 1903 10538 2291 1854 10539 2288 1903 10540 2291 1902 10541 2289 1903 10542 2291 1856 10543 2292 1904 10544 2293 1856 10545 2292 1903 10546 2291 1855 10547 2290 1857 10548 2294 1905 10549 2295 1856 10550 2292 1856 10551 2292 1905 10552 2295 1904 10553 2293 1858 10554 2296 1905 10555 2295 1857 10556 2294 1905 10557 2295 1858 10558 2296 1906 10559 2297 1907 10560 2299 1858 10561 2296 1859 10562 2298 1858 10563 2296 1907 10564 2299 1906 10565 2297 1859 10566 2298 1908 10567 2301 1907 10568 2299 1908 10569 2301 1859 10570 2298 1860 10571 2300 1908 10572 2301 1860 10573 2300 1909 10574 2303 1860 10575 2300 1861 10576 2302 1909 10577 2303 1862 10578 2304 1909 10579 2303 1861 10580 2302 1909 10581 2303 1862 10582 2304 1910 10583 2305 1863 10584 2306 1910 10585 2305 1862 10586 2304 1910 10587 2305 1863 10588 2306 1911 10589 2307 1912 10590 2309 1863 10591 2306 1864 10592 2308 1863 10593 2306 1912 10594 2309 1911 10595 2307 1912 10596 2309 1865 10597 2310 1913 10598 2311 1865 10599 2310 1912 10600 2309 1864 10601 2308 1865 10602 2310 1866 10603 2312 1914 10604 2313 1865 10605 2310 1914 10606 2313 1913 10607 2311 1914 10608 2313 1867 10609 2314 1915 10610 2315 1867 10611 2314 1914 10612 2313 1866 10613 2312 1852 10614 2284 1900 10615 2287 1867 10616 2314 1867 10617 2314 1900 10618 2287 1915 10619 2315 1885 10620 2368 1884 10621 2367 1916 10622 2397 1886 10623 2370 1885 10624 2368 1916 10625 2397 1887 10626 2372 1886 10627 2370 1916 10628 2397 1888 10629 2374 1887 10630 2372 1916 10631 2397 1889 10632 2376 1888 10633 2374 1916 10634 2397 1890 10635 2378 1889 10636 2376 1916 10637 2397 1891 10638 2380 1890 10639 2378 1916 10640 2397 1892 10641 2382 1891 10642 2380 1916 10643 2397 1893 10644 2384 1892 10645 2382 1916 10646 2397 1894 10647 2386 1893 10648 2384 1916 10649 2397 1895 10650 2388 1894 10651 2386 1916 10652 2397 1896 10653 2390 1895 10654 2388 1916 10655 2397 1897 10656 2392 1896 10657 2390 1916 10658 2397 1898 10659 2394 1897 10660 2392 1916 10661 2397 1899 10662 2396 1898 10663 2394 1916 10664 2397 1884 10665 2367 1899 10666 2396 1916 10667 2397 1917 10668 2317 1900 10669 2287 1918 10670 2316 1900 10671 2287 1901 10672 2286 1918 10673 2316 1918 10674 2316 1901 10675 2286 1919 10676 2318 1901 10677 2286 1902 10678 2289 1919 10679 2318 1919 10680 2318 1903 10681 2291 1920 10682 2319 1903 10683 2291 1919 10684 2318 1902 10685 2289 1920 10686 2319 1904 10687 2293 1921 10688 2320 1904 10689 2293 1920 10690 2319 1903 10691 2291 1921 10692 2320 1904 10693 2293 1922 10694 2321 1904 10695 2293 1905 10696 2295 1922 10697 2321 1922 10698 2321 1905 10699 2295 1923 10700 2322 1905 10701 2295 1906 10702 2297 1923 10703 2322 1923 10704 2322 1907 10705 2299 1924 10706 2323 1907 10707 2299 1923 10708 2322 1906 10709 2297 1924 10710 2323 1908 10711 2301 1925 10712 2324 1908 10713 2301 1924 10714 2323 1907 10715 2299 1925 10716 2324 1908 10717 2301 1926 10718 2325 1908 10719 2301 1909 10720 2303 1926 10721 2325 1926 10722 2325 1909 10723 2303 1927 10724 2326 1909 10725 2303 1910 10726 2305 1927 10727 2326 1911 10728 2307 1927 10729 2326 1910 10730 2305 1927 10731 2326 1911 10732 2307 1928 10733 2327 1912 10734 2309 1928 10735 2327 1911 10736 2307 1928 10737 2327 1912 10738 2309 1929 10739 2328 1930 10740 2329 1912 10741 2309 1913 10742 2311 1912 10743 2309 1930 10744 2329 1929 10745 2328 1931 10746 2330 1913 10747 2311 1914 10748 2313 1913 10749 2311 1931 10750 2330 1930 10751 2329 1931 10752 2330 1915 10753 2315 1932 10754 2331 1915 10755 2315 1931 10756 2330 1914 10757 2313 1932 10758 2331 1900 10759 2287 1917 10760 2317 1900 10761 2287 1932 10762 2331 1915 10763 2315 1934 10764 2332 1917 10765 2317 1918 10766 2316 1917 10767 2317 1934 10768 2332 1933 10769 2333 1919 10770 2318 1934 10771 2332 1918 10772 2316 1934 10773 2332 1919 10774 2318 1935 10775 2334 1920 10776 2319 1935 10777 2334 1919 10778 2318 1935 10779 2334 1920 10780 2319 1936 10781 2335 1936 10782 2335 1920 10783 2319 1937 10784 2336 1920 10785 2319 1921 10786 2320 1937 10787 2336 1922 10788 2321 1937 10789 2336 1921 10790 2320 1937 10791 2336 1922 10792 2321 1938 10793 2337 1923 10794 2322 1938 10795 2337 1922 10796 2321 1938 10797 2337 1923 10798 2322 1939 10799 2338 1924 10800 2323 1939 10801 2338 1923 10802 2322 1939 10803 2338 1924 10804 2323 1940 10805 2339 1924 10806 2323 1941 10807 2340 1940 10808 2339 1941 10809 2340 1924 10810 2323 1925 10811 2324 1941 10812 2340 1926 10813 2325 1942 10814 2341 1926 10815 2325 1941 10816 2340 1925 10817 2324 1927 10818 2326 1942 10819 2341 1926 10820 2325 1942 10821 2341 1927 10822 2326 1943 10823 2342 1928 10824 2327 1944 10825 2343 1927 10826 2326 1927 10827 2326 1944 10828 2343 1943 10829 2342 1945 10830 2344 1928 10831 2327 1929 10832 2328 1928 10833 2327 1945 10834 2344 1944 10835 2343 1929 10836 2328 1946 10837 2345 1945 10838 2344 1946 10839 2345 1929 10840 2328 1930 10841 2329 1946 10842 2345 1930 10843 2329 1947 10844 2346 1930 10845 2329 1931 10846 2330 1947 10847 2346 1947 10848 2346 1932 10849 2331 1948 10850 2347 1932 10851 2331 1947 10852 2346 1931 10853 2330 1917 10854 2317 1948 10855 2347 1932 10856 2331 1948 10857 2347 1917 10858 2317 1933 10859 2333 1950 10860 2348 1933 10861 2333 1934 10862 2332 1933 10863 2333 1950 10864 2348 1949 10865 2349 1951 10866 2350 1934 10867 2332 1935 10868 2334 1934 10869 2332 1951 10870 2350 1950 10871 2348 1951 10872 2350 1936 10873 2335 1952 10874 2351 1936 10875 2335 1951 10876 2350 1935 10877 2334 1952 10878 2351 1937 10879 2336 1953 10880 2352 1937 10881 2336 1952 10882 2351 1936 10883 2335 1953 10884 2352 1937 10885 2336 1954 10886 2353 1937 10887 2336 1938 10888 2337 1954 10889 2353 1939 10890 2338 1955 10891 2354 1938 10892 2337 1954 10893 2353 1938 10894 2337 1955 10895 2354 1940 10896 2339 1955 10897 2354 1939 10898 2338 1955 10899 2354 1940 10900 2339 1956 10901 2355 1941 10902 2340 1956 10903 2355 1940 10904 2339 1956 10905 2355 1941 10906 2340 1957 10907 2356 1958 10908 2357 1941 10909 2340 1942 10910 2341 1941 10911 2340 1958 10912 2357 1957 10913 2356 1959 10914 2358 1942 10915 2341 1943 10916 2342 1942 10917 2341 1959 10918 2358 1958 10919 2357 1944 10920 2343 1959 10921 2358 1943 10922 2342 1959 10923 2358 1944 10924 2343 1960 10925 2359 1945 10926 2344 1960 10927 2359 1944 10928 2343 1960 10929 2359 1945 10930 2344 1961 10931 2360 1962 10932 2361 1945 10933 2344 1946 10934 2345 1945 10935 2344 1962 10936 2361 1961 10937 2360 1963 10938 2362 1946 10939 2345 1947 10940 2346 1946 10941 2345 1963 10942 2362 1962 10943 2361 1948 10944 2347 1963 10945 2362 1947 10946 2346 1963 10947 2362 1948 10948 2347 1964 10949 2363 1933 10950 2333 1964 10951 2363 1948 10952 2347 1964 10953 2363 1933 10954 2333 1949 10955 2349 1949 10956 2349 1950 10957 2348 1965 10958 2364 1950 10959 2348 1951 10960 2350 1965 10961 2364 1951 10962 2350 1952 10963 2351 1965 10964 2364 1952 10965 2351 1953 10966 2352 1965 10967 2364 1953 10968 2352 1954 10969 2353 1965 10970 2364 1954 10971 2353 1955 10972 2354 1965 10973 2364 1955 10974 2354 1956 10975 2355 1965 10976 2364 1956 10977 2355 1957 10978 2356 1965 10979 2364 1957 10980 2356 1958 10981 2357 1965 10982 2364 1958 10983 2357 1959 10984 2358 1965 10985 2364 1959 10986 2358 1960 10987 2359 1965 10988 2364 1960 10989 2359 1961 10990 2360 1965 10991 2364 1961 10992 2360 1962 10993 2361 1965 10994 2364 1962 10995 2361 1963 10996 2362 1965 10997 2364 1963 10998 2362 1964 10999 2363 1965 11000 2364 1964 11001 2363 1949 11002 2349 1965 11003 2364 1967 11004 2487 1969 11005 2489 1968 11006 2488 1969 11007 2489 1967 11008 2487 1966 11009 2486 1970 11010 2490 1968 11011 2488 1971 11012 2491 1968 11013 2488 1970 11014 2490 1967 11015 2487 1970 11016 2490 1973 11017 2493 1972 11018 2492 1973 11019 2493 1970 11020 2490 1971 11021 2491 1972 11022 2492 1975 11023 2495 1974 11024 2494 1975 11025 2495 1972 11026 2492 1973 11027 2493 1974 11028 2494 1975 11029 2495 1976 11030 2496 1975 11031 2495 1977 11032 2497 1976 11033 2496 1976 11034 2496 1977 11035 2497 1978 11036 2498 1977 11037 2497 1979 11038 2499 1978 11039 2498 1981 11040 2501 1978 11041 2498 1979 11042 2499 1978 11043 2498 1981 11044 2501 1980 11045 2500 1983 11046 2503 1980 11047 2500 1981 11048 2501 1980 11049 2500 1983 11050 2503 1982 11051 2502 1984 11052 2504 1983 11053 2503 1985 11054 2505 1983 11055 2503 1984 11056 2504 1982 11057 2502 1986 11058 2506 1985 11059 2505 1987 11060 2507 1985 11061 2505 1986 11062 2506 1984 11063 2504 1989 11064 2509 1986 11065 2506 1987 11066 2507 1986 11067 2506 1989 11068 2509 1988 11069 2508 1991 11070 2511 1988 11071 2508 1989 11072 2509 1988 11073 2508 1991 11074 2511 1990 11075 2510 1992 11076 2513 1991 11077 2515 1993 11078 2514 1991 11079 2515 1992 11080 2513 1990 11081 2512 1994 11082 2516 1993 11083 2514 1995 11084 2517 1993 11085 2514 1994 11086 2516 1992 11087 2513 1997 11088 2519 1994 11089 2516 1995 11090 2517 1994 11091 2516 1997 11092 2519 1996 11093 2518 1969 11094 2489 1996 11095 2518 1997 11096 2519 1996 11097 2518 1969 11098 2489 1966 11099 2486 1999 11100 2521 1966 11101 2486 1967 11102 2487 1966 11103 2486 1999 11104 2521 1998 11105 2520 2000 11106 2522 1967 11107 2487 1970 11108 2490 1967 11109 2487 2000 11110 2522 1999 11111 2521 2000 11112 2522 1970 11113 2490 1972 11114 2492 2000 11115 2522 1972 11116 2492 2001 11117 2523 1972 11118 2492 1974 11119 2494 2001 11120 2523 2001 11121 2523 1974 11122 2494 2002 11123 2524 1974 11124 2494 2003 11125 2525 2002 11126 2524 2003 11127 2525 1974 11128 2494 1976 11129 2496 1976 11130 2496 2004 11131 2526 2003 11132 2525 2004 11133 2526 1976 11134 2496 1978 11135 2498 2005 11136 2527 2004 11137 2526 1980 11138 2500 1978 11139 2498 1980 11140 2500 2004 11141 2526 2005 11142 2527 1982 11143 2502 2006 11144 2528 1982 11145 2502 2005 11146 2527 1980 11147 2500 2007 11148 2529 1982 11149 2502 1984 11150 2504 1982 11151 2502 2007 11152 2529 2006 11153 2528 2008 11154 2530 1984 11155 2504 1986 11156 2506 1984 11157 2504 2008 11158 2530 2007 11159 2529 2009 11160 2531 2008 11161 2530 1988 11162 2508 1986 11163 2506 1988 11164 2508 2008 11165 2530 2009 11166 2531 1990 11167 2510 2010 11168 2532 1990 11169 2510 2009 11170 2531 1988 11171 2508 2011 11172 2535 1990 11173 2533 1992 11174 2513 1990 11175 2533 2011 11176 2535 2010 11177 2534 2012 11178 2536 1992 11179 2513 1994 11180 2516 1992 11181 2513 2012 11182 2536 2011 11183 2535 2013 11184 2537 2012 11185 2536 1996 11186 2518 1994 11187 2516 1996 11188 2518 2012 11189 2536 2013 11190 2537 1966 11191 2486 1998 11192 2520 1966 11193 2486 2013 11194 2537 1996 11195 2518 2015 11196 2539 2014 11197 2538 2016 11198 2540 2016 11199 2540 2014 11200 2538 2017 11201 2541 2019 11202 2543 2018 11203 2542 2015 11204 2539 2019 11205 2543 2015 11206 2539 2016 11207 2540 2019 11208 2543 2020 11209 2544 2018 11210 2542 2020 11211 2544 2019 11212 2543 2021 11213 2545 2021 11214 2545 2022 11215 2546 2020 11216 2544 2022 11217 2546 2021 11218 2545 2023 11219 2547 2025 11220 2549 2022 11221 2546 2023 11222 2547 2022 11223 2546 2025 11224 2549 2024 11225 2548 2025 11226 2549 2027 11227 2551 2024 11228 2548 2026 11229 2550 2024 11230 2548 2027 11231 2551 2028 11232 2552 2027 11233 2551 2029 11234 2553 2027 11235 2551 2028 11236 2552 2026 11237 2550 2030 11238 2554 2029 11239 2553 2031 11240 2555 2029 11241 2553 2030 11242 2554 2028 11243 2552 2032 11244 2556 2030 11245 2554 2033 11246 2557 2033 11247 2557 2030 11248 2554 2031 11249 2555 2035 11250 2559 2034 11251 2558 2032 11252 2556 2035 11253 2559 2032 11254 2556 2033 11255 2557 2036 11256 2560 2035 11257 2559 2037 11258 2561 2035 11259 2559 2036 11260 2560 2034 11261 2558 2038 11262 2562 2037 11263 2561 2039 11264 2563 2037 11265 2561 2038 11266 2562 2036 11267 2560 2040 11268 2565 2038 11269 2564 2041 11270 2566 2041 11271 2566 2038 11272 2564 2039 11273 2567 2043 11274 2569 2042 11275 2568 2040 11276 2565 2043 11277 2569 2040 11278 2565 2041 11279 2566 2044 11280 2570 2043 11281 2569 2045 11282 2571 2043 11283 2569 2044 11284 2570 2042 11285 2568 2014 11286 2538 2045 11287 2571 2017 11288 2541 2045 11289 2571 2014 11290 2538 2044 11291 2570 2015 11292 2539 1968 11293 2488 1969 11294 2489 2015 11295 2539 1969 11296 2489 2014 11297 2538 2018 11298 2542 1971 11299 2491 1968 11300 2488 2018 11301 2542 1968 11302 2488 2015 11303 2539 2018 11304 2542 1973 11305 2493 1971 11306 2491 1973 11307 2493 2018 11308 2542 2020 11309 2544 2020 11310 2544 1975 11311 2495 1973 11312 2493 1975 11313 2495 2020 11314 2544 2022 11315 2546 2022 11316 2546 2024 11317 2548 1975 11318 2495 1975 11319 2495 2024 11320 2548 1977 11321 2497 2024 11322 2548 2026 11323 2550 1977 11324 2497 1977 11325 2497 2026 11326 2550 1979 11327 2499 1981 11328 2501 2026 11329 2550 2028 11330 2552 2026 11331 2550 1981 11332 2501 1979 11333 2499 1983 11334 2503 2028 11335 2552 2030 11336 2554 2028 11337 2552 1983 11338 2503 1981 11339 2501 2032 11340 2556 1985 11341 2505 1983 11342 2503 2032 11343 2556 1983 11344 2503 2030 11345 2554 2034 11346 2558 1987 11347 2507 1985 11348 2505 2034 11349 2558 1985 11350 2505 2032 11351 2556 1989 11352 2509 2034 11353 2558 2036 11354 2560 2034 11355 2558 1989 11356 2509 1987 11357 2507 1991 11358 2511 2036 11359 2560 2038 11360 2562 2036 11361 2560 1991 11362 2511 1989 11363 2509 2040 11364 2565 1993 11365 2514 1991 11366 2573 2040 11367 2565 1991 11368 2573 2038 11369 2572 2042 11370 2568 1995 11371 2517 1993 11372 2514 2042 11373 2568 1993 11374 2514 2040 11375 2565 1997 11376 2519 2042 11377 2568 2044 11378 2570 2042 11379 2568 1997 11380 2519 1995 11381 2517 1969 11382 2489 2044 11383 2570 2014 11384 2538 2044 11385 2570 1969 11386 2489 1997 11387 2519 1998 11388 2575 1999 11389 2574 2046 11390 2576 1999 11391 2574 2047 11392 2577 2046 11393 2576 2048 11394 2579 1999 11395 2574 2000 11396 2578 1999 11397 2574 2048 11398 2579 2047 11399 2577 2001 11400 2580 2048 11401 2579 2000 11402 2578 2048 11403 2579 2001 11404 2580 2049 11405 2581 2002 11406 2582 2049 11407 2581 2001 11408 2580 2049 11409 2581 2002 11410 2582 2050 11411 2583 2050 11412 2583 2002 11413 2582 2003 11414 2584 2003 11415 2584 2051 11416 2585 2050 11417 2583 2003 11418 2584 2004 11419 2586 2051 11420 2585 2004 11421 2586 2052 11422 2587 2051 11423 2585 2052 11424 2587 2005 11425 2588 2053 11426 2589 2005 11427 2588 2052 11428 2587 2004 11429 2586 2053 11430 2589 2006 11431 2590 2054 11432 2591 2006 11433 2590 2053 11434 2589 2005 11435 2588 2006 11436 2590 2055 11437 2593 2054 11438 2591 2055 11439 2593 2006 11440 2590 2007 11441 2592 2007 11442 2592 2056 11443 2595 2055 11444 2593 2056 11445 2595 2007 11446 2592 2008 11447 2594 2008 11448 2594 2057 11449 2597 2056 11450 2595 2057 11451 2597 2008 11452 2594 2009 11453 2596 2058 11454 2599 2009 11455 2596 2010 11456 2598 2009 11457 2596 2058 11458 2599 2057 11459 2597 2058 11460 2599 2011 11461 2600 2059 11462 2601 2011 11463 2600 2058 11464 2599 2010 11465 2598 2011 11466 2600 2060 11467 2603 2059 11468 2601 2060 11469 2603 2011 11470 2600 2012 11471 2602 2012 11472 2602 2061 11473 2605 2060 11474 2603 2061 11475 2605 2012 11476 2602 2013 11477 2604 2013 11478 2604 2046 11479 2576 2061 11480 2605 2046 11481 2576 2013 11482 2604 1998 11483 2575 2016 11484 2607 2063 11485 2609 2062 11486 2608 2063 11487 2609 2016 11488 2607 2017 11489 2606 2064 11490 2611 2019 11491 2610 2016 11492 2607 2064 11493 2611 2016 11494 2607 2062 11495 2608 2019 11496 2610 2065 11497 2613 2021 11498 2612 2065 11499 2613 2019 11500 2610 2064 11501 2611 2065 11502 2613 2023 11503 2614 2021 11504 2612 2023 11505 2614 2065 11506 2613 2066 11507 2615 2067 11508 2617 2023 11509 2614 2066 11510 2615 2023 11511 2614 2067 11512 2617 2025 11513 2616 2027 11514 2618 2067 11515 2617 2068 11516 2619 2067 11517 2617 2027 11518 2618 2025 11519 2616 2069 11520 2621 2029 11521 2620 2027 11522 2618 2069 11523 2621 2027 11524 2618 2068 11525 2619 2029 11526 2620 2070 11527 2623 2031 11528 2622 2070 11529 2623 2029 11530 2620 2069 11531 2621 2071 11532 2625 2031 11533 2622 2070 11534 2623 2031 11535 2622 2071 11536 2625 2033 11537 2624 2071 11538 2625 2035 11539 2626 2033 11540 2624 2035 11541 2626 2071 11542 2625 2072 11543 2627 2037 11544 2628 2072 11545 2627 2073 11546 2629 2072 11547 2627 2037 11548 2628 2035 11549 2626 2074 11550 2631 2039 11551 2630 2037 11552 2628 2037 11553 2628 2073 11554 2629 2074 11555 2631 2041 11556 2632 2074 11557 2631 2075 11558 2633 2074 11559 2631 2041 11560 2632 2039 11561 2630 2041 11562 2632 2076 11563 2635 2043 11564 2634 2076 11565 2635 2041 11566 2632 2075 11567 2633 2076 11568 2635 2045 11569 2636 2043 11570 2634 2045 11571 2636 2076 11572 2635 2077 11573 2637 2017 11574 2606 2045 11575 2636 2063 11576 2609 2045 11577 2636 2077 11578 2637 2063 11579 2609 2047 11580 2577 2078 11581 2638 2046 11582 2576 2048 11583 2579 2078 11584 2638 2047 11585 2577 2049 11586 2581 2078 11587 2638 2048 11588 2579 2050 11589 2583 2078 11590 2638 2049 11591 2581 2051 11592 2585 2078 11593 2638 2050 11594 2583 2052 11595 2587 2078 11596 2638 2051 11597 2585 2053 11598 2589 2078 11599 2638 2052 11600 2587 2054 11601 2591 2078 11602 2638 2053 11603 2589 2055 11604 2593 2078 11605 2638 2054 11606 2591 2056 11607 2595 2078 11608 2638 2055 11609 2593 2057 11610 2597 2078 11611 2638 2056 11612 2595 2058 11613 2599 2078 11614 2638 2057 11615 2597 2059 11616 2601 2078 11617 2638 2058 11618 2599 2060 11619 2603 2078 11620 2638 2059 11621 2601 2061 11622 2605 2078 11623 2638 2060 11624 2603 2046 11625 2576 2078 11626 2638 2061 11627 2605 2080 11628 2640 2079 11629 2639 2063 11630 2609 2063 11631 2609 2079 11632 2639 2062 11633 2608 2079 11634 2639 2081 11635 2641 2062 11636 2608 2062 11637 2608 2081 11638 2641 2064 11639 2611 2081 11640 2641 2065 11641 2613 2064 11642 2611 2065 11643 2613 2081 11644 2641 2082 11645 2642 2082 11646 2642 2066 11647 2615 2065 11648 2613 2066 11649 2615 2082 11650 2642 2083 11651 2643 2084 11652 2644 2066 11653 2615 2083 11654 2643 2066 11655 2615 2084 11656 2644 2067 11657 2617 2084 11658 2644 2085 11659 2645 2067 11660 2617 2067 11661 2617 2085 11662 2645 2068 11663 2619 2085 11664 2645 2069 11665 2621 2068 11666 2619 2069 11667 2621 2085 11668 2645 2086 11669 2646 2086 11670 2646 2070 11671 2623 2069 11672 2621 2070 11673 2623 2086 11674 2646 2087 11675 2647 2087 11676 2647 2088 11677 2648 2070 11678 2623 2070 11679 2623 2088 11680 2648 2071 11681 2625 2088 11682 2648 2089 11683 2649 2071 11684 2625 2071 11685 2625 2089 11686 2649 2072 11687 2627 2073 11688 2629 2089 11689 2649 2090 11690 2650 2089 11691 2649 2073 11692 2629 2072 11693 2627 2074 11694 2631 2090 11695 2650 2091 11696 2651 2090 11697 2650 2074 11698 2631 2073 11699 2629 2092 11700 2652 2075 11701 2633 2074 11702 2631 2092 11703 2652 2074 11704 2631 2091 11705 2651 2093 11706 2653 2076 11707 2635 2075 11708 2633 2093 11709 2653 2075 11710 2633 2092 11711 2652 2093 11712 2653 2077 11713 2637 2076 11714 2635 2077 11715 2637 2093 11716 2653 2094 11717 2654 2094 11718 2654 2063 11719 2609 2077 11720 2637 2063 11721 2609 2094 11722 2654 2080 11723 2640 2095 11724 2655 2079 11725 2639 2080 11726 2640 2080 11727 2640 2096 11728 2656 2095 11729 2655 2081 11730 2641 2095 11731 2655 2097 11732 2657 2095 11733 2655 2081 11734 2641 2079 11735 2639 2082 11736 2642 2097 11737 2657 2098 11738 2658 2097 11739 2657 2082 11740 2642 2081 11741 2641 2099 11742 2659 2082 11743 2642 2098 11744 2658 2082 11745 2642 2099 11746 2659 2083 11747 2643 2099 11748 2659 2084 11749 2644 2083 11750 2643 2084 11751 2644 2099 11752 2659 2100 11753 2660 2085 11754 2645 2100 11755 2660 2101 11756 2661 2100 11757 2660 2085 11758 2645 2084 11759 2644 2086 11760 2646 2101 11761 2661 2102 11762 2662 2101 11763 2661 2086 11764 2646 2085 11765 2645 2086 11766 2646 2103 11767 2663 2087 11768 2647 2103 11769 2663 2086 11770 2646 2102 11771 2662 2103 11772 2663 2088 11773 2648 2087 11774 2647 2088 11775 2648 2103 11776 2663 2104 11777 2664 2104 11778 2664 2089 11779 2649 2088 11780 2648 2089 11781 2649 2104 11782 2664 2105 11783 2665 2090 11784 2650 2089 11785 2649 2106 11786 2666 2089 11787 2649 2105 11788 2665 2106 11789 2666 2107 11790 2667 2091 11791 2651 2090 11792 2650 2107 11793 2667 2090 11794 2650 2106 11795 2666 2091 11796 2651 2108 11797 2668 2092 11798 2652 2108 11799 2668 2091 11800 2651 2107 11801 2667 2092 11802 2652 2109 11803 2669 2093 11804 2653 2109 11805 2669 2092 11806 2652 2108 11807 2668 2109 11808 2669 2094 11809 2654 2093 11810 2653 2094 11811 2654 2109 11812 2669 2110 11813 2670 2080 11814 2640 2110 11815 2670 2096 11816 2656 2110 11817 2670 2080 11818 2640 2094 11819 2654 2111 11820 2671 2095 11821 2655 2096 11822 2656 2111 11823 2671 2096 11824 2656 2112 11825 2672 2113 11826 2673 2097 11827 2657 2095 11828 2655 2113 11829 2673 2095 11830 2655 2111 11831 2671 2113 11832 2673 2098 11833 2658 2097 11834 2657 2098 11835 2658 2113 11836 2673 2114 11837 2674 2114 11838 2674 2099 11839 2659 2098 11840 2658 2099 11841 2659 2114 11842 2674 2115 11843 2675 2116 11844 2676 2099 11845 2659 2115 11846 2675 2099 11847 2659 2116 11848 2676 2100 11849 2660 2100 11850 2660 2116 11851 2676 2117 11852 2677 2100 11853 2660 2117 11854 2677 2101 11855 2661 2102 11856 2662 2117 11857 2677 2118 11858 2678 2117 11859 2677 2102 11860 2662 2101 11861 2661 2103 11862 2663 2118 11863 2678 2119 11864 2679 2118 11865 2678 2103 11866 2663 2102 11867 2662 2120 11868 2680 2104 11869 2664 2103 11870 2663 2120 11871 2680 2103 11872 2663 2119 11873 2679 2121 11874 2681 2105 11875 2665 2104 11876 2664 2121 11877 2681 2104 11878 2664 2120 11879 2680 2106 11880 2666 2121 11881 2681 2122 11882 2682 2121 11883 2681 2106 11884 2666 2105 11885 2665 2107 11886 2667 2122 11887 2682 2123 11888 2683 2122 11889 2682 2107 11890 2667 2106 11891 2666 2124 11892 2684 2108 11893 2668 2107 11894 2667 2124 11895 2684 2107 11896 2667 2123 11897 2683 2125 11898 2685 2109 11899 2669 2108 11900 2668 2125 11901 2685 2108 11902 2668 2124 11903 2684 2110 11904 2670 2125 11905 2685 2126 11906 2686 2125 11907 2685 2110 11908 2670 2109 11909 2669 2096 11910 2656 2126 11911 2686 2112 11912 2672 2126 11913 2686 2096 11914 2656 2110 11915 2670 2112 11916 2672 2127 11917 2687 2111 11918 2671 2111 11919 2671 2127 11920 2687 2113 11921 2673 2113 11922 2673 2127 11923 2687 2114 11924 2674 2114 11925 2674 2127 11926 2687 2115 11927 2675 2115 11928 2675 2127 11929 2687 2116 11930 2676 2116 11931 2676 2127 11932 2687 2117 11933 2677 2117 11934 2677 2127 11935 2687 2118 11936 2678 2118 11937 2678 2127 11938 2687 2119 11939 2679 2119 11940 2679 2127 11941 2687 2120 11942 2680 2120 11943 2680 2127 11944 2687 2121 11945 2681 2121 11946 2681 2127 11947 2687 2122 11948 2682 2122 11949 2682 2127 11950 2687 2123 11951 2683 2123 11952 2683 2127 11953 2687 2124 11954 2684 2124 11955 2684 2127 11956 2687 2125 11957 2685 2125 11958 2685 2127 11959 2687 2126 11960 2686 2126 11961 2686 2127 11962 2687 2112 11963 2672</p></triangles>
      </mesh>
    </geometry>
    <geometry id="props001-lib" name="props001Mesh">
      <mesh>
        <source id="props001-POSITION">
          <float_array id="props001-POSITION-array" count="24">
-3.757076 1.505932 4.228431
-1.541932 1.505932 4.228431
-3.757076 3.729101 4.228431
-1.541932 3.729101 4.228431
1.541933 3.729101 4.228431
1.541933 1.505932 4.228431
3.757077 1.505932 4.228431
3.757077 3.729101 4.228431
</float_array>
          <technique_common>
            <accessor source="#props001-POSITION-array" count="8" stride="3">
              <param name="X" type="float"/>
              <param name="Y" type="float"/>
              <param name="Z" type="float"/>
            </accessor>
          </technique_common>
        </source>
        <source id="props001-Normal0">
          <float_array id="props001-Normal0-array" count="36">
0.000000 0.000000 1.000000
0.000000 0.000000 1.000000
0.000000 0.000000 1.000000
0.000000 0.000000 1.000000
0.000000 0.000000 1.000000
0.000000 0.000000 1.000000
0.000000 0.000000 1.000000
0.000000 0.000000 1.000000
0.000000 0.000000 1.000000
0.000000 0.000000 1.000000
0.000000 0.000000 1.000000
0.000000 0.000000 1.000000
</float_array>
          <technique_common>
            <accessor source="#props001-Normal0-array" count="12" stride="3">
              <param name="X" type="float"/>
              <param name="Y" type="float"/>
              <param name="Z" type="float"/>
            </accessor>
          </technique_common>
        </source>
        <source id="props001-UV0">
          <float_array id="props001-UV0-array" count="16">
0.000000 0.000000
1.000000 0.000000
0.000000 1.000000
1.000000 1.000000
0.000000 1.000000
0.000000 0.000000
1.000000 0.000000
1.000000 1.000000
</float_array>
          <technique_common>
            <accessor source="#props001-UV0-array" count="8" stride="2">
              <param name="S" type="float"/>
              <param name="T" type="float"/>
            </accessor>
          </technique_common>
        </source>
        <vertices id="props001-VERTEX">
          <input semantic="POSITION" source="#props001-POSITION"/>
        </vertices>
        <triangles count="4" material="prop_1"><input semantic="VERTEX" offset="0" source="#props001-VERTEX"/><input semantic="NORMAL" offset="1" source="#props001-Normal0"/><input semantic="TEXCOORD" offset="2" set="0" source="#props001-UV0"/><p> 3 0 3 2 1 2 0 2 0 3 3 3 0 4 0 1 5 1 7 6 7 4 7 4 5 8 5 7 9 7 5 10 5 6 11 6</p></triangles>
      </mesh>
    </geometry>
  </library_geometries>
  <library_visual_scenes>
    <visual_scene id="m-28" name="m-28">
      <node name="Cylinder001" id="Cylinder001" sid="Cylinder001"><matrix sid="matrix">-1.000000 0.000000 0.000000 0.000000 0.000000 1.000000 -0.000000 0.000000 -0.000000 -0.000000 -1.000000 0.000000 0.000000 0.000000 0.000000 1.000000</matrix><instance_geometry url="#Cylinder001-lib"><bind_material><technique_common><instance_material symbol="m-28" target="#m-28"/></technique_common></bind_material></instance_geometry><extra><technique profile="FCOLLADA"><visibility>1.000000</visibility></technique></extra></node>
      <node name="props001" id="props001" sid="props001"><matrix sid="matrix">-1.000000 0.000000 0.000000 0.000000 0.000000 1.000000 -0.000000 0.000000 -0.000000 -0.000000 -1.000000 0.000000 0.000000 0.000000 0.000000 1.000000</matrix><instance_geometry url="#props001-lib"><bind_material><technique_common><instance_material symbol="prop_1" target="#prop_1"/></technique_common></bind_material></instance_geometry><extra><technique profile="FCOLLADA"><visibility>1.000000</visibility></technique></extra></node>
      <extra><technique profile="MAX3D"><frame_rate>30.000000</frame_rate></technique><technique profile="FCOLLADA"><start_time>0.000000</start_time><end_time>3.333333</end_time></technique></extra>
    </visual_scene>
  </library_visual_scenes>
  <scene>
    <instance_visual_scene url="#m-28"></instance_visual_scene>
  </scene>
</COLLADA>
