<?xml version="1.0" encoding="utf-8"?>
<COLLADA xmlns="http://www.collada.org/2005/11/COLLADASchema" version="1.4.1">
  <asset><contributor><author></author><authoring_tool>FBX COLLADA exporter</authoring_tool><comments></comments></contributor><created>2020-05-15T13:56:20Z</created><keywords></keywords><modified>2020-05-15T13:56:20Z</modified><revision></revision><subject></subject><title></title><unit meter="1.000000" name="centimeter"></unit><up_axis>Y_UP</up_axis></asset>
  <library_images>
    <image id="Map #19-image" name="Map #19"><init_from>file://cca.dds.png</init_from></image>
  </library_images>
  <library_materials>
    <material id="cca" name="cca">
      <instance_effect url="#cca-fx"/>
    </material>
  </library_materials>
  <library_effects>
    <effect id="cca-fx" name="cca">
      <profile_COMMON>
        <technique sid="standard">
          <phong>
            <emission>
              <color sid="emission">0.000000  0.000000 0.000000 1.000000</color>
            </emission>
            <ambient>
              <color sid="ambient">0.588000  0.588000 0.588000 1.000000</color>
            </ambient>
            <diffuse>
              <texture texture="Map #19-image" texcoord="CHANNEL0">
                <extra>
                  <technique profile="MAYA">
                    <wrapU sid="wrapU0">TRUE</wrapU>
                    <wrapV sid="wrapV0">TRUE</wrapV>
                    <blend_mode>ADD</blend_mode>
                  </technique>
                </extra>
              </texture>
            </diffuse>
            <specular>
              <color sid="specular">0.000000  0.000000 0.000000 1.000000</color>
            </specular>
            <shininess>
              <float sid="shininess">2.000000</float>
            </shininess>
            <reflective>
              <color sid="reflective">0.000000  0.000000 0.000000 1.000000</color>
            </reflective>
            <reflectivity>
              <float sid="reflectivity">1.000000</float>
            </reflectivity>
            <transparent opaque="RGB_ZERO">
              <color sid="transparent">1.000000  1.000000 1.000000 1.000000</color>
            </transparent>
            <transparency>
              <float sid="transparency">0.000000</float>
            </transparency>
          </phong>
        </technique>
      </profile_COMMON>
    </effect>
  </library_effects>
  <library_geometries>
    <geometry id="hull-lib" name="hullMesh">
      <mesh>
        <source id="hull-POSITION">
          <float_array id="hull-POSITION-array" count="1509">
0.565049 -6.266547 0.357984
0.840026 3.489025 -0.284541
0.784469 -4.985023 1.328129
1.233112 3.489025 1.459492
-0.000000 -6.266547 0.357984
-0.000000 -1.041571 -0.770497
0.856423 -1.041571 -0.641671
0.722632 -4.985023 -0.501215
-0.000000 -4.985023 -0.590881
-0.000000 1.036870 -0.755312
0.856422 1.036870 -0.595275
1.008884 1.036870 1.523676
-0.000000 4.770206 0.153252
-0.000000 4.770206 1.457231
0.513144 4.770207 0.233588
0.764928 4.770206 1.422709
0.261276 5.514810 0.712231
0.390540 5.514810 1.396060
-0.000000 -3.812996 1.349564
0.792576 -3.812995 1.349564
0.640114 -3.812995 -0.618643
1.288534 -3.812995 0.656393
1.512001 -1.041571 0.656393
1.512264 1.036870 0.746027
0.390540 5.514810 0.885304
0.764928 4.770206 0.689664
1.233112 3.489025 0.541735
1.512264 1.036870 0.354784
1.512001 -1.041571 0.244900
1.288534 -3.812996 0.001773
0.997955 -5.669240 0.810159
-0.000000 -5.657072 -0.173978
1.151370 -5.625785 -0.076029
1.167015 -5.493312 0.421775
1.008884 0.782397 1.814835
1.008885 -1.041571 1.400251
1.008885 -1.041571 1.814835
0.815511 0.481837 2.141906
0.815511 -1.041571 2.141906
0.765071 -1.041571 2.141906
0.765070 0.430332 2.141906
-0.000000 0.430332 2.141906
-0.000000 -3.750687 1.350698
0.753617 -3.750687 1.350698
0.958444 -1.041571 1.814835
0.958444 0.430332 1.814835
0.958444 -1.041571 1.400251
0.958444 0.430332 1.400251
-0.000000 0.430332 1.400251
0.753617 -3.750687 0.568222
0.958444 -1.041571 0.568223
0.958444 0.430332 0.568223
-0.000000 -3.750688 0.568222
-0.000000 0.430332 0.568223
0.702394 4.129616 -0.064387
1.042750 4.129615 1.441101
0.394351 5.142509 0.460668
0.584875 5.142508 1.409385
-0.000000 5.851263 0.940086
0.137129 5.851263 0.978773
0.201761 5.851263 1.382121
1.042750 4.129616 0.594431
0.584875 5.142508 0.786801
0.201761 5.851263 1.044067
-0.000000 -4.933119 1.329078
0.752985 -3.812995 1.349564
0.749111 -4.933119 1.329078
-0.000000 -3.843722 1.389009
0.723691 -4.903855 1.369620
0.727358 -3.843722 1.389009
0.139313 -4.117297 2.752446
0.135004 -4.324977 2.752446
0.139313 -3.694737 1.295898
0.135004 -3.896297 1.295898
0.181263 -3.599598 2.296609
0.181263 -4.017456 2.296609
0.181263 -3.750961 1.953170
0.181263 -3.979876 1.953171
0.181263 -3.599598 2.185892
0.121544 -3.689720 2.434582
0.121544 -4.038491 2.434582
0.121544 -4.038491 2.276986
0.121544 -3.689720 2.276986
-0.565049 -6.266547 0.357984
-1.167015 -5.493312 0.421775
-0.997955 -5.669240 0.810159
-0.000000 3.489025 -0.442807
-0.840026 3.489025 -0.284541
-0.856422 1.036870 -0.595275
-0.000000 -5.669240 0.810159
-0.000000 3.489025 1.498192
-1.233112 3.489025 1.459492
-1.042750 4.129615 1.441101
-0.000000 4.129615 1.479801
-1.233112 3.489025 0.541735
-1.042750 4.129616 0.594431
-0.000000 4.129616 -0.183688
-0.702394 4.129616 -0.064387
-0.856422 -1.041571 -0.641671
-1.512264 1.036870 0.354784
-1.512001 -1.041571 0.244900
-0.640114 -3.812995 -0.618643
-0.000000 -3.812995 -0.747469
-0.749111 -4.933119 1.329078
-0.000000 -4.985023 1.328129
-0.784469 -4.985023 1.328129
-0.722632 -4.985023 -0.501215
-1.151370 -5.625785 -0.076029
-1.008884 1.036870 1.523676
-0.000000 1.575913 1.555395
-0.764928 4.770206 1.422709
-0.584875 5.142508 1.409385
-0.000000 5.142508 1.443906
-0.513144 4.770207 0.233588
-0.394351 5.142509 0.460668
-0.584875 5.142508 0.786801
-0.764928 4.770206 0.689664
-0.000000 5.142508 0.394992
-0.390540 5.514810 1.396060
-0.201761 5.851263 1.382121
-0.000000 5.851263 1.403978
-0.000000 5.514810 1.426396
-0.261276 5.514810 0.712231
-0.137129 5.851263 0.978773
-0.201761 5.851263 1.044067
-0.390540 5.514810 0.885304
-0.000000 5.514810 0.663499
-1.307177 -3.812996 0.001773
-1.307177 -3.812995 0.656393
-0.792576 -3.812995 1.349564
-1.512264 1.036870 0.746027
-1.008885 -1.041571 1.400251
-1.512001 -1.041571 0.656393
-0.000000 6.187716 1.368182
-0.000000 1.362649 1.814835
-1.008884 0.782397 1.814835
-0.000000 0.782397 1.814835
-1.008885 -1.041571 1.814835
-0.000000 0.481837 2.141906
-0.815511 0.481837 2.141906
-0.815511 -1.041571 2.141906
-0.958444 -1.041571 1.400251
-0.753617 -3.750687 1.350698
-0.958444 -1.041571 1.814835
-0.765071 -1.041571 2.141906
-0.765070 0.430332 2.141906
-0.752985 -3.812995 1.349564
-0.958444 0.430332 1.814835
-0.000000 0.430332 1.814835
-0.958444 0.430332 1.400251
-0.958444 -1.041571 0.568223
-0.753617 -3.750687 0.568222
-0.958444 0.430332 0.568223
-0.000000 -1.041571 0.568223
-0.727358 -3.843722 1.389009
-0.000000 -4.903855 1.369620
-0.723691 -4.903855 1.369620
-0.139313 -4.117298 2.752446
-0.139313 -3.694737 1.295898
-0.135004 -4.324977 2.752446
-0.135004 -3.896297 1.295898
-0.181263 -3.599598 2.296609
-0.181263 -4.017456 2.296609
-0.181263 -3.599598 2.185892
-0.181263 -3.979876 1.953171
-0.181263 -3.750961 1.953170
-0.121544 -3.689720 2.434582
-0.121544 -4.038491 2.434582
-0.121544 -4.038491 2.276986
-0.121544 -3.689720 2.276986
0.387519 -4.147673 2.876079
0.358021 -3.999375 2.876079
0.274018 -3.873655 2.876079
0.148297 -3.789651 2.876079
0.000000 -3.760153 2.876079
-0.148297 -3.789651 2.876079
-0.274017 -3.873655 2.876079
-0.358021 -3.999375 2.876079
-0.387519 -4.147673 2.876079
-0.358021 -4.295969 2.876079
-0.274017 -4.421690 2.876079
-0.148297 -4.505693 2.876079
0.000000 -4.535192 2.876079
0.148297 -4.505693 2.876079
0.274018 -4.421690 2.876079
0.358021 -4.295969 2.876079
0.387519 -4.147673 2.968747
0.358021 -3.999375 2.968747
0.274018 -3.873655 2.968747
0.148297 -3.789651 2.968747
0.000000 -3.760153 2.968747
-0.148297 -3.789651 2.968747
-0.274017 -3.873655 2.968747
-0.358021 -3.999375 2.968747
-0.387519 -4.147673 2.968747
-0.358021 -4.295969 2.968747
-0.274017 -4.421690 2.968747
-0.148297 -4.505693 2.968747
0.000000 -4.535192 2.968747
0.148297 -4.505693 2.968747
0.274018 -4.421690 2.968747
0.358021 -4.295969 2.968747
0.087795 -3.857681 2.450232
0.067196 -3.888510 2.450232
0.036366 -3.909110 2.450232
0.000000 -3.916343 2.450232
-0.036366 -3.909110 2.450232
-0.067195 -3.888510 2.450232
-0.087795 -3.857681 2.450232
-0.095029 -3.821315 2.450232
-0.087795 -3.784949 2.450232
-0.067195 -3.754119 2.450232
-0.036366 -3.733519 2.450232
0.000000 -3.726286 2.450232
0.036366 -3.733519 2.450232
0.067196 -3.754119 2.450232
0.087795 -3.784949 2.450232
0.095029 -3.821315 2.450232
0.087795 -3.784949 2.580273
0.095029 -3.821315 2.580273
0.067196 -3.754119 2.580273
0.036366 -3.733519 2.580273
0.000000 -3.726286 2.580273
-0.036366 -3.733519 2.580273
-0.067195 -3.754119 2.580273
-0.087795 -3.784949 2.580273
-0.095029 -3.821315 2.580273
-0.087795 -3.857681 2.580273
-0.067195 -3.888510 2.580273
-0.036366 -3.909110 2.580273
0.000000 -3.916343 2.580273
0.036366 -3.909110 2.580273
0.067196 -3.888510 2.580273
0.087795 -3.857681 2.580273
0.241620 -4.147673 3.018043
0.223228 -4.055208 3.018043
0.170851 -3.976821 3.018043
0.092464 -3.924444 3.018043
0.000000 -3.906052 3.018043
-0.092464 -3.924444 3.018043
-0.170851 -3.976821 3.018043
-0.223228 -4.055208 3.018043
-0.241620 -4.147673 3.018043
-0.223228 -4.240136 3.018043
-0.170851 -4.318523 3.018043
-0.092464 -4.370900 3.018043
0.000000 -4.389293 3.018043
0.092464 -4.370900 3.018043
0.170851 -4.318523 3.018043
0.223228 -4.240136 3.018043
0.060991 -4.147672 3.036615
0.056348 -4.124332 3.036615
0.043127 -4.104546 3.036615
0.023340 -4.091324 3.036615
0.000000 -4.086681 3.036615
-0.023340 -4.091324 3.036615
-0.043127 -4.104546 3.036615
-0.056348 -4.124332 3.036615
-0.060990 -4.147672 3.036615
-0.056348 -4.171012 3.036615
-0.043127 -4.190799 3.036615
-0.023340 -4.204020 3.036615
0.000000 -4.208663 3.036615
0.023340 -4.204020 3.036615
0.043127 -4.190799 3.036615
0.056348 -4.171012 3.036615
0.000000 -4.147672 3.039044
0.478931 -4.245392 2.740448
0.442474 -4.062114 2.740448
0.442474 -4.062114 2.824340
0.478931 -4.245392 2.824340
0.338655 -3.906737 2.740449
0.338655 -3.906737 2.824340
0.183279 -3.802918 2.740449
0.183279 -3.802918 2.824340
0.000000 -3.766462 2.740449
0.000000 -3.766462 2.824340
-0.183279 -3.802918 2.740449
-0.183279 -3.802918 2.824340
-0.338655 -3.906737 2.740449
-0.338655 -3.906737 2.824340
-0.442474 -4.062114 2.740448
-0.442474 -4.062114 2.824340
-0.478930 -4.245392 2.740448
-0.478930 -4.245392 2.824340
-0.442474 -4.428671 2.740449
-0.442474 -4.428671 2.824340
-0.338655 -4.584047 2.740449
-0.338655 -4.584047 2.824340
-0.183279 -4.687867 2.740448
-0.183279 -4.687867 2.824340
0.000000 -4.724323 2.740448
0.000000 -4.724323 2.824340
0.183279 -4.687867 2.740448
0.183279 -4.687867 2.824340
0.338655 -4.584047 2.740449
0.338655 -4.584047 2.824340
0.442474 -4.428671 2.740449
0.442474 -4.428671 2.824340
0.275885 -4.131117 2.868967
0.298616 -4.245392 2.868967
0.211153 -4.034239 2.868967
0.114275 -3.969507 2.868967
0.000000 -3.946777 2.868967
-0.114275 -3.969507 2.868967
-0.211153 -4.034239 2.868967
-0.275885 -4.131117 2.868967
-0.298615 -4.245392 2.868967
-0.275885 -4.359668 2.868967
-0.211153 -4.456545 2.868967
-0.114275 -4.521277 2.868967
0.000000 -4.544008 2.868967
0.114275 -4.521277 2.868967
0.211153 -4.456545 2.868967
0.275885 -4.359668 2.868967
0.069640 -4.216546 2.885780
0.075378 -4.245392 2.885781
0.053300 -4.192092 2.885780
0.028846 -4.175753 2.885781
0.000000 -4.170014 2.885781
-0.028846 -4.175753 2.885781
-0.053300 -4.192092 2.885780
-0.069639 -4.216546 2.885780
-0.075377 -4.245392 2.885781
-0.069639 -4.274238 2.885781
-0.053300 -4.298692 2.885781
-0.028846 -4.315032 2.885781
0.000000 -4.320769 2.885781
0.028846 -4.315032 2.885781
0.053300 -4.298692 2.885781
0.069640 -4.274238 2.885781
0.000000 -4.245392 2.887979
0.052956 -3.799380 2.663046
0.057319 -3.821315 2.663046
0.040531 -3.780784 2.663046
0.021935 -3.768359 2.663046
0.000000 -3.763996 2.663046
-0.021935 -3.768359 2.663046
-0.040530 -3.780784 2.663046
-0.052956 -3.799380 2.663046
-0.057319 -3.821315 2.663046
-0.052956 -3.843250 2.663046
-0.040530 -3.861845 2.663046
-0.021935 -3.874270 2.663046
0.000000 -3.878633 2.663046
0.021935 -3.874270 2.663046
0.040531 -3.861845 2.663046
0.052956 -3.843250 2.663046
0.023060 -3.811763 2.675858
0.024960 -3.821315 2.675858
0.017649 -3.803665 2.675858
0.009552 -3.798255 2.675858
0.000000 -3.796355 2.675858
-0.009552 -3.798255 2.675858
-0.017649 -3.803665 2.675858
-0.023060 -3.811763 2.675858
-0.024960 -3.821315 2.675858
-0.023060 -3.830866 2.675858
-0.017649 -3.838964 2.675858
-0.009552 -3.844374 2.675858
0.000000 -3.846274 2.675858
0.009552 -3.844374 2.675858
0.017649 -3.838964 2.675858
0.023060 -3.830866 2.675858
0.078026 -3.788995 2.626456
0.084455 -3.821315 2.626456
0.059718 -3.761596 2.626456
0.032319 -3.743289 2.626456
0.000000 -3.736860 2.626456
-0.032319 -3.743289 2.626456
-0.059718 -3.761596 2.626456
-0.078026 -3.788995 2.626456
-0.084454 -3.821315 2.626456
-0.078026 -3.853634 2.626456
-0.059718 -3.881033 2.626456
-0.032319 -3.899340 2.626456
0.000000 -3.905769 2.626456
0.032320 -3.899340 2.626456
0.059719 -3.881033 2.626456
0.078026 -3.853634 2.626456
0.000000 -3.821315 2.679477
0.105572 -3.865044 2.450232
0.080801 -3.902115 2.450232
0.043729 -3.926886 2.450232
0.000000 -3.935584 2.450232
-0.043729 -3.926886 2.450232
-0.080801 -3.902115 2.450232
-0.105571 -3.865044 2.450232
-0.114269 -3.821315 2.450232
-0.105571 -3.777586 2.450232
-0.080801 -3.740514 2.450232
-0.043729 -3.715743 2.450232
0.000000 -3.707045 2.450232
0.043729 -3.715743 2.450232
0.080801 -3.740514 2.450232
0.105572 -3.777585 2.450232
0.114270 -3.821315 2.450232
0.105572 -3.865044 2.414697
0.080801 -3.902115 2.414697
0.043729 -3.926886 2.414697
0.000000 -3.935584 2.414697
-0.043729 -3.926886 2.414697
-0.080801 -3.902115 2.414697
-0.105571 -3.865044 2.414697
-0.114269 -3.821315 2.414697
-0.105571 -3.777586 2.414697
-0.080801 -3.740514 2.414697
-0.043729 -3.715743 2.414697
0.000000 -3.707045 2.414697
0.043729 -3.715743 2.414697
0.080801 -3.740514 2.414697
0.105572 -3.777585 2.414697
0.114270 -3.821315 2.414697
0.000000 -4.147673 2.876079
0.000000 -4.245392 2.740449
0.139313 -3.694737 0.514664
0.135004 -3.889275 0.514664
-0.139313 -3.694737 0.514664
-0.135004 -3.889275 0.514664
0.994320 -1.011571 1.839471
0.994319 0.722175 1.839471
0.830077 0.466892 2.117270
0.830077 -1.011571 2.117270
0.779636 -1.011571 2.117270
0.779636 0.400332 2.117270
0.943879 0.400332 1.839471
0.943879 -1.011571 1.839471
-0.994319 0.722175 1.839471
-0.994319 -1.011571 1.839471
-0.830077 -1.011571 2.117270
-0.830077 0.466892 2.117270
-0.779636 -1.011571 2.117270
-0.943879 -1.011571 1.839471
-0.943879 0.400332 1.839471
-0.779636 0.400332 2.117270
0.967154 0.762098 1.836925
-0.000000 0.762098 1.836925
-0.967154 0.762098 1.836925
-0.799900 0.502136 2.119816
-0.000000 0.502136 2.119816
0.799900 0.502136 2.119816
0.751726 0.430332 2.111906
-0.000000 0.430332 2.111906
-0.751726 0.430332 2.111906
-0.909626 0.430332 1.844835
-0.000000 0.430332 1.844835
0.909626 0.430332 1.844835
0.976711 -0.439694 1.340295
0.976710 0.258880 1.615814
-0.976711 -0.439694 1.340295
-0.976710 0.258880 1.615814
0.976710 0.453857 1.615814
-0.976710 0.453857 1.615814
0.976711 -0.439694 1.240049
-0.976711 -0.439694 1.240049
0.976711 -0.261401 1.240049
-0.976711 -0.261400 1.240049
0.976711 -0.261400 0.508586
-0.976711 -0.261400 0.508586
-0.238605 -0.218252 1.582479
-0.238605 -0.144032 1.434702
-0.268777 -0.144032 1.434702
-0.268777 -0.218252 1.582479
-0.239071 -0.235371 1.582479
-0.239071 -0.168821 1.434702
-0.268311 -0.235371 1.582479
-0.268311 -0.168821 1.434702
-0.137816 -0.197997 1.656773
-0.137816 -0.214360 1.666137
-0.369032 -0.197997 1.656773
-0.369032 -0.214360 1.666137
-0.360232 -0.212860 1.617655
-0.360232 -0.229222 1.627020
-0.335171 -0.225459 1.584493
-0.335171 -0.241822 1.593858
-0.297665 -0.233878 1.562335
-0.297665 -0.250241 1.571700
-0.253424 -0.236834 1.554554
-0.253424 -0.253197 1.563919
-0.209183 -0.233878 1.562335
-0.209183 -0.250241 1.571700
-0.171677 -0.225459 1.584493
-0.171677 -0.241822 1.593858
-0.146616 -0.212860 1.617655
-0.146616 -0.229222 1.627020
-0.181342 -0.223065 1.671119
-0.325506 -0.223065 1.671119
-0.320019 -0.232331 1.646729
-0.304394 -0.240187 1.626053
-0.281009 -0.245436 1.612237
-0.253424 -0.247280 1.607385
-0.225839 -0.245436 1.612237
-0.202454 -0.240187 1.626053
-0.186829 -0.232331 1.646729
-0.181342 -0.188806 1.651513
-0.325506 -0.188806 1.651513
-0.320019 -0.198073 1.627123
-0.304394 -0.205929 1.606446
-0.281009 -0.211178 1.592630
-0.253424 -0.213021 1.587779
-0.225839 -0.211178 1.592630
-0.202454 -0.205929 1.606446
-0.186829 -0.198073 1.627123
</float_array>
          <technique_common>
            <accessor source="#hull-POSITION-array" count="503" stride="3">
              <param name="X" type="float"/>
              <param name="Y" type="float"/>
              <param name="Z" type="float"/>
            </accessor>
          </technique_common>
        </source>
        <source id="hull-Normal0">
          <float_array id="hull-Normal0-array" count="8370">
0.780759 -0.616308 0.102856
0.780572 -0.616289 0.104382
0.785023 -0.616302 0.062544
-0.000000 0.070332 -0.997524
0.574741 0.239900 -0.782382
0.544818 0.071375 -0.835511
0.574741 0.239900 -0.782382
-0.000000 0.070332 -0.997524
0.000000 0.244866 -0.969557
0.000000 -0.603578 0.797304
0.000000 -0.603578 0.797304
0.000000 -0.603578 0.797304
0.000000 -0.603578 0.797304
0.000000 -0.603578 0.797304
0.000000 -0.603578 0.797304
0.036461 0.036406 0.998672
-0.000000 0.037230 0.999307
-0.000000 0.029803 0.999556
-0.000000 0.029803 0.999556
0.035909 0.029507 0.998919
0.036461 0.036406 0.998672
0.940056 0.341020 0.000000
0.978241 0.207471 0.000000
0.941126 0.338055 0.000000
0.978241 0.207471 0.000000
0.980702 0.195510 0.000000
0.941126 0.338055 0.000000
0.574741 0.239900 -0.782382
0.000000 0.244866 -0.969557
0.542288 0.418701 -0.728432
0.000000 0.244866 -0.969557
-0.000000 0.412167 -0.911108
0.542288 0.418701 -0.728432
0.787372 -0.004650 -0.616461
0.544818 0.071375 -0.835511
0.836833 0.063022 -0.543819
0.544818 0.071375 -0.835511
0.787372 -0.004650 -0.616461
0.515455 -0.003450 -0.856909
-0.000000 -0.062494 -0.998045
-0.000000 -0.000102 -1.000000
0.452865 -0.049054 -0.890229
0.452865 -0.049054 -0.890229
-0.000000 -0.000102 -1.000000
0.515455 -0.003450 -0.856909
0.000000 -0.018286 0.999833
0.000000 -0.018286 0.999833
0.000000 -0.018286 0.999833
0.000000 -0.018286 0.999833
0.000000 -0.018286 0.999833
0.000000 -0.018286 0.999833
0.000000 -0.573162 -0.819442
0.379396 -0.232145 -0.895638
0.278519 -0.439477 -0.853983
0.379396 -0.232145 -0.895638
0.000000 -0.573162 -0.819442
-0.000000 -0.317139 -0.948379
-0.000000 -0.000102 -1.000000
-0.000000 0.070332 -0.997524
0.515455 -0.003450 -0.856909
0.515455 -0.003450 -0.856909
-0.000000 0.070332 -0.997524
0.544818 0.071375 -0.835511
0.836833 0.063022 -0.543819
0.574741 0.239900 -0.782382
0.860081 0.205742 -0.466831
0.574741 0.239900 -0.782382
0.836833 0.063022 -0.543819
0.544818 0.071375 -0.835511
0.000000 0.025866 0.999665
0.035909 0.029507 0.998919
-0.000000 0.029803 0.999556
0.037591 0.025847 0.998959
0.035909 0.029507 0.998919
0.000000 0.025866 0.999665
0.000000 0.053373 0.998575
0.000000 0.044407 0.999014
0.056370 0.051728 0.997069
0.056370 0.051728 0.997069
0.000000 0.044407 0.999014
0.044273 0.043351 0.998078
0.780558 0.456239 -0.427287
0.469378 0.571608 -0.673015
0.737074 0.510157 -0.443240
0.780558 0.456239 -0.427287
0.495690 0.513613 -0.700352
0.469378 0.571608 -0.673015
0.495690 0.513613 -0.700352
-0.000000 0.503164 -0.864191
0.469378 0.571608 -0.673015
-0.000000 0.503164 -0.864191
0.000000 0.567704 -0.823233
0.469378 0.571608 -0.673015
0.000000 0.068553 0.997647
0.094060 0.087222 0.991738
0.000000 0.092066 0.995753
0.094060 0.087222 0.991738
0.000000 0.068553 0.997647
0.073518 0.065272 0.995156
0.668291 0.567691 -0.480743
0.370027 0.702695 -0.607700
0.547487 0.678898 -0.489239
0.431050 0.614007 -0.661204
0.370027 0.702695 -0.607700
0.668291 0.567691 -0.480743
0.000000 0.616311 -0.787503
0.370027 0.702695 -0.607700
0.431050 0.614007 -0.661204
0.370027 0.702695 -0.607700
0.000000 0.616311 -0.787503
0.000000 0.711179 -0.703011
-0.000000 -0.317139 -0.948379
0.452865 -0.049054 -0.890229
0.379396 -0.232145 -0.895638
0.452865 -0.049054 -0.890229
-0.000000 -0.317139 -0.948379
-0.000000 -0.062494 -0.998045
0.725873 -0.028786 -0.687226
0.515455 -0.003450 -0.856909
0.787372 -0.004650 -0.616461
0.515455 -0.003450 -0.856909
0.725873 -0.028786 -0.687226
0.452865 -0.049054 -0.890229
0.817162 -0.050267 0.574213
0.816399 -0.043074 0.575880
0.813162 -0.016265 0.581810
0.826651 -0.049135 0.560566
0.835657 -0.043407 0.547534
0.835883 -0.045253 0.547039
0.835657 -0.043407 0.547534
0.826651 -0.049135 0.560566
0.826627 -0.049205 0.560595
0.816399 -0.043074 0.575880
0.826627 -0.049205 0.560595
0.826651 -0.049135 0.560566
0.826627 -0.049205 0.560595
0.816399 -0.043074 0.575880
0.817162 -0.050267 0.574213
0.837837 -0.062417 0.542340
0.835883 -0.045253 0.547039
0.835657 -0.043407 0.547534
0.829421 0.363725 -0.423987
0.860081 0.205742 -0.466831
0.542288 0.418701 -0.728432
0.860081 0.205742 -0.466831
0.574741 0.239900 -0.782382
0.542288 0.418701 -0.728432
0.999210 -0.039738 0.000000
0.998528 0.054247 0.000000
0.998075 0.062026 0.000000
0.998528 0.054247 0.000000
0.999210 -0.039738 0.000000
0.999115 -0.042052 0.000000
0.998075 0.062026 0.000000
0.980702 0.195510 0.000000
0.978241 0.207471 0.000000
0.980702 0.195510 0.000000
0.998075 0.062026 0.000000
0.998528 0.054247 0.000000
0.893617 0.448831 -0.000000
0.880894 0.473314 -0.000000
0.879555 0.475797 -0.000000
0.880894 0.473314 -0.000000
0.893617 0.448831 -0.000000
0.894484 0.447101 -0.000000
0.997025 -0.077046 -0.002433
0.999115 -0.042052 0.000000
0.999210 -0.039738 0.000000
0.999115 -0.042052 0.000000
0.997025 -0.077046 -0.002433
0.997048 -0.076739 -0.002658
0.000000 1.000000 -0.000000
0.865115 0.501574 -0.000000
0.867692 0.497102 -0.000000
0.379396 -0.232145 -0.895638
0.452865 -0.049054 -0.890229
0.725873 -0.028786 -0.687226
0.780759 -0.616308 0.102856
0.775764 -0.615434 0.139395
0.780572 -0.616289 0.104382
0.928878 -0.116277 0.351661
0.891345 -0.102961 0.441478
0.904939 -0.107554 0.411726
0.000000 -0.603578 0.797304
0.000000 -0.603578 0.797304
0.000000 -0.603578 0.797304
0.000000 -0.603578 0.797304
0.000000 -0.603578 0.797304
0.000000 -0.603578 0.797304
0.000000 -0.627674 -0.778476
0.000000 -0.573162 -0.819442
0.055779 -0.626697 -0.777264
0.055779 -0.626697 -0.777264
0.000000 -0.573162 -0.819442
0.278519 -0.439477 -0.853983
0.997290 -0.073398 -0.005102
0.997048 -0.076739 -0.002658
0.997025 -0.077046 -0.002433
0.997048 -0.076739 -0.002658
0.997290 -0.073398 -0.005102
0.997290 -0.073398 -0.005102
0.278519 -0.439477 -0.853983
0.379396 -0.232145 -0.895638
0.725873 -0.028786 -0.687226
0.397306 0.699392 0.594136
0.397306 0.699392 0.594136
0.397306 0.699392 0.594136
0.397306 0.699392 0.594136
0.397306 0.699392 0.594136
0.397306 0.699392 0.594136
0.000000 -0.000000 1.000000
0.000000 -0.000000 1.000000
0.000000 -0.000000 1.000000
1.000000 0.000000 0.000000
1.000000 0.000000 0.000000
1.000000 0.000000 0.000000
1.000000 0.000000 0.000000
1.000000 0.000000 0.000000
1.000000 0.000000 0.000000
-0.000000 0.736318 0.676636
-0.000000 0.736318 0.676636
-0.000000 0.736318 0.676636
-0.000000 0.736318 0.676636
-0.000000 0.736318 0.676636
-0.000000 0.736318 0.676636
0.860806 0.000000 0.508933
0.860806 0.000000 0.508933
0.860806 0.000000 0.508933
0.860806 0.000000 0.508933
0.860806 0.000000 0.508933
0.860806 0.000000 0.508933
-0.000061 -0.018282 0.999833
-0.000061 -0.018282 0.999833
-0.000061 -0.018282 0.999833
-0.000061 -0.018282 0.999833
-0.000061 -0.018282 0.999833
-0.000061 -0.018282 0.999833
0.000000 -1.000000 0.000001
0.000000 -1.000000 0.000001
0.000000 -1.000000 0.000001
0.000000 -1.000000 0.000001
0.000000 -1.000000 0.000001
0.000000 -1.000000 0.000001
0.000000 -1.000000 0.000000
0.000000 -1.000000 0.000000
0.000000 -1.000000 0.000000
0.000000 -1.000000 0.000000
0.000000 -1.000000 0.000000
0.000000 -1.000000 0.000000
0.000000 0.000000 1.000000
0.000000 0.000000 1.000000
0.000000 0.000000 1.000000
0.000000 0.000000 1.000000
0.000000 0.000000 1.000000
0.000000 0.000000 1.000000
0.000000 0.000000 1.000000
0.000000 0.000000 1.000000
0.000000 0.000000 1.000000
0.000000 0.000000 1.000000
0.000000 0.000000 1.000000
0.000000 0.000000 1.000000
0.000000 -0.018195 0.999834
0.000000 -0.018195 0.999834
0.000000 -0.018195 0.999834
0.000000 -0.018195 0.999834
0.000000 -0.018195 0.999834
0.000000 -0.018195 0.999834
-0.860806 -0.000000 -0.508933
-0.860806 -0.000000 -0.508933
-0.860806 -0.000000 -0.508933
-0.860806 -0.000000 -0.508933
-0.860806 -0.000000 -0.508933
-0.860806 -0.000000 -0.508933
0.000000 -1.000000 0.000000
0.000000 -1.000000 0.000000
0.000000 -1.000000 0.000000
0.000000 -1.000000 0.000000
0.000000 -1.000000 0.000000
0.000000 -1.000000 0.000000
-1.000000 -0.000000 0.000000
-1.000000 -0.000000 0.000000
-1.000000 -0.000000 0.000000
-1.000000 -0.000000 0.000000
-1.000000 -0.000000 0.000000
-0.999689 0.024951 0.000000
0.000000 -1.000000 0.000000
0.000000 -1.000000 0.000000
0.000000 -1.000000 0.000000
0.000000 -1.000000 0.000000
0.000000 -1.000000 0.000000
0.000000 -1.000000 0.000000
-0.997154 0.075391 0.000000
-0.999689 0.024951 0.000000
-0.999288 0.037722 0.000000
-0.997154 0.075391 0.000000
-0.999288 0.037722 0.000000
-0.997154 0.075391 0.000000
-0.000000 1.000000 -0.000000
-0.000000 1.000000 -0.000000
-0.000000 1.000000 -0.000000
-0.000000 1.000000 -0.000000
-0.000000 1.000000 -0.000000
-0.000000 1.000000 -0.000000
-1.000000 -0.000000 0.000000
-0.999288 0.037722 0.000000
-0.999689 0.024951 0.000000
-0.999288 0.037722 0.000000
-1.000000 -0.000000 0.000000
-1.000000 -0.000000 -0.000000
0.000000 -1.000000 0.000000
0.000000 -1.000000 0.000000
0.000000 -1.000000 0.000000
0.000000 -1.000000 0.000000
0.000000 -1.000000 0.000000
0.000000 -1.000000 0.000000
0.000000 -0.000000 1.000000
0.000000 -0.000000 1.000000
0.000000 -0.000000 1.000000
0.000000 -0.000000 1.000000
0.000000 -0.000000 1.000000
0.000000 -0.000000 1.000000
0.000000 0.000000 1.000000
0.000000 0.000000 1.000000
0.000000 0.000000 1.000000
0.000000 0.000000 1.000000
0.000000 0.000000 1.000000
0.000000 0.000000 1.000000
0.000000 0.044407 0.999014
-0.000000 0.037230 0.999307
0.044273 0.043351 0.998078
0.044273 0.043351 0.998078
-0.000000 0.037230 0.999307
0.036461 0.036406 0.998672
0.940056 0.341020 0.000000
0.910065 0.414466 0.000000
0.909195 0.416372 0.000000
0.910065 0.414466 0.000000
0.940056 0.341020 0.000000
0.941126 0.338055 0.000000
0.542288 0.418701 -0.728432
-0.000000 0.412167 -0.911108
0.495690 0.513613 -0.700352
-0.000000 0.412167 -0.911108
-0.000000 0.503164 -0.864191
0.495690 0.513613 -0.700352
0.000000 0.068553 0.997647
0.000000 0.053373 0.998575
0.073518 0.065272 0.995156
0.073518 0.065272 0.995156
0.000000 0.053373 0.998575
0.056370 0.051728 0.997069
0.737074 0.510157 -0.443240
0.431050 0.614007 -0.661204
0.668291 0.567691 -0.480743
0.737074 0.510157 -0.443240
0.469378 0.571608 -0.673015
0.431050 0.614007 -0.661204
0.469378 0.571608 -0.673015
0.000000 0.567704 -0.823233
0.431050 0.614007 -0.661204
0.000000 0.567704 -0.823233
0.000000 0.616311 -0.787503
0.431050 0.614007 -0.661204
0.094060 0.087222 0.991738
0.000000 0.105796 0.994388
0.000000 0.092066 0.995753
0.370027 0.702695 -0.607700
0.000000 0.808005 -0.589176
0.547487 0.678898 -0.489239
0.000000 0.711179 -0.703011
0.000000 0.808005 -0.589176
0.370027 0.702695 -0.607700
0.829421 0.363725 -0.423987
0.495690 0.513613 -0.700352
0.780558 0.456239 -0.427287
0.829421 0.363725 -0.423987
0.542288 0.418701 -0.728432
0.495690 0.513613 -0.700352
0.893617 0.448831 -0.000000
0.909195 0.416372 0.000000
0.894484 0.447101 -0.000000
0.909195 0.416372 0.000000
0.910065 0.414466 0.000000
0.894484 0.447101 -0.000000
0.879555 0.475797 -0.000000
0.867692 0.497102 -0.000000
0.865115 0.501574 -0.000000
0.867692 0.497102 -0.000000
0.879555 0.475797 -0.000000
0.880894 0.473314 -0.000000
0.891345 -0.102961 0.441478
0.869263 -0.095903 0.484958
0.904939 -0.107554 0.411726
-0.000000 -0.018286 0.999833
-0.000000 -0.018286 0.999833
-0.000000 -0.018286 0.999833
-0.000000 -0.018286 0.999833
-0.000000 -0.018286 0.999833
-0.000000 -0.018286 0.999833
0.000000 -0.018196 0.999834
0.000000 -0.018196 0.999834
0.000000 -0.018196 0.999834
0.000000 -0.018286 0.999833
0.000000 -0.018286 0.999833
0.000000 -0.018286 0.999833
0.000000 -0.018286 0.999833
0.000000 -0.018286 0.999833
0.000000 -0.018286 0.999833
0.000000 -0.810838 0.585270
0.000000 -0.810838 0.585270
0.000000 -0.810838 0.585270
0.000000 -0.810838 0.585270
0.000000 -0.810838 0.585270
0.000000 -0.810838 0.585270
0.842997 -0.012751 0.537767
0.842997 -0.012751 0.537767
0.842997 -0.012751 0.537767
0.842997 -0.012751 0.537767
0.842997 -0.012751 0.537767
0.842997 -0.012751 0.537767
-0.000001 0.788894 0.614529
-0.000001 0.788894 0.614529
-0.000001 0.788894 0.614529
-0.000001 0.788894 0.614529
-0.000001 0.788894 0.614529
-0.000001 0.788894 0.614529
-0.000001 0.960401 0.278623
-0.000001 0.960401 0.278623
-0.000001 0.960401 0.278623
-0.000001 0.960401 0.278623
-0.000001 0.960401 0.278623
-0.000001 0.960401 0.278623
0.999759 -0.021056 -0.006153
0.999759 -0.021056 -0.006153
0.999759 -0.021056 -0.006153
0.999759 -0.021056 -0.006153
0.999759 -0.021056 -0.006153
0.999759 -0.021056 -0.006153
0.000000 0.000000 1.000000
0.000000 0.000000 1.000000
0.000000 0.000000 1.000000
0.000000 0.000000 1.000000
0.000000 0.000000 1.000000
0.000000 0.000000 1.000000
0.000000 1.000000 0.000000
0.000000 1.000000 0.000000
0.000000 1.000000 0.000000
0.000000 1.000000 0.000000
0.000000 1.000000 0.000000
0.000000 1.000000 0.000000
1.000000 0.000000 0.000000
1.000000 0.000000 0.000000
1.000000 0.000000 0.000000
0.000000 -0.000001 -1.000000
0.000000 -0.000001 -1.000000
0.000000 -0.000001 -1.000000
0.000000 -0.000001 -1.000000
0.000000 -0.000001 -1.000000
0.000000 -0.000001 -1.000000
0.000000 0.838289 -0.545227
0.000000 0.838289 -0.545227
0.000000 0.838289 -0.545227
0.000000 0.838289 -0.545227
0.000000 0.838289 -0.545227
0.000000 0.838289 -0.545227
1.000000 -0.000000 0.000000
1.000000 -0.000000 0.000000
1.000000 -0.000000 0.000000
1.000000 -0.000000 0.000000
1.000000 -0.000000 0.000000
1.000000 -0.000000 0.000000
0.000000 0.000000 1.000000
0.000000 0.000000 1.000000
0.000000 0.000000 1.000000
0.000000 0.000000 1.000000
0.000000 0.000000 1.000000
0.000000 0.000000 1.000000
0.000000 1.000000 0.000000
0.000000 1.000000 0.000000
0.000000 1.000000 0.000000
0.000000 1.000000 0.000000
0.000000 1.000000 0.000000
0.000000 1.000000 0.000000
-0.780759 -0.616308 0.102856
-0.785023 -0.616302 0.062544
-0.780572 -0.616289 0.104382
-0.574741 0.239900 -0.782382
-0.000000 0.070332 -0.997524
-0.544818 0.071375 -0.835511
-0.000000 0.070332 -0.997524
-0.574741 0.239900 -0.782382
0.000000 0.244866 -0.969557
0.000000 -0.603578 0.797304
0.000000 -0.603578 0.797304
0.000000 -0.603578 0.797304
0.000000 -0.603578 0.797304
0.000000 -0.603578 0.797304
0.000000 -0.603578 0.797304
-0.036461 0.036406 0.998672
-0.000000 0.029803 0.999556
-0.000000 0.037230 0.999307
-0.000000 0.029803 0.999556
-0.036461 0.036406 0.998672
-0.035909 0.029507 0.998919
-0.941126 0.338055 0.000000
-0.978241 0.207471 0.000000
-0.940056 0.341020 0.000000
-0.978241 0.207471 0.000000
-0.941126 0.338055 0.000000
-0.980702 0.195511 0.000000
0.000000 0.244866 -0.969557
-0.574741 0.239900 -0.782382
-0.542288 0.418701 -0.728432
0.000000 0.244866 -0.969557
-0.542288 0.418701 -0.728432
-0.000000 0.412167 -0.911108
-0.785275 -0.003215 -0.619138
-0.836833 0.063022 -0.543819
-0.544818 0.071375 -0.835511
-0.785275 -0.003215 -0.619138
-0.544818 0.071375 -0.835511
-0.513877 -0.002590 -0.857860
-0.448412 -0.048596 -0.892505
-0.000000 -0.000102 -1.000000
-0.000000 -0.062494 -0.998045
-0.000000 -0.000102 -1.000000
-0.448412 -0.048596 -0.892505
-0.513877 -0.002590 -0.857860
0.000000 -0.018286 0.999833
0.000000 -0.018286 0.999833
0.000000 -0.018286 0.999833
0.000000 -0.018286 0.999833
0.000000 -0.018286 0.999833
0.000000 -0.018286 0.999833
0.000000 -0.573162 -0.819442
-0.375842 -0.233977 -0.896659
-0.000000 -0.317139 -0.948379
-0.375842 -0.233977 -0.896659
0.000000 -0.573162 -0.819442
-0.277696 -0.439842 -0.854063
-0.513877 -0.002590 -0.857860
-0.000000 0.070332 -0.997524
-0.000000 -0.000102 -1.000000
-0.000000 0.070332 -0.997524
-0.513877 -0.002590 -0.857860
-0.544818 0.071375 -0.835511
-0.836833 0.063022 -0.543819
-0.860081 0.205742 -0.466831
-0.574741 0.239900 -0.782382
-0.836833 0.063022 -0.543819
-0.574741 0.239900 -0.782382
-0.544818 0.071375 -0.835511
-0.035909 0.029507 0.998919
0.000000 0.025866 0.999665
-0.000000 0.029803 0.999556
-0.035909 0.029507 0.998919
-0.037591 0.025847 0.998959
0.000000 0.025866 0.999665
-0.056370 0.051728 0.997069
0.000000 0.044407 0.999014
0.000000 0.053373 0.998575
0.000000 0.044407 0.999014
-0.056370 0.051728 0.997069
-0.044273 0.043351 0.998078
-0.495690 0.513613 -0.700352
-0.780558 0.456239 -0.427287
-0.469378 0.571608 -0.673015
-0.780558 0.456239 -0.427287
-0.737074 0.510157 -0.443240
-0.469378 0.571608 -0.673015
-0.469378 0.571608 -0.673015
-0.000000 0.503164 -0.864191
-0.495690 0.513613 -0.700352
-0.000000 0.503164 -0.864191
-0.469378 0.571608 -0.673015
0.000000 0.567704 -0.823233
-0.094060 0.087222 0.991738
0.000000 0.068553 0.997647
0.000000 0.092066 0.995753
0.000000 0.068553 0.997647
-0.094060 0.087222 0.991738
-0.073518 0.065272 0.995156
-0.370027 0.702695 -0.607700
-0.431050 0.614007 -0.661204
-0.668291 0.567691 -0.480743
-0.668291 0.567691 -0.480743
-0.547487 0.678898 -0.489239
-0.370027 0.702695 -0.607700
0.000000 0.616311 -0.787503
-0.370027 0.702695 -0.607700
0.000000 0.711179 -0.703011
-0.370027 0.702695 -0.607700
0.000000 0.616311 -0.787503
-0.431050 0.614007 -0.661204
-0.000000 -0.317139 -0.948379
-0.448412 -0.048596 -0.892505
-0.000000 -0.062494 -0.998045
-0.448412 -0.048596 -0.892505
-0.000000 -0.317139 -0.948379
-0.375842 -0.233977 -0.896659
-0.719541 -0.028669 -0.693858
-0.785275 -0.003215 -0.619138
-0.513877 -0.002590 -0.857860
-0.719541 -0.028669 -0.693858
-0.513877 -0.002590 -0.857860
-0.448412 -0.048596 -0.892505
-0.810313 -0.048469 0.583989
-0.802817 -0.016453 0.595999
-0.808796 -0.041638 0.586614
-0.824285 -0.047619 0.564169
-0.835883 -0.045254 0.547039
-0.835657 -0.043407 0.547534
-0.824285 -0.047619 0.564169
-0.835657 -0.043407 0.547534
-0.824241 -0.047707 0.564227
-0.808796 -0.041638 0.586614
-0.824241 -0.047707 0.564227
-0.810313 -0.048469 0.583989
-0.824241 -0.047707 0.564227
-0.808796 -0.041638 0.586614
-0.824285 -0.047619 0.564169
-0.837837 -0.062417 0.542340
-0.835657 -0.043407 0.547534
-0.835883 -0.045254 0.547039
-0.829421 0.363725 -0.423987
-0.542288 0.418701 -0.728432
-0.860081 0.205742 -0.466831
-0.860081 0.205742 -0.466831
-0.542288 0.418701 -0.728432
-0.574741 0.239900 -0.782382
-0.999336 -0.036442 0.000000
-0.998528 0.054247 0.000000
-0.999256 -0.038564 0.000000
-0.998528 0.054247 0.000000
-0.999336 -0.036442 0.000000
-0.998075 0.062026 0.000000
-0.998075 0.062026 0.000000
-0.978241 0.207471 0.000000
-0.980702 0.195511 0.000000
-0.998075 0.062026 0.000000
-0.980702 0.195511 0.000000
-0.998528 0.054247 0.000000
-0.893617 0.448831 -0.000000
-0.879555 0.475797 -0.000000
-0.880894 0.473314 -0.000000
-0.893617 0.448831 -0.000000
-0.880894 0.473314 -0.000000
-0.894484 0.447101 -0.000000
-0.996900 -0.078656 -0.001842
-0.999256 -0.038564 0.000000
-0.996864 -0.079113 -0.002012
-0.999256 -0.038564 0.000000
-0.996900 -0.078656 -0.001842
-0.999336 -0.036442 0.000000
0.000000 1.000000 -0.000000
-0.867692 0.497102 -0.000000
-0.865115 0.501574 -0.000000
-0.375842 -0.233977 -0.896659
-0.719541 -0.028669 -0.693858
-0.448412 -0.048596 -0.892505
-0.780759 -0.616308 0.102856
-0.780572 -0.616289 0.104382
-0.775764 -0.615434 0.139395
-0.929213 -0.126015 0.347396
-0.903194 -0.116230 0.413195
-0.888440 -0.111109 0.445341
0.000000 -0.603578 0.797304
0.000000 -0.603578 0.797304
0.000000 -0.603578 0.797304
0.000000 -0.603578 0.797304
0.000000 -0.603578 0.797304
0.000000 -0.603578 0.797304
-0.055779 -0.626697 -0.777264
0.000000 -0.573162 -0.819442
0.000000 -0.627674 -0.778476
0.000000 -0.573162 -0.819442
-0.055779 -0.626697 -0.777264
-0.277696 -0.439842 -0.854063
-0.996451 -0.084083 -0.003862
-0.996900 -0.078656 -0.001842
-0.996864 -0.079113 -0.002012
-0.996451 -0.084083 -0.003862
-0.996864 -0.079113 -0.002012
-0.996451 -0.084083 -0.003862
-0.277696 -0.439842 -0.854063
-0.719541 -0.028669 -0.693858
-0.375842 -0.233977 -0.896659
-0.397306 0.699393 0.594136
-0.397306 0.699392 0.594136
-0.397306 0.699393 0.594136
-0.397306 0.699392 0.594136
-0.397306 0.699393 0.594136
-0.397306 0.699393 0.594136
-0.000000 -0.000000 1.000000
-0.000000 -0.000000 1.000000
-0.000000 -0.000000 1.000000
-1.000000 0.000000 0.000000
-1.000000 0.000000 0.000000
-1.000000 0.000000 0.000000
-1.000000 0.000000 0.000000
-1.000000 0.000000 0.000000
-1.000000 0.000000 0.000000
0.000000 0.736318 0.676636
0.000000 0.736318 0.676636
0.000000 0.736318 0.676636
0.000000 0.736318 0.676636
0.000000 0.736318 0.676636
0.000000 0.736318 0.676636
-0.860806 0.000000 0.508933
-0.860806 0.000000 0.508933
-0.860806 0.000000 0.508932
-0.860806 0.000000 0.508933
-0.860806 0.000000 0.508933
-0.860806 0.000000 0.508933
0.000061 -0.018282 0.999833
0.000061 -0.018282 0.999833
0.000061 -0.018282 0.999833
0.000061 -0.018282 0.999833
0.000061 -0.018282 0.999833
0.000061 -0.018282 0.999833
0.000000 -1.000000 0.000001
0.000000 -1.000000 0.000001
0.000000 -1.000000 0.000001
0.000000 -1.000000 0.000001
0.000000 -1.000000 0.000001
0.000000 -1.000000 0.000001
0.000000 -1.000000 0.000000
0.000000 -1.000000 0.000000
0.000000 -1.000000 0.000000
0.000000 -1.000000 0.000000
0.000000 -1.000000 0.000000
0.000000 -1.000000 0.000000
0.000000 0.000000 1.000000
0.000000 0.000000 1.000000
0.000000 0.000000 1.000000
0.000000 0.000000 1.000000
0.000000 0.000000 1.000000
0.000000 0.000000 1.000000
0.000000 0.000000 1.000000
0.000000 0.000000 1.000000
0.000000 0.000000 1.000000
0.000000 0.000000 1.000000
0.000000 0.000000 1.000000
0.000000 0.000000 1.000000
-0.000000 -0.018195 0.999834
-0.000000 -0.018195 0.999834
-0.000000 -0.018195 0.999834
-0.000000 -0.018195 0.999834
-0.000000 -0.018195 0.999834
-0.000000 -0.018195 0.999834
0.860806 -0.000000 -0.508933
0.860806 -0.000000 -0.508933
0.860806 -0.000000 -0.508933
0.860806 -0.000000 -0.508933
0.860806 -0.000000 -0.508933
0.860806 -0.000000 -0.508933
-0.000000 -1.000000 -0.000000
-0.000000 -1.000000 -0.000000
-0.000000 -1.000000 -0.000000
-0.000000 -1.000000 -0.000000
-0.000000 -1.000000 -0.000000
-0.000000 -1.000000 -0.000000
0.999689 0.024951 0.000000
1.000000 -0.000000 0.000000
1.000000 -0.000000 0.000000
1.000000 -0.000000 0.000000
1.000000 -0.000000 0.000000
1.000000 -0.000000 0.000000
-0.000000 -1.000000 0.000000
-0.000000 -1.000000 0.000000
-0.000000 -1.000000 0.000000
-0.000000 -1.000000 0.000000
-0.000000 -1.000000 0.000000
-0.000000 -1.000000 0.000000
0.997154 0.075391 0.000000
0.999288 0.037722 -0.000000
0.997154 0.075391 0.000000
0.999689 0.024951 0.000000
0.997154 0.075391 0.000000
0.999288 0.037722 -0.000000
0.000000 1.000000 -0.000000
0.000000 1.000000 -0.000000
0.000000 1.000000 -0.000000
0.000000 1.000000 -0.000000
0.000000 1.000000 -0.000000
0.000000 1.000000 -0.000000
0.999288 0.037722 -0.000000
1.000000 -0.000000 0.000000
0.999689 0.024951 0.000000
1.000000 -0.000000 0.000000
0.999288 0.037722 -0.000000
1.000000 -0.000000 -0.000000
0.000000 -1.000000 0.000000
0.000000 -1.000000 0.000000
0.000000 -1.000000 0.000000
0.000000 -1.000000 0.000000
0.000000 -1.000000 0.000000
0.000000 -1.000000 0.000000
-0.000000 -0.000000 1.000000
-0.000000 -0.000000 1.000000
-0.000000 -0.000000 1.000000
-0.000000 -0.000000 1.000000
-0.000000 -0.000000 1.000000
-0.000000 -0.000000 1.000000
0.000000 0.000000 1.000000
0.000000 0.000000 1.000000
0.000000 0.000000 1.000000
0.000000 0.000000 1.000000
0.000000 0.000000 1.000000
0.000000 0.000000 1.000000
-0.044273 0.043351 0.998078
-0.000000 0.037230 0.999307
0.000000 0.044407 0.999014
-0.000000 0.037230 0.999307
-0.044273 0.043351 0.998078
-0.036461 0.036406 0.998672
-0.910065 0.414466 0.000000
-0.940056 0.341020 0.000000
-0.909195 0.416372 0.000000
-0.940056 0.341020 0.000000
-0.910065 0.414466 0.000000
-0.941126 0.338055 0.000000
-0.542288 0.418701 -0.728432
-0.495690 0.513613 -0.700352
-0.000000 0.412167 -0.911108
-0.000000 0.412167 -0.911108
-0.495690 0.513613 -0.700352
-0.000000 0.503164 -0.864191
-0.073518 0.065272 0.995156
0.000000 0.053373 0.998575
0.000000 0.068553 0.997647
0.000000 0.053373 0.998575
-0.073518 0.065272 0.995156
-0.056370 0.051728 0.997069
-0.469378 0.571608 -0.673015
-0.737074 0.510157 -0.443240
-0.431050 0.614007 -0.661204
-0.737074 0.510157 -0.443240
-0.668291 0.567691 -0.480743
-0.431050 0.614007 -0.661204
-0.431050 0.614007 -0.661204
0.000000 0.567704 -0.823233
-0.469378 0.571608 -0.673015
0.000000 0.567704 -0.823233
-0.431050 0.614007 -0.661204
0.000000 0.616311 -0.787503
-0.094060 0.087222 0.991738
0.000000 0.092066 0.995753
0.000000 0.105796 0.994388
-0.370027 0.702695 -0.607700
-0.547487 0.678898 -0.489239
0.000000 0.808005 -0.589176
0.000000 0.711179 -0.703011
-0.370027 0.702695 -0.607700
0.000000 0.808005 -0.589176
-0.542288 0.418701 -0.728432
-0.829421 0.363725 -0.423987
-0.495690 0.513613 -0.700352
-0.829421 0.363725 -0.423987
-0.780558 0.456239 -0.427287
-0.495690 0.513613 -0.700352
-0.909195 0.416372 0.000000
-0.893617 0.448831 -0.000000
-0.894484 0.447101 -0.000000
-0.909195 0.416372 0.000000
-0.894484 0.447101 -0.000000
-0.910065 0.414466 0.000000
-0.879555 0.475797 -0.000000
-0.867692 0.497102 -0.000000
-0.880894 0.473314 -0.000000
-0.867692 0.497102 -0.000000
-0.879555 0.475797 -0.000000
-0.865115 0.501574 -0.000000
-0.888440 -0.111109 0.445341
-0.903194 -0.116230 0.413195
-0.864196 -0.103167 0.492465
0.000000 -0.018286 0.999833
0.000000 -0.018286 0.999833
0.000000 -0.018286 0.999833
0.000000 -0.018286 0.999833
0.000000 -0.018286 0.999833
0.000000 -0.018286 0.999833
0.000000 -0.018196 0.999834
0.000000 -0.018196 0.999834
0.000000 -0.018196 0.999834
-0.000000 -0.018286 0.999833
-0.000000 -0.018286 0.999833
-0.000000 -0.018286 0.999833
-0.000000 -0.018286 0.999833
-0.000000 -0.018286 0.999833
-0.000000 -0.018286 0.999833
0.000000 -0.810838 0.585270
0.000000 -0.810838 0.585270
0.000000 -0.810838 0.585270
0.000000 -0.810838 0.585270
0.000000 -0.810838 0.585270
0.000000 -0.810838 0.585270
-0.842997 -0.012751 0.537767
-0.842997 -0.012751 0.537767
-0.842997 -0.012751 0.537767
-0.842997 -0.012751 0.537767
-0.842997 -0.012751 0.537767
-0.842997 -0.012751 0.537767
0.000001 0.788894 0.614529
0.000001 0.788894 0.614529
0.000001 0.788894 0.614529
0.000001 0.788894 0.614529
0.000001 0.788894 0.614529
0.000001 0.788894 0.614529
0.000000 -0.959315 -0.282338
0.000000 -0.959315 -0.282338
0.000000 -0.959315 -0.282338
0.000000 -0.959315 -0.282338
0.000000 -0.959315 -0.282338
0.000000 -0.959315 -0.282338
-0.999759 -0.021055 -0.006153
-0.999759 -0.021055 -0.006153
-0.999759 -0.021055 -0.006153
-0.999759 -0.021055 -0.006153
-0.999759 -0.021055 -0.006153
-0.999759 -0.021055 -0.006153
0.000000 -0.994067 -0.108774
0.000000 -0.994067 -0.108774
0.000000 -0.994067 -0.108774
0.000000 -0.994067 -0.108774
0.000000 -0.994067 -0.108774
0.000000 -0.994067 -0.108774
-1.000000 -0.000000 0.000000
-1.000000 -0.000000 0.000000
-1.000000 -0.000000 0.000000
-1.000000 0.000000 0.000000
-1.000000 0.000000 0.000000
-1.000000 0.000000 0.000000
-1.000000 0.000000 0.000000
-1.000000 0.000000 0.000000
-1.000000 0.000000 0.000000
0.923880 0.382683 0.000000
1.000000 -0.000000 0.000000
1.000000 -0.000000 0.000000
0.923880 0.382683 0.000000
1.000000 -0.000000 0.000000
0.923880 0.382683 0.000000
0.707107 0.707107 0.000000
0.923880 0.382683 0.000000
0.923880 0.382683 0.000000
0.707107 0.707107 0.000000
0.923880 0.382683 0.000000
0.707107 0.707107 0.000000
0.382684 0.923879 0.000000
0.707107 0.707107 0.000000
0.707107 0.707107 0.000000
0.382684 0.923879 0.000000
0.707107 0.707107 0.000000
0.382684 0.923879 0.000000
0.000000 1.000000 0.000000
0.382684 0.923879 0.000000
0.382684 0.923879 0.000000
0.000000 1.000000 0.000000
0.382684 0.923879 0.000000
0.000000 1.000000 0.000000
-0.382684 0.923879 0.000000
0.000000 1.000000 0.000000
0.000000 1.000000 0.000000
-0.382684 0.923879 0.000000
0.000000 1.000000 0.000000
-0.382684 0.923879 0.000000
-0.707107 0.707107 0.000000
-0.382684 0.923879 0.000000
-0.382684 0.923879 0.000000
-0.707107 0.707107 0.000000
-0.382684 0.923879 0.000000
-0.707107 0.707107 0.000000
-0.923880 0.382683 0.000000
-0.707107 0.707107 0.000000
-0.707107 0.707107 0.000000
-0.923880 0.382683 0.000000
-0.707107 0.707107 0.000000
-0.923880 0.382683 0.000000
-1.000000 -0.000000 0.000000
-0.923880 0.382683 0.000000
-0.923880 0.382683 0.000000
-1.000000 -0.000000 0.000000
-0.923880 0.382683 0.000000
-1.000000 -0.000000 0.000000
-0.923880 -0.382683 0.000000
-1.000000 -0.000000 0.000000
-1.000000 -0.000000 0.000000
-0.923880 -0.382683 0.000000
-1.000000 -0.000000 0.000000
-0.923880 -0.382683 0.000000
-0.707107 -0.707107 0.000000
-0.923880 -0.382683 0.000000
-0.923880 -0.382683 0.000000
-0.707107 -0.707107 0.000000
-0.923880 -0.382683 0.000000
-0.707107 -0.707107 0.000000
-0.382683 -0.923880 0.000000
-0.707107 -0.707107 0.000000
-0.707107 -0.707107 0.000000
-0.382683 -0.923880 0.000000
-0.707107 -0.707107 0.000000
-0.382683 -0.923880 0.000000
-0.000000 -1.000000 0.000000
-0.382683 -0.923880 0.000000
-0.382683 -0.923880 0.000000
-0.000000 -1.000000 0.000000
-0.382683 -0.923880 0.000000
-0.000000 -1.000000 0.000000
0.382683 -0.923880 0.000000
-0.000000 -1.000000 0.000000
-0.000000 -1.000000 0.000000
0.382683 -0.923880 0.000000
-0.000000 -1.000000 0.000000
0.382683 -0.923880 0.000000
0.707107 -0.707106 0.000001
0.382683 -0.923880 0.000000
0.382683 -0.923880 0.000000
0.707107 -0.707106 0.000001
0.382683 -0.923880 0.000000
0.707107 -0.707106 0.000001
0.707107 -0.707106 0.000001
0.923880 -0.382683 0.000001
0.923880 -0.382682 0.000001
0.923880 -0.382683 0.000001
0.707107 -0.707106 0.000001
0.707107 -0.707106 0.000001
0.923880 -0.382682 0.000001
1.000000 -0.000000 0.000000
1.000000 -0.000000 0.000000
1.000000 -0.000000 0.000000
0.923880 -0.382682 0.000001
0.923880 -0.382683 0.000001
0.993845 0.000000 0.110780
1.000000 0.000000 -0.000000
0.918193 0.380328 0.110781
0.918193 0.380328 0.110781
1.000000 0.000000 -0.000000
0.923880 0.382683 -0.000000
0.918193 0.380328 0.110781
0.923880 0.382683 -0.000000
0.702754 0.702755 0.110781
0.702754 0.702755 0.110781
0.923880 0.382683 -0.000000
0.707107 0.707107 -0.000000
0.702754 0.702755 0.110781
0.707107 0.707107 -0.000000
0.380327 0.918193 0.110781
0.380327 0.918193 0.110781
0.707107 0.707107 -0.000000
0.382682 0.923880 -0.000000
0.380327 0.918193 0.110781
0.382682 0.923880 -0.000000
0.000000 0.993845 0.110780
0.000000 0.993845 0.110780
0.382682 0.923880 -0.000000
0.000000 1.000000 0.000000
0.000000 0.993845 0.110780
0.000000 1.000000 0.000000
-0.380327 0.918193 0.110781
-0.380327 0.918193 0.110781
0.000000 1.000000 0.000000
-0.382683 0.923880 0.000000
-0.380327 0.918193 0.110781
-0.382683 0.923880 0.000000
-0.702755 0.702754 0.110781
-0.702755 0.702754 0.110781
-0.382683 0.923880 0.000000
-0.707107 0.707107 0.000000
-0.702755 0.702754 0.110781
-0.707107 0.707107 0.000000
-0.918193 0.380327 0.110781
-0.918193 0.380327 0.110781
-0.707107 0.707107 0.000000
-0.923880 0.382683 0.000000
-0.918193 0.380327 0.110781
-0.923880 0.382683 0.000000
-0.993845 0.000001 0.110781
-0.993845 0.000001 0.110781
-0.923880 0.382683 0.000000
-1.000000 0.000001 0.000000
-0.993845 0.000001 0.110781
-1.000000 0.000001 0.000000
-0.918193 -0.380328 0.110780
-0.918193 -0.380328 0.110780
-1.000000 0.000001 0.000000
-0.923879 -0.382684 0.000000
-0.918193 -0.380328 0.110780
-0.923879 -0.382684 0.000000
-0.702755 -0.702754 0.110780
-0.702755 -0.702754 0.110780
-0.923879 -0.382684 0.000000
-0.707107 -0.707106 0.000000
-0.702755 -0.702754 0.110780
-0.707107 -0.707106 0.000000
-0.380329 -0.918193 0.110780
-0.380329 -0.918193 0.110780
-0.707107 -0.707106 0.000000
-0.382685 -0.923879 0.000000
-0.380329 -0.918193 0.110780
-0.382685 -0.923879 0.000000
-0.000000 -0.993845 0.110780
-0.000000 -0.993845 0.110780
-0.382685 -0.923879 0.000000
-0.000000 -1.000000 0.000000
-0.000000 -0.993845 0.110780
-0.000000 -1.000000 0.000000
0.380329 -0.918193 0.110780
0.380329 -0.918193 0.110780
-0.000000 -1.000000 0.000000
0.382685 -0.923879 0.000000
0.380329 -0.918193 0.110780
0.382685 -0.923879 0.000000
0.702755 -0.702754 0.110780
0.702755 -0.702754 0.110780
0.382685 -0.923879 0.000000
0.707107 -0.707106 0.000000
0.702755 -0.702754 0.110780
0.707107 -0.707106 0.000000
0.918193 -0.380329 0.110780
0.918193 -0.380329 0.110780
0.707107 -0.707106 0.000000
0.923879 -0.382684 -0.000000
0.918193 -0.380329 0.110780
0.923879 -0.382684 -0.000000
0.993845 0.000000 0.110780
0.993845 0.000000 0.110780
0.923879 -0.382684 -0.000000
1.000000 0.000000 -0.000000
0.320102 -0.000000 0.947383
0.208551 0.086385 0.974189
0.225734 -0.000000 0.974189
0.208551 0.086385 0.974189
0.320102 -0.000000 0.947383
0.295736 0.122498 0.947383
0.159618 0.159618 0.974189
0.208551 0.086385 0.974189
0.295736 0.122498 0.947383
0.295736 0.122498 0.947383
0.226346 0.226346 0.947383
0.159618 0.159618 0.974189
0.159618 0.159618 0.974189
0.122498 0.295736 0.947383
0.086385 0.208551 0.974189
0.122498 0.295736 0.947383
0.159618 0.159618 0.974189
0.226346 0.226346 0.947383
-0.000000 0.320102 0.947383
-0.000000 0.225734 0.974189
0.122498 0.295736 0.947383
0.122498 0.295736 0.947383
-0.000000 0.225734 0.974189
0.086385 0.208551 0.974189
-0.122498 0.295736 0.947383
-0.000000 0.225734 0.974189
-0.000000 0.320102 0.947383
-0.000000 0.225734 0.974189
-0.122498 0.295736 0.947383
-0.086385 0.208551 0.974189
-0.159618 0.159618 0.974189
-0.122498 0.295736 0.947383
-0.226346 0.226346 0.947383
-0.122498 0.295736 0.947383
-0.159618 0.159618 0.974189
-0.086385 0.208551 0.974189
-0.159618 0.159618 0.974189
-0.295736 0.122498 0.947383
-0.208551 0.086385 0.974189
-0.295736 0.122498 0.947383
-0.159618 0.159618 0.974189
-0.226346 0.226346 0.947383
-0.208551 0.086385 0.974189
-0.320102 -0.000000 0.947383
-0.225734 -0.000000 0.974189
-0.320102 -0.000000 0.947383
-0.208551 0.086385 0.974189
-0.295736 0.122498 0.947383
-0.295735 -0.122498 0.947383
-0.208551 -0.086385 0.974189
-0.320102 -0.000000 0.947383
-0.320102 -0.000000 0.947383
-0.208551 -0.086385 0.974189
-0.225734 -0.000000 0.974189
-0.159618 -0.159618 0.974189
-0.295735 -0.122498 0.947383
-0.226346 -0.226346 0.947383
-0.295735 -0.122498 0.947383
-0.159618 -0.159618 0.974189
-0.208551 -0.086385 0.974189
-0.086385 -0.208551 0.974189
-0.226346 -0.226346 0.947383
-0.122498 -0.295735 0.947383
-0.226346 -0.226346 0.947383
-0.086385 -0.208551 0.974189
-0.159618 -0.159618 0.974189
-0.122498 -0.295735 0.947383
-0.000000 -0.225734 0.974189
-0.086385 -0.208551 0.974189
-0.000000 -0.225734 0.974189
-0.122498 -0.295735 0.947383
0.000000 -0.320102 0.947383
-0.000000 -0.225734 0.974189
0.122498 -0.295735 0.947383
0.086385 -0.208551 0.974189
0.122498 -0.295735 0.947383
-0.000000 -0.225734 0.974189
0.000000 -0.320102 0.947383
0.086385 -0.208551 0.974189
0.226346 -0.226346 0.947383
0.159618 -0.159618 0.974189
0.226346 -0.226346 0.947383
0.086385 -0.208551 0.974189
0.122498 -0.295735 0.947383
0.295736 -0.122497 0.947383
0.159618 -0.159618 0.974189
0.226346 -0.226346 0.947383
0.159618 -0.159618 0.974189
0.295736 -0.122497 0.947383
0.208551 -0.086385 0.974189
0.225734 -0.000000 0.974189
0.295736 -0.122497 0.947383
0.320102 -0.000000 0.947383
0.295736 -0.122497 0.947383
0.225734 -0.000000 0.974189
0.208551 -0.086385 0.974189
0.208551 0.086385 0.974189
0.074963 -0.000000 0.997186
0.225734 -0.000000 0.974189
0.074963 -0.000000 0.997186
0.208551 0.086385 0.974189
0.069257 0.028687 0.997186
0.069257 0.028687 0.997186
0.159618 0.159618 0.974189
0.053007 0.053007 0.997186
0.159618 0.159618 0.974189
0.069257 0.028687 0.997186
0.208551 0.086385 0.974189
0.086385 0.208551 0.974189
0.028687 0.069257 0.997186
0.159618 0.159618 0.974189
0.053007 0.053007 0.997186
0.159618 0.159618 0.974189
0.028687 0.069257 0.997186
-0.000000 0.225734 0.974189
-0.000000 0.074963 0.997186
0.086385 0.208551 0.974189
0.086385 0.208551 0.974189
-0.000000 0.074963 0.997186
0.028687 0.069257 0.997186
-0.086385 0.208551 0.974189
-0.000000 0.074963 0.997186
-0.000000 0.225734 0.974189
-0.000000 0.074963 0.997186
-0.086385 0.208551 0.974189
-0.028687 0.069257 0.997186
-0.159618 0.159618 0.974189
-0.028687 0.069257 0.997186
-0.086385 0.208551 0.974189
-0.028687 0.069257 0.997186
-0.159618 0.159618 0.974189
-0.053007 0.053007 0.997186
-0.053007 0.053007 0.997186
-0.159618 0.159618 0.974189
-0.069257 0.028687 0.997186
-0.159618 0.159618 0.974189
-0.208551 0.086385 0.974189
-0.069257 0.028687 0.997186
-0.225734 -0.000000 0.974189
-0.074963 -0.000000 0.997186
-0.208551 0.086385 0.974189
-0.069257 0.028687 0.997186
-0.208551 0.086385 0.974189
-0.074963 -0.000000 0.997186
-0.208551 -0.086385 0.974189
-0.069257 -0.028687 0.997186
-0.225734 -0.000000 0.974189
-0.074963 -0.000000 0.997186
-0.225734 -0.000000 0.974189
-0.069257 -0.028687 0.997186
-0.053007 -0.053007 0.997186
-0.208551 -0.086385 0.974189
-0.159618 -0.159618 0.974189
-0.208551 -0.086385 0.974189
-0.053007 -0.053007 0.997186
-0.069257 -0.028687 0.997186
-0.028687 -0.069257 0.997186
-0.159618 -0.159618 0.974189
-0.086385 -0.208551 0.974189
-0.159618 -0.159618 0.974189
-0.028687 -0.069257 0.997186
-0.053007 -0.053007 0.997186
-0.028687 -0.069257 0.997186
-0.000000 -0.225734 0.974189
-0.000000 -0.074963 0.997186
-0.000000 -0.225734 0.974189
-0.028687 -0.069257 0.997186
-0.086385 -0.208551 0.974189
-0.000000 -0.074963 0.997186
-0.000000 -0.225734 0.974189
0.028687 -0.069257 0.997186
-0.000000 -0.225734 0.974189
0.086385 -0.208551 0.974189
0.028687 -0.069257 0.997186
0.159618 -0.159618 0.974189
0.028687 -0.069257 0.997186
0.086385 -0.208551 0.974189
0.028687 -0.069257 0.997186
0.159618 -0.159618 0.974189
0.053007 -0.053007 0.997186
0.208551 -0.086385 0.974189
0.053007 -0.053007 0.997186
0.159618 -0.159618 0.974189
0.053007 -0.053007 0.997186
0.208551 -0.086385 0.974189
0.069257 -0.028687 0.997186
0.225734 -0.000000 0.974189
0.069257 -0.028687 0.997186
0.208551 -0.086385 0.974189
0.069257 -0.028687 0.997186
0.225734 -0.000000 0.974189
0.074963 -0.000000 0.997186
0.074963 -0.000000 0.997186
0.069257 0.028687 0.997186
0.000000 -0.000000 1.000000
0.069257 0.028687 0.997186
0.053007 0.053007 0.997186
0.000000 -0.000000 1.000000
0.053007 0.053007 0.997186
0.028687 0.069257 0.997186
0.000000 -0.000000 1.000000
0.028687 0.069257 0.997186
-0.000000 0.074963 0.997186
0.000000 -0.000000 1.000000
-0.000000 0.074963 0.997186
-0.028687 0.069257 0.997186
0.000000 -0.000000 1.000000
-0.028687 0.069257 0.997186
-0.053007 0.053007 0.997186
0.000000 -0.000000 1.000000
-0.053007 0.053007 0.997186
-0.069257 0.028687 0.997186
0.000000 -0.000000 1.000000
-0.069257 0.028687 0.997186
-0.074963 -0.000000 0.997186
0.000000 -0.000000 1.000000
-0.074963 -0.000000 0.997186
-0.069257 -0.028687 0.997186
0.000000 -0.000000 1.000000
-0.069257 -0.028687 0.997186
-0.053007 -0.053007 0.997186
0.000000 -0.000000 1.000000
-0.053007 -0.053007 0.997186
-0.028687 -0.069257 0.997186
0.000000 -0.000000 1.000000
-0.028687 -0.069257 0.997186
-0.000000 -0.074963 0.997186
0.000000 -0.000000 1.000000
-0.000000 -0.074963 0.997186
0.028687 -0.069257 0.997186
0.000000 -0.000000 1.000000
0.028687 -0.069257 0.997186
0.053007 -0.053007 0.997186
0.000000 -0.000000 1.000000
0.053007 -0.053007 0.997186
0.069257 -0.028687 0.997186
0.000000 -0.000000 1.000000
0.069257 -0.028687 0.997186
0.074963 -0.000000 0.997186
0.000000 -0.000000 1.000000
0.923880 0.382683 -0.000000
1.000000 0.000000 0.000000
1.000000 0.000000 0.000000
0.923880 0.382683 -0.000000
1.000000 0.000000 0.000000
0.923880 0.382683 -0.000000
0.923880 0.382683 -0.000000
0.707107 0.707106 -0.000002
0.707107 0.707107 -0.000002
0.707107 0.707106 -0.000002
0.923880 0.382683 -0.000000
0.923880 0.382683 -0.000000
0.382683 0.923880 -0.000004
0.707107 0.707107 -0.000002
0.707107 0.707106 -0.000002
0.382683 0.923880 -0.000004
0.707107 0.707106 -0.000002
0.382684 0.923879 -0.000004
0.000000 1.000000 -0.000004
0.382683 0.923880 -0.000004
0.382684 0.923879 -0.000004
0.000000 1.000000 -0.000004
0.382684 0.923879 -0.000004
0.000000 1.000000 -0.000004
-0.382683 0.923880 -0.000004
0.000000 1.000000 -0.000004
0.000000 1.000000 -0.000004
-0.382683 0.923880 -0.000004
0.000000 1.000000 -0.000004
-0.382684 0.923879 -0.000004
-0.707107 0.707107 -0.000002
-0.382683 0.923880 -0.000004
-0.382684 0.923879 -0.000004
-0.707107 0.707107 -0.000002
-0.382684 0.923879 -0.000004
-0.707107 0.707106 -0.000002
-0.923880 0.382683 -0.000000
-0.707107 0.707107 -0.000002
-0.707107 0.707106 -0.000002
-0.923880 0.382683 -0.000000
-0.707107 0.707106 -0.000002
-0.923880 0.382683 -0.000000
-1.000000 0.000000 0.000000
-0.923880 0.382683 -0.000000
-0.923880 0.382683 -0.000000
-1.000000 0.000000 0.000000
-0.923880 0.382683 -0.000000
-1.000000 0.000000 0.000000
-1.000000 0.000000 0.000000
-0.923880 -0.382683 0.000000
-0.923880 -0.382683 0.000000
-0.923880 -0.382683 0.000000
-1.000000 0.000000 0.000000
-1.000000 0.000000 0.000000
-0.707108 -0.707106 0.000000
-0.923880 -0.382683 0.000000
-0.923880 -0.382683 0.000000
-0.707108 -0.707106 0.000000
-0.923880 -0.382683 0.000000
-0.707107 -0.707106 0.000000
-0.382683 -0.923880 0.000000
-0.707108 -0.707106 0.000000
-0.707107 -0.707106 0.000000
-0.382683 -0.923880 0.000000
-0.707107 -0.707106 0.000000
-0.382683 -0.923880 0.000000
0.000000 -1.000000 0.000000
-0.382683 -0.923880 0.000000
-0.382683 -0.923880 0.000000
0.000000 -1.000000 0.000000
-0.382683 -0.923880 0.000000
0.000000 -1.000000 0.000000
0.382683 -0.923880 0.000000
0.000000 -1.000000 0.000000
0.000000 -1.000000 0.000000
0.382683 -0.923880 0.000000
0.000000 -1.000000 0.000000
0.382683 -0.923880 0.000000
0.382683 -0.923880 0.000000
0.707107 -0.707106 0.000000
0.707107 -0.707106 0.000000
0.707107 -0.707106 0.000000
0.382683 -0.923880 0.000000
0.382683 -0.923880 0.000000
0.923880 -0.382683 0.000000
0.707107 -0.707106 0.000000
0.707107 -0.707106 0.000000
0.923880 -0.382683 0.000000
0.707107 -0.707106 0.000000
0.923880 -0.382683 0.000000
1.000000 0.000000 0.000000
0.923880 -0.382683 0.000000
0.923880 -0.382683 0.000000
1.000000 0.000000 0.000000
0.923880 -0.382683 0.000000
1.000000 0.000000 0.000000
0.168385 -0.000000 0.985721
0.221961 0.091939 0.970711
0.155567 0.064439 0.985721
0.221961 0.091939 0.970711
0.168385 -0.000000 0.985721
0.240249 -0.000000 0.970711
0.155567 0.064439 0.985721
0.169881 0.169882 0.970711
0.119066 0.119066 0.985721
0.169881 0.169882 0.970711
0.155567 0.064439 0.985721
0.221961 0.091939 0.970711
0.119066 0.119066 0.985721
0.169881 0.169882 0.970711
0.064439 0.155567 0.985721
0.169881 0.169882 0.970711
0.091939 0.221960 0.970712
0.064439 0.155567 0.985721
-0.000000 0.240248 0.970712
0.000000 0.168385 0.985721
0.091939 0.221960 0.970712
0.091939 0.221960 0.970712
0.000000 0.168385 0.985721
0.064439 0.155567 0.985721
-0.091939 0.221960 0.970712
0.000000 0.168385 0.985721
-0.000000 0.240248 0.970712
0.000000 0.168385 0.985721
-0.091939 0.221960 0.970712
-0.064439 0.155567 0.985721
-0.169881 0.169882 0.970711
-0.064439 0.155567 0.985721
-0.091939 0.221960 0.970712
-0.064439 0.155567 0.985721
-0.169881 0.169882 0.970711
-0.119066 0.119066 0.985721
-0.169881 0.169882 0.970711
-0.155567 0.064439 0.985721
-0.119066 0.119066 0.985721
-0.155567 0.064439 0.985721
-0.169881 0.169882 0.970711
-0.221961 0.091939 0.970711
-0.155567 0.064439 0.985721
-0.221961 0.091939 0.970711
-0.168385 -0.000000 0.985721
-0.221961 0.091939 0.970711
-0.240249 -0.000000 0.970711
-0.168385 -0.000000 0.985721
-0.221961 -0.091939 0.970711
-0.168385 -0.000000 0.985721
-0.240249 -0.000000 0.970711
-0.168385 -0.000000 0.985721
-0.221961 -0.091939 0.970711
-0.155568 -0.064438 0.985721
-0.169882 -0.169881 0.970711
-0.155568 -0.064438 0.985721
-0.221961 -0.091939 0.970711
-0.155568 -0.064438 0.985721
-0.169882 -0.169881 0.970711
-0.119066 -0.119066 0.985721
-0.064438 -0.155568 0.985721
-0.169882 -0.169881 0.970711
-0.091939 -0.221961 0.970711
-0.169882 -0.169881 0.970711
-0.064438 -0.155568 0.985721
-0.119066 -0.119066 0.985721
-0.064438 -0.155568 0.985721
-0.000000 -0.240248 0.970711
0.000000 -0.168385 0.985721
-0.000000 -0.240248 0.970711
-0.064438 -0.155568 0.985721
-0.091939 -0.221961 0.970711
0.000000 -0.168385 0.985721
-0.000000 -0.240248 0.970711
0.064438 -0.155568 0.985721
-0.000000 -0.240248 0.970711
0.091939 -0.221961 0.970711
0.064438 -0.155568 0.985721
0.064438 -0.155568 0.985721
0.169882 -0.169881 0.970711
0.119066 -0.119066 0.985721
0.169882 -0.169881 0.970711
0.064438 -0.155568 0.985721
0.091939 -0.221961 0.970711
0.221961 -0.091939 0.970711
0.155568 -0.064438 0.985721
0.169882 -0.169881 0.970711
0.169882 -0.169881 0.970711
0.155568 -0.064438 0.985721
0.119066 -0.119066 0.985721
0.168385 -0.000000 0.985721
0.221961 -0.091939 0.970711
0.240249 -0.000000 0.970711
0.221961 -0.091939 0.970711
0.168385 -0.000000 0.985721
0.155568 -0.064438 0.985721
0.155567 0.064439 0.985721
0.055010 0.000002 0.998486
0.168385 -0.000000 0.985721
0.055010 0.000002 0.998486
0.155567 0.064439 0.985721
0.050823 0.021054 0.998486
0.050823 0.021054 0.998486
0.119066 0.119066 0.985721
0.038900 0.038898 0.998486
0.119066 0.119066 0.985721
0.050823 0.021054 0.998486
0.155567 0.064439 0.985721
0.064439 0.155567 0.985721
0.038900 0.038898 0.998486
0.119066 0.119066 0.985721
0.038900 0.038898 0.998486
0.064439 0.155567 0.985721
0.021054 0.050822 0.998486
0.000000 0.168385 0.985721
-0.000000 0.055011 0.998486
0.064439 0.155567 0.985721
0.064439 0.155567 0.985721
-0.000000 0.055011 0.998486
0.021054 0.050822 0.998486
-0.064439 0.155567 0.985721
-0.000000 0.055011 0.998486
0.000000 0.168385 0.985721
-0.000000 0.055011 0.998486
-0.064439 0.155567 0.985721
-0.021054 0.050822 0.998486
-0.038900 0.038898 0.998486
-0.064439 0.155567 0.985721
-0.119066 0.119066 0.985721
-0.064439 0.155567 0.985721
-0.038900 0.038898 0.998486
-0.021054 0.050822 0.998486
-0.038900 0.038898 0.998486
-0.119066 0.119066 0.985721
-0.050823 0.021054 0.998486
-0.119066 0.119066 0.985721
-0.155567 0.064439 0.985721
-0.050823 0.021054 0.998486
-0.168385 -0.000000 0.985721
-0.055010 0.000002 0.998486
-0.155567 0.064439 0.985721
-0.050823 0.021054 0.998486
-0.155567 0.064439 0.985721
-0.055010 0.000002 0.998486
-0.155568 -0.064438 0.985721
-0.050823 -0.021051 0.998486
-0.168385 -0.000000 0.985721
-0.055010 0.000002 0.998486
-0.168385 -0.000000 0.985721
-0.050823 -0.021051 0.998486
-0.038898 -0.038898 0.998486
-0.155568 -0.064438 0.985721
-0.119066 -0.119066 0.985721
-0.155568 -0.064438 0.985721
-0.038898 -0.038898 0.998486
-0.050823 -0.021051 0.998486
-0.021051 -0.050823 0.998486
-0.119066 -0.119066 0.985721
-0.064438 -0.155568 0.985721
-0.119066 -0.119066 0.985721
-0.021051 -0.050823 0.998486
-0.038898 -0.038898 0.998486
-0.021051 -0.050823 0.998486
0.000000 -0.168385 0.985721
0.000000 -0.055010 0.998486
0.000000 -0.168385 0.985721
-0.021051 -0.050823 0.998486
-0.064438 -0.155568 0.985721
0.000000 -0.055010 0.998486
0.000000 -0.168385 0.985721
0.021051 -0.050823 0.998486
0.000000 -0.168385 0.985721
0.064438 -0.155568 0.985721
0.021051 -0.050823 0.998486
0.119066 -0.119066 0.985721
0.021051 -0.050823 0.998486
0.064438 -0.155568 0.985721
0.021051 -0.050823 0.998486
0.119066 -0.119066 0.985721
0.038898 -0.038898 0.998486
0.155568 -0.064438 0.985721
0.038898 -0.038898 0.998486
0.119066 -0.119066 0.985721
0.038898 -0.038898 0.998486
0.155568 -0.064438 0.985721
0.050823 -0.021051 0.998486
0.168385 -0.000000 0.985721
0.050823 -0.021051 0.998486
0.155568 -0.064438 0.985721
0.050823 -0.021051 0.998486
0.168385 -0.000000 0.985721
0.055010 0.000002 0.998486
0.055010 0.000002 0.998486
0.050823 0.021054 0.998486
-0.000000 0.000001 1.000000
0.050823 0.021054 0.998486
0.038900 0.038898 0.998486
-0.000000 0.000001 1.000000
0.038900 0.038898 0.998486
0.021054 0.050822 0.998486
-0.000000 0.000001 1.000000
0.021054 0.050822 0.998486
-0.000000 0.055011 0.998486
-0.000000 0.000001 1.000000
-0.000000 0.055011 0.998486
-0.021054 0.050822 0.998486
-0.000000 0.000001 1.000000
-0.021054 0.050822 0.998486
-0.038900 0.038898 0.998486
-0.000000 0.000001 1.000000
-0.038900 0.038898 0.998486
-0.050823 0.021054 0.998486
-0.000000 0.000001 1.000000
-0.050823 0.021054 0.998486
-0.055010 0.000002 0.998486
-0.000000 0.000001 1.000000
-0.055010 0.000002 0.998486
-0.050823 -0.021051 0.998486
-0.000000 0.000001 1.000000
-0.050823 -0.021051 0.998486
-0.038898 -0.038898 0.998486
-0.000000 0.000001 1.000000
-0.038898 -0.038898 0.998486
-0.021051 -0.050823 0.998486
-0.000000 0.000001 1.000000
-0.021051 -0.050823 0.998486
0.000000 -0.055010 0.998486
-0.000000 0.000001 1.000000
0.000000 -0.055010 0.998486
0.021051 -0.050823 0.998486
-0.000000 0.000001 1.000000
0.021051 -0.050823 0.998486
0.038898 -0.038898 0.998486
-0.000000 0.000001 1.000000
0.038898 -0.038898 0.998486
0.050823 -0.021051 0.998486
-0.000000 0.000001 1.000000
0.050823 -0.021051 0.998486
0.055010 0.000002 0.998486
-0.000000 0.000001 1.000000
0.843099 0.349223 0.408934
0.993845 0.000000 0.110780
0.918193 0.380328 0.110781
0.993845 0.000000 0.110780
0.843099 0.349223 0.408934
0.912564 0.000000 0.408934
0.918193 0.380328 0.110781
0.645280 0.645280 0.408934
0.843099 0.349223 0.408934
0.645280 0.645280 0.408934
0.918193 0.380328 0.110781
0.702754 0.702755 0.110781
0.645280 0.645280 0.408934
0.380327 0.918193 0.110781
0.349223 0.843099 0.408934
0.380327 0.918193 0.110781
0.645280 0.645280 0.408934
0.702754 0.702755 0.110781
0.349223 0.843099 0.408934
0.000000 0.993845 0.110780
-0.000000 0.912564 0.408934
0.000000 0.993845 0.110780
0.349223 0.843099 0.408934
0.380327 0.918193 0.110781
-0.349223 0.843099 0.408934
0.000000 0.993845 0.110780
-0.380327 0.918193 0.110781
0.000000 0.993845 0.110780
-0.349223 0.843099 0.408934
-0.000000 0.912564 0.408934
-0.380327 0.918193 0.110781
-0.645280 0.645280 0.408934
-0.349223 0.843099 0.408934
-0.645280 0.645280 0.408934
-0.380327 0.918193 0.110781
-0.702755 0.702754 0.110781
-0.645280 0.645280 0.408934
-0.918193 0.380327 0.110781
-0.843099 0.349222 0.408934
-0.918193 0.380327 0.110781
-0.645280 0.645280 0.408934
-0.702755 0.702754 0.110781
-0.843099 0.349222 0.408934
-0.993845 0.000001 0.110781
-0.912564 0.000001 0.408934
-0.993845 0.000001 0.110781
-0.843099 0.349222 0.408934
-0.918193 0.380327 0.110781
-0.843099 -0.349223 0.408934
-0.993845 0.000001 0.110781
-0.918193 -0.380328 0.110780
-0.993845 0.000001 0.110781
-0.843099 -0.349223 0.408934
-0.912564 0.000001 0.408934
-0.918193 -0.380328 0.110780
-0.645280 -0.645280 0.408934
-0.843099 -0.349223 0.408934
-0.645280 -0.645280 0.408934
-0.918193 -0.380328 0.110780
-0.702755 -0.702754 0.110780
-0.645280 -0.645280 0.408934
-0.380329 -0.918193 0.110780
-0.349223 -0.843099 0.408935
-0.380329 -0.918193 0.110780
-0.645280 -0.645280 0.408934
-0.702755 -0.702754 0.110780
-0.349223 -0.843099 0.408935
-0.000000 -0.993845 0.110780
0.000000 -0.912564 0.408935
-0.000000 -0.993845 0.110780
-0.349223 -0.843099 0.408935
-0.380329 -0.918193 0.110780
0.349223 -0.843099 0.408935
-0.000000 -0.993845 0.110780
0.380329 -0.918193 0.110780
-0.000000 -0.993845 0.110780
0.349223 -0.843099 0.408935
0.000000 -0.912564 0.408935
0.380329 -0.918193 0.110780
0.645280 -0.645280 0.408934
0.349223 -0.843099 0.408935
0.645280 -0.645280 0.408934
0.380329 -0.918193 0.110780
0.702755 -0.702754 0.110780
0.645280 -0.645280 0.408934
0.918193 -0.380329 0.110780
0.843099 -0.349223 0.408934
0.918193 -0.380329 0.110780
0.645280 -0.645280 0.408934
0.702755 -0.702754 0.110780
0.843099 -0.349223 0.408934
0.993845 0.000000 0.110780
0.912564 0.000000 0.408934
0.993845 0.000000 0.110780
0.843099 -0.349223 0.408934
0.918193 -0.380329 0.110780
0.271004 -0.000000 0.962578
0.581752 0.240969 0.776852
0.250376 0.103709 0.962578
0.581752 0.240969 0.776852
0.271004 -0.000000 0.962578
0.629683 0.000000 0.776852
0.250376 0.103709 0.962578
0.445253 0.445254 0.776852
0.191628 0.191629 0.962578
0.445253 0.445254 0.776852
0.250376 0.103709 0.962578
0.581752 0.240969 0.776852
0.240969 0.581751 0.776852
0.103709 0.250375 0.962578
0.445253 0.445254 0.776852
0.191628 0.191629 0.962578
0.445253 0.445254 0.776852
0.103709 0.250375 0.962578
-0.000000 0.629684 0.776852
-0.000000 0.271004 0.962578
0.240969 0.581751 0.776852
0.240969 0.581751 0.776852
-0.000000 0.271004 0.962578
0.103709 0.250375 0.962578
-0.240969 0.581751 0.776852
-0.000000 0.271004 0.962578
-0.000000 0.629684 0.776852
-0.000000 0.271004 0.962578
-0.240969 0.581751 0.776852
-0.103709 0.250375 0.962578
-0.445253 0.445254 0.776852
-0.103709 0.250375 0.962578
-0.240969 0.581751 0.776852
-0.103709 0.250375 0.962578
-0.445253 0.445254 0.776852
-0.191628 0.191629 0.962578
-0.445253 0.445254 0.776852
-0.581752 0.240969 0.776852
-0.250375 0.103709 0.962578
-0.445253 0.445254 0.776852
-0.250375 0.103709 0.962578
-0.191628 0.191629 0.962578
-0.250375 0.103709 0.962578
-0.581752 0.240969 0.776852
-0.271004 0.000000 0.962578
-0.581752 0.240969 0.776852
-0.629683 0.000000 0.776852
-0.271004 0.000000 0.962578
-0.581751 -0.240970 0.776852
-0.250375 -0.103709 0.962578
-0.629683 0.000000 0.776852
-0.271004 0.000000 0.962578
-0.629683 0.000000 0.776852
-0.250375 -0.103709 0.962578
-0.445253 -0.445253 0.776852
-0.250375 -0.103709 0.962578
-0.581751 -0.240970 0.776852
-0.250375 -0.103709 0.962578
-0.445253 -0.445253 0.776852
-0.191629 -0.191629 0.962578
-0.103709 -0.250376 0.962578
-0.445253 -0.445253 0.776852
-0.240969 -0.581751 0.776852
-0.445253 -0.445253 0.776852
-0.103709 -0.250376 0.962578
-0.191629 -0.191629 0.962578
-0.103709 -0.250376 0.962578
-0.000000 -0.629683 0.776853
-0.000000 -0.271005 0.962578
-0.000000 -0.629683 0.776853
-0.103709 -0.250376 0.962578
-0.240969 -0.581751 0.776852
-0.000000 -0.271005 0.962578
-0.000000 -0.629683 0.776853
0.103709 -0.250376 0.962578
-0.000000 -0.629683 0.776853
0.240969 -0.581751 0.776852
0.103709 -0.250376 0.962578
0.445253 -0.445253 0.776852
0.103709 -0.250376 0.962578
0.240969 -0.581751 0.776852
0.103709 -0.250376 0.962578
0.445253 -0.445253 0.776852
0.191630 -0.191629 0.962578
0.581751 -0.240969 0.776852
0.191630 -0.191629 0.962578
0.445253 -0.445253 0.776852
0.191630 -0.191629 0.962578
0.581751 -0.240969 0.776852
0.250375 -0.103708 0.962578
0.629683 0.000000 0.776852
0.250375 -0.103708 0.962578
0.581751 -0.240969 0.776852
0.250375 -0.103708 0.962578
0.629683 0.000000 0.776852
0.271004 -0.000000 0.962578
0.629683 0.000000 0.776852
0.912564 0.000000 0.408934
0.581752 0.240969 0.776852
0.581752 0.240969 0.776852
0.912564 0.000000 0.408934
0.843099 0.349223 0.408934
0.581752 0.240969 0.776852
0.843099 0.349223 0.408934
0.445253 0.445254 0.776852
0.445253 0.445254 0.776852
0.843099 0.349223 0.408934
0.645280 0.645280 0.408934
0.445253 0.445254 0.776852
0.349223 0.843099 0.408934
0.240969 0.581751 0.776852
0.349223 0.843099 0.408934
0.445253 0.445254 0.776852
0.645280 0.645280 0.408934
0.240969 0.581751 0.776852
-0.000000 0.912564 0.408934
-0.000000 0.629684 0.776852
-0.000000 0.912564 0.408934
0.240969 0.581751 0.776852
0.349223 0.843099 0.408934
-0.000000 0.629684 0.776852
-0.000000 0.912564 0.408934
-0.240969 0.581751 0.776852
-0.240969 0.581751 0.776852
-0.000000 0.912564 0.408934
-0.349223 0.843099 0.408934
-0.240969 0.581751 0.776852
-0.349223 0.843099 0.408934
-0.445253 0.445254 0.776852
-0.445253 0.445254 0.776852
-0.349223 0.843099 0.408934
-0.645280 0.645280 0.408934
-0.445253 0.445254 0.776852
-0.843099 0.349222 0.408934
-0.581752 0.240969 0.776852
-0.843099 0.349222 0.408934
-0.445253 0.445254 0.776852
-0.645280 0.645280 0.408934
-0.581752 0.240969 0.776852
-0.912564 0.000001 0.408934
-0.629683 0.000000 0.776852
-0.912564 0.000001 0.408934
-0.581752 0.240969 0.776852
-0.843099 0.349222 0.408934
-0.629683 0.000000 0.776852
-0.912564 0.000001 0.408934
-0.581751 -0.240970 0.776852
-0.581751 -0.240970 0.776852
-0.912564 0.000001 0.408934
-0.843099 -0.349223 0.408934
-0.581751 -0.240970 0.776852
-0.843099 -0.349223 0.408934
-0.445253 -0.445253 0.776852
-0.445253 -0.445253 0.776852
-0.843099 -0.349223 0.408934
-0.645280 -0.645280 0.408934
-0.445253 -0.445253 0.776852
-0.349223 -0.843099 0.408935
-0.240969 -0.581751 0.776852
-0.349223 -0.843099 0.408935
-0.445253 -0.445253 0.776852
-0.645280 -0.645280 0.408934
-0.240969 -0.581751 0.776852
0.000000 -0.912564 0.408935
-0.000000 -0.629683 0.776853
0.000000 -0.912564 0.408935
-0.240969 -0.581751 0.776852
-0.349223 -0.843099 0.408935
-0.000000 -0.629683 0.776853
0.000000 -0.912564 0.408935
0.240969 -0.581751 0.776852
0.240969 -0.581751 0.776852
0.000000 -0.912564 0.408935
0.349223 -0.843099 0.408935
0.240969 -0.581751 0.776852
0.349223 -0.843099 0.408935
0.445253 -0.445253 0.776852
0.445253 -0.445253 0.776852
0.349223 -0.843099 0.408935
0.645280 -0.645280 0.408934
0.445253 -0.445253 0.776852
0.843099 -0.349223 0.408934
0.581751 -0.240969 0.776852
0.843099 -0.349223 0.408934
0.445253 -0.445253 0.776852
0.645280 -0.645280 0.408934
0.581751 -0.240969 0.776852
0.912564 0.000000 0.408934
0.629683 0.000000 0.776852
0.912564 0.000000 0.408934
0.581751 -0.240969 0.776852
0.843099 -0.349223 0.408934
0.271004 -0.000000 0.962578
0.250376 0.103709 0.962578
0.000000 -0.000000 1.000000
0.250376 0.103709 0.962578
0.191628 0.191629 0.962578
0.000000 -0.000000 1.000000
0.191628 0.191629 0.962578
0.103709 0.250375 0.962578
0.000000 -0.000000 1.000000
0.103709 0.250375 0.962578
-0.000000 0.271004 0.962578
0.000000 -0.000000 1.000000
-0.000000 0.271004 0.962578
-0.103709 0.250375 0.962578
0.000000 -0.000000 1.000000
-0.103709 0.250375 0.962578
-0.191628 0.191629 0.962578
0.000000 -0.000000 1.000000
-0.191628 0.191629 0.962578
-0.250375 0.103709 0.962578
0.000000 -0.000000 1.000000
-0.250375 0.103709 0.962578
-0.271004 0.000000 0.962578
0.000000 -0.000000 1.000000
-0.271004 0.000000 0.962578
-0.250375 -0.103709 0.962578
0.000000 -0.000000 1.000000
-0.250375 -0.103709 0.962578
-0.191629 -0.191629 0.962578
0.000000 -0.000000 1.000000
-0.191629 -0.191629 0.962578
-0.103709 -0.250376 0.962578
0.000000 -0.000000 1.000000
-0.103709 -0.250376 0.962578
-0.000000 -0.271005 0.962578
0.000000 -0.000000 1.000000
-0.000000 -0.271005 0.962578
0.103709 -0.250376 0.962578
0.000000 -0.000000 1.000000
0.103709 -0.250376 0.962578
0.191630 -0.191629 0.962578
0.000000 -0.000000 1.000000
0.191630 -0.191629 0.962578
0.250375 -0.103708 0.962578
0.000000 -0.000000 1.000000
0.250375 -0.103708 0.962578
0.271004 -0.000000 0.962578
0.000000 -0.000000 1.000000
0.000000 0.000000 1.000000
0.000000 0.000000 1.000000
0.000000 0.000000 1.000000
0.000000 0.000000 1.000000
0.000000 0.000000 1.000000
0.000000 0.000000 1.000000
0.000000 0.000000 1.000000
0.000000 0.000000 1.000000
0.000000 0.000000 1.000000
0.000000 0.000000 1.000000
0.000000 0.000000 1.000000
0.000000 0.000000 1.000000
0.000000 0.000000 1.000000
0.000000 0.000000 1.000000
0.000000 0.000000 1.000000
0.000000 0.000000 1.000000
0.000000 0.000000 1.000000
0.000000 0.000000 1.000000
0.000000 0.000000 1.000000
0.000000 0.000000 1.000000
0.000000 0.000000 1.000000
0.000000 0.000000 1.000000
0.000000 0.000000 1.000000
0.000000 0.000000 1.000000
0.000000 0.000000 1.000000
0.000000 0.000000 1.000000
0.000000 0.000000 1.000000
0.000000 0.000000 1.000000
0.000000 0.000000 1.000000
0.000000 0.000000 1.000000
0.000000 0.000000 1.000000
0.000000 0.000000 1.000000
0.000000 0.000000 1.000000
0.000000 0.000000 1.000000
0.000000 0.000000 1.000000
0.000000 0.000000 1.000000
0.000000 0.000000 1.000000
0.000000 0.000000 1.000000
0.000000 0.000000 1.000000
0.000000 0.000000 1.000000
0.000000 0.000000 1.000000
0.000000 0.000000 1.000000
0.000000 0.000000 1.000000
0.000000 0.000000 1.000000
0.000000 0.000000 1.000000
0.000000 0.000000 1.000000
0.000000 0.000000 1.000000
0.000000 0.000000 1.000000
0.000000 0.000000 1.000000
0.000000 0.000000 1.000000
0.000000 0.000000 1.000000
0.000000 0.000000 1.000000
0.000000 0.000000 1.000000
0.000000 0.000000 1.000000
0.000000 0.000000 1.000000
0.000000 0.000000 1.000000
0.000000 0.000000 1.000000
0.000000 0.000000 1.000000
0.000000 0.000000 1.000000
0.000000 0.000000 1.000000
0.000000 0.000000 1.000000
0.000000 0.000000 1.000000
0.000000 0.000000 1.000000
0.000000 0.000000 1.000000
0.000000 0.000000 1.000000
0.000000 0.000000 1.000000
0.000000 0.000000 1.000000
0.000000 0.000000 1.000000
0.000000 0.000000 1.000000
0.000000 0.000000 1.000000
0.000000 0.000000 1.000000
0.000000 0.000000 1.000000
0.000000 0.000000 1.000000
0.000000 0.000000 1.000000
0.000000 0.000000 1.000000
0.000000 0.000000 1.000000
0.000000 0.000000 1.000000
0.000000 0.000000 1.000000
0.000000 0.000000 1.000000
0.000000 0.000000 1.000000
0.000000 0.000000 1.000000
0.000000 0.000000 1.000000
0.000000 0.000000 1.000000
0.000000 0.000000 1.000000
0.000000 0.000000 1.000000
0.000000 0.000000 1.000000
0.000000 0.000000 1.000000
0.000000 0.000000 1.000000
0.000000 0.000000 1.000000
0.000000 0.000000 1.000000
0.000000 0.000000 1.000000
0.000000 0.000000 1.000000
0.000000 0.000000 1.000000
0.000000 0.000000 1.000000
0.000000 0.000000 1.000000
0.000000 0.000000 1.000000
0.707106 -0.707107 0.000000
0.707106 -0.707107 0.000000
0.923880 -0.382683 0.000000
0.923880 -0.382683 0.000000
0.707106 -0.707107 0.000000
0.923880 -0.382683 0.000000
0.382685 -0.923879 0.000000
0.382685 -0.923879 0.000000
0.707106 -0.707107 0.000000
0.707106 -0.707107 0.000000
0.382685 -0.923879 0.000000
0.707106 -0.707107 0.000000
-0.000000 -1.000000 0.000000
-0.000000 -1.000000 0.000000
0.382685 -0.923879 0.000000
0.382685 -0.923879 0.000000
-0.000000 -1.000000 0.000000
0.382685 -0.923879 0.000000
-0.382685 -0.923879 0.000000
-0.382685 -0.923879 0.000000
-0.000000 -1.000000 0.000000
-0.000000 -1.000000 0.000000
-0.382685 -0.923879 0.000000
-0.000000 -1.000000 0.000000
-0.707106 -0.707107 0.000000
-0.382685 -0.923879 0.000000
-0.382685 -0.923879 0.000000
-0.382685 -0.923879 0.000000
-0.707106 -0.707107 0.000000
-0.707106 -0.707107 0.000000
-0.923880 -0.382683 0.000000
-0.923880 -0.382683 0.000000
-0.707106 -0.707107 0.000000
-0.707106 -0.707107 0.000000
-0.923880 -0.382683 0.000000
-0.707106 -0.707107 0.000000
-1.000000 0.000001 0.000000
-1.000000 0.000001 0.000000
-0.923880 -0.382683 0.000000
-0.923880 -0.382683 0.000000
-1.000000 0.000001 0.000000
-0.923880 -0.382683 0.000000
-0.923880 0.382682 0.000000
-1.000000 0.000001 0.000000
-1.000000 0.000001 0.000000
-1.000000 0.000001 0.000000
-0.923880 0.382682 0.000000
-0.923880 0.382683 0.000000
-0.707108 0.707106 0.000000
-0.707108 0.707106 0.000000
-0.923880 0.382682 0.000000
-0.923880 0.382682 0.000000
-0.707108 0.707106 0.000000
-0.923880 0.382683 0.000000
-0.382683 0.923880 0.000000
-0.707108 0.707106 0.000000
-0.382683 0.923880 0.000000
-0.707108 0.707106 0.000000
-0.382683 0.923880 0.000000
-0.707108 0.707106 0.000000
-0.000000 1.000000 0.000000
-0.382683 0.923880 0.000000
-0.000000 1.000000 0.000000
-0.382683 0.923880 0.000000
-0.000000 1.000000 0.000000
-0.382683 0.923880 0.000000
0.382683 0.923880 0.000000
0.382683 0.923880 0.000000
-0.000000 1.000000 0.000000
-0.000000 1.000000 0.000000
0.382683 0.923880 0.000000
-0.000000 1.000000 0.000000
0.707106 0.707107 0.000000
0.707106 0.707107 0.000000
0.382683 0.923880 0.000000
0.382683 0.923880 0.000000
0.707106 0.707107 0.000000
0.382683 0.923880 0.000000
0.923880 0.382683 0.000000
0.923879 0.382684 0.000000
0.707106 0.707107 0.000000
0.707106 0.707107 0.000000
0.923879 0.382684 0.000000
0.707106 0.707107 0.000000
1.000000 -0.000000 0.000000
1.000000 0.000000 0.000000
0.923880 0.382683 0.000000
0.923880 0.382683 0.000000
1.000000 0.000000 0.000000
0.923879 0.382684 0.000000
0.923880 -0.382683 0.000000
0.923880 -0.382683 0.000000
1.000000 -0.000000 0.000000
1.000000 -0.000000 0.000000
0.923880 -0.382683 0.000000
1.000000 0.000000 0.000000
0.000000 0.000000 -1.000000
0.000000 0.000000 -1.000000
0.000000 0.000000 -1.000000
0.000000 0.000000 -1.000000
0.000000 0.000000 -1.000000
0.000000 0.000000 -1.000000
0.000000 0.000000 -1.000000
0.000000 0.000000 -1.000000
0.000000 0.000000 -1.000000
0.000000 0.000000 -1.000000
0.000000 0.000000 -1.000000
0.000000 0.000000 -1.000000
0.000000 0.000000 -1.000000
0.000000 0.000000 -1.000000
0.000000 0.000000 -1.000000
0.000000 0.000000 -1.000000
0.000000 0.000000 -1.000000
0.000000 0.000000 -1.000000
0.000000 0.000000 -1.000000
0.000000 0.000000 -1.000000
0.000000 0.000000 -1.000000
0.000000 0.000000 -1.000000
0.000000 0.000000 -1.000000
0.000000 0.000000 -1.000000
0.000000 0.000000 -1.000000
0.000000 0.000000 -1.000000
0.000000 0.000000 -1.000000
0.000000 0.000000 -1.000000
0.000000 0.000000 -1.000000
0.000000 0.000000 -1.000000
0.000000 0.000000 -1.000000
0.000000 0.000000 -1.000000
0.000000 0.000000 -1.000000
0.000000 0.000000 -1.000000
0.000000 0.000000 -1.000000
0.000000 0.000000 -1.000000
0.000000 0.000000 -1.000000
0.000000 0.000000 -1.000000
0.000000 0.000000 -1.000000
0.000000 0.000000 -1.000000
0.000000 0.000000 -1.000000
0.000000 0.000000 -1.000000
0.000000 0.000000 -1.000000
0.000000 0.000000 -1.000000
0.000000 0.000000 -1.000000
0.000000 0.000000 -1.000000
0.000000 0.000000 -1.000000
0.000000 0.000000 -1.000000
-0.000000 -0.000000 -1.000000
-0.000000 -0.000000 -1.000000
-0.000000 -0.000000 -1.000000
-0.000001 0.000001 -1.000000
-0.000001 0.000001 -1.000000
-0.000001 0.000001 -1.000000
0.000000 0.000000 -1.000000
0.000000 0.000000 -1.000000
0.000000 0.000000 -1.000000
0.000000 0.000000 -1.000000
0.000000 0.000000 -1.000000
0.000000 0.000000 -1.000000
0.000000 0.000000 -1.000000
0.000000 0.000000 -1.000000
0.000000 0.000000 -1.000000
0.000000 0.000000 -1.000000
0.000000 0.000000 -1.000000
0.000000 0.000000 -1.000000
0.000001 0.000001 -1.000000
0.000001 0.000001 -1.000000
0.000001 0.000001 -1.000000
0.000000 -0.000000 -1.000000
0.000000 -0.000000 -1.000000
0.000000 -0.000000 -1.000000
0.000000 -0.000001 -1.000000
0.000000 -0.000001 -1.000000
0.000000 -0.000001 -1.000000
0.000000 0.000000 -1.000000
0.000000 0.000000 -1.000000
0.000000 0.000000 -1.000000
-0.000001 0.000001 -1.000000
-0.000001 0.000001 -1.000000
-0.000001 0.000001 -1.000000
0.000000 0.000000 -1.000000
0.000000 0.000000 -1.000000
0.000000 0.000000 -1.000000
-0.000000 0.000000 -1.000000
-0.000000 0.000000 -1.000000
-0.000000 0.000000 -1.000000
0.000001 0.000001 -1.000000
0.000001 0.000001 -1.000000
0.000001 0.000001 -1.000000
0.000000 0.000000 -1.000000
0.000000 0.000000 -1.000000
0.000000 0.000000 -1.000000
-0.000000 -0.000001 -1.000000
-0.000000 -0.000001 -1.000000
-0.000000 -0.000001 -1.000000
0.999763 -0.021754 -0.000098
0.999763 -0.021754 -0.000098
0.999763 -0.021754 -0.000098
0.999763 -0.021754 -0.000098
0.999763 -0.021754 -0.000098
0.999763 -0.021754 -0.000098
0.000000 1.000000 0.000000
0.000000 1.000000 0.000000
0.000000 1.000000 0.000000
0.000000 1.000000 0.000000
0.000000 1.000000 0.000000
0.000000 1.000000 0.000000
-0.999763 -0.021754 -0.000098
-0.999763 -0.021754 -0.000098
-0.999763 -0.021754 -0.000098
-0.999763 -0.021754 -0.000098
-0.999763 -0.021754 -0.000098
-0.999763 -0.021754 -0.000098
0.860809 0.000000 0.508928
0.860809 0.000000 0.508928
0.860809 0.000000 0.508928
0.860809 0.000000 0.508928
0.860809 0.000000 0.508928
0.860809 0.000000 0.508928
0.860805 0.000003 0.508934
0.860805 0.000003 0.508934
0.860805 0.000003 0.508934
0.860805 0.000003 0.508934
0.860805 0.000003 0.508934
0.860805 0.000003 0.508934
0.860805 0.000000 0.508935
0.860805 0.000000 0.508935
0.860805 0.000000 0.508935
0.860805 0.000000 0.508935
0.860805 0.000000 0.508935
0.860805 0.000000 0.508935
0.860806 -0.000004 0.508933
0.860806 -0.000004 0.508933
0.860806 -0.000004 0.508933
0.860806 -0.000004 0.508933
0.860806 -0.000004 0.508933
0.860806 -0.000004 0.508933
-0.860805 -0.000000 -0.508934
-0.860805 -0.000000 -0.508934
-0.860805 -0.000000 -0.508934
-0.860805 -0.000000 -0.508934
-0.860805 -0.000000 -0.508934
-0.860805 -0.000000 -0.508934
-0.860806 -0.000002 -0.508933
-0.860806 -0.000002 -0.508933
-0.860806 -0.000002 -0.508933
-0.860806 -0.000002 -0.508933
-0.860806 -0.000002 -0.508933
-0.860806 -0.000002 -0.508933
-0.860807 -0.000000 -0.508932
-0.860807 -0.000000 -0.508932
-0.860807 -0.000000 -0.508932
-0.860807 -0.000000 -0.508932
-0.860807 -0.000000 -0.508932
-0.860807 -0.000000 -0.508932
-0.860806 0.000001 -0.508933
-0.860806 0.000001 -0.508933
-0.860806 0.000001 -0.508933
-0.860806 0.000001 -0.508933
-0.860806 0.000001 -0.508933
-0.860806 0.000001 -0.508933
-0.860809 0.000000 0.508928
-0.860809 0.000000 0.508928
-0.860809 0.000000 0.508928
-0.860809 0.000000 0.508928
-0.860809 0.000000 0.508928
-0.860809 0.000000 0.508928
-0.860806 -0.000003 0.508932
-0.860806 -0.000003 0.508932
-0.860806 -0.000003 0.508932
-0.860806 -0.000003 0.508932
-0.860806 -0.000003 0.508932
-0.860806 -0.000003 0.508932
-0.860805 0.000000 0.508935
-0.860805 0.000000 0.508935
-0.860805 0.000000 0.508935
-0.860805 0.000000 0.508935
-0.860805 0.000000 0.508935
-0.860805 0.000000 0.508935
-0.860805 0.000003 0.508935
-0.860805 0.000003 0.508935
-0.860805 0.000003 0.508935
-0.860805 0.000003 0.508935
-0.860805 0.000003 0.508935
-0.860805 0.000003 0.508935
0.860806 0.000001 -0.508932
0.860806 0.000001 -0.508933
0.860806 0.000001 -0.508932
0.860806 0.000001 -0.508932
0.860806 0.000001 -0.508932
0.860806 0.000001 -0.508932
0.860807 -0.000000 -0.508932
0.860807 -0.000000 -0.508932
0.860807 -0.000000 -0.508932
0.860807 -0.000000 -0.508932
0.860807 -0.000000 -0.508932
0.860807 -0.000000 -0.508932
0.860806 -0.000002 -0.508933
0.860806 -0.000002 -0.508933
0.860806 -0.000002 -0.508933
0.860806 -0.000002 -0.508933
0.860806 -0.000002 -0.508933
0.860806 -0.000002 -0.508933
0.860805 -0.000000 -0.508934
0.860805 -0.000000 -0.508934
0.860805 -0.000000 -0.508934
0.860805 -0.000000 -0.508934
0.860805 -0.000000 -0.508934
0.860805 -0.000000 -0.508934
0.000000 0.736319 0.676635
0.000000 0.736319 0.676635
0.000000 0.736319 0.676635
0.000000 0.736319 0.676635
0.000000 0.736319 0.676635
0.000000 0.736319 0.676635
0.000000 0.736317 0.676637
0.000000 0.736317 0.676637
0.000000 0.736317 0.676637
0.000000 0.736317 0.676637
0.000000 0.736317 0.676637
0.000000 0.736317 0.676637
0.000003 0.736319 0.676635
0.000003 0.736319 0.676635
0.000003 0.736319 0.676635
0.000003 0.736319 0.676635
0.000003 0.736319 0.676635
0.000003 0.736319 0.676635
0.000000 0.736319 0.676635
0.000000 0.736319 0.676635
0.000000 0.736319 0.676635
0.000000 0.736319 0.676635
0.000000 0.736319 0.676635
0.000000 0.736319 0.676635
-0.000000 0.736317 0.676637
-0.000000 0.736317 0.676637
-0.000000 0.736317 0.676637
-0.000000 0.736317 0.676637
-0.000000 0.736317 0.676637
-0.000000 0.736317 0.676637
0.000003 0.736317 0.676637
0.000003 0.736317 0.676637
0.000003 0.736317 0.676637
0.000003 0.736317 0.676637
0.000003 0.736317 0.676637
0.000003 0.736317 0.676637
0.000000 -1.000000 0.000000
0.000000 -1.000000 0.000000
0.000000 -1.000000 0.000000
0.000000 -1.000000 0.000000
0.000000 -1.000000 0.000000
0.000000 -1.000000 0.000000
0.000000 -1.000000 0.000000
0.000000 -1.000000 0.000000
0.000000 -1.000000 0.000000
0.000000 -1.000000 0.000000
0.000000 -1.000000 0.000000
0.000000 -1.000000 0.000000
0.000000 -1.000000 -0.000001
0.000000 -1.000000 -0.000001
0.000000 -1.000000 -0.000001
0.000000 -1.000000 -0.000001
0.000000 -1.000000 -0.000001
0.000000 -1.000000 -0.000001
-0.000000 -1.000000 0.000000
-0.000000 -1.000000 0.000000
-0.000000 -1.000000 0.000000
-0.000000 -1.000000 0.000000
-0.000000 -1.000000 0.000000
-0.000000 -1.000000 0.000000
0.000000 -1.000000 0.000000
0.000000 -1.000000 0.000000
0.000000 -1.000000 0.000000
0.000000 -1.000000 0.000000
0.000000 -1.000000 0.000000
0.000000 -1.000000 0.000000
0.000000 -1.000000 0.000000
0.000000 -1.000000 0.000000
0.000000 -1.000000 0.000000
0.000000 -1.000000 0.000000
0.000000 -1.000000 0.000000
0.000000 -1.000000 0.000000
-0.000000 -0.366897 0.930262
-0.000000 -0.366897 0.930262
-0.000000 -0.366897 0.930262
-0.000000 -0.366897 0.930262
-0.000000 -0.366897 0.930262
-0.000000 -0.366897 0.930262
0.000000 0.000000 1.000000
0.000000 0.000000 1.000000
0.000000 0.000000 1.000000
0.000000 0.000000 1.000000
0.000000 0.000000 1.000000
0.000000 0.000000 1.000000
-0.000000 -1.000000 0.000000
-0.000000 -1.000000 0.000000
-0.000000 -1.000000 0.000000
-0.000000 -1.000000 0.000000
-0.000000 -1.000000 0.000000
-0.000000 -1.000000 0.000000
0.000000 0.000000 -1.000000
0.000000 0.000000 -1.000000
0.000000 0.000000 -1.000000
0.000000 0.000000 -1.000000
0.000000 0.000000 -1.000000
0.000000 0.000000 -1.000000
-0.000000 -1.000000 -0.000000
-0.000000 -1.000000 -0.000000
-0.000000 -1.000000 -0.000000
-0.000000 -1.000000 -0.000000
-0.000000 -1.000000 -0.000000
-0.000000 -1.000000 -0.000000
0.000000 0.893624 0.448816
0.000000 0.893624 0.448816
0.000000 0.893624 0.448816
0.000000 0.893624 0.448816
0.000000 0.893624 0.448816
0.000000 0.893624 0.448816
0.999696 -0.022264 -0.010604
0.999696 -0.022264 -0.010604
0.999696 -0.022264 -0.010604
0.999696 -0.022264 -0.010604
0.999696 -0.022264 -0.010604
0.999696 -0.022264 -0.010604
0.000000 -0.911806 -0.410622
0.000000 -0.911806 -0.410622
0.000000 -0.911806 -0.410622
0.000000 -0.911806 -0.410622
0.000000 -0.911806 -0.410622
0.000000 -0.911806 -0.410622
-0.999696 -0.022266 -0.010605
-0.999696 -0.022266 -0.010605
-0.999696 -0.022266 -0.010605
-0.999696 -0.022266 -0.010605
-0.999696 -0.022266 -0.010605
-0.999696 -0.022266 -0.010605
-0.978077 -0.103438 -0.180736
-0.907239 -0.208927 -0.365058
-0.922299 -0.191970 -0.335429
-0.978077 -0.103438 -0.180736
-0.922299 -0.191970 -0.335429
-0.978077 -0.103438 -0.180736
-0.907239 -0.208927 -0.365058
-0.674629 -0.366655 -0.640656
-0.694098 -0.357576 -0.624794
-0.907239 -0.208927 -0.365058
-0.694098 -0.357576 -0.624794
-0.922299 -0.191970 -0.335429
-0.694098 -0.357576 -0.624794
-0.356023 -0.464169 -0.811046
-0.368651 -0.461730 -0.806785
-0.356023 -0.464169 -0.811046
-0.694098 -0.357576 -0.624794
-0.674629 -0.366655 -0.640656
-0.368651 -0.461730 -0.806785
0.000000 -0.496714 -0.867914
0.000000 -0.496714 -0.867914
0.000000 -0.496714 -0.867914
-0.368651 -0.461730 -0.806785
-0.356023 -0.464169 -0.811046
0.368650 -0.461730 -0.806785
0.000000 -0.496714 -0.867914
0.000000 -0.496714 -0.867914
0.368650 -0.461730 -0.806785
0.000000 -0.496714 -0.867914
0.356023 -0.464168 -0.811046
0.694098 -0.357576 -0.624794
0.368650 -0.461730 -0.806785
0.356023 -0.464168 -0.811046
0.694098 -0.357576 -0.624794
0.356023 -0.464168 -0.811046
0.674628 -0.366654 -0.640657
0.907239 -0.208927 -0.365057
0.694098 -0.357576 -0.624794
0.674628 -0.366654 -0.640657
0.694098 -0.357576 -0.624794
0.907239 -0.208927 -0.365057
0.922300 -0.191969 -0.335427
0.978078 -0.103437 -0.180734
0.922300 -0.191969 -0.335427
0.907239 -0.208927 -0.365057
0.922300 -0.191969 -0.335427
0.978078 -0.103437 -0.180734
0.978078 -0.103437 -0.180734
-0.202332 -0.943047 0.264052
-0.202230 -0.943131 0.263832
-0.220103 -0.927291 0.302798
-0.220103 -0.927291 0.302798
-0.202230 -0.943131 0.263832
-0.220103 -0.927291 0.302798
-0.153576 -0.968506 0.195986
-0.202230 -0.943131 0.263832
-0.202332 -0.943047 0.264052
-0.202230 -0.943131 0.263832
-0.153576 -0.968506 0.195986
-0.152500 -0.968880 0.194977
-0.082760 -0.985101 0.150752
-0.152500 -0.968880 0.194977
-0.153576 -0.968506 0.195986
-0.152500 -0.968880 0.194977
-0.082760 -0.985101 0.150752
-0.081597 -0.985268 0.150294
-0.081597 -0.985268 0.150294
0.000000 -0.990861 0.134887
0.000000 -0.990861 0.134887
0.000000 -0.990861 0.134887
-0.081597 -0.985268 0.150294
-0.082760 -0.985101 0.150752
0.000000 -0.990861 0.134887
0.000000 -0.990861 0.134887
0.081596 -0.985268 0.150294
0.000000 -0.990861 0.134887
0.082759 -0.985101 0.150752
0.081596 -0.985268 0.150294
0.081596 -0.985268 0.150294
0.082759 -0.985101 0.150752
0.152500 -0.968879 0.194978
0.082759 -0.985101 0.150752
0.153575 -0.968506 0.195987
0.152500 -0.968879 0.194978
0.202332 -0.943047 0.264052
0.202230 -0.943131 0.263832
0.153575 -0.968506 0.195987
0.153575 -0.968506 0.195987
0.202230 -0.943131 0.263832
0.152500 -0.968879 0.194978
0.220102 -0.927292 0.302796
0.202230 -0.943131 0.263832
0.202332 -0.943047 0.264052
0.202230 -0.943131 0.263832
0.220102 -0.927292 0.302796
0.220102 -0.927292 0.302796
0.978077 0.103438 0.180737
0.922298 0.191971 0.335429
0.907238 0.208928 0.365058
0.922298 0.191971 0.335429
0.978077 0.103438 0.180737
0.978077 0.103438 0.180737
0.907238 0.208928 0.365058
0.694097 0.357579 0.624793
0.674628 0.366658 0.640655
0.694097 0.357579 0.624793
0.907238 0.208928 0.365058
0.922298 0.191971 0.335429
0.356023 0.464173 0.811043
0.674628 0.366658 0.640655
0.694097 0.357579 0.624793
0.356023 0.464173 0.811043
0.694097 0.357579 0.624793
0.368651 0.461735 0.806782
-0.000000 0.496719 0.867912
0.356023 0.464173 0.811043
0.368651 0.461735 0.806782
-0.000000 0.496719 0.867912
0.368651 0.461735 0.806782
-0.000000 0.496719 0.867911
-0.000000 0.496719 0.867912
-0.368652 0.461734 0.806782
-0.356024 0.464173 0.811043
-0.368652 0.461734 0.806782
-0.000000 0.496719 0.867912
-0.000000 0.496719 0.867911
-0.356024 0.464173 0.811043
-0.694098 0.357579 0.624793
-0.674628 0.366657 0.640656
-0.694098 0.357579 0.624793
-0.356024 0.464173 0.811043
-0.368652 0.461734 0.806782
-0.907239 0.208927 0.365057
-0.674628 0.366657 0.640656
-0.694098 0.357579 0.624793
-0.907239 0.208927 0.365057
-0.694098 0.357579 0.624793
-0.922299 0.191969 0.335428
-0.978078 0.103435 0.180734
-0.907239 0.208927 0.365057
-0.922299 0.191969 0.335428
-0.978078 0.103435 0.180734
-0.922299 0.191969 0.335428
-0.978078 0.103435 0.180734
0.235153 0.889849 -0.390989
0.219708 0.874442 -0.432528
0.235153 0.889849 -0.390989
0.235153 0.889849 -0.390989
0.219708 0.874442 -0.432528
0.218169 0.872829 -0.436544
0.171238 0.843014 -0.509907
0.218169 0.872829 -0.436544
0.219708 0.874442 -0.432528
0.218169 0.872829 -0.436544
0.171238 0.843014 -0.509907
0.167836 0.841578 -0.513399
0.093959 0.820837 -0.563381
0.167836 0.841578 -0.513399
0.171238 0.843014 -0.509907
0.093959 0.820837 -0.563381
0.090956 0.820311 -0.564638
0.167836 0.841578 -0.513399
0.000000 0.812797 -0.582547
0.090956 0.820311 -0.564638
0.000000 0.812797 -0.582547
0.090956 0.820311 -0.564638
0.093959 0.820837 -0.563381
0.000000 0.812797 -0.582547
0.000000 0.812797 -0.582547
-0.090956 0.820311 -0.564638
0.000000 0.812797 -0.582547
-0.090956 0.820311 -0.564638
0.000000 0.812797 -0.582547
-0.093959 0.820837 -0.563381
-0.093959 0.820837 -0.563381
-0.167837 0.841577 -0.513399
-0.090956 0.820311 -0.564638
-0.093959 0.820837 -0.563381
-0.171239 0.843014 -0.509907
-0.167837 0.841577 -0.513399
-0.171239 0.843014 -0.509907
-0.219708 0.874441 -0.432529
-0.218169 0.872829 -0.436545
-0.171239 0.843014 -0.509907
-0.218169 0.872829 -0.436545
-0.167837 0.841577 -0.513399
-0.235152 0.889848 -0.390991
-0.235152 0.889848 -0.390991
-0.219708 0.874441 -0.432529
-0.235152 0.889848 -0.390991
-0.218169 0.872829 -0.436545
-0.219708 0.874441 -0.432529
0.000003 0.496717 0.867913
0.000003 0.496716 0.867913
0.000003 0.496717 0.867913
0.000003 0.496717 0.867913
0.000003 0.496716 0.867913
0.000003 0.496717 0.867913
-0.000002 0.496717 0.867913
-0.000002 0.496717 0.867913
-0.000002 0.496717 0.867913
-0.000002 0.496717 0.867913
-0.000002 0.496717 0.867913
-0.000002 0.496717 0.867913
0.000000 0.000000 1.000000
0.000000 0.000000 1.000000
0.000000 0.000000 1.000000
0.000000 0.000000 1.000000
0.000000 0.000000 1.000000
0.000000 0.000000 1.000000
1.000000 0.000000 0.000000
1.000000 0.000000 0.000000
1.000000 0.000000 0.000000
1.000000 0.000000 0.000000
1.000000 0.000000 0.000000
1.000000 0.000000 0.000000
-1.000000 -0.000000 -0.000000
-1.000000 -0.000000 -0.000000
-1.000000 -0.000000 -0.000000
-1.000000 -0.000000 -0.000000
-1.000000 -0.000000 -0.000000
-1.000000 -0.000000 -0.000000
</float_array>
          <technique_common>
            <accessor source="#hull-Normal0-array" count="2790" stride="3">
              <param name="X" type="float"/>
              <param name="Y" type="float"/>
              <param name="Z" type="float"/>
            </accessor>
          </technique_common>
        </source>
        <source id="hull-UV0">
          <float_array id="hull-UV0-array" count="1704">
0.600266 0.268062
0.661719 0.265628
0.160859 0.870596
0.267764 0.257995
0.211362 0.982892
0.173327 0.982892
0.071035 0.966888
0.081367 0.917680
0.108571 0.928476
0.170299 0.259868
0.662837 0.445859
0.600183 0.448320
0.144187 0.932464
0.211362 0.932464
0.180511 0.257995
0.193981 0.209881
0.102415 0.259868
0.600254 0.218227
0.651641 0.216393
0.662726 0.595265
0.105688 0.210528
0.762437 0.997796
0.211421 0.870596
0.646730 0.793169
0.168314 0.210528
0.599903 0.795151
0.600067 0.597244
0.652680 0.875199
0.006112 0.587389
0.195775 0.445876
0.012244 0.434987
0.262200 0.410489
0.683944 0.927280
0.267764 0.209881
0.087539 0.443147
0.599690 0.931014
0.196377 0.442175
0.076709 0.595546
0.267764 0.401688
0.599807 0.876574
0.038289 0.254977
0.600228 0.167188
0.213639 0.161766
0.075775 0.156967
0.211421 0.874100
0.158472 0.874100
0.748217 0.823682
0.600204 0.136815
0.092146 0.128189
0.629055 0.135805
0.117727 0.130560
0.111437 0.160100
0.110218 0.099234
0.129420 0.073019
0.134744 0.073823
0.124009 0.100843
0.002559 0.787914
0.053414 0.795982
0.101834 0.795982
0.158558 0.874699
0.149309 0.789811
0.637771 0.165954
0.211362 0.874699
0.600176 0.106027
0.146139 0.875649
0.116478 0.443147
0.267393 0.432281
0.169393 0.582732
0.199971 0.471058
0.747004 0.815082
0.747004 0.788406
0.759437 0.766828
0.759437 0.668783
0.750250 0.788406
0.788064 0.290399
0.788436 0.399851
0.750250 0.815082
0.759447 0.767360
0.763909 0.399983
0.763537 0.290530
0.784291 0.420704
0.784291 0.476277
0.211421 0.790155
0.160418 0.790155
0.761354 0.288216
0.761742 0.402320
0.764547 0.476277
0.764547 0.409031
0.731391 0.402320
0.731004 0.288216
0.762330 0.405422
0.762330 0.476277
0.851087 0.657836
0.837111 0.472987
0.160418 0.737199
0.211421 0.737199
0.902508 0.472987
0.902508 0.657836
0.731681 0.476277
0.731681 0.405422
0.837111 0.372556
0.902508 0.372556
0.465492 0.015139
0.953929 0.657836
0.600143 0.077679
0.487157 0.015139
0.170144 0.436884
0.610173 0.077083
0.226379 0.133803
0.158315 0.589286
0.619290 0.105278
0.267764 0.133803
0.107146 0.595546
0.640913 0.981537
0.267764 0.161766
0.054351 0.206293
0.240130 0.105840
0.599556 0.981527
0.161789 0.100843
0.600083 0.046988
0.253488 0.080569
0.163778 0.130560
0.157611 0.046642
0.159749 0.073823
0.010354 0.874880
0.211421 0.794978
0.160597 0.794979
0.160554 0.790772
0.211421 0.790772
0.157924 0.794979
0.162327 0.797002
0.211421 0.797002
0.782629 0.234729
0.846852 0.235124
0.782629 0.134644
0.846852 0.133181
0.465496 0.051089
0.487134 0.051089
0.487134 0.028867
0.511692 0.051031
0.465496 0.044753
0.502064 0.088573
0.502064 0.064947
0.504153 0.094778
0.507379 0.094778
0.462082 0.966957
0.424336 0.928546
0.451437 0.917750
0.537471 0.445830
0.538754 0.265600
0.548823 0.216370
0.537360 0.595237
0.278537 0.932464
0.249397 0.982892
0.264167 0.874699
0.211421 0.868570
0.267764 0.080569
0.267764 0.105840
0.267764 0.055298
0.341547 0.209881
0.361868 0.259938
0.363888 0.210598
0.426474 0.210598
0.429709 0.259938
0.553028 0.793147
0.546899 0.875174
0.526450 0.587459
0.455613 0.595616
0.444636 0.443217
0.520168 0.435056
0.515403 0.927241
0.562655 0.165937
0.571329 0.135792
0.581043 0.105269
0.162574 0.868570
0.261984 0.870596
0.264371 0.874100
0.262288 0.790772
0.590099 0.077079
0.558199 0.981518
0.262246 0.794978
0.264918 0.794978
0.493966 0.255047
0.339764 0.445352
0.334815 0.471059
0.355016 0.257995
0.339150 0.442175
0.321889 0.161766
0.309148 0.133803
0.456551 0.157037
0.420802 0.160169
0.414567 0.130630
0.440215 0.128259
0.260516 0.797002
0.260269 0.868570
0.302453 0.538448
0.285923 0.555500
0.295398 0.105840
0.282040 0.080569
0.465496 0.028867
0.044254 0.927199
0.422185 0.099304
0.408346 0.100913
0.397675 0.073893
0.403025 0.073089
0.167444 0.555500
0.167444 0.531220
0.169393 0.557352
0.282011 0.557352
0.530300 0.787984
0.479044 0.796284
0.430655 0.796284
0.751387 0.823671
0.386836 0.875719
0.383577 0.789881
0.415715 0.443217
0.764871 0.993871
0.425195 0.595616
0.374278 0.589356
0.362302 0.436953
0.477926 0.206363
0.368545 0.130630
0.370591 0.100913
0.374887 0.046712
0.372686 0.073893
0.265429 0.578236
0.169393 0.578236
0.266400 0.580088
0.167444 0.580088
0.282011 0.582732
0.272293 0.409999
0.267393 0.471058
0.762693 0.767360
0.876839 0.815082
0.762683 0.672098
0.762683 0.766828
0.873593 0.815082
0.788064 0.662520
0.763537 0.662388
0.873593 0.788406
0.876839 0.788406
0.763909 0.552936
0.788436 0.553067
0.670171 0.476277
0.670171 0.405422
0.232670 0.608681
0.367679 0.601453
0.262423 0.737199
0.262423 0.790155
0.761354 0.664702
0.731004 0.664702
0.784291 0.531850
0.764548 0.543523
0.731392 0.550599
0.761742 0.550599
0.762330 0.547132
0.731681 0.547132
0.967905 0.472987
0.967905 0.372556
0.961260 0.304587
0.961260 0.351150
0.837970 0.351150
0.837970 0.304587
0.670171 0.547132
0.786509 0.419717
0.961260 0.363239
0.837970 0.363239
0.961260 0.298206
0.522561 0.874950
0.165659 0.160100
0.367679 0.625733
0.249200 0.625733
0.365730 0.627585
0.365730 0.648470
0.269694 0.648470
0.253112 0.627585
0.831077 0.235190
0.801930 0.134697
0.864981 0.133181
0.864981 0.235124
0.487118 0.076072
0.465477 0.076072
0.487134 0.044753
0.511692 0.031073
0.518531 0.064947
0.518531 0.088573
0.507379 0.106890
0.529264 0.064947
0.869200 0.004355
0.755535 0.004355
0.755535 0.010147
0.869200 0.010147
0.763113 0.004355
0.763113 0.010147
0.770691 0.004355
0.770691 0.010147
0.778268 0.004355
0.778268 0.010147
0.785846 0.004355
0.785846 0.010147
0.793423 0.004355
0.793423 0.010147
0.801001 0.004355
0.801001 0.010147
0.808579 0.004355
0.808579 0.010147
0.816157 0.004355
0.816157 0.010147
0.823734 0.004355
0.823734 0.010147
0.831312 0.004355
0.831312 0.010147
0.838890 0.004355
0.838890 0.010147
0.846467 0.004355
0.846467 0.010147
0.854045 0.004355
0.854045 0.010147
0.861623 0.004355
0.861623 0.010147
0.614530 0.055570
0.612269 0.044205
0.501289 0.119659
0.500277 0.118145
0.500946 0.117476
0.502163 0.119298
0.504153 0.106890
0.510606 0.094778
0.510606 0.106890
0.513832 0.094778
0.498762 0.117132
0.499124 0.116259
0.513832 0.106890
0.517058 0.094778
0.496975 0.116777
0.517058 0.106890
0.496975 0.115832
0.520284 0.094778
0.495188 0.117132
0.520284 0.106890
0.494827 0.116259
0.523511 0.094778
0.493674 0.118145
0.523511 0.106890
0.493005 0.117476
0.526737 0.094778
0.492662 0.119659
0.526737 0.106890
0.491788 0.119298
0.529963 0.094778
0.492306 0.121446
0.529963 0.106890
0.491361 0.121446
0.533190 0.094778
0.492662 0.123233
0.533190 0.106890
0.829073 0.020442
0.836003 0.014882
0.839961 0.022487
0.835640 0.025954
0.844534 0.012397
0.845280 0.020938
0.853366 0.013365
0.850787 0.021542
0.861155 0.017640
0.855643 0.024207
0.866715 0.024570
0.859110 0.028528
0.869200 0.033101
0.860660 0.033847
0.868232 0.041933
0.860056 0.039354
0.863957 0.049722
0.857390 0.044210
0.857027 0.055282
0.853069 0.047677
0.848496 0.057767
0.847751 0.049226
0.839664 0.056799
0.842244 0.048623
0.831875 0.052524
0.837387 0.045957
0.826315 0.045594
0.833920 0.041636
0.823830 0.037064
0.832371 0.036318
0.824798 0.028231
0.832975 0.030811
0.844861 0.031903
0.843770 0.032778
0.846203 0.031512
0.585573 0.003536
0.595950 0.003536
0.595950 0.010969
0.585573 0.010969
0.606328 0.003536
0.606328 0.010969
0.616706 0.003536
0.616706 0.010969
0.627084 0.003536
0.627084 0.010969
0.637462 0.003536
0.637462 0.010969
0.647839 0.003536
0.647839 0.010969
0.658217 0.003536
0.658217 0.010969
0.668595 0.003536
0.668595 0.010969
0.678973 0.003536
0.678973 0.010969
0.689350 0.003536
0.689350 0.010969
0.699728 0.003536
0.699728 0.010969
0.710106 0.003536
0.710106 0.010969
0.720484 0.003536
0.720484 0.010969
0.730862 0.003536
0.730862 0.010969
0.741240 0.003536
0.741240 0.010969
0.686214 0.045661
0.687918 0.034186
0.698457 0.037958
0.697395 0.045113
0.693883 0.024235
0.702177 0.031754
0.703202 0.017325
0.707987 0.027446
0.714456 0.014508
0.715004 0.025689
0.725932 0.016211
0.722159 0.026751
0.735882 0.022176
0.728363 0.030470
0.742792 0.031495
0.732672 0.036281
0.745610 0.042749
0.734429 0.043298
0.743906 0.054225
0.733367 0.050453
0.737941 0.064175
0.729647 0.056657
0.728622 0.071085
0.723837 0.060965
0.717368 0.073903
0.716820 0.062722
0.705892 0.072200
0.709665 0.061660
0.695942 0.066234
0.703461 0.057940
0.689032 0.056915
0.699152 0.052130
0.711506 0.042628
0.711238 0.044434
0.712445 0.041062
0.523133 0.122150
0.523004 0.125260
0.518627 0.124199
0.518683 0.122845
0.521695 0.128084
0.518057 0.125429
0.519404 0.130192
0.517059 0.126347
0.516482 0.131264
0.515787 0.126814
0.513372 0.131135
0.514432 0.126758
0.510548 0.129826
0.513202 0.126188
0.508439 0.127536
0.512284 0.125190
0.507368 0.124613
0.511818 0.123918
0.507497 0.121503
0.511874 0.122563
0.508806 0.118679
0.512444 0.121334
0.511096 0.116571
0.513441 0.120416
0.514019 0.115499
0.514714 0.119949
0.517129 0.115628
0.516068 0.120005
0.519953 0.116937
0.517298 0.120575
0.522061 0.119227
0.518216 0.121573
0.515250 0.123381
0.491788 0.123595
0.536416 0.094778
0.536416 0.106890
0.539642 0.094778
0.539642 0.106890
0.491248 0.094778
0.491248 0.106890
0.494474 0.094778
0.494474 0.106890
0.497700 0.094778
0.497700 0.106890
0.500927 0.094778
0.500927 0.106890
0.507379 0.111404
0.504153 0.111404
0.510606 0.111404
0.513832 0.111404
0.517058 0.111404
0.493674 0.124748
0.500924 0.094641
0.497693 0.094641
0.497693 0.091338
0.500924 0.091338
0.494463 0.094641
0.494463 0.091338
0.491232 0.094641
0.491232 0.091338
0.539693 0.094641
0.539693 0.091338
0.536463 0.094641
0.536463 0.091338
0.533232 0.094641
0.533232 0.091338
0.530001 0.094641
0.530001 0.091338
0.526770 0.094641
0.526770 0.091338
0.523539 0.094641
0.523539 0.091338
0.520309 0.094641
0.520309 0.091338
0.517078 0.094641
0.517078 0.091338
0.513847 0.094641
0.513847 0.091338
0.510616 0.094641
0.510616 0.091338
0.507386 0.094641
0.507386 0.091338
0.504155 0.094641
0.504155 0.091338
0.847593 0.031664
0.848819 0.032337
0.820452 0.026401
0.641967 0.044205
0.801482 0.134644
0.815840 0.134697
0.367679 0.650322
0.268723 0.650322
0.202692 0.473287
0.267404 0.473287
0.731888 0.078038
0.670093 0.288216
0.674605 0.078038
0.670481 0.402320
0.267404 0.498994
0.213883 0.498994
0.332116 0.473287
0.320926 0.498994
0.731888 0.874880
0.674605 0.874880
0.670093 0.664702
0.670481 0.550599
0.199900 0.471280
0.267404 0.471280
0.334909 0.471280
0.321970 0.501001
0.267404 0.501001
0.212838 0.501001
0.265429 0.603617
0.169393 0.603617
0.786509 0.476277
0.786509 0.532836
0.821381 0.290399
0.821753 0.399851
0.797226 0.399983
0.796854 0.290530
0.817608 0.420704
0.817608 0.476277
0.837970 0.298206
0.961260 0.286817
0.837970 0.286817
0.768615 0.268460
0.769342 0.265043
0.837970 0.240573
0.961260 0.240573
0.772663 0.266581
0.772210 0.268712
0.771412 0.262147
0.773954 0.264775
0.774509 0.260211
0.757791 0.258277
0.757791 0.245787
0.760070 0.245787
0.760070 0.258277
0.768509 0.258277
0.768509 0.245787
0.766837 0.258277
0.760565 0.245787
0.768615 0.273604
0.769342 0.273064
0.769342 0.274622
0.768615 0.275161
0.771412 0.272607
0.771412 0.274164
0.774509 0.272301
0.774509 0.273859
0.778164 0.272194
0.778164 0.273751
0.781818 0.272301
0.781818 0.273859
0.784916 0.272607
0.784916 0.274164
0.786986 0.273064
0.786986 0.274622
0.787713 0.273604
0.787713 0.275161
0.786333 0.276926
0.783718 0.276694
0.783718 0.274448
0.786333 0.274679
0.781579 0.276497
0.781579 0.274251
0.779734 0.276366
0.779734 0.274120
0.778164 0.276320
0.778164 0.274074
0.776594 0.276366
0.776594 0.274120
0.774749 0.276497
0.774749 0.274251
0.772610 0.276694
0.772610 0.274448
0.769994 0.276926
0.769994 0.274679
0.488543 0.927269
0.366615 0.160169
0.365730 0.653095
0.365730 0.673979
0.269694 0.673979
0.253112 0.653095
0.202692 0.505026
0.267404 0.505026
0.267404 0.530732
0.213883 0.530732
0.332116 0.505026
0.320926 0.530732
0.862035 0.997436
0.859573 0.993529
0.871828 0.823236
0.874997 0.823224
0.811922 0.668783
0.811922 0.672098
0.864407 0.766828
0.861161 0.766828
0.861161 0.672098
0.864407 0.668783
0.861151 0.767360
0.864396 0.767360
0.790231 0.288061
0.790619 0.402165
0.790231 0.664857
0.790619 0.550753
0.797864 0.476277
0.797864 0.409031
0.821381 0.662520
0.796854 0.662388
0.797226 0.552936
0.821753 0.553067
0.817608 0.531849
0.797864 0.543522
0.775885 0.263568
0.778164 0.259532
0.778164 0.263144
0.781818 0.260211
0.780442 0.263568
0.784916 0.262147
0.782374 0.264775
0.786986 0.265043
0.783665 0.266581
0.787713 0.268460
0.784118 0.268712
0.750645 0.266343
0.750192 0.268467
0.746597 0.268455
0.747324 0.265049
0.751936 0.264542
0.749394 0.262161
0.753868 0.263339
0.752492 0.260231
0.756146 0.262916
0.756146 0.259553
0.758424 0.263339
0.759800 0.260231
0.760356 0.264542
0.762898 0.262161
0.761647 0.266343
0.764968 0.265049
0.762100 0.268467
0.765695 0.268455
0.787713 0.269745
0.784118 0.268870
0.784118 0.272130
0.787713 0.271302
0.768615 0.271302
0.772210 0.272131
0.772210 0.268870
0.768615 0.269745
0.768503 0.259573
0.752997 0.235190
0.770762 0.258277
0.770768 0.259573
0.772492 0.258277
0.771044 0.258277
0.776666 0.245787
0.778762 0.245787
0.770762 0.245787
0.738665 0.235190
0.762661 0.245787
0.768284 0.258277
0.768235 0.134697
0.782144 0.134697
0.768719 0.080797
0.782144 0.080797
0.801482 0.234729
0.782629 0.080797
0.801482 0.080797
0.845409 0.235190
0.801930 0.080797
0.815355 0.080797
0.440979 0.051068
0.443170 0.031037
0.456522 0.031037
0.511630 0.051068
0.496087 0.031037
0.509438 0.031037
0.532634 0.031073
0.532634 0.051031
0.520284 0.111404
0.502017 0.054194
0.518577 0.054194
0.523511 0.111404
0.491335 0.088573
0.491335 0.064947
0.529264 0.088573
0.526737 0.111404
0.529963 0.111404
0.533190 0.111404
0.536416 0.111404
0.539642 0.111404
0.491248 0.111404
0.494474 0.111404
0.497700 0.111404
0.500927 0.111404
0.507379 0.115237
0.504153 0.115237
0.510606 0.115237
0.513832 0.115237
0.517058 0.115237
0.520284 0.115237
0.523511 0.115237
0.526737 0.115237
0.529963 0.115237
0.533190 0.115237
0.536416 0.115237
0.539642 0.115237
0.491248 0.115237
0.494474 0.115237
0.497700 0.115237
0.500927 0.115237
0.493005 0.125416
0.495188 0.125760
0.494827 0.126633
0.496975 0.126115
0.496975 0.127061
0.498762 0.125760
0.542868 0.094778
0.542868 0.106890
0.542868 0.106890
0.542868 0.111404
0.542868 0.111404
0.542868 0.115237
0.499124 0.126633
0.500277 0.124748
0.500946 0.125416
0.501289 0.123233
0.502163 0.123595
0.501645 0.121446
0.502590 0.121446
0.849694 0.033428
0.850085 0.034770
0.849933 0.036160
0.849260 0.037386
0.542924 0.094641
0.542924 0.091338
0.848170 0.038261
0.846827 0.038653
0.845437 0.038500
0.844211 0.037827
0.843336 0.036737
0.842945 0.035394
0.843097 0.034004
0.846515 0.035082
0.822179 0.035082
0.799494 0.035082
0.815535 0.019041
0.808175 0.014124
0.799494 0.012397
0.790812 0.014124
0.783453 0.019041
0.778535 0.026401
0.776808 0.035082
0.778535 0.043763
0.783453 0.051123
0.790812 0.056041
0.799494 0.057767
0.808175 0.056041
0.815535 0.051123
0.820452 0.043763
0.620968 0.065205
0.630602 0.071642
0.876778 0.004355
0.876778 0.010147
0.641967 0.073903
0.653332 0.071642
0.662966 0.065205
0.669404 0.055570
0.671665 0.044205
0.669404 0.032840
0.662966 0.023206
0.653332 0.016768
0.641967 0.014508
0.630602 0.016768
0.620968 0.023206
0.614530 0.032840
0.713912 0.039975
0.715683 0.039531
0.717489 0.039799
0.719055 0.040738
0.720143 0.042205
0.720586 0.043976
0.720318 0.045782
0.719379 0.047348
0.717912 0.048436
0.716141 0.048879
0.714335 0.048611
0.712769 0.047672
0.711681 0.046206
0.715912 0.044205
0.751617 0.003536
0.751617 0.010969
</float_array>
          <technique_common>
            <accessor source="#hull-UV0-array" count="852" stride="2">
              <param name="S" type="float"/>
              <param name="T" type="float"/>
            </accessor>
          </technique_common>
        </source>
        <vertices id="hull-VERTEX">
          <input semantic="POSITION" source="#hull-POSITION"/>
        </vertices>
        <triangles count="930" material="cca"><input semantic="VERTEX" offset="0" source="#hull-VERTEX"/><input semantic="NORMAL" offset="1" source="#hull-Normal0"/><input semantic="TEXCOORD" offset="2" set="0" source="#hull-UV0"/><p> 0 0 6 33 1 7 30 2 8 9 3 11 1 4 1 10 5 10 1 6 1 9 7 11 86 8 0 89 9 13 0 10 5 30 11 12 0 12 5 89 13 13 4 14 4 55 15 15 93 16 33 90 17 3 90 18 3 3 19 14 55 20 15 55 21 24 3 22 9 61 23 20 3 24 9 26 25 16 61 26 20 1 27 1 86 28 0 54 29 18 86 30 0 96 31 17 54 32 18 28 33 37 10 34 30 27 35 34 10 36 30 28 37 37 6 38 28 102 39 25 5 40 26 20 41 23 20 42 23 5 43 26 6 44 19 66 45 2 64 46 22 104 47 44 66 48 2 104 49 44 2 50 45 31 51 35 7 52 27 32 53 32 7 54 27 31 55 35 8 56 39 5 57 26 9 58 11 6 59 19 6 60 19 9 61 11 10 62 10 27 63 34 1 64 40 26 65 16 1 66 40 27 67 34 10 68 30 109 69 38 3 70 14 90 71 3 11 72 36 3 73 14 109 74 38 112 75 111 13 76 114 57 77 108 57 78 108 13 79 114 15 80 42 25 81 51 56 82 48 62 83 50 25 84 51 14 85 43 56 86 48 14 87 61 12 88 41 56 89 49 12 90 41 117 91 47 56 92 49 121 93 157 60 94 120 120 95 156 60 96 120 121 97 157 17 98 116 24 99 55 59 100 53 63 101 54 16 102 52 59 103 53 24 104 55 126 105 63 59 106 107 16 107 110 59 108 107 126 109 63 58 110 104 8 111 39 20 112 23 7 113 27 20 114 23 8 115 39 102 116 25 29 117 57 6 118 28 28 119 37 6 120 28 29 121 57 20 122 56 21 123 58 19 124 60 2 125 64 35 126 109 23 127 65 11 128 106 23 129 65 35 130 109 22 131 112 19 132 60 22 133 112 35 134 109 22 135 112 19 136 60 21 137 58 3 138 9 11 139 106 23 140 65 61 141 20 26 142 16 54 143 115 26 144 16 1 145 40 54 146 115 22 147 112 27 148 34 23 149 65 27 150 34 22 151 112 28 152 37 23 153 65 26 154 16 3 155 9 26 156 16 23 157 65 27 158 34 57 159 121 24 160 55 17 161 118 24 162 55 57 163 121 62 164 50 21 165 58 28 166 37 22 167 112 28 168 37 21 169 58 29 170 57 133 171 122 60 172 123 63 173 54 7 174 124 20 175 56 29 176 57 0 177 6 32 178 200 33 179 7 33 180 7 21 181 58 30 182 8 104 183 62 89 184 13 2 185 59 2 186 59 89 187 13 30 188 12 4 189 117 31 190 35 0 191 113 0 192 113 31 193 35 32 194 32 33 195 7 29 196 57 21 197 58 29 198 57 33 199 7 32 200 200 32 201 200 7 202 124 29 203 57 34 204 68 109 205 31 134 206 66 109 207 31 34 208 68 11 209 29 134 210 66 136 211 231 34 212 68 35 213 206 34 214 196 36 215 205 34 216 196 35 217 206 11 218 195 440 219 645 436 220 643 439 221 644 436 222 643 440 223 645 435 224 642 421 225 570 422 226 571 419 227 67 419 228 67 420 229 229 421 230 570 35 231 46 43 232 216 19 233 21 43 234 216 35 235 46 46 236 212 44 237 73 35 238 69 36 239 70 35 240 69 44 241 73 46 242 76 44 243 73 38 244 77 39 245 232 38 246 77 44 247 73 36 248 70 38 249 71 37 250 72 40 251 234 38 252 71 40 253 234 39 254 235 138 255 652 40 256 234 37 257 72 40 258 234 138 259 652 41 260 653 42 261 128 65 262 126 43 263 127 65 264 126 42 265 128 18 266 125 423 267 574 424 268 575 425 269 576 423 270 574 425 271 576 426 272 577 441 273 578 442 274 579 445 275 664 441 276 578 445 277 664 446 278 665 44 279 84 45 280 85 47 281 88 44 282 84 47 283 88 46 284 89 45 285 90 148 286 91 48 287 98 45 288 90 48 289 98 47 290 99 43 291 552 46 292 89 50 293 553 43 294 552 50 295 553 49 296 554 43 297 83 49 298 94 42 299 82 42 300 82 49 301 94 52 302 95 47 303 88 50 304 553 46 305 89 50 306 553 47 307 88 51 308 555 48 309 98 53 310 243 47 311 99 47 312 99 53 313 243 51 314 244 153 315 96 49 316 92 50 317 93 49 318 92 153 319 96 52 320 97 51 321 100 153 322 96 50 323 93 153 324 96 51 325 100 53 326 101 13 327 114 93 328 33 15 329 42 15 330 42 93 331 33 55 332 15 55 333 24 25 334 51 15 335 269 25 336 51 55 337 24 61 338 20 54 339 18 96 340 17 14 341 61 96 342 17 12 343 41 14 344 61 121 345 157 112 346 111 17 347 116 17 348 116 112 349 111 57 350 108 62 351 50 16 352 52 24 353 55 62 354 50 56 355 48 16 356 52 56 357 49 117 358 47 16 359 110 117 360 47 126 361 63 16 362 110 60 363 120 133 364 158 120 365 156 59 366 53 133 367 122 63 368 54 58 369 104 133 370 119 59 371 107 61 372 20 14 373 43 25 374 51 61 375 20 54 376 115 14 377 43 57 378 121 15 379 269 62 380 50 15 381 269 25 382 51 62 383 50 17 384 118 63 385 54 60 386 123 63 387 54 17 388 118 24 389 55 21 390 58 2 391 64 30 392 8 66 393 2 19 394 129 65 395 126 2 396 45 19 397 129 66 398 2 65 399 126 19 400 129 43 401 127 69 402 130 67 403 131 68 404 174 67 405 131 155 406 155 68 407 174 68 408 174 155 409 155 64 410 22 64 411 22 66 412 2 68 413 174 66 414 2 65 415 126 69 416 130 66 417 2 69 418 130 68 419 174 69 420 130 18 421 125 67 422 131 18 423 125 69 424 130 65 425 126 157 426 725 72 427 134 158 428 546 72 429 134 157 430 725 70 431 132 71 432 718 73 433 721 70 434 710 70 435 710 73 436 721 72 437 722 74 438 136 162 439 280 75 440 281 162 441 280 74 442 136 161 443 137 78 444 140 163 445 282 74 446 136 161 447 137 74 448 136 163 449 282 74 450 136 75 451 731 78 452 140 164 453 105 165 454 138 77 455 102 77 456 102 165 457 138 76 458 199 78 459 140 165 460 138 163 461 282 165 462 138 78 463 140 76 464 199 81 465 743 82 466 744 80 467 141 79 468 142 80 469 141 82 470 744 166 471 284 80 472 141 79 473 142 80 474 141 166 475 284 167 476 285 166 477 284 79 478 142 82 479 740 166 480 284 82 481 740 169 482 741 83 483 145 85 484 146 84 485 147 87 486 149 9 487 11 88 488 148 9 489 11 87 490 149 86 491 0 89 492 13 83 493 153 4 494 4 83 495 153 89 496 13 85 497 152 92 498 159 90 499 3 93 500 33 90 501 3 92 502 159 91 503 185 95 504 162 91 505 160 92 506 161 91 507 160 95 508 162 94 509 163 86 510 0 87 511 149 97 512 150 86 513 0 97 514 150 96 515 17 100 516 167 99 517 168 88 518 169 100 519 167 88 520 169 98 521 166 101 522 164 5 523 26 102 524 25 5 525 26 101 526 164 98 527 151 105 528 176 104 529 44 103 530 175 64 531 22 103 532 175 104 533 44 31 534 35 106 535 165 8 536 39 106 537 165 31 538 35 107 539 170 98 540 151 9 541 11 5 542 26 9 543 11 98 544 151 88 545 148 99 546 168 94 547 163 87 548 182 99 549 168 87 550 182 88 551 169 91 552 185 109 553 38 90 554 3 91 555 185 108 556 186 109 557 38 111 558 188 13 559 114 112 560 111 13 561 114 111 562 188 110 563 187 113 564 189 116 565 190 114 566 192 116 567 190 115 568 191 114 569 192 114 570 172 12 571 41 113 572 171 12 573 41 114 574 172 117 575 47 119 576 198 121 577 157 120 578 156 121 579 157 119 580 198 118 581 197 123 582 204 122 583 201 125 584 202 125 585 202 124 586 203 123 587 204 126 588 63 123 589 178 58 590 104 123 591 178 126 592 63 122 593 173 8 594 39 101 595 164 102 596 25 101 597 164 8 598 39 106 599 165 127 600 210 100 601 167 98 602 166 127 603 210 98 604 166 101 605 209 128 606 211 105 607 213 129 608 214 131 609 218 108 610 219 130 611 215 131 612 218 130 613 215 132 614 217 129 615 214 132 616 217 128 617 211 132 618 217 129 619 214 131 620 218 91 621 160 130 622 215 108 623 219 95 624 162 97 625 220 94 626 163 94 627 163 97 628 220 87 629 182 132 630 217 99 631 168 100 632 167 99 633 168 132 634 217 130 635 215 130 636 215 91 637 160 94 638 163 130 639 215 94 640 163 99 641 168 111 642 221 118 643 222 125 644 202 111 645 221 125 646 202 115 647 191 128 648 211 100 649 167 127 650 210 100 651 167 128 652 211 132 653 217 133 654 223 124 655 203 119 656 224 106 657 268 127 658 210 101 659 209 83 660 145 84 661 147 107 662 636 84 663 147 85 664 146 128 665 211 105 666 154 89 667 13 104 668 62 89 669 13 105 670 154 85 671 152 83 672 179 31 673 35 4 674 117 31 675 35 83 676 179 107 677 170 84 678 147 128 679 211 127 680 210 84 681 147 127 682 210 107 683 636 107 684 636 127 685 210 106 686 268 135 687 184 109 688 230 108 689 183 109 690 230 135 691 184 134 692 66 134 693 66 135 694 184 136 695 231 135 696 271 131 697 246 137 698 270 131 699 246 135 700 271 108 701 245 436 702 643 438 703 647 439 704 644 438 705 647 436 706 643 437 707 646 430 708 640 428 709 638 429 710 639 428 711 638 430 712 640 427 713 641 142 714 649 131 715 651 129 716 648 131 717 651 142 718 649 141 719 650 137 720 240 131 721 233 143 722 239 143 723 239 131 724 233 141 725 236 140 726 659 143 727 239 144 728 658 143 729 239 140 730 659 137 731 240 139 732 657 140 733 654 145 734 656 145 735 656 140 736 654 144 737 655 145 738 656 138 739 652 139 740 657 138 741 652 145 742 656 41 743 653 42 744 128 146 745 180 18 746 125 146 747 180 42 748 128 142 749 177 432 750 667 434 751 669 431 752 666 434 753 669 432 754 667 433 755 668 444 756 671 445 757 664 443 758 670 442 759 579 443 760 670 445 761 664 141 762 250 149 763 253 143 764 249 147 765 254 143 766 249 149 767 253 149 768 256 48 769 98 147 770 255 148 771 91 147 772 255 48 773 98 151 774 561 150 775 562 142 776 560 141 777 250 142 778 560 150 779 562 142 780 248 42 781 82 151 782 247 42 783 82 52 784 95 151 785 247 150 786 562 149 787 253 141 788 250 149 789 253 150 790 562 152 791 563 48 792 98 149 793 256 53 794 243 149 795 256 152 796 263 53 797 243 150 798 257 151 799 103 153 800 96 153 801 96 151 802 103 52 803 97 152 804 258 153 805 96 53 806 101 153 807 96 152 808 258 150 809 257 110 810 187 93 811 33 13 812 114 93 813 33 110 814 187 92 815 159 116 816 190 92 817 161 110 818 637 92 819 161 116 820 190 95 821 162 97 822 150 113 823 171 96 824 17 96 825 17 113 826 171 12 827 41 118 828 197 112 829 111 121 830 157 112 831 111 118 832 197 111 833 188 114 834 192 115 835 191 122 836 201 115 837 191 125 838 202 122 839 201 122 840 173 117 841 47 114 842 172 117 843 47 122 844 173 126 845 63 119 846 198 120 847 156 133 848 158 123 849 204 124 850 203 133 851 223 58 852 104 123 853 178 133 854 119 97 855 220 95 856 162 113 857 189 95 858 162 116 859 190 113 860 189 110 861 637 111 862 221 115 863 191 110 864 637 115 865 191 116 866 190 118 867 222 124 868 203 125 869 202 124 870 203 118 871 222 119 872 224 128 873 211 85 874 146 105 875 213 129 876 181 103 877 175 146 878 180 129 879 181 105 880 176 103 881 175 146 882 180 142 883 177 129 884 181 67 885 131 154 886 193 156 887 194 67 888 131 156 889 194 155 890 155 156 891 194 64 892 22 155 893 155 64 894 22 156 895 194 103 896 175 103 897 175 154 898 193 146 899 180 154 900 193 103 901 175 156 902 194 18 903 125 154 904 193 67 905 131 154 906 193 18 907 125 146 908 180 71 909 279 160 910 135 73 911 278 160 912 135 71 913 279 159 914 133 160 915 547 159 916 728 157 917 276 157 918 276 158 919 277 160 920 547 75 921 738 162 922 139 77 923 737 162 924 139 164 925 283 77 926 737 161 927 137 163 928 282 162 929 734 167 930 285 166 931 284 169 932 287 167 933 285 169 934 287 168 935 745 187 936 823 186 937 291 170 938 288 187 939 823 170 940 288 171 941 822 188 942 293 187 943 290 171 944 289 188 945 293 171 946 289 172 947 292 189 948 295 188 949 293 172 950 292 189 951 295 172 952 292 173 953 294 190 954 297 189 955 295 173 956 294 190 957 297 173 958 294 174 959 296 191 960 299 190 961 297 174 962 296 191 963 299 174 964 296 175 965 298 192 966 301 191 967 299 175 968 298 192 969 301 175 970 298 176 971 300 193 972 303 192 973 301 176 974 300 193 975 303 176 976 300 177 977 302 194 978 305 193 979 303 177 980 302 194 981 305 177 982 302 178 983 304 195 984 307 194 985 305 178 986 304 195 987 307 178 988 304 179 989 306 196 990 309 195 991 307 179 992 306 196 993 309 179 994 306 180 995 308 197 996 311 196 997 309 180 998 308 197 999 311 180 1000 308 181 1001 310 198 1002 313 197 1003 311 181 1004 310 198 1005 313 181 1006 310 182 1007 312 199 1008 315 198 1009 313 182 1010 312 199 1011 315 182 1012 312 183 1013 314 200 1014 317 199 1015 315 183 1016 314 200 1017 317 183 1018 314 184 1019 316 200 1020 317 185 1021 318 201 1022 319 185 1023 318 200 1024 317 184 1025 316 201 1026 319 170 1027 288 186 1028 291 170 1029 288 201 1030 319 185 1031 318 219 1032 326 217 1033 143 218 1034 286 218 1035 286 217 1036 143 216 1037 144 218 1038 286 216 1039 144 220 1040 328 220 1041 328 216 1042 144 215 1043 327 220 1044 328 215 1045 327 221 1046 332 221 1047 332 215 1048 327 214 1049 329 221 1050 332 214 1051 329 222 1052 335 222 1053 335 214 1054 329 213 1055 333 222 1056 335 213 1057 333 223 1058 339 223 1059 339 213 1060 333 212 1061 337 223 1062 339 212 1063 337 224 1064 343 224 1065 343 212 1066 337 211 1067 341 224 1068 343 211 1069 341 225 1070 347 225 1071 347 211 1072 341 210 1073 345 225 1074 347 210 1075 345 226 1076 351 226 1077 351 210 1078 345 209 1079 349 226 1080 351 209 1081 349 227 1082 355 227 1083 355 209 1084 349 208 1085 353 227 1086 355 208 1087 353 228 1088 493 228 1089 493 208 1090 353 207 1091 492 228 1092 493 207 1093 492 229 1094 495 229 1095 495 207 1096 492 206 1097 494 229 1098 495 206 1099 494 230 1100 778 230 1101 778 206 1102 494 205 1103 777 230 1104 497 205 1105 496 231 1106 499 231 1107 499 205 1108 496 204 1109 498 231 1110 499 204 1111 498 232 1112 501 232 1113 501 204 1114 498 203 1115 500 232 1116 501 203 1117 500 233 1118 503 233 1119 503 203 1120 500 202 1121 502 233 1122 503 202 1123 502 219 1124 326 219 1125 326 202 1126 502 217 1127 143 186 1128 356 235 1129 358 234 1130 359 235 1131 358 186 1132 356 187 1133 357 236 1134 361 235 1135 358 187 1136 357 187 1137 357 188 1138 360 236 1139 361 236 1140 361 189 1141 362 237 1142 363 189 1143 362 236 1144 361 188 1145 360 190 1146 364 238 1147 365 189 1148 362 189 1149 362 238 1150 365 237 1151 363 191 1152 366 238 1153 365 190 1154 364 238 1155 365 191 1156 366 239 1157 367 240 1158 369 191 1159 366 192 1160 368 191 1161 366 240 1162 369 239 1163 367 240 1164 369 193 1165 370 241 1166 371 193 1167 370 240 1168 369 192 1169 368 241 1170 371 194 1171 372 242 1172 373 194 1173 372 241 1174 371 193 1175 370 195 1176 374 243 1177 375 194 1178 372 194 1179 372 243 1180 375 242 1181 373 244 1182 377 195 1183 374 196 1184 376 195 1185 374 244 1186 377 243 1187 375 245 1188 379 196 1189 376 197 1190 378 196 1191 376 245 1192 379 244 1193 377 197 1194 378 246 1195 381 245 1196 379 246 1197 381 197 1198 378 198 1199 380 246 1200 381 199 1201 382 247 1202 383 199 1203 382 246 1204 381 198 1205 380 247 1206 383 200 1207 384 248 1208 385 200 1209 384 247 1210 383 199 1211 382 201 1212 386 248 1213 385 200 1214 384 248 1215 385 201 1216 386 249 1217 387 234 1218 359 201 1219 386 186 1220 356 201 1221 386 234 1222 359 249 1223 387 235 1224 358 250 1225 389 234 1226 359 250 1227 389 235 1228 358 251 1229 388 251 1230 388 236 1231 361 252 1232 390 236 1233 361 251 1234 388 235 1235 358 237 1236 363 253 1237 542 236 1238 361 252 1239 390 236 1240 361 253 1241 542 238 1242 365 254 1243 543 237 1244 363 237 1245 363 254 1246 543 253 1247 542 239 1248 367 254 1249 543 238 1250 365 254 1251 543 239 1252 367 255 1253 790 240 1254 369 255 1255 790 239 1256 367 255 1257 790 240 1258 369 256 1259 791 256 1260 791 240 1261 369 257 1262 792 240 1263 369 241 1264 371 257 1265 792 242 1266 373 258 1267 793 241 1268 371 257 1269 792 241 1270 371 258 1271 793 243 1272 375 259 1273 796 242 1274 373 258 1275 793 242 1276 373 259 1277 796 260 1278 797 243 1279 375 244 1280 377 243 1281 375 260 1282 797 259 1283 796 261 1284 798 244 1285 377 245 1286 379 244 1287 377 261 1288 798 260 1289 797 261 1290 798 246 1291 381 262 1292 799 246 1293 381 261 1294 798 245 1295 379 262 1296 799 246 1297 381 263 1298 800 246 1299 381 247 1300 383 263 1301 800 248 1302 385 263 1303 800 247 1304 383 263 1305 800 248 1306 385 264 1307 801 249 1308 387 264 1309 801 248 1310 385 264 1311 801 249 1312 387 265 1313 802 234 1314 359 265 1315 802 249 1316 387 265 1317 802 234 1318 359 250 1319 389 250 1320 389 251 1321 388 266 1322 803 251 1323 388 252 1324 390 266 1325 803 252 1326 390 253 1327 542 266 1328 803 253 1329 542 254 1330 543 266 1331 803 254 1332 543 255 1333 790 266 1334 803 255 1335 790 256 1336 791 266 1337 803 256 1338 791 257 1339 792 266 1340 803 257 1341 792 258 1342 793 266 1343 803 258 1344 793 259 1345 796 266 1346 803 259 1347 796 260 1348 797 266 1349 803 260 1350 797 261 1351 798 266 1352 803 261 1353 798 262 1354 799 266 1355 803 262 1356 799 263 1357 800 266 1358 803 263 1359 800 264 1360 801 266 1361 803 264 1362 801 265 1363 802 266 1364 803 265 1365 802 250 1366 389 266 1367 803 269 1368 393 270 1369 394 267 1370 391 269 1371 393 267 1372 391 268 1373 392 269 1374 393 271 1375 395 272 1376 396 271 1377 395 269 1378 393 268 1379 392 274 1380 398 272 1381 396 271 1382 395 274 1383 398 271 1384 395 273 1385 397 276 1386 400 274 1387 398 273 1388 397 276 1389 400 273 1390 397 275 1391 399 278 1392 402 276 1393 400 275 1394 399 278 1395 402 275 1396 399 277 1397 401 280 1398 404 278 1399 402 277 1400 401 280 1401 404 277 1402 401 279 1403 403 282 1404 406 280 1405 404 279 1406 403 282 1407 406 279 1408 403 281 1409 405 284 1410 408 282 1411 406 281 1412 405 284 1413 408 281 1414 405 283 1415 407 284 1416 408 285 1417 409 286 1418 410 285 1419 409 284 1420 408 283 1421 407 288 1422 412 286 1423 410 285 1424 409 288 1425 412 285 1426 409 287 1427 411 290 1428 414 288 1429 412 287 1430 411 290 1431 414 287 1432 411 289 1433 413 292 1434 416 290 1435 414 289 1436 413 292 1437 416 289 1438 413 291 1439 415 294 1440 418 292 1441 416 291 1442 415 294 1443 418 291 1444 415 293 1445 417 294 1446 418 295 1447 419 296 1448 420 295 1449 419 294 1450 418 293 1451 417 298 1452 422 296 1453 420 295 1454 419 298 1455 422 295 1456 419 297 1457 421 270 1458 851 298 1459 422 297 1460 421 270 1461 851 297 1462 421 267 1463 850 300 1464 426 269 1465 424 299 1466 425 269 1467 424 300 1468 426 270 1469 423 299 1470 425 272 1471 427 301 1472 428 272 1473 427 299 1474 425 269 1475 424 301 1476 428 272 1477 427 302 1478 430 272 1479 427 274 1480 429 302 1481 430 276 1482 431 303 1483 432 274 1484 429 274 1485 429 303 1486 432 302 1487 430 278 1488 433 303 1489 432 276 1490 431 303 1491 432 278 1492 433 304 1493 434 280 1494 435 304 1495 434 278 1496 433 304 1497 434 280 1498 435 305 1499 436 280 1500 435 306 1501 438 305 1502 436 306 1503 438 280 1504 435 282 1505 437 306 1506 438 282 1507 437 307 1508 440 282 1509 437 284 1510 439 307 1511 440 286 1512 441 307 1513 440 284 1514 439 307 1515 440 286 1516 441 308 1517 442 288 1518 443 308 1519 442 286 1520 441 308 1521 442 288 1522 443 309 1523 444 310 1524 446 288 1525 443 290 1526 445 288 1527 443 310 1528 446 309 1529 444 310 1530 446 292 1531 447 311 1532 448 292 1533 447 310 1534 446 290 1535 445 311 1536 448 292 1537 447 312 1538 450 292 1539 447 294 1540 449 312 1541 450 312 1542 450 296 1543 451 313 1544 452 296 1545 451 312 1546 450 294 1547 449 298 1548 453 314 1549 454 296 1550 451 296 1551 451 314 1552 454 313 1553 452 300 1554 426 298 1555 453 270 1556 423 298 1557 453 300 1558 426 314 1559 454 299 1560 425 316 1561 456 300 1562 426 316 1563 456 299 1564 425 315 1565 455 315 1566 455 301 1567 428 317 1568 457 301 1569 428 315 1570 455 299 1571 425 302 1572 430 317 1573 457 301 1574 428 317 1575 457 302 1576 430 318 1577 836 303 1578 432 319 1579 837 302 1580 430 302 1581 430 319 1582 837 318 1583 836 304 1584 434 319 1585 837 303 1586 432 319 1587 837 304 1588 434 320 1589 838 321 1590 839 304 1591 434 305 1592 436 304 1593 434 321 1594 839 320 1595 838 321 1596 839 305 1597 436 322 1598 840 305 1599 436 306 1600 438 322 1601 840 307 1602 440 323 1603 841 306 1604 438 322 1605 840 306 1606 438 323 1607 841 308 1608 442 324 1609 842 307 1610 440 323 1611 841 307 1612 440 324 1613 842 325 1614 843 308 1615 442 309 1616 444 308 1617 442 325 1618 843 324 1619 842 326 1620 844 309 1621 444 310 1622 446 309 1623 444 326 1624 844 325 1625 843 326 1626 844 311 1627 448 327 1628 845 311 1629 448 326 1630 844 310 1631 446 327 1632 845 311 1633 448 328 1634 846 311 1635 448 312 1636 450 328 1637 846 313 1638 452 328 1639 846 312 1640 450 328 1641 846 313 1642 452 329 1643 847 314 1644 454 329 1645 847 313 1646 452 329 1647 847 314 1648 454 330 1649 848 300 1650 426 330 1651 848 314 1652 454 330 1653 848 300 1654 426 316 1655 456 316 1656 456 315 1657 455 331 1658 849 315 1659 455 317 1660 457 331 1661 849 317 1662 457 318 1663 836 331 1664 849 318 1665 836 319 1666 837 331 1667 849 319 1668 837 320 1669 838 331 1670 849 320 1671 838 321 1672 839 331 1673 849 321 1674 839 322 1675 840 331 1676 849 322 1677 840 323 1678 841 331 1679 849 323 1680 841 324 1681 842 331 1682 849 324 1683 842 325 1684 843 331 1685 849 325 1686 843 326 1687 844 331 1688 849 326 1689 844 327 1690 845 331 1691 849 327 1692 845 328 1693 846 331 1694 849 328 1695 846 329 1696 847 331 1697 849 329 1698 847 330 1699 848 331 1700 849 330 1701 848 316 1702 456 331 1703 849 364 1704 504 219 1705 326 218 1706 286 219 1707 326 364 1708 504 365 1709 505 218 1710 286 366 1711 506 364 1712 504 366 1713 506 218 1714 286 220 1715 328 366 1716 506 221 1717 332 367 1718 507 221 1719 332 366 1720 506 220 1721 328 367 1722 507 222 1723 335 368 1724 508 222 1725 335 367 1726 507 221 1727 332 369 1728 739 222 1729 335 223 1730 339 222 1731 335 369 1732 739 368 1733 508 223 1734 339 370 1735 742 369 1736 739 370 1737 742 223 1738 339 224 1739 343 370 1740 742 225 1741 347 371 1742 746 225 1743 347 370 1744 742 224 1745 343 371 1746 746 226 1747 351 372 1748 747 226 1749 351 371 1750 746 225 1751 347 373 1752 748 226 1753 351 227 1754 355 226 1755 351 373 1756 748 372 1757 747 227 1758 355 374 1759 749 373 1760 748 374 1761 749 227 1762 355 228 1763 493 374 1764 749 229 1765 495 375 1766 750 229 1767 495 374 1768 749 228 1769 493 375 1770 750 230 1771 779 376 1772 780 230 1773 779 375 1774 750 229 1775 495 377 1776 752 230 1777 497 231 1778 499 230 1779 497 377 1780 752 376 1781 751 231 1782 499 378 1783 753 377 1784 752 378 1785 753 231 1786 499 232 1787 501 378 1788 753 233 1789 503 379 1790 754 233 1791 503 378 1792 753 232 1793 501 379 1794 754 219 1795 326 365 1796 505 219 1797 326 379 1798 754 233 1799 503 349 1800 461 332 1801 459 348 1802 460 332 1803 459 349 1804 461 333 1805 458 348 1806 460 334 1807 462 350 1808 463 334 1809 462 348 1810 460 332 1811 459 335 1812 464 351 1813 465 334 1814 462 350 1815 463 334 1816 462 351 1817 465 336 1818 466 352 1819 467 335 1820 464 335 1821 464 352 1822 467 351 1823 465 337 1824 468 352 1825 467 336 1826 466 352 1827 467 337 1828 468 353 1829 469 338 1830 470 353 1831 469 337 1832 468 353 1833 469 338 1834 470 354 1835 471 338 1836 470 339 1837 472 355 1838 473 338 1839 470 355 1840 473 354 1841 471 355 1842 473 339 1843 472 356 1844 475 339 1845 472 340 1846 474 356 1847 475 341 1848 476 357 1849 477 340 1850 474 356 1851 475 340 1852 474 357 1853 477 342 1854 478 357 1855 477 341 1856 476 357 1857 477 342 1858 478 358 1859 479 359 1860 481 342 1861 478 343 1862 480 342 1863 478 359 1864 481 358 1865 479 359 1866 481 344 1867 482 360 1868 483 344 1869 482 359 1870 481 343 1871 480 360 1872 483 344 1873 482 361 1874 485 344 1875 482 345 1876 484 361 1877 485 346 1878 486 361 1879 485 345 1880 484 361 1881 485 346 1882 486 362 1883 487 347 1884 488 362 1885 487 346 1886 486 362 1887 487 347 1888 488 363 1889 489 333 1890 458 363 1891 489 347 1892 488 363 1893 489 333 1894 458 349 1895 461 333 1896 756 365 1897 505 332 1898 755 332 1899 755 365 1900 505 364 1901 504 332 1902 755 364 1903 504 334 1904 757 334 1905 757 364 1906 504 366 1907 506 334 1908 757 367 1909 507 335 1910 758 367 1911 507 334 1912 757 366 1913 506 335 1914 758 368 1915 508 336 1916 759 368 1917 508 335 1918 758 367 1919 507 336 1920 759 368 1921 508 337 1922 760 337 1923 760 368 1924 508 369 1925 739 337 1926 760 369 1927 739 338 1928 761 338 1929 761 369 1930 739 370 1931 742 338 1932 761 371 1933 746 339 1934 762 371 1935 746 338 1936 761 370 1937 742 339 1938 762 372 1939 747 340 1940 763 372 1941 747 339 1942 762 371 1943 746 340 1944 763 372 1945 747 341 1946 764 341 1947 764 372 1948 747 373 1949 748 341 1950 764 373 1951 748 342 1952 765 342 1953 765 373 1954 748 374 1955 749 342 1956 765 375 1957 750 343 1958 766 375 1959 750 342 1960 765 374 1961 749 343 1962 766 376 1963 781 344 1964 782 376 1965 781 343 1966 766 375 1967 750 344 1968 767 376 1969 751 345 1970 768 345 1971 768 376 1972 751 377 1973 752 345 1974 768 377 1975 752 346 1976 769 346 1977 769 377 1978 752 378 1979 753 346 1980 769 379 1981 754 347 1982 770 379 1983 754 346 1984 769 378 1985 753 347 1986 770 365 1987 505 333 1988 756 365 1989 505 347 1990 770 379 1991 754 349 1992 461 348 1993 460 380 1994 490 348 1995 460 350 1996 463 380 1997 490 350 1998 463 351 1999 465 380 2000 490 351 2001 465 352 2002 467 380 2003 490 352 2004 467 353 2005 469 380 2006 490 353 2007 469 354 2008 471 380 2009 490 354 2010 471 355 2011 473 380 2012 490 355 2013 473 356 2014 475 380 2015 490 356 2016 475 357 2017 477 380 2018 490 357 2019 477 358 2020 479 380 2021 490 358 2022 479 359 2023 481 380 2024 490 359 2025 481 360 2026 483 380 2027 490 360 2028 483 361 2029 485 380 2030 490 361 2031 485 362 2032 487 380 2033 490 362 2034 487 363 2035 489 380 2036 490 363 2037 489 349 2038 461 380 2039 490 382 2040 324 381 2041 325 202 2042 322 382 2043 324 202 2044 322 203 2045 323 204 2046 330 382 2047 324 203 2048 323 382 2049 324 204 2050 330 383 2051 331 205 2052 334 383 2053 331 204 2054 330 383 2055 331 205 2056 334 384 2057 336 205 2058 334 206 2059 338 385 2060 340 205 2061 334 385 2062 340 384 2063 336 386 2064 344 385 2065 340 206 2066 338 206 2067 338 207 2068 342 386 2069 344 386 2070 344 208 2071 346 387 2072 348 208 2073 346 386 2074 344 207 2075 342 387 2076 348 209 2077 350 388 2078 352 209 2079 350 387 2080 348 208 2081 346 389 2082 491 209 2083 350 210 2084 354 209 2085 350 389 2086 491 388 2087 352 211 2088 509 389 2089 491 210 2090 354 389 2091 491 211 2092 509 390 2093 771 390 2094 771 212 2095 772 391 2096 773 212 2097 772 390 2098 771 211 2099 509 392 2100 775 391 2101 773 212 2102 772 392 2103 775 212 2104 772 213 2105 774 393 2106 783 392 2107 775 213 2108 774 393 2109 783 213 2110 774 214 2111 776 394 2112 785 214 2113 776 215 2114 784 214 2115 776 394 2116 785 393 2117 783 395 2118 787 215 2119 784 216 2120 786 215 2121 784 395 2122 787 394 2123 785 216 2124 786 217 2125 788 396 2126 789 216 2127 786 396 2128 789 395 2129 787 381 2130 325 396 2131 789 217 2132 788 381 2133 325 217 2134 788 202 2135 322 382 2136 511 398 2137 512 381 2138 510 381 2139 510 398 2140 512 397 2141 513 383 2142 514 399 2143 515 382 2144 511 382 2145 511 399 2146 515 398 2147 512 384 2148 516 400 2149 517 383 2150 514 383 2151 514 400 2152 517 399 2153 515 385 2154 518 401 2155 519 384 2156 794 384 2157 794 401 2158 519 400 2159 795 386 2160 520 401 2161 519 385 2162 518 401 2163 519 386 2164 520 402 2165 521 387 2166 522 403 2167 523 386 2168 520 386 2169 520 403 2170 523 402 2171 521 388 2172 524 404 2173 525 387 2174 522 387 2175 522 404 2176 525 403 2177 523 389 2178 526 404 2179 525 388 2180 524 404 2181 525 389 2182 526 405 2183 527 390 2184 528 406 2185 529 389 2186 526 389 2187 526 406 2188 529 405 2189 527 407 2190 531 390 2191 528 391 2192 530 390 2193 528 407 2194 531 406 2195 529 408 2196 533 391 2197 530 392 2198 532 391 2199 530 408 2200 533 407 2201 531 393 2202 534 409 2203 535 392 2204 532 392 2205 532 409 2206 535 408 2207 533 394 2208 536 410 2209 537 393 2210 534 393 2211 534 410 2212 537 409 2213 535 395 2214 538 411 2215 539 394 2216 536 394 2217 536 411 2218 539 410 2219 537 396 2220 540 412 2221 541 395 2222 538 395 2223 538 412 2224 541 411 2225 539 381 2226 510 397 2227 513 396 2228 540 396 2229 540 397 2230 513 412 2231 541 171 2232 544 170 2233 804 413 2234 805 172 2235 806 171 2236 544 413 2237 805 173 2238 807 172 2239 806 413 2240 805 174 2241 808 173 2242 807 413 2243 805 175 2244 809 174 2245 808 413 2246 805 176 2247 810 175 2248 809 413 2249 805 177 2250 811 176 2251 810 413 2252 805 178 2253 812 177 2254 811 413 2255 805 179 2256 813 178 2257 812 413 2258 805 180 2259 814 179 2260 813 413 2261 805 181 2262 815 180 2263 814 413 2264 805 182 2265 816 181 2266 815 413 2267 805 183 2268 817 182 2269 816 413 2270 805 184 2271 818 183 2272 817 413 2273 805 185 2274 819 184 2275 818 413 2276 805 170 2277 804 185 2278 819 413 2279 805 268 2280 320 267 2281 321 414 2282 545 271 2283 820 268 2284 320 414 2285 545 273 2286 821 271 2287 820 414 2288 545 275 2289 824 273 2290 821 414 2291 545 277 2292 825 275 2293 824 414 2294 545 279 2295 826 277 2296 825 414 2297 545 281 2298 827 279 2299 826 414 2300 545 283 2301 828 281 2302 827 414 2303 545 285 2304 829 283 2305 828 414 2306 545 287 2307 830 285 2308 829 414 2309 545 289 2310 831 287 2311 830 414 2312 545 291 2313 832 289 2314 831 414 2315 545 293 2316 833 291 2317 832 414 2318 545 295 2319 834 293 2320 833 414 2321 545 297 2322 835 295 2323 834 414 2324 545 267 2325 321 297 2326 835 414 2327 545 73 2328 721 416 2329 723 72 2330 722 72 2331 722 416 2332 723 415 2333 724 415 2334 726 158 2335 546 72 2336 134 158 2337 546 415 2338 726 417 2339 727 158 2340 277 418 2341 730 160 2342 547 418 2343 730 158 2344 277 417 2345 729 36 2346 205 34 2347 196 420 2348 208 36 2349 205 420 2350 208 419 2351 207 37 2352 227 420 2353 208 34 2354 196 420 2355 208 37 2356 227 421 2357 225 37 2358 227 38 2359 228 422 2360 226 37 2361 227 422 2362 226 421 2363 225 419 2364 207 422 2365 226 38 2366 228 38 2367 228 36 2368 205 419 2369 207 424 2370 75 39 2371 660 40 2372 661 39 2373 660 424 2374 75 423 2375 74 425 2376 78 424 2377 75 40 2378 661 40 2379 661 45 2380 85 425 2381 78 45 2382 85 44 2383 84 426 2384 79 45 2385 85 426 2386 79 425 2387 78 423 2388 74 44 2389 84 39 2390 660 44 2391 84 423 2392 74 426 2393 79 137 2394 270 427 2395 275 135 2396 271 427 2397 275 137 2398 270 428 2399 272 429 2400 273 137 2401 270 140 2402 548 137 2403 270 429 2404 273 428 2405 272 139 2406 549 429 2407 273 140 2408 548 429 2409 273 139 2410 549 430 2411 274 139 2412 549 135 2413 271 427 2414 275 139 2415 549 427 2416 275 430 2417 274 432 2418 238 431 2419 237 144 2420 662 144 2421 662 143 2422 249 432 2423 238 147 2424 254 432 2425 238 143 2426 249 432 2427 238 147 2428 254 433 2429 241 145 2430 663 433 2431 241 147 2432 254 433 2433 241 145 2434 663 434 2435 242 431 2436 237 145 2437 663 144 2438 662 145 2439 663 431 2440 237 434 2441 242 435 2442 550 136 2443 565 436 2444 551 136 2445 565 435 2446 550 34 2447 564 437 2448 558 436 2449 551 136 2450 565 136 2451 565 135 2452 566 437 2453 558 139 2454 567 437 2455 558 135 2456 566 437 2457 558 139 2458 567 438 2459 559 138 2460 568 438 2461 559 139 2462 567 438 2463 559 138 2464 568 439 2465 556 138 2466 568 37 2467 569 440 2468 557 138 2469 568 440 2470 557 439 2471 556 37 2472 569 34 2473 564 435 2474 550 37 2475 569 435 2476 550 440 2477 557 41 2478 572 441 2479 80 40 2480 264 441 2481 80 41 2482 572 442 2483 81 41 2484 572 145 2485 573 443 2486 251 41 2487 572 443 2488 251 442 2489 81 145 2490 573 147 2491 255 444 2492 252 145 2493 573 444 2494 252 443 2495 251 444 2496 252 148 2497 91 445 2498 86 148 2499 91 444 2500 252 147 2501 255 446 2502 87 445 2503 86 148 2504 91 148 2505 91 45 2506 90 446 2507 87 40 2508 264 446 2509 87 45 2510 90 446 2511 87 40 2512 264 441 2513 80 448 2514 260 449 2515 262 447 2516 259 449 2517 262 448 2518 260 450 2519 261 451 2520 265 452 2521 266 450 2522 261 451 2523 265 450 2524 261 448 2525 260 447 2526 259 449 2527 262 454 2528 580 447 2529 259 454 2530 580 453 2531 267 454 2532 580 455 2533 581 453 2534 267 455 2535 581 454 2536 580 456 2537 582 455 2538 581 456 2539 582 458 2540 585 455 2541 581 458 2542 585 457 2543 586 461 2544 594 462 2545 595 459 2546 592 459 2547 592 460 2548 593 461 2549 594 463 2550 714 464 2551 715 459 2552 713 459 2553 713 464 2554 715 460 2555 716 464 2556 717 463 2557 711 465 2558 596 465 2559 596 466 2560 597 464 2561 717 466 2562 719 465 2563 720 462 2564 598 462 2565 598 461 2566 599 466 2567 719 469 2568 600 471 2569 601 472 2570 602 469 2571 600 472 2572 602 470 2573 603 471 2574 601 473 2575 604 474 2576 605 471 2577 601 474 2578 605 472 2579 602 474 2580 605 475 2581 606 476 2582 607 475 2583 606 474 2584 605 473 2585 604 476 2586 607 477 2587 608 478 2588 609 477 2589 608 476 2590 607 475 2591 606 480 2592 611 478 2593 609 477 2594 608 480 2595 611 477 2596 608 479 2597 610 482 2598 613 480 2599 611 479 2600 610 482 2601 613 479 2602 610 481 2603 612 483 2604 614 482 2605 613 481 2606 612 482 2607 613 483 2608 614 484 2609 615 467 2610 616 484 2611 615 483 2612 614 484 2613 615 467 2614 616 468 2615 617 472 2616 584 487 2617 587 470 2618 583 470 2619 583 487 2620 587 486 2621 588 474 2622 589 487 2623 587 472 2624 584 487 2625 587 474 2626 589 488 2627 590 476 2628 591 488 2629 590 474 2630 589 488 2631 590 476 2632 591 489 2633 672 489 2634 672 478 2635 673 490 2636 674 478 2637 673 489 2638 672 476 2639 591 490 2640 674 478 2641 673 491 2642 676 478 2643 673 480 2644 675 491 2645 676 491 2646 676 480 2647 675 492 2648 678 480 2649 675 482 2650 677 492 2651 678 484 2652 679 493 2653 680 482 2654 677 482 2655 677 493 2656 680 492 2657 678 468 2658 681 493 2659 680 484 2660 679 493 2661 680 468 2662 681 485 2663 682 495 2664 621 487 2665 619 496 2666 620 487 2667 619 495 2668 621 486 2669 618 496 2670 620 488 2671 622 497 2672 623 488 2673 622 496 2674 620 487 2675 619 498 2676 625 497 2677 623 488 2678 622 498 2679 625 488 2680 622 489 2681 624 499 2682 627 498 2683 625 489 2684 624 499 2685 627 489 2686 624 490 2687 626 499 2688 627 491 2689 628 500 2690 629 491 2691 628 499 2692 627 490 2693 626 500 2694 629 492 2695 630 501 2696 631 492 2697 630 500 2698 629 491 2699 628 502 2700 633 501 2701 631 492 2702 630 502 2703 633 492 2704 630 493 2705 632 494 2706 635 502 2707 633 493 2708 632 494 2709 635 493 2710 632 485 2711 634 467 2712 685 483 2713 686 494 2714 684 494 2715 684 483 2716 686 502 2717 683 481 2718 688 502 2719 683 483 2720 686 502 2721 683 481 2722 688 501 2723 687 479 2724 690 501 2725 687 481 2726 688 479 2727 690 500 2728 689 501 2729 687 499 2730 691 500 2731 689 477 2732 692 500 2733 689 479 2734 690 477 2735 692 477 2736 692 498 2737 693 499 2738 691 498 2739 693 477 2740 692 475 2741 694 475 2742 694 497 2743 695 498 2744 693 475 2745 694 473 2746 696 497 2747 695 473 2748 696 471 2749 698 496 2750 697 473 2751 696 496 2752 697 497 2753 695 469 2754 700 495 2755 699 471 2756 698 495 2757 699 496 2758 697 471 2759 698 494 2760 702 485 2761 703 467 2762 701 467 2763 701 485 2764 703 468 2765 704 469 2766 708 486 2767 706 495 2768 707 486 2769 706 469 2770 708 470 2771 705 459 2772 712 462 2773 709 465 2774 596 459 2775 712 465 2776 596 463 2777 711 78 2778 140 75 2779 731 76 2780 733 75 2781 731 77 2782 732 76 2783 733 162 2784 734 163 2785 282 165 2786 735 162 2787 734 165 2788 735 164 2789 736</p></triangles>
      </mesh>
    </geometry>
  </library_geometries>
  <library_visual_scenes>
    <visual_scene id="cca" name="cca">
      <node name="hull" id="hull" sid="hull"><matrix sid="matrix">1.000000 0.000000 0.000000 0.000000 0.000000 0.000000 1.000000 0.000000 0.000000 -1.000000 0.000000 0.000000 0.000000 0.000000 0.000000 1.000000</matrix><instance_geometry url="#hull-lib"><bind_material><technique_common><instance_material symbol="cca" target="#cca"/></technique_common></bind_material></instance_geometry><extra><technique profile="FCOLLADA"><visibility>1.000000</visibility></technique></extra></node>
      <extra><technique profile="MAX3D"><frame_rate>30.000000</frame_rate></technique><technique profile="FCOLLADA"><start_time>0.000000</start_time><end_time>3.333333</end_time></technique></extra>
    </visual_scene>
  </library_visual_scenes>
  <scene>
    <instance_visual_scene url="#cca"></instance_visual_scene>
  </scene>
</COLLADA>
