<?xml version="1.0" encoding="utf-8"?>
<COLLADA xmlns="http://www.collada.org/2005/11/COLLADASchema" version="1.4.1">
  <asset><contributor><author></author><authoring_tool>FBX COLLADA exporter</authoring_tool><comments></comments></contributor><created>2020-09-09T17:34:05Z</created><keywords></keywords><modified>2020-09-09T17:34:05Z</modified><revision></revision><subject></subject><title></title><unit meter="1.000000" name="centimeter"></unit><up_axis>Y_UP</up_axis></asset>
  <library_images>
    <image id="Map #2-image" name="Map #2"><init_from>file://c-337.dds.png</init_from></image>
    <image id="Map #3-image" name="Map #3"><init_from>file://prop_1.dds.png</init_from></image>
  </library_images>
  <library_materials>
    <material id="c-337" name="c-337">
      <instance_effect url="#c-337-fx"/>
    </material>
    <material id="prop_1" name="prop_1">
      <instance_effect url="#prop_1-fx"/>
    </material>
  </library_materials>
  <library_effects>
    <effect id="c-337-fx" name="c-337">
      <profile_COMMON>
        <technique sid="standard">
          <phong>
            <emission>
              <color sid="emission">0.000000  0.000000 0.000000 1.000000</color>
            </emission>
            <ambient>
              <color sid="ambient">0.588000  0.588000 0.588000 1.000000</color>
            </ambient>
            <diffuse>
              <texture texture="Map #2-image" texcoord="CHANNEL0">
                <extra>
                  <technique profile="MAYA">
                    <wrapU sid="wrapU0">TRUE</wrapU>
                    <wrapV sid="wrapV0">TRUE</wrapV>
                    <blend_mode>ADD</blend_mode>
                  </technique>
                </extra>
              </texture>
            </diffuse>
            <specular>
              <color sid="specular">0.000000  0.000000 0.000000 1.000000</color>
            </specular>
            <shininess>
              <float sid="shininess">2.000000</float>
            </shininess>
            <reflective>
              <color sid="reflective">0.000000  0.000000 0.000000 1.000000</color>
            </reflective>
            <reflectivity>
              <float sid="reflectivity">1.000000</float>
            </reflectivity>
            <transparent opaque="RGB_ZERO">
              <color sid="transparent">1.000000  1.000000 1.000000 1.000000</color>
            </transparent>
            <transparency>
              <float sid="transparency">0.000000</float>
            </transparency>
          </phong>
        </technique>
      </profile_COMMON>
    </effect>
    <effect id="prop_1-fx" name="prop_1">
      <profile_COMMON>
        <technique sid="standard">
          <phong>
            <emission>
              <color sid="emission">0.000000  0.000000 0.000000 1.000000</color>
            </emission>
            <ambient>
              <color sid="ambient">0.588000  0.588000 0.588000 1.000000</color>
            </ambient>
            <diffuse>
              <texture texture="Map #3-image" texcoord="CHANNEL0">
                <extra>
                  <technique profile="MAYA">
                    <wrapU sid="wrapU0">TRUE</wrapU>
                    <wrapV sid="wrapV0">TRUE</wrapV>
                    <blend_mode>ADD</blend_mode>
                  </technique>
                </extra>
              </texture>
            </diffuse>
            <specular>
              <color sid="specular">0.000000  0.000000 0.000000 1.000000</color>
            </specular>
            <shininess>
              <float sid="shininess">2.000000</float>
            </shininess>
            <reflective>
              <color sid="reflective">0.000000  0.000000 0.000000 1.000000</color>
            </reflective>
            <reflectivity>
              <float sid="reflectivity">1.000000</float>
            </reflectivity>
            <transparent opaque="RGB_ZERO">
              <color sid="transparent">1.000000  1.000000 1.000000 1.000000</color>
            </transparent>
            <transparency>
              <float sid="transparency">0.000000</float>
            </transparency>
          </phong>
        </technique>
      </profile_COMMON>
    </effect>
  </library_effects>
  <library_geometries>
    <geometry id="hull-lib" name="hullMesh">
      <mesh>
        <source id="hull-POSITION">
          <float_array id="hull-POSITION-array" count="3411">
0.602330 1.327023 -0.819530
0.586544 1.638746 -0.819529
0.519751 1.903013 -0.819530
0.311723 2.079590 -0.819530
-0.000000 2.141596 -0.819530
-0.311724 2.079590 -0.819530
-0.519751 1.903013 -0.819530
-0.586544 1.638746 -0.819530
-0.602331 1.327023 -0.819530
-0.586544 1.015300 -0.819530
-0.519751 0.751033 -0.819530
-0.311724 0.574456 -0.819530
-0.000000 0.512451 -0.819530
0.311723 0.574456 -0.819530
0.519751 0.751034 -0.819530
0.586544 1.015300 -0.819530
0.602330 1.327023 0.494460
0.586544 1.638747 0.494460
0.519751 1.903013 0.494460
0.311723 2.079590 0.494460
-0.000000 2.141596 0.494460
-0.311724 2.079590 0.494460
-0.519751 1.903013 0.494460
-0.586544 1.638747 0.494460
-0.602331 1.327023 0.494460
-0.586544 1.015300 0.494460
-0.519751 0.751034 0.494460
-0.311724 0.574456 0.494460
-0.000000 0.512451 0.494460
0.311723 0.574456 0.494460
0.519751 0.751034 0.494460
0.586544 1.015300 0.494460
0.602330 1.314017 0.939435
0.586544 1.604738 0.939434
0.519751 1.851198 0.939434
0.311723 2.015878 0.939435
-0.000000 2.073705 0.939434
-0.311724 2.015878 0.939434
-0.519751 1.851198 0.939434
-0.586544 1.604738 0.939434
-0.602330 1.314018 0.939435
-0.586544 1.023298 0.939435
-0.519751 0.776837 0.939434
-0.311724 0.612157 0.939435
-0.000000 0.554329 0.939434
0.311723 0.612157 0.939434
0.519751 0.776837 0.939434
0.586544 1.023298 0.939434
0.602330 1.215112 1.551452
0.586544 1.419595 1.551450
0.519751 1.592947 1.551450
0.311723 1.708777 1.551450
0.000000 1.749451 1.551450
-0.311723 1.708777 1.551450
-0.519751 1.592947 1.551450
-0.586544 1.419595 1.551450
-0.602330 1.215112 1.551450
-0.586544 1.010630 1.551450
-0.519751 0.837278 1.551450
-0.311724 0.721447 1.551450
0.000000 0.680773 1.551450
0.311724 0.721447 1.551449
0.519751 0.837278 1.551449
0.586544 1.010630 1.551449
0.517929 1.190690 2.328968
0.504355 1.362358 2.328967
0.446921 1.507892 2.328966
0.268044 1.605134 2.328967
0.000000 1.639281 2.328967
-0.268043 1.605134 2.328966
-0.446921 1.507892 2.328967
-0.504355 1.362358 2.328967
-0.517929 1.190690 2.328968
-0.504355 1.019021 2.328967
-0.446921 0.873488 2.328967
-0.268043 0.776245 2.328967
0.000000 0.742098 2.328967
0.268044 0.776245 2.328967
0.446922 0.873488 2.328967
0.504355 1.019021 2.328966
0.339643 1.275047 2.773289
0.330741 1.382704 2.773288
0.293078 1.473971 2.773288
0.175775 1.534954 2.773289
0.000000 1.556368 2.773288
-0.175775 1.534954 2.773288
-0.293077 1.473971 2.773288
-0.330741 1.382704 2.773289
-0.339642 1.275047 2.773289
-0.330741 1.167390 2.773288
-0.293077 1.076123 2.773289
-0.175775 1.015140 2.773289
0.000000 0.993726 2.773288
0.175775 1.015140 2.773288
0.293078 1.076123 2.773288
0.330741 1.167390 2.773288
0.456138 1.190334 2.551129
0.444183 1.349762 2.551128
0.393602 1.484918 2.551128
0.236065 1.575227 2.551128
0.000000 1.606939 2.551127
-0.236064 1.575227 2.551128
-0.393601 1.484918 2.551128
-0.444183 1.349762 2.551128
-0.456137 1.190334 2.551129
-0.444183 1.030906 2.551128
-0.393601 0.895749 2.551128
-0.236064 0.805440 2.551129
0.000000 0.773728 2.551128
0.236065 0.805440 2.551128
0.393602 0.895749 2.551127
0.444183 1.030906 2.551127
0.196189 1.310079 2.858020
0.191047 1.385228 2.858019
0.169292 1.448936 2.858018
0.101534 1.491504 2.858020
0.000000 1.506452 2.858019
-0.101533 1.491504 2.858019
-0.169291 1.448936 2.858019
-0.191047 1.385228 2.858019
-0.196188 1.310079 2.858020
-0.191047 1.234930 2.858019
-0.169291 1.171221 2.858019
-0.101533 1.128653 2.858020
0.000000 1.113705 2.858019
0.101534 1.128653 2.858019
0.169292 1.171221 2.858018
0.191047 1.234930 2.858018
0.408512 1.219722 2.668688
0.397805 1.360852 2.668687
0.352505 1.480495 2.668686
0.211417 1.560438 2.668687
0.000000 1.588510 2.668687
-0.211416 1.560438 2.668687
-0.352504 1.480495 2.668687
-0.397805 1.360852 2.668687
-0.408511 1.219722 2.668688
-0.397805 1.078593 2.668687
-0.352505 0.958950 2.668687
-0.211416 0.879007 2.668688
0.000000 0.850934 2.668687
0.211417 0.879007 2.668687
0.352505 0.958950 2.668687
0.397805 1.078594 2.668686
0.602330 1.279400 1.245444
0.586544 1.533851 1.245442
0.519751 1.749564 1.245442
0.311723 1.893698 1.245443
-0.000000 1.944311 1.245442
-0.311724 1.893698 1.245442
-0.519751 1.749564 1.245442
-0.586544 1.533851 1.245442
-0.602330 1.279401 1.245442
-0.586544 1.024950 1.245442
-0.519751 0.809238 1.245442
-0.311724 0.665103 1.245442
0.000000 0.614490 1.245442
0.311723 0.665103 1.245442
0.519751 0.809238 1.245442
0.586544 1.024950 1.245442
0.587254 1.513015 -1.524134
0.571863 1.745700 -1.524134
0.506742 1.942961 -1.524134
0.303921 2.074767 -1.524134
-0.000000 2.121051 -1.524135
-0.303922 2.074767 -1.524135
-0.506743 1.942961 -1.524135
-0.571864 1.745700 -1.524135
-0.587255 1.513015 -1.524135
-0.571864 1.280330 -1.524135
-0.506743 1.083069 -1.524135
-0.303922 0.951263 -1.524135
-0.000000 0.904979 -1.524135
0.303921 0.951263 -1.524135
0.506742 1.083069 -1.524135
0.571863 1.280330 -1.524134
0.303901 1.780325 -2.298651
0.295936 1.879392 -2.298650
0.262236 1.963377 -2.298650
0.157277 2.019494 -2.298650
-0.000000 2.039199 -2.298650
-0.157278 2.019494 -2.298651
-0.262237 1.963377 -2.298651
-0.295937 1.879392 -2.298651
-0.303902 1.780325 -2.298650
-0.295937 1.681258 -2.298651
-0.262238 1.597273 -2.298651
-0.157279 1.541156 -2.298651
-0.000000 1.521451 -2.298651
0.157277 1.541156 -2.298650
0.262236 1.597273 -2.298650
0.295936 1.681258 -2.298650
0.509069 1.641656 -1.911393
0.495727 1.816240 -1.911392
0.439276 1.964245 -1.911392
0.263458 2.063139 -1.911392
-0.000000 2.097866 -1.911393
-0.263459 2.063139 -1.911393
-0.439277 1.964245 -1.911393
-0.495728 1.816240 -1.911393
-0.509070 1.641656 -1.911393
-0.495728 1.467072 -1.911393
-0.439277 1.319067 -1.911393
-0.263459 1.220173 -1.911393
-0.000000 1.185446 -1.911393
0.263458 1.220173 -1.911393
0.439276 1.319067 -1.911392
0.495727 1.467072 -1.911392
0.602909 1.385356 -1.171832
0.587108 1.672367 -1.171832
0.520250 1.915682 -1.171832
0.312023 2.078261 -1.171833
-0.000000 2.135351 -1.171832
-0.312023 2.078261 -1.171832
-0.520251 1.915682 -1.171832
-0.587108 1.672367 -1.171832
-0.602910 1.385357 -1.171832
-0.587108 1.098346 -1.171832
-0.520251 0.855030 -1.171832
-0.312023 0.692452 -1.171832
-0.000000 0.635362 -1.171832
0.312023 0.692452 -1.171832
0.520250 0.855031 -1.171832
0.587108 1.098346 -1.171832
0.197178 1.785463 -2.411544
0.192010 1.867866 -2.411543
0.170144 1.937723 -2.411543
0.102045 1.984401 -2.411543
-0.000001 2.000792 -2.411544
-0.102046 1.984401 -2.411545
-0.170146 1.937723 -2.411545
-0.192011 1.867866 -2.411544
-0.197179 1.785463 -2.411544
-0.192011 1.703060 -2.411544
-0.170146 1.633203 -2.411544
-0.102046 1.586525 -2.411545
-0.000000 1.570135 -2.411545
0.102045 1.586525 -2.411544
0.170145 1.633203 -2.411543
0.192010 1.703061 -2.411543
0.000000 1.310079 2.897265
-0.000001 1.785463 -2.468882
0.167019 1.318860 2.833888
0.154306 1.382776 2.833888
0.118101 1.436960 2.833888
0.063916 1.473166 2.833888
0.000001 1.485879 2.833888
-0.063915 1.473166 2.833888
-0.118099 1.436960 2.833888
-0.154304 1.382776 2.833888
-0.167018 1.318860 2.833888
-0.154305 1.254945 2.833888
-0.118099 1.200760 2.833888
-0.063915 1.164555 2.833888
0.000001 1.151842 2.833888
0.063916 1.164555 2.833888
0.118101 1.200760 2.833888
0.154306 1.254945 2.833888
0.167019 1.318860 2.990150
0.154306 1.382775 2.990150
0.118101 1.436960 2.990150
0.063916 1.473166 2.990150
0.000001 1.485879 2.990150
-0.063915 1.473166 2.990150
-0.118099 1.436960 2.990150
-0.154305 1.382775 2.990150
-0.167018 1.318860 2.990150
-0.154305 1.254945 2.990150
-0.118100 1.200760 2.990150
-0.063915 1.164555 2.990150
0.000001 1.151841 2.990150
0.063916 1.164555 2.990150
0.118101 1.200760 2.990150
0.154306 1.254945 2.990150
0.000001 1.318860 3.337459
0.167018 1.748071 -2.363146
0.154305 1.684156 -2.363146
0.154304 1.684156 -2.519407
0.167018 1.748071 -2.519407
0.118100 1.629971 -2.363146
0.118099 1.629972 -2.519407
0.063915 1.593766 -2.363146
0.063915 1.593766 -2.519407
-0.000000 1.581052 -2.363146
-0.000001 1.581053 -2.519408
-0.063916 1.593766 -2.363146
-0.063916 1.593766 -2.519408
-0.118100 1.629971 -2.363146
-0.118100 1.629972 -2.519408
-0.154305 1.684156 -2.363146
-0.154306 1.684156 -2.519408
-0.167019 1.748071 -2.363146
-0.167019 1.748071 -2.519408
-0.154306 1.811986 -2.363146
-0.154306 1.811987 -2.519408
-0.118100 1.866171 -2.363146
-0.118101 1.866171 -2.519408
-0.063916 1.902376 -2.363146
-0.063916 1.902377 -2.519407
-0.000000 1.915090 -2.363146
-0.000001 1.915090 -2.519407
0.063915 1.902376 -2.363146
0.063915 1.902377 -2.519408
0.118100 1.866171 -2.363146
0.118100 1.866171 -2.519407
0.154305 1.811987 -2.363146
0.154305 1.811987 -2.519407
-0.000001 1.748071 -2.866716
0.060400 1.318860 3.292599
0.055802 1.341974 3.292599
0.042709 1.361569 3.292599
0.023114 1.374662 3.292599
0.000001 1.379259 3.292599
-0.023113 1.374662 3.292599
-0.042708 1.361569 3.292599
-0.055801 1.341974 3.292599
-0.060398 1.318860 3.292599
-0.055801 1.295747 3.292599
-0.042708 1.276152 3.292599
-0.023113 1.263059 3.292599
0.000001 1.258461 3.292599
0.023114 1.263059 3.292600
0.042709 1.276152 3.292599
0.055802 1.295747 3.292599
0.055801 1.724958 -2.821857
0.060398 1.748071 -2.821857
0.042708 1.705363 -2.821857
0.023113 1.692270 -2.821856
-0.000001 1.687672 -2.821856
-0.023114 1.692270 -2.821857
-0.042709 1.705363 -2.821857
-0.055802 1.724958 -2.821857
-0.060400 1.748071 -2.821857
-0.055802 1.771185 -2.821857
-0.042709 1.790780 -2.821857
-0.023114 1.803873 -2.821857
-0.000001 1.808470 -2.821857
0.023113 1.803873 -2.821857
0.042708 1.790780 -2.821856
0.055801 1.771185 -2.821856
0.141566 1.318860 3.105287
0.130790 1.373035 3.105287
0.100102 1.418962 3.105287
0.054175 1.449650 3.105287
0.000001 1.460426 3.105287
-0.054174 1.449650 3.105287
-0.100101 1.418962 3.105287
-0.130789 1.373035 3.105287
-0.141565 1.318860 3.105287
-0.130789 1.264685 3.105287
-0.100101 1.218758 3.105287
-0.054174 1.188071 3.105287
0.000001 1.177295 3.105287
0.054175 1.188071 3.105287
0.100102 1.218759 3.105287
0.130790 1.264685 3.105287
0.130789 1.693897 -2.634544
0.141565 1.748071 -2.634544
0.100101 1.647970 -2.634544
0.054174 1.617282 -2.634544
-0.000001 1.606506 -2.634544
-0.054175 1.617282 -2.634544
-0.100102 1.647970 -2.634544
-0.130790 1.693897 -2.634544
-0.141566 1.748071 -2.634544
-0.130790 1.802246 -2.634544
-0.100102 1.848173 -2.634544
-0.054175 1.878861 -2.634544
-0.000001 1.889637 -2.634544
0.054174 1.878861 -2.634544
0.100101 1.848173 -2.634544
0.130789 1.802246 -2.634544
0.111467 1.318860 3.205734
0.102982 1.361517 3.205733
0.078819 1.397679 3.205734
0.042657 1.421842 3.205734
0.000001 1.430327 3.205734
-0.042656 1.421842 3.205733
-0.078818 1.397679 3.205733
-0.102981 1.361517 3.205733
-0.111466 1.318860 3.205734
-0.102981 1.276204 3.205733
-0.078818 1.240042 3.205733
-0.042656 1.215879 3.205734
0.000001 1.207394 3.205734
0.042657 1.215879 3.205734
0.078819 1.240042 3.205734
0.102982 1.276204 3.205734
0.102981 1.705415 -2.734991
0.111466 1.748071 -2.734991
0.078818 1.669253 -2.734991
0.042656 1.645090 -2.734991
-0.000001 1.636605 -2.734991
-0.042657 1.645090 -2.734991
-0.078819 1.669253 -2.734992
-0.102982 1.705415 -2.734992
-0.111467 1.748071 -2.734992
-0.102982 1.790728 -2.734992
-0.078819 1.826890 -2.734992
-0.042657 1.851053 -2.734991
-0.000001 1.859538 -2.734991
0.042656 1.851053 -2.734991
0.078818 1.826890 -2.734991
0.102981 1.790728 -2.734991
-0.377986 1.767631 -1.062485
-5.693442 2.064722 -0.644018
-0.377986 1.767630 0.260670
-5.693444 2.064722 0.130740
-0.377986 2.107989 -1.062485
-5.693442 2.179579 -0.644017
-0.377986 2.107989 0.260670
-5.693444 2.179579 0.130740
-1.777035 2.088153 -1.068520
-1.777035 2.088153 0.260670
-1.777035 1.861947 0.260670
-1.777035 1.861947 -1.068520
-5.693442 2.122151 -0.982677
-0.377986 1.937809 -1.518100
-5.693444 2.122150 0.218825
-0.377986 1.937810 0.348755
-1.777036 1.975050 -1.524135
-1.777036 1.975050 0.348755
-5.824571 2.122151 -0.574173
-5.824572 2.122150 0.104779
-1.593768 2.942875 -5.360577
-1.635601 1.936727 -4.870525
-1.593768 2.942875 -5.046471
-1.635601 1.666747 -4.740826
-1.635600 1.936727 -4.054783
-1.534464 2.997951 -5.392891
-1.534464 2.997949 -5.078785
-1.475160 2.942875 -5.360577
-1.433328 1.936727 -4.870525
-1.433328 1.936727 -4.054783
-1.475160 2.942875 -5.046471
-1.534465 1.936727 -3.911840
-1.534464 2.928242 -4.899442
-1.433328 1.666747 -4.740826
-1.534464 1.386811 -4.591239
-1.534464 1.818713 -3.967315
-1.534464 2.942875 -5.674756
-1.534464 1.936727 -5.184703
-1.534464 1.666747 -5.055004
-1.534464 1.471950 -5.214817
-0.000000 1.691067 -1.062485
-0.000000 2.160560 -1.062485
-0.000000 1.925813 -1.518100
-1.526567 1.956869 -4.277310
-1.526567 1.956869 -4.913700
-1.526567 2.086853 -4.913700
-1.526567 2.086853 -4.277310
-1.420345 2.021861 -5.373319
-1.526567 2.021861 -4.216117
-0.000001 1.902672 -4.909509
-0.000001 2.098251 -4.909509
-0.000001 1.993568 -5.369129
-1.382102 2.009135 -1.502463
-1.406927 2.149493 -1.505619
-1.474749 2.252242 -1.507930
-1.567395 2.289851 -1.508775
-1.660042 2.252242 -1.507929
-1.727864 2.149493 -1.505619
-1.752688 2.009135 -1.502463
-1.727864 1.868777 -1.499306
-1.660042 1.766028 -1.496995
-1.567396 1.728419 -1.496150
-1.474749 1.766028 -1.496995
-1.406927 1.868777 -1.499306
-1.434759 2.028139 -0.657406
-1.452529 2.128610 -0.659666
-1.501077 2.202160 -0.661320
-1.567395 2.229081 -0.661925
-1.633713 2.202160 -0.661320
-1.682262 2.128610 -0.659666
-1.700032 2.028139 -0.657406
-1.682262 1.927668 -0.655147
-1.633714 1.854118 -0.653493
-1.567395 1.827196 -0.652888
-1.501077 1.854118 -0.653493
-1.452529 1.927668 -0.655147
-1.479154 2.039015 -0.173729
-1.490976 2.105858 -0.175233
-1.523275 2.154790 -0.176333
-1.567396 2.172701 -0.176736
-1.611517 2.154790 -0.176333
-1.643815 2.105858 -0.175233
-1.655638 2.039015 -0.173730
-1.643815 1.972173 -0.172226
-1.611517 1.923241 -0.171126
-1.567396 1.905330 -0.170723
-1.523275 1.923241 -0.171126
-1.490976 1.972173 -0.172226
-1.529553 2.042372 -0.024519
-1.534623 2.071036 -0.025164
-1.548474 2.092021 -0.025636
-1.567395 2.099702 -0.025809
-1.586316 2.092021 -0.025636
-1.600168 2.071036 -0.025164
-1.605237 2.042372 -0.024520
-1.600168 2.013706 -0.023875
-1.586316 1.992722 -0.023403
-1.567395 1.985041 -0.023230
-1.548474 1.992722 -0.023403
-1.534623 2.013706 -0.023875
-1.567395 2.043261 0.015019
-1.455632 2.005385 -1.669207
-1.470605 2.090045 -1.671111
-1.511514 2.152021 -1.672504
-1.567395 2.174705 -1.673015
-1.623277 2.152021 -1.672505
-1.664185 2.090045 -1.671111
-1.679159 2.005385 -1.669207
-1.664185 1.920725 -1.667303
-1.623277 1.858750 -1.665910
-1.567396 1.836065 -1.665399
-1.511514 1.858750 -1.665910
-1.470605 1.920725 -1.667303
-1.491091 1.952475 -4.123970
-1.498344 1.993488 -4.124892
-1.518162 2.023511 -4.125567
-1.545233 2.034501 -4.125814
-1.572304 2.023511 -4.125567
-1.592122 1.993488 -4.124892
-1.599376 1.952475 -4.123970
-1.592122 1.911463 -4.123048
-1.572304 1.881440 -4.122373
-1.545233 1.870451 -4.122126
-1.518162 1.881440 -4.122373
-1.498344 1.911463 -4.123048
-0.347032 0.666153 -0.375983
-0.347032 0.685880 -0.381269
-0.347032 0.700321 -0.395710
-0.347032 0.705607 -0.415437
-0.347032 0.700321 -0.435164
-0.347032 0.685880 -0.449605
-0.347032 0.666153 -0.454891
-0.347032 0.646426 -0.449605
-0.347032 0.631985 -0.435164
-0.347032 0.626699 -0.415437
-0.347032 0.631985 -0.395710
-0.347032 0.646426 -0.381269
-0.751972 0.565863 -0.375983
-0.751972 0.585590 -0.381269
-0.751972 0.600031 -0.395710
-0.751972 0.605317 -0.415437
-0.751972 0.600031 -0.435164
-0.751972 0.585590 -0.449605
-0.751972 0.565863 -0.454891
-0.751972 0.546136 -0.449605
-0.751972 0.531695 -0.435164
-0.751972 0.526409 -0.415437
-0.751972 0.531695 -0.395710
-0.751972 0.546136 -0.381269
-0.933413 0.473993 -0.375983
-0.944259 0.490471 -0.381269
-0.952200 0.502533 -0.395710
-0.955106 0.506948 -0.415437
-0.952200 0.502533 -0.435164
-0.944259 0.490471 -0.449605
-0.933413 0.473993 -0.454891
-0.922566 0.457516 -0.449605
-0.914626 0.445454 -0.435164
-0.911719 0.441039 -0.415437
-0.914625 0.445454 -0.395710
-0.922566 0.457516 -0.381269
-1.061663 0.368344 -0.375983
-1.078921 0.377900 -0.381269
-1.091554 0.384896 -0.395710
-1.096179 0.387457 -0.415437
-1.091555 0.384896 -0.435164
-1.078921 0.377900 -0.449605
-1.061664 0.368344 -0.454891
-1.044406 0.358787 -0.449605
-1.031773 0.351791 -0.435164
-1.027148 0.349231 -0.415437
-1.031772 0.351791 -0.395710
-1.044406 0.358787 -0.381269
-1.133047 0.178863 -0.375983
-1.152771 0.178863 -0.381269
-1.167210 0.178863 -0.395710
-1.172495 0.178863 -0.415437
-1.167210 0.178863 -0.435164
-1.152771 0.178863 -0.449605
-1.133047 0.178863 -0.454891
-1.113324 0.178863 -0.449605
-1.098885 0.178863 -0.435164
-1.093600 0.178863 -0.415437
-1.098885 0.178863 -0.395710
-1.113323 0.178863 -0.381269
-1.133047 0.162664 -0.415437
0.000000 0.554033 2.039443
-0.011642 0.563275 2.034331
-0.151266 0.487513 2.034331
-0.135642 0.476573 2.039443
-0.023859 0.570040 2.020366
-0.162704 0.495522 2.020366
-0.028330 0.572517 2.001290
-0.166891 0.498454 2.001290
-0.023859 0.570040 1.982213
-0.162704 0.495522 1.982213
-0.011642 0.563275 1.968248
-0.151266 0.487513 1.968248
-0.135642 0.476573 1.963136
0.000000 0.544792 1.968248
-0.120018 0.465633 1.968248
-0.108580 0.457624 1.982213
0.000000 0.535550 2.001290
-0.104393 0.454693 2.001289
0.000000 0.538026 2.020367
-0.108580 0.457624 2.020366
0.000000 0.544792 2.034331
-0.120018 0.465633 2.034331
-0.196251 0.338529 2.034331
-0.177177 0.338529 2.039443
-0.210214 0.338530 2.020366
-0.215325 0.338530 2.001290
-0.210214 0.338530 1.982213
-0.196251 0.338530 1.968248
-0.177177 0.338530 1.963136
-0.158104 0.338530 1.968248
-0.144141 0.338530 1.982213
-0.139030 0.338529 2.001289
-0.144141 0.338530 2.020366
-0.158104 0.338530 2.034331
-0.174190 0.168813 2.034331
-0.155116 0.168813 2.039443
-0.188152 0.168813 2.020366
-0.193263 0.168813 2.001290
-0.188152 0.168813 1.982212
-0.174189 0.168813 1.968247
-0.155116 0.168813 1.963135
-0.136042 0.168813 1.968248
-0.122079 0.168813 1.982213
-0.116968 0.168813 2.001289
-0.122079 0.168813 2.020366
-0.136042 0.168813 2.034331
0.000000 0.783240 2.039443
-0.011642 0.792482 2.034331
-0.023859 0.799247 2.020366
-0.028330 0.801724 2.001290
-0.023859 0.799247 1.982213
-0.011642 0.792482 1.968248
0.000000 0.783240 1.963136
-0.155116 0.155334 2.001290
-1.155019 0.221668 -0.166938
-1.155019 0.338724 -0.198302
-1.155018 0.424415 -0.283993
-1.155018 0.455780 -0.401050
-1.155018 0.424415 -0.518106
-1.155018 0.338724 -0.603797
-1.155018 0.221668 -0.635162
-1.155018 0.104612 -0.603797
-1.155018 0.018921 -0.518106
-1.155018 -0.012445 -0.401050
-1.155018 0.018920 -0.283994
-1.155019 0.104612 -0.198302
-1.332771 0.221668 -0.166937
-1.332771 0.338724 -0.198302
-1.332770 0.424415 -0.283993
-1.332770 0.455780 -0.401049
-1.332770 0.424415 -0.518106
-1.332770 0.338724 -0.603797
-1.332770 0.221668 -0.635162
-1.332770 0.104612 -0.603797
-1.332770 0.018921 -0.518106
-1.332770 -0.012445 -0.401050
-1.332770 0.018920 -0.283994
-1.332771 0.104612 -0.198303
-1.126175 0.221668 -0.241018
-1.126174 0.301684 -0.262458
-1.126174 0.360260 -0.321034
-1.126174 0.381700 -0.401050
-1.126174 0.360260 -0.481066
-1.126174 0.301684 -0.539641
-1.126174 0.221668 -0.561082
-1.126174 0.141652 -0.539641
-1.126174 0.083076 -0.481066
-1.126174 0.061636 -0.401050
-1.126174 0.083076 -0.321034
-1.126174 0.141652 -0.262458
-1.361615 0.221668 -0.241018
-1.361615 0.301684 -0.262458
-1.361614 0.360260 -0.321034
-1.361614 0.381700 -0.401050
-1.361614 0.360260 -0.481066
-1.361614 0.301684 -0.539641
-1.361614 0.221668 -0.561082
-1.361614 0.141652 -0.539641
-1.361614 0.083076 -0.481066
-1.361614 0.061636 -0.401050
-1.361614 0.083076 -0.321034
-1.361615 0.141652 -0.262458
-1.137583 0.221668 -0.267715
-1.137582 0.288335 -0.285579
-1.137582 0.337139 -0.334382
-1.137583 0.355002 -0.401050
-1.137582 0.337139 -0.467717
-1.137582 0.288335 -0.516520
-1.137582 0.221668 -0.534384
-1.137582 0.155001 -0.516521
-1.137582 0.106197 -0.467717
-1.137582 0.088333 -0.401050
-1.137582 0.106197 -0.334382
-1.137582 0.155001 -0.285579
-1.350206 0.221668 -0.267716
-1.350205 0.288335 -0.285579
-1.350205 0.337139 -0.334382
-1.350206 0.355002 -0.401050
-1.350205 0.337139 -0.467717
-1.350205 0.288335 -0.516521
-1.350205 0.221668 -0.534384
-1.350205 0.155001 -0.516521
-1.350205 0.106197 -0.467717
-1.350206 0.088333 -0.401050
-1.350205 0.106197 -0.334383
-1.350205 0.155001 -0.285579
-1.137582 0.221668 -0.401050
-1.350206 0.221668 -0.401050
-1.243895 0.221668 -0.147753
-1.243895 0.348316 -0.181689
-1.243894 0.441029 -0.274401
-1.243894 0.474964 -0.401050
-1.243894 0.441029 -0.527698
-1.243894 0.348316 -0.620411
-1.243894 0.221668 -0.654346
-1.243894 0.095020 -0.620411
-1.243894 0.002307 -0.527698
-1.243894 -0.031629 -0.401050
-1.243894 0.002306 -0.274402
-1.243895 0.095020 -0.181688
0.377985 1.767631 -1.062485
0.377986 1.767630 0.260670
1.777036 1.861947 0.260670
1.777035 1.861947 -1.068520
0.377985 2.107989 -1.062485
1.777035 2.088153 -1.068520
1.777036 2.088153 0.260670
0.377986 2.107989 0.260670
1.777035 1.975050 -1.524135
0.377985 1.937809 -1.518100
5.693440 2.064722 -0.644019
5.824569 2.122151 -0.574175
5.693441 2.122151 -0.982679
5.693439 2.064722 0.130739
1.777035 1.975050 0.348755
5.693439 2.122150 0.218824
5.693440 2.179579 -0.644019
5.693439 2.179579 0.130739
0.377986 1.937810 0.348755
5.824567 2.122150 0.104778
0.000000 1.691066 0.260670
0.000000 2.160560 0.260670
0.000000 1.925813 0.348755
-0.000001 1.902672 -4.277311
1.526565 1.956869 -4.277310
1.526565 1.956869 -4.913700
1.526565 2.086853 -4.913700
1.526565 2.086853 -4.277310
-0.000001 2.098251 -4.277311
1.420344 2.021861 -5.373321
-0.000001 1.993568 -4.216118
1.526565 2.021861 -4.216117
1.382102 2.009135 -1.502463
1.406926 2.149493 -1.505619
1.452528 2.128610 -0.659666
1.434759 2.028139 -0.657407
1.474748 2.252242 -1.507930
1.501077 2.202160 -0.661320
1.567395 2.289851 -1.508776
1.567395 2.229081 -0.661926
1.660041 2.252242 -1.507930
1.633713 2.202160 -0.661320
1.727863 2.149493 -1.505619
1.682261 2.128610 -0.659666
1.752687 2.009135 -1.502463
1.700031 2.028139 -0.657407
1.727863 1.868777 -1.499306
1.682261 1.927668 -0.655147
1.660041 1.766028 -1.496996
1.633713 1.854118 -0.653494
1.567394 1.728419 -1.496150
1.567395 1.827196 -0.652888
1.474748 1.766028 -1.496995
1.501077 1.854118 -0.653493
1.406926 1.868777 -1.499306
1.452528 1.927668 -0.655147
1.490975 2.105858 -0.175233
1.479153 2.039015 -0.173730
1.523274 2.154790 -0.176334
1.567394 2.172701 -0.176737
1.611515 2.154790 -0.176334
1.643814 2.105858 -0.175233
1.655636 2.039015 -0.173730
1.643814 1.972173 -0.172227
1.611515 1.923241 -0.171127
1.567394 1.905330 -0.170724
1.523274 1.923241 -0.171127
1.490975 1.972173 -0.172227
1.534623 2.071036 -0.025165
1.529553 2.042372 -0.024520
1.548474 2.092021 -0.025636
1.567395 2.099702 -0.025809
1.586316 2.092021 -0.025636
1.600167 2.071036 -0.025165
1.605237 2.042372 -0.024520
1.600167 2.013706 -0.023875
1.586316 1.992722 -0.023403
1.567395 1.985041 -0.023231
1.548474 1.992722 -0.023403
1.534623 2.013706 -0.023875
1.567395 2.043261 0.015019
1.455631 2.005385 -1.669208
1.470605 2.090045 -1.671111
1.511513 2.152021 -1.672505
1.567395 2.174705 -1.673015
1.623276 2.152021 -1.672505
1.664185 2.090045 -1.671111
1.679158 2.005385 -1.669207
1.664185 1.920725 -1.667303
1.623276 1.858750 -1.665910
1.567394 1.836065 -1.665399
1.511513 1.858750 -1.665910
1.470605 1.920725 -1.667303
1.491089 1.952475 -4.123971
1.498343 1.993488 -4.124892
1.518161 2.023511 -4.125567
1.545232 2.034501 -4.125814
1.572303 2.023511 -4.125567
1.592121 1.993488 -4.124892
1.599374 1.952475 -4.123970
1.592121 1.911463 -4.123047
1.572303 1.881440 -4.122372
1.545232 1.870451 -4.122125
1.518161 1.881440 -4.122373
1.498343 1.911463 -4.123048
0.347032 0.666153 -0.375983
0.347032 0.685880 -0.381269
0.751972 0.585590 -0.381269
0.751972 0.565863 -0.375983
0.347032 0.700321 -0.395710
0.751972 0.600031 -0.395710
0.347032 0.705607 -0.415437
0.751972 0.605317 -0.415437
0.347032 0.700321 -0.435164
0.751973 0.600031 -0.435164
0.347032 0.685880 -0.449605
0.751973 0.585590 -0.449606
0.347032 0.666153 -0.454891
0.751973 0.565863 -0.454891
0.347032 0.646426 -0.449605
0.751973 0.546136 -0.449605
0.347032 0.631985 -0.435164
0.751973 0.531695 -0.435164
0.347032 0.626699 -0.415437
0.751972 0.526409 -0.415437
0.347032 0.631985 -0.395710
0.751972 0.531695 -0.395711
0.347032 0.646426 -0.381269
0.751972 0.546136 -0.381269
0.944259 0.490471 -0.381270
0.933412 0.473993 -0.375983
0.952200 0.502533 -0.395710
0.955106 0.506948 -0.415437
0.952200 0.502533 -0.435164
0.944260 0.490471 -0.449606
0.933413 0.473993 -0.454891
0.922566 0.457516 -0.449606
0.914626 0.445454 -0.435164
0.911719 0.441039 -0.415438
0.914625 0.445454 -0.395710
0.922566 0.457516 -0.381269
1.078921 0.377900 -0.381269
1.061664 0.368344 -0.375983
1.091554 0.384896 -0.395710
1.096179 0.387457 -0.415437
1.091555 0.384896 -0.435164
1.078921 0.377900 -0.449605
1.061664 0.368344 -0.454891
1.044406 0.358787 -0.449606
1.031773 0.351791 -0.435164
1.027148 0.349231 -0.415438
1.031773 0.351791 -0.395710
1.044406 0.358787 -0.381270
1.152771 0.178863 -0.381269
1.133048 0.178863 -0.375983
1.167210 0.178863 -0.395710
1.172495 0.178863 -0.415437
1.167210 0.178863 -0.435164
1.152771 0.178863 -0.449605
1.133047 0.178863 -0.454891
1.113324 0.178863 -0.449605
1.098885 0.178863 -0.435165
1.093600 0.178863 -0.415437
1.098885 0.178863 -0.395710
1.113323 0.178863 -0.381270
1.133047 0.162664 -0.415438
0.011642 0.563275 2.034331
0.151267 0.487513 2.034331
0.135642 0.476573 2.039443
0.023859 0.570040 2.020366
0.162704 0.495522 2.020366
0.028331 0.572517 2.001290
0.166891 0.498454 2.001290
0.023859 0.570040 1.982213
0.162704 0.495522 1.982213
0.011642 0.563275 1.968248
0.151267 0.487513 1.968248
0.000000 0.554033 1.963136
0.135642 0.476573 1.963136
0.120018 0.465633 1.968248
0.000000 0.538026 1.982213
0.108581 0.457624 1.982213
0.104394 0.454693 2.001289
0.108580 0.457624 2.020366
0.120018 0.465633 2.034331
0.196251 0.338529 2.034331
0.177178 0.338529 2.039443
0.210214 0.338530 2.020366
0.215325 0.338530 2.001290
0.210214 0.338530 1.982213
0.196251 0.338530 1.968248
0.177178 0.338530 1.963136
0.158104 0.338530 1.968248
0.144141 0.338530 1.982213
0.139030 0.338529 2.001289
0.144141 0.338530 2.020366
0.158104 0.338530 2.034331
0.174190 0.168813 2.034331
0.155116 0.168813 2.039443
0.188153 0.168813 2.020367
0.193264 0.168813 2.001290
0.188153 0.168813 1.982213
0.174190 0.168813 1.968248
0.155116 0.168813 1.963136
0.136043 0.168813 1.968248
0.122080 0.168813 1.982213
0.116969 0.168813 2.001289
0.122080 0.168813 2.020367
0.136043 0.168813 2.034331
0.011642 0.792482 2.034331
0.023859 0.799247 2.020366
0.028331 0.801724 2.001290
0.023859 0.799247 1.982213
0.011642 0.792482 1.968248
0.155116 0.155334 2.001290
1.474695 2.942875 -5.360579
1.432863 1.936727 -4.870525
1.432863 1.936727 -4.054783
1.474695 2.942875 -5.046472
1.533999 1.936727 -3.911840
1.533999 2.928242 -4.899443
1.432863 1.666747 -4.740827
1.533999 1.386811 -4.591239
1.534000 1.818713 -3.967315
1.533999 2.942875 -5.674756
1.533999 1.936727 -5.184704
1.533999 1.666747 -5.055004
1.533999 1.471950 -5.214817
1.533999 2.997949 -5.078786
1.533999 2.997951 -5.392893
1.593303 2.942875 -5.360579
1.593303 2.942875 -5.046472
1.635136 1.936727 -4.054784
1.635136 1.936727 -4.870526
1.635136 1.666747 -4.740827
1.332875 0.221667 -0.166938
1.332875 0.338724 -0.198303
1.243999 0.348316 -0.181689
1.243999 0.221667 -0.147753
1.332876 0.424415 -0.283994
1.244000 0.441029 -0.274401
1.332876 0.455780 -0.401050
1.244000 0.474964 -0.401050
1.332876 0.424415 -0.518106
1.244000 0.441029 -0.527698
1.332876 0.338724 -0.603797
1.244000 0.348316 -0.620411
1.332876 0.221668 -0.635162
1.244000 0.221668 -0.654346
1.332876 0.104612 -0.603797
1.244000 0.095020 -0.620411
1.332876 0.018921 -0.518106
1.244000 0.002307 -0.527698
1.332876 -0.012445 -0.401050
1.244000 -0.031629 -0.401050
1.332876 0.018920 -0.283994
1.244000 0.002306 -0.274402
1.332875 0.104612 -0.198303
1.243999 0.095020 -0.181688
1.361719 0.221668 -0.241018
1.361720 0.301684 -0.262458
1.361720 0.360260 -0.321034
1.361720 0.381700 -0.401050
1.361720 0.360260 -0.481066
1.361720 0.301684 -0.539641
1.361720 0.221668 -0.561082
1.361721 0.141652 -0.539641
1.361721 0.083076 -0.481066
1.361720 0.061636 -0.401050
1.361720 0.083076 -0.321034
1.361720 0.141652 -0.262458
1.155123 0.221667 -0.166937
1.155123 0.338724 -0.198303
1.126280 0.301684 -0.262458
1.126279 0.221668 -0.241018
1.155124 0.424415 -0.283994
1.126280 0.360260 -0.321034
1.155124 0.455780 -0.401050
1.126280 0.381700 -0.401050
1.155124 0.424415 -0.518106
1.126280 0.360260 -0.481066
1.155124 0.338724 -0.603797
1.126280 0.301684 -0.539642
1.155124 0.221668 -0.635162
1.126280 0.221668 -0.561082
1.155124 0.104612 -0.603797
1.126280 0.141652 -0.539642
1.155124 0.018921 -0.518106
1.126280 0.083076 -0.481066
1.155124 -0.012445 -0.401050
1.126280 0.061636 -0.401050
1.155124 0.018920 -0.283994
1.126280 0.083076 -0.321034
1.155123 0.104612 -0.198303
1.126280 0.141652 -0.262458
1.350311 0.221668 -0.267716
1.350312 0.288335 -0.285579
1.350312 0.337139 -0.334383
1.350312 0.355002 -0.401050
1.350312 0.337139 -0.467717
1.350312 0.288335 -0.516521
1.350312 0.221668 -0.534384
1.350312 0.155001 -0.516521
1.350312 0.106197 -0.467717
1.350312 0.088333 -0.401050
1.350312 0.106197 -0.334383
1.350312 0.155001 -0.285579
1.137689 0.288335 -0.285579
1.137688 0.221668 -0.267716
1.137689 0.337139 -0.334383
1.137689 0.355002 -0.401050
1.137689 0.337139 -0.467717
1.137689 0.288335 -0.516521
1.137689 0.221668 -0.534384
1.137689 0.155001 -0.516521
1.137689 0.106197 -0.467717
1.137689 0.088333 -0.401050
1.137689 0.106197 -0.334383
1.137689 0.155001 -0.285579
1.350312 0.221668 -0.401050
1.137689 0.221668 -0.401050
0.088875 0.221668 2.235409
0.088875 0.338724 2.204044
-0.000001 0.348316 2.220657
-0.000001 0.221668 2.254593
0.088876 0.424415 2.118353
-0.000000 0.441029 2.127945
0.088876 0.455780 2.001296
0.000000 0.474965 2.001297
0.088876 0.424415 1.884241
0.000000 0.441029 1.874649
0.088876 0.338724 1.798549
0.000000 0.348316 1.781935
0.088876 0.221668 1.767184
0.000000 0.221668 1.748000
0.088876 0.104612 1.798549
0.000000 0.095020 1.781935
0.088876 0.018921 1.884240
0.000000 0.002308 1.874648
0.088876 -0.012445 2.001296
0.000000 -0.031629 2.001296
0.088876 0.018921 2.118352
-0.000000 0.002307 2.127944
0.088875 0.104612 2.204044
-0.000001 0.095020 2.220658
0.117719 0.221668 2.161328
0.117720 0.301684 2.139888
0.117721 0.360260 2.081313
0.117720 0.381700 2.001296
0.117720 0.360260 1.921281
0.117720 0.301684 1.862705
0.117720 0.221668 1.841265
0.117721 0.141652 1.862705
0.117721 0.083076 1.921281
0.117721 0.061636 2.001296
0.117721 0.083076 2.081312
0.117720 0.141652 2.139888
-0.088877 0.221668 2.235409
-0.088877 0.338724 2.204044
-0.117720 0.301684 2.139888
-0.117721 0.221668 2.161328
-0.088876 0.424415 2.118353
-0.117720 0.360260 2.081313
-0.088876 0.455780 2.001297
-0.117720 0.381700 2.001296
-0.088876 0.424415 1.884240
-0.117720 0.360260 1.921280
-0.088876 0.338724 1.798549
-0.117720 0.301684 1.862705
-0.088876 0.221668 1.767184
-0.117720 0.221668 1.841264
-0.088876 0.104612 1.798549
-0.117720 0.141652 1.862705
-0.088876 0.018921 1.884240
-0.117720 0.083076 1.921280
-0.088875 -0.012445 2.001296
-0.117720 0.061636 2.001296
-0.088876 0.018921 2.118352
-0.117720 0.083076 2.081312
-0.088877 0.104612 2.204043
-0.117720 0.141652 2.139888
0.106311 0.221668 2.134631
0.106312 0.288335 2.116767
0.106312 0.337139 2.067964
0.106312 0.355002 2.001296
0.106312 0.337139 1.934629
0.106312 0.288335 1.885826
0.106312 0.221668 1.867962
0.106312 0.155001 1.885826
0.106312 0.106197 1.934629
0.106312 0.088334 2.001296
0.106312 0.106197 2.067964
0.106312 0.155001 2.116767
-0.106311 0.288335 2.116767
-0.106312 0.221668 2.134631
-0.106311 0.337139 2.067964
-0.106311 0.355002 2.001296
-0.106311 0.337139 1.934629
-0.106311 0.288335 1.885826
-0.106311 0.221668 1.867962
-0.106311 0.155001 1.885825
-0.106311 0.106197 1.934629
-0.106311 0.088334 2.001296
-0.106311 0.106197 2.067964
-0.106311 0.155001 2.116767
0.106312 0.221668 2.001296
-0.106311 0.221668 2.001296
</float_array>
          <technique_common>
            <accessor source="#hull-POSITION-array" count="1137" stride="3">
              <param name="X" type="float"/>
              <param name="Y" type="float"/>
              <param name="Z" type="float"/>
            </accessor>
          </technique_common>
        </source>
        <source id="hull-Normal0">
          <float_array id="hull-Normal0-array" count="19224">
1.000000 0.000487 0.000632
0.988894 0.148475 0.006562
0.988138 0.153407 0.007082
0.988894 0.148475 0.006562
1.000000 0.000487 0.000632
0.999996 -0.002751 -0.000570
0.988138 0.153407 0.007082
0.846233 0.532749 0.008283
0.839885 0.541719 0.033662
0.846233 0.532749 0.008283
0.988138 0.153407 0.007082
0.988894 0.148475 0.006562
0.839885 0.541719 0.033662
0.846233 0.532749 0.008283
0.424925 0.903049 0.062774
0.424925 0.903049 0.062774
0.846233 0.532749 0.008283
0.428592 0.903498 0.000691
0.424925 0.903049 0.062774
0.000000 0.999986 -0.005332
-0.000000 0.997353 0.072707
0.000000 0.999986 -0.005332
0.424925 0.903049 0.062774
0.428592 0.903498 0.000691
-0.000000 0.997353 0.072707
-0.428592 0.903498 0.000691
-0.424925 0.903049 0.062774
-0.428592 0.903498 0.000691
-0.000000 0.997353 0.072707
0.000000 0.999986 -0.005332
-0.424925 0.903049 0.062774
-0.846233 0.532749 0.008283
-0.839885 0.541720 0.033662
-0.846233 0.532749 0.008283
-0.424925 0.903049 0.062774
-0.428592 0.903498 0.000691
-0.839885 0.541720 0.033662
-0.988894 0.148475 0.006563
-0.988138 0.153407 0.007082
-0.988894 0.148475 0.006563
-0.839885 0.541720 0.033662
-0.846233 0.532749 0.008283
-0.988138 0.153407 0.007082
-0.988894 0.148475 0.006563
-1.000000 0.000487 0.000633
-1.000000 0.000487 0.000633
-0.988894 0.148475 0.006563
-0.999996 -0.002752 -0.000570
-1.000000 0.000487 0.000633
-0.999996 -0.002752 -0.000570
-0.988443 -0.151574 0.002369
-0.988443 -0.151574 0.002369
-0.999996 -0.002752 -0.000570
-0.987094 -0.158772 -0.020901
-0.988443 -0.151574 0.002369
-0.987094 -0.158772 -0.020901
-0.842712 -0.538087 0.017306
-0.842712 -0.538087 0.017306
-0.987094 -0.158772 -0.020901
-0.829735 -0.551581 -0.085427
-0.842712 -0.538087 0.017306
-0.416180 -0.897949 -0.143118
-0.427050 -0.903480 0.036787
-0.416180 -0.897949 -0.143118
-0.842712 -0.538087 0.017306
-0.829735 -0.551581 -0.085427
-0.427050 -0.903480 0.036787
0.000000 -0.986989 -0.160789
0.000000 -0.999016 0.044347
0.000000 -0.986989 -0.160789
-0.427050 -0.903480 0.036787
-0.416180 -0.897949 -0.143118
0.000000 -0.999016 0.044347
0.000000 -0.986989 -0.160789
0.427050 -0.903479 0.036787
0.427050 -0.903479 0.036787
0.000000 -0.986989 -0.160789
0.416180 -0.897948 -0.143118
0.427050 -0.903479 0.036787
0.829735 -0.551581 -0.085428
0.842712 -0.538087 0.017306
0.829735 -0.551581 -0.085428
0.427050 -0.903479 0.036787
0.416180 -0.897948 -0.143118
0.842712 -0.538087 0.017306
0.829735 -0.551581 -0.085428
0.988443 -0.151574 0.002368
0.988443 -0.151574 0.002368
0.829735 -0.551581 -0.085428
0.987094 -0.158772 -0.020901
0.988443 -0.151574 0.002368
0.999996 -0.002751 -0.000570
1.000000 0.000487 0.000632
0.999996 -0.002751 -0.000570
0.988443 -0.151574 0.002368
0.987094 -0.158772 -0.020901
0.985564 0.166419 0.031125
0.999995 0.001586 0.002554
1.000000 0.000487 0.000632
0.985564 0.166419 0.031125
1.000000 0.000487 0.000632
0.988138 0.153407 0.007082
0.985564 0.166419 0.031125
0.988138 0.153407 0.007082
0.816971 0.560845 0.134202
0.988138 0.153407 0.007082
0.839885 0.541719 0.033662
0.816971 0.560845 0.134202
0.816971 0.560845 0.134202
0.424925 0.903049 0.062774
0.395589 0.888853 0.231191
0.424925 0.903049 0.062774
0.816971 0.560845 0.134202
0.839885 0.541719 0.033662
-0.000000 0.965139 0.261737
0.395589 0.888853 0.231191
0.424925 0.903049 0.062774
-0.000000 0.965139 0.261737
0.424925 0.903049 0.062774
-0.000000 0.997353 0.072707
-0.395589 0.888853 0.231191
-0.000000 0.965139 0.261737
-0.000000 0.997353 0.072707
-0.395589 0.888853 0.231191
-0.000000 0.997353 0.072707
-0.424925 0.903049 0.062774
-0.395589 0.888853 0.231191
-0.839885 0.541720 0.033662
-0.816971 0.560845 0.134203
-0.839885 0.541720 0.033662
-0.395589 0.888853 0.231191
-0.424925 0.903049 0.062774
-0.816971 0.560845 0.134203
-0.988138 0.153407 0.007082
-0.985564 0.166418 0.031125
-0.988138 0.153407 0.007082
-0.816971 0.560845 0.134203
-0.839885 0.541720 0.033662
-0.985564 0.166418 0.031125
-1.000000 0.000487 0.000633
-0.999996 0.001586 0.002555
-1.000000 0.000487 0.000633
-0.985564 0.166418 0.031125
-0.988138 0.153407 0.007082
-0.999996 0.001586 0.002555
-0.988443 -0.151574 0.002369
-0.986979 -0.160755 0.005432
-0.988443 -0.151574 0.002369
-0.999996 0.001586 0.002555
-1.000000 0.000487 0.000633
-0.986979 -0.160755 0.005432
-0.988443 -0.151574 0.002369
-0.828912 -0.557019 0.051319
-0.828912 -0.557019 0.051319
-0.988443 -0.151574 0.002369
-0.842712 -0.538087 0.017306
-0.828912 -0.557019 0.051319
-0.427050 -0.903480 0.036787
-0.405699 -0.907182 0.111483
-0.427050 -0.903480 0.036787
-0.828912 -0.557019 0.051319
-0.842712 -0.538087 0.017306
0.000000 -0.990866 0.134853
-0.405699 -0.907182 0.111483
-0.427050 -0.903480 0.036787
0.000000 -0.990866 0.134853
-0.427050 -0.903480 0.036787
0.000000 -0.999016 0.044347
0.405700 -0.907182 0.111483
0.000000 -0.990866 0.134853
0.000000 -0.999016 0.044347
0.405700 -0.907182 0.111483
0.000000 -0.999016 0.044347
0.427050 -0.903479 0.036787
0.405700 -0.907182 0.111483
0.842712 -0.538087 0.017306
0.828912 -0.557020 0.051318
0.842712 -0.538087 0.017306
0.405700 -0.907182 0.111483
0.427050 -0.903479 0.036787
0.828912 -0.557020 0.051318
0.988443 -0.151574 0.002368
0.986979 -0.160755 0.005431
0.988443 -0.151574 0.002368
0.828912 -0.557020 0.051318
0.842712 -0.538087 0.017306
0.999995 0.001586 0.002554
0.986979 -0.160755 0.005431
0.988443 -0.151574 0.002368
0.999995 0.001586 0.002554
0.988443 -0.151574 0.002368
1.000000 0.000487 0.000632
0.979620 0.189174 0.067506
0.999983 0.002448 0.005239
0.999995 0.001586 0.002554
0.999995 0.001586 0.002554
0.985564 0.166419 0.031125
0.979620 0.189174 0.067506
0.979620 0.189174 0.067506
0.985564 0.166419 0.031125
0.776398 0.576547 0.254558
0.985564 0.166419 0.031125
0.816971 0.560845 0.134202
0.776398 0.576547 0.254558
0.776398 0.576547 0.254558
0.395589 0.888853 0.231191
0.342261 0.845792 0.409260
0.395589 0.888853 0.231191
0.776398 0.576547 0.254558
0.816971 0.560845 0.134202
-0.000001 0.892041 0.451954
0.342261 0.845792 0.409260
0.395589 0.888853 0.231191
-0.000001 0.892041 0.451954
0.395589 0.888853 0.231191
-0.000000 0.965139 0.261737
-0.342261 0.845792 0.409259
-0.000000 0.965139 0.261737
-0.395589 0.888853 0.231191
-0.000000 0.965139 0.261737
-0.342261 0.845792 0.409259
-0.000001 0.892041 0.451954
-0.342261 0.845792 0.409259
-0.816971 0.560845 0.134203
-0.776398 0.576547 0.254559
-0.816971 0.560845 0.134203
-0.342261 0.845792 0.409259
-0.395589 0.888853 0.231191
-0.776398 0.576547 0.254559
-0.985564 0.166418 0.031125
-0.979620 0.189174 0.067506
-0.985564 0.166418 0.031125
-0.776398 0.576547 0.254559
-0.816971 0.560845 0.134203
-0.979620 0.189174 0.067506
-0.999996 0.001586 0.002555
-0.999983 0.002447 0.005239
-0.999996 0.001586 0.002555
-0.979620 0.189174 0.067506
-0.985564 0.166418 0.031125
-0.999983 0.002447 0.005239
-0.986979 -0.160755 0.005432
-0.983382 -0.181531 0.002586
-0.986979 -0.160755 0.005432
-0.999983 0.002447 0.005239
-0.999996 0.001586 0.002555
-0.802259 -0.593282 0.066306
-0.983382 -0.181531 0.002586
-0.986979 -0.160755 0.005432
-0.802259 -0.593282 0.066306
-0.986979 -0.160755 0.005432
-0.828912 -0.557019 0.051319
-0.802259 -0.593282 0.066306
-0.405699 -0.907182 0.111483
-0.367169 -0.917295 0.154134
-0.405699 -0.907182 0.111483
-0.802259 -0.593282 0.066306
-0.828912 -0.557019 0.051319
0.000000 -0.981984 0.188966
-0.367169 -0.917295 0.154134
-0.405699 -0.907182 0.111483
0.000000 -0.981984 0.188966
-0.405699 -0.907182 0.111483
0.000000 -0.990866 0.134853
0.367170 -0.917295 0.154134
0.000000 -0.990866 0.134853
0.405700 -0.907182 0.111483
0.000000 -0.990866 0.134853
0.367170 -0.917295 0.154134
0.000000 -0.981984 0.188966
0.802259 -0.593283 0.066306
0.405700 -0.907182 0.111483
0.828912 -0.557020 0.051318
0.405700 -0.907182 0.111483
0.802259 -0.593283 0.066306
0.367170 -0.917295 0.154134
0.802259 -0.593283 0.066306
0.986979 -0.160755 0.005431
0.983382 -0.181531 0.002585
0.986979 -0.160755 0.005431
0.802259 -0.593283 0.066306
0.828912 -0.557020 0.051318
0.999983 0.002448 0.005239
0.983382 -0.181531 0.002585
0.986979 -0.160755 0.005431
0.999983 0.002448 0.005239
0.986979 -0.160755 0.005431
0.999995 0.001586 0.002554
0.982318 -0.000749 0.187219
0.998431 -0.003781 0.055875
0.957745 0.215134 0.190899
0.998431 -0.003781 0.055875
0.975876 0.197211 0.093665
0.957745 0.215134 0.190899
0.957745 0.215134 0.190899
0.975876 0.197211 0.093665
0.746184 0.638210 0.189467
0.975876 0.197211 0.093665
0.776418 0.593650 0.211553
0.746184 0.638210 0.189467
0.746184 0.638210 0.189467
0.321954 0.890185 0.322359
0.312488 0.936661 0.158171
0.321954 0.890185 0.322359
0.746184 0.638210 0.189467
0.776418 0.593650 0.211553
0.312488 0.936661 0.158171
-0.000000 0.938125 0.346298
-0.000000 0.989614 0.143752
-0.000000 0.938125 0.346298
0.312488 0.936661 0.158171
0.321954 0.890185 0.322359
-0.000000 0.989614 0.143752
-0.000000 0.938125 0.346298
-0.312487 0.936661 0.158171
-0.312487 0.936661 0.158171
-0.000000 0.938125 0.346298
-0.321953 0.890186 0.322359
-0.312487 0.936661 0.158171
-0.321953 0.890186 0.322359
-0.746183 0.638211 0.189468
-0.321953 0.890186 0.322359
-0.776418 0.593650 0.211553
-0.746183 0.638211 0.189468
-0.746183 0.638211 0.189468
-0.975876 0.197211 0.093666
-0.957745 0.215134 0.190900
-0.975876 0.197211 0.093666
-0.746183 0.638211 0.189468
-0.776418 0.593650 0.211553
-0.957745 0.215134 0.190900
-0.998431 -0.003781 0.055875
-0.982318 -0.000749 0.187219
-0.998431 -0.003781 0.055875
-0.957745 0.215134 0.190900
-0.975876 0.197211 0.093666
-0.982318 -0.000749 0.187219
-0.975982 -0.211522 0.052125
-0.958443 -0.218149 0.183843
-0.975982 -0.211522 0.052125
-0.982318 -0.000749 0.187219
-0.998431 -0.003781 0.055875
-0.958443 -0.218149 0.183843
-0.975982 -0.211522 0.052125
-0.745752 -0.644692 0.168007
-0.975982 -0.211522 0.052125
-0.772243 -0.630036 0.081827
-0.745752 -0.644692 0.168007
-0.745752 -0.644692 0.168007
-0.331225 -0.935741 0.121155
-0.312850 -0.941252 0.127162
-0.331225 -0.935741 0.121155
-0.745752 -0.644692 0.168007
-0.772243 -0.630036 0.081827
-0.312850 -0.941252 0.127162
0.000000 -0.990411 0.138154
0.000000 -0.993801 0.111174
0.000000 -0.990411 0.138154
-0.312850 -0.941252 0.127162
-0.331225 -0.935741 0.121155
0.000000 -0.993801 0.111174
0.000000 -0.990411 0.138154
0.312850 -0.941252 0.127161
0.312850 -0.941252 0.127161
0.000000 -0.990411 0.138154
0.331225 -0.935741 0.121155
0.312850 -0.941252 0.127161
0.331225 -0.935741 0.121155
0.745752 -0.644691 0.168007
0.331225 -0.935741 0.121155
0.772242 -0.630037 0.081827
0.745752 -0.644691 0.168007
0.745752 -0.644691 0.168007
0.975982 -0.211522 0.052125
0.958443 -0.218149 0.183842
0.975982 -0.211522 0.052125
0.745752 -0.644691 0.168007
0.772242 -0.630037 0.081827
0.958443 -0.218149 0.183842
0.975982 -0.211522 0.052125
0.982318 -0.000749 0.187219
0.982318 -0.000749 0.187219
0.975982 -0.211522 0.052125
0.998431 -0.003781 0.055875
0.931017 0.201676 0.304195
0.982318 -0.000749 0.187219
0.957745 0.215134 0.190899
0.982318 -0.000749 0.187219
0.931017 0.201676 0.304195
0.946718 -0.004887 0.322026
0.736608 0.624041 0.260734
0.957745 0.215134 0.190899
0.746184 0.638210 0.189467
0.957745 0.215134 0.190899
0.736608 0.624041 0.260734
0.931017 0.201676 0.304195
0.736608 0.624041 0.260734
0.312488 0.936661 0.158171
0.314519 0.932396 0.178090
0.312488 0.936661 0.158171
0.736608 0.624041 0.260734
0.746184 0.638210 0.189467
0.314519 0.932396 0.178090
-0.000000 0.989614 0.143752
-0.000000 0.988592 0.150619
-0.000000 0.989614 0.143752
0.314519 0.932396 0.178090
0.312488 0.936661 0.158171
-0.314519 0.932396 0.178090
-0.000000 0.989614 0.143752
-0.312487 0.936661 0.158171
-0.000000 0.989614 0.143752
-0.314519 0.932396 0.178090
-0.000000 0.988592 0.150619
-0.312487 0.936661 0.158171
-0.736607 0.624042 0.260734
-0.314519 0.932396 0.178090
-0.736607 0.624042 0.260734
-0.312487 0.936661 0.158171
-0.746183 0.638211 0.189468
-0.736607 0.624042 0.260734
-0.957745 0.215134 0.190900
-0.931016 0.201676 0.304196
-0.957745 0.215134 0.190900
-0.736607 0.624042 0.260734
-0.746183 0.638211 0.189468
-0.931016 0.201676 0.304196
-0.982318 -0.000749 0.187219
-0.946718 -0.004887 0.322026
-0.982318 -0.000749 0.187219
-0.931016 0.201676 0.304196
-0.957745 0.215134 0.190900
-0.912689 -0.214975 0.347541
-0.946718 -0.004887 0.322026
-0.982318 -0.000749 0.187219
-0.912689 -0.214975 0.347541
-0.982318 -0.000749 0.187219
-0.958443 -0.218149 0.183843
-0.912689 -0.214975 0.347541
-0.958443 -0.218149 0.183843
-0.688374 -0.620941 0.374931
-0.688374 -0.620941 0.374931
-0.958443 -0.218149 0.183843
-0.745752 -0.644692 0.168007
-0.688374 -0.620941 0.374931
-0.312850 -0.941252 0.127162
-0.289537 -0.887287 0.359013
-0.312850 -0.941252 0.127162
-0.688374 -0.620941 0.374931
-0.745752 -0.644692 0.168007
-0.289537 -0.887287 0.359013
0.000000 -0.993801 0.111174
0.000001 -0.937186 0.348829
0.000000 -0.993801 0.111174
-0.289537 -0.887287 0.359013
-0.312850 -0.941252 0.127162
0.289538 -0.887287 0.359012
0.000000 -0.993801 0.111174
0.312850 -0.941252 0.127161
0.000000 -0.993801 0.111174
0.289538 -0.887287 0.359012
0.000001 -0.937186 0.348829
0.312850 -0.941252 0.127161
0.688374 -0.620941 0.374931
0.289538 -0.887287 0.359012
0.688374 -0.620941 0.374931
0.312850 -0.941252 0.127161
0.745752 -0.644691 0.168007
0.688374 -0.620941 0.374931
0.958443 -0.218149 0.183842
0.912689 -0.214975 0.347540
0.958443 -0.218149 0.183842
0.688374 -0.620941 0.374931
0.745752 -0.644691 0.168007
0.912689 -0.214975 0.347540
0.982318 -0.000749 0.187219
0.946718 -0.004887 0.322026
0.982318 -0.000749 0.187219
0.912689 -0.214975 0.347540
0.958443 -0.218149 0.183842
0.884522 -0.002819 0.466489
0.931017 0.201676 0.304195
0.884349 0.196203 0.423594
0.931017 0.201676 0.304195
0.884522 -0.002819 0.466489
0.946718 -0.004887 0.322026
0.884349 0.196203 0.423594
0.736608 0.624041 0.260734
0.708399 0.612825 0.350167
0.736608 0.624041 0.260734
0.884349 0.196203 0.423594
0.931017 0.201676 0.304195
0.708399 0.612825 0.350167
0.314519 0.932396 0.178090
0.306787 0.919367 0.246264
0.314519 0.932396 0.178090
0.708399 0.612825 0.350167
0.736608 0.624041 0.260734
0.306787 0.919367 0.246264
-0.000000 0.988592 0.150619
-0.000000 0.975843 0.218471
-0.000000 0.988592 0.150619
0.306787 0.919367 0.246264
0.314519 0.932396 0.178090
-0.306786 0.919368 0.246263
-0.000000 0.975843 0.218471
-0.000000 0.988592 0.150619
-0.306786 0.919368 0.246263
-0.000000 0.988592 0.150619
-0.314519 0.932396 0.178090
-0.306786 0.919368 0.246263
-0.314519 0.932396 0.178090
-0.708398 0.612826 0.350166
-0.708398 0.612826 0.350166
-0.314519 0.932396 0.178090
-0.736607 0.624042 0.260734
-0.708398 0.612826 0.350166
-0.736607 0.624042 0.260734
-0.884349 0.196203 0.423593
-0.884349 0.196203 0.423593
-0.736607 0.624042 0.260734
-0.931016 0.201676 0.304196
-0.884349 0.196203 0.423593
-0.931016 0.201676 0.304196
-0.884523 -0.002819 0.466488
-0.884523 -0.002819 0.466488
-0.931016 0.201676 0.304196
-0.946718 -0.004887 0.322026
-0.884523 -0.002819 0.466488
-0.946718 -0.004887 0.322026
-0.823704 -0.188323 0.534833
-0.823704 -0.188323 0.534833
-0.946718 -0.004887 0.322026
-0.912689 -0.214975 0.347541
-0.823704 -0.188323 0.534833
-0.912689 -0.214975 0.347541
-0.587842 -0.500539 0.635533
-0.587842 -0.500539 0.635533
-0.912689 -0.214975 0.347541
-0.688374 -0.620941 0.374931
-0.587842 -0.500539 0.635533
-0.289537 -0.887287 0.359013
-0.231559 -0.700201 0.675351
-0.289537 -0.887287 0.359013
-0.587842 -0.500539 0.635533
-0.688374 -0.620941 0.374931
-0.231559 -0.700201 0.675351
0.000001 -0.937186 0.348829
0.000001 -0.733367 0.679833
0.000001 -0.937186 0.348829
-0.231559 -0.700201 0.675351
-0.289537 -0.887287 0.359013
0.231560 -0.700201 0.675350
0.000001 -0.733367 0.679833
0.000001 -0.937186 0.348829
0.231560 -0.700201 0.675350
0.000001 -0.937186 0.348829
0.289538 -0.887287 0.359012
0.289538 -0.887287 0.359012
0.587841 -0.500539 0.635534
0.231560 -0.700201 0.675350
0.587841 -0.500539 0.635534
0.289538 -0.887287 0.359012
0.688374 -0.620941 0.374931
0.587841 -0.500539 0.635534
0.912689 -0.214975 0.347540
0.823703 -0.188323 0.534834
0.912689 -0.214975 0.347540
0.587841 -0.500539 0.635534
0.688374 -0.620941 0.374931
0.823703 -0.188323 0.534834
0.946718 -0.004887 0.322026
0.884522 -0.002819 0.466489
0.946718 -0.004887 0.322026
0.823703 -0.188323 0.534834
0.912689 -0.214975 0.347540
0.710390 0.172281 0.682396
0.365186 0.002914 0.930930
0.697989 0.007239 0.716072
0.365186 0.002914 0.930930
0.710390 0.172281 0.682396
0.371520 0.088973 0.924152
0.371520 0.088973 0.924152
0.587798 0.539721 0.602657
0.324646 0.339885 0.882657
0.587798 0.539721 0.602657
0.371520 0.088973 0.924152
0.710390 0.172281 0.682396
0.324646 0.339885 0.882657
0.278802 0.836699 0.471386
0.153873 0.549461 0.821228
0.278802 0.836699 0.471386
0.324646 0.339885 0.882657
0.587798 0.539721 0.602657
0.153873 0.549461 0.821228
-0.000001 0.915603 0.402084
-0.000003 0.597593 0.801799
-0.000001 0.915603 0.402084
0.153873 0.549461 0.821228
0.278802 0.836699 0.471386
-0.153870 0.549467 0.821225
-0.000003 0.597593 0.801799
-0.000001 0.915603 0.402084
-0.000001 0.915603 0.402084
-0.278800 0.836701 0.471384
-0.153870 0.549467 0.821225
-0.324640 0.339889 0.882658
-0.153870 0.549467 0.821225
-0.278800 0.836701 0.471384
-0.278800 0.836701 0.471384
-0.587797 0.539723 0.602656
-0.324640 0.339889 0.882658
-0.324640 0.339889 0.882658
-0.587797 0.539723 0.602656
-0.371520 0.088970 0.924152
-0.587797 0.539723 0.602656
-0.710390 0.172280 0.682397
-0.371520 0.088970 0.924152
-0.697990 0.007239 0.716071
-0.365186 0.002914 0.930930
-0.710390 0.172280 0.682397
-0.371520 0.088970 0.924152
-0.710390 0.172280 0.682397
-0.365186 0.002914 0.930930
-0.649200 -0.130383 0.749359
-0.350338 -0.072017 0.933851
-0.697990 0.007239 0.716071
-0.365186 0.002914 0.930930
-0.697990 0.007239 0.716071
-0.350338 -0.072017 0.933851
-0.467425 -0.363115 0.806016
-0.273608 -0.238368 0.931837
-0.649200 -0.130383 0.749359
-0.649200 -0.130383 0.749359
-0.273608 -0.238368 0.931837
-0.350338 -0.072017 0.933851
-0.184865 -0.540541 0.820756
-0.273608 -0.238368 0.931837
-0.467425 -0.363115 0.806016
-0.273608 -0.238368 0.931837
-0.184865 -0.540541 0.820756
-0.118997 -0.375327 0.919222
-0.118997 -0.375327 0.919222
0.000002 -0.583471 0.812134
0.000004 -0.407950 0.913005
0.000002 -0.583471 0.812134
-0.118997 -0.375327 0.919222
-0.184865 -0.540541 0.820756
0.119002 -0.375327 0.919221
0.000004 -0.407950 0.913005
0.000002 -0.583471 0.812134
0.000002 -0.583471 0.812134
0.184867 -0.540540 0.820756
0.119002 -0.375327 0.919221
0.467424 -0.363115 0.806016
0.273608 -0.238372 0.931836
0.184867 -0.540540 0.820756
0.119002 -0.375327 0.919221
0.184867 -0.540540 0.820756
0.273608 -0.238372 0.931836
0.649199 -0.130385 0.749360
0.273608 -0.238372 0.931836
0.467424 -0.363115 0.806016
0.273608 -0.238372 0.931836
0.649199 -0.130385 0.749360
0.350337 -0.072020 0.933851
0.697989 0.007239 0.716072
0.350337 -0.072020 0.933851
0.649199 -0.130385 0.749360
0.350337 -0.072020 0.933851
0.697989 0.007239 0.716072
0.365186 0.002914 0.930930
0.697989 0.007239 0.716072
0.884349 0.196203 0.423594
0.710390 0.172281 0.682396
0.884349 0.196203 0.423594
0.697989 0.007239 0.716072
0.884522 -0.002819 0.466489
0.710390 0.172281 0.682396
0.708399 0.612825 0.350167
0.587798 0.539721 0.602657
0.708399 0.612825 0.350167
0.710390 0.172281 0.682396
0.884349 0.196203 0.423594
0.587798 0.539721 0.602657
0.306787 0.919367 0.246264
0.278802 0.836699 0.471386
0.306787 0.919367 0.246264
0.587798 0.539721 0.602657
0.708399 0.612825 0.350167
0.278802 0.836699 0.471386
-0.000000 0.975843 0.218471
-0.000001 0.915603 0.402084
-0.000000 0.975843 0.218471
0.278802 0.836699 0.471386
0.306787 0.919367 0.246264
-0.278800 0.836701 0.471384
-0.000001 0.915603 0.402084
-0.000000 0.975843 0.218471
-0.278800 0.836701 0.471384
-0.000000 0.975843 0.218471
-0.306786 0.919368 0.246263
-0.278800 0.836701 0.471384
-0.306786 0.919368 0.246263
-0.587797 0.539723 0.602656
-0.587797 0.539723 0.602656
-0.306786 0.919368 0.246263
-0.708398 0.612826 0.350166
-0.587797 0.539723 0.602656
-0.708398 0.612826 0.350166
-0.710390 0.172280 0.682397
-0.710390 0.172280 0.682397
-0.708398 0.612826 0.350166
-0.884349 0.196203 0.423593
-0.710390 0.172280 0.682397
-0.884349 0.196203 0.423593
-0.697990 0.007239 0.716071
-0.697990 0.007239 0.716071
-0.884349 0.196203 0.423593
-0.884523 -0.002819 0.466488
-0.697990 0.007239 0.716071
-0.884523 -0.002819 0.466488
-0.649200 -0.130383 0.749359
-0.649200 -0.130383 0.749359
-0.884523 -0.002819 0.466488
-0.823704 -0.188323 0.534833
-0.649200 -0.130383 0.749359
-0.823704 -0.188323 0.534833
-0.467425 -0.363115 0.806016
-0.467425 -0.363115 0.806016
-0.823704 -0.188323 0.534833
-0.587842 -0.500539 0.635533
-0.231559 -0.700201 0.675351
-0.184865 -0.540541 0.820756
-0.587842 -0.500539 0.635533
-0.184865 -0.540541 0.820756
-0.467425 -0.363115 0.806016
-0.587842 -0.500539 0.635533
-0.184865 -0.540541 0.820756
0.000001 -0.733367 0.679833
0.000002 -0.583471 0.812134
0.000001 -0.733367 0.679833
-0.184865 -0.540541 0.820756
-0.231559 -0.700201 0.675351
0.000001 -0.733367 0.679833
0.184867 -0.540540 0.820756
0.000002 -0.583471 0.812134
0.184867 -0.540540 0.820756
0.000001 -0.733367 0.679833
0.231560 -0.700201 0.675350
0.184867 -0.540540 0.820756
0.231560 -0.700201 0.675350
0.587841 -0.500539 0.635534
0.184867 -0.540540 0.820756
0.587841 -0.500539 0.635534
0.467424 -0.363115 0.806016
0.823703 -0.188323 0.534834
0.649199 -0.130385 0.749360
0.467424 -0.363115 0.806016
0.823703 -0.188323 0.534834
0.467424 -0.363115 0.806016
0.587841 -0.500539 0.635534
0.697989 0.007239 0.716072
0.649199 -0.130385 0.749360
0.884522 -0.002819 0.466489
0.884522 -0.002819 0.466489
0.649199 -0.130385 0.749360
0.823703 -0.188323 0.534834
0.998431 -0.003781 0.055875
0.999983 0.002448 0.005239
0.975876 0.197211 0.093665
0.975876 0.197211 0.093665
0.999983 0.002448 0.005239
0.979620 0.189174 0.067506
0.975876 0.197211 0.093665
0.979620 0.189174 0.067506
0.776418 0.593650 0.211553
0.776418 0.593650 0.211553
0.979620 0.189174 0.067506
0.776398 0.576547 0.254558
0.776418 0.593650 0.211553
0.342261 0.845792 0.409260
0.321954 0.890185 0.322359
0.342261 0.845792 0.409260
0.776418 0.593650 0.211553
0.776398 0.576547 0.254558
0.321954 0.890185 0.322359
0.342261 0.845792 0.409260
-0.000000 0.938125 0.346298
-0.000000 0.938125 0.346298
0.342261 0.845792 0.409260
-0.000001 0.892041 0.451954
-0.000000 0.938125 0.346298
-0.342261 0.845792 0.409259
-0.321953 0.890186 0.322359
-0.342261 0.845792 0.409259
-0.000000 0.938125 0.346298
-0.000001 0.892041 0.451954
-0.776418 0.593650 0.211553
-0.342261 0.845792 0.409259
-0.776398 0.576547 0.254559
-0.342261 0.845792 0.409259
-0.776418 0.593650 0.211553
-0.321953 0.890186 0.322359
-0.776418 0.593650 0.211553
-0.979620 0.189174 0.067506
-0.975876 0.197211 0.093666
-0.979620 0.189174 0.067506
-0.776418 0.593650 0.211553
-0.776398 0.576547 0.254559
-0.975876 0.197211 0.093666
-0.999983 0.002447 0.005239
-0.998431 -0.003781 0.055875
-0.999983 0.002447 0.005239
-0.975876 0.197211 0.093666
-0.979620 0.189174 0.067506
-0.998431 -0.003781 0.055875
-0.983382 -0.181531 0.002586
-0.975982 -0.211522 0.052125
-0.983382 -0.181531 0.002586
-0.998431 -0.003781 0.055875
-0.999983 0.002447 0.005239
-0.975982 -0.211522 0.052125
-0.983382 -0.181531 0.002586
-0.772243 -0.630036 0.081827
-0.772243 -0.630036 0.081827
-0.983382 -0.181531 0.002586
-0.802259 -0.593282 0.066306
-0.772243 -0.630036 0.081827
-0.367169 -0.917295 0.154134
-0.331225 -0.935741 0.121155
-0.367169 -0.917295 0.154134
-0.772243 -0.630036 0.081827
-0.802259 -0.593282 0.066306
-0.331225 -0.935741 0.121155
-0.367169 -0.917295 0.154134
0.000000 -0.990411 0.138154
0.000000 -0.990411 0.138154
-0.367169 -0.917295 0.154134
0.000000 -0.981984 0.188966
0.331225 -0.935741 0.121155
0.000000 -0.981984 0.188966
0.367170 -0.917295 0.154134
0.000000 -0.981984 0.188966
0.331225 -0.935741 0.121155
0.000000 -0.990411 0.138154
0.772242 -0.630037 0.081827
0.367170 -0.917295 0.154134
0.802259 -0.593283 0.066306
0.367170 -0.917295 0.154134
0.772242 -0.630037 0.081827
0.331225 -0.935741 0.121155
0.772242 -0.630037 0.081827
0.983382 -0.181531 0.002585
0.975982 -0.211522 0.052125
0.983382 -0.181531 0.002585
0.772242 -0.630037 0.081827
0.802259 -0.593283 0.066306
0.975982 -0.211522 0.052125
0.983382 -0.181531 0.002585
0.998431 -0.003781 0.055875
0.998431 -0.003781 0.055875
0.983382 -0.181531 0.002585
0.999983 0.002448 0.005239
0.999996 -0.002751 -0.000570
0.999648 -0.003836 -0.026236
0.988894 0.148475 0.006562
0.988894 0.148475 0.006562
0.999648 -0.003836 -0.026236
0.987122 0.159966 -0.000336
0.988894 0.148475 0.006562
0.987122 0.159966 -0.000336
0.846233 0.532749 0.008283
0.846233 0.532749 0.008283
0.987122 0.159966 -0.000336
0.830710 0.556594 0.011147
0.846233 0.532749 0.008283
0.404497 0.914532 -0.003616
0.428592 0.903498 0.000691
0.404497 0.914532 -0.003616
0.846233 0.532749 0.008283
0.830710 0.556594 0.011147
0.428592 0.903498 0.000691
0.000000 0.999821 -0.018910
0.000000 0.999986 -0.005332
0.000000 0.999821 -0.018910
0.428592 0.903498 0.000691
0.404497 0.914532 -0.003616
-0.428592 0.903498 0.000691
0.000000 0.999821 -0.018910
-0.404496 0.914532 -0.003616
0.000000 0.999821 -0.018910
-0.428592 0.903498 0.000691
0.000000 0.999986 -0.005332
-0.846233 0.532749 0.008283
-0.404496 0.914532 -0.003616
-0.830710 0.556594 0.011148
-0.404496 0.914532 -0.003616
-0.846233 0.532749 0.008283
-0.428592 0.903498 0.000691
-0.988894 0.148475 0.006563
-0.846233 0.532749 0.008283
-0.987122 0.159967 -0.000335
-0.846233 0.532749 0.008283
-0.830710 0.556594 0.011148
-0.987122 0.159967 -0.000335
-0.999996 -0.002752 -0.000570
-0.988894 0.148475 0.006563
-0.999648 -0.003836 -0.026236
-0.988894 0.148475 0.006563
-0.987122 0.159967 -0.000335
-0.999648 -0.003836 -0.026236
-0.987094 -0.158772 -0.020901
-0.999996 -0.002752 -0.000570
-0.980449 -0.172377 -0.094899
-0.999996 -0.002752 -0.000570
-0.999648 -0.003836 -0.026236
-0.980449 -0.172377 -0.094899
-0.791054 -0.544542 -0.278761
-0.829735 -0.551581 -0.085427
-0.987094 -0.158772 -0.020901
-0.987094 -0.158772 -0.020901
-0.980449 -0.172377 -0.094899
-0.791054 -0.544542 -0.278761
-0.416180 -0.897949 -0.143118
-0.829735 -0.551581 -0.085427
-0.368951 -0.828437 -0.421387
-0.829735 -0.551581 -0.085427
-0.791054 -0.544542 -0.278761
-0.368951 -0.828437 -0.421387
0.000000 -0.986989 -0.160789
-0.416180 -0.897949 -0.143118
0.000000 -0.887493 -0.460821
-0.416180 -0.897949 -0.143118
-0.368951 -0.828437 -0.421387
0.000000 -0.887493 -0.460821
0.000000 -0.986989 -0.160789
0.000000 -0.887493 -0.460821
0.416180 -0.897948 -0.143118
0.416180 -0.897948 -0.143118
0.000000 -0.887493 -0.460821
0.368951 -0.828437 -0.421387
0.416180 -0.897948 -0.143118
0.368951 -0.828437 -0.421387
0.829735 -0.551581 -0.085428
0.829735 -0.551581 -0.085428
0.368951 -0.828437 -0.421387
0.791054 -0.544542 -0.278761
0.829735 -0.551581 -0.085428
0.791054 -0.544542 -0.278761
0.987094 -0.158772 -0.020901
0.987094 -0.158772 -0.020901
0.791054 -0.544542 -0.278761
0.980449 -0.172377 -0.094899
0.987094 -0.158772 -0.020901
0.980449 -0.172377 -0.094899
0.999996 -0.002751 -0.000570
0.999996 -0.002751 -0.000570
0.980449 -0.172377 -0.094899
0.999648 -0.003836 -0.026236
0.992263 -0.000106 -0.124155
0.942056 0.000770 -0.335455
0.978651 0.187057 -0.085155
0.978651 0.187057 -0.085155
0.942056 0.000770 -0.335455
0.935133 0.202879 -0.290458
0.978651 0.187057 -0.085155
0.935133 0.202879 -0.290458
0.798901 0.599376 -0.050050
0.798901 0.599376 -0.050050
0.935133 0.202879 -0.290458
0.752130 0.622451 -0.216461
0.798901 0.599376 -0.050050
0.752130 0.622451 -0.216461
0.364719 0.930512 -0.033587
0.364719 0.930512 -0.033587
0.752130 0.622451 -0.216461
0.328320 0.936319 -0.124553
0.364719 0.930512 -0.033587
0.328320 0.936319 -0.124553
0.000000 0.999211 -0.039721
0.000000 0.999211 -0.039721
0.328320 0.936319 -0.124553
0.000000 0.994987 -0.100001
-0.364718 0.930512 -0.033587
0.000000 0.999211 -0.039721
-0.328319 0.936319 -0.124553
0.000000 0.999211 -0.039721
0.000000 0.994987 -0.100001
-0.328319 0.936319 -0.124553
-0.752130 0.622451 -0.216461
-0.798901 0.599376 -0.050050
-0.364718 0.930512 -0.033587
-0.364718 0.930512 -0.033587
-0.328319 0.936319 -0.124553
-0.752130 0.622451 -0.216461
-0.935133 0.202879 -0.290458
-0.978651 0.187057 -0.085154
-0.798901 0.599376 -0.050050
-0.798901 0.599376 -0.050050
-0.752130 0.622451 -0.216461
-0.935133 0.202879 -0.290458
-0.942056 0.000770 -0.335455
-0.992263 -0.000106 -0.124155
-0.978651 0.187057 -0.085154
-0.978651 0.187057 -0.085154
-0.935133 0.202879 -0.290458
-0.942056 0.000770 -0.335455
-0.895535 -0.188795 -0.402955
-0.961330 -0.182217 -0.206497
-0.992263 -0.000106 -0.124155
-0.992263 -0.000106 -0.124155
-0.942056 0.000770 -0.335455
-0.895535 -0.188795 -0.402955
-0.666774 -0.522086 -0.531827
-0.746243 -0.528996 -0.404085
-0.961330 -0.182217 -0.206497
-0.961330 -0.182217 -0.206497
-0.895535 -0.188795 -0.402955
-0.666774 -0.522086 -0.531827
-0.310219 -0.768368 -0.559799
-0.666774 -0.522086 -0.531827
-0.265642 -0.748579 -0.607506
-0.666774 -0.522086 -0.531827
-0.310219 -0.768368 -0.559799
-0.746243 -0.528996 -0.404085
0.000000 -0.805698 -0.592327
-0.265642 -0.748579 -0.607506
0.000001 -0.786631 -0.617423
-0.265642 -0.748579 -0.607506
0.000000 -0.805698 -0.592327
-0.310219 -0.768368 -0.559799
0.000000 -0.805698 -0.592327
0.265643 -0.748579 -0.607506
0.310219 -0.768368 -0.559799
0.265643 -0.748579 -0.607506
0.000000 -0.805698 -0.592327
0.000001 -0.786631 -0.617423
0.310219 -0.768368 -0.559799
0.666774 -0.522085 -0.531827
0.746243 -0.528996 -0.404085
0.666774 -0.522085 -0.531827
0.310219 -0.768368 -0.559799
0.265643 -0.748579 -0.607506
0.746243 -0.528996 -0.404085
0.666774 -0.522085 -0.531827
0.961330 -0.182216 -0.206498
0.961330 -0.182216 -0.206498
0.666774 -0.522085 -0.531827
0.895536 -0.188795 -0.402955
0.961330 -0.182216 -0.206498
0.895536 -0.188795 -0.402955
0.992263 -0.000106 -0.124155
0.992263 -0.000106 -0.124155
0.895536 -0.188795 -0.402955
0.942056 0.000770 -0.335455
0.942056 0.000770 -0.335455
0.817033 0.006678 -0.576553
0.935133 0.202879 -0.290458
0.817033 0.006678 -0.576553
0.815586 0.190498 -0.546379
0.935133 0.202879 -0.290458
0.935133 0.202879 -0.290458
0.815586 0.190498 -0.546379
0.752130 0.622451 -0.216461
0.752130 0.622451 -0.216461
0.815586 0.190498 -0.546379
0.664376 0.591723 -0.456584
0.752130 0.622451 -0.216461
0.664376 0.591723 -0.456584
0.328320 0.936319 -0.124553
0.664376 0.591723 -0.456584
0.306352 0.900360 -0.309032
0.328320 0.936319 -0.124553
0.328320 0.936319 -0.124553
0.306352 0.900360 -0.309032
0.000000 0.994987 -0.100001
0.000000 0.994987 -0.100001
0.306352 0.900360 -0.309032
0.000001 0.970117 -0.242637
-0.306351 0.900361 -0.309031
-0.328319 0.936319 -0.124553
0.000000 0.994987 -0.100001
0.000000 0.994987 -0.100001
0.000001 0.970117 -0.242637
-0.306351 0.900361 -0.309031
-0.664377 0.591722 -0.456583
-0.752130 0.622451 -0.216461
-0.328319 0.936319 -0.124553
-0.328319 0.936319 -0.124553
-0.306351 0.900361 -0.309031
-0.664377 0.591722 -0.456583
-0.815587 0.190496 -0.546378
-0.935133 0.202879 -0.290458
-0.752130 0.622451 -0.216461
-0.752130 0.622451 -0.216461
-0.664377 0.591722 -0.456583
-0.815587 0.190496 -0.546378
-0.817034 0.006678 -0.576551
-0.942056 0.000770 -0.335455
-0.935133 0.202879 -0.290458
-0.935133 0.202879 -0.290458
-0.815587 0.190496 -0.546378
-0.817034 0.006678 -0.576551
-0.784428 -0.157566 -0.599872
-0.895535 -0.188795 -0.402955
-0.942056 0.000770 -0.335455
-0.942056 0.000770 -0.335455
-0.817034 0.006678 -0.576551
-0.784428 -0.157566 -0.599872
-0.610324 -0.476239 -0.633010
-0.666774 -0.522086 -0.531827
-0.895535 -0.188795 -0.402955
-0.895535 -0.188795 -0.402955
-0.784428 -0.157566 -0.599872
-0.610324 -0.476239 -0.633010
-0.610324 -0.476239 -0.633010
-0.265642 -0.748579 -0.607506
-0.666774 -0.522086 -0.531827
-0.265642 -0.748579 -0.607506
-0.610324 -0.476239 -0.633010
-0.272272 -0.763997 -0.584958
0.000001 -0.786631 -0.617423
-0.272272 -0.763997 -0.584958
0.000001 -0.839305 -0.543661
-0.272272 -0.763997 -0.584958
0.000001 -0.786631 -0.617423
-0.265642 -0.748579 -0.607506
0.000001 -0.786631 -0.617423
0.272273 -0.763996 -0.584959
0.265643 -0.748579 -0.607506
0.272273 -0.763996 -0.584959
0.000001 -0.786631 -0.617423
0.000001 -0.839305 -0.543661
0.265643 -0.748579 -0.607506
0.610324 -0.476238 -0.633010
0.666774 -0.522085 -0.531827
0.610324 -0.476238 -0.633010
0.265643 -0.748579 -0.607506
0.272273 -0.763996 -0.584959
0.784427 -0.157567 -0.599872
0.895536 -0.188795 -0.402955
0.610324 -0.476238 -0.633010
0.666774 -0.522085 -0.531827
0.610324 -0.476238 -0.633010
0.895536 -0.188795 -0.402955
0.817033 0.006678 -0.576553
0.942056 0.000770 -0.335455
0.784427 -0.157567 -0.599872
0.895536 -0.188795 -0.402955
0.784427 -0.157567 -0.599872
0.942056 0.000770 -0.335455
0.999648 -0.003836 -0.026236
0.992263 -0.000106 -0.124155
0.987122 0.159966 -0.000336
0.992263 -0.000106 -0.124155
0.978651 0.187057 -0.085155
0.987122 0.159966 -0.000336
0.987122 0.159966 -0.000336
0.978651 0.187057 -0.085155
0.830710 0.556594 0.011147
0.830710 0.556594 0.011147
0.978651 0.187057 -0.085155
0.798901 0.599376 -0.050050
0.830710 0.556594 0.011147
0.798901 0.599376 -0.050050
0.404497 0.914532 -0.003616
0.404497 0.914532 -0.003616
0.798901 0.599376 -0.050050
0.364719 0.930512 -0.033587
0.000000 0.999821 -0.018910
0.404497 0.914532 -0.003616
0.364719 0.930512 -0.033587
0.000000 0.999821 -0.018910
0.364719 0.930512 -0.033587
0.000000 0.999211 -0.039721
-0.404496 0.914532 -0.003616
0.000000 0.999821 -0.018910
-0.364718 0.930512 -0.033587
0.000000 0.999821 -0.018910
0.000000 0.999211 -0.039721
-0.364718 0.930512 -0.033587
-0.798901 0.599376 -0.050050
-0.830710 0.556594 0.011148
-0.404496 0.914532 -0.003616
-0.404496 0.914532 -0.003616
-0.364718 0.930512 -0.033587
-0.798901 0.599376 -0.050050
-0.978651 0.187057 -0.085154
-0.987122 0.159967 -0.000335
-0.830710 0.556594 0.011148
-0.830710 0.556594 0.011148
-0.798901 0.599376 -0.050050
-0.978651 0.187057 -0.085154
-0.992263 -0.000106 -0.124155
-0.999648 -0.003836 -0.026236
-0.987122 0.159967 -0.000335
-0.987122 0.159967 -0.000335
-0.978651 0.187057 -0.085154
-0.992263 -0.000106 -0.124155
-0.961330 -0.182217 -0.206497
-0.980449 -0.172377 -0.094899
-0.999648 -0.003836 -0.026236
-0.999648 -0.003836 -0.026236
-0.992263 -0.000106 -0.124155
-0.961330 -0.182217 -0.206497
-0.746243 -0.528996 -0.404085
-0.791054 -0.544542 -0.278761
-0.980449 -0.172377 -0.094899
-0.980449 -0.172377 -0.094899
-0.961330 -0.182217 -0.206497
-0.746243 -0.528996 -0.404085
-0.368951 -0.828437 -0.421387
-0.746243 -0.528996 -0.404085
-0.310219 -0.768368 -0.559799
-0.746243 -0.528996 -0.404085
-0.368951 -0.828437 -0.421387
-0.791054 -0.544542 -0.278761
0.000000 -0.887493 -0.460821
-0.310219 -0.768368 -0.559799
0.000000 -0.805698 -0.592327
-0.310219 -0.768368 -0.559799
0.000000 -0.887493 -0.460821
-0.368951 -0.828437 -0.421387
0.000000 -0.887493 -0.460821
0.310219 -0.768368 -0.559799
0.368951 -0.828437 -0.421387
0.310219 -0.768368 -0.559799
0.000000 -0.887493 -0.460821
0.000000 -0.805698 -0.592327
0.368951 -0.828437 -0.421387
0.746243 -0.528996 -0.404085
0.791054 -0.544542 -0.278761
0.746243 -0.528996 -0.404085
0.368951 -0.828437 -0.421387
0.310219 -0.768368 -0.559799
0.791054 -0.544542 -0.278761
0.746243 -0.528996 -0.404085
0.980449 -0.172377 -0.094899
0.746243 -0.528996 -0.404085
0.961330 -0.182216 -0.206498
0.980449 -0.172377 -0.094899
0.980449 -0.172377 -0.094899
0.961330 -0.182216 -0.206498
0.999648 -0.003836 -0.026236
0.961330 -0.182216 -0.206498
0.992263 -0.000106 -0.124155
0.999648 -0.003836 -0.026236
0.817033 0.006678 -0.576553
0.528111 0.113248 -0.841590
0.815586 0.190498 -0.546379
0.528111 0.113248 -0.841590
0.817033 0.006678 -0.576553
0.530329 0.000625 -0.847792
0.815586 0.190498 -0.546379
0.445946 0.408207 -0.796554
0.664376 0.591723 -0.456584
0.445946 0.408207 -0.796554
0.815586 0.190498 -0.546379
0.528111 0.113248 -0.841590
0.664376 0.591723 -0.456584
0.445946 0.408207 -0.796554
0.306352 0.900360 -0.309032
0.306352 0.900360 -0.309032
0.445946 0.408207 -0.796554
0.208301 0.645722 -0.734612
0.306352 0.900360 -0.309032
0.208301 0.645722 -0.734612
0.000001 0.970117 -0.242637
0.000001 0.970117 -0.242637
0.208301 0.645722 -0.734612
0.000004 0.700619 -0.713536
0.000001 0.970117 -0.242637
-0.208297 0.645721 -0.734613
-0.306351 0.900361 -0.309031
-0.208297 0.645721 -0.734613
0.000001 0.970117 -0.242637
0.000004 0.700619 -0.713536
-0.306351 0.900361 -0.309031
-0.445946 0.408205 -0.796556
-0.664377 0.591722 -0.456583
-0.445946 0.408205 -0.796556
-0.306351 0.900361 -0.309031
-0.208297 0.645721 -0.734613
-0.664377 0.591722 -0.456583
-0.445946 0.408205 -0.796556
-0.815587 0.190496 -0.546378
-0.815587 0.190496 -0.546378
-0.445946 0.408205 -0.796556
-0.528111 0.113243 -0.841590
-0.528111 0.113243 -0.841590
-0.817034 0.006678 -0.576551
-0.815587 0.190496 -0.546378
-0.817034 0.006678 -0.576551
-0.528111 0.113243 -0.841590
-0.530330 0.000624 -0.847791
-0.817034 0.006678 -0.576551
-0.523887 -0.109727 -0.844690
-0.784428 -0.157566 -0.599872
-0.523887 -0.109727 -0.844690
-0.817034 0.006678 -0.576551
-0.530330 0.000624 -0.847791
-0.784428 -0.157566 -0.599872
-0.436502 -0.389695 -0.810928
-0.610324 -0.476239 -0.633010
-0.436502 -0.389695 -0.810928
-0.784428 -0.157566 -0.599872
-0.523887 -0.109727 -0.844690
-0.610324 -0.476239 -0.633010
-0.436502 -0.389695 -0.810928
-0.272272 -0.763997 -0.584958
-0.272272 -0.763997 -0.584958
-0.436502 -0.389695 -0.810928
-0.201928 -0.618024 -0.759784
-0.272272 -0.763997 -0.584958
-0.201928 -0.618024 -0.759784
0.000001 -0.839305 -0.543661
0.000001 -0.839305 -0.543661
-0.201928 -0.618024 -0.759784
0.000002 -0.671252 -0.741229
0.000001 -0.839305 -0.543661
0.201931 -0.618023 -0.759784
0.272273 -0.763996 -0.584959
0.201931 -0.618023 -0.759784
0.000001 -0.839305 -0.543661
0.000002 -0.671252 -0.741229
0.272273 -0.763996 -0.584959
0.436504 -0.389694 -0.810927
0.610324 -0.476238 -0.633010
0.436504 -0.389694 -0.810927
0.272273 -0.763996 -0.584959
0.201931 -0.618023 -0.759784
0.610324 -0.476238 -0.633010
0.436504 -0.389694 -0.810927
0.784427 -0.157567 -0.599872
0.784427 -0.157567 -0.599872
0.436504 -0.389694 -0.810927
0.523888 -0.109730 -0.844690
0.784427 -0.157567 -0.599872
0.523888 -0.109730 -0.844690
0.817033 0.006678 -0.576553
0.817033 0.006678 -0.576553
0.523888 -0.109730 -0.844690
0.530329 0.000625 -0.847792
0.365186 0.002914 0.930930
0.371520 0.088973 0.924152
0.000001 0.000000 1.000000
0.371520 0.088973 0.924152
0.324646 0.339885 0.882657
0.000001 0.000000 1.000000
0.324646 0.339885 0.882657
0.153873 0.549461 0.821228
0.000001 0.000000 1.000000
0.153873 0.549461 0.821228
-0.000003 0.597593 0.801799
0.000001 0.000000 1.000000
-0.000003 0.597593 0.801799
-0.153870 0.549467 0.821225
0.000001 0.000000 1.000000
-0.153870 0.549467 0.821225
-0.324640 0.339889 0.882658
0.000001 0.000000 1.000000
-0.324640 0.339889 0.882658
-0.371520 0.088970 0.924152
0.000001 0.000000 1.000000
-0.371520 0.088970 0.924152
-0.365186 0.002914 0.930930
0.000001 0.000000 1.000000
-0.365186 0.002914 0.930930
-0.350338 -0.072017 0.933851
0.000001 0.000000 1.000000
-0.350338 -0.072017 0.933851
-0.273608 -0.238368 0.931837
0.000001 0.000000 1.000000
-0.273608 -0.238368 0.931837
-0.118997 -0.375327 0.919222
0.000001 0.000000 1.000000
-0.118997 -0.375327 0.919222
0.000004 -0.407950 0.913005
0.000001 0.000000 1.000000
0.000004 -0.407950 0.913005
0.119002 -0.375327 0.919221
0.000001 0.000000 1.000000
0.119002 -0.375327 0.919221
0.273608 -0.238372 0.931836
0.000001 0.000000 1.000000
0.273608 -0.238372 0.931836
0.350337 -0.072020 0.933851
0.000001 0.000000 1.000000
0.350337 -0.072020 0.933851
0.365186 0.002914 0.930930
0.000001 0.000000 1.000000
0.528111 0.113248 -0.841590
0.530329 0.000625 -0.847792
0.000002 0.000001 -1.000000
0.445946 0.408207 -0.796554
0.528111 0.113248 -0.841590
0.000002 0.000001 -1.000000
0.208301 0.645722 -0.734612
0.445946 0.408207 -0.796554
0.000002 0.000001 -1.000000
0.000004 0.700619 -0.713536
0.208301 0.645722 -0.734612
0.000002 0.000001 -1.000000
-0.208297 0.645721 -0.734613
0.000004 0.700619 -0.713536
0.000002 0.000001 -1.000000
-0.445946 0.408205 -0.796556
-0.208297 0.645721 -0.734613
0.000002 0.000001 -1.000000
-0.528111 0.113243 -0.841590
-0.445946 0.408205 -0.796556
0.000002 0.000001 -1.000000
-0.530330 0.000624 -0.847791
-0.528111 0.113243 -0.841590
0.000002 0.000001 -1.000000
-0.523887 -0.109727 -0.844690
-0.530330 0.000624 -0.847791
0.000002 0.000001 -1.000000
-0.436502 -0.389695 -0.810928
-0.523887 -0.109727 -0.844690
0.000002 0.000001 -1.000000
-0.201928 -0.618024 -0.759784
-0.436502 -0.389695 -0.810928
0.000002 0.000001 -1.000000
0.000002 -0.671252 -0.741229
-0.201928 -0.618024 -0.759784
0.000002 0.000001 -1.000000
0.201931 -0.618023 -0.759784
0.000002 -0.671252 -0.741229
0.000002 0.000001 -1.000000
0.436504 -0.389694 -0.810927
0.201931 -0.618023 -0.759784
0.000002 0.000001 -1.000000
0.523888 -0.109730 -0.844690
0.436504 -0.389694 -0.810927
0.000002 0.000001 -1.000000
0.530329 0.000625 -0.847792
0.523888 -0.109730 -0.844690
0.000002 0.000001 -1.000000
1.000000 0.000001 0.000001
1.000000 0.000000 0.000001
0.923880 0.382683 0.000001
0.923880 0.382683 0.000001
1.000000 0.000000 0.000001
0.923880 0.382683 0.000001
0.923880 0.382683 0.000001
0.923880 0.382683 0.000001
0.707108 0.707106 0.000001
0.707108 0.707106 0.000001
0.923880 0.382683 0.000001
0.707107 0.707106 0.000001
0.707108 0.707106 0.000001
0.382684 0.923879 0.000001
0.382684 0.923879 0.000001
0.382684 0.923879 0.000001
0.707108 0.707106 0.000001
0.707107 0.707106 0.000001
0.382684 0.923879 0.000001
0.382684 0.923879 0.000001
-0.000000 1.000000 0.000001
-0.000000 1.000000 0.000001
0.382684 0.923879 0.000001
-0.000000 1.000000 0.000001
-0.000000 1.000000 0.000001
-0.382684 0.923879 0.000001
-0.382684 0.923879 0.000001
-0.382684 0.923879 0.000001
-0.000000 1.000000 0.000001
-0.000000 1.000000 0.000001
-0.382684 0.923879 0.000001
-0.382684 0.923879 0.000001
-0.707107 0.707106 0.000000
-0.707107 0.707106 0.000000
-0.382684 0.923879 0.000001
-0.707107 0.707106 0.000000
-0.707107 0.707106 0.000000
-0.923880 0.382684 -0.000000
-0.923880 0.382683 -0.000000
-0.923880 0.382684 -0.000000
-0.707107 0.707106 0.000000
-0.707107 0.707106 0.000000
-0.923880 0.382683 -0.000000
-1.000000 -0.000000 -0.000001
-1.000000 0.000000 -0.000001
-1.000000 -0.000000 -0.000001
-0.923880 0.382683 -0.000000
-0.923880 0.382684 -0.000000
-1.000000 0.000000 -0.000001
-0.923880 -0.382683 -0.000001
-0.923880 -0.382683 -0.000001
-0.923880 -0.382683 -0.000001
-1.000000 0.000000 -0.000001
-1.000000 -0.000000 -0.000001
-0.923880 -0.382683 -0.000001
-0.707107 -0.707106 -0.000001
-0.707107 -0.707106 -0.000001
-0.707107 -0.707106 -0.000001
-0.923880 -0.382683 -0.000001
-0.923880 -0.382683 -0.000001
-0.707107 -0.707106 -0.000001
-0.707107 -0.707106 -0.000001
-0.382684 -0.923879 -0.000001
-0.382684 -0.923879 -0.000001
-0.707107 -0.707106 -0.000001
-0.382684 -0.923879 -0.000001
-0.382684 -0.923879 -0.000001
-0.000000 -1.000000 -0.000001
0.000000 -1.000000 -0.000001
-0.000000 -1.000000 -0.000001
-0.382684 -0.923879 -0.000001
-0.382684 -0.923879 -0.000001
0.000000 -1.000000 -0.000001
0.382684 -0.923879 -0.000001
0.382684 -0.923879 -0.000001
0.382684 -0.923879 -0.000001
0.000000 -1.000000 -0.000001
-0.000000 -1.000000 -0.000001
0.382684 -0.923879 -0.000001
0.382684 -0.923879 -0.000001
0.707106 -0.707107 -0.000000
0.707106 -0.707107 -0.000000
0.382684 -0.923879 -0.000001
0.707107 -0.707107 -0.000000
0.707106 -0.707107 -0.000000
0.707107 -0.707107 -0.000000
0.923880 -0.382683 0.000000
0.923880 -0.382683 0.000000
0.707107 -0.707107 -0.000000
0.923880 -0.382683 0.000000
0.923880 -0.382683 0.000000
0.923880 -0.382683 0.000000
1.000000 0.000001 0.000001
1.000000 0.000001 0.000001
0.923880 -0.382683 0.000000
1.000000 0.000000 0.000001
0.894420 0.370481 0.250514
0.976425 0.000001 0.215857
0.902099 0.373662 0.215858
0.976425 0.000001 0.215857
0.894420 0.370481 0.250514
0.968113 0.000001 0.250514
0.902099 0.373662 0.215858
0.684561 0.684558 0.250514
0.894420 0.370481 0.250514
0.684561 0.684558 0.250514
0.902099 0.373662 0.215858
0.690438 0.690435 0.215858
0.684561 0.684558 0.250514
0.373663 0.902098 0.215859
0.370482 0.894419 0.250514
0.373663 0.902098 0.215859
0.684561 0.684558 0.250514
0.690438 0.690435 0.215858
0.370482 0.894419 0.250514
0.000001 0.976425 0.215859
-0.000000 0.968113 0.250514
0.000001 0.976425 0.215859
0.370482 0.894419 0.250514
0.373663 0.902098 0.215859
-0.370482 0.894419 0.250515
0.000001 0.976425 0.215859
-0.373662 0.902098 0.215859
0.000001 0.976425 0.215859
-0.370482 0.894419 0.250515
-0.000000 0.968113 0.250514
-0.373662 0.902098 0.215859
-0.684560 0.684558 0.250515
-0.370482 0.894419 0.250515
-0.684560 0.684558 0.250515
-0.373662 0.902098 0.215859
-0.690438 0.690435 0.215859
-0.684560 0.684558 0.250515
-0.902099 0.373661 0.215859
-0.894420 0.370481 0.250515
-0.902099 0.373661 0.215859
-0.684560 0.684558 0.250515
-0.690438 0.690435 0.215859
-0.894420 0.370481 0.250515
-0.976425 0.000000 0.215858
-0.968113 0.000000 0.250514
-0.976425 0.000000 0.215858
-0.894420 0.370481 0.250515
-0.902099 0.373661 0.215859
-0.894419 -0.370481 0.250515
-0.976425 0.000000 0.215858
-0.902099 -0.373662 0.215858
-0.976425 0.000000 0.215858
-0.894419 -0.370481 0.250515
-0.968113 0.000000 0.250514
-0.902099 -0.373662 0.215858
-0.684559 -0.684559 0.250515
-0.894419 -0.370481 0.250515
-0.684559 -0.684559 0.250515
-0.902099 -0.373662 0.215858
-0.690436 -0.690437 0.215858
-0.684559 -0.684559 0.250515
-0.373663 -0.902098 0.215858
-0.370483 -0.894419 0.250514
-0.373663 -0.902098 0.215858
-0.684559 -0.684559 0.250515
-0.690436 -0.690437 0.215858
-0.370483 -0.894419 0.250514
-0.000001 -0.976425 0.215858
-0.000000 -0.968113 0.250514
-0.000001 -0.976425 0.215858
-0.370483 -0.894419 0.250514
-0.373663 -0.902098 0.215858
0.370483 -0.894419 0.250514
-0.000001 -0.976425 0.215858
0.373663 -0.902098 0.215859
-0.000001 -0.976425 0.215858
0.370483 -0.894419 0.250514
-0.000000 -0.968113 0.250514
0.373663 -0.902098 0.215859
0.684560 -0.684559 0.250514
0.370483 -0.894419 0.250514
0.684560 -0.684559 0.250514
0.373663 -0.902098 0.215859
0.690437 -0.690436 0.215858
0.684560 -0.684559 0.250514
0.902099 -0.373662 0.215858
0.894420 -0.370481 0.250514
0.902099 -0.373662 0.215858
0.684560 -0.684559 0.250514
0.690437 -0.690436 0.215858
0.894420 -0.370481 0.250514
0.976425 0.000001 0.215857
0.968113 0.000001 0.250514
0.976425 0.000001 0.215857
0.894420 -0.370481 0.250514
0.902099 -0.373662 0.215858
0.923880 -0.382683 -0.000002
0.923880 -0.382682 -0.000002
1.000000 -0.000000 -0.000001
1.000000 -0.000000 -0.000001
0.923880 -0.382682 -0.000002
1.000000 -0.000000 -0.000001
0.707108 -0.707106 -0.000002
0.707108 -0.707106 -0.000002
0.923880 -0.382683 -0.000002
0.923880 -0.382683 -0.000002
0.707108 -0.707106 -0.000002
0.923880 -0.382682 -0.000002
0.382684 -0.923879 -0.000002
0.707108 -0.707106 -0.000002
0.707108 -0.707106 -0.000002
0.707108 -0.707106 -0.000002
0.382684 -0.923879 -0.000002
0.382684 -0.923880 -0.000002
0.000000 -1.000000 -0.000002
0.382684 -0.923880 -0.000002
0.382684 -0.923879 -0.000002
0.382684 -0.923880 -0.000002
0.000000 -1.000000 -0.000002
-0.000001 -1.000000 -0.000002
-0.382684 -0.923879 -0.000001
-0.000001 -1.000000 -0.000002
0.000000 -1.000000 -0.000002
-0.000001 -1.000000 -0.000002
-0.382684 -0.923879 -0.000001
-0.382684 -0.923879 -0.000001
-0.707107 -0.707106 -0.000001
-0.382684 -0.923879 -0.000001
-0.707107 -0.707107 -0.000001
-0.382684 -0.923879 -0.000001
-0.707107 -0.707106 -0.000001
-0.382684 -0.923879 -0.000001
-0.923879 -0.382684 0.000000
-0.707107 -0.707106 -0.000001
-0.707107 -0.707107 -0.000001
-0.707107 -0.707106 -0.000001
-0.923879 -0.382684 0.000000
-0.923880 -0.382683 0.000000
-1.000000 0.000000 0.000001
-0.923880 -0.382683 0.000000
-0.923879 -0.382684 0.000000
-0.923880 -0.382683 0.000000
-1.000000 0.000000 0.000001
-1.000000 0.000000 0.000001
-0.923880 0.382683 0.000001
-1.000000 0.000000 0.000001
-1.000000 0.000000 0.000001
-1.000000 0.000000 0.000001
-0.923880 0.382683 0.000001
-0.923879 0.382684 0.000001
-0.707107 0.707107 0.000001
-0.923879 0.382684 0.000001
-0.923880 0.382683 0.000001
-0.923879 0.382684 0.000001
-0.707107 0.707107 0.000001
-0.707107 0.707106 0.000001
-0.382684 0.923879 0.000001
-0.382684 0.923879 0.000001
-0.707107 0.707107 0.000001
-0.707107 0.707107 0.000001
-0.382684 0.923879 0.000001
-0.707107 0.707106 0.000001
-0.000000 1.000000 0.000001
0.000000 1.000000 0.000001
-0.382684 0.923879 0.000001
-0.382684 0.923879 0.000001
0.000000 1.000000 0.000001
-0.382684 0.923879 0.000001
0.382684 0.923879 0.000001
0.000000 1.000000 0.000001
-0.000000 1.000000 0.000001
0.000000 1.000000 0.000001
0.382684 0.923879 0.000001
0.382684 0.923879 0.000001
0.707107 0.707107 -0.000000
0.707107 0.707107 -0.000000
0.382684 0.923879 0.000001
0.382684 0.923879 0.000001
0.707107 0.707107 -0.000000
0.382684 0.923879 0.000001
0.923880 0.382683 -0.000001
0.707107 0.707107 -0.000000
0.923880 0.382683 -0.000001
0.707107 0.707107 -0.000000
0.923880 0.382683 -0.000001
0.707107 0.707107 -0.000000
1.000000 -0.000000 -0.000001
1.000000 -0.000000 -0.000001
0.923880 0.382683 -0.000001
0.923880 0.382683 -0.000001
1.000000 -0.000000 -0.000001
0.923880 0.382683 -0.000001
0.976425 -0.000001 -0.215858
0.894420 -0.370480 -0.250514
0.968113 0.000000 -0.250514
0.894420 -0.370480 -0.250514
0.976425 -0.000001 -0.215858
0.902099 -0.373661 -0.215858
0.902099 -0.373661 -0.215858
0.684561 -0.684558 -0.250514
0.894420 -0.370480 -0.250514
0.684561 -0.684558 -0.250514
0.902099 -0.373661 -0.215858
0.690438 -0.690435 -0.215858
0.684561 -0.684558 -0.250514
0.690438 -0.690435 -0.215858
0.373664 -0.902098 -0.215858
0.373664 -0.902098 -0.215858
0.370483 -0.894419 -0.250514
0.684561 -0.684558 -0.250514
0.370483 -0.894419 -0.250514
0.373664 -0.902098 -0.215858
0.000002 -0.976425 -0.215858
0.000002 -0.976425 -0.215858
0.000001 -0.968113 -0.250514
0.370483 -0.894419 -0.250514
0.000002 -0.976425 -0.215858
-0.370482 -0.894419 -0.250514
0.000001 -0.968113 -0.250514
-0.370482 -0.894419 -0.250514
0.000002 -0.976425 -0.215858
-0.373662 -0.902098 -0.215859
-0.373662 -0.902098 -0.215859
-0.684560 -0.684559 -0.250514
-0.370482 -0.894419 -0.250514
-0.684560 -0.684559 -0.250514
-0.373662 -0.902098 -0.215859
-0.690438 -0.690435 -0.215858
-0.684560 -0.684559 -0.250514
-0.690438 -0.690435 -0.215858
-0.902099 -0.373662 -0.215858
-0.902099 -0.373662 -0.215858
-0.894420 -0.370481 -0.250514
-0.684560 -0.684559 -0.250514
-0.894420 -0.370481 -0.250514
-0.902099 -0.373662 -0.215858
-0.976425 -0.000000 -0.215858
-0.976425 -0.000000 -0.215858
-0.968113 -0.000000 -0.250514
-0.894420 -0.370481 -0.250514
-0.976425 -0.000000 -0.215858
-0.894419 0.370481 -0.250514
-0.968113 -0.000000 -0.250514
-0.894419 0.370481 -0.250514
-0.976425 -0.000000 -0.215858
-0.902099 0.373662 -0.215858
-0.902099 0.373662 -0.215858
-0.684558 0.684560 -0.250514
-0.894419 0.370481 -0.250514
-0.684558 0.684560 -0.250514
-0.902099 0.373662 -0.215858
-0.690435 0.690438 -0.215857
-0.684558 0.684560 -0.250514
-0.690435 0.690438 -0.215857
-0.373662 0.902099 -0.215857
-0.373662 0.902099 -0.215857
-0.370481 0.894420 -0.250513
-0.684558 0.684560 -0.250514
-0.370481 0.894420 -0.250513
-0.373662 0.902099 -0.215857
-0.000001 0.976425 -0.215857
-0.000001 0.976425 -0.215857
-0.000001 0.968113 -0.250514
-0.370481 0.894420 -0.250513
-0.000001 0.976425 -0.215857
0.370483 0.894419 -0.250515
-0.000001 0.968113 -0.250514
0.370483 0.894419 -0.250515
-0.000001 0.976425 -0.215857
0.373663 0.902098 -0.215858
0.373663 0.902098 -0.215858
0.684561 0.684558 -0.250515
0.370483 0.894419 -0.250515
0.684561 0.684558 -0.250515
0.373663 0.902098 -0.215858
0.690438 0.690435 -0.215858
0.684561 0.684558 -0.250515
0.690438 0.690435 -0.215858
0.902099 0.373661 -0.215858
0.902099 0.373661 -0.215858
0.894419 0.370481 -0.250515
0.684561 0.684558 -0.250515
0.894419 0.370481 -0.250515
0.902099 0.373661 -0.215858
0.976425 -0.000001 -0.215858
0.976425 -0.000001 -0.215858
0.968113 0.000000 -0.250514
0.894419 0.370481 -0.250515
0.697249 0.288810 0.656074
0.000000 0.000002 1.000000
0.754695 -0.000003 0.656076
0.533649 0.533652 0.656076
0.000000 0.000002 1.000000
0.697249 0.288810 0.656074
0.288808 0.697250 0.656073
0.000000 0.000002 1.000000
0.533649 0.533652 0.656076
0.000004 0.754698 0.656073
0.000000 0.000002 1.000000
0.288808 0.697250 0.656073
-0.288808 0.697249 0.656075
0.000000 0.000002 1.000000
0.000004 0.754698 0.656073
-0.533652 0.533651 0.656074
0.000000 0.000002 1.000000
-0.288808 0.697249 0.656075
-0.697248 0.288811 0.656074
0.000000 0.000002 1.000000
-0.533652 0.533651 0.656074
-0.754696 -0.000000 0.656075
0.000000 0.000002 1.000000
-0.697248 0.288811 0.656074
-0.697248 -0.288811 0.656075
0.000000 0.000002 1.000000
-0.754696 -0.000000 0.656075
-0.533652 -0.533649 0.656075
0.000000 0.000002 1.000000
-0.697248 -0.288811 0.656075
-0.288812 -0.697246 0.656076
0.000000 0.000002 1.000000
-0.533652 -0.533649 0.656075
-0.000004 -0.754696 0.656075
0.000000 0.000002 1.000000
-0.288812 -0.697246 0.656076
0.288810 -0.697244 0.656079
0.000000 0.000002 1.000000
-0.000004 -0.754696 0.656075
0.533658 -0.533643 0.656075
0.000000 0.000002 1.000000
0.288810 -0.697244 0.656079
0.697250 -0.288810 0.656072
0.000000 0.000002 1.000000
0.533658 -0.533643 0.656075
0.754695 -0.000003 0.656076
0.000000 0.000002 1.000000
0.697250 -0.288810 0.656072
0.697248 -0.288810 -0.656075
0.000003 0.000000 -1.000000
0.754695 0.000005 -0.656076
0.533649 -0.533651 -0.656075
0.000003 0.000000 -1.000000
0.697248 -0.288810 -0.656075
0.288810 -0.697249 -0.656074
0.000003 0.000000 -1.000000
0.533649 -0.533651 -0.656075
0.000003 -0.754697 -0.656074
0.000003 0.000000 -1.000000
0.288810 -0.697249 -0.656074
-0.288804 -0.697251 -0.656075
0.000003 0.000000 -1.000000
0.000003 -0.754697 -0.656074
-0.533646 -0.533652 -0.656077
0.000003 0.000000 -1.000000
-0.288804 -0.697251 -0.656075
-0.697247 -0.288809 -0.656077
0.000003 0.000000 -1.000000
-0.533646 -0.533652 -0.656077
-0.754694 0.000000 -0.656077
0.000003 0.000000 -1.000000
-0.697247 -0.288809 -0.656077
-0.697244 0.288813 -0.656078
0.000003 0.000000 -1.000000
-0.754694 0.000000 -0.656077
-0.533647 0.533653 -0.656075
0.000003 0.000000 -1.000000
-0.697244 0.288813 -0.656078
-0.288810 0.697247 -0.656076
0.000003 0.000000 -1.000000
-0.533647 0.533653 -0.656075
0.000001 0.754695 -0.656076
0.000003 0.000000 -1.000000
-0.288810 0.697247 -0.656076
0.288816 0.697243 -0.656077
0.000003 0.000000 -1.000000
0.000001 0.754695 -0.656076
0.533656 0.533647 -0.656073
0.000003 0.000000 -1.000000
0.288816 0.697243 -0.656077
0.697248 0.288815 -0.656073
0.000003 0.000000 -1.000000
0.533656 0.533647 -0.656073
0.754695 0.000005 -0.656076
0.000003 0.000000 -1.000000
0.697248 0.288815 -0.656073
0.918921 0.000001 0.394443
0.968113 0.000001 0.250514
0.848973 0.351656 0.394441
0.848973 0.351656 0.394441
0.968113 0.000001 0.250514
0.894420 0.370481 0.250514
0.848973 0.351656 0.394441
0.894420 0.370481 0.250514
0.649776 0.649774 0.394442
0.649776 0.649774 0.394442
0.894420 0.370481 0.250514
0.684561 0.684558 0.250514
0.649776 0.649774 0.394442
0.370482 0.894419 0.250514
0.351657 0.848971 0.394442
0.370482 0.894419 0.250514
0.649776 0.649774 0.394442
0.684561 0.684558 0.250514
0.351657 0.848971 0.394442
-0.000000 0.968113 0.250514
-0.000000 0.918920 0.394443
-0.000000 0.968113 0.250514
0.351657 0.848971 0.394442
0.370482 0.894419 0.250514
-0.000000 0.918920 0.394443
-0.000000 0.968113 0.250514
-0.351658 0.848972 0.394441
-0.351658 0.848972 0.394441
-0.000000 0.968113 0.250514
-0.370482 0.894419 0.250515
-0.351658 0.848972 0.394441
-0.370482 0.894419 0.250515
-0.649776 0.649775 0.394441
-0.649776 0.649775 0.394441
-0.370482 0.894419 0.250515
-0.684560 0.684558 0.250515
-0.649776 0.649775 0.394441
-0.894420 0.370481 0.250515
-0.848972 0.351657 0.394441
-0.894420 0.370481 0.250515
-0.649776 0.649775 0.394441
-0.684560 0.684558 0.250515
-0.848972 0.351657 0.394441
-0.968113 0.000000 0.250514
-0.918920 0.000000 0.394443
-0.968113 0.000000 0.250514
-0.848972 0.351657 0.394441
-0.894420 0.370481 0.250515
-0.918920 0.000000 0.394443
-0.968113 0.000000 0.250514
-0.848972 -0.351657 0.394442
-0.848972 -0.351657 0.394442
-0.968113 0.000000 0.250514
-0.894419 -0.370481 0.250515
-0.848972 -0.351657 0.394442
-0.894419 -0.370481 0.250515
-0.649776 -0.649774 0.394442
-0.649776 -0.649774 0.394442
-0.894419 -0.370481 0.250515
-0.684559 -0.684559 0.250515
-0.649776 -0.649774 0.394442
-0.370483 -0.894419 0.250514
-0.351659 -0.848970 0.394443
-0.370483 -0.894419 0.250514
-0.649776 -0.649774 0.394442
-0.684559 -0.684559 0.250515
-0.351659 -0.848970 0.394443
-0.000000 -0.968113 0.250514
-0.000001 -0.918921 0.394442
-0.000000 -0.968113 0.250514
-0.351659 -0.848970 0.394443
-0.370483 -0.894419 0.250514
-0.000001 -0.918921 0.394442
-0.000000 -0.968113 0.250514
0.351658 -0.848971 0.394442
0.351658 -0.848971 0.394442
-0.000000 -0.968113 0.250514
0.370483 -0.894419 0.250514
0.351658 -0.848971 0.394442
0.370483 -0.894419 0.250514
0.649777 -0.649773 0.394442
0.649777 -0.649773 0.394442
0.370483 -0.894419 0.250514
0.684560 -0.684559 0.250514
0.649777 -0.649773 0.394442
0.894420 -0.370481 0.250514
0.848972 -0.351656 0.394443
0.894420 -0.370481 0.250514
0.649777 -0.649773 0.394442
0.684560 -0.684559 0.250514
0.848972 -0.351656 0.394443
0.968113 0.000001 0.250514
0.918921 0.000001 0.394443
0.968113 0.000001 0.250514
0.848972 -0.351656 0.394443
0.894420 -0.370481 0.250514
0.894420 -0.370480 -0.250514
0.848972 -0.351656 -0.394442
0.968113 0.000000 -0.250514
0.968113 0.000000 -0.250514
0.848972 -0.351656 -0.394442
0.918921 0.000002 -0.394443
0.684561 -0.684558 -0.250514
0.649776 -0.649775 -0.394442
0.894420 -0.370480 -0.250514
0.649776 -0.649775 -0.394442
0.848972 -0.351656 -0.394442
0.894420 -0.370480 -0.250514
0.370483 -0.894419 -0.250514
0.649776 -0.649775 -0.394442
0.684561 -0.684558 -0.250514
0.649776 -0.649775 -0.394442
0.370483 -0.894419 -0.250514
0.351658 -0.848971 -0.394442
0.000001 -0.968113 -0.250514
0.351658 -0.848971 -0.394442
0.370483 -0.894419 -0.250514
0.351658 -0.848971 -0.394442
0.000001 -0.968113 -0.250514
0.000002 -0.918921 -0.394442
-0.370482 -0.894419 -0.250514
-0.351655 -0.848972 -0.394442
0.000001 -0.968113 -0.250514
0.000001 -0.968113 -0.250514
-0.351655 -0.848972 -0.394442
0.000002 -0.918921 -0.394442
-0.684560 -0.684559 -0.250514
-0.649774 -0.649776 -0.394442
-0.370482 -0.894419 -0.250514
-0.649774 -0.649776 -0.394442
-0.351655 -0.848972 -0.394442
-0.370482 -0.894419 -0.250514
-0.894420 -0.370481 -0.250514
-0.649774 -0.649776 -0.394442
-0.684560 -0.684559 -0.250514
-0.649774 -0.649776 -0.394442
-0.894420 -0.370481 -0.250514
-0.848972 -0.351656 -0.394442
-0.968113 -0.000000 -0.250514
-0.848972 -0.351656 -0.394442
-0.894420 -0.370481 -0.250514
-0.848972 -0.351656 -0.394442
-0.968113 -0.000000 -0.250514
-0.918921 0.000000 -0.394442
-0.894419 0.370481 -0.250514
-0.848971 0.351657 -0.394443
-0.968113 -0.000000 -0.250514
-0.968113 -0.000000 -0.250514
-0.848971 0.351657 -0.394443
-0.918921 0.000000 -0.394442
-0.684558 0.684560 -0.250514
-0.649773 0.649776 -0.394444
-0.894419 0.370481 -0.250514
-0.649773 0.649776 -0.394444
-0.848971 0.351657 -0.394443
-0.894419 0.370481 -0.250514
-0.370481 0.894420 -0.250513
-0.649773 0.649776 -0.394444
-0.684558 0.684560 -0.250514
-0.649773 0.649776 -0.394444
-0.370481 0.894420 -0.250513
-0.351656 0.848972 -0.394443
-0.000001 0.968113 -0.250514
-0.351656 0.848972 -0.394443
-0.370481 0.894420 -0.250513
-0.351656 0.848972 -0.394443
-0.000001 0.968113 -0.250514
0.000000 0.918920 -0.394443
0.370483 0.894419 -0.250515
0.351660 0.848970 -0.394444
-0.000001 0.968113 -0.250514
-0.000001 0.968113 -0.250514
0.351660 0.848970 -0.394444
0.000000 0.918920 -0.394443
0.684561 0.684558 -0.250515
0.649777 0.649772 -0.394443
0.370483 0.894419 -0.250515
0.649777 0.649772 -0.394443
0.351660 0.848970 -0.394444
0.370483 0.894419 -0.250515
0.894419 0.370481 -0.250515
0.649777 0.649772 -0.394443
0.684561 0.684558 -0.250515
0.649777 0.649772 -0.394443
0.894419 0.370481 -0.250515
0.848971 0.351657 -0.394442
0.968113 0.000000 -0.250514
0.848971 0.351657 -0.394442
0.894419 0.370481 -0.250515
0.848971 0.351657 -0.394442
0.968113 0.000000 -0.250514
0.918921 0.000002 -0.394443
0.754695 -0.000003 0.656076
0.918921 0.000001 0.394443
0.697249 0.288810 0.656074
0.697249 0.288810 0.656074
0.918921 0.000001 0.394443
0.848973 0.351656 0.394441
0.697249 0.288810 0.656074
0.848973 0.351656 0.394441
0.533649 0.533652 0.656076
0.533649 0.533652 0.656076
0.848973 0.351656 0.394441
0.649776 0.649774 0.394442
0.533649 0.533652 0.656076
0.351657 0.848971 0.394442
0.288808 0.697250 0.656073
0.351657 0.848971 0.394442
0.533649 0.533652 0.656076
0.649776 0.649774 0.394442
0.288808 0.697250 0.656073
-0.000000 0.918920 0.394443
0.000004 0.754698 0.656073
-0.000000 0.918920 0.394443
0.288808 0.697250 0.656073
0.351657 0.848971 0.394442
0.000004 0.754698 0.656073
-0.000000 0.918920 0.394443
-0.288808 0.697249 0.656075
-0.288808 0.697249 0.656075
-0.000000 0.918920 0.394443
-0.351658 0.848972 0.394441
-0.288808 0.697249 0.656075
-0.351658 0.848972 0.394441
-0.533652 0.533651 0.656074
-0.533652 0.533651 0.656074
-0.351658 0.848972 0.394441
-0.649776 0.649775 0.394441
-0.533652 0.533651 0.656074
-0.848972 0.351657 0.394441
-0.697248 0.288811 0.656074
-0.848972 0.351657 0.394441
-0.533652 0.533651 0.656074
-0.649776 0.649775 0.394441
-0.697248 0.288811 0.656074
-0.918920 0.000000 0.394443
-0.754696 -0.000000 0.656075
-0.918920 0.000000 0.394443
-0.697248 0.288811 0.656074
-0.848972 0.351657 0.394441
-0.754696 -0.000000 0.656075
-0.918920 0.000000 0.394443
-0.697248 -0.288811 0.656075
-0.697248 -0.288811 0.656075
-0.918920 0.000000 0.394443
-0.848972 -0.351657 0.394442
-0.697248 -0.288811 0.656075
-0.848972 -0.351657 0.394442
-0.533652 -0.533649 0.656075
-0.533652 -0.533649 0.656075
-0.848972 -0.351657 0.394442
-0.649776 -0.649774 0.394442
-0.533652 -0.533649 0.656075
-0.351659 -0.848970 0.394443
-0.288812 -0.697246 0.656076
-0.351659 -0.848970 0.394443
-0.533652 -0.533649 0.656075
-0.649776 -0.649774 0.394442
-0.288812 -0.697246 0.656076
-0.000001 -0.918921 0.394442
-0.000004 -0.754696 0.656075
-0.000001 -0.918921 0.394442
-0.288812 -0.697246 0.656076
-0.351659 -0.848970 0.394443
-0.000004 -0.754696 0.656075
-0.000001 -0.918921 0.394442
0.288810 -0.697244 0.656079
0.288810 -0.697244 0.656079
-0.000001 -0.918921 0.394442
0.351658 -0.848971 0.394442
0.288810 -0.697244 0.656079
0.351658 -0.848971 0.394442
0.533658 -0.533643 0.656075
0.533658 -0.533643 0.656075
0.351658 -0.848971 0.394442
0.649777 -0.649773 0.394442
0.533658 -0.533643 0.656075
0.848972 -0.351656 0.394443
0.697250 -0.288810 0.656072
0.848972 -0.351656 0.394443
0.533658 -0.533643 0.656075
0.649777 -0.649773 0.394442
0.697250 -0.288810 0.656072
0.918921 0.000001 0.394443
0.754695 -0.000003 0.656076
0.918921 0.000001 0.394443
0.697250 -0.288810 0.656072
0.848972 -0.351656 0.394443
0.848972 -0.351656 -0.394442
0.697248 -0.288810 -0.656075
0.918921 0.000002 -0.394443
0.918921 0.000002 -0.394443
0.697248 -0.288810 -0.656075
0.754695 0.000005 -0.656076
0.649776 -0.649775 -0.394442
0.533649 -0.533651 -0.656075
0.848972 -0.351656 -0.394442
0.533649 -0.533651 -0.656075
0.697248 -0.288810 -0.656075
0.848972 -0.351656 -0.394442
0.351658 -0.848971 -0.394442
0.533649 -0.533651 -0.656075
0.649776 -0.649775 -0.394442
0.533649 -0.533651 -0.656075
0.351658 -0.848971 -0.394442
0.288810 -0.697249 -0.656074
0.000002 -0.918921 -0.394442
0.288810 -0.697249 -0.656074
0.351658 -0.848971 -0.394442
0.288810 -0.697249 -0.656074
0.000002 -0.918921 -0.394442
0.000003 -0.754697 -0.656074
-0.351655 -0.848972 -0.394442
-0.288804 -0.697251 -0.656075
0.000002 -0.918921 -0.394442
0.000002 -0.918921 -0.394442
-0.288804 -0.697251 -0.656075
0.000003 -0.754697 -0.656074
-0.649774 -0.649776 -0.394442
-0.533646 -0.533652 -0.656077
-0.351655 -0.848972 -0.394442
-0.533646 -0.533652 -0.656077
-0.288804 -0.697251 -0.656075
-0.351655 -0.848972 -0.394442
-0.848972 -0.351656 -0.394442
-0.533646 -0.533652 -0.656077
-0.649774 -0.649776 -0.394442
-0.533646 -0.533652 -0.656077
-0.848972 -0.351656 -0.394442
-0.697247 -0.288809 -0.656077
-0.918921 0.000000 -0.394442
-0.697247 -0.288809 -0.656077
-0.848972 -0.351656 -0.394442
-0.697247 -0.288809 -0.656077
-0.918921 0.000000 -0.394442
-0.754694 0.000000 -0.656077
-0.848971 0.351657 -0.394443
-0.697244 0.288813 -0.656078
-0.918921 0.000000 -0.394442
-0.918921 0.000000 -0.394442
-0.697244 0.288813 -0.656078
-0.754694 0.000000 -0.656077
-0.649773 0.649776 -0.394444
-0.533647 0.533653 -0.656075
-0.848971 0.351657 -0.394443
-0.533647 0.533653 -0.656075
-0.697244 0.288813 -0.656078
-0.848971 0.351657 -0.394443
-0.351656 0.848972 -0.394443
-0.533647 0.533653 -0.656075
-0.649773 0.649776 -0.394444
-0.533647 0.533653 -0.656075
-0.351656 0.848972 -0.394443
-0.288810 0.697247 -0.656076
0.000000 0.918920 -0.394443
-0.288810 0.697247 -0.656076
-0.351656 0.848972 -0.394443
-0.288810 0.697247 -0.656076
0.000000 0.918920 -0.394443
0.000001 0.754695 -0.656076
0.351660 0.848970 -0.394444
0.288816 0.697243 -0.656077
0.000000 0.918920 -0.394443
0.000000 0.918920 -0.394443
0.288816 0.697243 -0.656077
0.000001 0.754695 -0.656076
0.649777 0.649772 -0.394443
0.533656 0.533647 -0.656073
0.351660 0.848970 -0.394444
0.533656 0.533647 -0.656073
0.288816 0.697243 -0.656077
0.351660 0.848970 -0.394444
0.848971 0.351657 -0.394442
0.533656 0.533647 -0.656073
0.649777 0.649772 -0.394443
0.533656 0.533647 -0.656073
0.848971 0.351657 -0.394442
0.697248 0.288815 -0.656073
0.918921 0.000002 -0.394443
0.697248 0.288815 -0.656073
0.848971 0.351657 -0.394442
0.697248 0.288815 -0.656073
0.918921 0.000002 -0.394443
0.754695 0.000005 -0.656076
-0.055080 -0.898736 0.435017
-0.133097 -0.991103 -0.000000
-0.098341 -0.843211 0.528511
-0.133097 -0.991103 -0.000000
-0.055080 -0.898736 0.435017
-0.059752 -0.998213 -0.000000
0.002983 0.900485 0.434876
-0.076028 0.997106 -0.000000
0.003940 0.999992 0.000000
-0.076028 0.997106 -0.000000
0.002983 0.900485 0.434876
-0.049479 0.848177 0.527397
-0.043575 -0.954013 -0.296582
-0.043575 -0.954013 -0.296582
-0.043575 -0.954013 -0.296582
-0.043575 -0.954013 -0.296582
-0.043575 -0.954013 -0.296582
-0.043575 -0.954013 -0.296582
-0.309364 -0.948899 -0.062333
-0.420151 -0.906410 -0.043522
-0.461943 -0.874426 -0.148282
-0.203572 -0.748841 0.630710
-0.055080 -0.898736 0.435017
-0.040407 -0.628377 0.776859
-0.243950 -0.913458 0.325703
-0.055080 -0.898736 0.435017
-0.203572 -0.748841 0.630710
-0.309364 -0.948899 -0.062333
-0.055080 -0.898736 0.435017
-0.243950 -0.913458 0.325703
-0.055080 -0.898736 0.435017
-0.309364 -0.948899 -0.062333
-0.059752 -0.998213 -0.000000
0.002983 0.900485 0.434876
-0.284415 0.956641 -0.062814
-0.210478 0.921813 0.325513
-0.284415 0.956641 -0.062814
0.002983 0.900485 0.434876
0.003940 0.999992 0.000000
-0.069392 -0.975362 -0.209411
-0.069392 -0.975362 -0.209411
-0.069392 -0.975362 -0.209411
-0.069392 -0.975362 -0.209411
-0.069392 -0.975362 -0.209411
-0.069392 -0.975362 -0.209411
-0.035670 -0.465557 0.884299
-0.040407 -0.628377 0.776859
-0.055080 -0.898736 0.435017
-0.035670 -0.465557 0.884299
-0.055080 -0.898736 0.435017
-0.098341 -0.843211 0.528511
0.007220 0.954895 -0.296857
0.007220 0.954895 -0.296857
0.007220 0.954895 -0.296857
0.007220 0.954895 -0.296857
0.007220 0.954895 -0.296857
0.007220 0.954895 -0.296857
-0.167934 0.753233 0.635954
-0.210478 0.921813 0.325513
-0.420023 0.897110 0.137018
-0.167934 0.753233 0.635954
0.001105 0.625833 0.779957
0.002983 0.900485 0.434876
-0.167934 0.753233 0.635954
0.002983 0.900485 0.434876
-0.210478 0.921813 0.325513
0.003886 0.977712 -0.209916
0.003886 0.977712 -0.209916
0.003886 0.977712 -0.209916
0.003886 0.977712 -0.209916
0.003886 0.977712 -0.209916
0.003886 0.977712 -0.209916
0.001105 0.625833 0.779957
-0.049479 0.848177 0.527397
0.002983 0.900485 0.434876
-0.049479 0.848177 0.527397
0.001105 0.625833 0.779957
-0.009290 0.463680 0.885954
-0.420151 -0.906410 -0.043522
-0.243950 -0.913458 0.325703
-0.420023 -0.897110 0.137018
-0.309364 -0.948899 -0.062333
-0.243950 -0.913458 0.325703
-0.420151 -0.906410 -0.043522
-0.284415 0.956641 -0.062814
-0.461942 0.874427 -0.148283
-0.420150 0.906410 -0.043522
-0.420150 0.906410 -0.043522
-0.420023 0.897110 0.137018
-0.210478 0.921813 0.325513
-0.210478 0.921813 0.325513
-0.284415 0.956641 -0.062814
-0.420150 0.906410 -0.043522
-0.243950 -0.913458 0.325703
-0.203572 -0.748841 0.630710
-0.420023 -0.897110 0.137018
-0.822850 0.567078 -0.036616
-0.999643 0.026721 0.000000
-0.859620 0.485608 0.158867
-0.999643 0.026721 0.000000
-0.904118 0.218833 0.366992
-0.859620 0.485608 0.158867
-0.835514 0.059791 0.546206
-0.740890 0.517159 0.428520
-0.904118 0.218833 0.366992
-0.859620 0.485608 0.158867
-0.904118 0.218833 0.366992
-0.740890 0.517159 0.428520
-0.999643 0.026721 0.000000
-1.000000 0.000000 0.000000
-0.904118 0.218833 0.366992
-0.862506 -0.425636 0.273710
-0.952204 -0.284243 0.111859
-0.937798 -0.314960 0.146063
-0.835514 0.059791 0.546206
-0.904118 0.218833 0.366992
-0.787815 -0.262020 0.557399
-0.862506 -0.425636 0.273710
-0.937798 -0.314960 0.146063
-0.823520 -0.466435 0.322882
-0.964072 -0.099852 -0.246159
-0.956589 -0.116605 -0.267096
-0.950452 -0.129185 -0.282757
-0.956589 -0.116605 -0.267096
-0.964072 -0.099852 -0.246159
-0.964072 -0.099852 -0.246159
-0.964267 -0.183061 -0.191514
-0.950452 -0.129185 -0.282757
-0.961620 -0.177299 -0.209409
-0.971129 -0.204233 -0.123278
-0.961620 -0.177299 -0.209409
-0.971129 -0.204233 -0.123278
-0.961620 -0.177299 -0.209409
-0.971129 -0.204233 -0.123278
-0.964267 -0.183061 -0.191514
-0.647109 0.755748 0.100468
-0.822850 0.567078 -0.036616
-0.859620 0.485608 0.158867
-0.647109 0.755748 0.100468
-0.701706 0.707795 -0.081449
-0.822850 0.567078 -0.036616
-0.822850 0.567078 -0.036616
-0.701706 0.707795 -0.081449
-0.712680 0.688469 -0.134525
-0.647109 0.755748 0.100468
-0.859620 0.485608 0.158867
-0.740890 0.517159 0.428520
0.999643 0.026722 0.000000
0.822850 0.567078 -0.036616
0.859619 0.485609 0.158867
0.859619 0.485609 0.158867
0.904117 0.218835 0.366994
0.999643 0.026722 0.000000
0.904117 0.218835 0.366994
0.859619 0.485609 0.158867
0.740887 0.517160 0.428522
0.740887 0.517160 0.428522
0.835512 0.059795 0.546209
0.904117 0.218835 0.366994
0.999643 0.026722 0.000000
0.904117 0.218835 0.366994
1.000000 0.000000 0.000000
0.862506 -0.425636 0.273710
0.937798 -0.314960 0.146063
0.952205 -0.284243 0.111859
0.835512 0.059795 0.546209
0.787813 -0.262015 0.557403
0.904117 0.218835 0.366994
0.862506 -0.425636 0.273710
0.823520 -0.466435 0.322882
0.937798 -0.314960 0.146063
0.964072 -0.099852 -0.246160
0.956589 -0.116605 -0.267097
0.964072 -0.099852 -0.246160
0.956589 -0.116605 -0.267097
0.964072 -0.099852 -0.246160
0.950452 -0.129186 -0.282758
0.964267 -0.183060 -0.191515
0.961620 -0.177299 -0.209410
0.950452 -0.129186 -0.282758
0.971129 -0.204232 -0.123278
0.961620 -0.177299 -0.209410
0.964267 -0.183060 -0.191515
0.961620 -0.177299 -0.209410
0.971129 -0.204232 -0.123278
0.971129 -0.204232 -0.123278
0.859619 0.485609 0.158867
0.822850 0.567078 -0.036616
0.647109 0.755749 0.100468
0.647109 0.755749 0.100468
0.822850 0.567078 -0.036616
0.701706 0.707796 -0.081450
0.822850 0.567078 -0.036616
0.712680 0.688469 -0.134525
0.701706 0.707796 -0.081450
0.647109 0.755749 0.100468
0.740887 0.517160 0.428522
0.859619 0.485609 0.158867
-0.950452 -0.129185 -0.282757
-0.956589 -0.116605 -0.267096
-0.961620 -0.177299 -0.209409
0.961620 -0.177299 -0.209410
0.956589 -0.116605 -0.267097
0.950452 -0.129186 -0.282758
0.000000 -0.855146 0.518387
-0.133097 -0.991103 -0.000000
-0.000000 -1.000000 -0.000000
-0.133097 -0.991103 -0.000000
0.000000 -0.855146 0.518387
-0.098341 -0.843211 0.528511
-0.049479 0.848177 0.527397
-0.000000 1.000000 -0.000000
-0.076028 0.997106 -0.000000
-0.000000 1.000000 -0.000000
-0.049479 0.848177 0.527397
0.000000 0.849829 0.527059
-0.048989 0.912738 -0.405596
0.000000 0.913836 -0.406084
-0.048989 0.912739 -0.405596
0.000000 0.913836 -0.406084
-0.048989 0.912738 -0.405596
0.000000 0.913836 -0.406084
0.000000 -0.398946 0.916974
-0.098341 -0.843211 0.528511
0.000000 -0.855146 0.518387
-0.098341 -0.843211 0.528511
0.000000 -0.398946 0.916974
-0.035670 -0.465557 0.884299
-0.000000 -0.913836 -0.406083
-0.106445 -0.908644 -0.403776
-0.000000 -0.913836 -0.406083
-0.106445 -0.908644 -0.403776
-0.106445 -0.908644 -0.403776
-0.000000 -0.913836 -0.406083
-0.009290 0.463680 0.885954
0.000000 0.398946 0.916975
-0.049479 0.848177 0.527397
0.000000 0.849829 0.527059
-0.049479 0.848177 0.527397
0.000000 0.398946 0.916975
-0.028914 -0.897140 0.440798
-0.000000 -1.000000 0.000000
-0.000000 -0.901260 0.433278
-0.000000 -1.000000 0.000000
-0.028914 -0.897140 0.440798
-0.035480 -0.999370 0.000000
-0.002365 0.889815 0.456316
-0.000000 1.000000 0.000000
-0.007466 0.999972 0.000000
-0.000000 1.000000 0.000000
-0.002365 0.889815 0.456316
0.000000 0.890699 0.454593
-0.027089 -0.985041 -0.170177
-0.000000 -0.985403 -0.170239
-0.027089 -0.985041 -0.170177
-0.000000 -0.985403 -0.170239
-0.027089 -0.985041 -0.170177
-0.000000 -0.985403 -0.170239
-0.000000 -0.617517 0.786558
-0.016681 -0.617431 0.786448
-0.028914 -0.897140 0.440798
-0.000000 -0.617517 0.786558
-0.028914 -0.897140 0.440798
-0.000000 -0.901260 0.433278
-0.000000 0.983515 -0.180828
0.006153 0.983496 -0.180825
0.006153 0.983496 -0.180825
0.006153 0.983496 -0.180825
-0.000000 0.983515 -0.180828
-0.000000 0.983515 -0.180828
0.003238 0.584991 0.811033
0.000000 0.890699 0.454593
-0.002365 0.889815 0.456316
0.000000 0.890699 0.454593
0.003238 0.584991 0.811033
0.000000 0.584994 0.811037
-1.000000 0.000000 -0.000000
-1.000000 0.000000 -0.000000
-1.000000 0.000000 -0.000000
-1.000000 0.000000 -0.000000
-1.000000 0.000000 -0.000000
-1.000000 0.000000 -0.000000
-0.974319 0.000000 -0.225172
-0.974319 0.000000 -0.225172
-0.974319 0.000000 -0.225172
-1.000000 0.000000 0.000000
-1.000000 0.000000 0.000000
-1.000000 0.000000 0.000000
0.997057 0.001723 0.076642
0.985232 -0.003849 -0.171179
0.925534 0.371202 0.074805
0.925534 0.371202 0.074805
0.985232 -0.003849 -0.171179
0.909517 0.368742 -0.191855
0.925534 0.371202 0.074805
0.909517 0.368742 -0.191855
0.629930 0.772053 0.084388
0.909517 0.368742 -0.191855
0.607893 0.760094 -0.229615
0.629930 0.772053 0.084388
0.629930 0.772053 0.084388
-0.000000 0.968353 -0.249584
0.000000 0.995674 0.092920
-0.000000 0.968353 -0.249584
0.629930 0.772053 0.084388
0.607893 0.760094 -0.229615
0.000000 0.995674 0.092920
-0.000000 0.968353 -0.249584
-0.629930 0.772053 0.084387
-0.000000 0.968353 -0.249584
-0.607893 0.760095 -0.229614
-0.629930 0.772053 0.084387
-0.629930 0.772053 0.084387
-0.909517 0.368742 -0.191855
-0.925534 0.371202 0.074805
-0.909517 0.368742 -0.191855
-0.629930 0.772053 0.084387
-0.607893 0.760095 -0.229614
-0.925534 0.371202 0.074805
-0.985232 -0.003850 -0.171179
-0.997057 0.001723 0.076641
-0.985232 -0.003850 -0.171179
-0.925534 0.371202 0.074805
-0.909517 0.368742 -0.191855
-0.997057 0.001723 0.076641
-0.985232 -0.003850 -0.171179
-0.925534 -0.367464 0.091416
-0.985232 -0.003850 -0.171179
-0.909518 -0.376993 -0.175084
-0.925534 -0.367464 0.091416
-0.925534 -0.367464 0.091416
-0.909518 -0.376993 -0.175084
-0.629932 -0.767479 0.119008
-0.909518 -0.376993 -0.175084
-0.607894 -0.769647 -0.195213
-0.629932 -0.767479 0.119008
-0.629932 -0.767479 0.119008
-0.000000 -0.978594 -0.205801
0.000000 -0.990490 0.137584
-0.000000 -0.978594 -0.205801
-0.629932 -0.767479 0.119008
-0.607894 -0.769647 -0.195213
0.000000 -0.990490 0.137584
-0.000000 -0.978594 -0.205801
0.629930 -0.767479 0.119009
-0.000000 -0.978594 -0.205801
0.607891 -0.769649 -0.195213
0.629930 -0.767479 0.119009
0.629930 -0.767479 0.119009
0.909516 -0.376995 -0.175084
0.925533 -0.367465 0.091417
0.909516 -0.376995 -0.175084
0.629930 -0.767479 0.119009
0.607891 -0.769649 -0.195213
0.925533 -0.367465 0.091417
0.985232 -0.003849 -0.171179
0.997057 0.001723 0.076642
0.985232 -0.003849 -0.171179
0.925533 -0.367465 0.091417
0.909516 -0.376995 -0.175084
0.978867 0.004597 0.204449
0.997057 0.001723 0.076642
0.904474 0.369944 0.212295
0.997057 0.001723 0.076642
0.925534 0.371202 0.074805
0.904474 0.369944 0.212295
0.904474 0.369944 0.212295
0.925534 0.371202 0.074805
0.606996 0.755693 0.245935
0.925534 0.371202 0.074805
0.629930 0.772053 0.084388
0.606996 0.755693 0.245935
0.606996 0.755693 0.245935
0.000000 0.995674 0.092920
-0.000000 0.963316 0.268369
0.000000 0.995674 0.092920
0.606996 0.755693 0.245935
0.629930 0.772053 0.084388
-0.000000 0.963316 0.268369
0.000000 0.995674 0.092920
-0.606997 0.755692 0.245936
0.000000 0.995674 0.092920
-0.629930 0.772053 0.084387
-0.606997 0.755692 0.245936
-0.606997 0.755692 0.245936
-0.925534 0.371202 0.074805
-0.904474 0.369943 0.212296
-0.925534 0.371202 0.074805
-0.606997 0.755692 0.245936
-0.629930 0.772053 0.084387
-0.904474 0.369943 0.212296
-0.997057 0.001723 0.076641
-0.978866 0.004598 0.204450
-0.997057 0.001723 0.076641
-0.904474 0.369943 0.212296
-0.925534 0.371202 0.074805
-0.978866 0.004598 0.204450
-0.997057 0.001723 0.076641
-0.904474 -0.360025 0.228712
-0.997057 0.001723 0.076641
-0.925534 -0.367464 0.091416
-0.904474 -0.360025 0.228712
-0.629932 -0.767479 0.119008
-0.606996 -0.743872 0.279659
-0.925534 -0.367464 0.091416
-0.904474 -0.360025 0.228712
-0.925534 -0.367464 0.091416
-0.606996 -0.743872 0.279659
-0.606996 -0.743872 0.279659
0.000000 -0.990490 0.137584
-0.000000 -0.950278 0.311403
0.000000 -0.990490 0.137584
-0.606996 -0.743872 0.279659
-0.629932 -0.767479 0.119008
-0.000000 -0.950278 0.311403
0.000000 -0.990490 0.137584
0.606996 -0.743873 0.279658
0.000000 -0.990490 0.137584
0.629930 -0.767479 0.119009
0.606996 -0.743873 0.279658
0.606996 -0.743873 0.279658
0.925533 -0.367465 0.091417
0.904474 -0.360026 0.228711
0.925533 -0.367465 0.091417
0.606996 -0.743873 0.279658
0.629930 -0.767479 0.119009
0.904474 -0.360026 0.228711
0.997057 0.001723 0.076642
0.978867 0.004597 0.204449
0.997057 0.001723 0.076642
0.904474 -0.360026 0.228711
0.925533 -0.367465 0.091417
0.861594 0.011412 0.507470
0.978867 0.004597 0.204449
0.784999 0.325548 0.527063
0.978867 0.004597 0.204449
0.904474 0.369944 0.212295
0.784999 0.325548 0.527063
0.606996 0.755693 0.245935
0.512073 0.631870 0.581825
0.904474 0.369944 0.212295
0.784999 0.325548 0.527063
0.904474 0.369944 0.212295
0.512073 0.631870 0.581825
0.512073 0.631870 0.581825
-0.000000 0.963316 0.268369
-0.000001 0.789406 0.613871
-0.000000 0.963316 0.268369
0.512073 0.631870 0.581825
0.606996 0.755693 0.245935
-0.000001 0.789406 0.613871
-0.000000 0.963316 0.268369
-0.512073 0.631870 0.581826
-0.000000 0.963316 0.268369
-0.606997 0.755692 0.245936
-0.512073 0.631870 0.581826
-0.512073 0.631870 0.581826
-0.904474 0.369943 0.212296
-0.784998 0.325547 0.527065
-0.904474 0.369943 0.212296
-0.512073 0.631870 0.581826
-0.606997 0.755692 0.245936
-0.784998 0.325547 0.527065
-0.978866 0.004598 0.204450
-0.861593 0.011414 0.507471
-0.978866 0.004598 0.204450
-0.784998 0.325547 0.527065
-0.904474 0.369943 0.212296
-0.861593 0.011414 0.507471
-0.978866 0.004598 0.204450
-0.784996 -0.301524 0.541169
-0.978866 0.004598 0.204450
-0.904474 -0.360025 0.228712
-0.784996 -0.301524 0.541169
-0.606996 -0.743872 0.279659
-0.512069 -0.605076 0.609646
-0.904474 -0.360025 0.228712
-0.784996 -0.301524 0.541169
-0.904474 -0.360025 0.228712
-0.512069 -0.605076 0.609646
-0.512069 -0.605076 0.609646
-0.000000 -0.950278 0.311403
0.000000 -0.761010 0.648740
-0.000000 -0.950278 0.311403
-0.512069 -0.605076 0.609646
-0.606996 -0.743872 0.279659
0.000000 -0.761010 0.648740
-0.000000 -0.950278 0.311403
0.512071 -0.605076 0.609644
-0.000000 -0.950278 0.311403
0.606996 -0.743873 0.279658
0.512071 -0.605076 0.609644
0.512071 -0.605076 0.609644
0.904474 -0.360026 0.228711
0.784999 -0.301526 0.541165
0.904474 -0.360026 0.228711
0.512071 -0.605076 0.609644
0.606996 -0.743873 0.279658
0.784999 -0.301526 0.541165
0.978867 0.004597 0.204449
0.861594 0.011412 0.507470
0.978867 0.004597 0.204449
0.784999 -0.301526 0.541165
0.904474 -0.360026 0.228711
0.861594 0.011412 0.507470
0.784999 0.325548 0.527063
0.000001 0.022484 0.999747
0.784999 0.325548 0.527063
0.512073 0.631870 0.581825
0.000001 0.022484 0.999747
0.512073 0.631870 0.581825
-0.000001 0.789406 0.613871
0.000001 0.022484 0.999747
-0.000001 0.789406 0.613871
-0.512073 0.631870 0.581826
0.000001 0.022484 0.999747
-0.512073 0.631870 0.581826
-0.784998 0.325547 0.527065
0.000001 0.022484 0.999747
-0.784998 0.325547 0.527065
-0.861593 0.011414 0.507471
0.000001 0.022484 0.999747
-0.861593 0.011414 0.507471
-0.784996 -0.301524 0.541169
0.000001 0.022484 0.999747
-0.784996 -0.301524 0.541169
-0.512069 -0.605076 0.609646
0.000001 0.022484 0.999747
-0.512069 -0.605076 0.609646
0.000000 -0.761010 0.648740
0.000001 0.022484 0.999747
0.000000 -0.761010 0.648740
0.512071 -0.605076 0.609644
0.000001 0.022484 0.999747
0.512071 -0.605076 0.609644
0.784999 -0.301526 0.541165
0.000001 0.022484 0.999747
0.784999 -0.301526 0.541165
0.861594 0.011412 0.507470
0.000001 0.022484 0.999747
0.985232 -0.003849 -0.171179
0.906561 0.345749 -0.242084
0.909517 0.368742 -0.191855
0.906561 0.345749 -0.242084
0.985232 -0.003849 -0.171179
0.975965 -0.004951 -0.217873
0.909517 0.368742 -0.191855
0.619764 0.724713 -0.301137
0.607893 0.760094 -0.229615
0.619764 0.724713 -0.301137
0.909517 0.368742 -0.191855
0.906561 0.345749 -0.242084
0.607893 0.760094 -0.229615
0.619764 0.724713 -0.301137
-0.000000 0.968353 -0.249584
-0.000000 0.968353 -0.249584
0.619764 0.724713 -0.301137
-0.001022 0.937132 -0.348974
-0.000000 0.968353 -0.249584
-0.619707 0.722520 -0.306477
-0.607893 0.760095 -0.229614
-0.619707 0.722520 -0.306477
-0.000000 0.968353 -0.249584
-0.001022 0.937132 -0.348974
-0.607893 0.760095 -0.229614
-0.619707 0.722520 -0.306477
-0.909517 0.368742 -0.191855
-0.909517 0.368742 -0.191855
-0.619707 0.722520 -0.306477
-0.904868 0.344441 -0.250149
-0.904868 0.344441 -0.250149
-0.985232 -0.003850 -0.171179
-0.909517 0.368742 -0.191855
-0.985232 -0.003850 -0.171179
-0.904868 0.344441 -0.250149
-0.973966 -0.005148 -0.226635
-0.985232 -0.003850 -0.171179
-0.904751 -0.355416 -0.234745
-0.909518 -0.376993 -0.175084
-0.904751 -0.355416 -0.234745
-0.985232 -0.003850 -0.171179
-0.973966 -0.005148 -0.226635
-0.909518 -0.376993 -0.175084
-0.619494 -0.735490 -0.274373
-0.607894 -0.769647 -0.195213
-0.619494 -0.735490 -0.274373
-0.909518 -0.376993 -0.175084
-0.904751 -0.355416 -0.234745
-0.619494 -0.735490 -0.274373
-0.000000 -0.978594 -0.205801
-0.607894 -0.769647 -0.195213
-0.000000 -0.978594 -0.205801
-0.619494 -0.735490 -0.274373
-0.001021 -0.951591 -0.307367
-0.000000 -0.978594 -0.205801
0.619550 -0.737446 -0.268944
0.607891 -0.769649 -0.195213
0.619550 -0.737446 -0.268944
-0.000000 -0.978594 -0.205801
-0.001021 -0.951591 -0.307367
0.607891 -0.769649 -0.195213
0.619550 -0.737446 -0.268944
0.909516 -0.376995 -0.175084
0.909516 -0.376995 -0.175084
0.619550 -0.737446 -0.268944
0.906445 -0.356365 -0.226633
0.909516 -0.376995 -0.175084
0.906445 -0.356365 -0.226633
0.985232 -0.003849 -0.171179
0.985232 -0.003849 -0.171179
0.906445 -0.356365 -0.226633
0.975965 -0.004951 -0.217873
0.975965 -0.004951 -0.217873
0.929395 0.368240 -0.024997
0.906561 0.345749 -0.242084
0.929395 0.368240 -0.024997
0.975965 -0.004951 -0.217873
0.999896 -0.000221 -0.014439
0.906561 0.345749 -0.242084
0.636183 0.770390 -0.042083
0.619764 0.724713 -0.301137
0.636183 0.770390 -0.042083
0.906561 0.345749 -0.242084
0.929395 0.368240 -0.024997
0.619764 0.724713 -0.301137
0.636183 0.770390 -0.042083
-0.001022 0.937132 -0.348974
-0.001022 0.937132 -0.348974
0.636183 0.770390 -0.042083
0.002186 0.998369 -0.057048
-0.001022 0.937132 -0.348974
-0.633915 0.771544 -0.053591
-0.619707 0.722520 -0.306477
-0.633915 0.771544 -0.053591
-0.001022 0.937132 -0.348974
0.002186 0.998369 -0.057048
-0.633915 0.771544 -0.053591
-0.904868 0.344441 -0.250149
-0.619707 0.722520 -0.306477
-0.904868 0.344441 -0.250149
-0.633915 0.771544 -0.053591
-0.928685 0.368510 -0.041775
-0.928685 0.368510 -0.041775
-0.973966 -0.005148 -0.226635
-0.904868 0.344441 -0.250149
-0.973966 -0.005148 -0.226635
-0.928685 0.368510 -0.041775
-0.999473 -0.000627 -0.032471
-0.973966 -0.005148 -0.226635
-0.928747 -0.369812 -0.025859
-0.904751 -0.355416 -0.234745
-0.928747 -0.369812 -0.025859
-0.973966 -0.005148 -0.226635
-0.999473 -0.000627 -0.032471
-0.904751 -0.355416 -0.234745
-0.634056 -0.773020 -0.020297
-0.619494 -0.735490 -0.274373
-0.634056 -0.773020 -0.020297
-0.904751 -0.355416 -0.234745
-0.928747 -0.369812 -0.025859
-0.634056 -0.773020 -0.020297
-0.001021 -0.951591 -0.307367
-0.619494 -0.735490 -0.274373
-0.001021 -0.951591 -0.307367
-0.634056 -0.773020 -0.020297
0.002186 -0.999900 -0.013975
-0.001021 -0.951591 -0.307367
0.002186 -0.999900 -0.013975
0.619550 -0.737446 -0.268944
0.619550 -0.737446 -0.268944
0.002186 -0.999900 -0.013975
0.636332 -0.771364 -0.008847
0.619550 -0.737446 -0.268944
0.636332 -0.771364 -0.008847
0.906445 -0.356365 -0.226633
0.906445 -0.356365 -0.226633
0.636332 -0.771364 -0.008847
0.929466 -0.368795 -0.009108
0.906445 -0.356365 -0.226633
0.929466 -0.368795 -0.009108
0.975965 -0.004951 -0.217873
0.975965 -0.004951 -0.217873
0.929466 -0.368795 -0.009108
0.999896 -0.000221 -0.014439
-0.183568 0.492315 0.850840
-0.009892 0.039943 0.999153
-0.129846 0.524283 0.841586
-0.012803 0.016599 0.999780
-0.009892 0.039943 0.999153
-0.183568 0.492315 0.850840
-0.211864 0.855446 0.472573
-0.183568 0.492315 0.850840
-0.129846 0.524283 0.841586
-0.183568 0.492315 0.850840
-0.211864 0.855446 0.472573
-0.296346 0.824981 0.481232
-0.240402 0.970673 0.000001
-0.296346 0.824981 0.481232
-0.211864 0.855446 0.472573
-0.296346 0.824981 0.481232
-0.240402 0.970673 0.000001
-0.334943 0.942238 -0.000001
-0.211865 0.855446 -0.472573
-0.296346 0.824981 -0.481233
-0.240402 0.970673 0.000001
-0.334943 0.942238 -0.000001
-0.240402 0.970673 0.000001
-0.296346 0.824981 -0.481233
-0.129847 0.524280 -0.841588
-0.296346 0.824981 -0.481233
-0.211865 0.855446 -0.472573
-0.296346 0.824981 -0.481233
-0.129847 0.524280 -0.841588
-0.183568 0.492314 -0.850841
-0.009892 0.039939 -0.999153
-0.183568 0.492314 -0.850841
-0.129847 0.524280 -0.841588
-0.183568 0.492314 -0.850841
-0.009892 0.039939 -0.999153
-0.012802 0.016598 -0.999780
0.115350 -0.465750 -0.877366
-0.012802 0.016598 -0.999780
-0.009892 0.039939 -0.999153
-0.012802 0.016598 -0.999780
0.115350 -0.465750 -0.877366
0.173162 -0.466405 -0.867457
0.207249 -0.836810 -0.506751
0.173162 -0.466405 -0.867457
0.115350 -0.465750 -0.877366
0.173162 -0.466405 -0.867457
0.207249 -0.836810 -0.506751
0.313510 -0.810028 -0.495546
0.240402 -0.970673 -0.000000
0.313510 -0.810028 -0.495546
0.207249 -0.836810 -0.506751
0.313510 -0.810028 -0.495546
0.240402 -0.970673 -0.000000
0.364621 -0.931156 -0.000000
0.207249 -0.836811 0.506749
0.364621 -0.931156 -0.000000
0.240402 -0.970673 -0.000000
0.364621 -0.931156 -0.000000
0.207249 -0.836811 0.506749
0.313511 -0.810028 0.495545
0.173163 -0.466406 0.867456
0.207249 -0.836811 0.506749
0.115350 -0.465750 0.877366
0.207249 -0.836811 0.506749
0.173163 -0.466406 0.867456
0.313511 -0.810028 0.495545
-0.012803 0.016599 0.999780
0.115350 -0.465750 0.877366
-0.009892 0.039943 0.999153
0.173163 -0.466406 0.867456
0.115350 -0.465750 0.877366
-0.012803 0.016599 0.999780
-0.287733 0.442150 0.849537
-0.012803 0.016599 0.999780
-0.183568 0.492315 0.850840
-0.009987 0.015726 0.999827
-0.012803 0.016599 0.999780
-0.287733 0.442150 0.849537
-0.478904 0.735816 0.478776
-0.183568 0.492315 0.850840
-0.296346 0.824981 0.481232
-0.287733 0.442150 0.849537
-0.183568 0.492315 0.850840
-0.478904 0.735816 0.478776
-0.334943 0.942238 -0.000001
-0.478904 0.735816 0.478776
-0.296346 0.824981 0.481232
-0.478904 0.735816 0.478776
-0.334943 0.942238 -0.000001
-0.545537 0.838087 0.000000
-0.296346 0.824981 -0.481233
-0.478904 0.735816 -0.478776
-0.334943 0.942238 -0.000001
-0.545537 0.838087 0.000000
-0.334943 0.942238 -0.000001
-0.478904 0.735816 -0.478776
-0.183568 0.492314 -0.850841
-0.478904 0.735816 -0.478776
-0.296346 0.824981 -0.481233
-0.478904 0.735816 -0.478776
-0.183568 0.492314 -0.850841
-0.287733 0.442150 -0.849537
-0.012802 0.016598 -0.999780
-0.287733 0.442150 -0.849537
-0.183568 0.492314 -0.850841
-0.287733 0.442150 -0.849537
-0.012802 0.016598 -0.999780
-0.009989 0.015728 -0.999826
0.173162 -0.466405 -0.867457
-0.009989 0.015728 -0.999826
-0.012802 0.016598 -0.999780
-0.009989 0.015728 -0.999826
0.173162 -0.466405 -0.867457
0.274881 -0.419938 -0.864923
0.313510 -0.810028 -0.495546
0.274881 -0.419938 -0.864923
0.173162 -0.466405 -0.867457
0.274881 -0.419938 -0.864923
0.313510 -0.810028 -0.495546
0.477690 -0.728134 -0.491562
0.548940 -0.835861 -0.000003
0.313510 -0.810028 -0.495546
0.364621 -0.931156 -0.000000
0.313510 -0.810028 -0.495546
0.548940 -0.835861 -0.000003
0.477690 -0.728134 -0.491562
0.313511 -0.810028 0.495545
0.548940 -0.835861 -0.000003
0.364621 -0.931156 -0.000000
0.548940 -0.835861 -0.000003
0.313511 -0.810028 0.495545
0.477691 -0.728135 0.491560
0.274882 -0.419939 0.864923
0.313511 -0.810028 0.495545
0.173163 -0.466406 0.867456
0.477691 -0.728135 0.491560
0.313511 -0.810028 0.495545
0.274882 -0.419939 0.864923
-0.009987 0.015726 0.999827
0.173163 -0.466406 0.867456
-0.012803 0.016599 0.999780
0.274882 -0.419939 0.864923
0.173163 -0.466406 0.867456
-0.009987 0.015726 0.999827
-0.287733 0.442150 0.849537
-0.032505 0.028424 0.999067
-0.009987 0.015726 0.999827
-0.032505 0.028424 0.999067
-0.287733 0.442150 0.849537
-0.433349 0.308217 0.846883
-0.478904 0.735816 0.478776
-0.433349 0.308217 0.846883
-0.287733 0.442150 0.849537
-0.433349 0.308217 0.846883
-0.478904 0.735816 0.478776
-0.719192 0.500903 0.481517
-0.545537 0.838087 0.000000
-0.719192 0.500903 0.481517
-0.478904 0.735816 0.478776
-0.719192 0.500903 0.481517
-0.545537 0.838087 0.000000
-0.822203 0.569194 0.000003
-0.478904 0.735816 -0.478776
-0.719193 0.500903 -0.481516
-0.545537 0.838087 0.000000
-0.822203 0.569194 0.000003
-0.545537 0.838087 0.000000
-0.719193 0.500903 -0.481516
-0.287733 0.442150 -0.849537
-0.433350 0.308217 -0.846883
-0.478904 0.735816 -0.478776
-0.719193 0.500903 -0.481516
-0.478904 0.735816 -0.478776
-0.433350 0.308217 -0.846883
-0.009989 0.015728 -0.999826
-0.032512 0.028429 -0.999067
-0.287733 0.442150 -0.849537
-0.433350 0.308217 -0.846883
-0.287733 0.442150 -0.849537
-0.032512 0.028429 -0.999067
0.274881 -0.419938 -0.864923
0.379878 -0.273023 -0.883827
-0.009989 0.015728 -0.999826
-0.032512 0.028429 -0.999067
-0.009989 0.015728 -0.999826
0.379878 -0.273023 -0.883827
0.477690 -0.728134 -0.491562
0.688293 -0.507999 -0.517870
0.274881 -0.419938 -0.864923
0.379878 -0.273023 -0.883827
0.274881 -0.419938 -0.864923
0.688293 -0.507999 -0.517870
0.802296 -0.596927 -0.000009
0.477690 -0.728134 -0.491562
0.548940 -0.835861 -0.000003
0.477690 -0.728134 -0.491562
0.802296 -0.596927 -0.000009
0.688293 -0.507999 -0.517870
0.477691 -0.728135 0.491560
0.802296 -0.596927 -0.000009
0.548940 -0.835861 -0.000003
0.802296 -0.596927 -0.000009
0.477691 -0.728135 0.491560
0.688293 -0.508003 0.517867
0.274882 -0.419939 0.864923
0.688293 -0.508003 0.517867
0.477691 -0.728135 0.491560
0.688293 -0.508003 0.517867
0.274882 -0.419939 0.864923
0.379879 -0.273023 0.883827
-0.009987 0.015726 0.999827
0.379879 -0.273023 0.883827
0.274882 -0.419939 0.864923
0.379879 -0.273023 0.883827
-0.009987 0.015726 0.999827
-0.032505 0.028424 0.999067
-0.433349 0.308217 0.846883
-0.057699 0.020961 0.998114
-0.032505 0.028424 0.999067
-0.057699 0.020961 0.998114
-0.433349 0.308217 0.846883
-0.522297 0.193266 0.830575
-0.719192 0.500903 0.481517
-0.522297 0.193266 0.830575
-0.433349 0.308217 0.846883
-0.522297 0.193266 0.830575
-0.719192 0.500903 0.481517
-0.832510 0.305928 0.461883
-0.822203 0.569194 0.000003
-0.938919 0.344137 0.000005
-0.719192 0.500903 0.481517
-0.832510 0.305928 0.461883
-0.719192 0.500903 0.481517
-0.938919 0.344137 0.000005
-0.719193 0.500903 -0.481516
-0.938919 0.344137 0.000005
-0.822203 0.569194 0.000003
-0.938919 0.344137 0.000005
-0.719193 0.500903 -0.481516
-0.832510 0.305929 -0.461881
-0.433350 0.308217 -0.846883
-0.522296 0.193267 -0.830575
-0.719193 0.500903 -0.481516
-0.832510 0.305929 -0.461881
-0.719193 0.500903 -0.481516
-0.522296 0.193267 -0.830575
-0.032512 0.028429 -0.999067
-0.057708 0.020966 -0.998113
-0.433350 0.308217 -0.846883
-0.522296 0.193267 -0.830575
-0.433350 0.308217 -0.846883
-0.057708 0.020966 -0.998113
0.379878 -0.273023 -0.883827
0.436917 -0.167557 -0.883758
-0.032512 0.028429 -0.999067
-0.057708 0.020966 -0.998113
-0.032512 0.028429 -0.999067
0.436917 -0.167557 -0.883758
0.688293 -0.507999 -0.517870
0.801237 -0.310366 -0.511559
0.379878 -0.273023 -0.883827
0.436917 -0.167557 -0.883758
0.379878 -0.273023 -0.883827
0.801237 -0.310366 -0.511559
0.802296 -0.596927 -0.000009
0.801237 -0.310366 -0.511559
0.688293 -0.507999 -0.517870
0.801237 -0.310366 -0.511559
0.802296 -0.596927 -0.000009
0.931950 -0.362587 -0.000011
0.801238 -0.310368 0.511556
0.802296 -0.596927 -0.000009
0.688293 -0.508003 0.517867
0.802296 -0.596927 -0.000009
0.801238 -0.310368 0.511556
0.931950 -0.362587 -0.000011
0.379879 -0.273023 0.883827
0.801238 -0.310368 0.511556
0.688293 -0.508003 0.517867
0.801238 -0.310368 0.511556
0.379879 -0.273023 0.883827
0.436917 -0.167558 0.883758
-0.032505 0.028424 0.999067
0.436917 -0.167558 0.883758
0.379879 -0.273023 0.883827
0.436917 -0.167558 0.883758
-0.032505 0.028424 0.999067
-0.057699 0.020961 0.998114
0.000002 -0.925063 0.379813
-0.189926 -0.925058 0.328931
-0.000001 -1.000000 -0.000001
-0.189926 -0.925058 0.328931
-0.328970 -0.925047 0.189912
-0.000001 -1.000000 -0.000001
-0.328970 -0.925047 0.189912
-0.379866 -0.925042 0.000001
-0.000001 -1.000000 -0.000001
-0.379866 -0.925042 0.000001
-0.328970 -0.925047 -0.189911
-0.000001 -1.000000 -0.000001
-0.328970 -0.925047 -0.189911
-0.189926 -0.925058 -0.328932
-0.000001 -1.000000 -0.000001
-0.189926 -0.925058 -0.328932
-0.000001 -0.925063 -0.379814
-0.000001 -1.000000 -0.000001
-0.000001 -0.925063 -0.379814
0.189926 -0.925058 -0.328931
-0.000001 -1.000000 -0.000001
0.189926 -0.925058 -0.328931
0.328969 -0.925048 -0.189912
-0.000001 -1.000000 -0.000001
0.328969 -0.925048 -0.189912
0.379864 -0.925042 -0.000002
-0.000001 -1.000000 -0.000001
0.379864 -0.925042 -0.000002
0.328967 -0.925049 0.189910
-0.000001 -1.000000 -0.000001
0.328967 -0.925049 0.189910
0.189926 -0.925058 0.328930
-0.000001 -1.000000 -0.000001
0.189926 -0.925058 0.328930
0.000002 -0.925063 0.379813
-0.000001 -1.000000 -0.000001
-0.040124 0.038562 0.998450
-0.410962 0.214875 0.885968
-0.423238 0.356818 0.832797
-0.410962 0.214875 0.885968
-0.040124 0.038562 0.998450
-0.000001 -0.008193 0.999967
-0.718040 0.431622 0.546004
-0.423238 0.356818 0.832797
-0.410962 0.214875 0.885968
-0.423238 0.356818 0.832797
-0.718040 0.431622 0.546004
-0.682761 0.559636 0.469729
-0.856482 0.516177 0.000006
-0.682761 0.559636 0.469729
-0.718040 0.431622 0.546004
-0.682761 0.559636 0.469729
-0.856482 0.516177 0.000006
-0.776002 0.630731 0.000005
-0.718046 0.431624 -0.545995
-0.682764 0.559638 -0.469721
-0.856482 0.516177 0.000006
-0.776002 0.630731 0.000005
-0.856482 0.516177 0.000006
-0.682764 0.559638 -0.469721
-0.410949 0.214872 -0.885974
-0.423235 0.356817 -0.832799
-0.718046 0.431624 -0.545995
-0.682764 0.559638 -0.469721
-0.718046 0.431624 -0.545995
-0.423235 0.356817 -0.832799
0.000000 -0.008191 -0.999966
-0.040120 0.038560 -0.998451
-0.410949 0.214872 -0.885974
-0.423235 0.356817 -0.832799
-0.410949 0.214872 -0.885974
-0.040120 0.038560 -0.998451
0.000000 -0.507296 -0.861772
-0.040120 0.038560 -0.998451
0.000000 -0.008191 -0.999966
-0.040120 0.038560 -0.998451
0.000000 -0.507296 -0.861772
0.396594 -0.316783 -0.861604
0.714094 -0.519687 -0.469036
0.000000 -0.507296 -0.861772
0.000000 -0.883851 -0.467769
0.000000 -0.507296 -0.861772
0.714094 -0.519687 -0.469036
0.396594 -0.316783 -0.861604
0.820543 -0.571585 -0.000007
0.000000 -0.883851 -0.467769
0.000000 -1.000000 -0.000002
0.000000 -0.883851 -0.467769
0.820543 -0.571585 -0.000007
0.714094 -0.519687 -0.469036
-0.000001 -0.883845 0.467779
0.820543 -0.571585 -0.000007
0.000000 -1.000000 -0.000002
0.820543 -0.571585 -0.000007
-0.000001 -0.883845 0.467779
0.714091 -0.519686 0.469043
-0.000001 -0.507307 0.861765
0.714091 -0.519686 0.469043
-0.000001 -0.883845 0.467779
0.714091 -0.519686 0.469043
-0.000001 -0.507307 0.861765
0.396597 -0.316789 0.861601
-0.040124 0.038562 0.998450
-0.000001 -0.507307 0.861765
-0.000001 -0.008193 0.999967
0.396597 -0.316789 0.861601
-0.000001 -0.507307 0.861765
-0.040124 0.038562 0.998450
-0.423238 0.356818 0.832797
-0.525055 0.045910 0.849829
-0.040124 0.038562 0.998450
-0.040124 0.038562 0.998450
-0.525055 0.045910 0.849829
-0.034749 0.005938 0.999378
-0.682761 0.559636 0.469729
-0.872179 0.071234 0.483973
-0.423238 0.356818 0.832797
-0.525055 0.045910 0.849829
-0.423238 0.356818 0.832797
-0.872179 0.071234 0.483973
-0.776002 0.630731 0.000005
-0.996829 0.079581 0.000005
-0.682761 0.559636 0.469729
-0.872179 0.071234 0.483973
-0.682761 0.559636 0.469729
-0.996829 0.079581 0.000005
-0.682764 0.559638 -0.469721
-0.996829 0.079581 0.000005
-0.776002 0.630731 0.000005
-0.996829 0.079581 0.000005
-0.682764 0.559638 -0.469721
-0.872183 0.071235 -0.483966
-0.423235 0.356817 -0.832799
-0.872183 0.071235 -0.483966
-0.682764 0.559638 -0.469721
-0.872183 0.071235 -0.483966
-0.423235 0.356817 -0.832799
-0.525051 0.045913 -0.849831
-0.040120 0.038560 -0.998451
-0.525051 0.045913 -0.849831
-0.423235 0.356817 -0.832799
-0.525051 0.045913 -0.849831
-0.040120 0.038560 -0.998451
-0.034741 0.005940 -0.999379
0.396594 -0.316783 -0.861604
-0.034741 0.005940 -0.999379
-0.040120 0.038560 -0.998451
-0.034741 0.005940 -0.999379
0.396594 -0.316783 -0.861604
0.473492 -0.038272 -0.879966
0.473492 -0.038272 -0.879966
0.714094 -0.519687 -0.469036
0.855189 -0.071323 -0.513385
0.714094 -0.519687 -0.469036
0.473492 -0.038272 -0.879966
0.396594 -0.316783 -0.861604
0.820543 -0.571585 -0.000007
0.855189 -0.071323 -0.513385
0.714094 -0.519687 -0.469036
0.855189 -0.071323 -0.513385
0.820543 -0.571585 -0.000007
0.996534 -0.083183 -0.000011
0.855187 -0.071323 0.513389
0.820543 -0.571585 -0.000007
0.714091 -0.519686 0.469043
0.820543 -0.571585 -0.000007
0.855187 -0.071323 0.513389
0.996534 -0.083183 -0.000011
0.396597 -0.316789 0.861601
0.473487 -0.038274 0.879969
0.714091 -0.519686 0.469043
0.714091 -0.519686 0.469043
0.473487 -0.038274 0.879969
0.855187 -0.071323 0.513389
-0.040124 0.038562 0.998450
-0.034749 0.005938 0.999378
0.396597 -0.316789 0.861601
0.396597 -0.316789 0.861601
-0.034749 0.005938 0.999378
0.473487 -0.038274 0.879969
-0.525055 0.045910 0.849829
-0.482806 -0.062762 0.873475
-0.034749 0.005938 0.999378
-0.034749 0.005938 0.999378
-0.482806 -0.062762 0.873475
0.021292 0.002766 0.999770
-0.872179 0.071234 0.483973
-0.855205 -0.111170 0.506227
-0.525055 0.045910 0.849829
-0.482806 -0.062762 0.873475
-0.525055 0.045910 0.849829
-0.855205 -0.111170 0.506227
-0.996829 0.079581 0.000005
-0.855205 -0.111170 0.506227
-0.872179 0.071234 0.483973
-0.855205 -0.111170 0.506227
-0.996829 0.079581 0.000005
-0.991657 -0.128906 0.000004
-0.872183 0.071235 -0.483966
-0.991657 -0.128906 0.000004
-0.996829 0.079581 0.000005
-0.991657 -0.128906 0.000004
-0.872183 0.071235 -0.483966
-0.855209 -0.111167 -0.506220
-0.525051 0.045913 -0.849831
-0.482798 -0.062757 -0.873480
-0.872183 0.071235 -0.483966
-0.855209 -0.111167 -0.506220
-0.872183 0.071235 -0.483966
-0.482798 -0.062757 -0.873480
-0.482798 -0.062757 -0.873480
-0.034741 0.005940 -0.999379
0.021303 0.002771 -0.999769
-0.034741 0.005940 -0.999379
-0.482798 -0.062757 -0.873480
-0.525051 0.045913 -0.849831
0.021303 0.002771 -0.999769
0.473492 -0.038272 -0.879966
0.514538 0.066886 -0.854855
0.473492 -0.038272 -0.879966
0.021303 0.002771 -0.999769
-0.034741 0.005940 -0.999379
0.865645 0.112526 -0.487849
0.473492 -0.038272 -0.879966
0.855189 -0.071323 -0.513385
0.473492 -0.038272 -0.879966
0.865645 0.112526 -0.487849
0.514538 0.066886 -0.854855
0.996534 -0.083183 -0.000011
0.865645 0.112526 -0.487849
0.855189 -0.071323 -0.513385
0.865645 0.112526 -0.487849
0.996534 -0.083183 -0.000011
0.991657 0.128906 -0.000010
0.865644 0.112526 0.487851
0.996534 -0.083183 -0.000011
0.855187 -0.071323 0.513389
0.996534 -0.083183 -0.000011
0.865644 0.112526 0.487851
0.991657 0.128906 -0.000010
0.514525 0.066883 0.854863
0.855187 -0.071323 0.513389
0.473487 -0.038274 0.879969
0.855187 -0.071323 0.513389
0.514525 0.066883 0.854863
0.865644 0.112526 0.487851
-0.034749 0.005938 0.999378
0.021292 0.002766 0.999770
0.473487 -0.038274 0.879969
0.473487 -0.038274 0.879969
0.021292 0.002766 0.999770
0.514525 0.066883 0.854863
-0.650972 0.000001 0.759102
-0.410962 0.214875 0.885968
0.000000 0.000001 1.000000
0.000000 0.000001 1.000000
-0.410962 0.214875 0.885968
-0.000001 -0.008193 0.999967
-0.410962 0.214875 0.885968
-0.650972 0.000001 0.759102
-0.718040 0.431622 0.546004
-0.718040 0.431622 0.546004
-0.650972 0.000001 0.759102
-0.907325 0.000000 0.420430
-0.907325 0.000000 0.420430
-0.856482 0.516177 0.000006
-0.718040 0.431622 0.546004
-0.856482 0.516177 0.000006
-0.907325 0.000000 0.420430
-1.000000 0.000000 0.000004
-0.856482 0.516177 0.000006
-0.907329 0.000000 -0.420421
-0.718046 0.431624 -0.545995
-0.907329 0.000000 -0.420421
-0.856482 0.516177 0.000006
-1.000000 0.000000 0.000004
-0.650971 0.000000 -0.759103
-0.718046 0.431624 -0.545995
-0.907329 0.000000 -0.420421
-0.718046 0.431624 -0.545995
-0.650971 0.000000 -0.759103
-0.410949 0.214872 -0.885974
-0.410949 0.214872 -0.885974
0.000000 0.000000 -1.000000
0.000000 -0.008191 -0.999966
0.000000 0.000000 -1.000000
-0.410949 0.214872 -0.885974
-0.650971 0.000000 -0.759103
-0.000003 -0.942886 0.333115
-0.166580 -0.942881 0.288490
-0.000000 -1.000000 0.000003
-0.166580 -0.942881 0.288490
-0.288522 -0.942874 0.166565
-0.000000 -1.000000 0.000003
-0.288522 -0.942874 0.166565
-0.333159 -0.942871 0.000001
-0.000000 -1.000000 0.000003
-0.333159 -0.942871 0.000001
-0.288517 -0.942875 -0.166567
-0.000000 -1.000000 0.000003
-0.288517 -0.942875 -0.166567
-0.166575 -0.942882 -0.288489
-0.000000 -1.000000 0.000003
-0.166575 -0.942882 -0.288489
-0.000002 -0.942889 -0.333107
-0.000000 -1.000000 0.000003
-0.000002 -0.942889 -0.333107
0.166579 -0.942883 -0.288484
-0.000000 -1.000000 0.000003
0.166579 -0.942883 -0.288484
0.288521 -0.942874 -0.166564
-0.000000 -1.000000 0.000003
0.288521 -0.942874 -0.166564
0.333159 -0.942871 -0.000004
-0.000000 -1.000000 0.000003
0.333159 -0.942871 -0.000004
0.288520 -0.942875 0.166564
-0.000000 -1.000000 0.000003
0.288520 -0.942875 0.166564
0.166574 -0.942882 0.288491
-0.000000 -1.000000 0.000003
0.166574 -0.942882 0.288491
-0.000003 -0.942886 0.333115
-0.000000 -1.000000 0.000003
0.000000 0.499999 0.866026
0.000001 0.000000 1.000000
0.210994 0.488742 0.846530
0.210994 0.488742 0.846530
0.000001 0.000000 1.000000
0.210995 0.000001 0.977487
-0.000001 0.866025 0.500001
0.000000 0.499999 0.866026
0.210994 0.846529 0.488744
0.210994 0.846529 0.488744
0.000000 0.499999 0.866026
0.210994 0.488742 0.846530
0.210994 0.846529 0.488744
-0.000000 1.000000 -0.000000
-0.000001 0.866025 0.500001
-0.000000 1.000000 -0.000000
0.210994 0.846529 0.488744
0.210994 0.977487 -0.000001
-0.000000 1.000000 -0.000000
0.210994 0.977487 -0.000001
0.210994 0.846528 -0.488744
-0.000000 1.000000 -0.000000
0.210994 0.846528 -0.488744
0.000000 0.866025 -0.500000
0.000000 0.500001 -0.866025
0.210994 0.846528 -0.488744
0.210995 0.488744 -0.846529
0.210994 0.846528 -0.488744
0.000000 0.500001 -0.866025
0.000000 0.866025 -0.500000
0.000001 0.000001 -1.000000
0.210995 0.488744 -0.846529
0.210996 0.000001 -0.977487
0.210995 0.488744 -0.846529
0.000001 0.000001 -1.000000
0.000000 0.500001 -0.866025
0.000000 -0.500000 -0.866025
0.000001 0.000001 -1.000000
0.210995 -0.488744 -0.846528
0.210995 -0.488744 -0.846528
0.000001 0.000001 -1.000000
0.210996 0.000001 -0.977487
0.000000 -0.866024 -0.500003
0.210995 -0.488744 -0.846528
0.210995 -0.846527 -0.488746
0.210995 -0.488744 -0.846528
0.000000 -0.866024 -0.500003
0.000000 -0.500000 -0.866025
-0.000000 -1.000000 -0.000003
0.210995 -0.846527 -0.488746
0.210996 -0.977487 -0.000003
0.210995 -0.846527 -0.488746
-0.000000 -1.000000 -0.000003
0.000000 -0.866024 -0.500003
-0.000001 -0.866026 0.500000
-0.000000 -1.000000 -0.000003
0.210996 -0.846528 0.488744
0.210996 -0.846528 0.488744
-0.000000 -1.000000 -0.000003
0.210996 -0.977487 -0.000003
-0.000001 -0.500000 0.866026
-0.000001 -0.866026 0.500000
0.210996 -0.488743 0.846529
0.210996 -0.488743 0.846529
-0.000001 -0.866026 0.500000
0.210996 -0.846528 0.488744
0.000001 0.000000 1.000000
0.210996 -0.488743 0.846529
0.210995 0.000001 0.977487
0.210996 -0.488743 0.846529
0.000001 0.000000 1.000000
-0.000001 -0.500000 0.866026
0.931855 0.181412 0.314224
0.931855 -0.000000 0.362832
0.931855 0.000001 0.362832
0.931855 0.181412 0.314224
0.931855 0.000001 0.362832
0.931855 0.181413 0.314224
0.931855 0.181413 0.314224
0.931856 0.314218 0.181417
0.931856 0.314218 0.181417
0.931856 0.314218 0.181417
0.931855 0.181412 0.314224
0.931855 0.181413 0.314224
0.931856 0.362829 -0.000000
0.931856 0.314218 0.181417
0.931856 0.362829 -0.000000
0.931856 0.314218 0.181417
0.931856 0.362829 -0.000000
0.931856 0.314218 0.181417
0.931856 0.362829 -0.000000
0.931855 0.314220 -0.181415
0.931856 0.362829 -0.000000
0.931855 0.314220 -0.181415
0.931856 0.362829 -0.000000
0.931855 0.314219 -0.181416
0.931855 0.181415 -0.314221
0.931855 0.314220 -0.181415
0.931855 0.314219 -0.181416
0.931855 0.181415 -0.314221
0.931855 0.314219 -0.181416
0.931855 0.181415 -0.314221
0.931855 0.000001 -0.362831
0.931855 0.181415 -0.314221
0.931855 0.181415 -0.314221
0.931855 0.181415 -0.314221
0.931855 0.000001 -0.362831
0.931855 0.000001 -0.362831
0.931855 -0.181414 -0.314222
0.931855 0.000001 -0.362831
0.931855 0.000001 -0.362831
0.931855 0.000001 -0.362831
0.931855 -0.181414 -0.314222
0.931855 -0.181414 -0.314221
0.931855 -0.181414 -0.314221
0.931855 -0.314221 -0.181416
0.931855 -0.314221 -0.181416
0.931855 -0.314221 -0.181416
0.931855 -0.181414 -0.314221
0.931855 -0.181414 -0.314222
0.931855 -0.362830 0.000000
0.931855 -0.314221 -0.181416
0.931855 -0.314221 -0.181416
0.931855 -0.362830 0.000000
0.931855 -0.314221 -0.181416
0.931855 -0.362830 0.000000
0.931855 -0.362830 0.000000
0.931856 -0.314218 0.181417
0.931856 -0.314218 0.181417
0.931856 -0.314218 0.181417
0.931855 -0.362830 0.000000
0.931855 -0.362830 0.000000
0.931855 -0.181412 0.314223
0.931856 -0.314218 0.181417
0.931855 -0.181412 0.314223
0.931856 -0.314218 0.181417
0.931855 -0.181412 0.314223
0.931856 -0.314218 0.181417
0.931855 -0.181412 0.314223
0.931855 -0.000000 0.362832
0.931855 -0.181412 0.314223
0.931855 -0.000000 0.362832
0.931855 -0.181412 0.314223
0.931855 0.000001 0.362832
-0.931856 0.181417 0.314216
-0.931856 -0.000000 0.362827
-0.931857 -0.000001 0.362827
-0.931856 -0.000000 0.362827
-0.931856 0.181417 0.314216
-0.931856 0.181417 0.314216
-0.931856 0.181417 0.314216
-0.931855 0.314222 0.181413
-0.931855 0.314222 0.181413
-0.931855 0.314222 0.181413
-0.931856 0.181417 0.314216
-0.931856 0.181417 0.314216
-0.931855 0.314222 0.181413
-0.931855 0.362830 -0.000000
-0.931855 0.362830 -0.000000
-0.931855 0.362830 -0.000000
-0.931855 0.314222 0.181413
-0.931855 0.314222 0.181413
-0.931855 0.314220 -0.181415
-0.931855 0.362830 -0.000000
-0.931855 0.362830 -0.000000
-0.931855 0.362830 -0.000000
-0.931855 0.314220 -0.181415
-0.931855 0.314220 -0.181415
-0.931856 0.181415 -0.314219
-0.931855 0.314220 -0.181415
-0.931855 0.314220 -0.181415
-0.931855 0.314220 -0.181415
-0.931856 0.181415 -0.314219
-0.931856 0.181415 -0.314219
-0.931856 0.181415 -0.314219
-0.931856 0.000000 -0.362829
-0.931856 0.181415 -0.314219
-0.931856 0.000000 -0.362829
-0.931856 0.181415 -0.314219
-0.931856 0.000000 -0.362829
-0.931856 -0.181415 -0.314219
-0.931856 0.000000 -0.362829
-0.931856 0.000000 -0.362829
-0.931856 0.000000 -0.362829
-0.931856 -0.181415 -0.314219
-0.931856 -0.181415 -0.314219
-0.931855 -0.314220 -0.181416
-0.931856 -0.181415 -0.314219
-0.931856 -0.181415 -0.314219
-0.931856 -0.181415 -0.314219
-0.931855 -0.314220 -0.181416
-0.931855 -0.314221 -0.181416
-0.931855 -0.362831 -0.000001
-0.931855 -0.314220 -0.181416
-0.931855 -0.362830 -0.000000
-0.931855 -0.314220 -0.181416
-0.931855 -0.362831 -0.000001
-0.931855 -0.314221 -0.181416
-0.931855 -0.362831 -0.000001
-0.931855 -0.314221 0.181412
-0.931855 -0.314221 0.181413
-0.931855 -0.314221 0.181412
-0.931855 -0.362831 -0.000001
-0.931855 -0.362830 -0.000000
-0.931855 -0.314221 0.181413
-0.931856 -0.181417 0.314216
-0.931857 -0.181417 0.314216
-0.931856 -0.181417 0.314216
-0.931855 -0.314221 0.181413
-0.931855 -0.314221 0.181412
-0.931857 -0.000001 0.362827
-0.931857 -0.181417 0.314216
-0.931856 -0.181417 0.314216
-0.931857 -0.181417 0.314216
-0.931857 -0.000001 0.362827
-0.931856 -0.000000 0.362827
0.919563 -0.196475 -0.340295
0.919566 0.000000 -0.392936
0.972679 0.000000 -0.232153
0.919563 -0.196475 -0.340295
0.972679 0.000000 -0.232153
0.972678 -0.116083 -0.201052
0.972677 -0.201058 -0.116081
0.919563 -0.196475 -0.340295
0.972678 -0.116083 -0.201052
0.919563 -0.196475 -0.340295
0.972677 -0.201058 -0.116081
0.919560 -0.340304 -0.196473
0.972677 -0.232163 0.000000
0.919560 -0.340304 -0.196473
0.972677 -0.201058 -0.116081
0.919560 -0.340304 -0.196473
0.972677 -0.232163 0.000000
0.919559 -0.392951 0.000000
0.972677 -0.232163 0.000000
0.919559 -0.340305 0.196477
0.919559 -0.392951 0.000000
0.919559 -0.340305 0.196477
0.972677 -0.232163 0.000000
0.972677 -0.201059 0.116083
0.919559 -0.340305 0.196477
0.972677 -0.116081 0.201058
0.919561 -0.196474 0.340303
0.972677 -0.116081 0.201058
0.919559 -0.340305 0.196477
0.972677 -0.201059 0.116083
0.972677 0.000000 0.232161
0.919561 -0.196474 0.340303
0.972677 -0.116081 0.201058
0.919561 -0.196474 0.340303
0.972677 0.000000 0.232161
0.919561 0.000001 0.392947
0.972677 0.116081 0.201059
0.919561 0.000001 0.392947
0.972677 0.000000 0.232161
0.919561 0.000001 0.392947
0.972677 0.116081 0.201059
0.919560 0.196476 0.340304
0.919560 0.196476 0.340304
0.972677 0.201059 0.116083
0.919560 0.340304 0.196477
0.972677 0.201059 0.116083
0.919560 0.196476 0.340304
0.972677 0.116081 0.201059
0.919560 0.340304 0.196477
0.972677 0.232163 0.000000
0.919559 0.392951 0.000000
0.972677 0.232163 0.000000
0.919560 0.340304 0.196477
0.972677 0.201059 0.116083
0.972677 0.232163 0.000000
0.972677 0.201058 -0.116081
0.919561 0.340304 -0.196472
0.919561 0.340304 -0.196472
0.919559 0.392951 0.000000
0.972677 0.232163 0.000000
0.919564 0.196474 -0.340294
0.972677 0.201058 -0.116081
0.972678 0.116082 -0.201052
0.972677 0.201058 -0.116081
0.919564 0.196474 -0.340294
0.919561 0.340304 -0.196472
0.919564 0.196474 -0.340294
0.972679 0.000000 -0.232153
0.919566 0.000000 -0.392936
0.972679 0.000000 -0.232153
0.919564 0.196474 -0.340294
0.972678 0.116082 -0.201052
-0.919555 -0.196477 -0.340317
-0.919554 0.000000 -0.392964
-0.919555 -0.196477 -0.340317
-0.919554 0.000000 -0.392964
-0.919555 -0.196477 -0.340317
-0.919554 0.000000 -0.392964
-0.919555 -0.196477 -0.340317
-0.919557 -0.340309 -0.196481
-0.919555 -0.196477 -0.340317
-0.919557 -0.340309 -0.196481
-0.919555 -0.196477 -0.340317
-0.919557 -0.340310 -0.196481
-0.919557 -0.340309 -0.196481
-0.919559 -0.392953 -0.000001
-0.919559 -0.392953 -0.000000
-0.919559 -0.392953 -0.000001
-0.919557 -0.340309 -0.196481
-0.919557 -0.340310 -0.196481
-0.919559 -0.340307 0.196476
-0.919559 -0.392953 -0.000000
-0.919559 -0.392953 -0.000001
-0.919559 -0.392953 -0.000000
-0.919559 -0.340307 0.196476
-0.919559 -0.340307 0.196476
-0.919559 -0.196477 0.340306
-0.919559 -0.340307 0.196476
-0.919559 -0.196476 0.340306
-0.919559 -0.340307 0.196476
-0.919559 -0.196477 0.340306
-0.919559 -0.340307 0.196476
-0.919559 -0.196476 0.340306
-0.919559 -0.000000 0.392951
-0.919559 -0.196477 0.340306
-0.919559 -0.000000 0.392951
-0.919559 -0.196476 0.340306
-0.919559 -0.000000 0.392951
-0.919559 0.196475 0.340306
-0.919559 -0.000000 0.392951
-0.919559 -0.000000 0.392951
-0.919559 -0.000000 0.392951
-0.919559 0.196476 0.340306
-0.919559 0.196475 0.340306
-0.919559 0.196476 0.340306
-0.919559 0.340306 0.196476
-0.919559 0.340306 0.196476
-0.919559 0.196476 0.340306
-0.919559 0.340306 0.196476
-0.919559 0.196475 0.340306
-0.919559 0.392952 0.000000
-0.919559 0.340306 0.196476
-0.919559 0.392952 -0.000000
-0.919559 0.340306 0.196476
-0.919559 0.392952 0.000000
-0.919559 0.340306 0.196476
-0.919559 0.392952 -0.000000
-0.919557 0.340308 -0.196481
-0.919559 0.392952 0.000000
-0.919557 0.340308 -0.196481
-0.919559 0.392952 -0.000000
-0.919557 0.340308 -0.196481
-0.919557 0.340308 -0.196481
-0.919555 0.196477 -0.340317
-0.919555 0.196476 -0.340318
-0.919555 0.196477 -0.340317
-0.919557 0.340308 -0.196481
-0.919557 0.340308 -0.196481
-0.919554 0.000000 -0.392964
-0.919555 0.196476 -0.340318
-0.919555 0.196477 -0.340317
-0.919555 0.196476 -0.340318
-0.919554 0.000000 -0.392964
-0.919554 0.000000 -0.392964
0.972678 -0.116083 -0.201052
0.972679 0.000000 -0.232153
1.000000 0.000000 0.000001
0.972677 -0.201058 -0.116081
0.972678 -0.116083 -0.201052
1.000000 0.000000 0.000001
0.972677 -0.232163 0.000000
0.972677 -0.201058 -0.116081
1.000000 0.000000 0.000001
0.972677 -0.201059 0.116083
0.972677 -0.232163 0.000000
1.000000 0.000000 0.000001
0.972677 -0.116081 0.201058
0.972677 -0.201059 0.116083
1.000000 0.000000 0.000001
0.972677 0.000000 0.232161
0.972677 -0.116081 0.201058
1.000000 0.000000 0.000001
0.972677 0.116081 0.201059
0.972677 0.000000 0.232161
1.000000 0.000000 0.000001
0.972677 0.201059 0.116083
0.972677 0.116081 0.201059
1.000000 0.000000 0.000001
0.972677 0.232163 0.000000
0.972677 0.201059 0.116083
1.000000 0.000000 0.000001
0.972677 0.201058 -0.116081
0.972677 0.232163 0.000000
1.000000 0.000000 0.000001
0.972678 0.116082 -0.201052
0.972677 0.201058 -0.116081
1.000000 0.000000 0.000001
0.972679 0.000000 -0.232153
0.972678 0.116082 -0.201052
1.000000 0.000000 0.000001
-1.000000 0.000000 -0.000004
-1.000000 0.000004 -0.000001
-1.000000 -0.000000 -0.000001
-1.000000 0.000004 -0.000001
-1.000000 0.000000 0.000001
-1.000000 -0.000000 -0.000001
-1.000000 0.000000 0.000001
-1.000000 -0.000000 0.000000
-1.000000 -0.000000 -0.000001
-1.000000 -0.000000 0.000000
-1.000000 0.000000 -0.000001
-1.000000 -0.000000 -0.000001
-1.000000 0.000000 -0.000001
-1.000000 0.000000 -0.000001
-1.000000 -0.000000 -0.000001
-1.000000 0.000000 -0.000001
-1.000000 0.000000 -0.000001
-1.000000 -0.000000 -0.000001
-1.000000 0.000000 -0.000001
-1.000000 -0.000000 -0.000001
-1.000000 -0.000000 -0.000001
-1.000000 -0.000000 -0.000001
-1.000000 -0.000000 -0.000001
-1.000000 -0.000000 -0.000001
-1.000000 -0.000000 -0.000001
-1.000000 0.000000 0.000000
-1.000000 -0.000000 -0.000001
-1.000000 0.000000 0.000000
-1.000000 -0.000000 0.000001
-1.000000 -0.000000 -0.000001
-1.000000 -0.000000 0.000001
-1.000000 -0.000004 -0.000001
-1.000000 -0.000000 -0.000001
-1.000000 -0.000004 -0.000001
-1.000000 0.000000 -0.000004
-1.000000 -0.000000 -0.000001
0.000000 0.499999 0.866026
-0.210993 0.488743 0.846530
0.000001 0.000000 1.000000
-0.210993 0.488743 0.846530
-0.210993 0.000000 0.977488
0.000001 0.000000 1.000000
-0.000001 0.866025 0.500001
-0.210995 0.846529 0.488744
0.000000 0.499999 0.866026
-0.210995 0.846529 0.488744
-0.210993 0.488743 0.846530
0.000000 0.499999 0.866026
-0.210995 0.846529 0.488744
-0.000000 1.000000 -0.000000
-0.210995 0.977487 -0.000001
-0.000000 1.000000 -0.000000
-0.210995 0.846529 0.488744
-0.000001 0.866025 0.500001
-0.000000 1.000000 -0.000000
-0.210994 0.846529 -0.488744
-0.210995 0.977487 -0.000001
-0.210994 0.846529 -0.488744
-0.000000 1.000000 -0.000000
0.000000 0.866025 -0.500000
0.000000 0.500001 -0.866025
-0.210994 0.846529 -0.488744
0.000000 0.866025 -0.500000
-0.210994 0.846529 -0.488744
0.000000 0.500001 -0.866025
-0.210995 0.488744 -0.846529
0.000001 0.000001 -1.000000
-0.210995 0.488744 -0.846529
0.000000 0.500001 -0.866025
-0.210995 0.488744 -0.846529
0.000001 0.000001 -1.000000
-0.210995 0.000001 -0.977487
0.000000 -0.500000 -0.866025
-0.210995 -0.488744 -0.846529
0.000001 0.000001 -1.000000
-0.210995 -0.488744 -0.846529
-0.210995 0.000001 -0.977487
0.000001 0.000001 -1.000000
0.000000 -0.866024 -0.500003
-0.210995 -0.488744 -0.846529
0.000000 -0.500000 -0.866025
-0.210995 -0.488744 -0.846529
0.000000 -0.866024 -0.500003
-0.210995 -0.846527 -0.488746
-0.000000 -1.000000 -0.000003
-0.210995 -0.846527 -0.488746
0.000000 -0.866024 -0.500003
-0.210995 -0.846527 -0.488746
-0.000000 -1.000000 -0.000003
-0.210997 -0.977487 -0.000003
-0.000001 -0.866026 0.500000
-0.210997 -0.846528 0.488744
-0.000000 -1.000000 -0.000003
-0.210997 -0.846528 0.488744
-0.210997 -0.977487 -0.000003
-0.000000 -1.000000 -0.000003
-0.000001 -0.500000 0.866026
-0.210997 -0.488744 0.846528
-0.000001 -0.866026 0.500000
-0.210997 -0.488744 0.846528
-0.210997 -0.846528 0.488744
-0.000001 -0.866026 0.500000
0.000001 0.000000 1.000000
-0.210997 -0.488744 0.846528
-0.000001 -0.500000 0.866026
-0.210997 -0.488744 0.846528
0.000001 0.000000 1.000000
-0.210993 0.000000 0.977488
0.055081 -0.898736 0.435017
0.133097 -0.991103 -0.000000
0.059752 -0.998213 -0.000000
0.133097 -0.991103 -0.000000
0.055081 -0.898736 0.435017
0.098341 -0.843212 0.528510
-0.002983 0.900486 0.434876
0.076028 0.997106 -0.000000
0.049479 0.848177 0.527396
0.076028 0.997106 -0.000000
-0.002983 0.900486 0.434876
-0.003940 0.999992 -0.000000
0.043575 -0.954013 -0.296582
0.043575 -0.954013 -0.296582
0.043575 -0.954013 -0.296582
0.043575 -0.954013 -0.296582
0.043575 -0.954013 -0.296582
0.043575 -0.954013 -0.296582
0.309364 -0.948899 -0.062332
0.461943 -0.874427 -0.148281
0.420151 -0.906410 -0.043521
0.055081 -0.898736 0.435017
0.243950 -0.913458 0.325704
0.203573 -0.748841 0.630711
0.203573 -0.748841 0.630711
0.040407 -0.628377 0.776859
0.055081 -0.898736 0.435017
0.059752 -0.998213 -0.000000
0.309364 -0.948899 -0.062332
0.055081 -0.898736 0.435017
0.243950 -0.913458 0.325704
0.055081 -0.898736 0.435017
0.309364 -0.948899 -0.062332
0.284415 0.956641 -0.062813
-0.002983 0.900486 0.434876
0.210478 0.921813 0.325514
-0.002983 0.900486 0.434876
0.284415 0.956641 -0.062813
-0.003940 0.999992 -0.000000
0.069392 -0.975362 -0.209411
0.069392 -0.975362 -0.209411
0.069392 -0.975362 -0.209411
0.069392 -0.975362 -0.209411
0.069392 -0.975362 -0.209411
0.069392 -0.975362 -0.209411
0.035670 -0.465558 0.884298
0.055081 -0.898736 0.435017
0.040407 -0.628377 0.776859
0.055081 -0.898736 0.435017
0.035670 -0.465558 0.884298
0.098341 -0.843212 0.528510
-0.007220 0.954895 -0.296857
-0.007220 0.954895 -0.296857
-0.007220 0.954895 -0.296857
-0.007220 0.954895 -0.296857
-0.007220 0.954895 -0.296857
-0.007220 0.954895 -0.296857
0.167934 0.753233 0.635954
0.420023 0.897110 0.137019
0.210478 0.921813 0.325514
0.210478 0.921813 0.325514
-0.002983 0.900486 0.434876
0.167934 0.753233 0.635954
-0.001105 0.625832 0.779957
0.167934 0.753233 0.635954
-0.002983 0.900486 0.434876
-0.003886 0.977712 -0.209916
-0.003886 0.977712 -0.209916
-0.003886 0.977712 -0.209916
-0.003886 0.977712 -0.209916
-0.003886 0.977712 -0.209916
-0.003886 0.977712 -0.209916
0.049479 0.848177 0.527396
-0.001105 0.625832 0.779957
-0.002983 0.900486 0.434876
-0.001105 0.625832 0.779957
0.049479 0.848177 0.527396
0.009290 0.463680 0.885954
0.243950 -0.913458 0.325704
0.420151 -0.906410 -0.043521
0.420024 -0.897110 0.137018
0.243950 -0.913458 0.325704
0.309364 -0.948899 -0.062332
0.420151 -0.906410 -0.043521
0.284415 0.956641 -0.062813
0.420150 0.906411 -0.043521
0.461941 0.874427 -0.148281
0.420150 0.906411 -0.043521
0.210478 0.921813 0.325514
0.420023 0.897110 0.137019
0.284415 0.956641 -0.062813
0.210478 0.921813 0.325514
0.420150 0.906411 -0.043521
0.243950 -0.913458 0.325704
0.420024 -0.897110 0.137018
0.203573 -0.748841 0.630711
0.000000 -0.855146 0.518387
-0.000000 -1.000000 -0.000000
0.098341 -0.843212 0.528510
0.098341 -0.843212 0.528510
-0.000000 -1.000000 -0.000000
0.133097 -0.991103 -0.000000
0.049479 0.848177 0.527396
-0.000000 1.000000 -0.000000
0.000000 0.849829 0.527059
-0.000000 1.000000 -0.000000
0.049479 0.848177 0.527396
0.076028 0.997106 -0.000000
0.048989 0.912739 -0.405596
0.000000 0.913836 -0.406084
0.000000 0.913836 -0.406084
0.000000 0.913836 -0.406084
0.048989 0.912739 -0.405596
0.048989 0.912739 -0.405596
0.000000 -0.398946 0.916974
0.098341 -0.843212 0.528510
0.035670 -0.465558 0.884298
0.098341 -0.843212 0.528510
0.000000 -0.398946 0.916974
0.000000 -0.855146 0.518387
-0.000000 -0.913836 -0.406083
-0.000000 -0.913836 -0.406083
0.106445 -0.908644 -0.403776
0.106445 -0.908644 -0.403776
-0.000000 -0.913836 -0.406083
0.106445 -0.908644 -0.403776
0.049479 0.848177 0.527396
0.000000 0.849829 0.527059
0.000000 0.398946 0.916975
0.049479 0.848177 0.527396
0.000000 0.398946 0.916975
0.009290 0.463680 0.885954
0.028914 -0.897140 0.440798
-0.000000 -1.000000 0.000000
0.035480 -0.999370 0.000000
-0.000000 -1.000000 0.000000
0.028914 -0.897140 0.440798
-0.000000 -0.901260 0.433278
0.002365 0.889815 0.456316
-0.000000 1.000000 0.000000
0.000000 0.890699 0.454593
-0.000000 1.000000 0.000000
0.002365 0.889815 0.456316
0.007466 0.999972 0.000000
-0.000000 -0.985403 -0.170239
0.027089 -0.985041 -0.170176
0.027089 -0.985041 -0.170176
0.027089 -0.985041 -0.170176
-0.000000 -0.985403 -0.170239
-0.000000 -0.985403 -0.170239
-0.000000 -0.617517 0.786558
0.028914 -0.897140 0.440798
0.016681 -0.617431 0.786448
0.028914 -0.897140 0.440798
-0.000000 -0.617517 0.786558
-0.000000 -0.901260 0.433278
-0.000000 0.983515 -0.180828
-0.006153 0.983496 -0.180824
-0.000000 0.983515 -0.180828
-0.006153 0.983496 -0.180824
-0.000000 0.983515 -0.180828
-0.006153 0.983496 -0.180824
0.000000 0.890699 0.454593
-0.003238 0.584991 0.811033
0.002365 0.889815 0.456316
-0.003238 0.584991 0.811033
0.000000 0.890699 0.454593
0.000000 0.584994 0.811037
1.000000 0.000000 -0.000001
1.000000 0.000000 -0.000001
1.000000 0.000000 -0.000001
1.000000 0.000000 -0.000001
1.000000 0.000000 -0.000001
1.000000 0.000000 -0.000001
0.974319 0.000000 -0.225171
0.974319 0.000000 -0.225171
0.974319 0.000000 -0.225171
1.000000 0.000000 0.000000
1.000000 0.000000 0.000000
1.000000 0.000000 0.000000
-0.925534 0.371202 0.074805
-0.985232 -0.003849 -0.171180
-0.997057 0.001723 0.076641
-0.985232 -0.003849 -0.171180
-0.925534 0.371202 0.074805
-0.909517 0.368742 -0.191855
-0.629930 0.772053 0.084388
-0.909517 0.368742 -0.191855
-0.925534 0.371202 0.074805
-0.909517 0.368742 -0.191855
-0.629930 0.772053 0.084388
-0.607893 0.760094 -0.229615
-0.000000 0.968353 -0.249585
-0.629930 0.772053 0.084388
0.000000 0.995674 0.092920
-0.629930 0.772053 0.084388
-0.000000 0.968353 -0.249585
-0.607893 0.760094 -0.229615
0.629930 0.772054 0.084388
-0.000000 0.968353 -0.249585
0.000000 0.995674 0.092920
-0.000000 0.968353 -0.249585
0.629930 0.772054 0.084388
0.607893 0.760094 -0.229615
0.909517 0.368742 -0.191855
0.629930 0.772054 0.084388
0.925534 0.371203 0.074805
0.629930 0.772054 0.084388
0.909517 0.368742 -0.191855
0.607893 0.760094 -0.229615
0.925534 0.371203 0.074805
0.985232 -0.003850 -0.171179
0.909517 0.368742 -0.191855
0.985232 -0.003850 -0.171179
0.925534 0.371203 0.074805
0.997057 0.001723 0.076642
0.925534 -0.367465 0.091416
0.985232 -0.003850 -0.171179
0.997057 0.001723 0.076642
0.985232 -0.003850 -0.171179
0.925534 -0.367465 0.091416
0.909517 -0.376994 -0.175085
0.629931 -0.767479 0.119009
0.909517 -0.376994 -0.175085
0.925534 -0.367465 0.091416
0.909517 -0.376994 -0.175085
0.629931 -0.767479 0.119009
0.607892 -0.769649 -0.195214
-0.000001 -0.978594 -0.205802
0.629931 -0.767479 0.119009
0.000000 -0.990490 0.137584
0.629931 -0.767479 0.119009
-0.000001 -0.978594 -0.205802
0.607892 -0.769649 -0.195214
-0.629931 -0.767479 0.119009
-0.000001 -0.978594 -0.205802
0.000000 -0.990490 0.137584
-0.000001 -0.978594 -0.205802
-0.629931 -0.767479 0.119009
-0.607893 -0.769648 -0.195213
-0.909517 -0.376994 -0.175085
-0.629931 -0.767479 0.119009
-0.925534 -0.367464 0.091416
-0.629931 -0.767479 0.119009
-0.909517 -0.376994 -0.175085
-0.607893 -0.769648 -0.195213
-0.985232 -0.003849 -0.171180
-0.925534 -0.367464 0.091416
-0.997057 0.001723 0.076641
-0.925534 -0.367464 0.091416
-0.985232 -0.003849 -0.171180
-0.909517 -0.376994 -0.175085
-0.904474 0.369943 0.212296
-0.997057 0.001723 0.076641
-0.978866 0.004597 0.204450
-0.997057 0.001723 0.076641
-0.904474 0.369943 0.212296
-0.925534 0.371202 0.074805
-0.606997 0.755692 0.245935
-0.925534 0.371202 0.074805
-0.904474 0.369943 0.212296
-0.925534 0.371202 0.074805
-0.606997 0.755692 0.245935
-0.629930 0.772053 0.084388
0.000000 0.995674 0.092920
-0.606997 0.755692 0.245935
-0.000001 0.963316 0.268369
-0.606997 0.755692 0.245935
0.000000 0.995674 0.092920
-0.629930 0.772053 0.084388
0.606995 0.755694 0.245934
0.000000 0.995674 0.092920
-0.000001 0.963316 0.268369
0.000000 0.995674 0.092920
0.606995 0.755694 0.245934
0.629930 0.772054 0.084388
0.925534 0.371203 0.074805
0.606995 0.755694 0.245934
0.904473 0.369944 0.212295
0.606995 0.755694 0.245934
0.925534 0.371203 0.074805
0.629930 0.772054 0.084388
0.997057 0.001723 0.076642
0.904473 0.369944 0.212295
0.978867 0.004597 0.204448
0.904473 0.369944 0.212295
0.997057 0.001723 0.076642
0.925534 0.371203 0.074805
0.904474 -0.360026 0.228711
0.997057 0.001723 0.076642
0.978867 0.004597 0.204448
0.997057 0.001723 0.076642
0.904474 -0.360026 0.228711
0.925534 -0.367465 0.091416
0.606995 -0.743874 0.279658
0.925534 -0.367465 0.091416
0.904474 -0.360026 0.228711
0.925534 -0.367465 0.091416
0.606995 -0.743874 0.279658
0.629931 -0.767479 0.119009
0.000000 -0.990490 0.137584
0.606995 -0.743874 0.279658
-0.000001 -0.950278 0.311402
0.606995 -0.743874 0.279658
0.000000 -0.990490 0.137584
0.629931 -0.767479 0.119009
-0.606996 -0.743872 0.279659
0.000000 -0.990490 0.137584
-0.000001 -0.950278 0.311402
0.000000 -0.990490 0.137584
-0.606996 -0.743872 0.279659
-0.629931 -0.767479 0.119009
-0.925534 -0.367464 0.091416
-0.606996 -0.743872 0.279659
-0.904474 -0.360025 0.228712
-0.606996 -0.743872 0.279659
-0.925534 -0.367464 0.091416
-0.629931 -0.767479 0.119009
-0.997057 0.001723 0.076641
-0.904474 -0.360025 0.228712
-0.978866 0.004597 0.204450
-0.904474 -0.360025 0.228712
-0.997057 0.001723 0.076641
-0.925534 -0.367464 0.091416
-0.784998 0.325547 0.527065
-0.978866 0.004597 0.204450
-0.861593 0.011412 0.507472
-0.978866 0.004597 0.204450
-0.784998 0.325547 0.527065
-0.904474 0.369943 0.212296
-0.512070 0.631871 0.581828
-0.904474 0.369943 0.212296
-0.784998 0.325547 0.527065
-0.904474 0.369943 0.212296
-0.512070 0.631871 0.581828
-0.606997 0.755692 0.245935
-0.000001 0.963316 0.268369
-0.512070 0.631871 0.581828
0.000000 0.789408 0.613868
-0.512070 0.631871 0.581828
-0.000001 0.963316 0.268369
-0.606997 0.755692 0.245935
0.512070 0.631873 0.581826
-0.000001 0.963316 0.268369
0.000000 0.789408 0.613868
-0.000001 0.963316 0.268369
0.512070 0.631873 0.581826
0.606995 0.755694 0.245934
0.904473 0.369944 0.212295
0.512070 0.631873 0.581826
0.784999 0.325548 0.527062
0.512070 0.631873 0.581826
0.904473 0.369944 0.212295
0.606995 0.755694 0.245934
0.978867 0.004597 0.204448
0.784999 0.325548 0.527062
0.861595 0.011412 0.507469
0.784999 0.325548 0.527062
0.978867 0.004597 0.204448
0.904473 0.369944 0.212295
0.785000 -0.301524 0.541164
0.978867 0.004597 0.204448
0.861595 0.011412 0.507469
0.978867 0.004597 0.204448
0.785000 -0.301524 0.541164
0.904474 -0.360026 0.228711
0.512068 -0.605078 0.609645
0.904474 -0.360026 0.228711
0.785000 -0.301524 0.541164
0.904474 -0.360026 0.228711
0.512068 -0.605078 0.609645
0.606995 -0.743874 0.279658
-0.000001 -0.950278 0.311402
0.512068 -0.605078 0.609645
0.000000 -0.761012 0.648738
0.512068 -0.605078 0.609645
-0.000001 -0.950278 0.311402
0.606995 -0.743874 0.279658
-0.512068 -0.605076 0.609647
-0.000001 -0.950278 0.311402
0.000000 -0.761012 0.648738
-0.000001 -0.950278 0.311402
-0.512068 -0.605076 0.609647
-0.606996 -0.743872 0.279659
-0.904474 -0.360025 0.228712
-0.512068 -0.605076 0.609647
-0.784998 -0.301523 0.541167
-0.512068 -0.605076 0.609647
-0.904474 -0.360025 0.228712
-0.606996 -0.743872 0.279659
-0.978866 0.004597 0.204450
-0.784998 -0.301523 0.541167
-0.861593 0.011412 0.507472
-0.784998 -0.301523 0.541167
-0.978866 0.004597 0.204450
-0.904474 -0.360025 0.228712
-0.861593 0.011412 0.507472
0.000002 0.022485 0.999747
-0.784998 0.325547 0.527065
-0.784998 0.325547 0.527065
0.000002 0.022485 0.999747
-0.512070 0.631871 0.581828
-0.512070 0.631871 0.581828
0.000002 0.022485 0.999747
0.000000 0.789408 0.613868
0.000000 0.789408 0.613868
0.000002 0.022485 0.999747
0.512070 0.631873 0.581826
0.512070 0.631873 0.581826
0.000002 0.022485 0.999747
0.784999 0.325548 0.527062
0.784999 0.325548 0.527062
0.000002 0.022485 0.999747
0.861595 0.011412 0.507469
0.861595 0.011412 0.507469
0.000002 0.022485 0.999747
0.785000 -0.301524 0.541164
0.785000 -0.301524 0.541164
0.000002 0.022485 0.999747
0.512068 -0.605078 0.609645
0.512068 -0.605078 0.609645
0.000002 0.022485 0.999747
0.000000 -0.761012 0.648738
0.000000 -0.761012 0.648738
0.000002 0.022485 0.999747
-0.512068 -0.605076 0.609647
-0.512068 -0.605076 0.609647
0.000002 0.022485 0.999747
-0.784998 -0.301523 0.541167
-0.784998 -0.301523 0.541167
0.000002 0.022485 0.999747
-0.861593 0.011412 0.507472
-0.985232 -0.003849 -0.171180
-0.906561 0.345750 -0.242084
-0.975965 -0.004951 -0.217873
-0.906561 0.345750 -0.242084
-0.985232 -0.003849 -0.171180
-0.909517 0.368742 -0.191855
-0.619764 0.724713 -0.301137
-0.909517 0.368742 -0.191855
-0.607893 0.760094 -0.229615
-0.909517 0.368742 -0.191855
-0.619764 0.724713 -0.301137
-0.906561 0.345750 -0.242084
-0.619764 0.724713 -0.301137
-0.607893 0.760094 -0.229615
-0.000000 0.968353 -0.249585
-0.000000 0.968353 -0.249585
0.001022 0.937131 -0.348975
-0.619764 0.724713 -0.301137
-0.000000 0.968353 -0.249585
0.619707 0.722519 -0.306478
0.001022 0.937131 -0.348975
0.619707 0.722519 -0.306478
-0.000000 0.968353 -0.249585
0.607893 0.760094 -0.229615
0.619707 0.722519 -0.306478
0.607893 0.760094 -0.229615
0.909517 0.368742 -0.191855
0.909517 0.368742 -0.191855
0.904868 0.344440 -0.250149
0.619707 0.722519 -0.306478
0.904868 0.344440 -0.250149
0.909517 0.368742 -0.191855
0.985232 -0.003850 -0.171179
0.985232 -0.003850 -0.171179
0.973966 -0.005148 -0.226636
0.904868 0.344440 -0.250149
0.985232 -0.003850 -0.171179
0.904750 -0.355417 -0.234745
0.973966 -0.005148 -0.226636
0.904750 -0.355417 -0.234745
0.985232 -0.003850 -0.171179
0.909517 -0.376994 -0.175085
0.619493 -0.735492 -0.274373
0.909517 -0.376994 -0.175085
0.607892 -0.769649 -0.195214
0.909517 -0.376994 -0.175085
0.619493 -0.735492 -0.274373
0.904750 -0.355417 -0.234745
0.619493 -0.735492 -0.274373
0.607892 -0.769649 -0.195214
-0.000001 -0.978594 -0.205802
-0.000001 -0.978594 -0.205802
0.001020 -0.951590 -0.307367
0.619493 -0.735492 -0.274373
-0.000001 -0.978594 -0.205802
-0.619551 -0.737445 -0.268945
0.001020 -0.951590 -0.307367
-0.619551 -0.737445 -0.268945
-0.000001 -0.978594 -0.205802
-0.607893 -0.769648 -0.195213
-0.619551 -0.737445 -0.268945
-0.607893 -0.769648 -0.195213
-0.909517 -0.376994 -0.175085
-0.909517 -0.376994 -0.175085
-0.906445 -0.356364 -0.226633
-0.619551 -0.737445 -0.268945
-0.906445 -0.356364 -0.226633
-0.909517 -0.376994 -0.175085
-0.985232 -0.003849 -0.171180
-0.985232 -0.003849 -0.171180
-0.975965 -0.004951 -0.217873
-0.906445 -0.356364 -0.226633
-0.975965 -0.004951 -0.217873
-0.929395 0.368239 -0.024997
-0.999896 -0.000221 -0.014438
-0.929395 0.368239 -0.024997
-0.975965 -0.004951 -0.217873
-0.906561 0.345750 -0.242084
-0.906561 0.345750 -0.242084
-0.636183 0.770390 -0.042083
-0.929395 0.368239 -0.024997
-0.636183 0.770390 -0.042083
-0.906561 0.345750 -0.242084
-0.619764 0.724713 -0.301137
-0.636183 0.770390 -0.042083
-0.619764 0.724713 -0.301137
0.001022 0.937131 -0.348975
0.001022 0.937131 -0.348975
-0.002186 0.998369 -0.057048
-0.636183 0.770390 -0.042083
0.001022 0.937131 -0.348975
0.633914 0.771544 -0.053591
-0.002186 0.998369 -0.057048
0.633914 0.771544 -0.053591
0.001022 0.937131 -0.348975
0.619707 0.722519 -0.306478
0.633914 0.771544 -0.053591
0.619707 0.722519 -0.306478
0.904868 0.344440 -0.250149
0.904868 0.344440 -0.250149
0.928685 0.368510 -0.041775
0.633914 0.771544 -0.053591
0.928685 0.368510 -0.041775
0.904868 0.344440 -0.250149
0.973966 -0.005148 -0.226636
0.973966 -0.005148 -0.226636
0.999472 -0.000626 -0.032471
0.928685 0.368510 -0.041775
0.973966 -0.005148 -0.226636
0.928746 -0.369813 -0.025859
0.999472 -0.000626 -0.032471
0.928746 -0.369813 -0.025859
0.973966 -0.005148 -0.226636
0.904750 -0.355417 -0.234745
0.904750 -0.355417 -0.234745
0.634055 -0.773022 -0.020297
0.928746 -0.369813 -0.025859
0.634055 -0.773022 -0.020297
0.904750 -0.355417 -0.234745
0.619493 -0.735492 -0.274373
0.634055 -0.773022 -0.020297
0.619493 -0.735492 -0.274373
0.001020 -0.951590 -0.307367
0.001020 -0.951590 -0.307367
-0.002189 -0.999900 -0.013975
0.634055 -0.773022 -0.020297
-0.002189 -0.999900 -0.013975
0.001020 -0.951590 -0.307367
-0.619551 -0.737445 -0.268945
-0.619551 -0.737445 -0.268945
-0.636335 -0.771362 -0.008847
-0.002189 -0.999900 -0.013975
-0.636335 -0.771362 -0.008847
-0.619551 -0.737445 -0.268945
-0.906445 -0.356364 -0.226633
-0.906445 -0.356364 -0.226633
-0.929467 -0.368794 -0.009108
-0.636335 -0.771362 -0.008847
-0.929467 -0.368794 -0.009108
-0.906445 -0.356364 -0.226633
-0.975965 -0.004951 -0.217873
-0.975965 -0.004951 -0.217873
-0.999896 -0.000221 -0.014438
-0.929467 -0.368794 -0.009108
0.115351 0.465752 0.877365
0.129847 0.524284 0.841585
0.009892 0.039941 0.999153
0.115351 0.465752 0.877365
0.009892 0.039941 0.999153
-0.009892 -0.039944 0.999153
0.129847 0.524284 0.841585
0.115351 0.465752 0.877365
0.207249 0.836812 0.506748
0.129847 0.524284 0.841585
0.207249 0.836812 0.506748
0.211865 0.855447 0.472572
0.207249 0.836812 0.506748
0.240402 0.970673 0.000001
0.211865 0.855447 0.472572
0.240402 0.970673 0.000001
0.207249 0.836812 0.506748
0.240402 0.970673 0.000001
0.240402 0.970673 0.000001
0.211864 0.855447 -0.472571
0.240402 0.970673 0.000001
0.211864 0.855447 -0.472571
0.240402 0.970673 0.000001
0.207249 0.836812 -0.506748
0.207249 0.836812 -0.506748
0.129845 0.524280 -0.841588
0.211864 0.855447 -0.472571
0.129845 0.524280 -0.841588
0.207249 0.836812 -0.506748
0.115349 0.465747 -0.877368
0.009890 0.039937 -0.999153
0.115349 0.465747 -0.877368
-0.009894 -0.039945 -0.999153
0.115349 0.465747 -0.877368
0.009890 0.039937 -0.999153
0.129845 0.524280 -0.841588
-0.115351 -0.465749 -0.877366
-0.009894 -0.039945 -0.999153
-0.129847 -0.524281 -0.841587
-0.009894 -0.039945 -0.999153
-0.115351 -0.465749 -0.877366
0.009890 0.039937 -0.999153
-0.207250 -0.836810 -0.506751
-0.129847 -0.524281 -0.841587
-0.211865 -0.855445 -0.472575
-0.129847 -0.524281 -0.841587
-0.207250 -0.836810 -0.506751
-0.115351 -0.465749 -0.877366
-0.240402 -0.970673 -0.000002
-0.240402 -0.970673 -0.000001
-0.207250 -0.836810 -0.506751
-0.240402 -0.970673 -0.000002
-0.207250 -0.836810 -0.506751
-0.211865 -0.855445 -0.472575
-0.211864 -0.855446 0.472573
-0.207249 -0.836811 0.506750
-0.240402 -0.970673 -0.000001
-0.211864 -0.855446 0.472573
-0.240402 -0.970673 -0.000001
-0.240402 -0.970673 -0.000002
-0.129846 -0.524283 0.841586
-0.115350 -0.465752 0.877365
-0.207249 -0.836811 0.506750
-0.129846 -0.524283 0.841586
-0.207249 -0.836811 0.506750
-0.211864 -0.855446 0.472573
-0.009892 -0.039944 0.999153
0.009892 0.039941 0.999153
-0.115350 -0.465752 0.877365
-0.009892 -0.039944 0.999153
-0.115350 -0.465752 0.877365
-0.129846 -0.524283 0.841586
0.122224 0.244281 0.961971
0.122224 0.244281 0.961971
0.122224 0.244281 0.961971
0.122224 0.244281 0.961971
0.122224 0.244281 0.961971
0.122224 0.244281 0.961971
0.320209 0.652515 0.686797
0.320209 0.652515 0.686797
0.320209 0.652515 0.686797
0.320209 0.652515 0.686797
0.320209 0.652515 0.686797
0.320209 0.652515 0.686797
0.423433 0.872000 0.245601
0.423433 0.872000 0.245601
0.423434 0.872000 0.245601
0.423433 0.872000 0.245601
0.423433 0.872000 0.245601
0.423434 0.872000 0.245601
0.423434 0.872003 -0.245591
0.423434 0.872003 -0.245591
0.423434 0.872003 -0.245591
0.423434 0.872003 -0.245591
0.423434 0.872003 -0.245591
0.423434 0.872003 -0.245591
0.320208 0.652516 -0.686797
0.320208 0.652516 -0.686797
0.320208 0.652516 -0.686797
0.320208 0.652516 -0.686797
0.320208 0.652516 -0.686797
0.320208 0.652516 -0.686797
0.122219 0.244275 -0.961973
0.122219 0.244275 -0.961973
0.122219 0.244275 -0.961973
0.122219 0.244275 -0.961973
0.122219 0.244275 -0.961973
0.122219 0.244275 -0.961973
-0.124822 -0.243458 -0.961846
-0.124822 -0.243458 -0.961846
-0.124822 -0.243458 -0.961846
-0.124822 -0.243458 -0.961846
-0.124822 -0.243458 -0.961846
-0.124822 -0.243458 -0.961846
-0.338497 -0.645102 -0.685027
-0.338497 -0.645102 -0.685027
-0.338497 -0.645102 -0.685027
-0.338497 -0.645102 -0.685027
-0.338497 -0.645102 -0.685027
-0.338497 -0.645102 -0.685027
-0.455665 -0.856041 -0.244059
-0.455665 -0.856041 -0.244059
-0.455664 -0.856040 -0.244059
-0.455665 -0.856041 -0.244059
-0.455664 -0.856040 -0.244059
-0.455665 -0.856040 -0.244059
-0.455666 -0.856042 0.244049
-0.455666 -0.856042 0.244049
-0.455666 -0.856042 0.244049
-0.455666 -0.856042 0.244049
-0.455666 -0.856042 0.244049
-0.455666 -0.856043 0.244049
-0.338498 -0.645102 0.685027
-0.338498 -0.645102 0.685027
-0.338498 -0.645102 0.685027
-0.338498 -0.645102 0.685027
-0.338498 -0.645102 0.685027
-0.338498 -0.645102 0.685027
-0.124828 -0.243469 0.961842
-0.124828 -0.243469 0.961842
-0.124828 -0.243469 0.961842
-0.124828 -0.243469 0.961842
-0.124828 -0.243469 0.961842
-0.124828 -0.243469 0.961842
0.171264 0.206341 0.963375
0.171264 0.206341 0.963375
0.171264 0.206341 0.963375
0.171264 0.206341 0.963375
0.171264 0.206341 0.963375
0.171264 0.206341 0.963375
0.463234 0.551391 0.693817
0.463234 0.551391 0.693817
0.463234 0.551391 0.693817
0.463234 0.551391 0.693817
0.463234 0.551391 0.693817
0.463234 0.551391 0.693817
0.625180 0.739339 0.250054
0.625180 0.739339 0.250054
0.625180 0.739339 0.250054
0.625180 0.739339 0.250054
0.625180 0.739339 0.250054
0.625180 0.739339 0.250054
0.625183 0.739341 -0.250042
0.625183 0.739341 -0.250042
0.625183 0.739341 -0.250042
0.625183 0.739341 -0.250042
0.625183 0.739341 -0.250042
0.625183 0.739341 -0.250042
0.463237 0.551392 -0.693814
0.463237 0.551392 -0.693814
0.463237 0.551392 -0.693814
0.463237 0.551392 -0.693814
0.463237 0.551392 -0.693814
0.463237 0.551392 -0.693814
0.171250 0.206322 -0.963382
0.171250 0.206322 -0.963382
0.171250 0.206322 -0.963382
0.171250 0.206322 -0.963382
0.171250 0.206322 -0.963382
0.171250 0.206322 -0.963382
-0.169831 -0.207817 -0.963312
-0.169831 -0.207817 -0.963312
-0.169831 -0.207817 -0.963312
-0.169831 -0.207817 -0.963312
-0.169831 -0.207817 -0.963312
-0.169831 -0.207817 -0.963312
-0.452215 -0.561736 -0.692787
-0.452215 -0.561736 -0.692787
-0.452215 -0.561736 -0.692787
-0.452215 -0.561736 -0.692787
-0.452215 -0.561736 -0.692787
-0.452215 -0.561736 -0.692787
-0.603825 -0.757183 -0.249138
-0.603825 -0.757183 -0.249138
-0.603825 -0.757183 -0.249138
-0.603825 -0.757183 -0.249138
-0.603825 -0.757183 -0.249138
-0.603825 -0.757183 -0.249138
-0.603825 -0.757185 0.249132
-0.603825 -0.757185 0.249132
-0.603825 -0.757185 0.249132
-0.603825 -0.757185 0.249132
-0.603825 -0.757185 0.249132
-0.603825 -0.757185 0.249132
-0.452213 -0.561738 0.692787
-0.452213 -0.561738 0.692787
-0.452213 -0.561738 0.692787
-0.452213 -0.561738 0.692787
-0.452213 -0.561738 0.692787
-0.452214 -0.561738 0.692787
-0.169846 -0.207835 0.963305
-0.169846 -0.207835 0.963305
-0.169846 -0.207835 0.963305
-0.169846 -0.207835 0.963305
-0.169846 -0.207835 0.963305
-0.169846 -0.207835 0.963305
0.251153 0.093885 0.963383
0.251153 0.093885 0.963383
0.251153 0.093885 0.963383
0.251153 0.093885 0.963383
0.251153 0.093885 0.963383
0.251153 0.093885 0.963383
0.675676 0.249382 0.693736
0.675676 0.249382 0.693736
0.675676 0.249382 0.693736
0.675676 0.249382 0.693736
0.675676 0.249382 0.693736
0.675676 0.249382 0.693736
0.909114 0.333214 0.249959
0.909114 0.333214 0.249959
0.909115 0.333214 0.249959
0.909114 0.333214 0.249959
0.909115 0.333214 0.249959
0.909114 0.333214 0.249959
0.909116 0.333214 -0.249954
0.909116 0.333214 -0.249954
0.909116 0.333214 -0.249954
0.909116 0.333214 -0.249954
0.909116 0.333214 -0.249954
0.909116 0.333214 -0.249954
0.675673 0.249380 -0.693740
0.675673 0.249380 -0.693740
0.675673 0.249380 -0.693740
0.675673 0.249380 -0.693740
0.675673 0.249380 -0.693740
0.675673 0.249380 -0.693740
0.251136 0.093877 -0.963389
0.251136 0.093877 -0.963389
0.251136 0.093877 -0.963389
0.251136 0.093877 -0.963389
0.251136 0.093877 -0.963389
0.251136 0.093877 -0.963389
-0.250756 -0.095238 -0.963354
-0.250756 -0.095238 -0.963354
-0.250756 -0.095238 -0.963354
-0.250756 -0.095238 -0.963354
-0.250756 -0.095238 -0.963354
-0.250756 -0.095238 -0.963354
-0.672523 -0.259266 -0.693177
-0.672523 -0.259266 -0.693177
-0.672523 -0.259266 -0.693177
-0.672523 -0.259266 -0.693177
-0.672523 -0.259266 -0.693177
-0.672523 -0.259266 -0.693177
-0.902486 -0.351122 -0.249466
-0.902486 -0.351122 -0.249466
-0.902485 -0.351122 -0.249466
-0.902486 -0.351122 -0.249466
-0.902486 -0.351122 -0.249466
-0.902485 -0.351122 -0.249466
-0.902486 -0.351121 0.249464
-0.902486 -0.351121 0.249464
-0.902486 -0.351121 0.249464
-0.902486 -0.351121 0.249464
-0.902486 -0.351121 0.249464
-0.902486 -0.351121 0.249464
-0.672523 -0.259266 0.693177
-0.672523 -0.259266 0.693177
-0.672523 -0.259266 0.693177
-0.672523 -0.259266 0.693177
-0.672523 -0.259266 0.693177
-0.672523 -0.259266 0.693177
-0.250788 -0.095251 0.963344
-0.250788 -0.095251 0.963344
-0.250789 -0.095251 0.963344
-0.250788 -0.095251 0.963344
-0.250788 -0.095251 0.963344
-0.250788 -0.095251 0.963344
0.101266 -0.920310 0.377855
0.101266 -0.920310 0.377855
0.101266 -0.920310 0.377855
0.276654 -0.920299 0.276608
0.276654 -0.920299 0.276608
0.276654 -0.920299 0.276608
0.377913 -0.920289 0.101243
0.377913 -0.920289 0.101243
0.377913 -0.920289 0.101243
0.377915 -0.920288 -0.101242
0.377915 -0.920288 -0.101242
0.377915 -0.920288 -0.101242
0.276653 -0.920298 -0.276615
0.276653 -0.920298 -0.276615
0.276653 -0.920297 -0.276615
0.101265 -0.920307 -0.377863
0.101265 -0.920307 -0.377863
0.101265 -0.920307 -0.377863
-0.101257 -0.920308 -0.377864
-0.101257 -0.920308 -0.377864
-0.101257 -0.920308 -0.377864
-0.276653 -0.920299 -0.276611
-0.276653 -0.920299 -0.276611
-0.276653 -0.920299 -0.276611
-0.377910 -0.920289 -0.101249
-0.377910 -0.920289 -0.101250
-0.377910 -0.920289 -0.101250
-0.377910 -0.920290 0.101245
-0.377910 -0.920290 0.101245
-0.377910 -0.920290 0.101245
-0.276650 -0.920299 0.276612
-0.276650 -0.920299 0.276612
-0.276650 -0.920299 0.276612
-0.101269 -0.920309 0.377857
-0.101269 -0.920309 0.377857
-0.101269 -0.920309 0.377857
0.040123 0.038561 0.998450
0.410962 0.214876 0.885967
-0.000001 -0.008193 0.999967
0.410962 0.214876 0.885967
0.040123 0.038561 0.998450
0.423240 0.356819 0.832795
0.423240 0.356819 0.832795
0.718040 0.431623 0.546003
0.410962 0.214876 0.885967
0.718040 0.431623 0.546003
0.423240 0.356819 0.832795
0.682762 0.559636 0.469727
0.682762 0.559636 0.469727
0.856482 0.516176 0.000007
0.718040 0.431623 0.546003
0.856482 0.516176 0.000007
0.682762 0.559636 0.469727
0.776002 0.630731 0.000006
0.856482 0.516176 0.000007
0.776002 0.630731 0.000006
0.682766 0.559639 -0.469718
0.856482 0.516176 0.000007
0.682766 0.559639 -0.469718
0.718046 0.431625 -0.545994
0.718046 0.431625 -0.545994
0.682766 0.559639 -0.469718
0.423236 0.356817 -0.832798
0.718046 0.431625 -0.545994
0.423236 0.356817 -0.832798
0.410949 0.214872 -0.885975
0.040121 0.038560 -0.998451
0.000000 -0.008191 -0.999966
0.410949 0.214872 -0.885975
0.410949 0.214872 -0.885975
0.423236 0.356817 -0.832798
0.040121 0.038560 -0.998451
0.000000 -0.507296 -0.861772
0.040121 0.038560 -0.998451
-0.396593 -0.316783 -0.861604
0.040121 0.038560 -0.998451
0.000000 -0.507296 -0.861772
0.000000 -0.008191 -0.999966
-0.714093 -0.519687 -0.469038
0.000000 -0.883851 -0.467769
0.000000 -0.507296 -0.861772
0.000000 -0.507296 -0.861772
-0.396593 -0.316783 -0.861604
-0.714093 -0.519687 -0.469038
-0.820543 -0.571585 -0.000009
0.000000 -1.000000 -0.000002
0.000000 -0.883851 -0.467769
-0.820543 -0.571585 -0.000009
0.000000 -0.883851 -0.467769
-0.714093 -0.519687 -0.469038
-0.000001 -0.883845 0.467779
-0.820543 -0.571585 -0.000009
-0.714092 -0.519686 0.469041
-0.820543 -0.571585 -0.000009
-0.000001 -0.883845 0.467779
0.000000 -1.000000 -0.000002
-0.000001 -0.507307 0.861765
-0.714092 -0.519686 0.469041
-0.396599 -0.316789 0.861600
-0.714092 -0.519686 0.469041
-0.000001 -0.507307 0.861765
-0.000001 -0.883845 0.467779
0.040123 0.038561 0.998450
-0.000001 -0.507307 0.861765
-0.396599 -0.316789 0.861600
0.040123 0.038561 0.998450
-0.000001 -0.008193 0.999967
-0.000001 -0.507307 0.861765
0.525057 0.045911 0.849828
0.423240 0.356819 0.832795
0.040123 0.038561 0.998450
0.040123 0.038561 0.998450
0.034748 0.005938 0.999378
0.525057 0.045911 0.849828
0.423240 0.356819 0.832795
0.525057 0.045911 0.849828
0.872179 0.071235 0.483972
0.423240 0.356819 0.832795
0.872179 0.071235 0.483972
0.682762 0.559636 0.469727
0.682762 0.559636 0.469727
0.872179 0.071235 0.483972
0.996828 0.079581 0.000007
0.682762 0.559636 0.469727
0.996828 0.079581 0.000007
0.776002 0.630731 0.000006
0.996828 0.079581 0.000007
0.682766 0.559639 -0.469718
0.776002 0.630731 0.000006
0.682766 0.559639 -0.469718
0.996828 0.079581 0.000007
0.872185 0.071234 -0.483961
0.872185 0.071234 -0.483961
0.423236 0.356817 -0.832798
0.682766 0.559639 -0.469718
0.423236 0.356817 -0.832798
0.872185 0.071234 -0.483961
0.525053 0.045912 -0.849830
0.525053 0.045912 -0.849830
0.040121 0.038560 -0.998451
0.423236 0.356817 -0.832798
0.040121 0.038560 -0.998451
0.525053 0.045912 -0.849830
0.034744 0.005938 -0.999379
0.034744 0.005938 -0.999379
-0.396593 -0.316783 -0.861604
0.040121 0.038560 -0.998451
-0.396593 -0.316783 -0.861604
0.034744 0.005938 -0.999379
-0.473489 -0.038273 -0.879968
-0.714093 -0.519687 -0.469038
-0.473489 -0.038273 -0.879968
-0.855188 -0.071322 -0.513388
-0.473489 -0.038273 -0.879968
-0.714093 -0.519687 -0.469038
-0.396593 -0.316783 -0.861604
-0.820543 -0.571585 -0.000009
-0.855188 -0.071322 -0.513388
-0.996534 -0.083183 -0.000014
-0.855188 -0.071322 -0.513388
-0.820543 -0.571585 -0.000009
-0.714093 -0.519687 -0.469038
-0.855188 -0.071322 0.513387
-0.714092 -0.519686 0.469041
-0.820543 -0.571585 -0.000009
-0.855188 -0.071322 0.513387
-0.820543 -0.571585 -0.000009
-0.996534 -0.083183 -0.000014
-0.473490 -0.038274 0.879967
-0.396599 -0.316789 0.861600
-0.714092 -0.519686 0.469041
-0.473490 -0.038274 0.879967
-0.714092 -0.519686 0.469041
-0.855188 -0.071322 0.513387
0.034748 0.005938 0.999378
0.040123 0.038561 0.998450
-0.396599 -0.316789 0.861600
-0.396599 -0.316789 0.861600
-0.473490 -0.038274 0.879967
0.034748 0.005938 0.999378
0.482805 -0.062760 0.873476
0.525057 0.045911 0.849828
0.034748 0.005938 0.999378
0.034748 0.005938 0.999378
-0.021295 0.002768 0.999769
0.482805 -0.062760 0.873476
0.525057 0.045911 0.849828
0.482805 -0.062760 0.873476
0.855204 -0.111168 0.506229
0.525057 0.045911 0.849828
0.855204 -0.111168 0.506229
0.872179 0.071235 0.483972
0.872179 0.071235 0.483972
0.855204 -0.111168 0.506229
0.991657 -0.128906 0.000008
0.872179 0.071235 0.483972
0.991657 -0.128906 0.000008
0.996828 0.079581 0.000007
0.996828 0.079581 0.000007
0.991657 -0.128906 0.000008
0.855212 -0.111169 -0.506215
0.996828 0.079581 0.000007
0.855212 -0.111169 -0.506215
0.872185 0.071234 -0.483961
0.872185 0.071234 -0.483961
0.855212 -0.111169 -0.506215
0.482800 -0.062759 -0.873479
0.872185 0.071234 -0.483961
0.482800 -0.062759 -0.873479
0.525053 0.045912 -0.849830
0.034744 0.005938 -0.999379
0.482800 -0.062759 -0.873479
-0.021297 0.002768 -0.999769
0.482800 -0.062759 -0.873479
0.034744 0.005938 -0.999379
0.525053 0.045912 -0.849830
-0.473489 -0.038273 -0.879968
-0.021297 0.002768 -0.999769
-0.514533 0.066884 -0.854858
-0.021297 0.002768 -0.999769
-0.473489 -0.038273 -0.879968
0.034744 0.005938 -0.999379
-0.865644 0.112525 -0.487852
-0.855188 -0.071322 -0.513388
-0.473489 -0.038273 -0.879968
-0.865644 0.112525 -0.487852
-0.473489 -0.038273 -0.879968
-0.514533 0.066884 -0.854858
-0.996534 -0.083183 -0.000014
-0.865644 0.112525 -0.487852
-0.991657 0.128905 -0.000013
-0.865644 0.112525 -0.487852
-0.996534 -0.083183 -0.000014
-0.855188 -0.071322 -0.513388
-0.865645 0.112525 0.487850
-0.855188 -0.071322 0.513387
-0.996534 -0.083183 -0.000014
-0.865645 0.112525 0.487850
-0.996534 -0.083183 -0.000014
-0.991657 0.128905 -0.000013
-0.473490 -0.038274 0.879967
-0.865645 0.112525 0.487850
-0.514528 0.066884 0.854861
-0.865645 0.112525 0.487850
-0.473490 -0.038274 0.879967
-0.855188 -0.071322 0.513387
-0.021295 0.002768 0.999769
0.034748 0.005938 0.999378
-0.473490 -0.038274 0.879967
-0.473490 -0.038274 0.879967
-0.514528 0.066884 0.854861
-0.021295 0.002768 0.999769
0.000000 0.000001 1.000000
0.410962 0.214876 0.885967
0.650972 0.000001 0.759102
0.000000 0.000001 1.000000
-0.000001 -0.008193 0.999967
0.410962 0.214876 0.885967
0.650972 0.000001 0.759102
0.410962 0.214876 0.885967
0.718040 0.431623 0.546003
0.718040 0.431623 0.546003
0.907325 0.000000 0.420430
0.650972 0.000001 0.759102
0.907325 0.000000 0.420430
0.718040 0.431623 0.546003
0.856482 0.516176 0.000007
0.907325 0.000000 0.420430
0.856482 0.516176 0.000007
1.000000 0.000000 0.000004
0.856482 0.516176 0.000007
0.907329 0.000000 -0.420421
1.000000 0.000000 0.000004
0.907329 0.000000 -0.420421
0.856482 0.516176 0.000007
0.718046 0.431625 -0.545994
0.718046 0.431625 -0.545994
0.650970 0.000000 -0.759103
0.907329 0.000000 -0.420421
0.650970 0.000000 -0.759103
0.718046 0.431625 -0.545994
0.410949 0.214872 -0.885975
0.410949 0.214872 -0.885975
0.000000 0.000000 -1.000000
0.650970 0.000000 -0.759103
0.000000 0.000000 -1.000000
0.410949 0.214872 -0.885975
0.000000 -0.008191 -0.999966
0.000001 -0.942886 0.333117
-0.000001 -1.000000 0.000005
0.166580 -0.942881 0.288492
0.166580 -0.942881 0.288492
-0.000001 -1.000000 0.000005
0.288521 -0.942874 0.166565
0.288521 -0.942874 0.166565
-0.000001 -1.000000 0.000005
0.333159 -0.942871 0.000003
0.333159 -0.942871 0.000003
-0.000001 -1.000000 0.000005
0.288516 -0.942876 -0.166565
0.288516 -0.942876 -0.166565
-0.000001 -1.000000 0.000005
0.166575 -0.942883 -0.288487
0.166575 -0.942883 -0.288487
-0.000001 -1.000000 0.000005
0.000005 -0.942889 -0.333106
0.000005 -0.942889 -0.333106
-0.000001 -1.000000 0.000005
-0.166574 -0.942884 -0.288483
-0.166574 -0.942884 -0.288483
-0.000001 -1.000000 0.000005
-0.288521 -0.942874 -0.166564
-0.288521 -0.942874 -0.166564
-0.000001 -1.000000 0.000005
-0.333161 -0.942870 -0.000005
-0.333161 -0.942870 -0.000005
-0.000001 -1.000000 0.000005
-0.288524 -0.942873 0.166564
-0.288524 -0.942873 0.166564
-0.000001 -1.000000 0.000005
-0.166579 -0.942881 0.288492
-0.166579 -0.942881 0.288492
-0.000001 -1.000000 0.000005
0.000001 -0.942886 0.333117
-0.822849 0.567079 -0.036617
-0.999643 0.026722 0.000000
-0.859620 0.485608 0.158867
-0.999643 0.026722 0.000000
-0.904118 0.218833 0.366992
-0.859620 0.485608 0.158867
-0.835514 0.059790 0.546206
-0.740889 0.517159 0.428520
-0.904118 0.218833 0.366992
-0.859620 0.485608 0.158867
-0.904118 0.218833 0.366992
-0.740889 0.517159 0.428520
-0.999643 0.026722 0.000000
-1.000000 0.000001 0.000000
-0.904118 0.218833 0.366992
-0.862505 -0.425637 0.273711
-0.952204 -0.284243 0.111859
-0.937798 -0.314961 0.146063
-0.835514 0.059790 0.546206
-0.904118 0.218833 0.366992
-0.787815 -0.262021 0.557399
-0.862505 -0.425637 0.273711
-0.937798 -0.314961 0.146063
-0.823520 -0.466435 0.322883
-0.964072 -0.099853 -0.246160
-0.956589 -0.116605 -0.267097
-0.950452 -0.129185 -0.282758
-0.956589 -0.116605 -0.267097
-0.964072 -0.099853 -0.246160
-0.964072 -0.099853 -0.246160
-0.964267 -0.183061 -0.191515
-0.950452 -0.129185 -0.282758
-0.961620 -0.177299 -0.209410
-0.971129 -0.204233 -0.123278
-0.961620 -0.177299 -0.209410
-0.971129 -0.204233 -0.123278
-0.961620 -0.177299 -0.209410
-0.971129 -0.204233 -0.123278
-0.964267 -0.183061 -0.191515
-0.647108 0.755749 0.100468
-0.822849 0.567079 -0.036617
-0.859620 0.485608 0.158867
-0.647108 0.755749 0.100468
-0.701705 0.707797 -0.081450
-0.822849 0.567079 -0.036617
-0.822849 0.567079 -0.036617
-0.701705 0.707797 -0.081450
-0.712679 0.688471 -0.134525
-0.647108 0.755749 0.100468
-0.859620 0.485608 0.158867
-0.740889 0.517159 0.428520
0.999643 0.026721 0.000000
0.822849 0.567079 -0.036617
0.859619 0.485609 0.158868
0.859619 0.485609 0.158868
0.904117 0.218835 0.366993
0.999643 0.026721 0.000000
0.904117 0.218835 0.366993
0.859619 0.485609 0.158868
0.740888 0.517160 0.428522
0.740888 0.517160 0.428522
0.835512 0.059796 0.546208
0.904117 0.218835 0.366993
0.999643 0.026721 0.000000
0.904117 0.218835 0.366993
1.000000 -0.000000 0.000000
0.862506 -0.425636 0.273710
0.937799 -0.314960 0.146062
0.952205 -0.284243 0.111859
0.835512 0.059796 0.546208
0.787815 -0.262014 0.557402
0.904117 0.218835 0.366993
0.862506 -0.425636 0.273710
0.823521 -0.466434 0.322882
0.937799 -0.314960 0.146062
0.964072 -0.099853 -0.246160
0.956589 -0.116605 -0.267097
0.964072 -0.099853 -0.246160
0.956589 -0.116605 -0.267097
0.964072 -0.099853 -0.246160
0.950452 -0.129186 -0.282758
0.964267 -0.183061 -0.191515
0.961620 -0.177299 -0.209410
0.950452 -0.129186 -0.282758
0.971129 -0.204232 -0.123278
0.961620 -0.177299 -0.209410
0.964267 -0.183061 -0.191515
0.961620 -0.177299 -0.209410
0.971129 -0.204232 -0.123278
0.971129 -0.204232 -0.123278
0.859619 0.485609 0.158868
0.822849 0.567079 -0.036617
0.647108 0.755750 0.100468
0.647108 0.755750 0.100468
0.822849 0.567079 -0.036617
0.701705 0.707797 -0.081450
0.822849 0.567079 -0.036617
0.712679 0.688470 -0.134526
0.701705 0.707797 -0.081450
0.647108 0.755750 0.100468
0.740888 0.517160 0.428522
0.859619 0.485609 0.158868
-0.950452 -0.129185 -0.282758
-0.956589 -0.116605 -0.267097
-0.961620 -0.177299 -0.209410
0.961620 -0.177299 -0.209410
0.956589 -0.116605 -0.267097
0.950452 -0.129186 -0.282758
0.000000 0.499999 0.866026
0.000001 -0.000000 1.000000
0.210994 0.488742 0.846530
0.210994 0.488742 0.846530
0.000001 -0.000000 1.000000
0.210995 0.000000 0.977487
-0.000001 0.866025 0.500001
0.000000 0.499999 0.866026
0.210995 0.846529 0.488744
0.210995 0.846529 0.488744
0.000000 0.499999 0.866026
0.210994 0.488742 0.846530
0.210995 0.846529 0.488744
0.000000 1.000000 -0.000000
-0.000001 0.866025 0.500001
0.000000 1.000000 -0.000000
0.210995 0.846529 0.488744
0.210994 0.977487 -0.000001
0.000000 1.000000 -0.000000
0.210994 0.977487 -0.000001
0.210995 0.846528 -0.488744
0.000000 1.000000 -0.000000
0.210995 0.846528 -0.488744
0.000000 0.866025 -0.500000
0.000001 0.500001 -0.866025
0.210995 0.846528 -0.488744
0.210995 0.488744 -0.846528
0.210995 0.846528 -0.488744
0.000001 0.500001 -0.866025
0.000000 0.866025 -0.500000
0.000001 0.000002 -1.000000
0.210995 0.488744 -0.846528
0.210997 0.000001 -0.977487
0.210995 0.488744 -0.846528
0.000001 0.000002 -1.000000
0.000001 0.500001 -0.866025
0.000001 -0.500000 -0.866026
0.000001 0.000002 -1.000000
0.210998 -0.488744 -0.846528
0.210998 -0.488744 -0.846528
0.000001 0.000002 -1.000000
0.210997 0.000001 -0.977487
0.000001 -0.866024 -0.500002
0.210998 -0.488744 -0.846528
0.210996 -0.846527 -0.488746
0.210998 -0.488744 -0.846528
0.000001 -0.866024 -0.500002
0.000001 -0.500000 -0.866026
-0.000000 -1.000000 -0.000002
0.210996 -0.846527 -0.488746
0.210997 -0.977487 -0.000003
0.210996 -0.846527 -0.488746
-0.000000 -1.000000 -0.000002
0.000001 -0.866024 -0.500002
-0.000001 -0.866026 0.500000
-0.000000 -1.000000 -0.000002
0.210996 -0.846528 0.488744
0.210996 -0.846528 0.488744
-0.000000 -1.000000 -0.000002
0.210997 -0.977487 -0.000003
-0.000001 -0.500000 0.866025
-0.000001 -0.866026 0.500000
0.210996 -0.488744 0.846528
0.210996 -0.488744 0.846528
-0.000001 -0.866026 0.500000
0.210996 -0.846528 0.488744
0.000001 -0.000000 1.000000
0.210996 -0.488744 0.846528
0.210995 0.000000 0.977487
0.210996 -0.488744 0.846528
0.000001 -0.000000 1.000000
-0.000001 -0.500000 0.866025
0.931853 0.181414 0.314227
0.931853 0.000000 0.362835
0.931854 0.000001 0.362835
0.931853 0.181414 0.314227
0.931854 0.000001 0.362835
0.931853 0.181414 0.314227
0.931855 0.314220 0.181419
0.931853 0.181414 0.314227
0.931853 0.181414 0.314227
0.931853 0.181414 0.314227
0.931855 0.314220 0.181419
0.931855 0.314220 0.181419
0.931855 0.362830 0.000000
0.931855 0.314220 0.181419
0.931855 0.314220 0.181419
0.931855 0.314220 0.181419
0.931855 0.362830 0.000000
0.931855 0.362830 -0.000000
0.931855 0.362830 -0.000000
0.931855 0.314220 -0.181415
0.931855 0.314220 -0.181415
0.931855 0.314220 -0.181415
0.931855 0.362830 -0.000000
0.931855 0.362830 0.000000
0.931855 0.314220 -0.181415
0.931855 0.181415 -0.314221
0.931855 0.181415 -0.314221
0.931855 0.181415 -0.314221
0.931855 0.314220 -0.181415
0.931855 0.314220 -0.181415
0.931854 0.000000 -0.362832
0.931855 0.181415 -0.314221
0.931855 0.181415 -0.314221
0.931855 0.181415 -0.314221
0.931854 0.000000 -0.362832
0.931854 0.000000 -0.362832
0.931854 -0.181416 -0.314223
0.931854 0.000000 -0.362832
0.931854 -0.181416 -0.314224
0.931854 0.000000 -0.362832
0.931854 -0.181416 -0.314223
0.931854 0.000000 -0.362832
0.931854 -0.181416 -0.314223
0.931854 -0.314223 -0.181417
0.931854 -0.314223 -0.181418
0.931854 -0.314223 -0.181417
0.931854 -0.181416 -0.314223
0.931854 -0.181416 -0.314224
0.931854 -0.362833 0.000000
0.931854 -0.314223 -0.181418
0.931854 -0.314223 -0.181417
0.931854 -0.362833 0.000000
0.931854 -0.314223 -0.181417
0.931854 -0.362833 0.000000
0.931854 -0.362833 0.000000
0.931854 -0.314220 0.181419
0.931855 -0.314221 0.181419
0.931855 -0.314221 0.181419
0.931854 -0.362833 0.000000
0.931854 -0.362833 0.000000
0.931854 -0.181413 0.314225
0.931854 -0.314220 0.181419
0.931854 -0.181413 0.314225
0.931854 -0.314220 0.181419
0.931854 -0.181413 0.314225
0.931855 -0.314221 0.181419
0.931854 -0.181413 0.314225
0.931853 0.000000 0.362835
0.931854 -0.181413 0.314225
0.931853 0.000000 0.362835
0.931854 -0.181413 0.314225
0.931854 0.000001 0.362835
-0.931857 0.181417 0.314215
-0.931857 -0.000000 0.362825
-0.931857 -0.000001 0.362825
-0.931857 -0.000000 0.362825
-0.931857 0.181417 0.314215
-0.931857 0.181417 0.314215
-0.931857 0.181417 0.314215
-0.931855 0.314221 0.181412
-0.931855 0.314221 0.181412
-0.931855 0.314221 0.181412
-0.931857 0.181417 0.314215
-0.931857 0.181417 0.314215
-0.931855 0.314221 0.181412
-0.931855 0.362830 -0.000000
-0.931855 0.362830 -0.000000
-0.931855 0.362830 -0.000000
-0.931855 0.314221 0.181412
-0.931855 0.314221 0.181412
-0.931855 0.314220 -0.181415
-0.931855 0.362830 -0.000000
-0.931855 0.362830 -0.000000
-0.931855 0.362830 -0.000000
-0.931855 0.314220 -0.181415
-0.931855 0.314220 -0.181415
-0.931855 0.181416 -0.314219
-0.931855 0.314220 -0.181415
-0.931855 0.314220 -0.181415
-0.931855 0.314220 -0.181415
-0.931855 0.181416 -0.314219
-0.931855 0.181416 -0.314219
-0.931855 0.181416 -0.314219
-0.931855 0.000001 -0.362830
-0.931855 0.181416 -0.314219
-0.931855 0.000001 -0.362830
-0.931855 0.181416 -0.314219
-0.931856 0.000000 -0.362830
-0.931855 0.000001 -0.362830
-0.931856 -0.181415 -0.314219
-0.931855 -0.181415 -0.314219
-0.931856 -0.181415 -0.314219
-0.931855 0.000001 -0.362830
-0.931856 0.000000 -0.362830
-0.931855 -0.314220 -0.181416
-0.931855 -0.181415 -0.314219
-0.931856 -0.181415 -0.314219
-0.931855 -0.181415 -0.314219
-0.931855 -0.314220 -0.181416
-0.931855 -0.314221 -0.181416
-0.931855 -0.362830 -0.000001
-0.931855 -0.314220 -0.181416
-0.931855 -0.362830 -0.000000
-0.931855 -0.314220 -0.181416
-0.931855 -0.362830 -0.000001
-0.931855 -0.314221 -0.181416
-0.931855 -0.362830 -0.000001
-0.931856 -0.314221 0.181412
-0.931856 -0.314221 0.181412
-0.931856 -0.314221 0.181412
-0.931855 -0.362830 -0.000001
-0.931855 -0.362830 -0.000000
-0.931856 -0.314221 0.181412
-0.931857 -0.181417 0.314214
-0.931857 -0.181417 0.314214
-0.931857 -0.181417 0.314214
-0.931856 -0.314221 0.181412
-0.931856 -0.314221 0.181412
-0.931857 -0.000001 0.362825
-0.931857 -0.181417 0.314214
-0.931857 -0.181417 0.314214
-0.931857 -0.181417 0.314214
-0.931857 -0.000001 0.362825
-0.931857 -0.000000 0.362825
0.919561 -0.196478 -0.340300
0.919564 0.000000 -0.392940
0.972679 0.000001 -0.232155
0.919561 -0.196478 -0.340300
0.972679 0.000001 -0.232155
0.972677 -0.116084 -0.201055
0.972677 -0.116084 -0.201055
0.972677 -0.201061 -0.116082
0.919559 -0.340307 -0.196476
0.919559 -0.340307 -0.196476
0.919561 -0.196478 -0.340300
0.972677 -0.116084 -0.201055
0.919559 -0.392953 -0.000001
0.972677 -0.201061 -0.116082
0.972677 -0.232164 0.000001
0.972677 -0.201061 -0.116082
0.919559 -0.392953 -0.000001
0.919559 -0.340307 -0.196476
0.972677 -0.232164 0.000001
0.919558 -0.340307 0.196477
0.919559 -0.392953 -0.000001
0.919558 -0.340307 0.196477
0.972677 -0.232164 0.000001
0.972676 -0.201060 0.116084
0.919559 -0.196476 0.340307
0.919558 -0.340307 0.196477
0.972676 -0.201060 0.116084
0.919559 -0.196476 0.340307
0.972676 -0.201060 0.116084
0.972677 -0.116083 0.201060
0.972676 0.000001 0.232165
0.919559 -0.196476 0.340307
0.972677 -0.116083 0.201060
0.919559 -0.196476 0.340307
0.972676 0.000001 0.232165
0.919558 0.000001 0.392953
0.972676 0.116083 0.201063
0.919558 0.000001 0.392953
0.972676 0.000001 0.232165
0.919558 0.000001 0.392953
0.972676 0.116083 0.201063
0.919557 0.196479 0.340311
0.919557 0.196479 0.340311
0.972676 0.201062 0.116085
0.919557 0.340310 0.196480
0.972676 0.201062 0.116085
0.919557 0.196479 0.340311
0.972676 0.116083 0.201063
0.919557 0.340310 0.196480
0.972676 0.232167 0.000001
0.919556 0.392958 0.000000
0.972676 0.232167 0.000001
0.919557 0.340310 0.196480
0.972676 0.201062 0.116085
0.972676 0.232167 0.000001
0.972676 0.201061 -0.116083
0.919558 0.340309 -0.196475
0.919558 0.340309 -0.196475
0.919556 0.392958 0.000000
0.972676 0.232167 0.000001
0.919562 0.196477 -0.340298
0.972676 0.201061 -0.116083
0.972678 0.116084 -0.201054
0.972676 0.201061 -0.116083
0.919562 0.196477 -0.340298
0.919558 0.340309 -0.196475
0.919562 0.196477 -0.340298
0.972679 0.000001 -0.232155
0.919564 0.000000 -0.392940
0.972679 0.000001 -0.232155
0.919562 0.196477 -0.340298
0.972678 0.116084 -0.201054
-0.919555 -0.196477 -0.340317
-0.919553 0.000000 -0.392966
-0.919555 -0.196476 -0.340318
-0.919553 0.000000 -0.392966
-0.919555 -0.196477 -0.340317
-0.919553 0.000000 -0.392966
-0.919555 -0.196476 -0.340318
-0.919557 -0.340309 -0.196480
-0.919555 -0.196477 -0.340317
-0.919557 -0.340309 -0.196480
-0.919555 -0.196476 -0.340318
-0.919557 -0.340309 -0.196480
-0.919557 -0.340309 -0.196480
-0.919559 -0.392953 -0.000001
-0.919559 -0.392953 -0.000000
-0.919559 -0.392953 -0.000001
-0.919557 -0.340309 -0.196480
-0.919557 -0.340309 -0.196480
-0.919559 -0.340307 0.196475
-0.919559 -0.392953 -0.000000
-0.919559 -0.392953 -0.000001
-0.919559 -0.392953 -0.000000
-0.919559 -0.340307 0.196475
-0.919559 -0.340307 0.196475
-0.919559 -0.196477 0.340307
-0.919559 -0.340307 0.196475
-0.919559 -0.196476 0.340307
-0.919559 -0.340307 0.196475
-0.919559 -0.196477 0.340307
-0.919559 -0.340307 0.196475
-0.919559 -0.196476 0.340307
-0.919559 -0.000000 0.392953
-0.919559 -0.196477 0.340307
-0.919559 -0.000000 0.392953
-0.919559 -0.196476 0.340307
-0.919559 -0.000000 0.392953
-0.919559 -0.000000 0.392953
-0.919559 0.196476 0.340307
-0.919559 0.196476 0.340307
-0.919559 0.196476 0.340307
-0.919559 -0.000000 0.392953
-0.919559 -0.000000 0.392953
-0.919559 0.196476 0.340307
-0.919559 0.340306 0.196476
-0.919559 0.340306 0.196476
-0.919559 0.196476 0.340307
-0.919559 0.340306 0.196476
-0.919559 0.196476 0.340307
-0.919559 0.392952 0.000000
-0.919559 0.340306 0.196476
-0.919559 0.392952 -0.000000
-0.919559 0.340306 0.196476
-0.919559 0.392952 0.000000
-0.919559 0.340306 0.196476
-0.919559 0.392952 -0.000000
-0.919558 0.340308 -0.196480
-0.919559 0.392952 0.000000
-0.919558 0.340308 -0.196480
-0.919559 0.392952 -0.000000
-0.919558 0.340308 -0.196480
-0.919558 0.340308 -0.196480
-0.919555 0.196476 -0.340318
-0.919555 0.196476 -0.340318
-0.919555 0.196476 -0.340318
-0.919558 0.340308 -0.196480
-0.919558 0.340308 -0.196480
-0.919553 0.000000 -0.392966
-0.919555 0.196476 -0.340318
-0.919555 0.196476 -0.340318
-0.919555 0.196476 -0.340318
-0.919553 0.000000 -0.392966
-0.919553 0.000000 -0.392966
0.972677 -0.116084 -0.201055
0.972679 0.000001 -0.232155
1.000000 0.000000 0.000001
0.972677 -0.201061 -0.116082
0.972677 -0.116084 -0.201055
1.000000 0.000000 0.000001
0.972677 -0.232164 0.000001
0.972677 -0.201061 -0.116082
1.000000 0.000000 0.000001
0.972676 -0.201060 0.116084
0.972677 -0.232164 0.000001
1.000000 0.000000 0.000001
0.972677 -0.116083 0.201060
0.972676 -0.201060 0.116084
1.000000 0.000000 0.000001
0.972676 0.000001 0.232165
0.972677 -0.116083 0.201060
1.000000 0.000000 0.000001
0.972676 0.116083 0.201063
0.972676 0.000001 0.232165
1.000000 0.000000 0.000001
0.972676 0.201062 0.116085
0.972676 0.116083 0.201063
1.000000 0.000000 0.000001
0.972676 0.232167 0.000001
0.972676 0.201062 0.116085
1.000000 0.000000 0.000001
0.972676 0.201061 -0.116083
0.972676 0.232167 0.000001
1.000000 0.000000 0.000001
0.972678 0.116084 -0.201054
0.972676 0.201061 -0.116083
1.000000 0.000000 0.000001
0.972679 0.000001 -0.232155
0.972678 0.116084 -0.201054
1.000000 0.000000 0.000001
-1.000000 0.000000 -0.000003
-1.000000 0.000004 -0.000001
-1.000000 -0.000000 -0.000001
-1.000000 0.000004 -0.000001
-1.000000 0.000000 0.000001
-1.000000 -0.000000 -0.000001
-1.000000 0.000000 0.000001
-1.000000 -0.000000 0.000000
-1.000000 -0.000000 -0.000001
-1.000000 -0.000000 0.000000
-1.000000 0.000000 -0.000001
-1.000000 -0.000000 -0.000001
-1.000000 0.000000 -0.000001
-1.000000 0.000000 -0.000001
-1.000000 -0.000000 -0.000001
-1.000000 0.000000 -0.000001
-1.000000 0.000000 -0.000001
-1.000000 -0.000000 -0.000001
-1.000000 0.000000 -0.000001
-1.000000 -0.000000 -0.000001
-1.000000 -0.000000 -0.000001
-1.000000 -0.000000 -0.000001
-1.000000 -0.000000 -0.000001
-1.000000 -0.000000 -0.000001
-1.000000 -0.000000 -0.000001
-1.000000 -0.000000 0.000000
-1.000000 -0.000000 -0.000001
-1.000000 -0.000000 0.000000
-1.000000 -0.000000 0.000001
-1.000000 -0.000000 -0.000001
-1.000000 -0.000000 0.000001
-1.000000 -0.000004 -0.000001
-1.000000 -0.000000 -0.000001
-1.000000 -0.000004 -0.000001
-1.000000 0.000000 -0.000003
-1.000000 -0.000000 -0.000001
0.000000 0.499999 0.866026
-0.210994 0.488743 0.846530
0.000001 -0.000000 1.000000
-0.210994 0.488743 0.846530
-0.210994 -0.000001 0.977487
0.000001 -0.000000 1.000000
-0.000001 0.866025 0.500001
-0.210996 0.846529 0.488743
0.000000 0.499999 0.866026
-0.210996 0.846529 0.488743
-0.210994 0.488743 0.846530
0.000000 0.499999 0.866026
-0.210996 0.846529 0.488743
0.000000 1.000000 -0.000000
-0.210995 0.977487 -0.000001
0.000000 1.000000 -0.000000
-0.210996 0.846529 0.488743
-0.000001 0.866025 0.500001
0.000000 1.000000 -0.000000
-0.210994 0.846529 -0.488744
-0.210995 0.977487 -0.000001
-0.210994 0.846529 -0.488744
0.000000 1.000000 -0.000000
0.000000 0.866025 -0.500000
0.000001 0.500001 -0.866025
-0.210994 0.846529 -0.488744
0.000000 0.866025 -0.500000
-0.210994 0.846529 -0.488744
0.000001 0.500001 -0.866025
-0.210994 0.488744 -0.846529
0.000001 0.000002 -1.000000
-0.210994 0.488744 -0.846529
0.000001 0.500001 -0.866025
-0.210994 0.488744 -0.846529
0.000001 0.000002 -1.000000
-0.210995 0.000002 -0.977487
0.000001 -0.500000 -0.866026
-0.210995 -0.488744 -0.846529
0.000001 0.000002 -1.000000
-0.210995 -0.488744 -0.846529
-0.210995 0.000002 -0.977487
0.000001 0.000002 -1.000000
0.000001 -0.866024 -0.500002
-0.210995 -0.488744 -0.846529
0.000001 -0.500000 -0.866026
-0.210995 -0.488744 -0.846529
0.000001 -0.866024 -0.500002
-0.210995 -0.846528 -0.488745
-0.000000 -1.000000 -0.000002
-0.210995 -0.846528 -0.488745
0.000001 -0.866024 -0.500002
-0.210995 -0.846528 -0.488745
-0.000000 -1.000000 -0.000002
-0.210997 -0.977487 -0.000003
-0.000001 -0.866026 0.500000
-0.210998 -0.846528 0.488744
-0.000000 -1.000000 -0.000002
-0.210998 -0.846528 0.488744
-0.210997 -0.977487 -0.000003
-0.000000 -1.000000 -0.000002
-0.000001 -0.500000 0.866025
-0.210997 -0.488744 0.846528
-0.000001 -0.866026 0.500000
-0.210997 -0.488744 0.846528
-0.210998 -0.846528 0.488744
-0.000001 -0.866026 0.500000
0.000001 -0.000000 1.000000
-0.210997 -0.488744 0.846528
-0.000001 -0.500000 0.866025
-0.210997 -0.488744 0.846528
0.000001 -0.000000 1.000000
-0.210994 -0.000001 0.977487
0.000000 0.500000 0.866025
0.000001 0.000001 1.000000
0.210992 0.488742 0.846530
0.210992 0.488742 0.846530
0.000001 0.000001 1.000000
0.210994 0.000001 0.977488
-0.000000 0.866025 0.500001
0.000000 0.500000 0.866025
0.210993 0.846528 0.488745
0.210993 0.846528 0.488745
0.000000 0.500000 0.866025
0.210992 0.488742 0.846530
0.210993 0.846528 0.488745
0.000000 1.000000 0.000001
-0.000000 0.866025 0.500001
0.000000 1.000000 0.000001
0.210993 0.846528 0.488745
0.210994 0.977487 -0.000001
0.000000 1.000000 0.000001
0.210994 0.977487 -0.000001
0.210995 0.846529 -0.488743
0.000000 1.000000 0.000001
0.210995 0.846529 -0.488743
0.000000 0.866026 -0.499999
0.000000 0.866026 -0.499999
0.210995 0.846529 -0.488743
0.210996 0.488744 -0.846528
0.000000 0.866026 -0.499999
0.210996 0.488744 -0.846528
0.000001 0.500001 -0.866025
0.000001 0.000001 -1.000000
0.210996 0.488744 -0.846528
0.210997 0.000001 -0.977487
0.210996 0.488744 -0.846528
0.000001 0.000001 -1.000000
0.000001 0.500001 -0.866025
0.000001 -0.500000 -0.866025
0.000001 0.000001 -1.000000
0.210996 -0.488744 -0.846528
0.210996 -0.488744 -0.846528
0.000001 0.000001 -1.000000
0.210997 0.000001 -0.977487
0.000000 -0.866023 -0.500003
0.210996 -0.488744 -0.846528
0.210995 -0.846527 -0.488746
0.210996 -0.488744 -0.846528
0.000000 -0.866023 -0.500003
0.000001 -0.500000 -0.866025
-0.000000 -1.000000 -0.000003
0.210995 -0.846527 -0.488746
0.210996 -0.977487 -0.000003
0.210995 -0.846527 -0.488746
-0.000000 -1.000000 -0.000003
0.000000 -0.866023 -0.500003
-0.000001 -0.866025 0.500000
-0.000000 -1.000000 -0.000003
0.210996 -0.846528 0.488744
0.210996 -0.846528 0.488744
-0.000000 -1.000000 -0.000003
0.210996 -0.977487 -0.000003
-0.000001 -0.500000 0.866025
-0.000001 -0.866025 0.500000
0.210996 -0.488744 0.846528
0.210996 -0.488744 0.846528
-0.000001 -0.866025 0.500000
0.210996 -0.846528 0.488744
0.000001 0.000001 1.000000
0.210996 -0.488744 0.846528
0.210994 0.000001 0.977488
0.210996 -0.488744 0.846528
0.000001 0.000001 1.000000
-0.000001 -0.500000 0.866025
0.931854 0.181412 0.314225
0.931855 -0.000000 0.362831
0.931855 0.000001 0.362831
0.931854 0.181412 0.314225
0.931855 0.000001 0.362831
0.931854 0.181412 0.314224
0.931854 0.181412 0.314224
0.931855 0.314218 0.181418
0.931855 0.314218 0.181419
0.931855 0.314218 0.181419
0.931854 0.181412 0.314225
0.931854 0.181412 0.314224
0.931856 0.362829 -0.000001
0.931855 0.314218 0.181418
0.931856 0.362829 -0.000001
0.931855 0.314218 0.181418
0.931856 0.362829 -0.000001
0.931855 0.314218 0.181419
0.931856 0.362829 -0.000001
0.931856 0.314219 -0.181415
0.931856 0.362829 -0.000001
0.931856 0.314219 -0.181415
0.931856 0.362829 -0.000001
0.931856 0.314219 -0.181415
0.931856 0.314219 -0.181415
0.931855 0.181415 -0.314220
0.931855 0.181415 -0.314220
0.931855 0.181415 -0.314220
0.931856 0.314219 -0.181415
0.931856 0.314219 -0.181415
0.931855 0.000001 -0.362830
0.931855 0.181415 -0.314220
0.931855 0.181415 -0.314220
0.931855 0.181415 -0.314220
0.931855 0.000001 -0.362830
0.931855 0.000001 -0.362830
0.931855 -0.181414 -0.314220
0.931855 0.000001 -0.362830
0.931855 0.000001 -0.362830
0.931855 0.000001 -0.362830
0.931855 -0.181414 -0.314220
0.931855 -0.181414 -0.314220
0.931855 -0.181414 -0.314220
0.931855 -0.314220 -0.181416
0.931855 -0.181414 -0.314220
0.931855 -0.314220 -0.181416
0.931855 -0.181414 -0.314220
0.931855 -0.314220 -0.181416
0.931855 -0.314220 -0.181416
0.931855 -0.362830 -0.000000
0.931855 -0.362830 -0.000000
0.931855 -0.362830 -0.000000
0.931855 -0.314220 -0.181416
0.931855 -0.314220 -0.181416
0.931855 -0.362830 -0.000000
0.931855 -0.314218 0.181419
0.931855 -0.314218 0.181418
0.931855 -0.314218 0.181418
0.931855 -0.362830 -0.000000
0.931855 -0.362830 -0.000000
0.931855 -0.181412 0.314223
0.931855 -0.314218 0.181419
0.931855 -0.181412 0.314223
0.931855 -0.314218 0.181419
0.931855 -0.181412 0.314223
0.931855 -0.314218 0.181418
0.931855 -0.181412 0.314223
0.931855 -0.000000 0.362831
0.931855 -0.181412 0.314223
0.931855 -0.000000 0.362831
0.931855 -0.181412 0.314223
0.931855 0.000001 0.362831
-0.931857 0.181417 0.314215
-0.931857 -0.000000 0.362826
-0.931857 -0.000001 0.362826
-0.931857 -0.000000 0.362826
-0.931857 0.181417 0.314215
-0.931857 0.181417 0.314215
-0.931857 0.181417 0.314215
-0.931856 0.314221 0.181412
-0.931856 0.314221 0.181412
-0.931856 0.314221 0.181412
-0.931857 0.181417 0.314215
-0.931857 0.181417 0.314215
-0.931856 0.314221 0.181412
-0.931855 0.362830 0.000000
-0.931855 0.362830 -0.000000
-0.931855 0.362830 0.000000
-0.931856 0.314221 0.181412
-0.931856 0.314221 0.181412
-0.931855 0.314220 -0.181415
-0.931855 0.362830 -0.000000
-0.931855 0.362830 0.000000
-0.931855 0.362830 -0.000000
-0.931855 0.314220 -0.181415
-0.931855 0.314220 -0.181415
-0.931855 0.181415 -0.314219
-0.931855 0.314220 -0.181415
-0.931856 0.181415 -0.314219
-0.931855 0.314220 -0.181415
-0.931855 0.181415 -0.314219
-0.931855 0.314220 -0.181415
-0.931856 0.181415 -0.314219
-0.931856 0.000000 -0.362829
-0.931855 0.181415 -0.314219
-0.931856 0.000000 -0.362829
-0.931856 0.181415 -0.314219
-0.931856 0.000000 -0.362829
-0.931856 -0.181415 -0.314219
-0.931856 0.000000 -0.362829
-0.931856 0.000000 -0.362829
-0.931856 0.000000 -0.362829
-0.931856 -0.181415 -0.314219
-0.931856 -0.181415 -0.314219
-0.931855 -0.314220 -0.181416
-0.931856 -0.181415 -0.314219
-0.931856 -0.181415 -0.314219
-0.931856 -0.181415 -0.314219
-0.931855 -0.314220 -0.181416
-0.931855 -0.314220 -0.181415
-0.931855 -0.362830 -0.000000
-0.931855 -0.314220 -0.181416
-0.931855 -0.362830 -0.000000
-0.931855 -0.314220 -0.181416
-0.931855 -0.362830 -0.000000
-0.931855 -0.314220 -0.181415
-0.931855 -0.362830 -0.000000
-0.931856 -0.314221 0.181411
-0.931856 -0.314221 0.181412
-0.931856 -0.314221 0.181411
-0.931855 -0.362830 -0.000000
-0.931855 -0.362830 -0.000000
-0.931856 -0.314221 0.181412
-0.931857 -0.181418 0.314214
-0.931857 -0.181417 0.314215
-0.931857 -0.181418 0.314214
-0.931856 -0.314221 0.181412
-0.931856 -0.314221 0.181411
-0.931857 -0.000001 0.362826
-0.931857 -0.181417 0.314215
-0.931857 -0.181418 0.314214
-0.931857 -0.181417 0.314215
-0.931857 -0.000001 0.362826
-0.931857 -0.000000 0.362826
0.919564 -0.196475 -0.340293
0.919566 0.000000 -0.392936
0.972680 0.000000 -0.232152
0.919564 -0.196475 -0.340293
0.972680 0.000000 -0.232152
0.972679 -0.116083 -0.201050
0.972679 -0.116083 -0.201050
0.972677 -0.201058 -0.116079
0.919561 -0.340303 -0.196471
0.919561 -0.340303 -0.196471
0.919564 -0.196475 -0.340293
0.972679 -0.116083 -0.201050
0.919559 -0.392951 -0.000000
0.972677 -0.201058 -0.116079
0.972677 -0.232163 -0.000000
0.972677 -0.201058 -0.116079
0.919559 -0.392951 -0.000000
0.919561 -0.340303 -0.196471
0.972677 -0.232163 -0.000000
0.919559 -0.340306 0.196476
0.919559 -0.392951 -0.000000
0.919559 -0.340306 0.196476
0.972677 -0.232163 -0.000000
0.972677 -0.201059 0.116082
0.919560 -0.196475 0.340304
0.919559 -0.340306 0.196476
0.972677 -0.201059 0.116082
0.919560 -0.196475 0.340304
0.972677 -0.201059 0.116082
0.972677 -0.116081 0.201058
0.972677 0.000000 0.232161
0.919560 -0.196475 0.340304
0.972677 -0.116081 0.201058
0.919560 -0.196475 0.340304
0.972677 0.000000 0.232161
0.919561 0.000001 0.392948
0.919560 0.196475 0.340306
0.972677 0.000000 0.232161
0.972677 0.116081 0.201059
0.972677 0.000000 0.232161
0.919560 0.196475 0.340306
0.919561 0.000001 0.392948
0.919560 0.196475 0.340306
0.972677 0.201059 0.116083
0.919560 0.340305 0.196476
0.972677 0.201059 0.116083
0.919560 0.196475 0.340306
0.972677 0.116081 0.201059
0.919560 0.340305 0.196476
0.972677 0.232163 -0.000000
0.919559 0.392951 -0.000000
0.972677 0.232163 -0.000000
0.919560 0.340305 0.196476
0.972677 0.201059 0.116083
0.972677 0.201058 -0.116079
0.919559 0.392951 -0.000000
0.972677 0.232163 -0.000000
0.919559 0.392951 -0.000000
0.972677 0.201058 -0.116079
0.919561 0.340304 -0.196471
0.972679 0.116083 -0.201050
0.919561 0.340304 -0.196471
0.972677 0.201058 -0.116079
0.919561 0.340304 -0.196471
0.972679 0.116083 -0.201050
0.919565 0.196474 -0.340292
0.972679 0.116083 -0.201050
0.919566 0.000000 -0.392936
0.919565 0.196474 -0.340292
0.919566 0.000000 -0.392936
0.972679 0.116083 -0.201050
0.972680 0.000000 -0.232152
-0.919555 -0.196476 -0.340318
-0.919553 -0.000000 -0.392966
-0.919555 -0.196476 -0.340318
-0.919553 -0.000000 -0.392966
-0.919555 -0.196476 -0.340318
-0.919553 -0.000000 -0.392966
-0.919555 -0.196476 -0.340318
-0.919557 -0.340308 -0.196481
-0.919557 -0.340309 -0.196480
-0.919557 -0.340308 -0.196481
-0.919555 -0.196476 -0.340318
-0.919555 -0.196476 -0.340318
-0.919557 -0.340309 -0.196480
-0.919559 -0.392952 0.000000
-0.919559 -0.392952 0.000000
-0.919559 -0.392952 0.000000
-0.919557 -0.340309 -0.196480
-0.919557 -0.340308 -0.196481
-0.919559 -0.340307 0.196476
-0.919559 -0.392952 0.000000
-0.919559 -0.392952 0.000000
-0.919559 -0.392952 0.000000
-0.919559 -0.340307 0.196476
-0.919559 -0.340306 0.196477
-0.919559 -0.196476 0.340306
-0.919559 -0.340306 0.196477
-0.919559 -0.340307 0.196476
-0.919559 -0.340306 0.196477
-0.919559 -0.196476 0.340306
-0.919559 -0.196477 0.340306
-0.919559 -0.196476 0.340306
-0.919559 -0.000001 0.392951
-0.919559 -0.196477 0.340306
-0.919559 -0.000001 0.392951
-0.919559 -0.196476 0.340306
-0.919559 -0.000000 0.392951
-0.919559 0.196476 0.340308
-0.919559 -0.000001 0.392951
-0.919559 -0.000000 0.392951
-0.919559 -0.000000 0.392951
-0.919559 0.196476 0.340307
-0.919559 0.196476 0.340308
-0.919559 0.196476 0.340307
-0.919559 0.340307 0.196477
-0.919559 0.340307 0.196478
-0.919559 0.196476 0.340307
-0.919559 0.340307 0.196478
-0.919559 0.196476 0.340308
-0.919559 0.392952 0.000001
-0.919559 0.340307 0.196477
-0.919559 0.392952 0.000001
-0.919559 0.340307 0.196477
-0.919559 0.392952 0.000001
-0.919559 0.340307 0.196478
-0.919559 0.392952 0.000001
-0.919557 0.340308 -0.196481
-0.919557 0.340308 -0.196481
-0.919557 0.340308 -0.196481
-0.919559 0.392952 0.000001
-0.919559 0.392952 0.000001
-0.919557 0.340308 -0.196481
-0.919554 0.196476 -0.340319
-0.919555 0.196476 -0.340319
-0.919554 0.196476 -0.340319
-0.919557 0.340308 -0.196481
-0.919557 0.340308 -0.196481
-0.919553 -0.000000 -0.392966
-0.919555 0.196476 -0.340319
-0.919554 0.196476 -0.340319
-0.919555 0.196476 -0.340319
-0.919553 -0.000000 -0.392966
-0.919553 -0.000000 -0.392966
0.972679 -0.116083 -0.201050
0.972680 0.000000 -0.232152
1.000000 0.000000 0.000001
0.972677 -0.201058 -0.116079
0.972679 -0.116083 -0.201050
1.000000 0.000000 0.000001
0.972677 -0.232163 -0.000000
0.972677 -0.201058 -0.116079
1.000000 0.000000 0.000001
0.972677 -0.201059 0.116082
0.972677 -0.232163 -0.000000
1.000000 0.000000 0.000001
0.972677 -0.116081 0.201058
0.972677 -0.201059 0.116082
1.000000 0.000000 0.000001
0.972677 0.000000 0.232161
0.972677 -0.116081 0.201058
1.000000 0.000000 0.000001
0.972677 0.116081 0.201059
0.972677 0.000000 0.232161
1.000000 0.000000 0.000001
0.972677 0.201059 0.116083
0.972677 0.116081 0.201059
1.000000 0.000000 0.000001
0.972677 0.232163 -0.000000
0.972677 0.201059 0.116083
1.000000 0.000000 0.000001
0.972677 0.201058 -0.116079
0.972677 0.232163 -0.000000
1.000000 0.000000 0.000001
0.972679 0.116083 -0.201050
0.972677 0.201058 -0.116079
1.000000 0.000000 0.000001
0.972680 0.000000 -0.232152
0.972679 0.116083 -0.201050
1.000000 0.000000 0.000001
-1.000000 0.000000 -0.000004
-1.000000 0.000005 -0.000003
-1.000000 0.000000 -0.000001
-1.000000 0.000005 -0.000003
-1.000000 0.000001 0.000000
-1.000000 0.000000 -0.000001
-1.000000 0.000001 0.000000
-1.000000 0.000000 0.000001
-1.000000 0.000000 -0.000001
-1.000000 0.000000 0.000001
-1.000000 0.000000 0.000000
-1.000000 0.000000 -0.000001
-1.000000 0.000000 0.000000
-1.000000 -0.000000 -0.000000
-1.000000 0.000000 -0.000001
-1.000000 -0.000000 -0.000000
-1.000000 0.000000 -0.000000
-1.000000 0.000000 -0.000001
-1.000000 0.000000 -0.000000
-1.000000 0.000000 -0.000000
-1.000000 0.000000 -0.000001
-1.000000 0.000000 -0.000000
-1.000000 0.000000 0.000000
-1.000000 0.000000 -0.000001
-1.000000 0.000000 0.000000
-1.000000 0.000000 0.000001
-1.000000 0.000000 -0.000001
-1.000000 0.000000 0.000001
-1.000000 -0.000001 0.000000
-1.000000 0.000000 -0.000001
-1.000000 -0.000001 0.000000
-1.000000 -0.000005 -0.000003
-1.000000 0.000000 -0.000001
-1.000000 -0.000005 -0.000003
-1.000000 0.000000 -0.000004
-1.000000 0.000000 -0.000001
0.000000 0.500000 0.866025
-0.210991 0.488743 0.846530
0.000001 0.000001 1.000000
-0.210991 0.488743 0.846530
-0.210992 0.000000 0.977488
0.000001 0.000001 1.000000
-0.000000 0.866025 0.500001
-0.210994 0.846528 0.488745
0.000000 0.500000 0.866025
-0.210994 0.846528 0.488745
-0.210991 0.488743 0.846530
0.000000 0.500000 0.866025
-0.210994 0.846528 0.488745
0.000000 1.000000 0.000001
-0.210995 0.977487 0.000000
0.000000 1.000000 0.000001
-0.210994 0.846528 0.488745
-0.000000 0.866025 0.500001
0.000000 1.000000 0.000001
-0.210994 0.846529 -0.488744
-0.210995 0.977487 0.000000
-0.210994 0.846529 -0.488744
0.000000 1.000000 0.000001
0.000000 0.866026 -0.499999
0.000000 0.866026 -0.499999
-0.210994 0.488744 -0.846529
-0.210994 0.846529 -0.488744
-0.210994 0.488744 -0.846529
0.000000 0.866026 -0.499999
0.000001 0.500001 -0.866025
0.000001 0.000001 -1.000000
-0.210994 0.488744 -0.846529
0.000001 0.500001 -0.866025
-0.210994 0.488744 -0.846529
0.000001 0.000001 -1.000000
-0.210994 0.000001 -0.977487
0.000001 -0.500000 -0.866025
-0.210994 -0.488744 -0.846529
0.000001 0.000001 -1.000000
-0.210994 -0.488744 -0.846529
-0.210994 0.000001 -0.977487
0.000001 0.000001 -1.000000
0.000000 -0.866023 -0.500003
-0.210994 -0.488744 -0.846529
0.000001 -0.500000 -0.866025
-0.210994 -0.488744 -0.846529
0.000000 -0.866023 -0.500003
-0.210994 -0.846527 -0.488746
-0.000000 -1.000000 -0.000003
-0.210994 -0.846527 -0.488746
0.000000 -0.866023 -0.500003
-0.210994 -0.846527 -0.488746
-0.000000 -1.000000 -0.000003
-0.210997 -0.977487 -0.000003
-0.000001 -0.866025 0.500000
-0.210998 -0.846528 0.488744
-0.000000 -1.000000 -0.000003
-0.210998 -0.846528 0.488744
-0.210997 -0.977487 -0.000003
-0.000000 -1.000000 -0.000003
-0.000001 -0.500000 0.866025
-0.210998 -0.488745 0.846527
-0.000001 -0.866025 0.500000
-0.210998 -0.488745 0.846527
-0.210998 -0.846528 0.488744
-0.000001 -0.866025 0.500000
0.000001 0.000001 1.000000
-0.210998 -0.488745 0.846527
-0.000001 -0.500000 0.866025
-0.210998 -0.488745 0.846527
0.000001 0.000001 1.000000
-0.210992 0.000000 0.977488
</float_array>
          <technique_common>
            <accessor source="#hull-Normal0-array" count="6408" stride="3">
              <param name="X" type="float"/>
              <param name="Y" type="float"/>
              <param name="Z" type="float"/>
            </accessor>
          </technique_common>
        </source>
        <source id="hull-UV0">
          <float_array id="hull-UV0-array" count="2810">
0.080356 0.570768
0.115273 0.568725
0.128183 0.682476
0.090283 0.684520
0.151548 0.566992
0.162777 0.680744
0.189067 0.565835
0.196525 0.679587
0.236154 0.565428
0.236154 0.679180
0.282522 0.565835
0.275251 0.679587
0.319074 0.566992
0.308106 0.680744
0.354993 0.568725
0.342105 0.682476
0.390433 0.570768
0.380283 0.684520
0.414664 0.572811
0.408533 0.686563
0.430568 0.574543
0.426871 0.688295
0.447789 0.575701
0.445912 0.689453
0.467597 0.576107
0.467597 0.689859
0.024375 0.575701
0.026225 0.689453
0.041270 0.574543
0.044879 0.688295
0.056768 0.572811
0.062732 0.686563
0.128142 0.721221
0.092518 0.723126
0.160871 0.719605
0.194507 0.718526
0.236154 0.718146
0.277220 0.718526
0.309964 0.719605
0.342146 0.721221
0.378005 0.723126
0.405626 0.725032
0.424328 0.726647
0.444337 0.727727
0.467597 0.728106
0.027775 0.727727
0.047359 0.726647
0.065559 0.725032
0.121961 0.748176
0.091274 0.749844
0.151902 0.746762
0.186368 0.745818
0.236154 0.745486
0.285149 0.745817
0.318726 0.746762
0.348301 0.748176
0.379272 0.749844
0.403791 0.751512
0.421688 0.752926
0.442395 0.753871
0.467597 0.754203
0.029684 0.753871
0.049931 0.752926
0.067344 0.751512
0.086952 0.776757
0.110175 0.775416
0.108934 0.860129
0.086452 0.861255
0.134207 0.774280
0.132235 0.859175
0.165903 0.773521
0.163131 0.858538
0.236154 0.773254
0.236154 0.858314
0.305060 0.773521
0.307761 0.858538
0.336133 0.774280
0.338085 0.859175
0.360117 0.775416
0.361366 0.860129
0.383683 0.776757
0.384194 0.861254
0.403118 0.778097
0.403123 0.862380
0.418998 0.779233
0.177215 0.948340
0.178761 0.929664
0.203013 0.929752
0.202121 0.942789
0.185298 0.913832
0.206789 0.918701
0.205660 0.903253
0.218551 0.911316
0.236172 0.899538
0.236176 0.908723
0.266683 0.903252
0.253800 0.911316
0.287045 0.913831
0.265562 0.918700
0.293582 0.929663
0.269338 0.929752
0.295128 0.948339
0.418774 0.863334
0.440006 0.779993
0.439782 0.863971
0.467597 0.780259
0.467597 0.864195
0.032031 0.779993
0.032250 0.863971
0.052551 0.779233
0.052768 0.863334
0.067999 0.778097
0.067994 0.862380
0.108247 0.879444
0.084814 0.880489
0.132779 0.878558
0.164813 0.877966
0.236154 0.877758
0.306121 0.877966
0.270231 0.942788
0.293582 0.967014
0.269338 0.955824
0.287045 0.982847
0.265562 0.966876
0.266683 0.993425
0.253800 0.974260
0.236172 0.997141
0.236176 0.976854
0.205660 0.993426
0.218551 0.974261
0.185298 0.982848
0.206789 0.966876
0.178761 0.967015
0.203013 0.955825
0.236177 0.943032
0.303138 0.383258
0.337547 0.878558
0.362059 0.879444
0.385869 0.880489
0.405159 0.881534
0.420729 0.882420
0.441133 0.883012
0.467597 0.883220
0.030924 0.883012
0.050865 0.882420
0.066014 0.881534
0.110713 0.889548
0.087014 0.890474
0.135235 0.888764
0.167397 0.888240
0.236154 0.888056
0.303606 0.888240
0.335117 0.888764
0.359575 0.889548
0.383620 0.890474
0.403347 0.891399
0.419330 0.892183
0.440269 0.892707
0.467597 0.892891
0.031773 0.892707
0.052227 0.892183
0.067776 0.891399
0.115759 0.898461
0.092997 0.899166
0.138670 0.897862
0.169695 0.897463
0.236154 0.897322
0.301368 0.897463
0.331725 0.897862
0.354506 0.898461
0.377516 0.899166
0.397370 0.899872
0.414094 0.900470
0.436737 0.900870
0.467597 0.901010
0.035235 0.900870
0.057323 0.900470
0.073594 0.899872
0.083393 0.539887
0.116176 0.538005
0.149792 0.536411
0.186479 0.535345
0.236154 0.534971
0.285041 0.535345
0.320793 0.536411
0.354088 0.538005
0.387323 0.539887
0.304941 0.360829
0.280778 0.361866
0.279608 0.380522
0.295508 0.402273
0.274657 0.396338
0.271745 0.414978
0.259239 0.406906
0.236136 0.419439
0.236136 0.410617
0.200528 0.414978
0.213032 0.406906
0.176764 0.402273
0.197614 0.396338
0.169134 0.383258
0.192663 0.380522
0.167331 0.360829
0.191493 0.361866
0.411287 0.541768
0.427720 0.543363
0.446059 0.544429
0.467597 0.544803
0.026079 0.544429
0.044051 0.543363
0.060053 0.541768
0.122312 0.507026
0.093291 0.508551
0.103006 0.458773
0.129064 0.457629
0.150591 0.505733
0.153623 0.456659
0.184425 0.504869
0.185113 0.456010
0.236154 0.504566
0.236154 0.455783
0.287040 0.504869
0.286370 0.456010
0.320010 0.505733
0.317043 0.456659
0.347951 0.507026
0.341230 0.457629
0.377217 0.508551
0.367353 0.458773
0.401124 0.510077
0.390829 0.459917
0.419193 0.511370
0.410109 0.460888
0.440737 0.512234
0.434617 0.461536
0.467597 0.512537
0.467597 0.461764
0.031313 0.512234
0.169134 0.338400
0.192663 0.343210
0.176764 0.319386
0.197614 0.327394
0.200528 0.306681
0.213032 0.316826
0.236136 0.302219
0.236136 0.313115
0.271745 0.306681
0.259239 0.316826
0.295508 0.319386
0.274657 0.327394
0.303138 0.338400
0.279608 0.343210
0.236135 0.361802
0.041086 0.358840
0.048300 0.358840
0.048300 0.375714
0.041086 0.375714
0.055514 0.358840
0.055514 0.375714
0.062728 0.358840
0.062728 0.375714
0.069942 0.358840
0.069942 0.375714
0.077156 0.358840
0.077156 0.375714
0.084370 0.358840
0.084370 0.375714
0.091584 0.358840
0.091584 0.375714
0.098798 0.358840
0.098798 0.375714
0.106012 0.358840
0.106012 0.375714
0.113226 0.358840
0.113226 0.375714
0.120440 0.358840
0.120440 0.375714
0.127653 0.358840
0.127654 0.375714
0.019445 0.358840
0.019445 0.375714
0.026659 0.358840
0.026659 0.375714
0.033873 0.358840
0.033872 0.375714
0.048300 0.388147
0.041086 0.388147
0.055514 0.388147
0.037578 0.351151
0.030364 0.351151
0.030364 0.335899
0.037578 0.335899
0.023150 0.351151
0.023150 0.335899
0.131359 0.351151
0.131359 0.335899
0.124145 0.351151
0.124145 0.335899
0.116931 0.351151
0.116931 0.335899
0.109717 0.351151
0.109717 0.335899
0.102504 0.351151
0.102503 0.335899
0.095290 0.351151
0.095290 0.335899
0.088076 0.351151
0.088076 0.335899
0.080862 0.351151
0.080862 0.335899
0.073648 0.351151
0.073648 0.335899
0.066434 0.351151
0.066434 0.335899
0.059220 0.351151
0.059220 0.335899
0.052006 0.351151
0.052006 0.335899
0.044792 0.351151
0.044792 0.335899
0.030364 0.324661
0.037578 0.324661
0.023150 0.324661
0.062728 0.388147
0.069942 0.388147
0.077156 0.388147
0.084370 0.388147
0.091584 0.388147
0.098798 0.388147
0.106012 0.388147
0.113226 0.388147
0.120440 0.388147
0.127654 0.388147
0.019445 0.388147
0.026659 0.388147
0.033872 0.388147
0.048300 0.408373
0.053348 0.413217
0.041086 0.408373
0.055514 0.408373
0.131359 0.324661
0.124145 0.324661
0.116931 0.324661
0.109717 0.324661
0.102503 0.324661
0.095290 0.324661
0.088076 0.324661
0.080862 0.324661
0.073648 0.324661
0.066434 0.324661
0.059220 0.324661
0.052006 0.324661
0.044792 0.324661
0.030364 0.306379
0.072344 0.302000
0.037578 0.306379
0.023150 0.306379
0.062728 0.408373
0.069942 0.408373
0.077156 0.408373
0.084370 0.408373
0.091584 0.408373
0.098798 0.408373
0.106012 0.408373
0.113226 0.408373
0.120440 0.408373
0.127654 0.408373
0.019445 0.408373
0.026659 0.408373
0.033873 0.408373
0.048300 0.398993
0.041086 0.398993
0.055514 0.398993
0.062728 0.398993
0.131359 0.306379
0.124145 0.306379
0.116931 0.306379
0.109717 0.306379
0.102503 0.306379
0.095290 0.306379
0.088076 0.306379
0.080862 0.306379
0.073648 0.306379
0.066434 0.306379
0.059220 0.306379
0.052006 0.306379
0.044792 0.306379
0.030364 0.314857
0.037578 0.314857
0.023150 0.314857
0.131359 0.314857
0.069942 0.398993
0.077156 0.398993
0.084370 0.398993
0.091584 0.398993
0.098798 0.398993
0.106012 0.398993
0.113226 0.398993
0.120440 0.398993
0.127654 0.398993
0.019445 0.398993
0.026659 0.398993
0.033873 0.398993
0.124145 0.314857
0.116931 0.314857
0.109717 0.314857
0.102503 0.314857
0.095290 0.314857
0.088076 0.314857
0.080862 0.314857
0.073648 0.314857
0.066434 0.314857
0.059220 0.314857
0.052006 0.314857
0.044792 0.314857
0.887501 0.157844
0.898311 0.160741
0.894890 0.166665
0.887501 0.164686
0.906224 0.168654
0.900299 0.172075
0.909120 0.179464
0.902279 0.179464
0.906224 0.190274
0.900299 0.186853
0.515205 0.605185
0.611448 0.605185
0.611448 0.703962
0.514766 0.703962
0.672309 0.482653
0.671797 0.367433
0.784582 0.367433
0.784582 0.482653
0.481626 0.703962
0.482065 0.605185
0.707817 0.044893
0.773557 0.044893
0.545643 0.980472
0.550723 0.989730
0.633137 0.367433
0.633650 0.482653
0.521010 0.980472
0.601997 0.980472
0.781031 0.044893
0.771354 0.034093
0.792056 0.367433
0.679081 0.044893
0.792056 0.482653
0.713743 0.034094
0.617855 0.703962
0.608404 0.980472
0.617855 0.605185
0.600109 0.989730
0.515205 0.578498
0.611448 0.578498
0.617855 0.578498
0.482065 0.578498
0.515205 0.551812
0.514766 0.453034
0.611448 0.453034
0.611448 0.551812
0.482065 0.551812
0.481626 0.453034
0.916418 0.557359
0.838887 0.519769
0.838410 0.456920
0.916234 0.533159
0.839477 0.445507
0.915707 0.521597
0.818212 0.509776
0.797916 0.497851
0.830505 0.449781
0.917276 0.581330
0.840221 0.543574
0.819546 0.533582
0.804776 0.545894
0.921130 0.535414
0.921314 0.559614
0.916788 0.606987
0.916698 0.631187
0.838759 0.707423
0.838993 0.644574
0.915858 0.642752
0.839277 0.718841
0.818181 0.654567
0.797156 0.666498
0.830211 0.714567
0.839643 0.620775
0.917207 0.583019
0.818831 0.630767
0.803887 0.618454
0.921364 0.604735
0.921273 0.628935
0.545643 0.176525
0.521010 0.176525
0.784582 0.513783
0.672309 0.513783
0.633650 0.513783
0.550724 0.167266
0.601997 0.176525
0.608404 0.176525
0.617855 0.453034
0.792056 0.513783
0.544196 0.048832
0.544196 0.093662
0.434340 0.093662
0.438390 0.384933
0.434340 0.048535
0.441984 0.015943
0.544196 0.016240
0.544196 0.100424
0.381939 0.384933
0.434340 0.100424
0.434340 0.093662
0.434340 0.048535
0.381939 0.247465
0.438018 0.247465
0.479160 0.375368
0.654053 0.048535
0.654053 0.093662
0.646409 0.015943
0.654053 0.100424
0.478788 0.247465
0.222096 0.187289
0.249419 0.187069
0.251971 0.246036
0.227878 0.246194
0.261764 0.186908
0.262458 0.245921
0.268843 0.186849
0.268843 0.245879
0.275431 0.186908
0.274825 0.245921
0.285301 0.187069
0.283362 0.246036
0.307680 0.187289
0.302232 0.246194
0.335003 0.187509
0.331748 0.246351
0.347348 0.187670
0.346490 0.246467
0.354427 0.187729
0.354427 0.246509
0.189848 0.187670
0.190588 0.246467
0.199717 0.187509
0.202159 0.246351
0.254624 0.279804
0.235418 0.279909
0.263213 0.279727
0.268843 0.279699
0.274156 0.279727
0.281307 0.279804
0.295924 0.279909
0.325832 0.280013
0.344935 0.280090
0.354427 0.280118
0.191903 0.280090
0.206601 0.280013
0.259069 0.290264
0.249481 0.290309
0.264606 0.290231
0.268843 0.290219
0.272897 0.290231
0.277721 0.290264
0.285254 0.290309
0.302368 0.290354
0.334878 0.290387
0.354427 0.290399
0.199813 0.290387
0.227725 0.290354
0.268843 0.293065
0.220774 0.175666
0.248727 0.175534
0.261580 0.175437
0.268843 0.175401
0.275591 0.175437
0.285822 0.175534
0.309021 0.175666
0.335657 0.175799
0.347524 0.175896
0.354427 0.175932
0.189695 0.175896
0.199224 0.175799
0.201619 0.004558
0.213779 0.004493
0.233707 0.004446
0.253300 0.004429
0.274790 0.004446
0.329953 0.004493
0.344032 0.004558
0.349725 0.004622
0.353721 0.004669
0.357294 0.004686
0.189919 0.004669
0.194641 0.004622
0.128352 0.187289
0.123196 0.246194
0.105575 0.246036
0.107410 0.187069
0.097310 0.245921
0.097909 0.186908
0.991924 0.404532
0.994009 0.404532
0.982374 0.454035
0.967517 0.404532
0.967663 0.404532
0.956027 0.454035
0.955881 0.454035
0.966544 0.404532
0.954908 0.454035
0.964458 0.404532
0.980288 0.454035
0.995128 0.404532
0.983493 0.454035
0.994982 0.404532
0.983347 0.454035
0.952822 0.454035
0.961966 0.404532
0.950330 0.454035
0.959734 0.404532
0.948098 0.454035
0.958361 0.404532
0.946726 0.454035
0.985827 0.404532
0.987200 0.404532
0.975564 0.454035
0.974191 0.454035
0.989431 0.404532
0.977796 0.454035
0.971338 0.477542
0.944715 0.478512
0.969629 0.476216
0.944468 0.478868
0.943872 0.477542
0.942163 0.476216
0.940048 0.474890
0.938092 0.473919
0.936820 0.473564
0.972181 0.478512
0.971934 0.478868
0.965558 0.473919
0.964287 0.473564
0.967514 0.474890
0.931066 0.495548
0.958277 0.494004
0.930604 0.496114
0.930811 0.494004
0.929905 0.491894
0.928593 0.489784
0.927225 0.488240
0.926169 0.487675
0.957371 0.491894
0.958533 0.495548
0.958070 0.496114
0.954691 0.488240
0.953635 0.487675
0.907161 0.504797
0.956059 0.489784
0.906402 0.505443
0.907717 0.503032
0.907921 0.500621
0.907717 0.498209
0.907161 0.496444
0.906402 0.495798
0.935184 0.503032
0.935387 0.500621
0.904522 0.500621
0.926259 0.378035
0.926961 0.379255
0.919531 0.393924
0.918664 0.392285
0.927078 0.380530
0.919770 0.395117
0.926569 0.421257
0.927069 0.421706
0.919738 0.407123
0.919283 0.406704
0.926955 0.422974
0.919503 0.408309
0.926256 0.424191
0.918640 0.409944
0.925155 0.424196
0.917380 0.411591
0.923953 0.424212
0.916061 0.412807
0.922972 0.424233
0.915037 0.413268
0.926580 0.380989
0.919317 0.395546
0.922976 0.378012
0.923957 0.378024
0.916081 0.389431
0.915057 0.388980
0.925158 0.378032
0.904395 0.402133
0.903653 0.401617
0.904942 0.403584
0.905149 0.405582
0.904958 0.407590
0.904422 0.409072
0.903684 0.409630
0.917401 0.390641
0.904971 0.398650
0.905173 0.396649
0.904427 0.400109
0.903687 0.400634
0.887838 0.404450
0.887096 0.403934
0.888385 0.405901
0.888591 0.407899
0.888401 0.409908
0.887864 0.411390
0.887127 0.411947
0.904441 0.393167
0.903704 0.392619
0.904979 0.394642
0.888400 0.396332
0.888602 0.394331
0.948941 0.421257
0.949442 0.421706
0.949328 0.422974
0.948629 0.424191
0.885795 0.407941
0.887857 0.397791
0.887117 0.398317
0.887871 0.390849
0.887133 0.390301
0.888408 0.392324
0.844711 0.215299
0.844711 0.203379
0.844711 0.191422
0.844711 0.179502
0.844711 0.167581
0.844711 0.155661
0.844711 0.143740
0.844711 0.131820
0.844711 0.119899
0.844711 0.107979
0.844711 0.239140
0.844711 0.227220
0.864562 0.215299
0.864562 0.203379
0.864562 0.191422
0.864562 0.179502
0.864562 0.167581
0.864562 0.155661
0.864562 0.143740
0.864562 0.131820
0.864562 0.119899
0.864562 0.107979
0.864562 0.239140
0.864562 0.227220
0.832715 0.198187
0.821906 0.201084
0.821906 0.194243
0.829295 0.192263
0.840629 0.190274
0.834704 0.186853
0.843525 0.179464
0.836684 0.179464
0.840629 0.168654
0.834704 0.172075
0.832715 0.160741
0.829295 0.166665
0.821906 0.157844
0.898311 0.198187
0.894890 0.192263
0.887501 0.201084
0.887501 0.194243
0.876691 0.198187
0.880112 0.192263
0.868778 0.190274
0.874702 0.186853
0.865881 0.179464
0.872722 0.179464
0.868778 0.168654
0.874702 0.172075
0.876691 0.160741
0.821906 0.164686
0.811096 0.160741
0.814516 0.166665
0.803183 0.168654
0.809107 0.172075
0.800286 0.179464
0.807127 0.179464
0.803182 0.190274
0.809107 0.186853
0.811096 0.198187
0.814516 0.192263
0.821906 0.191777
0.828062 0.190127
0.880112 0.166665
0.893657 0.168801
0.887501 0.167151
0.898164 0.173308
0.899814 0.179464
0.898164 0.185621
0.893657 0.190128
0.887501 0.191777
0.881344 0.190128
0.876837 0.185621
0.875188 0.179464
0.876837 0.173308
0.881344 0.168801
0.832569 0.185621
0.887501 0.179464
0.854637 0.215299
0.854637 0.203379
0.854637 0.191422
0.854637 0.179502
0.854637 0.167581
0.854637 0.155661
0.854637 0.143740
0.854637 0.131820
0.854637 0.119899
0.854637 0.107979
0.854637 0.239140
0.854637 0.227220
0.617855 0.551812
0.600109 0.167267
0.373323 0.247465
0.373323 0.384933
0.672309 0.544912
0.784582 0.544912
0.784582 0.660132
0.671797 0.660132
0.438389 0.109997
0.381939 0.109997
0.479160 0.119562
0.373323 0.109997
0.654053 0.048535
0.654053 0.093662
0.773557 0.982672
0.707817 0.982672
0.633137 0.660132
0.633650 0.544912
0.781031 0.982672
0.771354 0.993471
0.792056 0.660132
0.679081 0.982672
0.792056 0.544912
0.713743 0.993472
0.091296 0.245879
0.091297 0.186849
0.084669 0.245921
0.083937 0.186908
0.073459 0.246036
0.070711 0.187069
0.048372 0.246194
0.042769 0.187289
0.024120 0.246351
0.021826 0.187509
0.013053 0.246467
0.012325 0.187670
0.176880 0.246509
0.176880 0.187729
0.168614 0.246467
0.169521 0.187670
0.152801 0.246351
0.156294 0.187509
0.117317 0.279909
0.103615 0.279804
0.096647 0.279727
0.091297 0.279699
0.085463 0.279727
0.076315 0.279804
0.055939 0.279909
0.028261 0.280013
0.014340 0.280090
0.176880 0.280118
0.166962 0.280090
0.146530 0.280013
0.107365 0.290309
0.100152 0.290264
0.095393 0.290231
0.091296 0.290219
0.086920 0.290231
0.081077 0.290264
0.070778 0.290309
0.048221 0.290354
0.021916 0.290387
0.176881 0.290399
0.156159 0.290387
0.123324 0.290354
0.091296 0.293065
0.107901 0.175534
0.129638 0.175666
0.098066 0.175437
0.091297 0.175401
0.083743 0.175437
0.069966 0.175534
0.041508 0.175666
0.021360 0.175799
0.012174 0.175896
0.176880 0.175932
0.169707 0.175896
0.156998 0.175799
0.137250 0.004493
0.153573 0.004558
0.118591 0.004446
0.104601 0.004429
0.084711 0.004446
0.025375 0.004493
0.015069 0.004558
0.834219 0.179464
0.832569 0.173308
0.173835 0.004686
0.169434 0.004669
0.163369 0.004622
0.828062 0.168801
0.821906 0.167151
0.815749 0.168801
0.811242 0.173308
0.809593 0.179464
0.811242 0.185621
0.815749 0.190127
0.821906 0.179464
0.844711 0.251061
0.864562 0.251061
0.854637 0.251061
0.934628 0.504797
0.933868 0.505443
0.934628 0.496444
0.933868 0.495798
0.935183 0.498209
0.931988 0.500621
0.991922 0.397869
0.967516 0.397869
0.955880 0.348366
0.980286 0.348366
0.956026 0.348366
0.967662 0.397869
0.954906 0.348366
0.966543 0.397869
0.952821 0.348366
0.964457 0.397869
0.950329 0.348366
0.961965 0.397869
0.948097 0.348366
0.959734 0.397869
0.946724 0.348366
0.958361 0.397869
0.982371 0.348366
0.994008 0.397869
0.983490 0.348366
0.995127 0.397869
0.983344 0.348366
0.994981 0.397869
0.985825 0.397869
0.944466 0.323533
0.974189 0.348366
0.944713 0.323888
0.943870 0.324859
0.942162 0.326185
0.940046 0.327511
0.938091 0.328482
0.936819 0.328837
0.975562 0.348366
0.987199 0.397869
0.977793 0.348366
0.989430 0.397869
0.969626 0.326185
0.930602 0.306287
0.971334 0.324859
0.931064 0.306852
0.930809 0.308397
0.929904 0.310506
0.928591 0.312616
0.927223 0.314161
0.926167 0.314726
0.972178 0.323888
0.971930 0.323533
0.964283 0.328837
0.965555 0.328482
0.967511 0.327511
0.906399 0.296958
0.957368 0.310507
0.907159 0.297604
0.907715 0.299369
0.907919 0.301780
0.907715 0.304191
0.907159 0.305956
0.906399 0.306602
0.958273 0.308397
0.958529 0.306853
0.904520 0.301780
0.926592 0.427208
0.919419 0.441761
0.919871 0.441301
0.927088 0.426718
0.919626 0.440084
0.926965 0.425419
0.918750 0.438437
0.917478 0.436802
0.916149 0.435616
0.915122 0.435197
0.948644 0.378035
0.949346 0.379255
0.949464 0.380530
0.948966 0.380989
0.885809 0.394309
0.903828 0.446849
0.904566 0.446291
0.905102 0.444809
0.905293 0.442800
0.905087 0.440802
0.904539 0.439351
0.903797 0.438835
0.918723 0.363784
0.919597 0.362140
0.926966 0.376809
0.919841 0.360930
0.927089 0.375517
0.887253 0.444531
0.887991 0.443974
0.888527 0.442492
0.888717 0.440483
0.888511 0.438485
0.887964 0.437034
0.887222 0.436518
0.919389 0.360479
0.926593 0.375036
0.915102 0.367045
0.916128 0.366616
0.949461 0.426718
0.948964 0.427208
0.949338 0.425419
0.885921 0.440525
0.917453 0.365423
0.905250 0.359421
0.905056 0.357414
0.904518 0.355939
0.903781 0.355390
0.903764 0.363406
0.904504 0.362880
0.905048 0.361421
0.888670 0.361738
0.888476 0.359731
0.887938 0.358256
0.887201 0.357708
0.887184 0.365724
0.887924 0.365198
0.888467 0.363739
0.949352 0.376809
0.949474 0.375517
0.948978 0.375036
0.885876 0.361716
0.037311 0.461536
0.052361 0.511370
0.061198 0.460888
0.069939 0.510077
0.079970 0.459917
0.118840 0.424339
0.143582 0.423690
0.165443 0.423139
0.193872 0.422772
0.236154 0.422642
0.277840 0.422772
0.305508 0.423139
0.326888 0.423690
0.351419 0.424339
0.376076 0.424989
0.397763 0.425539
0.425953 0.425907
0.467597 0.426036
0.045774 0.425907
0.073211 0.425539
0.094412 0.424989
0.004711 0.576107
0.004711 0.689859
0.004711 0.689859
0.004711 0.728106
0.004711 0.728106
0.004711 0.754203
0.004711 0.780259
0.004711 0.864195
0.004711 0.864195
0.004711 0.883220
0.004711 0.892891
0.004711 0.883220
0.004711 0.901010
0.004711 0.892891
0.004711 0.780259
0.004711 0.754203
0.004711 0.576107
0.004711 0.544803
0.004711 0.512537
0.004711 0.461764
0.004711 0.461764
0.004711 0.426036
0.004711 0.544803
0.004711 0.512537
0.916418 0.836170
0.838887 0.798580
0.838410 0.735732
0.916234 0.811970
0.839477 0.724319
0.915707 0.800408
0.818211 0.788588
0.797916 0.776663
0.830505 0.728593
0.917276 0.860141
0.840221 0.822386
0.819546 0.812393
0.804776 0.824706
0.921130 0.814225
0.921314 0.838425
0.916788 0.885798
0.916698 0.909998
0.838759 0.986234
0.838993 0.923386
0.915858 0.921564
0.839277 0.997653
0.818181 0.933379
0.797156 0.945309
0.830211 0.993379
0.839643 0.899586
0.917207 0.861830
0.818831 0.909579
0.803887 0.897266
0.921364 0.883546
0.921273 0.907746
0.183259 0.187729
0.183259 0.246509
0.183259 0.246509
0.183259 0.280118
0.183259 0.280118
0.183260 0.290399
0.183260 0.290399
0.183259 0.187729
0.183259 0.175932
0.183259 0.175932
0.186127 0.004686
0.005713 0.246509
0.005713 0.187729
0.005713 0.280118
0.005713 0.246509
0.005714 0.290399
0.005713 0.280118
0.005714 0.290399
0.005713 0.187729
0.005713 0.175932
0.010233 0.004622
0.006427 0.004669
0.010233 0.004622
0.005713 0.175932
0.002667 0.004686
0.006427 0.004669
0.015936 0.351151
0.015936 0.335899
0.015936 0.335899
0.015936 0.324661
0.015936 0.306379
0.015936 0.324661
0.015936 0.314857
0.015936 0.314857
0.015936 0.306379
0.012231 0.358840
0.012231 0.375714
0.012231 0.375714
0.012231 0.388147
0.012231 0.408373
0.012231 0.398993
0.012231 0.388147
0.012231 0.408373
0.012231 0.398993
0.844711 0.364630
0.844711 0.352710
0.854637 0.352710
0.854637 0.364630
0.844711 0.340753
0.854637 0.340753
0.844711 0.328832
0.854637 0.328832
0.844711 0.316912
0.854637 0.316912
0.844711 0.304991
0.854637 0.304991
0.844711 0.293071
0.854637 0.293071
0.844711 0.281151
0.854637 0.281151
0.844711 0.269230
0.854637 0.269230
0.844711 0.257310
0.854637 0.257310
0.844711 0.400391
0.844711 0.388471
0.854637 0.388471
0.854637 0.400391
0.844711 0.376551
0.854637 0.376551
0.832715 0.347518
0.821906 0.350415
0.821906 0.343573
0.829295 0.341594
0.840629 0.339605
0.834704 0.336184
0.843525 0.328795
0.836684 0.328795
0.840629 0.317985
0.834704 0.321406
0.832715 0.310072
0.829295 0.315996
0.821906 0.307175
0.821906 0.314016
0.811096 0.310072
0.814516 0.315996
0.803183 0.317985
0.809107 0.321406
0.800286 0.328795
0.807127 0.328795
0.803182 0.339605
0.809107 0.336184
0.811096 0.347518
0.814516 0.341594
0.887501 0.307175
0.898311 0.310072
0.894890 0.315996
0.887501 0.314016
0.906224 0.317985
0.900299 0.321406
0.909120 0.328795
0.902279 0.328795
0.906224 0.339605
0.900299 0.336184
0.898311 0.347518
0.894890 0.341594
0.887501 0.350415
0.887501 0.343573
0.876691 0.347518
0.880112 0.341594
0.868778 0.339605
0.874702 0.336184
0.865881 0.328795
0.872722 0.328795
0.868778 0.317985
0.874702 0.321406
0.876691 0.310072
0.880112 0.315996
0.821906 0.341108
0.828062 0.339458
0.832569 0.334951
0.834219 0.328795
0.832569 0.322638
0.828062 0.318132
0.821906 0.316482
0.815749 0.318132
0.811242 0.322638
0.809593 0.328795
0.811242 0.334951
0.815749 0.339458
0.893657 0.318132
0.887501 0.316482
0.898164 0.322638
0.899814 0.328795
0.898164 0.334951
0.893657 0.339458
0.887501 0.341108
0.881344 0.339458
0.876837 0.334951
0.875188 0.328795
0.876837 0.322638
0.881344 0.318132
0.821906 0.328795
0.887501 0.328795
0.864562 0.352710
0.864562 0.364630
0.864562 0.340753
0.864562 0.328832
0.864562 0.316912
0.864562 0.304991
0.864562 0.293071
0.864562 0.281151
0.864562 0.269230
0.864562 0.257310
0.864562 0.388471
0.864562 0.400391
0.864562 0.376551
0.931094 0.256917
0.931094 0.244996
0.941020 0.244996
0.941020 0.256917
0.931094 0.233040
0.941020 0.233040
0.931094 0.221119
0.941020 0.221119
0.931094 0.209199
0.941020 0.209199
0.931094 0.197278
0.941020 0.197278
0.931094 0.185358
0.941020 0.185358
0.931094 0.173437
0.941020 0.173437
0.931094 0.161517
0.941020 0.161517
0.931094 0.149597
0.941020 0.149597
0.931094 0.292678
0.931094 0.280758
0.941020 0.280758
0.941020 0.292678
0.931094 0.268837
0.941020 0.268837
0.919098 0.239805
0.908288 0.242701
0.908288 0.235860
0.915678 0.233880
0.927012 0.231892
0.921087 0.228471
0.929908 0.221082
0.923067 0.221082
0.927012 0.210272
0.921087 0.213693
0.919098 0.202359
0.915678 0.208283
0.908289 0.199462
0.908289 0.206303
0.897479 0.202359
0.900899 0.208283
0.889566 0.210272
0.895490 0.213693
0.886669 0.221082
0.893510 0.221082
0.889565 0.231892
0.895490 0.228471
0.897479 0.239805
0.900899 0.233880
0.973884 0.199462
0.984694 0.202359
0.981273 0.208283
0.973884 0.206303
0.992607 0.210272
0.986682 0.213693
0.995503 0.221082
0.988662 0.221082
0.992607 0.231892
0.986682 0.228471
0.984694 0.239805
0.981273 0.233880
0.973884 0.242702
0.973884 0.235860
0.963074 0.239805
0.966495 0.233880
0.955161 0.231892
0.961085 0.228471
0.952264 0.221082
0.959105 0.221082
0.955160 0.210272
0.961085 0.213693
0.963074 0.202359
0.966495 0.208283
0.908288 0.233395
0.914445 0.231745
0.918952 0.227238
0.920602 0.221082
0.918952 0.214925
0.914445 0.210418
0.908288 0.208769
0.902132 0.210418
0.897625 0.214925
0.895976 0.221082
0.897625 0.227238
0.902132 0.231745
0.980040 0.210418
0.973884 0.208769
0.984547 0.214925
0.986197 0.221082
0.984547 0.227238
0.980040 0.231745
0.973884 0.233395
0.967727 0.231745
0.963220 0.227238
0.961571 0.221082
0.963220 0.214925
0.967727 0.210418
0.908288 0.221082
0.973884 0.221082
0.950945 0.244996
0.950945 0.256917
0.950945 0.233040
0.950945 0.221119
0.950945 0.209199
0.950945 0.197278
0.950945 0.185358
0.950945 0.173437
0.950945 0.161517
0.950945 0.149597
0.950945 0.280758
0.950945 0.292678
0.950945 0.268837
0.958066 0.306287
0.953631 0.314726
0.954688 0.314161
0.956055 0.312616
0.935383 0.301780
0.935179 0.299369
0.934623 0.297604
0.933864 0.296958
0.933864 0.306603
0.934623 0.305956
0.935180 0.304191
0.931984 0.301780
</float_array>
          <technique_common>
            <accessor source="#hull-UV0-array" count="1405" stride="2">
              <param name="S" type="float"/>
              <param name="T" type="float"/>
            </accessor>
          </technique_common>
        </source>
        <vertices id="hull-VERTEX">
          <input semantic="POSITION" source="#hull-POSITION"/>
        </vertices>
        <triangles count="2136" material="c-337"><input semantic="VERTEX" offset="0" source="#hull-VERTEX"/><input semantic="NORMAL" offset="1" source="#hull-Normal0"/><input semantic="TEXCOORD" offset="2" set="0" source="#hull-UV0"/><p> 16 0 3 1 1 1 17 2 2 1 3 1 16 4 3 0 5 0 17 6 2 2 7 4 18 8 5 2 9 4 17 10 2 1 11 1 18 12 5 2 13 4 19 14 7 19 15 7 2 16 4 3 17 6 19 18 7 4 19 8 20 20 9 4 21 8 19 22 7 3 23 6 20 24 9 5 25 10 21 26 11 5 27 10 20 28 9 4 29 8 21 30 11 6 31 12 22 32 13 6 33 12 21 34 11 5 35 10 22 36 13 7 37 14 23 38 15 7 39 14 22 40 13 6 41 12 23 42 15 7 43 14 24 44 17 24 45 17 7 46 14 8 47 16 24 48 17 8 49 16 25 50 19 25 51 19 8 52 16 9 53 18 25 54 19 9 55 18 26 56 21 26 57 21 9 58 18 10 59 20 26 60 21 11 61 22 27 62 23 11 63 22 26 64 21 10 65 20 27 66 23 12 67 24 28 68 25 12 69 24 27 70 23 11 71 22 28 72 1070 12 73 1069 29 74 27 29 75 27 12 76 1069 13 77 26 29 78 27 14 79 28 30 80 29 14 81 28 29 82 27 13 83 26 30 84 29 14 85 28 31 86 31 31 87 31 14 88 28 15 89 30 31 90 31 0 91 0 16 92 3 0 93 0 31 94 31 15 95 30 33 96 32 32 97 33 16 98 3 33 99 32 16 100 3 17 101 2 33 102 32 17 103 2 34 104 34 17 105 2 18 106 5 34 107 34 34 108 34 19 109 7 35 110 35 19 111 7 34 112 34 18 113 5 36 114 36 35 115 35 19 116 7 36 117 36 19 118 7 20 119 9 37 120 37 36 121 36 20 122 9 37 123 37 20 124 9 21 125 11 37 126 37 22 127 13 38 128 38 22 129 13 37 130 37 21 131 11 38 132 38 23 133 15 39 134 39 23 135 15 38 136 38 22 137 13 39 138 39 24 139 17 40 140 40 24 141 17 39 142 39 23 143 15 40 144 40 25 145 19 41 146 41 25 147 19 40 148 40 24 149 17 41 150 41 25 151 19 42 152 42 42 153 42 25 154 19 26 155 21 42 156 42 27 157 23 43 158 43 27 159 23 42 160 42 26 161 21 44 162 44 43 163 43 27 164 23 44 165 44 27 166 23 28 167 25 45 168 45 44 169 1072 28 170 1071 45 171 45 28 172 1071 29 173 27 45 174 45 30 175 29 46 176 46 30 177 29 45 178 45 29 179 27 46 180 46 31 181 31 47 182 47 31 183 31 46 184 46 30 185 29 32 186 33 47 187 47 31 188 31 32 189 33 31 190 31 16 191 3 145 192 48 144 193 49 32 194 33 32 195 33 33 196 32 145 197 48 145 198 48 33 199 32 146 200 50 33 201 32 34 202 34 146 203 50 146 204 50 35 205 35 147 206 51 35 207 35 146 208 50 34 209 34 148 210 52 147 211 51 35 212 35 148 213 52 35 214 35 36 215 36 149 216 53 36 217 36 37 218 37 36 219 36 149 220 53 148 221 52 149 222 53 38 223 38 150 224 54 38 225 38 149 226 53 37 227 37 150 228 54 39 229 39 151 230 55 39 231 39 150 232 54 38 233 38 151 234 55 40 235 40 152 236 56 40 237 40 151 238 55 39 239 39 152 240 56 41 241 41 153 242 57 41 243 41 152 244 56 40 245 40 154 246 58 153 247 57 41 248 41 154 249 58 41 250 41 42 251 42 154 252 58 43 253 43 155 254 59 43 255 43 154 256 58 42 257 42 156 258 60 155 259 59 43 260 43 156 261 60 43 262 43 44 263 44 157 264 61 44 265 1073 45 266 45 44 267 1073 157 268 61 156 269 1074 158 270 62 45 271 45 46 272 46 45 273 45 158 274 62 157 275 61 158 276 62 47 277 47 159 278 63 47 279 47 158 280 62 46 281 46 144 282 49 159 283 63 47 284 47 144 285 49 47 286 47 32 287 33 64 288 67 48 289 64 65 290 66 48 291 64 49 292 65 65 293 66 65 294 66 49 295 65 66 296 69 49 297 65 50 298 68 66 299 69 66 300 69 51 301 70 67 302 71 51 303 70 66 304 69 50 305 68 67 306 71 52 307 72 68 308 73 52 309 72 67 310 71 51 311 70 68 312 73 52 313 72 69 314 75 69 315 75 52 316 72 53 317 74 69 318 75 53 319 74 70 320 77 53 321 74 54 322 76 70 323 77 70 324 77 55 325 78 71 326 79 55 327 78 70 328 77 54 329 76 71 330 79 56 331 80 72 332 81 56 333 80 71 334 79 55 335 78 72 336 81 57 337 82 73 338 83 57 339 82 72 340 81 56 341 80 73 342 83 57 343 82 74 344 102 57 345 82 58 346 84 74 347 102 74 348 102 59 349 103 75 350 104 59 351 103 74 352 102 58 353 84 75 354 104 60 355 105 76 356 106 60 357 105 75 358 104 59 359 103 76 360 1076 60 361 1075 77 362 108 77 363 108 60 364 1075 61 365 107 77 366 108 61 367 107 78 368 110 61 369 107 62 370 109 78 371 110 78 372 110 63 373 111 79 374 112 63 375 111 78 376 110 62 377 109 79 378 112 63 379 111 64 380 67 64 381 67 63 382 111 48 383 64 97 384 113 64 385 67 65 386 66 64 387 67 97 388 113 96 389 114 98 390 115 65 391 66 66 392 69 65 393 66 98 394 115 97 395 113 98 396 115 67 397 71 99 398 116 67 399 71 98 400 115 66 401 69 99 402 116 68 403 73 100 404 117 68 405 73 99 406 116 67 407 71 101 408 118 68 409 73 69 410 75 68 411 73 101 412 118 100 413 117 69 414 75 102 415 136 101 416 118 102 417 136 69 418 75 70 419 77 102 420 136 71 421 79 103 422 137 71 423 79 102 424 136 70 425 77 103 426 137 72 427 81 104 428 138 72 429 81 103 430 137 71 431 79 105 432 139 104 433 138 72 434 81 105 435 139 72 436 81 73 437 83 105 438 139 73 439 83 106 440 140 106 441 140 73 442 83 74 443 102 106 444 140 75 445 104 107 446 141 75 447 104 106 448 140 74 449 102 107 450 141 76 451 106 108 452 142 76 453 106 107 454 141 75 455 104 109 456 143 76 457 1077 77 458 108 76 459 1077 109 460 143 108 461 1078 77 462 108 110 463 144 109 464 143 110 465 144 77 466 108 78 467 110 110 468 144 79 469 112 111 470 145 79 471 112 110 472 144 78 473 110 111 474 145 64 475 67 96 476 114 64 477 67 111 478 145 79 479 112 128 480 147 97 481 113 129 482 146 97 483 113 128 484 147 96 485 114 129 486 146 98 487 115 130 488 148 98 489 115 129 490 146 97 491 113 130 492 148 99 493 116 131 494 149 99 495 116 130 496 148 98 497 115 131 498 149 100 499 117 132 500 150 100 501 117 131 502 149 99 503 116 133 504 151 132 505 150 100 506 117 133 507 151 100 508 117 101 509 118 133 510 151 101 511 118 134 512 152 134 513 152 101 514 118 102 515 136 134 516 152 102 517 136 135 518 153 135 519 153 102 520 136 103 521 137 135 522 153 103 523 137 136 524 154 136 525 154 103 526 137 104 527 138 136 528 154 104 529 138 137 530 155 137 531 155 104 532 138 105 533 139 137 534 155 105 535 139 138 536 156 138 537 156 105 538 139 106 539 140 138 540 156 107 541 141 139 542 157 107 543 141 138 544 156 106 545 140 139 546 157 108 547 142 140 548 158 108 549 142 139 550 157 107 551 141 141 552 159 140 553 1079 108 554 1080 141 555 159 108 556 1080 109 557 143 109 558 143 142 559 160 141 560 159 142 561 160 109 562 143 110 563 144 142 564 160 111 565 145 143 566 161 111 567 145 142 568 160 110 569 144 143 570 161 96 571 114 128 572 147 96 573 114 143 574 161 111 575 145 81 576 86 112 577 88 80 578 85 112 579 88 81 580 86 113 581 87 113 582 87 82 583 89 114 584 90 82 585 89 113 586 87 81 587 86 114 588 90 83 589 91 115 590 92 83 591 91 114 592 90 82 593 89 115 594 92 84 595 93 116 596 94 84 597 93 115 598 92 83 599 91 117 600 96 116 601 94 84 602 93 84 603 93 85 604 95 117 605 96 118 606 98 117 607 96 85 608 95 85 609 95 86 610 97 118 611 98 118 612 98 86 613 97 119 614 100 86 615 97 87 616 99 119 617 100 88 618 101 120 619 119 87 620 99 119 621 100 87 622 99 120 623 119 89 624 120 121 625 121 88 626 101 120 627 119 88 628 101 121 629 121 90 630 122 122 631 123 89 632 120 89 633 120 122 634 123 121 635 121 91 636 124 122 637 123 90 638 122 122 639 123 91 640 124 123 641 125 123 642 125 92 643 126 124 644 127 92 645 126 123 646 125 91 647 124 125 648 129 124 649 127 92 650 126 92 651 126 93 652 128 125 653 129 94 654 130 126 655 131 93 656 128 125 657 129 93 658 128 126 659 131 95 660 132 126 661 131 94 662 130 126 663 131 95 664 132 127 665 133 80 666 85 127 667 133 95 668 132 127 669 133 80 670 85 112 671 88 80 672 163 129 673 146 81 674 162 129 675 146 80 676 163 128 677 147 81 678 162 130 679 148 82 680 164 130 681 148 81 682 162 129 683 146 82 684 164 131 685 149 83 686 165 131 687 149 82 688 164 130 689 148 83 690 165 132 691 150 84 692 166 132 693 150 83 694 165 131 695 149 85 696 167 84 697 166 132 698 150 85 699 167 132 700 150 133 701 151 85 702 167 133 703 151 86 704 168 86 705 168 133 706 151 134 707 152 86 708 168 134 709 152 87 710 169 87 711 169 134 712 152 135 713 153 87 714 169 135 715 153 88 716 170 88 717 170 135 718 153 136 719 154 88 720 170 136 721 154 89 722 171 89 723 171 136 724 154 137 725 155 89 726 171 137 727 155 90 728 172 90 729 172 137 730 155 138 731 156 139 732 157 91 733 173 138 734 156 91 735 173 90 736 172 138 737 156 91 738 173 140 739 158 92 740 174 140 741 158 91 742 173 139 743 157 140 744 1082 93 745 175 92 746 1081 93 747 175 140 748 1082 141 749 159 93 750 175 141 751 159 142 752 160 93 753 175 142 754 160 94 755 176 143 756 161 95 757 177 94 758 176 143 759 161 94 760 176 142 761 160 80 762 163 95 763 177 128 764 147 128 765 147 95 766 177 143 767 161 48 768 64 144 769 49 49 770 65 49 771 65 144 772 49 145 773 48 49 774 65 145 775 48 50 776 68 50 777 68 145 778 48 146 779 50 50 780 68 147 781 51 51 782 70 147 783 51 50 784 68 146 785 50 51 786 70 147 787 51 52 788 72 52 789 72 147 790 51 148 791 52 52 792 72 149 793 53 53 794 74 149 795 53 52 796 72 148 797 52 54 798 76 149 799 53 150 800 54 149 801 53 54 802 76 53 803 74 54 804 76 151 805 55 55 806 78 151 807 55 54 808 76 150 809 54 55 810 78 152 811 56 56 812 80 152 813 56 55 814 78 151 815 55 56 816 80 153 817 57 57 818 82 153 819 57 56 820 80 152 821 56 57 822 82 153 823 57 58 824 84 58 825 84 153 826 57 154 827 58 58 828 84 155 829 59 59 830 103 155 831 59 58 832 84 154 833 58 59 834 103 155 835 59 60 836 105 60 837 105 155 838 59 156 839 60 61 840 107 156 841 1084 157 842 61 156 843 1084 61 844 107 60 845 1083 62 846 109 157 847 61 158 848 62 157 849 61 62 850 109 61 851 107 62 852 109 159 853 63 63 854 111 159 855 63 62 856 109 158 857 62 63 858 111 159 859 63 48 860 64 48 861 64 159 862 63 144 863 49 0 864 0 208 865 178 1 866 1 1 867 1 208 868 178 209 869 179 1 870 1 209 871 179 2 872 4 2 873 4 209 874 179 210 875 180 2 876 4 211 877 181 3 878 6 211 879 181 2 880 4 210 881 180 3 882 6 212 883 182 4 884 8 212 885 182 3 886 6 211 887 181 5 888 10 212 889 182 213 890 183 212 891 182 5 892 10 4 893 8 6 894 12 213 895 183 214 896 184 213 897 183 6 898 12 5 899 10 7 900 14 6 901 12 215 902 185 6 903 12 214 904 184 215 905 185 8 906 16 7 907 14 216 908 186 7 909 14 215 910 185 216 911 186 9 912 18 8 913 16 217 914 204 8 915 16 216 916 186 217 917 204 218 918 205 10 919 20 9 920 18 9 921 18 217 922 204 218 923 205 11 924 22 10 925 20 219 926 206 10 927 20 218 928 205 219 929 206 12 930 24 11 931 22 220 932 207 11 933 22 219 934 206 220 935 207 12 936 1085 220 937 1086 13 938 26 13 939 26 220 940 1086 221 941 208 13 942 26 221 943 208 14 944 28 14 945 28 221 946 208 222 947 209 14 948 28 222 949 209 15 950 30 15 951 30 222 952 209 223 953 210 15 954 30 223 955 210 0 956 0 0 957 0 223 958 210 208 959 178 160 960 212 192 961 213 161 962 211 161 963 211 192 964 213 193 965 214 161 966 211 193 967 214 162 968 215 162 969 215 193 970 214 194 971 216 162 972 215 194 973 216 163 974 217 163 975 217 194 976 216 195 977 218 163 978 217 195 979 218 164 980 219 164 981 219 195 982 218 196 983 220 165 984 221 164 985 219 197 986 222 164 987 219 196 988 220 197 989 222 198 990 224 166 991 223 165 992 221 165 993 221 197 994 222 198 995 224 199 996 226 167 997 225 166 998 223 166 999 223 198 1000 224 199 1001 226 200 1002 228 168 1003 227 167 1004 225 167 1005 225 199 1006 226 200 1007 228 201 1008 230 169 1009 229 168 1010 227 168 1011 227 200 1012 228 201 1013 230 202 1014 232 170 1015 231 169 1016 229 169 1017 229 201 1018 230 202 1019 232 171 1020 233 202 1021 232 203 1022 234 202 1023 232 171 1024 233 170 1025 231 172 1026 235 203 1027 234 204 1028 236 203 1029 234 172 1030 235 171 1031 233 172 1032 1087 205 1033 1048 173 1034 237 205 1035 1048 172 1036 1087 204 1037 1088 173 1038 237 206 1039 1050 174 1040 1049 206 1041 1050 173 1042 237 205 1043 1048 174 1044 1049 206 1045 1050 175 1046 1051 175 1047 1051 206 1048 1050 207 1049 1052 175 1050 1051 207 1051 1052 160 1052 212 160 1053 212 207 1054 1052 192 1055 213 192 1056 213 176 1057 1053 193 1058 214 176 1059 1053 177 1060 1054 193 1061 214 193 1062 214 177 1063 1054 194 1064 216 194 1065 216 177 1066 1054 178 1067 1055 194 1068 216 178 1069 1055 195 1070 218 178 1071 1055 179 1072 1056 195 1073 218 195 1074 218 179 1075 1056 196 1076 220 196 1077 220 179 1078 1056 180 1079 1057 181 1080 1058 197 1081 222 196 1082 220 196 1083 220 180 1084 1057 181 1085 1058 182 1086 1059 198 1087 224 197 1088 222 197 1089 222 181 1090 1058 182 1091 1059 183 1092 1060 199 1093 226 198 1094 224 198 1095 224 182 1096 1059 183 1097 1060 184 1098 1061 200 1099 228 199 1100 226 199 1101 226 183 1102 1060 184 1103 1061 185 1104 1062 201 1105 230 200 1106 228 200 1107 228 184 1108 1061 185 1109 1062 186 1110 1063 202 1111 232 201 1112 230 201 1113 230 185 1114 1062 186 1115 1063 186 1116 1063 203 1117 234 202 1118 232 203 1119 234 186 1120 1063 187 1121 1064 204 1122 236 187 1123 1064 188 1124 1065 187 1125 1064 204 1126 236 203 1127 234 204 1128 1089 189 1129 1066 205 1130 1048 189 1131 1066 204 1132 1089 188 1133 1090 205 1134 1048 190 1135 1067 206 1136 1050 190 1137 1067 205 1138 1048 189 1139 1066 191 1140 1068 207 1141 1052 190 1142 1067 206 1143 1050 190 1144 1067 207 1145 1052 176 1146 1053 192 1147 213 191 1148 1068 207 1149 1052 191 1150 1068 192 1151 213 208 1152 178 160 1153 212 209 1154 179 160 1155 212 161 1156 211 209 1157 179 209 1158 179 161 1159 211 210 1160 180 210 1161 180 161 1162 211 162 1163 215 210 1164 180 162 1165 215 211 1166 181 211 1167 181 162 1168 215 163 1169 217 212 1170 182 211 1171 181 163 1172 217 212 1173 182 163 1174 217 164 1175 219 213 1176 183 212 1177 182 165 1178 221 212 1179 182 164 1180 219 165 1181 221 166 1182 223 214 1183 184 213 1184 183 213 1185 183 165 1186 221 166 1187 223 167 1188 225 215 1189 185 214 1190 184 214 1191 184 166 1192 223 167 1193 225 168 1194 227 216 1195 186 215 1196 185 215 1197 185 167 1198 225 168 1199 227 169 1200 229 217 1201 204 216 1202 186 216 1203 186 168 1204 227 169 1205 229 170 1206 231 218 1207 205 217 1208 204 217 1209 204 169 1210 229 170 1211 231 219 1212 206 170 1213 231 171 1214 233 170 1215 231 219 1216 206 218 1217 205 220 1218 207 171 1219 233 172 1220 235 171 1221 233 220 1222 207 219 1223 206 220 1224 1091 173 1225 237 221 1226 208 173 1227 237 220 1228 1091 172 1229 1092 221 1230 208 174 1231 1049 222 1232 209 174 1233 1049 221 1234 208 173 1235 237 222 1236 209 174 1237 1049 223 1238 210 174 1239 1049 175 1240 1051 223 1241 210 223 1242 210 175 1243 1051 208 1244 178 175 1245 1051 160 1246 212 208 1247 178 176 1248 187 225 1249 189 177 1250 135 225 1251 189 176 1252 187 224 1253 188 177 1254 135 226 1255 191 178 1256 190 226 1257 191 177 1258 135 225 1259 189 178 1260 190 226 1261 191 179 1262 192 179 1263 192 226 1264 191 227 1265 193 179 1266 192 227 1267 193 180 1268 194 180 1269 194 227 1270 193 228 1271 195 180 1272 194 229 1273 197 181 1274 196 229 1275 197 180 1276 194 228 1277 195 181 1278 196 230 1279 199 182 1280 198 230 1281 199 181 1282 196 229 1283 197 182 1284 198 230 1285 199 183 1286 200 183 1287 200 230 1288 199 231 1289 201 231 1290 201 184 1291 202 183 1292 200 184 1293 202 231 1294 201 232 1295 203 184 1296 202 233 1297 239 185 1298 238 233 1299 239 184 1300 202 232 1301 203 185 1302 238 234 1303 241 186 1304 240 234 1305 241 185 1306 238 233 1307 239 186 1308 240 234 1309 241 187 1310 242 187 1311 242 234 1312 241 235 1313 243 187 1314 242 235 1315 243 188 1316 244 188 1317 244 235 1318 243 236 1319 245 188 1320 244 237 1321 247 189 1322 246 237 1323 247 188 1324 244 236 1325 245 189 1326 246 238 1327 249 190 1328 248 238 1329 249 189 1330 246 237 1331 247 190 1332 248 238 1333 249 191 1334 250 191 1335 250 238 1336 249 239 1337 251 191 1338 250 239 1339 251 176 1340 187 176 1341 187 239 1342 251 224 1343 188 112 1344 88 113 1345 87 240 1346 134 113 1347 87 114 1348 90 240 1349 134 114 1350 90 115 1351 92 240 1352 134 115 1353 92 116 1354 94 240 1355 134 116 1356 94 117 1357 96 240 1358 134 117 1359 96 118 1360 98 240 1361 134 118 1362 98 119 1363 100 240 1364 134 119 1365 100 120 1366 119 240 1367 134 120 1368 119 121 1369 121 240 1370 134 121 1371 121 122 1372 123 240 1373 134 122 1374 123 123 1375 125 240 1376 134 123 1377 125 124 1378 127 240 1379 134 124 1380 127 125 1381 129 240 1382 134 125 1383 129 126 1384 131 240 1385 134 126 1386 131 127 1387 133 240 1388 134 127 1389 133 112 1390 88 240 1391 134 225 1392 189 224 1393 188 241 1394 252 226 1395 191 225 1396 189 241 1397 252 227 1398 193 226 1399 191 241 1400 252 228 1401 195 227 1402 193 241 1403 252 229 1404 197 228 1405 195 241 1406 252 230 1407 199 229 1408 197 241 1409 252 231 1410 201 230 1411 199 241 1412 252 232 1413 203 231 1414 201 241 1415 252 233 1416 239 232 1417 203 241 1418 252 234 1419 241 233 1420 239 241 1421 252 235 1422 243 234 1423 241 241 1424 252 236 1425 245 235 1426 243 241 1427 252 237 1428 247 236 1429 245 241 1430 252 238 1431 249 237 1432 247 241 1433 252 239 1434 251 238 1435 249 241 1436 252 224 1437 188 239 1438 251 241 1439 252 258 1440 256 242 1441 253 259 1442 255 259 1443 255 242 1444 253 243 1445 254 259 1446 255 243 1447 254 260 1448 258 260 1449 258 243 1450 254 244 1451 257 260 1452 258 245 1453 259 261 1454 260 245 1455 259 260 1456 258 244 1457 257 261 1458 260 245 1459 259 262 1460 262 262 1461 262 245 1462 259 246 1463 261 262 1464 262 247 1465 263 263 1466 264 247 1467 263 262 1468 262 246 1469 261 263 1470 264 247 1471 263 264 1472 266 264 1473 266 247 1474 263 248 1475 265 264 1476 266 249 1477 267 265 1478 268 249 1479 267 264 1480 266 248 1481 265 265 1482 268 250 1483 269 266 1484 270 250 1485 269 265 1486 268 249 1487 267 266 1488 270 251 1489 271 267 1490 272 251 1491 271 266 1492 270 250 1493 269 267 1494 272 252 1495 273 268 1496 274 252 1497 273 267 1498 272 251 1499 271 268 1500 274 252 1501 273 269 1502 276 269 1503 276 252 1504 273 253 1505 275 269 1506 276 254 1507 277 270 1508 278 254 1509 277 269 1510 276 253 1511 275 270 1512 1159 255 1513 279 271 1514 280 255 1515 279 270 1516 1159 254 1517 1158 271 1518 280 255 1519 279 272 1520 282 272 1521 282 255 1522 279 256 1523 281 272 1524 282 256 1525 281 273 1526 284 273 1527 284 256 1528 281 257 1529 283 273 1530 284 257 1531 283 258 1532 256 258 1533 256 257 1534 283 242 1535 253 341 1536 285 258 1537 256 259 1538 255 258 1539 256 341 1540 285 340 1541 286 259 1542 255 342 1543 287 341 1544 285 342 1545 287 259 1546 255 260 1547 258 342 1548 287 261 1549 260 343 1550 323 261 1551 260 342 1552 287 260 1553 258 343 1554 323 262 1555 262 344 1556 324 262 1557 262 343 1558 323 261 1559 260 345 1560 325 262 1561 262 263 1562 264 262 1563 262 345 1564 325 344 1565 324 263 1566 264 346 1567 326 345 1568 325 346 1569 326 263 1570 264 264 1571 266 346 1572 326 265 1573 268 347 1574 327 265 1575 268 346 1576 326 264 1577 266 347 1578 327 266 1579 270 348 1580 328 266 1581 270 347 1582 327 265 1583 268 349 1584 329 266 1585 270 267 1586 272 266 1587 270 349 1588 329 348 1589 328 267 1590 272 350 1591 330 349 1592 329 350 1593 330 267 1594 272 268 1595 274 350 1596 330 269 1597 276 351 1598 331 269 1599 276 350 1600 330 268 1601 274 351 1602 331 270 1603 278 352 1604 332 270 1605 278 351 1606 331 269 1607 276 353 1608 333 270 1609 1160 271 1610 280 270 1611 1160 353 1612 333 352 1613 1161 271 1614 280 354 1615 334 353 1616 333 354 1617 334 271 1618 280 272 1619 282 354 1620 334 273 1621 284 355 1622 335 273 1623 284 354 1624 334 272 1625 282 355 1626 335 258 1627 256 340 1628 286 258 1629 256 355 1630 335 273 1631 284 276 1632 289 277 1633 290 275 1634 288 275 1635 288 277 1636 290 278 1637 291 279 1638 292 280 1639 293 276 1640 289 276 1641 289 280 1642 293 277 1643 290 281 1644 1149 280 1645 293 279 1646 292 280 1647 293 281 1648 1149 282 1649 1150 283 1650 296 282 1651 295 281 1652 294 282 1653 295 283 1654 296 284 1655 297 285 1656 298 284 1657 297 283 1658 296 284 1659 297 285 1660 298 286 1661 299 288 1662 301 285 1663 298 287 1664 300 285 1665 298 288 1666 301 286 1667 299 289 1668 302 288 1669 301 287 1670 300 288 1671 301 289 1672 302 290 1673 303 291 1674 304 290 1675 303 289 1676 302 290 1677 303 291 1678 304 292 1679 305 293 1680 306 292 1681 305 291 1682 304 292 1683 305 293 1684 306 294 1685 307 295 1686 308 294 1687 307 293 1688 306 294 1689 307 295 1690 308 296 1691 309 297 1692 310 298 1693 311 295 1694 308 295 1695 308 298 1696 311 296 1697 309 299 1698 312 300 1699 313 297 1700 310 297 1701 310 300 1702 313 298 1703 311 301 1704 314 300 1705 313 299 1706 312 300 1707 313 301 1708 314 302 1709 315 303 1710 316 304 1711 317 301 1712 314 301 1713 314 304 1714 317 302 1715 315 306 1716 319 303 1717 316 305 1718 318 303 1719 316 306 1720 319 304 1721 317 275 1722 288 278 1723 291 305 1724 318 305 1725 318 278 1726 291 306 1727 319 278 1728 291 356 1729 320 357 1730 321 356 1731 320 278 1732 291 277 1733 290 277 1734 290 358 1735 322 356 1736 320 358 1737 322 277 1738 290 280 1739 293 358 1740 322 280 1741 293 282 1742 1151 282 1743 1151 359 1744 1152 358 1745 322 359 1746 340 282 1747 295 284 1748 297 284 1749 297 360 1750 341 359 1751 340 284 1752 297 361 1753 342 360 1754 341 361 1755 342 284 1756 297 286 1757 299 286 1758 299 362 1759 343 361 1760 342 362 1761 343 286 1762 299 288 1763 301 362 1764 343 288 1765 301 290 1766 303 290 1767 303 363 1768 344 362 1769 343 363 1770 344 290 1771 303 292 1772 305 292 1773 305 364 1774 345 363 1775 344 292 1776 305 365 1777 346 364 1778 345 365 1779 346 292 1780 305 294 1781 307 294 1782 307 366 1783 347 365 1784 346 366 1785 347 294 1786 307 296 1787 309 366 1788 347 296 1789 309 298 1790 311 298 1791 311 367 1792 348 366 1793 347 367 1794 348 298 1795 311 300 1796 313 300 1797 313 368 1798 349 367 1799 348 300 1800 313 369 1801 350 368 1802 349 369 1803 350 300 1804 313 302 1805 315 302 1806 315 370 1807 351 369 1808 350 370 1809 351 302 1810 315 304 1811 317 370 1812 351 304 1813 317 306 1814 319 306 1815 319 371 1816 352 370 1817 351 371 1818 352 306 1819 319 278 1820 291 278 1821 291 357 1822 321 371 1823 352 309 1824 336 274 1825 337 308 1826 338 310 1827 339 274 1828 337 309 1829 336 311 1830 357 274 1831 337 310 1832 339 312 1833 358 274 1834 337 311 1835 357 313 1836 359 274 1837 337 312 1838 358 314 1839 360 274 1840 337 313 1841 359 315 1842 361 274 1843 337 314 1844 360 316 1845 362 274 1846 337 315 1847 361 317 1848 363 274 1849 337 316 1850 362 318 1851 364 274 1852 337 317 1853 363 319 1854 365 274 1855 337 318 1856 364 320 1857 366 274 1858 337 319 1859 365 321 1860 367 274 1861 337 320 1862 1162 322 1863 368 274 1864 337 321 1865 367 323 1866 369 274 1867 337 322 1868 368 308 1869 338 274 1870 337 323 1871 369 324 1872 353 307 1873 354 325 1874 355 326 1875 356 307 1876 354 324 1877 353 327 1878 1153 307 1879 354 326 1880 356 328 1881 375 307 1882 354 327 1883 374 329 1884 376 307 1885 354 328 1886 375 330 1887 377 307 1888 354 329 1889 376 331 1890 378 307 1891 354 330 1892 377 332 1893 379 307 1894 354 331 1895 378 333 1896 380 307 1897 354 332 1898 379 334 1899 381 307 1900 354 333 1901 380 335 1902 382 307 1903 354 334 1904 381 336 1905 383 307 1906 354 335 1907 382 337 1908 384 307 1909 354 336 1910 383 338 1911 385 307 1912 354 337 1913 384 339 1914 386 307 1915 354 338 1916 385 325 1917 355 307 1918 354 339 1919 386 372 1920 371 340 1921 286 373 1922 370 373 1923 370 340 1924 286 341 1925 285 373 1926 370 341 1927 285 374 1928 372 374 1929 372 341 1930 285 342 1931 287 374 1932 372 343 1933 323 375 1934 373 343 1935 323 374 1936 372 342 1937 287 375 1938 373 344 1939 324 376 1940 391 344 1941 324 375 1942 373 343 1943 323 376 1944 391 344 1945 324 377 1946 392 377 1947 392 344 1948 324 345 1949 325 377 1950 392 345 1951 325 378 1952 393 378 1953 393 345 1954 325 346 1955 326 378 1956 393 347 1957 327 379 1958 394 347 1959 327 378 1960 393 346 1961 326 379 1962 394 348 1963 328 380 1964 395 348 1965 328 379 1966 394 347 1967 327 380 1968 395 348 1969 328 381 1970 396 381 1971 396 348 1972 328 349 1973 329 381 1974 396 349 1975 329 382 1976 397 382 1977 397 349 1978 329 350 1979 330 382 1980 397 351 1981 331 383 1982 398 351 1983 331 382 1984 397 350 1985 330 383 1986 398 352 1987 332 384 1988 399 352 1989 332 383 1990 398 351 1991 331 384 1992 1163 352 1993 1164 385 1994 400 385 1995 400 352 1996 1164 353 1997 333 385 1998 400 353 1999 333 386 2000 401 386 2001 401 353 2002 333 354 2003 334 386 2004 401 355 2005 335 387 2006 402 355 2007 335 386 2008 401 354 2009 334 387 2010 402 340 2011 286 372 2012 371 340 2013 286 387 2014 402 355 2015 335 356 2016 320 388 2017 387 357 2018 321 357 2019 321 388 2020 387 389 2021 388 358 2022 322 390 2023 389 356 2024 320 390 2025 389 388 2026 387 356 2027 320 359 2028 1154 390 2029 389 358 2030 322 390 2031 389 359 2032 1154 391 2033 1155 360 2034 341 391 2035 390 359 2036 340 391 2037 390 360 2038 341 392 2039 403 361 2040 342 393 2041 404 360 2042 341 360 2043 341 393 2044 404 392 2045 403 362 2046 343 394 2047 405 361 2048 342 394 2049 405 393 2050 404 361 2051 342 363 2052 344 394 2053 405 362 2054 343 394 2055 405 363 2056 344 395 2057 406 364 2058 345 395 2059 406 363 2060 344 395 2061 406 364 2062 345 396 2063 407 365 2064 346 397 2065 408 364 2066 345 364 2067 345 397 2068 408 396 2069 407 366 2070 347 398 2071 409 365 2072 346 398 2073 409 397 2074 408 365 2075 346 367 2076 348 398 2077 409 366 2078 347 398 2079 409 367 2080 348 399 2081 410 368 2082 349 399 2083 410 367 2084 348 399 2085 410 368 2086 349 400 2087 411 369 2088 350 401 2089 412 368 2090 349 368 2091 349 401 2092 412 400 2093 411 370 2094 351 402 2095 413 369 2096 350 402 2097 413 401 2098 412 369 2099 350 371 2100 352 402 2101 413 370 2102 351 402 2103 413 371 2104 352 403 2105 414 357 2106 321 403 2107 414 371 2108 352 403 2109 414 357 2110 321 389 2111 388 308 2112 338 372 2113 371 309 2114 336 309 2115 336 372 2116 371 373 2117 370 309 2118 336 373 2119 370 310 2120 339 310 2121 339 373 2122 370 374 2123 372 310 2124 339 375 2125 373 311 2126 357 375 2127 373 310 2128 339 374 2129 372 311 2130 357 376 2131 391 312 2132 358 376 2133 391 311 2134 357 375 2135 373 312 2136 358 376 2137 391 313 2138 359 313 2139 359 376 2140 391 377 2141 392 313 2142 359 377 2143 392 314 2144 360 314 2145 360 377 2146 392 378 2147 393 314 2148 360 379 2149 394 315 2150 361 379 2151 394 314 2152 360 378 2153 393 315 2154 361 380 2155 395 316 2156 362 380 2157 395 315 2158 361 379 2159 394 316 2160 362 380 2161 395 317 2162 363 317 2163 363 380 2164 395 381 2165 396 317 2166 363 381 2167 396 318 2168 364 318 2169 364 381 2170 396 382 2171 397 318 2172 364 383 2173 398 319 2174 365 383 2175 398 318 2176 364 382 2177 397 319 2178 365 384 2179 399 320 2180 366 384 2181 399 319 2182 365 383 2183 398 320 2184 1165 384 2185 1166 321 2186 367 321 2187 367 384 2188 1166 385 2189 400 321 2190 367 385 2191 400 322 2192 368 322 2193 368 385 2194 400 386 2195 401 322 2196 368 387 2197 402 323 2198 369 387 2199 402 322 2200 368 386 2201 401 323 2202 369 372 2203 371 308 2204 338 372 2205 371 323 2206 369 387 2207 402 388 2208 387 324 2209 353 389 2210 388 389 2211 388 324 2212 353 325 2213 355 390 2214 389 326 2215 356 388 2216 387 326 2217 356 324 2218 353 388 2219 387 391 2220 1156 326 2221 356 390 2222 389 326 2223 356 391 2224 1156 327 2225 1157 392 2226 403 327 2227 374 391 2228 390 327 2229 374 392 2230 403 328 2231 375 393 2232 404 329 2233 376 392 2234 403 392 2235 403 329 2236 376 328 2237 375 394 2238 405 330 2239 377 393 2240 404 330 2241 377 329 2242 376 393 2243 404 395 2244 406 330 2245 377 394 2246 405 330 2247 377 395 2248 406 331 2249 378 396 2250 407 331 2251 378 395 2252 406 331 2253 378 396 2254 407 332 2255 379 397 2256 408 333 2257 380 396 2258 407 396 2259 407 333 2260 380 332 2261 379 398 2262 409 334 2263 381 397 2264 408 334 2265 381 333 2266 380 397 2267 408 399 2268 410 334 2269 381 398 2270 409 334 2271 381 399 2272 410 335 2273 382 400 2274 411 335 2275 382 399 2276 410 335 2277 382 400 2278 411 336 2279 383 401 2280 412 337 2281 384 400 2282 411 400 2283 411 337 2284 384 336 2285 383 402 2286 413 338 2287 385 401 2288 412 338 2289 385 337 2290 384 401 2291 412 403 2292 414 338 2293 385 402 2294 413 338 2295 385 403 2296 414 339 2297 386 389 2298 388 339 2299 386 403 2300 414 339 2301 386 389 2302 388 325 2303 355 414 2304 427 404 2305 425 406 2306 426 404 2307 425 414 2308 427 415 2309 428 413 2310 431 408 2311 429 412 2312 430 408 2313 429 413 2314 431 410 2315 432 420 2316 433 417 2317 434 415 2318 428 404 2319 425 415 2320 428 417 2321 434 405 2322 437 422 2323 438 416 2324 441 418 2325 450 414 2326 427 421 2327 449 407 2328 442 414 2329 427 418 2330 450 405 2331 437 414 2332 427 407 2333 442 414 2334 427 405 2335 437 415 2336 428 413 2337 431 409 2338 435 411 2339 436 409 2340 435 413 2341 431 412 2342 430 416 2343 441 415 2344 428 405 2345 437 415 2346 428 416 2347 441 420 2348 433 419 2349 451 421 2350 449 414 2351 427 419 2352 451 414 2353 427 406 2354 426 412 2355 430 408 2356 429 417 2357 440 412 2358 430 417 2359 440 420 2360 439 418 2361 443 411 2362 436 423 2363 444 418 2364 443 421 2365 445 413 2366 431 418 2367 443 413 2368 431 411 2369 436 412 2370 430 416 2371 446 409 2372 435 416 2373 446 412 2374 430 420 2375 439 421 2376 445 410 2377 432 413 2378 431 410 2379 432 421 2380 445 419 2381 447 422 2382 438 407 2383 442 423 2384 452 405 2385 437 407 2386 442 422 2387 438 409 2388 435 416 2389 446 422 2390 448 422 2391 448 423 2392 444 411 2393 436 411 2394 436 409 2395 435 422 2396 448 407 2397 442 418 2398 450 423 2399 452 424 2400 463 425 2401 464 426 2402 466 425 2403 464 428 2404 465 426 2405 466 435 2406 467 436 2407 468 428 2408 465 426 2409 466 428 2410 465 436 2411 468 425 2412 464 427 2413 469 428 2414 465 428 2415 465 427 2416 469 438 2417 470 435 2418 467 428 2419 465 439 2420 471 428 2421 465 438 2422 470 439 2423 471 424 2424 463 441 2425 473 425 2426 464 441 2427 473 424 2428 463 440 2429 472 427 2430 469 425 2431 464 442 2432 474 438 2433 470 442 2434 474 443 2435 475 442 2436 474 438 2437 470 427 2438 469 430 2439 476 424 2440 463 426 2441 466 430 2442 476 429 2443 477 424 2444 463 424 2445 463 429 2446 477 440 2447 472 430 2448 476 426 2449 466 436 2450 468 432 2451 481 431 2452 478 434 2453 479 434 2454 479 433 2455 480 432 2456 481 433 2457 480 434 2458 479 436 2459 482 436 2460 482 435 2461 483 433 2462 480 432 2463 481 433 2464 480 437 2465 484 433 2466 480 438 2467 485 437 2468 484 435 2469 483 439 2470 486 433 2471 480 433 2472 480 439 2473 486 438 2474 485 431 2475 478 441 2476 487 440 2477 488 441 2478 487 431 2479 478 432 2480 481 437 2481 484 442 2482 489 432 2483 481 438 2484 485 442 2485 489 437 2486 484 442 2487 489 438 2488 485 443 2489 490 434 2490 479 431 2491 478 430 2492 492 430 2493 492 431 2494 478 429 2495 491 431 2496 478 440 2497 488 429 2498 491 430 2499 492 436 2500 482 434 2501 479 425 2502 464 441 2503 473 442 2504 474 442 2505 489 441 2506 487 432 2507 481 750 2508 454 404 2509 425 444 2510 453 404 2511 425 750 2512 454 406 2513 426 410 2514 432 445 2515 496 408 2516 429 445 2517 496 410 2518 432 751 2519 495 408 2520 429 446 2521 497 417 2522 440 446 2523 497 408 2524 429 445 2525 496 752 2526 455 406 2527 426 750 2528 454 406 2529 426 752 2530 455 419 2531 451 444 2532 453 404 2533 425 446 2534 456 404 2535 425 417 2536 434 446 2537 456 419 2538 447 752 2539 502 410 2540 432 751 2541 495 410 2542 432 752 2543 502 447 2544 505 453 2545 503 753 2546 504 453 2547 503 447 2548 505 448 2549 507 450 2550 511 454 2551 516 449 2552 506 454 2553 516 450 2554 511 758 2555 515 451 2556 508 453 2557 503 448 2558 507 453 2559 503 451 2560 508 455 2561 509 760 2562 510 452 2563 512 447 2564 505 760 2565 510 447 2566 505 753 2567 504 454 2568 516 451 2569 517 449 2570 506 451 2571 517 454 2572 516 455 2573 522 452 2574 822 758 2575 515 450 2576 511 758 2577 515 452 2578 822 760 2579 821 448 2580 507 447 2581 505 450 2582 513 450 2583 513 449 2584 514 448 2585 507 449 2586 514 451 2587 508 448 2588 507 447 2589 505 452 2590 512 450 2591 513 468 2592 526 456 2593 523 469 2594 525 469 2595 525 456 2596 523 457 2597 524 469 2598 525 457 2599 524 470 2600 528 457 2601 524 458 2602 527 470 2603 528 470 2604 528 459 2605 529 471 2606 530 459 2607 529 470 2608 528 458 2609 527 471 2610 530 459 2611 529 472 2612 532 459 2613 529 460 2614 531 472 2615 532 472 2616 532 461 2617 533 473 2618 534 461 2619 533 472 2620 532 460 2621 531 473 2622 534 462 2623 535 474 2624 536 462 2625 535 473 2626 534 461 2627 533 474 2628 536 462 2629 535 475 2630 538 462 2631 535 463 2632 537 475 2633 538 475 2634 538 463 2635 537 476 2636 540 463 2637 537 464 2638 539 476 2639 540 476 2640 540 465 2641 541 477 2642 542 465 2643 541 476 2644 540 464 2645 539 477 2646 1124 465 2647 1123 478 2648 544 465 2649 1123 466 2650 543 478 2651 544 478 2652 544 467 2653 545 479 2654 546 467 2655 545 478 2656 544 466 2657 543 479 2658 546 456 2659 523 468 2660 526 456 2661 523 479 2662 546 467 2663 545 480 2664 548 468 2665 526 481 2666 547 468 2667 526 469 2668 525 481 2669 547 481 2670 547 469 2671 525 482 2672 549 469 2673 525 470 2674 528 482 2675 549 482 2676 549 471 2677 530 483 2678 550 471 2679 530 482 2680 549 470 2681 528 483 2682 550 471 2683 530 484 2684 551 471 2685 530 472 2686 532 484 2687 551 484 2688 551 473 2689 534 485 2690 552 473 2691 534 484 2692 551 472 2693 532 485 2694 552 474 2695 536 486 2696 553 474 2697 536 485 2698 552 473 2699 534 486 2700 553 474 2701 536 487 2702 554 474 2703 536 475 2704 538 487 2705 554 476 2706 540 488 2707 555 475 2708 538 487 2709 554 475 2710 538 488 2711 555 488 2712 555 477 2713 542 489 2714 556 477 2715 542 488 2716 555 476 2717 540 489 2718 1126 477 2719 1125 490 2720 557 477 2721 1125 478 2722 544 490 2723 557 490 2724 557 479 2725 546 491 2726 558 479 2727 546 490 2728 557 478 2729 544 491 2730 558 468 2731 526 480 2732 548 468 2733 526 491 2734 558 479 2735 546 492 2736 560 480 2737 548 493 2738 559 480 2739 548 481 2740 547 493 2741 559 482 2742 549 494 2743 561 481 2744 547 493 2745 559 481 2746 547 494 2747 561 494 2748 561 483 2749 550 495 2750 562 483 2751 550 494 2752 561 482 2753 549 495 2754 562 483 2755 550 496 2756 563 483 2757 550 484 2758 551 496 2759 563 496 2760 563 485 2761 552 497 2762 564 485 2763 552 496 2764 563 484 2765 551 497 2766 564 486 2767 553 498 2768 565 486 2769 553 497 2770 564 485 2771 552 498 2772 565 486 2773 553 499 2774 566 486 2775 553 487 2776 554 499 2777 566 488 2778 555 500 2779 567 487 2780 554 499 2781 566 487 2782 554 500 2783 567 500 2784 567 489 2785 556 501 2786 568 489 2787 556 500 2788 567 488 2789 555 501 2790 1128 489 2791 1127 502 2792 569 489 2793 1127 490 2794 557 502 2795 569 502 2796 569 491 2797 558 503 2798 570 491 2799 558 502 2800 569 490 2801 557 503 2802 570 480 2803 548 492 2804 560 480 2805 548 503 2806 570 491 2807 558 492 2808 560 493 2809 559 504 2810 571 493 2811 559 494 2812 561 504 2813 571 494 2814 561 495 2815 562 504 2816 571 495 2817 562 496 2818 563 504 2819 571 496 2820 563 497 2821 564 504 2822 571 497 2823 564 498 2824 565 504 2825 571 498 2826 565 499 2827 566 504 2828 571 499 2829 566 500 2830 567 504 2831 571 500 2832 567 501 2833 568 504 2834 571 501 2835 1129 502 2836 569 504 2837 571 502 2838 569 503 2839 570 504 2840 571 503 2841 570 492 2842 560 504 2843 571 456 2844 523 506 2845 573 457 2846 524 506 2847 573 456 2848 523 505 2849 572 457 2850 524 507 2851 574 458 2852 527 507 2853 574 457 2854 524 506 2855 573 458 2856 527 507 2857 574 459 2858 529 459 2859 529 507 2860 574 508 2861 575 459 2862 529 509 2863 576 460 2864 531 509 2865 576 459 2866 529 508 2867 575 460 2868 531 509 2869 576 461 2870 533 461 2871 533 509 2872 576 510 2873 577 510 2874 577 462 2875 535 461 2876 533 462 2877 535 510 2878 577 511 2879 578 462 2880 535 512 2881 579 463 2882 537 512 2883 579 462 2884 535 511 2885 578 463 2886 537 513 2887 580 464 2888 539 513 2889 580 463 2890 537 512 2891 579 513 2892 580 465 2893 541 464 2894 539 465 2895 541 513 2896 580 514 2897 581 465 2898 1130 515 2899 582 466 2900 543 515 2901 582 465 2902 1130 514 2903 1131 466 2904 543 515 2905 582 467 2906 545 467 2907 545 515 2908 582 516 2909 583 467 2910 545 516 2911 583 456 2912 523 456 2913 523 516 2914 583 505 2915 572 505 2916 572 518 2917 585 506 2918 573 518 2919 585 505 2920 572 517 2921 584 506 2922 573 519 2923 586 507 2924 574 519 2925 586 506 2926 573 518 2927 585 507 2928 574 519 2929 586 508 2930 575 508 2931 575 519 2932 586 520 2933 587 508 2934 575 521 2935 588 509 2936 576 521 2937 588 508 2938 575 520 2939 587 521 2940 588 510 2941 577 509 2942 576 510 2943 577 521 2944 588 522 2945 589 522 2946 589 511 2947 578 510 2948 577 511 2949 578 522 2950 589 523 2951 590 511 2952 578 524 2953 591 512 2954 579 524 2955 591 511 2956 578 523 2957 590 512 2958 579 525 2959 592 513 2960 580 525 2961 592 512 2962 579 524 2963 591 525 2964 592 514 2965 581 513 2966 580 514 2967 581 525 2968 592 526 2969 593 514 2970 1132 526 2971 1133 515 2972 582 515 2973 582 526 2974 1133 527 2975 594 515 2976 582 527 2977 594 516 2978 583 516 2979 583 527 2980 594 528 2981 595 516 2982 583 528 2983 595 505 2984 572 505 2985 572 528 2986 595 517 2987 584 542 2988 604 529 2989 602 530 2990 603 541 2991 612 529 2992 602 542 2993 604 531 2994 613 542 2995 604 530 2996 603 542 2997 604 531 2998 613 543 2999 614 532 3000 615 543 3001 614 531 3002 613 543 3003 614 532 3004 615 544 3005 616 533 3006 606 545 3007 607 532 3008 605 544 3009 608 532 3010 605 545 3011 607 534 3012 609 545 3013 607 533 3014 606 545 3015 607 534 3016 609 546 3017 610 535 3018 611 546 3019 610 534 3020 609 546 3021 610 535 3022 611 547 3023 617 536 3024 618 547 3025 617 535 3026 611 547 3027 617 536 3028 618 548 3029 619 537 3030 620 548 3031 619 536 3032 618 548 3033 619 537 3034 620 549 3035 621 538 3036 622 549 3037 621 537 3038 620 549 3039 621 538 3040 622 550 3041 623 539 3042 625 550 3043 627 538 3044 624 550 3045 627 539 3046 625 551 3047 626 552 3048 629 539 3049 625 540 3050 628 539 3051 625 552 3052 629 551 3053 626 541 3054 612 540 3055 628 529 3056 602 552 3057 629 540 3058 628 541 3059 612 554 3060 630 541 3061 612 542 3062 604 553 3063 632 541 3064 612 554 3065 630 555 3066 639 542 3067 604 543 3068 614 554 3069 630 542 3070 604 555 3071 639 544 3072 616 555 3073 639 543 3074 614 555 3075 639 544 3076 616 556 3077 640 545 3078 607 557 3079 631 544 3080 608 556 3081 633 544 3082 608 557 3083 631 546 3084 610 557 3085 631 545 3086 607 557 3087 631 546 3088 610 558 3089 634 547 3090 617 558 3091 634 546 3092 610 558 3093 634 547 3094 617 559 3095 635 548 3096 619 559 3097 635 547 3098 617 559 3099 635 548 3100 619 560 3101 636 549 3102 621 560 3103 636 548 3104 619 560 3105 636 549 3106 621 561 3107 637 562 3108 638 549 3109 621 550 3110 623 549 3111 621 562 3112 638 561 3113 637 551 3114 626 562 3115 642 550 3116 627 562 3117 642 551 3118 626 563 3119 641 564 3120 643 551 3121 626 552 3122 629 563 3123 641 551 3124 626 564 3125 643 553 3126 632 552 3127 629 541 3128 612 564 3129 643 552 3130 629 553 3131 632 554 3132 630 565 3133 652 553 3134 632 565 3135 652 554 3136 630 566 3137 645 555 3138 639 566 3139 645 554 3140 630 566 3141 645 555 3142 639 567 3143 653 556 3144 640 567 3145 653 555 3146 639 567 3147 653 556 3148 640 568 3149 654 557 3150 631 569 3151 644 556 3152 633 568 3153 646 556 3154 633 569 3155 644 558 3156 634 570 3157 647 557 3158 631 569 3159 644 557 3160 631 570 3161 647 559 3162 635 571 3163 648 558 3164 634 570 3165 647 558 3166 634 571 3167 648 560 3168 636 572 3169 649 559 3170 635 571 3171 648 559 3172 635 572 3173 649 561 3174 637 573 3175 650 560 3176 636 572 3177 649 560 3178 636 573 3179 650 574 3180 651 561 3181 637 562 3182 638 561 3183 637 574 3184 651 573 3185 650 563 3186 641 574 3187 656 562 3188 642 574 3189 656 563 3190 641 575 3191 655 564 3192 643 575 3193 655 563 3194 641 575 3195 655 564 3196 643 576 3197 658 553 3198 632 576 3199 658 564 3200 643 576 3201 658 553 3202 632 565 3203 652 566 3204 645 577 3205 666 565 3206 652 577 3207 666 566 3208 645 578 3209 665 567 3210 653 578 3211 665 566 3212 645 578 3213 665 567 3214 653 579 3215 921 568 3216 654 580 3217 922 567 3218 653 579 3219 921 567 3220 653 580 3221 922 569 3222 644 580 3223 659 568 3224 646 580 3225 659 569 3226 644 581 3227 657 570 3228 647 582 3229 660 569 3230 644 581 3231 657 569 3232 644 582 3233 660 571 3234 648 583 3235 661 570 3236 647 582 3237 660 570 3238 647 583 3239 661 572 3240 649 584 3241 662 571 3242 648 583 3243 661 571 3244 648 584 3245 662 573 3246 650 585 3247 663 572 3248 649 584 3249 662 572 3250 649 585 3251 663 574 3252 651 585 3253 663 573 3254 650 585 3255 663 574 3256 651 586 3257 664 587 3258 923 574 3259 656 575 3260 655 574 3261 656 587 3262 923 586 3263 924 576 3264 658 587 3265 923 575 3266 655 587 3267 923 576 3268 658 588 3269 925 565 3270 652 588 3271 925 576 3272 658 588 3273 925 565 3274 652 577 3275 666 577 3276 666 578 3277 665 589 3278 926 578 3279 665 579 3280 921 589 3281 926 579 3282 921 580 3283 922 589 3284 926 580 3285 659 581 3286 657 589 3287 667 581 3288 657 582 3289 660 589 3290 667 582 3291 660 583 3292 661 589 3293 667 583 3294 661 584 3295 662 589 3296 667 584 3297 662 585 3298 663 589 3299 667 585 3300 663 586 3301 664 589 3302 667 586 3303 924 587 3304 923 589 3305 926 587 3306 923 588 3307 925 589 3308 926 588 3309 925 577 3310 666 589 3311 926 593 3312 671 591 3313 669 592 3314 670 591 3315 669 593 3316 671 590 3317 668 594 3318 672 592 3319 670 591 3320 669 592 3321 670 594 3322 672 595 3323 673 596 3324 688 595 3325 673 594 3326 672 595 3327 673 596 3328 688 597 3329 689 598 3330 675 599 3331 676 596 3332 674 597 3333 677 596 3334 674 599 3335 676 600 3336 678 601 3337 679 598 3338 675 599 3339 676 598 3340 675 601 3341 679 907 3342 680 602 3343 681 600 3344 678 601 3345 679 600 3346 678 602 3347 681 603 3348 682 602 3349 681 907 3350 680 602 3351 681 603 3352 682 604 3353 683 605 3354 685 603 3355 682 910 3356 684 603 3357 682 605 3358 685 604 3359 683 607 3360 687 910 3361 684 606 3362 686 910 3363 684 607 3364 687 605 3365 685 608 3366 691 607 3367 693 606 3368 690 607 3369 693 608 3370 691 609 3371 692 610 3372 694 609 3373 692 608 3374 691 609 3375 692 610 3376 694 611 3377 702 593 3378 671 610 3379 694 590 3380 668 611 3381 702 610 3382 694 593 3383 671 592 3384 670 612 3385 703 593 3386 671 593 3387 671 612 3388 703 613 3389 704 595 3390 673 614 3391 705 592 3392 670 612 3393 703 592 3394 670 614 3395 705 597 3396 689 615 3397 706 595 3398 673 614 3399 705 595 3400 673 615 3401 706 599 3402 676 615 3403 696 597 3404 677 615 3405 696 599 3406 676 616 3407 695 601 3408 679 616 3409 695 599 3410 676 616 3411 695 601 3412 679 617 3413 697 602 3414 681 617 3415 697 601 3416 679 617 3417 697 602 3418 681 618 3419 698 604 3420 683 618 3421 698 602 3422 681 618 3423 698 604 3424 683 619 3425 699 619 3426 699 605 3427 685 620 3428 700 605 3429 685 619 3430 699 604 3431 683 607 3432 687 620 3433 700 605 3434 685 620 3435 700 607 3436 687 621 3437 701 622 3438 714 607 3439 693 609 3440 692 607 3441 693 622 3442 714 621 3443 715 611 3444 702 623 3445 716 609 3446 692 609 3447 692 623 3448 716 622 3449 714 593 3450 671 613 3451 704 611 3452 702 611 3453 702 613 3454 704 623 3455 716 612 3456 703 624 3457 717 613 3458 704 613 3459 704 624 3460 717 625 3461 718 614 3462 705 626 3463 724 612 3464 703 624 3465 717 612 3466 703 626 3467 724 615 3468 706 626 3469 724 614 3470 705 626 3471 724 615 3472 706 627 3473 725 616 3474 695 627 3475 708 615 3476 696 627 3477 708 616 3478 695 628 3479 707 617 3480 697 629 3481 709 616 3482 695 628 3483 707 616 3484 695 629 3485 709 629 3486 709 618 3487 698 630 3488 710 618 3489 698 629 3490 709 617 3491 697 630 3492 710 619 3493 699 631 3494 711 619 3495 699 630 3496 710 618 3497 698 632 3498 712 619 3499 699 620 3500 700 619 3501 699 632 3502 712 631 3503 711 621 3504 701 632 3505 712 620 3506 700 632 3507 712 621 3508 701 633 3509 713 634 3510 726 621 3511 715 622 3512 714 621 3513 715 634 3514 726 633 3515 727 635 3516 728 622 3517 714 623 3518 716 622 3519 714 635 3520 728 634 3521 726 613 3522 704 625 3523 718 623 3524 716 623 3525 716 625 3526 718 635 3527 728 637 3528 998 591 3529 669 636 3530 997 636 3531 997 591 3532 669 590 3533 668 591 3534 669 637 3535 998 594 3536 672 594 3537 672 637 3538 998 638 3539 999 638 3540 999 596 3541 688 594 3542 672 596 3543 688 638 3544 999 639 3545 1000 596 3546 674 640 3547 720 598 3548 675 640 3549 720 596 3550 674 639 3551 719 641 3552 721 598 3553 675 640 3554 720 598 3555 675 641 3556 721 600 3557 678 600 3558 678 642 3559 722 907 3560 680 642 3561 722 600 3562 678 641 3563 721 625 3564 718 624 3565 717 643 3566 1001 624 3567 717 626 3568 724 643 3569 1001 626 3570 724 627 3571 725 643 3572 1001 627 3573 708 628 3574 707 643 3575 723 628 3576 707 629 3577 709 643 3578 723 629 3579 709 630 3580 710 643 3581 723 630 3582 710 631 3583 711 643 3584 723 631 3585 711 632 3586 712 643 3587 723 632 3588 712 633 3589 713 643 3590 723 633 3591 727 634 3592 726 643 3593 1001 634 3594 726 635 3595 728 643 3596 1001 635 3597 728 625 3598 718 643 3599 1001 719 3600 808 718 3601 807 645 3602 730 645 3603 730 718 3604 807 644 3605 729 720 3606 809 719 3607 808 646 3608 731 646 3609 731 719 3610 808 645 3611 730 646 3612 731 721 3613 810 720 3614 809 721 3615 810 646 3616 731 647 3617 732 721 3618 810 647 3619 732 648 3620 733 721 3621 810 648 3622 733 722 3623 811 723 3624 812 648 3625 733 649 3626 734 648 3627 733 723 3628 812 722 3629 811 724 3630 813 649 3631 734 650 3632 735 649 3633 734 724 3634 813 723 3635 812 725 3636 814 724 3637 813 651 3638 736 651 3639 736 724 3640 813 650 3641 735 726 3642 815 651 3643 736 652 3644 737 651 3645 736 726 3646 815 725 3647 814 727 3648 816 652 3649 737 653 3650 738 652 3651 737 727 3652 816 726 3653 815 728 3654 817 727 3655 920 654 3656 739 654 3657 739 727 3658 920 653 3659 918 729 3660 818 728 3661 817 655 3662 740 655 3663 740 728 3664 817 654 3665 739 718 3666 807 655 3667 740 644 3668 729 655 3669 740 718 3670 807 729 3671 818 645 3672 753 644 3673 754 668 3674 755 645 3675 753 668 3676 755 669 3677 756 669 3678 756 670 3679 758 646 3680 757 646 3681 757 645 3682 753 669 3683 756 647 3684 759 670 3685 758 671 3686 760 670 3687 758 647 3688 759 646 3689 757 671 3690 760 648 3691 761 647 3692 759 648 3693 761 671 3694 760 672 3695 762 649 3696 763 648 3697 761 672 3698 762 649 3699 763 672 3700 762 673 3701 764 674 3702 779 649 3703 763 673 3704 764 649 3705 763 674 3706 779 650 3707 765 675 3708 781 650 3709 765 674 3710 779 650 3711 765 675 3712 781 651 3713 780 651 3714 780 676 3715 783 652 3716 782 676 3717 783 651 3718 780 675 3719 781 653 3720 784 652 3721 782 676 3722 783 653 3723 784 676 3724 783 677 3725 785 677 3726 785 678 3727 787 654 3728 786 654 3729 786 653 3730 784 677 3731 785 655 3732 788 678 3733 787 679 3734 789 678 3735 787 655 3736 788 654 3737 786 679 3738 789 644 3739 754 655 3740 788 644 3741 754 679 3742 789 668 3743 755 657 3744 416 680 3745 418 656 3746 415 680 3747 418 657 3748 416 681 3749 417 681 3750 417 658 3751 419 682 3752 420 658 3753 419 681 3754 417 657 3755 416 682 3756 420 659 3757 421 683 3758 422 659 3759 421 682 3760 420 658 3761 419 660 3762 423 683 3763 422 659 3764 421 683 3765 422 660 3766 423 684 3767 424 661 3768 766 684 3769 424 660 3770 423 684 3771 424 661 3772 766 685 3773 767 661 3774 766 686 3775 769 685 3776 767 686 3777 769 661 3778 766 662 3779 768 687 3780 771 686 3781 769 662 3782 768 662 3783 768 663 3784 770 687 3785 771 664 3786 772 687 3787 771 663 3788 770 687 3789 771 664 3790 772 688 3791 773 689 3792 775 664 3793 772 665 3794 774 664 3795 772 689 3796 775 688 3797 773 689 3798 775 666 3799 776 690 3800 777 666 3801 776 689 3802 775 665 3803 774 690 3804 777 667 3805 778 691 3806 792 667 3807 778 690 3808 777 666 3809 776 656 3810 415 691 3811 792 667 3812 778 691 3813 792 656 3814 415 680 3815 418 669 3816 756 668 3817 755 692 3818 790 669 3819 756 692 3820 790 693 3821 791 694 3822 805 669 3823 756 693 3824 791 669 3825 756 694 3826 805 670 3827 758 695 3828 905 670 3829 758 694 3830 805 670 3831 758 695 3832 905 671 3833 760 695 3834 905 672 3835 762 671 3836 760 672 3837 762 695 3838 905 696 3839 906 672 3840 762 697 3841 910 673 3842 764 697 3843 910 672 3844 762 696 3845 906 698 3846 911 673 3847 764 697 3848 910 673 3849 764 698 3850 911 674 3851 779 699 3852 912 674 3853 779 698 3854 911 674 3855 779 699 3856 912 675 3857 781 675 3858 781 700 3859 913 676 3860 783 700 3861 913 675 3862 781 699 3863 912 676 3864 783 701 3865 914 677 3866 785 701 3867 914 676 3868 783 700 3869 913 701 3870 914 702 3871 915 678 3872 787 678 3873 787 677 3874 785 701 3875 914 679 3876 789 702 3877 915 703 3878 916 702 3879 915 679 3880 789 678 3881 787 679 3882 789 692 3883 790 668 3884 755 692 3885 790 679 3886 789 703 3887 916 705 3888 793 680 3889 418 681 3890 417 680 3891 418 705 3892 793 704 3893 794 681 3894 417 706 3895 795 705 3896 793 706 3897 795 681 3898 417 682 3899 420 706 3900 795 683 3901 422 707 3902 796 683 3903 422 706 3904 795 682 3905 420 684 3906 424 707 3907 796 683 3908 422 707 3909 796 684 3910 424 708 3911 797 709 3912 798 684 3913 424 685 3914 767 684 3915 424 709 3916 798 708 3917 797 685 3918 767 710 3919 799 709 3920 798 710 3921 799 685 3922 767 686 3923 769 711 3924 800 710 3925 799 686 3926 769 686 3927 769 687 3928 771 711 3929 800 687 3930 771 688 3931 773 712 3932 801 687 3933 771 712 3934 801 711 3935 800 713 3936 802 688 3937 773 689 3938 775 688 3939 773 713 3940 802 712 3941 801 689 3942 775 714 3943 803 713 3944 802 714 3945 803 689 3946 775 690 3947 777 714 3948 803 691 3949 792 715 3950 804 691 3951 792 714 3952 803 690 3953 777 680 3954 418 715 3955 804 691 3956 792 715 3957 804 680 3958 418 704 3959 794 693 3960 791 692 3961 790 716 3962 917 694 3963 805 693 3964 791 716 3965 917 695 3966 905 694 3967 805 716 3968 917 696 3969 906 695 3970 905 716 3971 917 697 3972 910 696 3973 906 716 3974 917 698 3975 911 697 3976 910 716 3977 917 699 3978 912 698 3979 911 716 3980 917 700 3981 913 699 3982 912 716 3983 917 701 3984 914 700 3985 913 716 3986 917 702 3987 915 701 3988 914 716 3989 917 703 3990 916 702 3991 915 716 3992 917 692 3993 790 703 3994 916 716 3995 917 704 3996 794 705 3997 793 717 3998 806 705 3999 793 706 4000 795 717 4001 806 706 4002 795 707 4003 796 717 4004 806 707 4005 796 708 4006 797 717 4007 806 708 4008 797 709 4009 798 717 4010 806 709 4011 798 710 4012 799 717 4013 806 710 4014 799 711 4015 800 717 4016 806 711 4017 800 712 4018 801 717 4019 806 712 4020 801 713 4021 802 717 4022 806 713 4023 802 714 4024 803 717 4025 806 714 4026 803 715 4027 804 717 4028 806 715 4029 804 704 4030 794 717 4031 806 719 4032 808 657 4033 742 718 4034 807 657 4035 742 656 4036 741 718 4037 807 720 4038 809 658 4039 743 719 4040 808 658 4041 743 657 4042 742 719 4043 808 658 4044 743 721 4045 810 659 4046 744 721 4047 810 658 4048 743 720 4049 809 721 4050 810 660 4051 745 659 4052 744 660 4053 745 721 4054 810 722 4055 811 723 4056 812 660 4057 745 722 4058 811 660 4059 745 723 4060 812 661 4061 746 724 4062 813 661 4063 746 723 4064 812 661 4065 746 724 4066 813 662 4067 747 725 4068 814 663 4069 748 724 4070 813 663 4071 748 662 4072 747 724 4073 813 726 4074 815 663 4075 748 725 4076 814 663 4077 748 726 4078 815 664 4079 749 727 4080 816 664 4081 749 726 4082 815 664 4083 749 727 4084 816 665 4085 750 728 4086 817 666 4087 751 727 4088 920 666 4089 751 665 4090 919 727 4091 920 729 4092 818 667 4093 752 728 4094 817 667 4095 752 666 4096 751 728 4097 817 718 4098 807 667 4099 752 729 4100 818 667 4101 752 718 4102 807 656 4103 741 732 4104 459 730 4105 457 733 4106 458 730 4107 457 732 4108 459 731 4109 460 736 4110 825 734 4111 823 737 4112 824 734 4113 823 736 4114 825 735 4115 826 733 4116 458 730 4117 457 739 4118 461 733 4119 458 739 4120 461 738 4121 462 740 4122 493 742 4123 494 741 4124 498 732 4125 459 743 4126 499 745 4127 500 745 4128 500 744 4129 501 732 4130 459 733 4131 458 740 4132 493 732 4133 459 743 4134 499 732 4135 459 740 4136 493 746 4137 834 736 4138 825 747 4139 833 736 4140 825 746 4141 834 735 4142 826 733 4143 458 742 4144 494 740 4145 493 742 4146 494 733 4147 458 738 4148 462 748 4149 819 732 4150 459 744 4151 501 732 4152 459 748 4153 819 731 4154 460 735 4155 826 739 4156 836 734 4157 823 739 4158 836 735 4159 826 738 4160 835 745 4161 837 749 4162 838 747 4163 833 747 4164 833 736 4165 825 745 4166 837 744 4167 839 745 4168 837 736 4169 825 735 4170 826 742 4171 840 738 4172 835 742 4173 840 735 4174 826 746 4175 834 737 4176 824 744 4177 839 736 4178 825 744 4179 839 737 4180 824 748 4181 841 743 4182 499 741 4183 498 749 4184 820 743 4185 499 740 4186 493 741 4187 498 746 4188 834 741 4189 842 742 4190 840 741 4191 842 747 4192 833 749 4193 838 746 4194 834 747 4195 833 741 4196 842 743 4197 499 749 4198 820 745 4199 500 750 4200 454 444 4201 453 731 4202 460 731 4203 460 444 4204 453 730 4205 457 737 4206 824 445 4207 496 751 4208 495 445 4209 496 737 4210 824 734 4211 823 734 4212 823 446 4213 497 445 4214 496 446 4215 497 734 4216 823 739 4217 836 752 4218 455 731 4219 460 748 4220 819 731 4221 460 752 4222 455 750 4223 454 444 4224 453 446 4225 456 730 4226 457 730 4227 457 446 4228 456 739 4229 461 737 4230 824 751 4231 495 752 4232 502 737 4233 824 752 4234 502 748 4235 841 754 4236 519 453 4237 503 755 4238 518 453 4239 503 754 4240 519 753 4241 504 757 4242 828 454 4243 516 758 4244 515 454 4245 516 757 4246 828 756 4247 827 453 4248 503 759 4249 520 755 4250 518 759 4251 520 453 4252 503 455 4253 509 760 4254 510 754 4255 519 761 4256 521 754 4257 519 760 4258 510 753 4259 504 454 4260 516 759 4261 829 455 4262 522 759 4263 829 454 4264 516 756 4265 827 758 4266 515 761 4267 830 757 4268 828 761 4269 830 758 4270 515 760 4271 821 754 4272 519 755 4273 518 757 4274 832 757 4275 832 755 4276 518 756 4277 831 756 4278 831 755 4279 518 759 4280 520 754 4281 519 757 4282 832 761 4283 521 764 4284 598 762 4285 596 765 4286 597 762 4287 596 764 4288 598 763 4289 599 767 4290 600 763 4291 599 764 4292 598 763 4293 599 767 4294 600 766 4295 601 768 4296 844 767 4297 600 769 4298 843 767 4299 600 768 4300 844 766 4301 601 771 4302 845 768 4303 844 769 4304 843 768 4305 844 771 4306 845 770 4307 846 772 4308 848 771 4309 845 773 4310 847 771 4311 845 772 4312 848 770 4313 846 773 4314 847 774 4315 850 772 4316 848 774 4317 850 773 4318 847 775 4319 849 777 4320 851 774 4321 850 775 4322 849 774 4323 850 777 4324 851 776 4325 852 779 4326 853 776 4327 852 777 4328 851 776 4329 852 779 4330 853 778 4331 854 780 4332 1135 779 4333 853 781 4334 1134 779 4335 853 780 4336 1135 778 4337 854 783 4338 857 780 4339 856 781 4340 855 780 4341 856 783 4342 857 782 4343 858 784 4344 860 783 4345 857 785 4346 859 783 4347 857 784 4348 860 782 4349 858 762 4350 596 785 4351 859 765 4352 597 785 4353 859 762 4354 596 784 4355 860 786 4356 862 765 4357 597 787 4358 861 765 4359 597 786 4360 862 764 4361 598 788 4362 863 764 4363 598 786 4364 862 764 4365 598 788 4366 863 767 4367 600 769 4368 843 788 4369 863 789 4370 864 788 4371 863 769 4372 843 767 4373 600 790 4374 865 769 4375 843 789 4376 864 769 4377 843 790 4378 865 771 4379 845 773 4380 847 790 4381 865 791 4382 866 790 4383 865 773 4384 847 771 4385 845 775 4386 849 791 4387 866 792 4388 867 791 4389 866 775 4390 849 773 4391 847 793 4392 868 775 4393 849 792 4394 867 775 4395 849 793 4396 868 777 4397 851 794 4398 869 777 4399 851 793 4400 868 777 4401 851 794 4402 869 779 4403 853 781 4404 1137 794 4405 869 795 4406 1136 794 4407 869 781 4408 1137 779 4409 853 796 4410 871 781 4411 855 795 4412 870 781 4413 855 796 4414 871 783 4415 857 785 4416 859 796 4417 871 797 4418 872 796 4419 871 785 4420 859 783 4421 857 765 4422 597 797 4423 872 787 4424 861 797 4425 872 765 4426 597 785 4427 859 798 4428 874 787 4429 861 799 4430 873 787 4431 861 798 4432 874 786 4433 862 800 4434 875 786 4435 862 798 4436 874 786 4437 862 800 4438 875 788 4439 863 789 4440 864 800 4441 875 801 4442 876 800 4443 875 789 4444 864 788 4445 863 802 4446 877 789 4447 864 801 4448 876 789 4449 864 802 4450 877 790 4451 865 791 4452 866 802 4453 877 803 4454 878 802 4455 877 791 4456 866 790 4457 865 792 4458 867 803 4459 878 804 4460 879 803 4461 878 792 4462 867 791 4463 866 805 4464 880 792 4465 867 804 4466 879 792 4467 867 805 4468 880 793 4469 868 806 4470 881 793 4471 868 805 4472 880 793 4473 868 806 4474 881 794 4475 869 795 4476 1139 806 4477 881 807 4478 1138 806 4479 881 795 4480 1139 794 4481 869 808 4482 883 795 4483 870 807 4484 882 795 4485 870 808 4486 883 796 4487 871 797 4488 872 808 4489 883 809 4490 884 808 4491 883 797 4492 872 796 4493 871 787 4494 861 809 4495 884 799 4496 873 809 4497 884 787 4498 861 797 4499 872 799 4500 873 810 4501 885 798 4502 874 798 4503 874 810 4504 885 800 4505 875 800 4506 875 810 4507 885 801 4508 876 801 4509 876 810 4510 885 802 4511 877 802 4512 877 810 4513 885 803 4514 878 803 4515 878 810 4516 885 804 4517 879 804 4518 879 810 4519 885 805 4520 880 805 4521 880 810 4522 885 806 4523 881 806 4524 881 810 4525 885 807 4526 1140 807 4527 882 810 4528 885 808 4529 883 808 4530 883 810 4531 885 809 4532 884 809 4533 884 810 4534 885 799 4535 873 762 4536 596 812 4537 886 811 4538 887 812 4539 886 762 4540 596 763 4541 599 813 4542 888 763 4543 599 766 4544 601 763 4545 599 813 4546 888 812 4547 886 813 4548 888 766 4549 601 768 4550 844 768 4551 844 814 4552 889 813 4553 888 768 4554 844 815 4555 890 814 4556 889 815 4557 890 768 4558 844 770 4559 846 815 4560 890 770 4561 846 772 4562 848 772 4563 848 816 4564 891 815 4565 890 816 4566 891 772 4567 848 774 4568 850 774 4569 850 817 4570 892 816 4571 891 774 4572 850 818 4573 893 817 4574 892 818 4575 893 774 4576 850 776 4577 852 819 4578 894 776 4579 852 778 4580 854 776 4581 852 819 4582 894 818 4583 893 819 4584 894 778 4585 854 780 4586 1141 780 4587 1141 820 4588 1142 819 4589 894 780 4590 856 821 4591 896 820 4592 895 821 4593 896 780 4594 856 782 4595 858 821 4596 896 782 4597 858 784 4598 860 784 4599 860 822 4600 897 821 4601 896 822 4602 897 784 4603 860 762 4604 596 762 4605 596 811 4606 887 822 4607 897 811 4608 887 824 4609 898 823 4610 899 824 4611 898 811 4612 887 812 4613 886 812 4614 886 825 4615 900 824 4616 898 825 4617 900 812 4618 886 813 4619 888 825 4620 900 813 4621 888 814 4622 889 814 4623 889 826 4624 901 825 4625 900 814 4626 889 827 4627 902 826 4628 901 827 4629 902 814 4630 889 815 4631 890 827 4632 902 815 4633 890 816 4634 891 816 4635 891 828 4636 903 827 4637 902 828 4638 903 816 4639 891 817 4640 892 817 4641 892 829 4642 904 828 4643 903 817 4644 892 830 4645 1143 829 4646 904 830 4647 1143 817 4648 892 818 4649 893 818 4650 893 831 4651 1144 830 4652 1145 831 4653 1144 818 4654 893 819 4655 894 831 4656 1148 819 4657 894 820 4658 1146 820 4659 1146 832 4660 1147 831 4661 1148 832 4662 907 820 4663 895 821 4664 896 821 4665 896 833 4666 908 832 4667 907 833 4668 908 821 4669 896 822 4670 897 822 4671 897 834 4672 909 833 4673 908 834 4674 909 822 4675 897 811 4676 887 811 4677 887 823 4678 899 834 4679 909 837 4680 943 836 4681 944 835 4682 927 837 4683 943 835 4684 927 838 4685 930 836 4686 944 837 4687 943 840 4688 945 836 4689 944 840 4690 945 839 4691 946 840 4692 945 841 4693 948 839 4694 946 841 4695 948 840 4696 945 842 4697 947 842 4698 929 843 4699 932 841 4700 928 843 4701 932 842 4702 929 844 4703 931 844 4704 931 845 4705 934 843 4706 932 845 4707 934 844 4708 931 846 4709 933 847 4710 936 846 4711 933 848 4712 935 846 4713 933 847 4714 936 845 4715 934 849 4716 938 848 4717 935 850 4718 937 848 4719 935 849 4720 938 847 4721 936 851 4722 940 850 4723 937 852 4724 939 850 4725 937 851 4726 940 849 4727 938 854 4728 941 853 4729 942 851 4730 940 854 4731 941 851 4732 940 852 4733 939 856 4734 958 855 4735 959 853 4736 949 856 4737 958 853 4738 949 854 4739 951 858 4740 960 857 4741 961 855 4742 959 858 4743 960 855 4744 959 856 4745 958 838 4746 930 835 4747 927 857 4748 961 838 4749 930 857 4750 961 858 4751 960 859 4752 964 837 4753 943 838 4754 930 859 4755 964 838 4756 930 860 4757 962 861 4758 971 840 4759 945 837 4760 943 861 4761 971 837 4762 943 859 4763 964 861 4764 971 842 4765 947 840 4766 945 842 4767 947 861 4768 971 862 4769 972 863 4770 952 842 4771 929 862 4772 950 842 4773 929 863 4774 952 844 4775 931 846 4776 933 863 4777 952 864 4778 953 863 4779 952 846 4780 933 844 4781 931 848 4782 935 864 4783 953 865 4784 954 864 4785 953 848 4786 935 846 4787 933 850 4788 937 865 4789 954 866 4790 955 865 4791 954 850 4792 937 848 4793 935 852 4794 939 866 4795 955 867 4796 956 866 4797 955 852 4798 939 850 4799 937 868 4800 957 854 4801 941 852 4802 939 868 4803 957 852 4804 939 867 4805 956 856 4806 958 868 4807 973 869 4808 974 868 4809 973 856 4810 958 854 4811 951 870 4812 975 858 4813 960 856 4814 958 870 4815 975 856 4816 958 869 4817 974 860 4818 962 838 4819 930 858 4820 960 860 4821 962 858 4822 960 870 4823 975 872 4824 977 859 4825 964 860 4826 962 859 4827 964 872 4828 977 871 4829 984 871 4830 984 861 4831 971 859 4832 964 861 4833 971 871 4834 984 873 4835 985 873 4836 985 862 4837 972 861 4838 971 862 4839 972 873 4840 985 874 4841 1393 862 4842 950 874 4843 963 875 4844 965 862 4845 950 875 4846 965 863 4847 952 876 4848 966 864 4849 953 863 4850 952 863 4851 952 875 4852 965 876 4853 966 877 4854 967 865 4855 954 864 4856 953 864 4857 953 876 4858 966 877 4859 967 878 4860 968 866 4861 955 865 4862 954 865 4863 954 877 4864 967 878 4865 968 879 4866 969 867 4867 956 866 4868 955 866 4869 955 878 4870 968 879 4871 969 880 4872 970 868 4873 957 867 4874 956 880 4875 970 867 4876 956 879 4877 969 869 4878 974 880 4879 1394 881 4880 1395 880 4881 1394 869 4882 974 868 4883 973 881 4884 1395 870 4885 975 869 4886 974 870 4887 975 881 4888 1395 882 4889 1396 882 4890 1396 860 4891 962 870 4892 975 860 4893 962 882 4894 1396 872 4895 977 871 4896 984 884 4897 1397 883 4898 1398 884 4899 1397 871 4900 984 872 4901 977 873 4902 985 883 4903 1398 885 4904 1399 883 4905 1398 873 4906 985 871 4907 984 873 4908 985 885 4909 1399 886 4910 1400 873 4911 985 886 4912 1400 874 4913 1393 886 4914 976 875 4915 965 874 4916 963 875 4917 965 886 4918 976 887 4919 978 888 4920 979 875 4921 965 887 4922 978 875 4923 965 888 4924 979 876 4925 966 889 4926 980 876 4927 966 888 4928 979 876 4929 966 889 4930 980 877 4931 967 890 4932 981 877 4933 967 889 4934 980 877 4935 967 890 4936 981 878 4937 968 891 4938 982 878 4939 968 890 4940 981 878 4941 968 891 4942 982 879 4943 969 880 4944 970 891 4945 982 892 4946 983 891 4947 982 880 4948 970 879 4949 969 893 4950 1402 881 4951 1395 880 4952 1394 893 4953 1402 880 4954 1394 892 4955 1401 882 4956 1396 893 4957 1402 894 4958 1403 893 4959 1402 882 4960 1396 881 4961 1395 872 4962 977 894 4963 1403 884 4964 1397 894 4965 1403 872 4966 977 882 4967 1396 884 4968 1397 895 4969 1404 883 4970 1398 883 4971 1398 895 4972 1404 885 4973 1399 885 4974 1399 895 4975 1404 886 4976 1400 886 4977 976 895 4978 986 887 4979 978 887 4980 978 895 4981 986 888 4982 979 888 4983 979 895 4984 986 889 4985 980 889 4986 980 895 4987 986 890 4988 981 890 4989 981 895 4990 986 891 4991 982 891 4992 982 895 4993 986 892 4994 983 892 4995 1401 895 4996 1404 893 4997 1402 893 4998 1402 895 4999 1404 894 5000 1403 894 5001 1403 895 5002 1404 884 5003 1397 898 5004 1009 896 5005 1011 590 5006 668 896 5007 1011 898 5008 1009 897 5009 1010 897 5010 1010 899 5011 1013 896 5012 1011 899 5013 1013 897 5014 1010 900 5015 1012 900 5016 1012 901 5017 1022 899 5018 1013 901 5019 1022 900 5020 1012 902 5021 1021 901 5022 987 902 5023 988 904 5024 989 901 5025 987 904 5026 989 903 5027 990 903 5028 990 904 5029 989 906 5030 991 903 5031 990 906 5032 991 905 5033 992 908 5034 993 907 5035 680 905 5036 992 905 5037 992 906 5038 991 908 5039 993 603 5040 682 908 5041 993 909 5042 994 908 5043 993 603 5044 682 907 5045 680 911 5046 995 910 5047 684 603 5048 682 603 5049 682 909 5050 994 911 5051 995 912 5052 996 606 5053 686 910 5054 684 912 5055 996 910 5056 684 911 5057 995 608 5058 691 912 5059 1023 913 5060 1024 912 5061 1023 608 5062 691 606 5063 690 610 5064 694 913 5065 1024 914 5066 1029 913 5067 1024 610 5068 694 608 5069 691 898 5070 1009 610 5071 694 914 5072 1029 898 5073 1009 590 5074 668 610 5075 694 915 5076 1031 897 5077 1010 898 5078 1009 898 5079 1009 916 5080 1030 915 5081 1031 897 5082 1010 915 5083 1031 917 5084 1032 897 5085 1010 917 5086 1032 900 5087 1012 900 5088 1012 917 5089 1032 918 5090 1033 900 5091 1012 918 5092 1033 902 5093 1021 918 5094 1002 904 5095 989 902 5096 988 904 5097 989 918 5098 1002 919 5099 1003 919 5100 1003 906 5101 991 904 5102 989 906 5103 991 919 5104 1003 920 5105 1004 920 5106 1004 908 5107 993 906 5108 991 908 5109 993 920 5110 1004 921 5111 1005 921 5112 1005 909 5113 994 908 5114 993 909 5115 994 921 5116 1005 922 5117 1006 911 5118 995 922 5119 1006 923 5120 1007 922 5121 1006 911 5122 995 909 5123 994 912 5124 996 923 5125 1007 924 5126 1008 923 5127 1007 912 5128 996 911 5129 995 925 5130 1035 913 5131 1024 912 5132 1023 925 5133 1035 912 5134 1023 924 5135 1034 926 5136 1036 914 5137 1029 913 5138 1024 926 5139 1036 913 5140 1024 925 5141 1035 916 5142 1030 898 5143 1009 914 5144 1029 914 5145 1029 926 5146 1036 916 5147 1030 927 5148 1038 915 5149 1031 916 5150 1030 916 5151 1030 928 5152 1037 927 5153 1038 915 5154 1031 927 5155 1038 929 5156 1039 915 5157 1031 929 5158 1039 917 5159 1032 917 5160 1032 929 5161 1039 930 5162 1040 917 5163 1032 930 5164 1040 918 5165 1033 918 5166 1002 930 5167 1014 931 5168 1015 918 5169 1002 931 5170 1015 919 5171 1003 919 5172 1003 931 5173 1015 932 5174 1016 919 5175 1003 932 5176 1016 920 5177 1004 921 5178 1005 932 5179 1016 933 5180 1017 932 5181 1016 921 5182 1005 920 5183 1004 922 5184 1006 933 5185 1017 934 5186 1018 933 5187 1017 922 5188 1006 921 5189 1005 935 5190 1019 923 5191 1007 922 5192 1006 935 5193 1019 922 5194 1006 934 5195 1018 924 5196 1008 935 5197 1019 936 5198 1020 935 5199 1019 924 5200 1008 923 5201 1007 937 5202 1042 925 5203 1035 924 5204 1034 937 5205 1042 924 5206 1034 936 5207 1041 926 5208 1036 937 5209 1042 938 5210 1043 937 5211 1042 926 5212 1036 925 5213 1035 928 5214 1037 916 5215 1030 926 5216 1036 926 5217 1036 938 5218 1043 928 5219 1037 636 5220 997 896 5221 1011 939 5222 1044 636 5223 997 590 5224 668 896 5225 1011 939 5226 1044 896 5227 1011 899 5228 1013 899 5229 1013 940 5230 1045 939 5231 1044 940 5232 1045 899 5233 1013 901 5234 1022 940 5235 1045 901 5236 1022 941 5237 1046 901 5238 987 942 5239 1025 941 5240 1026 942 5241 1025 901 5242 987 903 5243 990 903 5244 990 943 5245 1027 942 5246 1025 943 5247 1027 903 5248 990 905 5249 992 905 5250 992 642 5251 722 943 5252 1027 642 5253 722 905 5254 992 907 5255 680 928 5256 1037 944 5257 1047 927 5258 1038 927 5259 1038 944 5260 1047 929 5261 1039 929 5262 1039 944 5263 1047 930 5264 1040 930 5265 1014 944 5266 1028 931 5267 1015 931 5268 1015 944 5269 1028 932 5270 1016 932 5271 1016 944 5272 1028 933 5273 1017 933 5274 1017 944 5275 1028 934 5276 1018 934 5277 1018 944 5278 1028 935 5279 1019 935 5280 1019 944 5281 1028 936 5282 1020 936 5283 1041 944 5284 1047 937 5285 1042 937 5286 1042 944 5287 1047 938 5288 1043 938 5289 1043 944 5290 1047 928 5291 1037 945 5292 1093 946 5293 1094 948 5294 1096 946 5295 1094 947 5296 1095 948 5297 1096 949 5298 1097 950 5299 1098 947 5300 1095 948 5301 1096 947 5302 1095 950 5303 1098 946 5304 1094 951 5305 1099 947 5306 1095 947 5307 1095 951 5308 1099 952 5309 1100 949 5310 1097 947 5311 1095 953 5312 1101 947 5313 1095 952 5314 1100 953 5315 1101 945 5316 1093 955 5317 1103 946 5318 1094 955 5319 1103 945 5320 1093 954 5321 1102 951 5322 1099 946 5323 1094 956 5324 1104 952 5325 1100 956 5326 1104 957 5327 1105 956 5328 1104 952 5329 1100 951 5330 1099 958 5331 1106 945 5332 1093 948 5333 1096 958 5334 1106 959 5335 1107 945 5336 1093 945 5337 1093 959 5338 1107 954 5339 1102 958 5340 1106 948 5341 1096 950 5342 1098 963 5343 1111 960 5344 1108 961 5345 1109 961 5346 1109 962 5347 1110 963 5348 1111 962 5349 1110 961 5350 1109 950 5351 1112 950 5352 1112 949 5353 1113 962 5354 1110 963 5355 1111 962 5356 1110 964 5357 1114 962 5358 1110 952 5359 1115 964 5360 1114 949 5361 1113 953 5362 1116 962 5363 1110 962 5364 1110 953 5365 1116 952 5366 1115 960 5367 1108 955 5368 1117 954 5369 1118 955 5370 1117 960 5371 1108 963 5372 1111 964 5373 1114 956 5374 1119 963 5375 1111 952 5376 1115 956 5377 1119 964 5378 1114 956 5379 1119 952 5380 1115 957 5381 1120 961 5382 1109 960 5383 1108 958 5384 1122 958 5385 1122 960 5386 1108 959 5387 1121 960 5388 1108 954 5389 1118 959 5390 1121 958 5391 1122 950 5392 1112 961 5393 1109 946 5394 1094 955 5395 1103 956 5396 1104 956 5397 1119 955 5398 1117 963 5399 1111 967 5400 1169 968 5401 1170 966 5402 1168 966 5403 1168 968 5404 1170 965 5405 1167 970 5406 1172 967 5407 1169 969 5408 1171 969 5409 1171 967 5410 1169 966 5411 1168 969 5412 1171 972 5413 1174 970 5414 1172 972 5415 1174 969 5416 1171 971 5417 1173 972 5418 1174 971 5419 1173 973 5420 1175 972 5421 1174 973 5422 1175 974 5423 1176 976 5424 1178 973 5425 1175 975 5426 1177 973 5427 1175 976 5428 1178 974 5429 1176 978 5430 1180 975 5431 1177 977 5432 1179 975 5433 1177 978 5434 1180 976 5435 1178 980 5436 1182 978 5437 1180 979 5438 1181 979 5439 1181 978 5440 1180 977 5441 1179 982 5442 1184 979 5443 1181 981 5444 1183 979 5445 1181 982 5446 1184 980 5447 1182 984 5448 1186 981 5449 1183 983 5450 1185 981 5451 1183 984 5452 1186 982 5453 1184 986 5454 1189 984 5455 1190 985 5456 1188 985 5457 1188 984 5458 1190 983 5459 1187 988 5460 1192 986 5461 1189 987 5462 1191 987 5463 1191 986 5464 1189 985 5465 1188 968 5466 1170 987 5467 1191 965 5468 1167 987 5469 1191 968 5470 1170 988 5471 1192 966 5472 1193 965 5473 1194 989 5474 1195 966 5475 1193 989 5476 1195 990 5477 1196 991 5478 1198 966 5479 1193 990 5480 1196 966 5481 1193 991 5482 1198 969 5483 1197 992 5484 1200 969 5485 1197 991 5486 1198 969 5487 1197 992 5488 1200 971 5489 1199 971 5490 1199 993 5491 1202 973 5492 1201 993 5493 1202 971 5494 1199 992 5495 1200 973 5496 1201 994 5497 1204 975 5498 1203 994 5499 1204 973 5500 1201 993 5501 1202 995 5502 1206 975 5503 1203 994 5504 1204 975 5505 1203 995 5506 1206 977 5507 1205 979 5508 1207 995 5509 1206 996 5510 1208 995 5511 1206 979 5512 1207 977 5513 1205 979 5514 1207 997 5515 1210 981 5516 1209 997 5517 1210 979 5518 1207 996 5519 1208 983 5520 1211 981 5521 1209 997 5522 1210 983 5523 1211 997 5524 1210 998 5525 1212 998 5526 1212 999 5527 1214 985 5528 1213 985 5529 1213 983 5530 1211 998 5531 1212 987 5532 1215 999 5533 1214 1000 5534 1216 999 5535 1214 987 5536 1215 985 5537 1213 1000 5538 1216 965 5539 1194 987 5540 1215 965 5541 1194 1000 5542 1216 989 5543 1195 1002 5544 1218 1004 5545 1220 1001 5546 1217 1004 5547 1220 1002 5548 1218 1003 5549 1219 1003 5550 1219 1005 5551 1221 1006 5552 1222 1005 5553 1221 1003 5554 1219 1002 5555 1218 1006 5556 1222 1007 5557 1223 1008 5558 1224 1007 5559 1223 1006 5560 1222 1005 5561 1221 1009 5562 1225 1008 5563 1224 1007 5564 1223 1008 5565 1224 1009 5566 1225 1010 5567 1226 1011 5568 1227 1010 5569 1226 1009 5570 1225 1010 5571 1226 1011 5572 1227 1012 5573 1228 1011 5574 1227 1014 5575 1230 1012 5576 1228 1014 5577 1230 1011 5578 1227 1013 5579 1229 1014 5580 1230 1015 5581 1231 1016 5582 1232 1015 5583 1231 1014 5584 1230 1013 5585 1229 1017 5586 1233 1016 5587 1232 1015 5588 1231 1016 5589 1232 1017 5590 1233 1018 5591 1234 1020 5592 1236 1017 5593 1233 1019 5594 1235 1017 5595 1233 1020 5596 1236 1018 5597 1234 1020 5598 1236 1021 5599 1237 1022 5600 1238 1021 5601 1237 1020 5602 1236 1019 5603 1235 1022 5604 1238 1023 5605 1239 1024 5606 1240 1023 5607 1239 1022 5608 1238 1021 5609 1237 1001 5610 1217 1024 5611 1240 1023 5612 1239 1024 5613 1240 1001 5614 1217 1004 5615 1220 990 5616 1196 989 5617 1195 1025 5618 1241 990 5619 1196 1025 5620 1241 1026 5621 1242 1026 5622 1242 1027 5623 1243 991 5624 1198 991 5625 1198 990 5626 1196 1026 5627 1242 992 5628 1200 1027 5629 1243 1028 5630 1244 1027 5631 1243 992 5632 1200 991 5633 1198 1028 5634 1244 993 5635 1202 992 5636 1200 993 5637 1202 1028 5638 1244 1029 5639 1245 994 5640 1204 993 5641 1202 1029 5642 1245 994 5643 1204 1029 5644 1245 1030 5645 1246 1031 5646 1247 994 5647 1204 1030 5648 1246 994 5649 1204 1031 5650 1247 995 5651 1206 1032 5652 1248 995 5653 1206 1031 5654 1247 995 5655 1206 1032 5656 1248 996 5657 1208 996 5658 1208 1033 5659 1249 997 5660 1210 1033 5661 1249 996 5662 1208 1032 5663 1248 997 5664 1210 1034 5665 1250 998 5666 1212 1034 5667 1250 997 5668 1210 1033 5669 1249 1034 5670 1250 1035 5671 1251 999 5672 1214 999 5673 1214 998 5674 1212 1034 5675 1250 1000 5676 1216 1035 5677 1251 1036 5678 1252 1035 5679 1251 1000 5680 1216 999 5681 1214 1000 5682 1216 1025 5683 1241 989 5684 1195 1025 5685 1241 1000 5686 1216 1036 5687 1252 1037 5688 1253 1004 5689 1220 1003 5690 1219 1004 5691 1220 1037 5692 1253 1038 5693 1254 1003 5694 1219 1039 5695 1255 1037 5696 1253 1039 5697 1255 1003 5698 1219 1006 5699 1222 1039 5700 1255 1008 5701 1224 1040 5702 1256 1008 5703 1224 1039 5704 1255 1006 5705 1222 1010 5706 1226 1040 5707 1256 1008 5708 1224 1040 5709 1256 1010 5710 1226 1041 5711 1257 1042 5712 1258 1010 5713 1226 1012 5714 1228 1010 5715 1226 1042 5716 1258 1041 5717 1257 1012 5718 1228 1043 5719 1259 1042 5720 1258 1043 5721 1259 1012 5722 1228 1014 5723 1230 1043 5724 1259 1016 5725 1232 1044 5726 1260 1016 5727 1232 1043 5728 1259 1014 5729 1230 1016 5730 1232 1018 5731 1234 1045 5732 1261 1016 5733 1232 1045 5734 1261 1044 5735 1260 1046 5736 1262 1018 5737 1234 1020 5738 1236 1018 5739 1234 1046 5740 1262 1045 5741 1261 1020 5742 1236 1047 5743 1263 1046 5744 1262 1047 5745 1263 1020 5746 1236 1022 5747 1238 1047 5748 1263 1024 5749 1240 1048 5750 1264 1024 5751 1240 1047 5752 1263 1022 5753 1238 1004 5754 1220 1048 5755 1264 1024 5756 1240 1048 5757 1264 1004 5758 1220 1038 5759 1254 1026 5760 1242 1025 5761 1241 1049 5762 1265 1027 5763 1243 1026 5764 1242 1049 5765 1265 1028 5766 1244 1027 5767 1243 1049 5768 1265 1029 5769 1245 1028 5770 1244 1049 5771 1265 1030 5772 1246 1029 5773 1245 1049 5774 1265 1031 5775 1247 1030 5776 1246 1049 5777 1265 1032 5778 1248 1031 5779 1247 1049 5780 1265 1033 5781 1249 1032 5782 1248 1049 5783 1265 1034 5784 1250 1033 5785 1249 1049 5786 1265 1035 5787 1251 1034 5788 1250 1049 5789 1265 1036 5790 1252 1035 5791 1251 1049 5792 1265 1025 5793 1241 1036 5794 1252 1049 5795 1265 1038 5796 1254 1037 5797 1253 1050 5798 1266 1037 5799 1253 1039 5800 1255 1050 5801 1266 1039 5802 1255 1040 5803 1256 1050 5804 1266 1040 5805 1256 1041 5806 1257 1050 5807 1266 1041 5808 1257 1042 5809 1258 1050 5810 1266 1042 5811 1258 1043 5812 1259 1050 5813 1266 1043 5814 1259 1044 5815 1260 1050 5816 1266 1044 5817 1260 1045 5818 1261 1050 5819 1266 1045 5820 1261 1046 5821 1262 1050 5822 1266 1046 5823 1262 1047 5824 1263 1050 5825 1266 1047 5826 1263 1048 5827 1264 1050 5828 1266 1048 5829 1264 1038 5830 1254 1050 5831 1266 967 5832 1169 1002 5833 1267 968 5834 1170 1002 5835 1267 1001 5836 1268 968 5837 1170 970 5838 1172 1005 5839 1269 967 5840 1169 1005 5841 1269 1002 5842 1267 967 5843 1169 1005 5844 1269 972 5845 1174 1007 5846 1270 972 5847 1174 1005 5848 1269 970 5849 1172 972 5850 1174 1009 5851 1271 1007 5852 1270 1009 5853 1271 972 5854 1174 974 5855 1176 976 5856 1178 1009 5857 1271 974 5858 1176 1009 5859 1271 976 5860 1178 1011 5861 1272 978 5862 1180 1011 5863 1272 976 5864 1178 1011 5865 1272 978 5866 1180 1013 5867 1273 980 5868 1182 1015 5869 1274 978 5870 1180 1015 5871 1274 1013 5872 1273 978 5873 1180 982 5874 1184 1015 5875 1274 980 5876 1182 1015 5877 1274 982 5878 1184 1017 5879 1275 984 5880 1186 1017 5881 1275 982 5882 1184 1017 5883 1275 984 5884 1186 1019 5885 1276 986 5886 1189 1021 5887 1277 984 5888 1190 1021 5889 1277 1019 5890 1278 984 5891 1190 988 5892 1192 1023 5893 1279 986 5894 1189 1023 5895 1279 1021 5896 1277 986 5897 1189 968 5898 1170 1023 5899 1279 988 5900 1192 1023 5901 1279 968 5902 1170 1001 5903 1268 1053 5904 1282 1054 5905 1283 1052 5906 1281 1052 5907 1281 1054 5908 1283 1051 5909 1280 1056 5910 1285 1053 5911 1282 1055 5912 1284 1055 5913 1284 1053 5914 1282 1052 5915 1281 1055 5916 1284 1058 5917 1287 1056 5918 1285 1058 5919 1287 1055 5920 1284 1057 5921 1286 1058 5922 1287 1057 5923 1286 1059 5924 1288 1058 5925 1287 1059 5926 1288 1060 5927 1289 1060 5928 1289 1059 5929 1288 1061 5930 1290 1060 5931 1289 1061 5932 1290 1062 5933 1291 1064 5934 1293 1061 5935 1290 1063 5936 1292 1061 5937 1290 1064 5938 1293 1062 5939 1291 1066 5940 1295 1064 5941 1293 1065 5942 1294 1065 5943 1294 1064 5944 1293 1063 5945 1292 1068 5946 1297 1065 5947 1294 1067 5948 1296 1065 5949 1294 1068 5950 1297 1066 5951 1295 1070 5952 1299 1067 5953 1296 1069 5954 1298 1067 5955 1296 1070 5956 1299 1068 5957 1297 1072 5958 1302 1070 5959 1303 1071 5960 1301 1071 5961 1301 1070 5962 1303 1069 5963 1300 1074 5964 1305 1072 5965 1302 1073 5966 1304 1073 5967 1304 1072 5968 1302 1071 5969 1301 1054 5970 1283 1073 5971 1304 1051 5972 1280 1073 5973 1304 1054 5974 1283 1074 5975 1305 1052 5976 1306 1051 5977 1307 1075 5978 1308 1052 5979 1306 1075 5980 1308 1076 5981 1309 1076 5982 1309 1077 5983 1311 1055 5984 1310 1055 5985 1310 1052 5986 1306 1076 5987 1309 1057 5988 1312 1077 5989 1311 1078 5990 1313 1077 5991 1311 1057 5992 1312 1055 5993 1310 1078 5994 1313 1059 5995 1314 1057 5996 1312 1059 5997 1314 1078 5998 1313 1079 5999 1315 1059 6000 1314 1080 6001 1317 1061 6002 1316 1080 6003 1317 1059 6004 1314 1079 6005 1315 1081 6006 1319 1061 6007 1316 1080 6008 1317 1061 6009 1316 1081 6010 1319 1063 6011 1318 1082 6012 1321 1063 6013 1318 1081 6014 1319 1063 6015 1318 1082 6016 1321 1065 6017 1320 1082 6018 1321 1067 6019 1322 1065 6020 1320 1067 6021 1322 1082 6022 1321 1083 6023 1323 1067 6024 1322 1084 6025 1325 1069 6026 1324 1084 6027 1325 1067 6028 1322 1083 6029 1323 1084 6030 1325 1085 6031 1327 1071 6032 1326 1071 6033 1326 1069 6034 1324 1084 6035 1325 1073 6036 1328 1085 6037 1327 1086 6038 1329 1085 6039 1327 1073 6040 1328 1071 6041 1326 1086 6042 1329 1051 6043 1307 1073 6044 1328 1051 6045 1307 1086 6046 1329 1075 6047 1308 1088 6048 1331 1090 6049 1333 1087 6050 1330 1090 6051 1333 1088 6052 1331 1089 6053 1332 1089 6054 1332 1091 6055 1334 1092 6056 1335 1091 6057 1334 1089 6058 1332 1088 6059 1331 1092 6060 1335 1093 6061 1336 1094 6062 1337 1093 6063 1336 1092 6064 1335 1091 6065 1334 1095 6066 1338 1094 6067 1337 1093 6068 1336 1094 6069 1337 1095 6070 1338 1096 6071 1339 1098 6072 1341 1095 6073 1338 1097 6074 1340 1095 6075 1338 1098 6076 1341 1096 6077 1339 1097 6078 1340 1100 6079 1343 1098 6080 1341 1100 6081 1343 1097 6082 1340 1099 6083 1342 1102 6084 1345 1100 6085 1343 1099 6086 1342 1099 6087 1342 1101 6088 1344 1102 6089 1345 1103 6090 1346 1102 6091 1345 1101 6092 1344 1102 6093 1345 1103 6094 1346 1104 6095 1347 1106 6096 1349 1103 6097 1346 1105 6098 1348 1103 6099 1346 1106 6100 1349 1104 6101 1347 1106 6102 1349 1107 6103 1350 1108 6104 1351 1107 6105 1350 1106 6106 1349 1105 6107 1348 1108 6108 1351 1109 6109 1352 1110 6110 1353 1109 6111 1352 1108 6112 1351 1107 6113 1350 1087 6114 1330 1110 6115 1353 1109 6116 1352 1110 6117 1353 1087 6118 1330 1090 6119 1333 1076 6120 1309 1075 6121 1308 1111 6122 1354 1076 6123 1309 1111 6124 1354 1112 6125 1355 1112 6126 1355 1113 6127 1356 1077 6128 1311 1077 6129 1311 1076 6130 1309 1112 6131 1355 1078 6132 1313 1113 6133 1356 1114 6134 1357 1113 6135 1356 1078 6136 1313 1077 6137 1311 1114 6138 1357 1079 6139 1315 1078 6140 1313 1079 6141 1315 1114 6142 1357 1115 6143 1358 1080 6144 1317 1079 6145 1315 1115 6146 1358 1080 6147 1317 1115 6148 1358 1116 6149 1359 1117 6150 1360 1080 6151 1317 1116 6152 1359 1080 6153 1317 1117 6154 1360 1081 6155 1319 1082 6156 1321 1117 6157 1360 1118 6158 1361 1117 6159 1360 1082 6160 1321 1081 6161 1319 1082 6162 1321 1119 6163 1362 1083 6164 1323 1119 6165 1362 1082 6166 1321 1118 6167 1361 1083 6168 1323 1120 6169 1363 1084 6170 1325 1120 6171 1363 1083 6172 1323 1119 6173 1362 1121 6174 1364 1084 6175 1325 1120 6176 1363 1084 6177 1325 1121 6178 1364 1085 6179 1327 1122 6180 1365 1085 6181 1327 1121 6182 1364 1085 6183 1327 1122 6184 1365 1086 6185 1329 1122 6186 1365 1075 6187 1308 1086 6188 1329 1075 6189 1308 1122 6190 1365 1111 6191 1354 1123 6192 1366 1090 6193 1333 1089 6194 1332 1090 6195 1333 1123 6196 1366 1124 6197 1367 1123 6198 1366 1092 6199 1335 1125 6200 1368 1092 6201 1335 1123 6202 1366 1089 6203 1332 1125 6204 1368 1094 6205 1337 1126 6206 1369 1094 6207 1337 1125 6208 1368 1092 6209 1335 1096 6210 1339 1126 6211 1369 1094 6212 1337 1126 6213 1369 1096 6214 1339 1127 6215 1370 1098 6216 1341 1127 6217 1370 1096 6218 1339 1127 6219 1370 1098 6220 1341 1128 6221 1371 1098 6222 1341 1129 6223 1372 1128 6224 1371 1129 6225 1372 1098 6226 1341 1100 6227 1343 1130 6228 1373 1129 6229 1372 1100 6230 1343 1100 6231 1343 1102 6232 1345 1130 6233 1373 1102 6234 1345 1104 6235 1347 1131 6236 1374 1102 6237 1345 1131 6238 1374 1130 6239 1373 1132 6240 1375 1104 6241 1347 1106 6242 1349 1104 6243 1347 1132 6244 1375 1131 6245 1374 1132 6246 1375 1108 6247 1351 1133 6248 1376 1108 6249 1351 1132 6250 1375 1106 6251 1349 1133 6252 1376 1110 6253 1353 1134 6254 1377 1110 6255 1353 1133 6256 1376 1108 6257 1351 1090 6258 1333 1134 6259 1377 1110 6260 1353 1134 6261 1377 1090 6262 1333 1124 6263 1367 1112 6264 1355 1111 6265 1354 1135 6266 1378 1113 6267 1356 1112 6268 1355 1135 6269 1378 1114 6270 1357 1113 6271 1356 1135 6272 1378 1115 6273 1358 1114 6274 1357 1135 6275 1378 1116 6276 1359 1115 6277 1358 1135 6278 1378 1117 6279 1360 1116 6280 1359 1135 6281 1378 1118 6282 1361 1117 6283 1360 1135 6284 1378 1119 6285 1362 1118 6286 1361 1135 6287 1378 1120 6288 1363 1119 6289 1362 1135 6290 1378 1121 6291 1364 1120 6292 1363 1135 6293 1378 1122 6294 1365 1121 6295 1364 1135 6296 1378 1111 6297 1354 1122 6298 1365 1135 6299 1378 1124 6300 1367 1123 6301 1366 1136 6302 1379 1123 6303 1366 1125 6304 1368 1136 6305 1379 1125 6306 1368 1126 6307 1369 1136 6308 1379 1126 6309 1369 1127 6310 1370 1136 6311 1379 1127 6312 1370 1128 6313 1371 1136 6314 1379 1128 6315 1371 1129 6316 1372 1136 6317 1379 1129 6318 1372 1130 6319 1373 1136 6320 1379 1130 6321 1373 1131 6322 1374 1136 6323 1379 1131 6324 1374 1132 6325 1375 1136 6326 1379 1132 6327 1375 1133 6328 1376 1136 6329 1379 1133 6330 1376 1134 6331 1377 1136 6332 1379 1134 6333 1377 1124 6334 1367 1136 6335 1379 1053 6336 1282 1088 6337 1380 1054 6338 1283 1088 6339 1380 1087 6340 1381 1054 6341 1283 1056 6342 1285 1091 6343 1382 1053 6344 1282 1091 6345 1382 1088 6346 1380 1053 6347 1282 1091 6348 1382 1058 6349 1287 1093 6350 1383 1058 6351 1287 1091 6352 1382 1056 6353 1285 1058 6354 1287 1095 6355 1384 1093 6356 1383 1095 6357 1384 1058 6358 1287 1060 6359 1289 1060 6360 1289 1097 6361 1385 1095 6362 1384 1097 6363 1385 1060 6364 1289 1062 6365 1291 1064 6366 1293 1097 6367 1385 1062 6368 1291 1097 6369 1385 1064 6370 1293 1099 6371 1386 1066 6372 1295 1101 6373 1387 1064 6374 1293 1101 6375 1387 1099 6376 1386 1064 6377 1293 1068 6378 1297 1101 6379 1387 1066 6380 1295 1101 6381 1387 1068 6382 1297 1103 6383 1388 1070 6384 1299 1103 6385 1388 1068 6386 1297 1103 6387 1388 1070 6388 1299 1105 6389 1389 1072 6390 1302 1107 6391 1390 1070 6392 1303 1107 6393 1390 1105 6394 1391 1070 6395 1303 1074 6396 1305 1109 6397 1392 1072 6398 1302 1109 6399 1392 1107 6400 1390 1072 6401 1302 1054 6402 1283 1109 6403 1392 1074 6404 1305 1109 6405 1392 1054 6406 1283 1087 6407 1381</p></triangles>
      </mesh>
    </geometry>
    <geometry id="props01-lib" name="props01Mesh">
      <mesh>
        <source id="props01-POSITION">
          <float_array id="props01-POSITION-array" count="24">
-0.806670 0.512211 3.231372
0.806671 0.512211 3.231372
-0.806670 2.125510 3.231372
0.806671 2.125510 3.231372
0.806670 2.554721 -2.788981
0.806670 0.941421 -2.788981
-0.806671 0.941421 -2.788981
-0.806671 2.554721 -2.788981
</float_array>
          <technique_common>
            <accessor source="#props01-POSITION-array" count="8" stride="3">
              <param name="X" type="float"/>
              <param name="Y" type="float"/>
              <param name="Z" type="float"/>
            </accessor>
          </technique_common>
        </source>
        <source id="props01-Normal0">
          <float_array id="props01-Normal0-array" count="36">
0.000000 0.000000 1.000000
0.000000 0.000000 1.000000
0.000000 0.000000 1.000000
0.000000 0.000000 1.000000
0.000000 0.000000 1.000000
0.000000 0.000000 1.000000
0.000000 0.000000 -1.000000
0.000000 0.000000 -1.000000
0.000000 0.000000 -1.000000
0.000000 0.000000 -1.000000
0.000000 0.000000 -1.000000
0.000000 0.000000 -1.000000
</float_array>
          <technique_common>
            <accessor source="#props01-Normal0-array" count="12" stride="3">
              <param name="X" type="float"/>
              <param name="Y" type="float"/>
              <param name="Z" type="float"/>
            </accessor>
          </technique_common>
        </source>
        <source id="props01-UV0">
          <float_array id="props01-UV0-array" count="16">
0.000000 0.000000
1.000000 0.000000
0.000000 1.000000
1.000000 1.000000
0.000000 1.000000
0.000000 0.000000
1.000000 0.000000
1.000000 1.000000
</float_array>
          <technique_common>
            <accessor source="#props01-UV0-array" count="8" stride="2">
              <param name="S" type="float"/>
              <param name="T" type="float"/>
            </accessor>
          </technique_common>
        </source>
        <vertices id="props01-VERTEX">
          <input semantic="POSITION" source="#props01-POSITION"/>
        </vertices>
        <triangles count="4" material="prop_1"><input semantic="VERTEX" offset="0" source="#props01-VERTEX"/><input semantic="NORMAL" offset="1" source="#props01-Normal0"/><input semantic="TEXCOORD" offset="2" set="0" source="#props01-UV0"/><p> 3 0 3 2 1 2 0 2 0 3 3 3 0 4 0 1 5 1 6 6 6 7 7 7 5 8 5 5 9 5 7 10 7 4 11 4</p></triangles>
      </mesh>
    </geometry>
  </library_geometries>
  <library_visual_scenes>
    <visual_scene id="c-337" name="c-337">
      <node name="hull" id="hull" sid="hull"><matrix sid="matrix">-1.000000 0.000000 0.000000 0.000000 0.000000 1.000000 -0.000000 0.000000 -0.000000 -0.000000 -1.000000 0.000000 0.000000 0.000000 0.000000 1.000000</matrix><instance_geometry url="#hull-lib"><bind_material><technique_common><instance_material symbol="c-337" target="#c-337"/></technique_common></bind_material></instance_geometry><extra><technique profile="FCOLLADA"><visibility>1.000000</visibility></technique></extra></node>
      <node name="props01" id="props01" sid="props01"><matrix sid="matrix">-1.000000 0.000000 0.000000 0.000000 0.000000 1.000000 -0.000000 0.000000 -0.000000 -0.000000 -1.000000 0.000000 0.000000 0.000000 0.000000 1.000000</matrix><instance_geometry url="#props01-lib"><bind_material><technique_common><instance_material symbol="prop_1" target="#prop_1"/></technique_common></bind_material></instance_geometry><extra><technique profile="FCOLLADA"><visibility>1.000000</visibility></technique></extra></node>
      <extra><technique profile="MAX3D"><frame_rate>30.000000</frame_rate></technique><technique profile="FCOLLADA"><start_time>0.000000</start_time><end_time>3.333333</end_time></technique></extra>
    </visual_scene>
  </library_visual_scenes>
  <scene>
    <instance_visual_scene url="#c-337"></instance_visual_scene>
  </scene>
</COLLADA>
