<?xml version="1.0" encoding="utf-8"?>
<COLLADA xmlns="http://www.collada.org/2005/11/COLLADASchema" version="1.4.1">
  <asset><contributor><author></author><authoring_tool>FBX COLLADA exporter</authoring_tool><comments></comments></contributor><created>2020-01-13T14:36:05Z</created><keywords></keywords><modified>2020-01-13T14:36:05Z</modified><revision></revision><subject></subject><title></title><unit meter="1.000000" name="centimeter"></unit><up_axis>Y_UP</up_axis></asset>
  <library_images>
    <image id="Map #3-image" name="Map #3"><init_from>file://firetruck.dds.png</init_from></image>
    <image id="Map #2-image" name="Map #2"><init_from>file://dashseat.dds.png</init_from></image>
    <image id="Map #1-image" name="Map #1"><init_from>file://tire7.dds.png</init_from></image>
  </library_images>
  <library_materials>
    <material id="firetruck" name="firetruck">
      <instance_effect url="#firetruck-fx"/>
    </material>
    <material id="dashseat" name="dashseat">
      <instance_effect url="#dashseat-fx"/>
    </material>
    <material id="tire7" name="tire7">
      <instance_effect url="#tire7-fx"/>
    </material>
  </library_materials>
  <library_effects>
    <effect id="firetruck-fx" name="firetruck">
      <profile_COMMON>
        <technique sid="standard">
          <phong>
            <emission>
              <color sid="emission">0.000000  0.000000 0.000000 1.000000</color>
            </emission>
            <ambient>
              <color sid="ambient">0.588000  0.588000 0.588000 1.000000</color>
            </ambient>
            <diffuse>
              <texture texture="Map #3-image" texcoord="CHANNEL0">
                <extra>
                  <technique profile="MAYA">
                    <wrapU sid="wrapU0">TRUE</wrapU>
                    <wrapV sid="wrapV0">TRUE</wrapV>
                    <blend_mode>ADD</blend_mode>
                  </technique>
                </extra>
              </texture>
            </diffuse>
            <specular>
              <color sid="specular">0.000000  0.000000 0.000000 1.000000</color>
            </specular>
            <shininess>
              <float sid="shininess">2.000000</float>
            </shininess>
            <reflective>
              <color sid="reflective">0.000000  0.000000 0.000000 1.000000</color>
            </reflective>
            <reflectivity>
              <float sid="reflectivity">1.000000</float>
            </reflectivity>
            <transparent opaque="RGB_ZERO">
              <color sid="transparent">1.000000  1.000000 1.000000 1.000000</color>
            </transparent>
            <transparency>
              <float sid="transparency">0.000000</float>
            </transparency>
          </phong>
        </technique>
      </profile_COMMON>
    </effect>
    <effect id="dashseat-fx" name="dashseat">
      <profile_COMMON>
        <technique sid="standard">
          <phong>
            <emission>
              <color sid="emission">0.000000  0.000000 0.000000 1.000000</color>
            </emission>
            <ambient>
              <color sid="ambient">0.588000  0.588000 0.588000 1.000000</color>
            </ambient>
            <diffuse>
              <texture texture="Map #2-image" texcoord="CHANNEL0">
                <extra>
                  <technique profile="MAYA">
                    <wrapU sid="wrapU0">TRUE</wrapU>
                    <wrapV sid="wrapV0">TRUE</wrapV>
                    <blend_mode>ADD</blend_mode>
                  </technique>
                </extra>
              </texture>
            </diffuse>
            <specular>
              <color sid="specular">0.000000  0.000000 0.000000 1.000000</color>
            </specular>
            <shininess>
              <float sid="shininess">2.000000</float>
            </shininess>
            <reflective>
              <color sid="reflective">0.000000  0.000000 0.000000 1.000000</color>
            </reflective>
            <reflectivity>
              <float sid="reflectivity">1.000000</float>
            </reflectivity>
            <transparent opaque="RGB_ZERO">
              <color sid="transparent">1.000000  1.000000 1.000000 1.000000</color>
            </transparent>
            <transparency>
              <float sid="transparency">0.000000</float>
            </transparency>
          </phong>
        </technique>
      </profile_COMMON>
    </effect>
    <effect id="tire7-fx" name="tire7">
      <profile_COMMON>
        <technique sid="standard">
          <phong>
            <emission>
              <color sid="emission">0.000000  0.000000 0.000000 1.000000</color>
            </emission>
            <ambient>
              <color sid="ambient">0.588000  0.588000 0.588000 1.000000</color>
            </ambient>
            <diffuse>
              <texture texture="Map #1-image" texcoord="CHANNEL0">
                <extra>
                  <technique profile="MAYA">
                    <wrapU sid="wrapU0">TRUE</wrapU>
                    <wrapV sid="wrapV0">TRUE</wrapV>
                    <blend_mode>ADD</blend_mode>
                  </technique>
                </extra>
              </texture>
            </diffuse>
            <specular>
              <color sid="specular">0.000000  0.000000 0.000000 1.000000</color>
            </specular>
            <shininess>
              <float sid="shininess">2.000000</float>
            </shininess>
            <reflective>
              <color sid="reflective">0.000000  0.000000 0.000000 1.000000</color>
            </reflective>
            <reflectivity>
              <float sid="reflectivity">1.000000</float>
            </reflectivity>
            <transparent opaque="RGB_ZERO">
              <color sid="transparent">1.000000  1.000000 1.000000 1.000000</color>
            </transparent>
            <transparency>
              <float sid="transparency">0.000000</float>
            </transparency>
          </phong>
        </technique>
      </profile_COMMON>
    </effect>
  </library_effects>
  <library_geometries>
    <geometry id="lights-lib" name="lightsMesh">
      <mesh>
        <source id="lights-POSITION">
          <float_array id="lights-POSITION-array" count="132">
-0.098742 3.308257 2.769321
-0.098742 3.167865 2.769321
0.098746 3.167865 2.769321
0.098746 3.308257 2.769321
-0.098742 3.361439 2.642287
-0.098742 3.308257 2.769321
0.098746 3.308257 2.769321
0.098746 3.361439 2.642287
-0.661245 3.369780 2.642287
-0.661245 3.106342 2.642287
-0.611674 3.163119 2.778287
-0.611674 3.313003 2.778287
0.098746 3.114682 2.642287
0.098746 3.167865 2.769321
-0.098742 3.167865 2.769321
-0.098742 3.114682 2.642287
0.661249 3.106341 2.642287
0.661249 3.369780 2.642287
0.611679 3.313002 2.778287
0.611679 3.163119 2.778287
-0.127440 3.313003 2.778287
-0.127440 3.163119 2.778287
0.130604 3.163119 2.778287
0.130604 3.313002 2.778287
-0.127440 3.369780 2.642287
-0.127440 3.313003 2.778287
0.130604 3.313002 2.778287
0.130604 3.369780 2.642287
0.130604 3.106341 2.642287
0.130604 3.163119 2.778287
-0.127440 3.163119 2.778287
-0.127440 3.106342 2.642287
-0.611674 3.313003 2.778287
-0.611674 3.163119 2.778287
0.611679 3.163119 2.778287
0.611679 3.313002 2.778287
-0.661245 3.369780 2.642287
-0.611674 3.313003 2.778287
0.611679 3.313002 2.778287
0.661249 3.369780 2.642287
0.661249 3.106341 2.642287
0.611679 3.163119 2.778287
-0.611674 3.163119 2.778287
-0.661245 3.106342 2.642287
</float_array>
          <technique_common>
            <accessor source="#lights-POSITION-array" count="44" stride="3">
              <param name="X" type="float"/>
              <param name="Y" type="float"/>
              <param name="Z" type="float"/>
            </accessor>
          </technique_common>
        </source>
        <source id="lights-Normal0">
          <float_array id="lights-Normal0-array" count="306">
0.157982 0.000002 0.987442
0.157985 0.000002 0.987441
-0.142666 0.000002 0.989771
-0.142666 0.000002 0.989771
-0.142666 0.000002 0.989771
0.157982 0.000002 0.987442
0.134933 0.913992 0.382638
0.140995 0.913388 0.381894
-0.127339 0.914918 0.383026
-0.127339 0.914918 0.383026
-0.122117 0.915691 0.382881
0.134933 0.913992 0.382638
-0.939537 0.000000 0.342449
-0.939537 0.000000 0.342449
-0.939537 0.000000 0.342449
-0.939537 0.000000 0.342449
-0.939537 0.000000 0.342448
-0.939537 0.000000 0.342449
-0.121778 -0.915562 0.383296
-0.126960 -0.915135 0.382634
0.141383 -0.913162 0.382292
0.141383 -0.913162 0.382292
0.135273 -0.914118 0.382217
-0.121778 -0.915562 0.383296
0.939536 -0.000000 0.342449
0.939536 -0.000000 0.342449
0.939537 -0.000000 0.342449
0.939537 -0.000000 0.342449
0.939536 0.000000 0.342449
0.939536 -0.000000 0.342449
0.142914 0.000003 0.989735
0.142916 0.000003 0.989735
0.157985 0.000002 0.987441
0.157985 0.000002 0.987441
0.157982 0.000002 0.987442
0.142914 0.000003 0.989735
-0.130243 0.000002 0.991482
-0.130243 0.000001 0.991482
-0.142666 0.000002 0.989771
-0.142666 0.000002 0.989771
-0.142666 0.000002 0.989771
-0.130243 0.000002 0.991482
0.126264 0.915271 0.382541
0.123153 0.915785 0.382323
0.140995 0.913388 0.381894
0.140995 0.913388 0.381894
0.134933 0.913992 0.382638
0.126264 0.915271 0.382541
-0.112108 0.916846 0.383178
-0.114454 0.916745 0.382725
-0.122117 0.915691 0.382881
-0.122117 0.915691 0.382881
-0.127339 0.914918 0.383026
-0.112108 0.916846 0.383178
-0.114716 -0.916565 0.383079
-0.112339 -0.916968 0.382818
-0.126960 -0.915135 0.382634
-0.126960 -0.915135 0.382634
-0.121778 -0.915562 0.383296
-0.114716 -0.916565 0.383079
0.122931 -0.915664 0.382685
0.126005 -0.915454 0.382186
0.135273 -0.914118 0.382217
0.135273 -0.914118 0.382217
0.141383 -0.913162 0.382292
0.122931 -0.915664 0.382685
0.000000 0.000001 1.000000
0.000000 0.000000 1.000000
0.142916 0.000003 0.989735
0.142916 0.000003 0.989735
0.142914 0.000003 0.989735
0.000000 0.000001 1.000000
-0.000000 0.000000 1.000000
-0.000000 0.000000 1.000000
-0.130243 0.000001 0.991482
-0.130243 0.000001 0.991482
-0.130243 0.000002 0.991482
-0.000000 0.000000 1.000000
0.000000 0.922810 0.385255
0.000000 0.922810 0.385255
0.123153 0.915785 0.382323
0.123153 0.915785 0.382323
0.126264 0.915271 0.382541
0.000000 0.922810 0.385255
-0.000000 0.922810 0.385256
0.000000 0.922810 0.385256
-0.114454 0.916745 0.382725
-0.114454 0.916745 0.382725
-0.112108 0.916846 0.383178
-0.000000 0.922810 0.385256
-0.000000 -0.922809 0.385257
0.000000 -0.922809 0.385258
-0.112339 -0.916968 0.382818
-0.112339 -0.916968 0.382818
-0.114716 -0.916565 0.383079
-0.000000 -0.922809 0.385257
0.000000 -0.922809 0.385257
0.000000 -0.922809 0.385257
0.126005 -0.915454 0.382186
0.126005 -0.915454 0.382186
0.122931 -0.915664 0.382685
0.000000 -0.922809 0.385257
</float_array>
          <technique_common>
            <accessor source="#lights-Normal0-array" count="102" stride="3">
              <param name="X" type="float"/>
              <param name="Y" type="float"/>
              <param name="Z" type="float"/>
            </accessor>
          </technique_common>
        </source>
        <source id="lights-UV0">
          <float_array id="lights-UV0-array" count="88">
0.810902 0.029998
0.810902 0.008301
0.889310 0.008301
0.889310 0.029998
0.810902 0.099863
0.810902 0.071643
0.889310 0.071643
0.889310 0.099863
0.993817 0.009216
0.993817 0.050664
0.974062 0.041731
0.974062 0.018149
0.889310 0.034944
0.889310 0.063164
0.810902 0.063164
0.810902 0.034944
0.973273 0.094245
0.973273 0.052797
0.993028 0.061730
0.993028 0.085312
0.771698 0.029998
0.771698 0.008301
0.928514 0.008301
0.928514 0.029998
0.771698 0.099863
0.771698 0.071643
0.928514 0.071643
0.928514 0.099863
0.928514 0.034944
0.928514 0.063164
0.771698 0.063164
0.771698 0.034944
0.732494 0.029998
0.732494 0.008301
0.967718 0.008301
0.967718 0.029998
0.732494 0.099863
0.732494 0.071643
0.967718 0.071643
0.967718 0.099863
0.967718 0.034944
0.967718 0.063164
0.732494 0.063164
0.732494 0.034944
</float_array>
          <technique_common>
            <accessor source="#lights-UV0-array" count="44" stride="2">
              <param name="S" type="float"/>
              <param name="T" type="float"/>
            </accessor>
          </technique_common>
        </source>
        <vertices id="lights-VERTEX">
          <input semantic="POSITION" source="#lights-POSITION"/>
        </vertices>
        <triangles count="34" material="firetruck"><input semantic="VERTEX" offset="0" source="#lights-VERTEX"/><input semantic="NORMAL" offset="1" source="#lights-Normal0"/><input semantic="TEXCOORD" offset="2" set="0" source="#lights-UV0"/><p> 0 0 0 1 1 1 2 2 2 2 3 2 3 4 3 0 5 0 4 6 4 5 7 5 6 8 6 6 9 6 7 10 7 4 11 4 8 12 8 9 13 9 10 14 10 10 15 10 11 16 11 8 17 8 12 18 12 13 19 13 14 20 14 14 21 14 15 22 15 12 23 12 16 24 16 17 25 17 18 26 18 18 27 18 19 28 19 16 29 16 20 30 20 21 31 21 1 32 1 1 33 1 0 34 0 20 35 20 22 36 22 23 37 23 3 38 3 3 39 3 2 40 2 22 41 22 24 42 24 25 43 25 5 44 5 5 45 5 4 46 4 24 47 24 26 48 26 27 49 27 7 50 7 7 51 7 6 52 6 26 53 26 28 54 28 29 55 29 13 56 13 13 57 13 12 58 12 28 59 28 30 60 30 31 61 31 15 62 15 15 63 15 14 64 14 30 65 30 32 66 32 33 67 33 21 68 21 21 69 21 20 70 20 32 71 32 34 72 34 35 73 35 23 74 23 23 75 23 22 76 22 34 77 34 36 78 36 37 79 37 25 80 25 25 81 25 24 82 24 36 83 36 38 84 38 39 85 39 27 86 27 27 87 27 26 88 26 38 89 38 40 90 40 41 91 41 29 92 29 29 93 29 28 94 28 40 95 40 42 96 42 43 97 43 31 98 31 31 99 31 30 100 30 42 101 42</p></triangles>
      </mesh>
    </geometry>
    <geometry id="hull-lib" name="hullMesh">
      <mesh>
        <source id="hull-POSITION">
          <float_array id="hull-POSITION-array" count="4437">
0.000000 -3.877086 0.629195
0.000000 -2.718910 0.629195
0.434605 -2.718910 0.629195
0.813136 -3.877105 0.629195
0.000001 0.344340 2.382209
0.869684 0.344339 2.382208
0.869684 0.896337 2.382208
0.000002 0.896338 2.382209
0.000000 -3.801262 1.461839
0.869681 -3.801264 1.461839
0.869681 -3.799966 2.035294
0.000000 -3.801263 2.035295
0.000000 -3.707808 2.382209
0.869682 -3.707809 2.382208
0.869683 -0.334845 2.382208
0.000001 -0.334845 2.382209
0.000001 -0.248748 2.035295
0.869683 -0.248749 2.035294
0.869683 0.276094 2.035294
0.000001 0.276096 2.035295
0.000001 0.276096 2.035295
0.869683 0.276094 2.035294
0.869684 0.344339 2.382208
0.000001 0.344340 2.382209
0.869683 0.276094 2.035294
0.869683 0.896337 1.905417
0.869684 0.896337 2.382208
0.869684 0.344339 2.382208
0.527543 0.896337 1.905417
0.000002 0.896338 1.905417
0.000002 0.896338 2.382209
0.869683 0.896337 1.905417
0.869684 0.896337 2.382208
0.869682 -3.707809 2.382208
0.000000 -3.707808 2.382209
0.869682 -1.257313 2.035294
0.869683 -0.248749 2.035294
0.869683 -0.334845 2.382208
0.869682 -2.718649 2.035294
0.869681 -3.799966 2.035294
0.869682 -3.707809 2.382208
0.869683 -0.248749 2.035294
0.000001 -0.248748 2.035295
0.000001 -0.334845 2.382209
0.869683 -0.334845 2.382208
0.869683 0.896336 0.629195
0.000002 0.896338 0.629195
0.000002 1.587187 0.629195
1.017084 1.587248 0.629195
0.527616 1.670979 1.905603
0.977047 1.671037 1.903511
0.903842 1.671082 2.602117
0.000002 1.670981 1.905603
0.789424 1.671064 2.648887
0.000002 1.670981 2.642814
0.000002 3.377907 0.674623
0.411926 3.377407 0.674623
0.435042 1.999129 0.674623
0.000002 1.999230 0.674623
1.001229 1.678036 1.938053
1.006175 2.325548 1.938058
0.961162 2.325528 2.520491
0.956892 1.678076 2.520491
0.941165 1.587293 2.630112
0.941193 2.500498 2.630112
0.832728 2.500502 2.688918
0.797297 1.587274 2.688918
0.000002 3.819762 0.654922
0.951975 3.818484 0.654922
1.017097 1.999214 0.674623
1.017097 2.044552 1.008603
1.017084 1.587248 1.905606
1.017084 1.587248 1.292800
1.017084 1.587248 0.629195
1.017097 1.999214 0.674623
1.017109 2.340536 1.318615
1.017117 2.490110 1.905612
1.123700 3.454503 0.694720
1.037634 3.941625 0.681756
1.040271 3.873841 0.852579
1.120920 3.443686 0.820167
1.039919 3.377864 0.674623
1.035631 2.686996 1.905615
0.948666 2.687055 2.581564
0.941193 2.500498 2.630112
0.948666 2.687055 2.581564
0.832173 2.687055 2.646809
1.005453 2.793841 1.947800
0.967647 3.438147 1.948028
0.924692 3.350440 2.475910
0.960702 2.798943 2.475910
0.909188 3.398153 2.581564
0.806458 3.380177 2.634959
0.869683 -0.249027 0.629195
0.000001 -0.249027 0.629195
0.869683 -0.248749 2.035294
0.869683 0.896336 1.292706
0.869683 0.896336 0.629195
0.869683 -0.248888 1.461839
0.869683 -0.249027 0.629195
0.737044 3.786811 2.483685
0.753117 3.972965 1.937443
0.069506 3.967887 1.935926
0.069434 3.789606 2.484815
0.000003 4.038375 0.985017
0.000003 4.027343 1.347778
0.778031 4.026232 1.347846
0.791709 4.035342 0.985083
0.851157 4.115331 0.721812
0.835141 4.122552 0.879332
1.040271 3.873841 0.852579
1.037634 3.941625 0.681756
0.000003 3.977354 0.681756
0.000003 4.130589 0.721812
0.851157 4.115331 0.721812
1.037634 3.941625 0.681756
0.778015 3.675109 2.622041
0.869710 3.638626 2.561055
0.750925 3.775584 2.553639
0.875319 3.707254 2.489302
0.913337 3.785465 1.945958
0.000001 -1.256733 0.629195
0.434606 -1.256734 0.629195
1.086858 -1.257315 1.461838
1.086858 -1.994462 1.461838
1.086858 -1.989990 1.345371
1.086858 -1.428817 1.152445
0.000000 -3.801262 0.685689
0.869681 -3.801264 0.685689
1.052167 -0.308806 1.975251
1.052167 -1.197271 1.975251
1.052167 -1.197272 1.521881
1.052167 -0.308917 1.521881
1.052166 -3.906313 1.975251
1.052166 -3.989013 1.521881
1.052166 -2.778697 1.521881
1.052166 -2.778692 1.975251
1.052166 -2.658606 1.975251
1.052166 -2.658610 1.521881
1.052167 -1.994462 1.521881
1.052167 -1.317357 1.521881
1.052167 -1.317356 1.975251
1.086858 -1.256734 0.629195
1.086858 -2.718654 1.461839
1.086858 -2.718911 0.629195
1.086858 -2.510632 1.152412
1.086857 -4.049056 1.461839
1.086857 -4.049054 0.629195
1.086857 -3.877128 0.629195
1.086859 -0.249027 0.629195
1.086859 -0.248889 1.461839
0.952057 3.799427 1.349755
0.952125 3.755795 1.906118
0.993878 3.501851 1.905867
0.992355 3.530256 1.337244
1.086858 -2.718911 0.629195
1.086857 -3.877128 0.629195
0.434605 -2.718910 0.629195
0.434370 -2.510632 1.152412
1.086858 -2.510632 1.152412
1.086858 -2.718911 0.629195
0.434370 -2.510632 1.152412
0.434370 -1.989990 1.345372
1.086858 -1.989990 1.345371
1.086858 -2.510632 1.152412
0.434370 -1.989990 1.345372
0.434371 -1.428817 1.152445
1.086858 -1.428817 1.152445
1.086858 -1.989990 1.345371
0.434371 -1.428817 1.152445
0.434606 -1.256734 0.629195
1.086858 -1.256734 0.629195
1.086858 -1.428817 1.152445
1.086859 -0.249027 0.629195
1.086858 -1.256734 0.629195
0.869683 -0.249027 0.629195
0.869683 -0.248888 1.461839
1.026549 -0.248889 1.461839
1.086859 -0.249027 0.629195
0.869683 -0.248749 2.035294
1.026549 -0.248749 2.035294
0.869683 -0.248749 2.035294
0.869682 -1.257313 2.035294
1.026549 -1.257313 2.035294
1.026549 -0.248749 2.035294
0.869682 -2.718649 2.035294
1.026548 -2.718649 2.035294
0.869681 -3.966355 2.035294
1.026548 -3.966356 2.035294
0.869681 -3.966355 2.035294
0.869681 -4.049055 1.461839
1.026547 -4.049056 1.461839
1.026548 -3.966356 2.035294
0.869681 -4.049055 0.685689
0.869681 -4.049055 0.629195
1.026547 -4.049054 0.629195
0.954257 0.923359 0.674561
1.093444 1.525868 0.674561
1.093444 1.525868 1.247429
0.954257 0.923359 1.247346
0.869683 0.896336 1.292706
0.527612 0.896336 1.292706
0.977345 1.671036 1.292797
0.527697 1.670979 1.292797
0.977354 1.587243 1.292800
0.527705 1.587186 1.292800
1.009327 1.550889 1.292795
1.017084 1.587248 1.292800
0.527543 0.896337 1.905417
0.527624 1.587186 1.905606
0.000002 1.587187 1.905606
0.000002 0.896338 1.905417
0.527612 0.896336 1.292706
0.527705 1.587186 1.292800
0.527624 1.587186 1.905606
0.527543 0.896337 1.905417
-0.000000 -4.049054 0.629195
0.869681 -4.049055 0.629195
0.869681 -4.049055 0.685689
-0.000000 -4.049054 0.685689
0.869681 -3.799966 2.035294
0.869681 -3.801264 1.461839
0.869681 -4.049055 1.461839
0.869681 -3.966355 2.035294
0.869681 -3.801264 0.685689
0.869681 -4.049055 0.685689
0.000000 -3.801262 0.685689
-0.000000 -4.049054 0.685689
0.869681 -4.049055 0.685689
0.869681 -3.801264 0.685689
1.039923 3.361574 0.852066
1.039933 3.335044 1.008397
0.388933 3.334085 1.008397
1.039919 3.377864 0.674623
0.411926 3.377407 0.674623
1.039933 3.335044 1.008397
1.037874 3.036953 1.323113
0.400077 3.036181 1.323112
0.388933 3.334085 1.008397
1.037874 3.036953 1.323113
1.035614 2.686946 1.320831
0.400077 3.036181 1.323112
1.017109 2.340536 1.318615
1.017097 2.044552 1.008603
0.435228 2.044369 1.008603
0.424197 2.340168 1.318615
1.017097 2.044552 1.008603
1.017097 1.999214 0.674623
0.435042 1.999129 0.674623
0.435228 2.044369 1.008603
0.388933 3.334085 1.008397
0.400077 3.036181 1.323112
0.424197 2.340168 1.318615
0.435228 2.044369 1.008603
0.435042 1.999129 0.674623
0.411926 3.377407 0.674623
0.434370 -1.989990 1.345372
0.434370 -2.510632 1.152412
0.434605 -2.718910 0.629195
0.434371 -1.428817 1.152445
0.434606 -1.256734 0.629195
0.969356 3.546582 1.950295
0.948292 3.695093 1.951143
0.914484 3.610994 2.479198
0.932518 3.472117 2.476859
0.869710 3.638626 2.561055
0.778015 3.675109 2.622041
1.039933 3.335044 1.008397
0.000003 3.683107 2.616263
0.750925 3.775584 2.553639
0.000003 3.775584 2.553639
0.000002 3.380685 2.646809
0.000002 2.687056 2.646809
0.000002 2.500528 2.688919
0.000002 1.587187 2.688919
0.778031 4.026232 1.347846
0.919410 3.859069 1.352252
0.919616 3.860367 0.966948
0.791709 4.035342 0.985083
0.951988 3.801931 0.894490
1.039923 3.361574 0.852066
0.000003 4.003894 1.835916
0.767750 4.001800 1.835910
0.767750 4.001800 1.835910
0.918734 3.820193 1.839098
0.995427 3.448891 1.941237
1.034229 2.787606 1.941003
0.909188 3.398153 2.581564
0.951339 3.358873 2.482791
0.988299 2.792842 2.482791
0.941165 1.587293 2.630112
1.017085 1.670641 1.930958
1.017085 1.670641 1.930958
1.016809 1.670682 2.527551
0.941165 1.587293 2.630112
1.017116 2.331128 1.930964
1.016835 2.333868 2.527551
1.016835 2.333868 2.527551
0.941193 2.500498 2.630112
0.941165 1.587293 2.630112
1.016809 1.670682 2.527551
1.016809 1.670682 2.527551
1.017085 1.670641 1.930958
1.001229 1.678036 1.938053
0.956892 1.678076 2.520491
1.017085 1.670641 1.930958
1.017116 2.331128 1.930964
1.006175 2.325548 1.938058
1.001229 1.678036 1.938053
1.017116 2.331128 1.930964
1.016835 2.333868 2.527551
0.961162 2.325528 2.520491
1.006175 2.325548 1.938058
1.016835 2.333868 2.527551
1.016809 1.670682 2.527551
0.956892 1.678076 2.520491
0.961162 2.325528 2.520491
1.034229 2.787606 1.941003
0.995427 3.448891 1.941237
0.967647 3.438147 1.948028
1.005453 2.793841 1.947800
0.995427 3.448891 1.941237
0.951339 3.358873 2.482791
0.924692 3.350440 2.475910
0.967647 3.438147 1.948028
0.951339 3.358873 2.482791
0.988299 2.792842 2.482791
0.960702 2.798943 2.475910
0.924692 3.350440 2.475910
0.988299 2.792842 2.482791
1.034229 2.787606 1.941003
1.005453 2.793841 1.947800
0.960702 2.798943 2.475910
1.035614 2.686946 1.320831
1.037874 3.036953 1.323113
1.017109 2.340536 1.318615
0.424197 2.340168 1.318615
0.869710 3.638626 2.561055
0.931228 3.785047 1.936011
0.931228 3.785047 1.936011
0.889017 3.703516 2.503910
0.869710 3.638626 2.561055
0.761049 3.988685 1.901947
0.757917 3.983865 1.927029
0.761049 3.988685 1.901947
0.000003 3.988692 1.901980
0.056122 3.980915 1.926107
0.757917 3.983865 1.927029
0.000003 3.775584 2.553639
0.056122 3.794343 2.500361
0.750925 3.775584 2.553639
0.738813 3.792136 2.499522
0.750925 3.775584 2.553639
0.869710 3.638626 2.561055
0.889017 3.703516 2.503910
0.889017 3.703516 2.503910
0.738813 3.792136 2.499522
0.750925 3.775584 2.553639
0.889017 3.703516 2.503910
0.931228 3.785047 1.936011
0.913337 3.785465 1.945958
0.875319 3.707254 2.489302
0.931228 3.785047 1.936011
0.757917 3.983865 1.927029
0.753117 3.972965 1.937443
0.913337 3.785465 1.945958
0.757917 3.983865 1.927029
0.056122 3.980915 1.926107
0.069506 3.967887 1.935926
0.753117 3.972965 1.937443
0.056122 3.980915 1.926107
0.056122 3.794343 2.500361
0.069434 3.789606 2.484815
0.069506 3.967887 1.935926
0.056122 3.794343 2.500361
0.737044 3.786811 2.483685
0.069434 3.789606 2.484815
0.875319 3.707254 2.489302
0.951975 3.818484 0.654922
0.000002 3.819762 0.654922
0.000003 4.028381 0.917969
0.784914 4.028380 0.917969
0.835141 4.122552 0.879332
0.000003 4.157399 0.879332
0.951988 3.801931 0.894490
1.040271 3.873841 0.852579
1.039923 3.361574 0.852066
1.120920 3.443686 0.820167
1.039923 3.361574 0.852066
1.039919 3.377864 0.674623
1.123700 3.454503 0.694720
1.120920 3.443686 0.820167
1.039919 3.377864 0.674623
1.123700 3.454503 0.694720
0.851157 4.115331 0.721812
0.000003 4.130589 0.721812
0.000003 4.157399 0.879332
0.835141 4.122552 0.879332
1.113170 -3.877128 0.419383
1.113169 -4.049054 0.419383
0.869681 -4.049055 0.419383
0.813136 -3.877105 0.419383
-0.000000 -4.049054 0.419383
0.000000 -3.877086 0.419383
0.000000 -3.877086 0.629195
0.813136 -3.877105 0.629195
0.813136 -3.877105 0.419383
0.000000 -3.877086 0.419383
1.086857 -3.877128 0.629195
1.113170 -3.877128 0.419383
1.221514 -3.877128 0.612876
1.221513 -4.049054 0.612876
1.221513 -4.049054 0.419383
1.221514 -3.877128 0.419383
1.113169 -4.157398 0.618598
0.869681 -4.157399 0.618598
0.869681 -4.157399 0.510254
1.113169 -4.157398 0.510254
-0.000000 -4.157398 0.618598
-0.000000 -4.157398 0.510254
0.869681 -4.049055 0.629195
-0.000000 -4.049054 0.629195
-0.000000 -4.157398 0.618598
0.869681 -4.157399 0.618598
-0.000000 -4.049054 0.419383
0.869681 -4.049055 0.419383
0.869681 -4.157399 0.510254
-0.000000 -4.157398 0.510254
1.113169 -4.049054 0.419383
1.113169 -4.157398 0.510254
1.201764 -4.130783 0.609798
1.201764 -4.130783 0.501317
1.026547 -4.049054 0.629195
1.113169 -4.157398 0.618598
1.086857 -3.877128 0.629195
1.221513 -4.049054 0.612876
1.221514 -3.877128 0.612876
1.201764 -4.130783 0.609798
1.201764 -4.130783 0.501317
1.201764 -4.130783 0.609798
1.221513 -4.049054 0.419383
1.201764 -4.130783 0.501317
1.221514 -3.877128 0.419383
1.221513 -4.049054 0.419383
1.221514 -3.877128 0.612876
1.221514 -3.877128 0.419383
1.026549 -1.257314 1.461838
1.026549 -0.248889 1.461839
1.026549 -0.308917 1.521881
1.026549 -1.197272 1.521881
1.026549 -0.248749 2.035294
1.026549 -0.308806 1.975251
1.026549 -1.257313 2.035294
1.026549 -1.197271 1.975251
1.026548 -2.718649 2.035294
1.026548 -2.718654 1.461839
1.026548 -2.658610 1.521881
1.026548 -2.658606 1.975251
1.026548 -1.994462 1.461838
1.026548 -1.994462 1.521881
1.026549 -1.317357 1.521881
1.026549 -1.317356 1.975251
1.026547 -4.049056 1.461839
1.026548 -2.778697 1.521881
1.026547 -3.989013 1.521881
1.026548 -2.778692 1.975251
1.026548 -3.966356 2.035294
1.026548 -3.906313 1.975251
1.026549 -1.197272 1.521881
1.026549 -0.308917 1.521881
1.052167 -0.308917 1.521881
1.052167 -1.197272 1.521881
1.026549 -0.308917 1.521881
1.026549 -0.308806 1.975251
1.052167 -0.308806 1.975251
1.052167 -0.308917 1.521881
1.026549 -0.308806 1.975251
1.026549 -1.197271 1.975251
1.052167 -1.197271 1.975251
1.052167 -0.308806 1.975251
1.026549 -1.197271 1.975251
1.026549 -1.197272 1.521881
1.052167 -1.197272 1.521881
1.052167 -1.197271 1.975251
1.026547 -3.989013 1.521881
1.026548 -2.778697 1.521881
1.052166 -2.778697 1.521881
1.052166 -3.989013 1.521881
1.026548 -2.778697 1.521881
1.026548 -2.778692 1.975251
1.052166 -2.778692 1.975251
1.052166 -2.778697 1.521881
1.026548 -2.778692 1.975251
1.026548 -3.906313 1.975251
1.052166 -3.906313 1.975251
1.052166 -2.778692 1.975251
1.026548 -3.906313 1.975251
1.026547 -3.989013 1.521881
1.052166 -3.989013 1.521881
1.052166 -3.906313 1.975251
1.026548 -2.658606 1.975251
1.026548 -2.658610 1.521881
1.052166 -2.658610 1.521881
1.052166 -2.658606 1.975251
1.026548 -2.658610 1.521881
1.026548 -1.994462 1.521881
1.052167 -1.994462 1.521881
1.052166 -2.658610 1.521881
1.026549 -1.317357 1.521881
1.052167 -1.317357 1.521881
1.026549 -1.317357 1.521881
1.026549 -1.317356 1.975251
1.052167 -1.317356 1.975251
1.052167 -1.317357 1.521881
1.026549 -1.317356 1.975251
1.026548 -2.658606 1.975251
1.052166 -2.658606 1.975251
1.052167 -1.317356 1.975251
1.026549 -0.248889 1.461839
1.026549 -1.257314 1.461838
1.086858 -1.257315 1.461838
1.086859 -0.248889 1.461839
1.026548 -1.994462 1.461838
1.086858 -1.994462 1.461838
1.026548 -2.718654 1.461839
1.086858 -2.718654 1.461839
1.026547 -4.049056 1.461839
1.086857 -4.049056 1.461839
1.026547 -4.049056 1.461839
1.026547 -4.049054 0.629195
1.086857 -4.049054 0.629195
1.086857 -4.049056 1.461839
1.026547 -4.049054 0.629195
1.086857 -3.877128 0.629195
1.086857 -4.049054 0.629195
1.086859 -0.248889 1.461839
1.019081 1.543046 1.247429
1.019081 1.543046 0.674561
1.009327 1.550889 1.292795
0.879894 0.940538 0.674561
0.879894 0.940538 1.247346
0.869683 0.896336 0.629195
0.879894 0.940538 0.674561
1.019081 1.543046 0.674561
1.019081 1.543046 1.247429
1.093444 1.525868 1.247429
1.093444 1.525868 0.674561
1.019081 1.543046 1.247429
0.879894 0.940538 1.247346
0.954257 0.923359 1.247346
1.093444 1.525868 1.247429
0.879894 0.940538 1.247346
0.879894 0.940538 0.674561
0.954257 0.923359 0.674561
0.954257 0.923359 1.247346
0.879894 0.940538 0.674561
1.019081 1.543046 0.674561
1.093444 1.525868 0.674561
0.954257 0.923359 0.674561
0.952125 3.755795 1.906118
0.869710 3.638626 2.561055
0.922203 3.622139 2.493761
0.922203 3.622139 2.493761
0.957658 3.710991 1.940278
0.869710 3.638626 2.561055
0.909188 3.398153 2.581564
0.944308 3.459635 2.487798
0.922203 3.622139 2.493761
0.982484 3.538695 1.939337
0.982484 3.538695 1.939337
0.944308 3.459635 2.487798
0.909188 3.398153 2.581564
0.957658 3.710991 1.940278
0.922203 3.622139 2.493761
0.914484 3.610994 2.479198
0.948292 3.695093 1.951143
0.922203 3.622139 2.493761
0.944308 3.459635 2.487798
0.932518 3.472117 2.476859
0.914484 3.610994 2.479198
0.944308 3.459635 2.487798
0.982484 3.538695 1.939337
0.969356 3.546582 1.950295
0.932518 3.472117 2.476859
0.982484 3.538695 1.939337
0.957658 3.710991 1.940278
0.948292 3.695093 1.951143
0.969356 3.546582 1.950295
0.921085 3.837870 1.351355
0.920579 3.797817 1.856069
0.920839 3.839944 0.948087
0.784914 4.028380 0.917969
0.785755 4.025699 0.967279
0.784914 4.028380 0.917969
0.000003 4.028381 0.917969
0.000003 4.026884 0.967314
0.785755 4.025699 0.967279
0.762191 3.990367 1.852602
0.000003 3.991063 1.852666
0.762191 3.990367 1.852602
0.920579 3.797817 1.856069
0.921085 3.837870 1.351355
0.919410 3.859069 1.352252
0.918734 3.820193 1.839098
0.920839 3.839944 0.948087
0.919616 3.860367 0.966948
0.920839 3.839944 0.948087
0.785755 4.025699 0.967279
0.791709 4.035342 0.985083
0.919616 3.860367 0.966948
0.785755 4.025699 0.967279
0.000003 4.026884 0.967314
0.000003 3.991063 1.852666
0.762191 3.990367 1.852602
0.767750 4.001800 1.835910
0.000003 4.003894 1.835916
0.762191 3.990367 1.852602
0.920579 3.797817 1.856069
0.918734 3.820193 1.839098
0.767750 4.001800 1.835910
1.017084 1.587248 1.292800
1.017084 1.587248 1.905606
0.977055 1.587244 1.903515
0.977354 1.587243 1.292800
1.017084 1.587248 1.905606
0.941165 1.587293 2.630112
0.903850 1.587288 2.602121
0.977055 1.587244 1.903515
0.941165 1.587293 2.630112
0.797297 1.587274 2.688918
0.789432 1.587271 2.648890
0.903850 1.587288 2.602121
0.000002 1.587187 2.688919
0.000002 1.587188 2.642817
0.527612 0.896336 1.292706
0.869683 0.896336 1.292706
0.869683 0.896336 1.292706
0.879894 0.940538 1.247346
0.977345 1.671036 1.292797
0.527697 1.670979 1.292797
0.977354 1.587243 1.292800
0.977055 1.587244 1.903515
0.977047 1.671037 1.903511
0.977345 1.671036 1.292797
0.903850 1.587288 2.602121
0.903842 1.671082 2.602117
0.903850 1.587288 2.602121
0.789432 1.587271 2.648890
0.789424 1.671064 2.648887
0.903842 1.671082 2.602117
0.000002 1.587188 2.642817
0.000002 1.670981 2.642814
0.527616 1.670979 1.905603
0.000002 1.670981 1.905603
0.527697 1.670979 1.292797
0.527616 1.670979 1.905603
1.049814 3.239801 1.084514
1.049814 3.287148 1.134119
1.049814 3.029005 1.316548
1.049814 2.998341 1.257921
1.049814 3.362718 0.866640
1.049814 3.426565 0.880272
1.049813 1.991229 0.929081
1.049813 2.045120 0.884769
1.049813 2.161347 1.097883
1.049813 2.124966 1.147798
1.049813 2.354298 1.316912
1.049813 2.370883 1.250980
1.049814 2.673719 1.307813
1.049814 2.672793 1.377897
1.049813 1.933749 0.680218
1.049813 2.000572 0.679919
1.036471 3.302469 1.147800
1.036471 3.036861 1.335505
1.049814 3.029005 1.316548
1.049814 3.287148 1.134119
1.036471 2.672604 1.398239
1.049814 2.672793 1.377897
1.036471 2.346074 1.335715
1.049813 2.354298 1.316912
1.036470 2.109935 1.161581
1.049813 2.124966 1.147798
1.036470 1.972459 0.936750
1.049813 1.991229 0.929081
1.036470 1.908611 0.660317
1.049813 1.933749 0.680218
1.036470 1.908611 0.660317
1.036470 2.016685 0.659832
1.049813 2.000572 0.679919
1.049813 1.933749 0.680218
1.036470 2.016685 0.659832
1.036470 2.064067 0.877708
1.049813 2.045120 0.884769
1.049813 2.000572 0.679919
1.036470 2.176772 1.084366
1.049813 2.161347 1.097883
1.036470 2.379030 1.232145
1.049813 2.370883 1.250980
1.036471 2.674054 1.287512
1.049814 2.673719 1.307813
1.036471 2.990561 1.238867
1.049814 2.998341 1.257921
1.036471 3.224540 1.070834
1.049814 3.239801 1.084514
1.036471 3.352513 0.843995
1.049814 3.362718 0.866640
1.036471 3.352513 0.843995
1.036471 3.457063 0.866318
1.049814 3.426565 0.880272
1.049814 3.362718 0.866640
1.036471 3.457063 0.866318
1.049814 3.426565 0.880272
1.109751 -1.484571 1.083522
1.109751 -1.428769 1.140229
1.109751 -1.684360 1.321728
1.109751 -1.718803 1.252706
1.109751 -1.367348 0.884533
1.109751 -1.303358 0.928342
1.109751 -2.677834 0.930792
1.109751 -2.613856 0.883286
1.109751 -2.465887 1.111224
1.109751 -2.511680 1.167151
1.109751 -2.271800 1.327394
1.109751 -2.250187 1.251504
1.109751 -1.990080 1.302450
1.109751 -1.991448 1.383271
1.109751 -1.314207 0.643892
1.109751 -1.241604 0.644016
1.109751 -2.737408 0.644276
1.109751 -2.659492 0.643927
1.089737 -1.417728 1.150390
1.089737 -1.678411 1.335505
1.109751 -1.684360 1.321728
1.109751 -1.428769 1.140229
1.089737 -1.991440 1.398239
1.109751 -1.991448 1.383271
1.089737 -2.277528 1.341218
1.109751 -2.271800 1.327394
1.089736 -2.522111 1.177834
1.109751 -2.511680 1.167151
1.089736 -2.691586 0.936751
1.109751 -2.677834 0.930792
1.089736 -2.755434 0.629680
1.109751 -2.737408 0.644276
1.089736 -2.755434 0.629680
1.089736 -2.647359 0.629195
1.109751 -2.659492 0.643927
1.109751 -2.737408 0.644276
1.089736 -2.647359 0.629195
1.089736 -2.599977 0.877709
1.109751 -2.613856 0.883286
1.109751 -2.659492 0.643927
1.089736 -2.455273 1.100619
1.109751 -2.465887 1.111224
1.089736 -2.244572 1.237648
1.109751 -2.250187 1.251504
1.089737 -1.989990 1.287512
1.109751 -1.990080 1.302450
1.089737 -1.724710 1.238868
1.109751 -1.718803 1.252706
1.089737 -1.495657 1.073424
1.109751 -1.484571 1.083522
1.089737 -1.381177 0.879092
1.109751 -1.367348 0.884533
1.089737 -1.325992 0.629195
1.109751 -1.314207 0.643892
1.089737 -1.325992 0.629195
1.089737 -1.223404 0.629370
1.109751 -1.241604 0.644016
1.109751 -1.314207 0.643892
1.089737 -1.223404 0.629370
1.089737 -1.289519 0.933776
1.109751 -1.303358 0.928342
1.109751 -1.241604 0.644016
-0.813137 -3.877105 0.629195
-0.434605 -2.718910 0.629195
-0.869681 0.896337 2.382208
-0.869681 0.344339 2.382208
-0.869681 -3.799965 2.035294
-0.869681 -3.801264 1.461839
-0.869681 -0.334844 2.382208
-0.869681 -3.707809 2.382208
-0.869680 0.276095 2.035294
-0.869681 -0.248748 2.035294
-0.869681 0.344339 2.382208
-0.869680 0.276095 2.035294
-0.869680 0.276095 2.035294
-0.869681 0.344339 2.382208
-0.869681 0.896337 2.382208
-0.869680 0.896337 1.905417
-0.869680 0.896337 1.905417
-0.869681 0.896337 2.382208
-0.527540 0.896337 1.905417
-0.869681 -3.707809 2.382208
-0.869681 -3.799965 2.035294
-0.869681 -3.707809 2.382208
-0.869681 -0.334844 2.382208
-0.869681 -0.248748 2.035294
-0.869680 -1.257313 2.035294
-0.869681 -2.718648 2.035294
-0.869681 -0.248748 2.035294
-0.869681 -0.334844 2.382208
-0.869680 0.896337 0.629195
-1.017081 1.587249 0.629195
-0.789420 1.671065 2.648887
-0.903838 1.671082 2.602118
-0.977044 1.671038 1.903511
-0.527612 1.670980 1.905603
-0.435039 1.999130 0.674623
-0.411921 3.377407 0.674623
-1.001225 1.678036 1.938053
-0.956889 1.678077 2.520491
-0.961158 2.325528 2.520491
-1.006171 2.325549 1.938059
-0.941161 1.587294 2.630112
-0.797293 1.587274 2.688918
-0.832724 2.500503 2.688918
-0.941189 2.500498 2.630112
-0.951970 3.818485 0.654922
-1.017093 1.999214 0.674623
-1.017093 2.044553 1.008603
-1.017093 1.999214 0.674623
-1.017081 1.587249 0.629195
-1.017081 1.587249 1.292800
-1.017081 1.587249 1.905606
-1.017105 2.340536 1.318615
-1.017112 2.490110 1.905612
-1.123696 3.454504 0.694720
-1.120915 3.443687 0.820167
-1.040266 3.873841 0.852580
-1.037629 3.941626 0.681756
-1.039914 3.377865 0.674623
-0.941189 2.500498 2.630112
-0.948662 2.687056 2.581564
-1.035627 2.686997 1.905616
-0.948662 2.687056 2.581564
-0.832168 2.687056 2.646809
-1.005449 2.793842 1.947800
-0.960698 2.798944 2.475910
-0.924687 3.350441 2.475910
-0.967643 3.438148 1.948028
-0.909183 3.398153 2.581564
-0.806453 3.380178 2.634959
-0.869681 -0.249027 0.629195
-0.869681 -0.248748 2.035294
-0.869680 0.896337 1.292706
-0.869680 0.896337 0.629195
-0.869681 -0.248887 1.461839
-0.869681 -0.249027 0.629195
-0.737039 3.786811 2.483685
-0.069429 3.789606 2.484815
-0.069501 3.967887 1.935926
-0.753112 3.972966 1.937443
-0.791704 4.035342 0.985083
-0.778026 4.026232 1.347846
-0.851152 4.115332 0.721812
-1.037629 3.941626 0.681756
-1.040266 3.873841 0.852580
-0.835136 4.122553 0.879332
-1.037629 3.941626 0.681756
-0.851152 4.115332 0.721812
-0.778010 3.675109 2.622041
-0.750920 3.775584 2.553639
-0.869705 3.638626 2.561055
-0.913332 3.785465 1.945958
-0.875314 3.707255 2.489302
-0.434604 -1.256734 0.629195
-1.086856 -1.257314 1.461839
-1.086856 -1.428816 1.152445
-1.086857 -1.989989 1.345371
-1.086857 -1.994462 1.461839
-0.869681 -3.801264 0.685689
-1.052165 -0.308805 1.975251
-1.052165 -0.308917 1.521881
-1.052165 -1.197271 1.521881
-1.052165 -1.197270 1.975251
-1.052166 -3.906312 1.975251
-1.052166 -2.778692 1.975251
-1.052166 -2.778696 1.521881
-1.052166 -3.989012 1.521882
-1.052165 -1.994462 1.521881
-1.052166 -2.658610 1.521881
-1.052166 -2.658606 1.975251
-1.052165 -1.317357 1.521881
-1.052165 -1.317356 1.975251
-1.086856 -1.256733 0.629195
-1.086857 -2.718653 1.461839
-1.086857 -2.510631 1.152412
-1.086857 -2.718910 0.629195
-1.086857 -3.877127 0.629195
-1.086857 -4.049053 0.629195
-1.086857 -4.049055 1.461839
-1.086856 -0.248888 1.461839
-1.086856 -0.249027 0.629195
-0.952052 3.799428 1.349755
-0.992350 3.530257 1.337245
-0.993873 3.501851 1.905867
-0.952120 3.755796 1.906118
-1.086857 -3.877127 0.629195
-1.086857 -2.718910 0.629195
-0.434605 -2.718910 0.629195
-1.086857 -2.718910 0.629195
-1.086857 -2.510631 1.152412
-0.434369 -2.510632 1.152412
-0.434369 -2.510632 1.152412
-1.086857 -2.510631 1.152412
-1.086857 -1.989989 1.345371
-0.434369 -1.989989 1.345372
-0.434369 -1.989989 1.345372
-1.086857 -1.989989 1.345371
-1.086856 -1.428816 1.152445
-0.434369 -1.428817 1.152445
-0.434369 -1.428817 1.152445
-1.086856 -1.428816 1.152445
-1.086856 -1.256733 0.629195
-0.434604 -1.256734 0.629195
-1.086856 -1.256733 0.629195
-1.086856 -0.249027 0.629195
-0.869681 -0.249027 0.629195
-1.086856 -0.249027 0.629195
-1.026547 -0.248888 1.461839
-0.869681 -0.248887 1.461839
-1.026547 -0.248748 2.035294
-0.869681 -0.248748 2.035294
-0.869681 -0.248748 2.035294
-1.026547 -0.248748 2.035294
-1.026547 -1.257313 2.035294
-0.869680 -1.257313 2.035294
-1.026547 -2.718648 2.035294
-0.869681 -2.718648 2.035294
-1.026548 -3.966356 2.035294
-0.869681 -3.966355 2.035294
-0.869681 -3.966355 2.035294
-1.026548 -3.966356 2.035294
-1.026547 -4.049055 1.461839
-0.869681 -4.049055 1.461839
-1.026547 -4.049053 0.629195
-0.869681 -4.049054 0.629195
-0.869681 -4.049055 0.685689
-0.954254 0.923360 0.674561
-0.954254 0.923360 1.247346
-1.093440 1.525868 1.247429
-1.093440 1.525868 0.674561
-0.527609 0.896337 1.292706
-0.869680 0.896337 1.292706
-0.977342 1.671037 1.292797
-0.527693 1.670979 1.292797
-0.977350 1.587244 1.292800
-1.017081 1.587249 1.292800
-1.009324 1.550890 1.292795
-0.527701 1.587186 1.292800
-0.527540 0.896337 1.905417
-0.527620 1.587186 1.905606
-0.527609 0.896337 1.292706
-0.527540 0.896337 1.905417
-0.527620 1.587186 1.905606
-0.527701 1.587186 1.292800
-0.869681 -4.049055 0.685689
-0.869681 -4.049054 0.629195
-0.869681 -3.799965 2.035294
-0.869681 -3.966355 2.035294
-0.869681 -4.049055 1.461839
-0.869681 -3.801264 1.461839
-0.869681 -4.049055 0.685689
-0.869681 -3.801264 0.685689
-0.869681 -3.801264 0.685689
-0.869681 -4.049055 0.685689
-1.039914 3.377865 0.674623
-0.411921 3.377407 0.674623
-0.388929 3.334085 1.008397
-1.039928 3.335044 1.008397
-1.039919 3.361574 0.852066
-1.039928 3.335044 1.008397
-0.388929 3.334085 1.008397
-0.400073 3.036181 1.323112
-1.037870 3.036954 1.323113
-1.037870 3.036954 1.323113
-0.400073 3.036181 1.323112
-1.035610 2.686947 1.320831
-1.017105 2.340536 1.318615
-0.424193 2.340168 1.318615
-0.435224 2.044369 1.008603
-1.017093 2.044553 1.008603
-1.017093 2.044553 1.008603
-0.435224 2.044369 1.008603
-0.435039 1.999130 0.674623
-1.017093 1.999214 0.674623
-0.435039 1.999130 0.674623
-0.435224 2.044369 1.008603
-0.424193 2.340168 1.318615
-0.400073 3.036181 1.323112
-0.388929 3.334085 1.008397
-0.411921 3.377407 0.674623
-0.434605 -2.718910 0.629195
-0.434369 -2.510632 1.152412
-0.434369 -1.989989 1.345372
-0.434369 -1.428817 1.152445
-0.434604 -1.256734 0.629195
-0.969351 3.546583 1.950295
-0.932513 3.472118 2.476859
-0.914479 3.610995 2.479198
-0.948287 3.695094 1.951144
-0.869705 3.638626 2.561055
-0.778010 3.675109 2.622041
-1.039928 3.335044 1.008397
-0.750920 3.775584 2.553639
-0.778026 4.026232 1.347846
-0.791704 4.035342 0.985083
-0.919611 3.860368 0.966948
-0.919405 3.859070 1.352252
-0.951983 3.801932 0.894490
-1.039919 3.361574 0.852066
-0.767745 4.001801 1.835910
-0.767745 4.001801 1.835910
-0.918729 3.820194 1.839098
-1.034225 2.787606 1.941003
-0.995422 3.448892 1.941237
-0.951334 3.358873 2.482791
-0.909183 3.398153 2.581564
-0.988294 2.792843 2.482791
-0.941161 1.587294 2.630112
-1.016805 1.670683 2.527551
-1.017081 1.670641 1.930958
-1.017081 1.670641 1.930958
-0.941161 1.587294 2.630112
-1.017112 2.331128 1.930964
-1.016831 2.333869 2.527551
-1.016831 2.333869 2.527551
-1.016805 1.670683 2.527551
-0.941161 1.587294 2.630112
-0.941189 2.500498 2.630112
-1.016805 1.670683 2.527551
-0.956889 1.678077 2.520491
-1.001225 1.678036 1.938053
-1.017081 1.670641 1.930958
-1.017081 1.670641 1.930958
-1.001225 1.678036 1.938053
-1.006171 2.325549 1.938059
-1.017112 2.331128 1.930964
-1.017112 2.331128 1.930964
-1.006171 2.325549 1.938059
-0.961158 2.325528 2.520491
-1.016831 2.333869 2.527551
-1.016831 2.333869 2.527551
-0.961158 2.325528 2.520491
-0.956889 1.678077 2.520491
-1.016805 1.670683 2.527551
-1.034225 2.787606 1.941003
-1.005449 2.793842 1.947800
-0.967643 3.438148 1.948028
-0.995422 3.448892 1.941237
-0.995422 3.448892 1.941237
-0.967643 3.438148 1.948028
-0.924687 3.350441 2.475910
-0.951334 3.358873 2.482791
-0.951334 3.358873 2.482791
-0.924687 3.350441 2.475910
-0.960698 2.798944 2.475910
-0.988294 2.792843 2.482791
-0.988294 2.792843 2.482791
-0.960698 2.798944 2.475910
-1.005449 2.793842 1.947800
-1.034225 2.787606 1.941003
-1.037870 3.036954 1.323113
-1.035610 2.686947 1.320831
-0.424193 2.340168 1.318615
-1.017105 2.340536 1.318615
-0.869705 3.638626 2.561055
-0.889012 3.703516 2.503910
-0.931223 3.785048 1.936011
-0.931223 3.785048 1.936011
-0.952120 3.755796 1.906118
-0.869705 3.638626 2.561055
-0.757912 3.983866 1.927029
-0.761044 3.988686 1.901947
-0.761044 3.988686 1.901947
-0.757912 3.983866 1.927029
-0.056117 3.980915 1.926107
-0.056117 3.794343 2.500361
-0.738808 3.792137 2.499522
-0.750920 3.775584 2.553639
-0.750920 3.775584 2.553639
-0.738808 3.792137 2.499522
-0.889012 3.703516 2.503910
-0.889012 3.703516 2.503910
-0.869705 3.638626 2.561055
-0.750920 3.775584 2.553639
-0.889012 3.703516 2.503910
-0.875314 3.707255 2.489302
-0.913332 3.785465 1.945958
-0.931223 3.785048 1.936011
-0.931223 3.785048 1.936011
-0.913332 3.785465 1.945958
-0.753112 3.972966 1.937443
-0.757912 3.983866 1.927029
-0.757912 3.983866 1.927029
-0.753112 3.972966 1.937443
-0.069501 3.967887 1.935926
-0.056117 3.980915 1.926107
-0.056117 3.980915 1.926107
-0.069501 3.967887 1.935926
-0.069429 3.789606 2.484815
-0.056117 3.794343 2.500361
-0.056117 3.794343 2.500361
-0.069429 3.789606 2.484815
-0.737039 3.786811 2.483685
-0.875314 3.707255 2.489302
-0.951970 3.818485 0.654922
-0.835136 4.122553 0.879332
-0.784909 4.028380 0.917969
-1.040266 3.873841 0.852580
-0.951983 3.801932 0.894490
-1.120915 3.443687 0.820167
-1.039919 3.361574 0.852066
-1.039919 3.361574 0.852066
-1.120915 3.443687 0.820167
-1.123696 3.454504 0.694720
-1.039914 3.377865 0.674623
-1.039914 3.377865 0.674623
-1.123696 3.454504 0.694720
-0.851152 4.115332 0.721812
-0.835136 4.122553 0.879332
-1.113169 -3.877127 0.419383
-0.813136 -3.877105 0.419383
-0.869681 -4.049054 0.419383
-1.113170 -4.049053 0.419383
-0.813136 -3.877105 0.419383
-0.813137 -3.877105 0.629195
-1.113169 -3.877127 0.419383
-1.086857 -3.877127 0.629195
-1.221514 -3.877127 0.612876
-1.221514 -3.877127 0.419383
-1.221514 -4.049053 0.419383
-1.221514 -4.049053 0.612876
-1.113170 -4.157397 0.618598
-1.113170 -4.157397 0.510254
-0.869681 -4.157398 0.510254
-0.869681 -4.157398 0.618598
-0.869681 -4.049054 0.629195
-0.869681 -4.157398 0.618598
-0.869681 -4.157398 0.510254
-0.869681 -4.049054 0.419383
-1.113170 -4.157397 0.510254
-1.113170 -4.049053 0.419383
-1.201764 -4.130782 0.501317
-1.201764 -4.130782 0.609798
-1.026547 -4.049053 0.629195
-1.113170 -4.157397 0.618598
-1.086857 -3.877127 0.629195
-1.221514 -3.877127 0.612876
-1.221514 -4.049053 0.612876
-1.201764 -4.130782 0.609798
-1.201764 -4.130782 0.609798
-1.201764 -4.130782 0.501317
-1.201764 -4.130782 0.501317
-1.221514 -4.049053 0.419383
-1.221514 -4.049053 0.419383
-1.221514 -3.877127 0.419383
-1.221514 -3.877127 0.419383
-1.221514 -3.877127 0.612876
-1.026547 -1.257314 1.461839
-1.026547 -1.197271 1.521881
-1.026547 -0.308917 1.521881
-1.026547 -0.248888 1.461839
-1.026547 -0.308805 1.975251
-1.026547 -0.248748 2.035294
-1.026547 -1.197270 1.975251
-1.026547 -1.257313 2.035294
-1.026547 -2.718648 2.035294
-1.026547 -2.658606 1.975251
-1.026547 -2.658610 1.521881
-1.026547 -2.718653 1.461839
-1.026547 -1.994462 1.521881
-1.026547 -1.994462 1.461839
-1.026547 -1.317357 1.521881
-1.026547 -1.317356 1.975251
-1.026547 -4.049055 1.461839
-1.026547 -3.989012 1.521882
-1.026547 -2.778696 1.521881
-1.026547 -2.778692 1.975251
-1.026548 -3.906312 1.975251
-1.026548 -3.966356 2.035294
-1.026547 -1.197271 1.521881
-1.052165 -1.197271 1.521881
-1.052165 -0.308917 1.521881
-1.026547 -0.308917 1.521881
-1.026547 -0.308917 1.521881
-1.052165 -0.308917 1.521881
-1.052165 -0.308805 1.975251
-1.026547 -0.308805 1.975251
-1.026547 -0.308805 1.975251
-1.052165 -0.308805 1.975251
-1.052165 -1.197270 1.975251
-1.026547 -1.197270 1.975251
-1.026547 -1.197270 1.975251
-1.052165 -1.197270 1.975251
-1.052165 -1.197271 1.521881
-1.026547 -1.197271 1.521881
-1.026547 -3.989012 1.521882
-1.052166 -3.989012 1.521882
-1.052166 -2.778696 1.521881
-1.026547 -2.778696 1.521881
-1.026547 -2.778696 1.521881
-1.052166 -2.778696 1.521881
-1.052166 -2.778692 1.975251
-1.026547 -2.778692 1.975251
-1.026547 -2.778692 1.975251
-1.052166 -2.778692 1.975251
-1.052166 -3.906312 1.975251
-1.026548 -3.906312 1.975251
-1.026548 -3.906312 1.975251
-1.052166 -3.906312 1.975251
-1.052166 -3.989012 1.521882
-1.026547 -3.989012 1.521882
-1.026547 -2.658606 1.975251
-1.052166 -2.658606 1.975251
-1.052166 -2.658610 1.521881
-1.026547 -2.658610 1.521881
-1.026547 -2.658610 1.521881
-1.052166 -2.658610 1.521881
-1.052165 -1.994462 1.521881
-1.026547 -1.994462 1.521881
-1.052165 -1.317357 1.521881
-1.026547 -1.317357 1.521881
-1.026547 -1.317357 1.521881
-1.052165 -1.317357 1.521881
-1.052165 -1.317356 1.975251
-1.026547 -1.317356 1.975251
-1.026547 -1.317356 1.975251
-1.052165 -1.317356 1.975251
-1.052166 -2.658606 1.975251
-1.026547 -2.658606 1.975251
-1.026547 -0.248888 1.461839
-1.086856 -0.248888 1.461839
-1.086856 -1.257314 1.461839
-1.026547 -1.257314 1.461839
-1.086857 -1.994462 1.461839
-1.026547 -1.994462 1.461839
-1.086857 -2.718653 1.461839
-1.026547 -2.718653 1.461839
-1.086857 -4.049055 1.461839
-1.026547 -4.049055 1.461839
-1.026547 -4.049055 1.461839
-1.086857 -4.049055 1.461839
-1.086857 -4.049053 0.629195
-1.026547 -4.049053 0.629195
-1.026547 -4.049053 0.629195
-1.086857 -4.049053 0.629195
-1.086857 -3.877127 0.629195
-1.086856 -0.248888 1.461839
-1.019078 1.543047 0.674561
-1.019077 1.543047 1.247429
-1.009324 1.550890 1.292795
-0.879891 0.940539 1.247346
-0.879891 0.940539 0.674561
-0.869680 0.896337 0.629195
-0.879891 0.940539 0.674561
-1.019078 1.543047 0.674561
-1.093440 1.525868 0.674561
-1.093440 1.525868 1.247429
-1.019077 1.543047 1.247429
-1.019077 1.543047 1.247429
-1.093440 1.525868 1.247429
-0.954254 0.923360 1.247346
-0.879891 0.940539 1.247346
-0.879891 0.940539 1.247346
-0.954254 0.923360 1.247346
-0.954254 0.923360 0.674561
-0.879891 0.940539 0.674561
-0.879891 0.940539 0.674561
-0.954254 0.923360 0.674561
-1.093440 1.525868 0.674561
-1.019078 1.543047 0.674561
-0.957653 3.710992 1.940278
-0.922199 3.622139 2.493761
-0.922199 3.622139 2.493761
-0.869705 3.638626 2.561055
-0.952120 3.755796 1.906118
-0.869705 3.638626 2.561055
-0.922199 3.622139 2.493761
-0.944303 3.459635 2.487798
-0.909183 3.398153 2.581564
-0.909183 3.398153 2.581564
-0.944303 3.459635 2.487798
-0.982479 3.538696 1.939337
-0.982479 3.538696 1.939337
-0.957653 3.710992 1.940278
-0.948287 3.695094 1.951144
-0.914479 3.610995 2.479198
-0.922199 3.622139 2.493761
-0.922199 3.622139 2.493761
-0.914479 3.610995 2.479198
-0.932513 3.472118 2.476859
-0.944303 3.459635 2.487798
-0.944303 3.459635 2.487798
-0.932513 3.472118 2.476859
-0.969351 3.546583 1.950295
-0.982479 3.538696 1.939337
-0.982479 3.538696 1.939337
-0.969351 3.546583 1.950295
-0.948287 3.695094 1.951144
-0.957653 3.710992 1.940278
-0.920574 3.797818 1.856069
-0.921080 3.837871 1.351355
-0.952052 3.799428 1.349755
-0.920834 3.839944 0.948087
-0.951983 3.801932 0.894490
-0.785750 4.025700 0.967279
-0.784909 4.028380 0.917969
-0.784909 4.028380 0.917969
-0.785750 4.025700 0.967279
-0.762186 3.990368 1.852602
-0.762186 3.990368 1.852602
-0.920574 3.797818 1.856069
-0.918729 3.820194 1.839098
-0.919405 3.859070 1.352252
-0.921080 3.837871 1.351355
-0.919611 3.860368 0.966948
-0.920834 3.839944 0.948087
-0.920834 3.839944 0.948087
-0.919611 3.860368 0.966948
-0.791704 4.035342 0.985083
-0.785750 4.025700 0.967279
-0.785750 4.025700 0.967279
-0.767745 4.001801 1.835910
-0.762186 3.990368 1.852602
-0.762186 3.990368 1.852602
-0.767745 4.001801 1.835910
-0.918729 3.820194 1.839098
-0.920574 3.797818 1.856069
-1.017081 1.587249 1.292800
-0.977350 1.587244 1.292800
-0.977052 1.587245 1.903515
-1.017081 1.587249 1.905606
-1.017081 1.587249 1.905606
-0.977052 1.587245 1.903515
-0.903846 1.587289 2.602121
-0.941161 1.587294 2.630112
-0.941161 1.587294 2.630112
-0.903846 1.587289 2.602121
-0.789428 1.587272 2.648890
-0.797293 1.587274 2.688918
-0.869680 0.896337 1.292706
-0.527609 0.896337 1.292706
-0.879891 0.940539 1.247346
-0.869680 0.896337 1.292706
-0.527693 1.670979 1.292797
-0.977342 1.671037 1.292797
-0.977350 1.587244 1.292800
-0.977342 1.671037 1.292797
-0.977044 1.671038 1.903511
-0.977052 1.587245 1.903515
-0.903838 1.671082 2.602118
-0.903846 1.587289 2.602121
-0.903846 1.587289 2.602121
-0.903838 1.671082 2.602118
-0.789420 1.671065 2.648887
-0.789428 1.587272 2.648890
-0.527612 1.670980 1.905603
-0.527612 1.670980 1.905603
-0.527693 1.670979 1.292797
-1.049809 3.239802 1.084514
-1.049809 2.998342 1.257921
-1.049809 3.029006 1.316548
-1.049809 3.287149 1.134119
-1.049809 3.426566 0.880272
-1.049809 3.362719 0.866640
-1.049809 1.991229 0.929081
-1.049809 2.124967 1.147798
-1.049809 2.161348 1.097883
-1.049809 2.045121 0.884769
-1.049809 2.354299 1.316912
-1.049809 2.672794 1.377897
-1.049809 2.673720 1.307813
-1.049809 2.370884 1.250980
-1.049809 2.000572 0.679919
-1.049809 1.933749 0.680218
-1.036466 3.302470 1.147800
-1.049809 3.287149 1.134119
-1.049809 3.029006 1.316548
-1.036466 3.036861 1.335505
-1.049809 2.672794 1.377897
-1.036466 2.672604 1.398239
-1.049809 2.354299 1.316912
-1.036466 2.346075 1.335716
-1.049809 2.124967 1.147798
-1.036466 2.109936 1.161581
-1.049809 1.991229 0.929081
-1.036466 1.972460 0.936750
-1.049809 1.933749 0.680218
-1.036466 1.908611 0.660317
-1.036466 1.908611 0.660317
-1.049809 1.933749 0.680218
-1.049809 2.000572 0.679919
-1.036466 2.016686 0.659832
-1.036466 2.016686 0.659832
-1.049809 2.000572 0.679919
-1.049809 2.045121 0.884769
-1.036466 2.064068 0.877709
-1.049809 2.161348 1.097883
-1.036466 2.176773 1.084367
-1.049809 2.370884 1.250980
-1.036466 2.379030 1.232145
-1.049809 2.673720 1.307813
-1.036466 2.674055 1.287512
-1.049809 2.998342 1.257921
-1.036466 2.990562 1.238867
-1.049809 3.239802 1.084514
-1.036466 3.224540 1.070834
-1.049809 3.362719 0.866640
-1.036466 3.352514 0.843996
-1.036466 3.352514 0.843996
-1.049809 3.362719 0.866640
-1.049809 3.426566 0.880272
-1.036466 3.457063 0.866318
-1.036466 3.457063 0.866318
-1.049809 3.426566 0.880272
-1.109749 -1.484571 1.083522
-1.109750 -1.718803 1.252706
-1.109750 -1.684360 1.321728
-1.109750 -1.428769 1.140229
-1.109749 -1.303357 0.928342
-1.109749 -1.367347 0.884534
-1.109750 -2.677833 0.930792
-1.109750 -2.511679 1.167151
-1.109750 -2.465887 1.111224
-1.109750 -2.613855 0.883286
-1.109750 -2.271799 1.327394
-1.109750 -1.991448 1.383271
-1.109750 -1.990079 1.302450
-1.109750 -2.250186 1.251504
-1.109749 -1.314207 0.643892
-1.109749 -1.241603 0.644016
-1.109750 -2.659491 0.643927
-1.109750 -2.737407 0.644276
-1.089735 -1.417727 1.150390
-1.109750 -1.428769 1.140229
-1.109750 -1.684360 1.321728
-1.089735 -1.678411 1.335505
-1.109750 -1.991448 1.383271
-1.089736 -1.991440 1.398239
-1.109750 -2.271799 1.327394
-1.089736 -2.277528 1.341218
-1.109750 -2.511679 1.167151
-1.089736 -2.522110 1.177834
-1.109750 -2.677833 0.930792
-1.089736 -2.691584 0.936751
-1.109750 -2.737407 0.644276
-1.089736 -2.755433 0.629680
-1.089736 -2.755433 0.629680
-1.109750 -2.737407 0.644276
-1.109750 -2.659491 0.643927
-1.089736 -2.647358 0.629195
-1.089736 -2.647358 0.629195
-1.109750 -2.659491 0.643927
-1.109750 -2.613855 0.883286
-1.089736 -2.599977 0.877709
-1.109750 -2.465887 1.111224
-1.089735 -2.455273 1.100619
-1.109750 -2.250186 1.251504
-1.089735 -2.244571 1.237648
-1.109750 -1.990079 1.302450
-1.089735 -1.989989 1.287512
-1.109750 -1.718803 1.252706
-1.089735 -1.724710 1.238868
-1.109749 -1.484571 1.083522
-1.089735 -1.495657 1.073424
-1.109749 -1.367347 0.884534
-1.089735 -1.381177 0.879092
-1.109749 -1.314207 0.643892
-1.089735 -1.325992 0.629195
-1.089735 -1.325992 0.629195
-1.109749 -1.314207 0.643892
-1.109749 -1.241603 0.644016
-1.089735 -1.223403 0.629370
-1.089735 -1.223403 0.629370
-1.109749 -1.241603 0.644016
-1.109749 -1.303357 0.928342
-1.089735 -1.289518 0.933776
</float_array>
          <technique_common>
            <accessor source="#hull-POSITION-array" count="1479" stride="3">
              <param name="X" type="float"/>
              <param name="Y" type="float"/>
              <param name="Z" type="float"/>
            </accessor>
          </technique_common>
        </source>
        <source id="hull-Normal0">
          <float_array id="hull-Normal0-array" count="9828">
-0.000000 -0.000000 -1.000000
-0.000000 -0.000000 -1.000000
-0.000000 -0.000000 -1.000000
-0.000000 -0.000000 -1.000000
-0.000000 -0.000000 -1.000000
-0.000000 -0.000000 -1.000000
0.000000 -0.000000 1.000000
0.000001 -0.000000 1.000000
0.000001 -0.000000 1.000000
0.000001 -0.000000 1.000000
0.000000 -0.000000 1.000000
0.000000 -0.000000 1.000000
-0.000000 -1.000000 0.000420
-0.000002 -0.999999 0.001132
0.001006 -0.991490 0.130181
0.001006 -0.991490 0.130181
-0.000000 -0.991416 0.130744
-0.000000 -1.000000 0.000420
0.000000 0.000000 1.000000
0.000001 -0.000000 1.000000
0.000001 0.000000 1.000000
0.000001 0.000000 1.000000
0.000000 0.000000 1.000000
0.000000 0.000000 1.000000
0.000000 0.000000 1.000000
0.000001 0.000000 1.000000
0.000001 -0.000000 1.000000
0.000001 -0.000000 1.000000
0.000000 -0.000000 1.000000
0.000000 0.000000 1.000000
-0.000000 -0.981195 0.193020
-0.000001 -0.981195 0.193019
-0.000001 -0.981195 0.193019
-0.000001 -0.981195 0.193019
-0.000000 -0.981195 0.193020
-0.000000 -0.981195 0.193020
1.000000 -0.000000 0.000000
1.000000 -0.000000 -0.000001
1.000000 -0.000001 -0.000002
1.000000 -0.000001 -0.000002
1.000000 -0.000001 -0.000001
1.000000 -0.000000 0.000000
0.000001 1.000000 -0.000001
0.000000 1.000000 -0.000000
0.000000 1.000000 -0.000000
0.000001 1.000000 -0.000001
0.000001 1.000000 -0.000001
0.000000 1.000000 -0.000000
0.000001 1.000000 -0.000001
0.000000 1.000000 -0.000000
0.000002 1.000000 -0.000000
-0.000000 -0.991416 0.130744
0.001006 -0.991490 0.130181
0.001082 -0.966256 0.257583
0.001082 -0.966256 0.257583
-0.000000 -0.965577 0.260116
-0.000000 -0.991416 0.130744
1.000000 -0.000000 -0.000001
1.000000 -0.000001 0.000000
1.000000 -0.000001 -0.000000
1.000000 -0.000000 -0.000001
1.000000 -0.000000 -0.000001
1.000000 -0.000001 -0.000000
1.000000 -0.000000 -0.000001
1.000000 -0.000000 -0.000001
1.000000 -0.000001 -0.000000
1.000000 -0.000000 -0.000001
1.000000 -0.000001 -0.000000
1.000000 -0.000000 -0.000001
0.000001 0.970557 0.240871
0.000000 0.970557 0.240871
0.000000 0.970557 0.240871
0.000000 0.970557 0.240871
0.000001 0.970557 0.240870
0.000001 0.970557 0.240871
-0.000000 -0.000000 -1.000000
-0.000000 -0.000000 -1.000000
-0.000000 0.054874 -0.998493
-0.000000 0.054874 -0.998493
-0.000004 0.058827 -0.998268
-0.000000 -0.000000 -1.000000
0.000071 -1.000000 0.000083
0.000129 -1.000000 0.000038
0.000107 -1.000000 0.000035
-0.000000 -1.000000 0.000060
0.000071 -1.000000 0.000083
0.000107 -1.000000 0.000035
-0.000000 -1.000000 0.000060
0.000107 -1.000000 0.000035
0.000129 -1.000000 -0.000025
-0.000000 -1.000000 0.000060
0.000129 -1.000000 -0.000025
-0.000000 -1.000000 0.000000
0.000000 -0.022294 -0.999751
-0.000025 -0.029602 -0.999562
0.000012 0.073469 -0.997298
0.000012 0.073469 -0.997298
0.000000 0.054878 -0.998493
0.000000 -0.022294 -0.999751
0.997049 -0.007062 0.076439
0.996998 -0.007617 0.077052
0.997043 -0.007130 0.076514
0.997043 -0.007130 0.076514
0.997094 -0.006575 0.075901
0.997049 -0.007062 0.076439
0.567956 -0.008538 0.823014
0.536272 0.091319 0.839091
0.242030 0.107144 0.964335
0.242030 0.107144 0.964335
0.188192 -0.007301 0.982105
0.567956 -0.008538 0.823014
0.000000 0.062098 -0.998070
0.108026 0.064359 -0.992063
-0.000025 -0.029602 -0.999562
-0.000025 -0.029602 -0.999562
0.000000 -0.022294 -0.999751
0.000000 0.062098 -0.998070
-0.000016 0.109608 -0.993975
-0.000004 0.058827 -0.998268
0.000012 0.073469 -0.997298
1.000000 -0.000032 -0.000001
0.999018 -0.012913 0.042396
0.998712 -0.028294 0.042126
1.000000 -0.000032 -0.000001
0.998712 -0.028294 0.042126
0.996888 -0.043935 -0.065450
1.000000 -0.000032 -0.000001
0.996888 -0.043935 -0.065450
1.000000 -0.000031 0.000004
0.999784 -0.020734 0.001714
0.998653 -0.030654 0.041865
0.999018 -0.012913 0.042396
0.999018 -0.012913 0.042396
1.000000 -0.000032 -0.000001
0.999784 -0.020734 0.001714
0.982801 0.180003 0.041257
0.983045 0.175133 0.054323
0.983013 0.176078 0.051795
0.983013 0.176078 0.051795
0.982693 0.181424 0.037424
0.982801 0.180003 0.041257
0.108026 0.064359 -0.992063
0.101539 -0.019787 -0.994635
-0.000025 -0.029602 -0.999562
-0.000004 0.058827 -0.998268
-0.000000 0.054874 -0.998493
0.000000 0.054878 -0.998493
0.000000 0.054878 -0.998493
0.000012 0.073469 -0.997298
-0.000004 0.058827 -0.998268
0.998653 -0.030654 0.041865
0.997411 -0.038381 0.060815
0.982028 -0.057568 0.179742
0.982028 -0.057568 0.179742
0.983139 0.152541 0.100840
0.998653 -0.030654 0.041865
0.483587 0.110051 0.868350
0.256496 0.120825 0.958964
0.242030 0.107144 0.964335
0.242030 0.107144 0.964335
0.536272 0.091319 0.839091
0.483587 0.110051 0.868350
0.994294 0.061704 0.087020
0.994181 0.058303 0.090587
0.994279 0.061205 0.087544
0.994279 0.061205 0.087544
0.994379 0.064929 0.083634
0.994294 0.061704 0.087020
0.448352 0.092403 0.889068
0.248662 0.054753 0.967042
0.256496 0.120825 0.958964
0.256496 0.120825 0.958964
0.483587 0.110051 0.868350
0.448352 0.092403 0.889068
-0.000000 -0.000000 -1.000000
-0.000000 -0.000000 -1.000000
-0.000000 0.000000 -1.000000
-0.000000 0.000000 -1.000000
-0.000000 0.000000 -1.000000
-0.000000 -0.000000 -1.000000
1.000000 -0.000000 -0.000001
1.000000 -0.000000 0.000000
1.000000 -0.000000 0.000000
0.997351 -0.072680 0.002821
1.000000 -0.000000 -0.000001
1.000000 -0.000000 0.000000
0.993591 -0.112905 -0.005385
0.997351 -0.072680 0.002821
1.000000 -0.000000 0.000000
0.993591 -0.112905 -0.005385
1.000000 -0.000000 0.000000
1.000000 -0.000000 -0.000000
1.000000 -0.000000 0.000000
0.993591 -0.112905 -0.005385
1.000000 -0.000000 -0.000000
0.249784 0.915320 0.315908
0.207498 0.850171 0.483894
-0.002674 0.778004 0.628254
-0.002674 0.778004 0.628254
0.004504 0.951079 0.308915
0.249784 0.915320 0.315908
0.000000 0.963082 -0.269208
0.000000 0.999217 0.039559
0.002316 0.999270 0.038122
0.002316 0.999270 0.038122
0.003763 0.977466 -0.211059
0.000000 0.963082 -0.269208
0.750578 0.650540 0.115891
0.773124 0.632311 0.049623
0.722524 0.666086 0.185172
0.722524 0.666086 0.185172
0.687578 0.678493 0.258621
0.750578 0.650540 0.115891
0.000000 0.211909 -0.977290
0.000000 0.252902 -0.967492
0.007750 0.234403 -0.972109
0.007750 0.234403 -0.972109
0.091300 0.155397 -0.983624
0.000000 0.211909 -0.977290
0.602562 0.553727 0.574722
0.548071 0.511194 0.662041
0.564602 0.524204 0.637522
0.207498 0.850171 0.483894
0.249784 0.915320 0.315908
0.547823 0.794728 0.261339
0.547823 0.794728 0.261339
0.748887 0.646535 0.145464
0.207498 0.850171 0.483894
-0.000000 -0.000000 -1.000000
-0.000000 0.000000 -1.000000
-0.000000 -0.000000 -1.000000
-0.000000 -0.000000 -1.000000
-0.000000 -0.000000 -1.000000
-0.000000 -0.000000 -1.000000
-0.000000 0.000000 -1.000000
-0.000000 0.000000 -1.000000
-0.000000 0.000000 -1.000000
-0.000000 0.000000 -1.000000
-0.000000 -0.000000 -1.000000
-0.000000 0.000000 -1.000000
1.000000 -0.000000 -0.000000
1.000000 -0.000000 -0.000000
1.000000 -0.000000 -0.000000
1.000000 -0.000000 -0.000000
1.000000 -0.000000 -0.000000
1.000000 -0.000000 -0.000000
-0.000000 -1.000000 0.000000
-0.000002 -1.000000 0.000000
-0.000002 -0.999999 0.001132
-0.000002 -0.999999 0.001132
-0.000000 -1.000000 0.000420
-0.000000 -1.000000 0.000000
1.000000 -0.000000 0.000000
1.000000 -0.000000 0.000000
1.000000 -0.000000 0.000000
1.000000 -0.000000 0.000000
1.000000 -0.000000 0.000000
1.000000 -0.000000 0.000000
1.000000 -0.000000 -0.000000
1.000000 -0.000000 -0.000000
1.000000 -0.000000 -0.000000
1.000000 -0.000000 -0.000000
1.000000 -0.000000 -0.000000
1.000000 -0.000000 -0.000000
1.000000 -0.000001 -0.000000
1.000000 -0.000001 -0.000000
1.000000 -0.000000 0.000000
1.000000 -0.000001 -0.000000
1.000000 -0.000000 0.000000
1.000000 -0.000000 -0.000000
1.000000 -0.000001 -0.000001
1.000000 -0.000001 -0.000000
1.000000 -0.000000 -0.000000
1.000000 -0.000000 -0.000000
1.000000 -0.000000 -0.000000
1.000000 -0.000000 -0.000000
1.000000 -0.000001 -0.000000
1.000000 -0.000001 -0.000000
1.000000 -0.000000 -0.000000
1.000000 -0.000001 -0.000000
1.000000 -0.000000 -0.000000
1.000000 -0.000000 -0.000000
1.000000 -0.000000 -0.000000
1.000000 -0.000000 -0.000000
1.000000 -0.000001 -0.000000
1.000000 -0.000001 -0.000000
1.000000 -0.000001 -0.000000
1.000000 -0.000001 0.000000
1.000000 -0.000001 -0.000000
1.000000 -0.000001 0.000000
1.000000 -0.000001 0.000001
1.000000 -0.000001 -0.000000
1.000000 -0.000001 0.000001
1.000000 -0.000001 -0.000000
1.000000 -0.000000 -0.000000
1.000000 -0.000000 -0.000000
1.000000 -0.000000 -0.000000
1.000000 -0.000000 -0.000000
1.000000 -0.000000 -0.000000
1.000000 -0.000000 -0.000000
0.910857 0.412190 0.020972
0.918686 0.391249 0.054224
0.990231 0.122976 0.065716
0.990231 0.122976 0.065716
0.991656 0.123890 0.035630
0.910857 0.412190 0.020972
-0.000000 -0.000000 -1.000000
-0.000000 -0.000000 -1.000000
-0.000000 -0.000000 -1.000000
-0.000000 -0.000000 -1.000000
-0.000000 0.000000 -1.000000
-0.000000 -0.000000 -1.000000
0.000000 0.929093 -0.369847
-0.000001 0.929093 -0.369846
0.000000 0.929093 -0.369847
0.000000 0.929093 -0.369847
0.000001 0.929092 -0.369848
0.000000 0.929093 -0.369847
-0.000000 0.347518 -0.937673
-0.000001 0.347519 -0.937673
-0.000000 0.347518 -0.937673
-0.000000 0.347518 -0.937673
-0.000000 0.347518 -0.937673
-0.000000 0.347518 -0.937673
-0.000000 -0.325115 -0.945675
0.000000 -0.325115 -0.945674
-0.000000 -0.325115 -0.945675
-0.000000 -0.325115 -0.945675
-0.000001 -0.325114 -0.945675
-0.000000 -0.325115 -0.945675
0.000001 -0.949947 -0.312412
0.000001 -0.949947 -0.312412
0.000001 -0.949947 -0.312412
0.000001 -0.949947 -0.312412
0.000001 -0.949947 -0.312412
0.000001 -0.949947 -0.312412
-0.000000 0.000000 -1.000000
-0.000000 0.000000 -1.000000
-0.000000 0.000000 -1.000000
-0.000000 0.000000 -1.000000
-0.000000 0.000000 -1.000000
-0.000000 0.000000 -1.000000
0.000001 1.000000 -0.000166
0.000006 1.000000 -0.000206
0.000004 1.000000 -0.000193
0.000004 1.000000 -0.000193
0.000000 1.000000 -0.000166
0.000001 1.000000 -0.000166
0.000006 1.000000 -0.000206
0.000000 1.000000 -0.000243
0.000001 1.000000 -0.000243
0.000001 1.000000 -0.000243
0.000004 1.000000 -0.000193
0.000006 1.000000 -0.000206
0.000000 0.000000 1.000000
0.000000 0.000000 1.000000
0.000000 0.000000 1.000000
0.000000 0.000000 1.000000
0.000000 0.000000 1.000000
0.000000 0.000000 1.000000
0.000000 0.000000 1.000000
0.000000 0.000000 1.000000
0.000000 0.000000 1.000000
0.000000 0.000000 1.000000
0.000000 0.000000 1.000000
0.000000 0.000000 1.000000
0.000000 0.000000 1.000000
0.000000 0.000000 1.000000
0.000000 0.000000 1.000000
0.000000 0.000000 1.000000
0.000000 0.000000 1.000000
0.000000 0.000000 1.000000
-0.000005 -0.989761 0.142736
-0.000002 -0.997437 0.071551
-0.000005 -0.998862 0.047686
-0.000005 -0.998862 0.047686
-0.000006 -0.989761 0.142736
-0.000005 -0.989761 0.142736
0.000003 -1.000000 -0.000005
0.000001 -1.000000 -0.000008
0.000002 -1.000000 -0.000002
-0.000002 -0.997437 0.071551
0.000003 -1.000000 -0.000005
0.000002 -1.000000 -0.000002
-0.000002 -0.997437 0.071551
0.000002 -1.000000 -0.000002
-0.000005 -0.998862 0.047686
0.974339 -0.225084 0.000000
0.974339 -0.225084 0.000000
0.974339 -0.225084 0.000000
0.974339 -0.225084 0.000000
0.974339 -0.225084 0.000000
0.974339 -0.225084 0.000000
0.000001 1.000000 -0.000001
-0.000000 1.000000 -0.000000
0.000000 1.000000 -0.000000
0.000000 1.000000 -0.000000
0.000001 1.000000 -0.000001
0.000001 1.000000 -0.000001
0.000128 -1.000000 0.000001
0.000129 -1.000000 0.000038
0.000071 -1.000000 0.000083
0.000071 -1.000000 0.000083
0.000128 -1.000000 0.000001
0.000128 -1.000000 0.000001
0.000000 -0.000079 1.000000
0.000000 -0.000049 1.000000
0.000000 -0.000137 1.000000
0.000000 -0.000137 1.000000
0.000000 -0.000138 1.000000
0.000000 -0.000079 1.000000
-0.000000 -0.000273 1.000000
-0.000000 -0.000117 1.000000
0.000000 -0.000117 1.000000
0.000000 -0.000117 1.000000
-0.000000 -0.000273 1.000000
-0.000000 -0.000273 1.000000
1.000000 -0.000126 0.000122
1.000000 -0.000019 0.000132
1.000000 -0.000015 0.000127
1.000000 -0.000015 0.000127
1.000000 -0.000118 0.000113
1.000000 -0.000126 0.000122
-0.000000 -1.000000 -0.000000
0.000001 -1.000000 -0.000008
0.000003 -1.000000 -0.000005
0.000003 -1.000000 -0.000005
-0.000000 -1.000000 0.000000
-0.000000 -1.000000 -0.000000
-1.000000 0.000001 0.000000
-1.000000 0.000000 0.000000
-1.000000 0.000000 0.000000
-1.000000 0.000000 0.000000
-1.000000 0.000001 0.000000
-1.000000 0.000001 0.000000
-1.000000 0.000000 0.000000
-1.000000 0.000000 0.000000
-1.000000 0.000000 0.000000
-1.000000 0.000000 0.000000
-1.000000 0.000000 0.000000
-1.000000 0.000000 0.000000
0.000000 -0.000000 1.000000
0.000000 -0.000000 1.000000
-0.000000 -0.000000 1.000000
-0.000000 -0.000000 1.000000
-0.000000 -0.000000 1.000000
0.000000 -0.000000 1.000000
0.012197 -0.992247 -0.123682
0.001452 -0.985903 -0.167313
0.003913 -0.991646 -0.128928
0.014211 -0.994607 -0.102739
0.012197 -0.992247 -0.123682
0.003913 -0.991646 -0.128928
0.014211 -0.994607 -0.102739
0.003913 -0.991646 -0.128928
0.000722 -0.991688 -0.128666
0.000951 -0.726099 -0.687589
0.000879 -0.726026 -0.687667
0.000998 -0.726147 -0.687539
0.000998 -0.726147 -0.687539
0.001069 -0.726218 -0.687463
0.000951 -0.726099 -0.687589
-0.000008 0.006520 -0.999979
-0.000017 0.006459 -0.999979
-0.000030 0.006479 -0.999979
-0.000318 0.723366 -0.690465
-0.000228 0.723282 -0.690553
-0.000361 0.723407 -0.690422
-0.000361 0.723407 -0.690422
-0.000449 0.723489 -0.690336
-0.000318 0.723366 -0.690465
-0.000200 0.990924 -0.134422
-0.000143 0.990911 -0.134518
-0.000256 0.990937 -0.134326
-0.000256 0.990937 -0.134326
-0.000313 0.990950 -0.134229
-0.000200 0.990924 -0.134422
0.998896 0.024356 0.040159
0.999396 0.034650 -0.002590
0.999350 0.035976 -0.002363
0.999350 0.035976 -0.002363
0.999006 0.044097 -0.006529
0.999373 0.034089 0.009535
0.998896 0.024356 0.040159
0.999350 0.035976 -0.002363
0.999373 0.034089 0.009535
0.997345 0.016728 0.070876
0.998896 0.024356 0.040159
0.999373 0.034089 0.009535
1.000000 0.000035 0.000292
1.000000 -0.000196 0.000528
1.000000 -0.000041 0.000409
1.000000 0.000027 0.000383
1.000000 0.000035 0.000292
1.000000 -0.000041 0.000409
1.000000 -0.000000 0.000450
1.000000 0.000027 0.000383
1.000000 -0.000041 0.000409
0.986795 0.137487 0.085632
0.986544 0.139440 0.085369
0.987850 0.128922 0.086785
0.987850 0.128922 0.086785
0.988095 0.126841 0.087064
0.986795 0.137487 0.085632
0.546665 0.103806 0.830892
0.179292 0.243530 0.953178
0.248662 0.054753 0.967042
0.248662 0.054753 0.967042
0.448352 0.092403 0.889068
0.546665 0.103806 0.830892
0.987500 0.150083 0.048152
0.910857 0.412190 0.020972
0.991656 0.123890 0.035630
0.000000 0.342877 0.939380
0.179292 0.243530 0.953178
-0.000326 0.562528 0.826778
-0.000326 0.562528 0.826778
0.000000 0.560711 0.828012
0.000000 0.342877 0.939380
0.179292 0.243530 0.953178
0.000000 0.342877 0.939380
0.000000 0.043915 0.999035
0.000000 0.043915 0.999035
0.248662 0.054753 0.967042
0.179292 0.243530 0.953178
0.248662 0.054753 0.967042
0.000000 0.043915 0.999035
0.000000 0.114628 0.993409
0.000000 0.114628 0.993409
0.256496 0.120825 0.958964
0.248662 0.054753 0.967042
0.000000 0.114628 0.993409
0.000000 0.110792 0.993844
0.242030 0.107144 0.964335
0.242030 0.107144 0.964335
0.256496 0.120825 0.958964
0.000000 0.114628 0.993409
0.000000 0.110792 0.993844
0.000000 0.000000 1.000000
0.188192 -0.007301 0.982105
0.188192 -0.007301 0.982105
0.242030 0.107144 0.964335
0.000000 0.110792 0.993844
0.770744 0.636335 0.032122
0.763735 0.644975 0.026759
0.793539 0.607764 0.030315
0.793539 0.607764 0.030315
0.808702 0.586479 0.045220
0.770744 0.636335 0.032122
0.917559 0.397259 0.016459
0.910857 0.412190 0.020972
0.987500 0.150083 0.048152
0.987500 0.150083 0.048152
0.980716 0.192695 0.032643
0.917559 0.397259 0.016459
0.000000 0.999217 0.039559
0.000000 0.998848 0.047982
0.001886 0.998782 0.049298
0.001886 0.998782 0.049298
0.002316 0.999270 0.038122
0.000000 0.999217 0.039559
0.766021 0.640781 0.051102
0.767467 0.638969 0.052090
0.763735 0.644975 0.026759
0.763735 0.644975 0.026759
0.770744 0.636335 0.032122
0.766021 0.640781 0.051102
0.997411 -0.038381 0.060815
0.990231 0.122976 0.065716
0.995556 0.071297 0.061518
0.995556 0.071297 0.061518
0.999612 0.012952 -0.024642
0.997411 -0.038381 0.060815
0.990231 0.122976 0.065716
0.928283 0.196055 0.315997
0.916957 0.294769 0.268888
0.916957 0.294769 0.268888
0.995556 0.071297 0.061518
0.990231 0.122976 0.065716
0.928283 0.196055 0.315997
0.982028 -0.057568 0.179742
0.959281 -0.117026 0.257069
0.959281 -0.117026 0.257069
0.916957 0.294769 0.268888
0.928283 0.196055 0.315997
0.982028 -0.057568 0.179742
0.997411 -0.038381 0.060815
0.999612 0.012952 -0.024642
0.999612 0.012952 -0.024642
0.959281 -0.117026 0.257069
0.982028 -0.057568 0.179742
0.994055 -0.031680 0.104167
0.999018 -0.012913 0.042396
0.999137 -0.012091 0.039731
0.740904 -0.671611 0.000390
0.740904 -0.671611 0.000390
0.740904 -0.671611 0.000390
0.999018 -0.012913 0.042396
0.998653 -0.030654 0.041865
1.000000 0.000003 0.000046
1.000000 0.000003 0.000046
0.999137 -0.012091 0.039731
0.999018 -0.012913 0.042396
0.942766 0.323304 0.081646
1.000000 0.000003 0.000046
0.998653 -0.030654 0.041865
0.998653 -0.030654 0.041865
0.983139 0.152541 0.100840
0.942766 0.323304 0.081646
0.804772 -0.000026 0.593584
0.536272 0.091319 0.839091
0.567956 -0.008538 0.823014
0.567956 -0.008538 0.823014
0.804795 -0.000032 0.593552
0.804772 -0.000026 0.593584
0.127670 0.991776 0.008997
0.422715 0.906263 0.000133
0.408373 0.912815 0.000594
0.408373 0.912815 0.000594
0.121407 0.992560 0.009173
0.127670 0.991776 0.008997
0.409622 -0.003067 0.912250
0.544066 -0.000033 0.839042
0.542316 -0.000075 0.840174
0.542316 -0.000075 0.840174
0.407207 -0.003119 0.913330
0.409622 -0.003067 0.912250
0.445492 -0.894648 0.033785
0.147582 -0.989039 0.004613
0.151679 -0.988417 0.005007
0.151679 -0.988417 0.005007
0.472683 -0.880476 0.036500
0.445492 -0.894648 0.033785
0.125345 -0.000777 -0.992113
0.117014 -0.000005 -0.993130
0.117464 -0.000046 -0.993077
0.117464 -0.000046 -0.993077
0.125918 -0.000830 -0.992040
0.125345 -0.000777 -0.992113
0.232607 0.013305 0.972480
0.232594 0.013304 0.972483
0.232595 0.013304 0.972483
0.232595 0.013304 0.972483
0.232608 0.013305 0.972480
0.232607 0.013305 0.972480
0.330228 -0.935114 -0.128498
0.329258 -0.935430 -0.128685
0.329289 -0.935420 -0.128679
0.329289 -0.935420 -0.128679
0.330272 -0.935100 -0.128490
0.330228 -0.935114 -0.128498
0.245218 0.016012 -0.969336
0.245226 0.016012 -0.969334
0.245226 0.016012 -0.969334
0.245226 0.016012 -0.969334
0.245217 0.016012 -0.969336
0.245218 0.016012 -0.969336
0.213786 0.976842 0.008679
0.213720 0.976857 0.008676
0.213722 0.976856 0.008676
0.213722 0.976856 0.008676
0.213789 0.976841 0.008679
0.213786 0.976842 0.008679
0.997411 -0.038381 0.060815
0.999550 -0.030005 -0.000026
0.998126 0.053110 0.030401
0.990231 0.122976 0.065716
0.997411 -0.038381 0.060815
0.998126 0.053110 0.030401
0.990231 0.122976 0.065716
0.998126 0.053110 0.030401
0.991656 0.123890 0.035630
0.991656 0.123890 0.035630
0.998126 0.053110 0.030401
0.987500 0.150083 0.048152
0.997411 -0.038381 0.060815
0.998653 -0.030654 0.041865
0.999784 -0.020734 0.001714
0.999784 -0.020734 0.001714
0.999550 -0.030005 -0.000026
0.997411 -0.038381 0.060815
-0.000017 0.006459 -0.999979
-0.000004 0.006395 -0.999980
-0.000029 0.006439 -0.999979
-0.000029 0.006439 -0.999979
-0.000030 0.006479 -0.999979
-0.000017 0.006459 -0.999979
0.880023 0.435830 0.188711
0.918686 0.391249 0.054224
0.827536 0.560616 0.029914
0.965883 -0.256610 0.034952
0.965883 -0.256610 0.034952
0.965883 -0.256610 0.034952
0.918686 0.391249 0.054224
0.765626 0.631140 0.124412
0.755617 0.625650 0.193921
0.755617 0.625650 0.193921
0.827536 0.560616 0.029914
0.918686 0.391249 0.054224
-0.002033 0.994017 0.109207
0.000000 0.983747 0.179557
-0.000461 0.951770 0.306813
-0.000461 0.951770 0.306813
-0.004376 0.982123 0.188189
-0.002033 0.994017 0.109207
0.000000 0.983747 0.179557
0.000000 0.947052 0.321080
-0.009186 0.946339 0.323047
-0.009186 0.946339 0.323047
-0.000461 0.951770 0.306813
0.000000 0.983747 0.179557
0.000000 0.947052 0.321080
0.000001 0.956268 0.292491
0.000149 0.955701 0.294338
0.000149 0.955701 0.294338
-0.009186 0.946339 0.323047
0.000000 0.947052 0.321080
0.564602 0.524204 0.637522
0.548071 0.511194 0.662041
0.507883 0.479250 0.715804
0.506309 0.851358 -0.137260
0.337608 0.920767 -0.195470
0.499210 0.853516 0.149333
0.109072 0.982788 0.149100
0.105796 0.983160 0.149012
0.105838 0.983155 0.149013
0.105838 0.983155 0.149013
0.109199 0.982773 0.149104
0.109072 0.982788 0.149100
0.451968 0.422398 0.785687
0.502776 0.471019 0.724815
0.501023 0.469340 0.727115
0.501023 0.469340 0.727115
0.448607 0.419184 0.789327
0.451968 0.422398 0.785687
-0.006684 0.690654 0.723155
-0.003572 0.599541 0.800336
-0.002674 0.778004 0.628254
-0.002674 0.778004 0.628254
0.207498 0.850171 0.483894
-0.006684 0.690654 0.723155
0.572929 0.779495 0.253259
0.573077 0.779398 0.253222
0.573076 0.779399 0.253222
0.573076 0.779399 0.253222
0.572924 0.779498 0.253260
0.572929 0.779495 0.253259
0.003495 0.957150 -0.289573
0.337608 0.920767 -0.195470
0.244585 0.910569 -0.333230
0.244585 0.910569 -0.333230
0.003518 0.957405 -0.288728
0.003495 0.957150 -0.289573
0.337608 0.920767 -0.195470
0.506309 0.851358 -0.137260
0.496368 0.829196 -0.257007
0.496368 0.829196 -0.257007
0.244585 0.910569 -0.333230
0.337608 0.920767 -0.195470
0.108026 0.064359 -0.992063
0.000000 0.062098 -0.998070
0.000000 0.211909 -0.977290
0.000000 0.211909 -0.977290
0.091300 0.155397 -0.983624
0.108026 0.064359 -0.992063
0.000000 0.294136 0.955764
0.172764 0.287526 0.942062
0.185453 0.280612 0.941735
0.185453 0.280612 0.941735
0.000000 0.286880 0.957967
0.000000 0.294136 0.955764
0.172764 0.287526 0.942062
0.377972 0.067645 0.923342
0.371373 0.093829 0.923731
0.371373 0.093829 0.923731
0.185453 0.280612 0.941735
0.172764 0.287526 0.942062
0.377972 0.067645 0.923342
0.378330 -0.013620 0.925570
0.384024 -0.010457 0.923264
0.384024 -0.010457 0.923264
0.371373 0.093829 0.923731
0.377972 0.067645 0.923342
0.692485 -0.719249 -0.056088
0.682132 -0.728166 -0.066866
0.689376 -0.721969 -0.059349
0.689376 -0.721969 -0.059349
0.702249 -0.710463 -0.045700
0.692485 -0.719249 -0.056088
0.101539 -0.019787 -0.994635
0.108026 0.064359 -0.992063
0.091300 0.155397 -0.983624
0.091300 0.155397 -0.983624
0.221764 0.013234 -0.975011
0.101539 -0.019787 -0.994635
0.038664 0.997597 -0.057502
0.000000 0.985824 -0.167786
0.000000 0.988200 -0.153171
0.000000 0.988200 -0.153171
0.041654 0.998269 -0.041528
0.038664 0.997597 -0.057502
0.000000 0.000000 -1.000000
0.000000 0.000000 -1.000000
-0.000000 -0.000000 -1.000000
-0.000000 -0.000000 -1.000000
-0.000000 -0.000000 -1.000000
0.000000 0.000000 -1.000000
-0.000000 -0.000000 -1.000000
-0.000000 -0.000000 -1.000000
-0.000000 -0.000000 -1.000000
-0.000000 -0.000000 -1.000000
-0.000000 0.000000 -1.000000
-0.000000 -0.000000 -1.000000
0.000000 1.000000 -0.000000
0.000052 1.000000 0.000002
0.000050 1.000000 -0.000000
0.000050 1.000000 -0.000000
0.000000 1.000000 -0.000000
0.000000 1.000000 -0.000000
0.000052 1.000000 0.000002
0.000047 1.000000 0.000007
0.000038 1.000000 0.000003
0.000038 1.000000 0.000003
0.000050 1.000000 -0.000000
0.000052 1.000000 0.000002
1.000000 -0.000001 0.000000
0.993146 -0.116881 0.000000
0.996823 -0.079650 0.000000
0.996823 -0.079650 0.000000
1.000000 -0.000001 0.000000
1.000000 -0.000001 0.000000
0.140876 -0.990027 0.000000
0.000001 -1.000000 -0.000000
0.000001 -1.000000 -0.000000
0.000001 -1.000000 -0.000000
0.149727 -0.988727 0.000000
0.140876 -0.990027 0.000000
0.000001 -1.000000 -0.000000
-0.000001 -1.000000 0.000000
-0.000001 -1.000000 0.000000
-0.000001 -1.000000 0.000000
0.000001 -1.000000 -0.000000
0.000001 -1.000000 -0.000000
0.000001 -0.097345 0.995251
0.000000 -0.097346 0.995251
0.000000 -0.097346 0.995251
0.000000 -0.097346 0.995251
0.000001 -0.097345 0.995251
0.000001 -0.097345 0.995251
-0.000000 -0.642621 -0.766185
0.000001 -0.642619 -0.766186
0.000001 -0.642619 -0.766186
0.000001 -0.642619 -0.766186
-0.000000 -0.642621 -0.766184
-0.000000 -0.642621 -0.766185
0.000001 -0.642619 -0.766186
0.000001 -0.642621 -0.766185
0.032878 -0.661369 -0.749340
0.032878 -0.661369 -0.749340
0.000001 -0.642619 -0.766186
0.000001 -0.642619 -0.766186
0.996823 -0.079650 0.000000
0.993146 -0.116881 0.000000
0.972023 -0.234887 0.000000
0.972023 -0.234887 0.000000
0.972023 -0.234885 0.000001
0.996823 -0.079650 0.000000
0.042733 -0.065590 0.996931
0.000001 -0.097345 0.995251
0.000001 -0.097345 0.995251
0.000001 -0.097345 0.995251
0.070882 -0.040812 0.996650
0.042733 -0.065590 0.996931
0.100896 -0.015401 0.994778
0.042733 -0.065590 0.996931
0.091845 -0.035577 0.995138
0.091845 -0.035577 0.995138
0.120312 -0.000000 0.992736
0.100896 -0.015401 0.994778
0.042733 -0.065590 0.996931
0.070882 -0.040812 0.996650
0.090200 -0.042769 0.995005
0.090200 -0.042769 0.995005
0.091845 -0.035577 0.995138
0.042733 -0.065590 0.996931
0.140876 -0.990027 0.000000
0.149727 -0.988727 0.000000
0.287712 -0.957717 0.000000
0.287712 -0.957717 0.000000
0.287713 -0.957717 0.000000
0.140876 -0.990027 0.000000
0.032878 -0.661369 -0.749340
0.000001 -0.642621 -0.766185
0.051481 -0.671489 -0.739224
0.051481 -0.671489 -0.739224
0.146985 -0.717794 -0.680564
0.032878 -0.661369 -0.749340
0.000000 0.000000 -1.000000
0.000000 0.000000 -1.000000
0.000000 0.000000 -1.000000
0.000000 0.000000 -1.000000
0.000000 0.000000 -1.000000
0.000000 0.000000 -1.000000
0.000038 1.000000 0.000003
0.000047 1.000000 0.000007
0.000001 1.000000 0.000001
0.000001 1.000000 0.000001
0.000002 1.000000 0.000000
0.000038 1.000000 0.000003
1.000000 -0.000000 -0.000000
1.000000 -0.000000 -0.000000
1.000000 -0.000000 -0.000000
1.000000 -0.000000 -0.000000
1.000000 -0.000000 0.000000
1.000000 -0.000000 -0.000000
1.000000 -0.000000 -0.000000
1.000000 -0.000000 0.000000
1.000000 -0.000000 0.000000
1.000000 -0.000000 0.000000
1.000000 -0.000000 -0.000000
1.000000 -0.000000 -0.000000
1.000000 -0.000000 0.000000
1.000000 -0.000000 -0.000000
1.000000 -0.000000 -0.000000
1.000000 -0.000000 -0.000000
1.000000 -0.000000 0.000000
1.000000 -0.000000 0.000000
1.000000 -0.000000 -0.000000
1.000000 -0.000000 -0.000000
1.000000 -0.000000 0.000000
1.000000 -0.000000 0.000000
1.000000 -0.000000 -0.000000
1.000000 -0.000000 -0.000000
1.000000 -0.000000 -0.000000
1.000000 -0.000000 -0.000001
1.000000 -0.000001 -0.000001
1.000000 -0.000001 -0.000001
1.000000 -0.000000 -0.000000
1.000000 -0.000000 -0.000000
1.000000 -0.000000 -0.000001
1.000000 -0.000000 -0.000000
1.000000 -0.000000 -0.000000
1.000000 -0.000000 -0.000000
1.000000 -0.000001 -0.000001
1.000000 -0.000000 -0.000001
1.000000 -0.000000 -0.000000
1.000000 -0.000000 -0.000000
1.000000 -0.000000 -0.000000
1.000000 -0.000000 -0.000000
1.000000 -0.000000 -0.000000
1.000000 -0.000000 -0.000000
1.000000 -0.000000 -0.000000
1.000000 -0.000000 -0.000000
1.000000 -0.000000 0.000000
1.000000 -0.000000 0.000000
1.000000 -0.000000 -0.000000
1.000000 -0.000000 -0.000000
1.000000 -0.000000 -0.000000
1.000000 -0.000000 -0.000000
1.000000 -0.000000 -0.000000
1.000000 -0.000000 -0.000000
1.000000 -0.000000 0.000000
1.000000 -0.000000 -0.000000
1.000000 -0.000000 -0.000000
1.000000 -0.000000 -0.000001
1.000000 0.000001 -0.000001
1.000000 0.000001 -0.000001
1.000000 0.000000 -0.000000
1.000000 -0.000000 -0.000000
1.000000 -0.000000 -0.000001
1.000000 -0.000000 -0.000000
1.000000 -0.000000 0.000000
1.000000 -0.000000 0.000000
1.000000 0.000001 -0.000001
1.000000 -0.000000 -0.000001
1.000000 -0.000000 -0.000000
1.000000 -0.000000 -0.000001
1.000000 -0.000001 -0.000001
1.000000 -0.000001 -0.000001
1.000000 -0.000000 0.000000
1.000000 -0.000000 -0.000000
1.000000 -0.000000 -0.000001
1.000000 -0.000000 -0.000000
1.000000 0.000000 -0.000000
1.000000 0.000000 -0.000000
1.000000 -0.000001 -0.000001
1.000000 -0.000000 -0.000001
0.000000 0.000000 -1.000000
0.000000 0.000000 -1.000000
0.000000 0.000000 -1.000000
0.000000 0.000000 -1.000000
0.000000 0.000000 -1.000000
0.000000 0.000000 -1.000000
0.000000 1.000000 -0.000245
0.000001 1.000000 -0.000245
0.000001 1.000000 -0.000245
0.000001 1.000000 -0.000245
0.000000 1.000000 -0.000245
0.000000 1.000000 -0.000245
0.000009 -0.000000 1.000000
0.000000 -0.000000 1.000000
0.000000 -0.000000 1.000000
0.000000 -0.000000 1.000000
0.000009 -0.000000 1.000000
0.000009 -0.000000 1.000000
0.000000 -1.000000 0.000002
0.000000 -1.000000 0.000002
0.000000 -1.000000 0.000002
0.000000 -1.000000 0.000002
0.000000 -1.000000 0.000002
0.000000 -1.000000 0.000002
0.000000 0.000000 -1.000000
0.000000 0.000000 -1.000000
0.000000 0.000000 -1.000000
0.000000 0.000000 -1.000000
0.000000 0.000000 -1.000000
0.000000 0.000000 -1.000000
0.000000 1.000000 -0.000009
0.000000 1.000000 -0.000009
0.000000 1.000000 -0.000009
0.000000 1.000000 -0.000009
0.000000 1.000000 -0.000009
0.000000 1.000000 -0.000009
0.000000 0.000000 1.000000
0.000000 0.000000 1.000000
0.000000 0.000000 1.000000
0.000000 0.000000 1.000000
0.000000 0.000000 1.000000
0.000000 0.000000 1.000000
0.000000 -0.983767 0.179449
0.000000 -0.983767 0.179449
0.000000 -0.983767 0.179449
0.000000 -0.983767 0.179449
0.000000 -0.983767 0.179449
0.000000 -0.983767 0.179449
0.000000 -1.000000 0.000008
0.000000 -1.000000 0.000008
0.000000 -1.000000 0.000008
0.000000 -1.000000 0.000008
0.000000 -1.000000 0.000008
0.000000 -1.000000 0.000008
0.000000 0.000000 -1.000000
0.000000 0.000000 -1.000000
0.000000 0.000000 -1.000000
0.000000 0.000000 -1.000000
0.000000 0.000000 -1.000000
0.000000 0.000000 -1.000000
0.000000 0.000000 -1.000000
0.000000 0.000000 -1.000000
0.000000 0.000000 -1.000000
0.000000 0.000000 -1.000000
0.000000 0.000000 -1.000000
0.000000 0.000000 -1.000000
0.000000 1.000000 -0.000002
0.000000 1.000000 -0.000002
0.000000 1.000000 -0.000002
0.000000 1.000000 -0.000002
0.000000 1.000000 -0.000002
0.000000 1.000000 -0.000002
0.000000 0.000000 1.000000
0.000000 0.000000 1.000000
0.000000 0.000000 1.000000
0.000000 0.000000 1.000000
0.000000 0.000000 1.000000
0.000000 0.000000 1.000000
-0.000000 -0.000000 1.000000
-0.000000 -0.000000 1.000000
-0.000000 -0.000000 1.000000
-0.000000 -0.000000 1.000000
0.000000 -0.000000 1.000000
-0.000000 -0.000000 1.000000
-0.000000 -0.000000 1.000000
-0.000000 0.000000 1.000000
-0.000000 0.000000 1.000000
-0.000000 0.000000 1.000000
-0.000000 -0.000000 1.000000
-0.000000 -0.000000 1.000000
-0.000000 0.000000 1.000000
0.000000 0.000000 1.000000
-0.000000 0.000000 1.000000
-0.000000 0.000000 1.000000
-0.000000 0.000000 1.000000
-0.000000 0.000000 1.000000
0.000000 0.000000 1.000000
0.000000 0.000000 1.000000
0.000000 0.000000 1.000000
0.000000 0.000000 1.000000
-0.000000 0.000000 1.000000
0.000000 0.000000 1.000000
-0.000005 -0.998862 0.047686
0.000002 -1.000000 -0.000002
-0.000000 -1.000000 -0.000002
-0.000000 -1.000000 -0.000002
-0.000008 -1.000000 -0.000002
-0.000005 -0.998862 0.047686
0.000000 0.000000 -1.000000
0.000000 0.000000 -1.000000
0.000000 0.000000 -1.000000
0.000000 1.000000 -0.000166
0.000004 1.000000 -0.000193
0.000000 1.000000 -0.000166
0.996888 -0.043935 -0.065450
0.998712 -0.028294 0.042126
0.989111 -0.084229 0.120682
0.989111 -0.084229 0.120682
0.990078 -0.078719 -0.116399
0.996888 -0.043935 -0.065450
0.998712 -0.028294 0.042126
0.949066 -0.209848 0.235025
0.989111 -0.084229 0.120682
0.997351 -0.072680 0.002821
0.993591 -0.112905 -0.005385
0.974340 -0.225083 0.000001
0.974340 -0.225083 0.000001
0.976073 -0.217113 0.011984
0.997351 -0.072680 0.002821
0.993591 -0.112905 -0.005385
0.996888 -0.043935 -0.065450
0.990078 -0.078719 -0.116399
0.990078 -0.078719 -0.116399
0.974340 -0.225083 0.000001
0.993591 -0.112905 -0.005385
0.225083 0.974340 0.000000
0.225084 0.974340 0.000000
0.225084 0.974340 0.000000
0.225084 0.974340 0.000000
0.225083 0.974340 0.000000
0.225083 0.974340 0.000000
-0.000029 -0.000130 1.000000
-0.000032 -0.000130 1.000000
-0.000031 -0.000130 1.000000
-0.000031 -0.000130 1.000000
-0.000029 -0.000130 1.000000
-0.000029 -0.000130 1.000000
-0.225084 -0.974339 -0.000000
-0.225084 -0.974339 0.000000
-0.225084 -0.974339 -0.000000
-0.225084 -0.974339 -0.000000
-0.225084 -0.974339 -0.000000
-0.225084 -0.974339 -0.000000
0.000000 0.000000 -1.000000
0.000000 0.000000 -1.000000
0.000000 0.000000 -1.000000
0.000000 0.000000 -1.000000
0.000000 0.000000 -1.000000
0.000000 0.000000 -1.000000
0.531234 0.819876 0.213527
0.531234 0.819876 0.213527
0.531234 0.819876 0.213527
0.976976 0.191828 0.093377
0.981421 0.175868 0.076704
0.918686 0.391249 0.054224
0.828913 0.122041 0.545902
0.875705 0.181910 0.447270
0.862276 0.163146 0.479441
0.862276 0.163146 0.479441
0.795676 0.086230 0.599553
0.828913 0.122041 0.545902
0.928283 0.196055 0.315997
0.990231 0.122976 0.065716
0.974613 0.152334 0.164083
0.858878 -0.511988 -0.014019
0.858879 -0.511988 -0.014019
0.858878 -0.511988 -0.014019
0.990231 0.122976 0.065716
0.918686 0.391249 0.054224
0.981421 0.175868 0.076704
0.981421 0.175868 0.076704
0.974613 0.152334 0.164083
0.990231 0.122976 0.065716
0.852225 -0.522390 -0.028657
0.841155 -0.539800 -0.032774
0.841311 -0.539561 -0.032717
0.841311 -0.539561 -0.032717
0.852596 -0.521792 -0.028516
0.852225 -0.522390 -0.028657
0.828846 0.118589 -0.546765
0.742793 0.125172 -0.657716
0.747825 0.124879 -0.652045
0.747825 0.124879 -0.652045
0.837315 0.117721 -0.533896
0.828846 0.118589 -0.546765
0.647860 0.746650 0.150970
0.600536 0.784454 0.154880
0.601238 0.783927 0.154827
0.601238 0.783927 0.154827
0.649282 0.745440 0.150840
0.647860 0.746650 0.150970
0.670907 0.091122 0.735922
0.681700 0.094266 0.725534
0.681182 0.094114 0.726039
0.681182 0.094114 0.726039
0.669744 0.090784 0.737022
0.670907 0.091122 0.735922
0.918686 0.391249 0.054224
0.910857 0.412190 0.020972
0.778684 0.626881 0.025922
0.778684 0.626881 0.025922
0.770079 0.636111 0.048381
0.918686 0.391249 0.054224
0.910857 0.412190 0.020972
0.917559 0.397259 0.016459
0.793714 0.607537 0.030282
0.793714 0.607537 0.030282
0.778684 0.626881 0.025922
0.910857 0.412190 0.020972
0.917559 0.397259 0.016459
0.805464 0.592357 0.018465
0.806062 0.591392 0.022797
0.806062 0.591392 0.022797
0.793714 0.607537 0.030282
0.917559 0.397259 0.016459
0.001449 0.998577 0.053314
0.000000 0.999540 0.030328
0.000000 0.999510 0.031286
0.000000 0.999510 0.031286
0.001508 0.998526 0.054260
0.001449 0.998577 0.053314
0.000000 0.983747 0.179557
-0.002033 0.994017 0.109207
0.000048 0.999400 0.034646
0.000048 0.999400 0.034646
0.000000 0.998847 0.048011
0.000000 0.983747 0.179557
0.765626 0.631140 0.124412
0.918686 0.391249 0.054224
0.770079 0.636111 0.048381
0.770079 0.636111 0.048381
0.771338 0.635199 0.039497
0.765626 0.631140 0.124412
0.996085 0.088005 0.008389
0.996925 0.078259 0.003992
0.996890 0.078705 0.004029
0.996890 0.078705 0.004029
0.996040 0.088505 0.008450
0.996085 0.088005 0.008389
0.996925 0.078259 0.003992
0.998197 0.060029 -0.000300
0.998170 0.060475 -0.000274
0.998170 0.060475 -0.000274
0.996890 0.078705 0.004029
0.996925 0.078259 0.003992
0.655665 0.534311 -0.533494
0.667235 0.538400 -0.514706
0.666381 0.538104 -0.516120
0.666381 0.538104 -0.516120
0.654313 0.533824 -0.535636
0.655665 0.534311 -0.533494
0.003376 0.878299 -0.478099
0.000000 0.838780 -0.544470
0.000000 0.963082 -0.269208
0.000000 0.963082 -0.269208
0.003763 0.977466 -0.211059
0.003376 0.878299 -0.478099
0.000000 0.794370 0.607435
0.000800 0.824898 0.565280
0.000829 0.824268 0.566200
0.000829 0.824268 0.566200
0.000000 0.793830 0.608140
0.000000 0.794370 0.607435
0.625049 0.529468 0.573565
0.607936 0.511019 0.607679
0.608645 0.511778 0.606329
0.608645 0.511778 0.606329
0.625910 0.530403 0.571760
0.625049 0.529468 0.573565
0.000128 -1.000000 0.000001
0.000108 -1.000000 0.000037
0.000109 -1.000000 0.000038
0.000109 -1.000000 0.000038
0.000129 -1.000000 0.000001
0.000128 -1.000000 0.000001
0.000108 -1.000000 0.000037
0.000108 -1.000000 0.000031
0.000108 -1.000000 0.000023
0.000108 -1.000000 0.000023
0.000109 -1.000000 0.000038
0.000108 -1.000000 0.000037
0.000108 -1.000000 0.000031
0.000127 -1.000000 0.000040
0.000127 -1.000000 0.000036
0.000127 -1.000000 0.000036
0.000108 -1.000000 0.000023
0.000108 -1.000000 0.000031
0.000127 -1.000000 0.000040
-0.000000 -1.000000 -0.000003
-0.000000 -1.000000 -0.000001
-0.000000 -1.000000 -0.000001
0.000127 -1.000000 0.000036
0.000127 -1.000000 0.000040
0.000000 -0.000049 1.000000
0.000000 -0.000137 1.000000
0.000000 -0.000137 1.000000
0.000000 -0.000137 1.000000
0.000000 -0.000137 1.000000
0.000000 -0.000049 1.000000
0.949066 -0.209848 0.235025
0.997351 -0.072680 0.002821
0.976073 -0.217113 0.011984
0.976073 -0.217113 0.011984
0.989111 -0.084229 0.120682
0.949066 -0.209848 0.235025
0.000000 -0.000049 1.000000
0.000000 -0.000079 1.000000
-0.000000 0.000040 1.000000
-0.000000 0.000040 1.000000
-0.000000 0.000040 1.000000
0.000000 -0.000049 1.000000
-1.000000 -0.000098 -0.000488
-0.998625 -0.000098 -0.052424
-0.998625 -0.000098 -0.052424
-0.998625 -0.000098 -0.052424
-1.000000 -0.000098 -0.000488
-1.000000 -0.000098 -0.000488
-0.998625 -0.000098 -0.052424
-0.994555 -0.000100 -0.104217
-0.994555 -0.000100 -0.104217
-0.994555 -0.000100 -0.104217
-0.998625 -0.000098 -0.052424
-0.998625 -0.000098 -0.052424
-0.378369 -0.000074 -0.925655
-0.189022 -0.000057 -0.981973
-0.189031 -0.000057 -0.981971
-0.189031 -0.000057 -0.981971
-0.378369 -0.000073 -0.925655
-0.378369 -0.000074 -0.925655
-0.189022 -0.000057 -0.981973
-0.000000 -0.000031 -1.000000
-0.000000 -0.000032 -1.000000
-0.000000 -0.000032 -1.000000
-0.189031 -0.000057 -0.981971
-0.189022 -0.000057 -0.981973
0.000000 -0.000117 1.000000
-0.000000 -0.000117 1.000000
0.000000 0.000038 1.000000
0.000000 0.000038 1.000000
0.000000 0.000038 1.000000
0.000000 -0.000117 1.000000
1.000000 -0.000015 0.000127
1.000000 -0.000019 0.000132
1.000000 0.000097 0.000132
1.000000 0.000097 0.000132
1.000000 0.000097 0.000132
1.000000 -0.000015 0.000127
1.000000 -0.000000 -0.000000
1.000000 0.000000 -0.000000
1.000000 -0.000001 -0.000001
1.000000 -0.000001 -0.000001
1.000000 -0.000001 -0.000002
1.000000 -0.000000 -0.000000
1.000000 -0.000000 -0.000000
1.000000 0.000000 -0.000000
1.000000 0.000000 -0.000000
1.000000 0.000000 -0.000000
1.000000 0.000000 -0.000000
1.000000 -0.000000 -0.000000
1.000000 -0.000000 -0.000000
1.000000 -0.000000 -0.000000
1.000000 -0.000000 -0.000000
1.000000 -0.000000 -0.000000
1.000000 -0.000000 -0.000000
1.000000 -0.000000 -0.000000
1.000000 -0.000000 -0.000002
1.000000 0.000000 -0.000002
1.000000 -0.000001 -0.000000
1.000000 -0.000001 -0.000000
1.000000 -0.000001 -0.000000
1.000000 -0.000000 -0.000002
1.000000 -0.000000 -0.000000
1.000000 -0.000000 -0.000000
1.000000 -0.000000 -0.000000
1.000000 -0.000000 -0.000000
1.000000 -0.000000 -0.000000
1.000000 -0.000000 -0.000000
1.000000 -0.000001 -0.000001
1.000000 -0.000001 -0.000000
1.000000 -0.000001 -0.000000
1.000000 -0.000001 -0.000000
1.000000 -0.000001 -0.000002
1.000000 -0.000001 -0.000001
1.000000 -0.000000 -0.000002
1.000000 -0.000000 -0.000000
1.000000 -0.000000 -0.000000
1.000000 -0.000000 -0.000000
1.000000 0.000000 -0.000002
1.000000 -0.000000 -0.000002
0.838592 0.406335 0.362843
0.838346 0.208705 0.503605
0.838346 0.208707 0.503604
0.838346 0.208707 0.503604
0.838592 0.406335 0.362843
0.838592 0.406335 0.362843
0.838346 0.208705 0.503605
0.836178 -0.005111 0.548434
0.836178 -0.005111 0.548434
0.836178 -0.005111 0.548434
0.838346 0.208707 0.503604
0.838346 0.208705 0.503605
0.836178 -0.005111 0.548434
0.838391 -0.218417 0.499394
0.838391 -0.218417 0.499394
0.838391 -0.218417 0.499394
0.836178 -0.005111 0.548434
0.836178 -0.005111 0.548434
0.838391 -0.218417 0.499394
0.836819 -0.403520 0.370006
0.836820 -0.403519 0.370007
0.836820 -0.403519 0.370007
0.838391 -0.218417 0.499394
0.838391 -0.218417 0.499394
0.836819 -0.403520 0.370006
0.835351 -0.508877 0.207926
0.835351 -0.508876 0.207926
0.835351 -0.508876 0.207926
0.836820 -0.403519 0.370007
0.836819 -0.403520 0.370006
0.835351 -0.508877 0.207926
0.832049 -0.540473 0.124834
0.832049 -0.540473 0.124834
0.832049 -0.540473 0.124834
0.835351 -0.508876 0.207926
0.835351 -0.508877 0.207926
0.832049 -0.002488 -0.554697
0.832049 -0.002488 -0.554696
0.832049 -0.002488 -0.554696
0.832049 -0.002488 -0.554696
0.832048 -0.002488 -0.554698
0.832049 -0.002488 -0.554697
0.832049 0.542033 -0.117876
0.834644 0.516118 -0.192331
0.834645 0.516117 -0.192331
0.834645 0.516117 -0.192331
0.832049 0.542033 -0.117876
0.832049 0.542033 -0.117876
0.834644 0.516118 -0.192331
0.838223 0.410147 -0.359392
0.838223 0.410146 -0.359393
0.838223 0.410146 -0.359393
0.834645 0.516117 -0.192331
0.834644 0.516118 -0.192331
0.838223 0.410147 -0.359392
0.838369 0.216409 -0.500305
0.838369 0.216410 -0.500305
0.838369 0.216410 -0.500305
0.838223 0.410146 -0.359393
0.838223 0.410147 -0.359392
0.838369 0.216409 -0.500305
0.835693 0.009064 -0.549122
0.835693 0.009065 -0.549122
0.835693 0.009065 -0.549122
0.838369 0.216410 -0.500305
0.838369 0.216409 -0.500305
0.835693 0.009064 -0.549122
0.839084 -0.205642 -0.503636
0.839084 -0.205642 -0.503636
0.839084 -0.205642 -0.503636
0.835693 0.009065 -0.549122
0.835693 0.009064 -0.549122
0.839084 -0.205642 -0.503636
0.838055 -0.406258 -0.364167
0.838055 -0.406258 -0.364167
0.838055 -0.406258 -0.364167
0.839084 -0.205642 -0.503636
0.839084 -0.205642 -0.503636
0.838055 -0.406258 -0.364167
0.832052 -0.483118 -0.272557
0.832052 -0.483118 -0.272557
0.832052 -0.483118 -0.272557
0.838055 -0.406258 -0.364167
0.838055 -0.406258 -0.364167
0.832050 0.115824 -0.542473
0.832051 0.115824 -0.542472
0.832051 0.115824 -0.542472
0.832051 0.115824 -0.542472
0.832050 0.115824 -0.542473
0.832050 0.115824 -0.542473
0.832053 0.486195 0.267024
0.838592 0.406335 0.362843
0.838592 0.406335 0.362843
0.838592 0.406335 0.362843
0.832054 0.486194 0.267024
0.832053 0.486195 0.267024
1.000000 -0.000001 -0.000001
1.000000 -0.000001 -0.000001
1.000000 -0.000000 0.000000
1.000000 -0.000000 0.000000
1.000000 -0.000000 0.000000
1.000000 -0.000001 -0.000001
1.000000 -0.000001 -0.000001
1.000000 0.000000 -0.000000
1.000000 0.000000 -0.000000
1.000000 0.000000 -0.000000
1.000000 -0.000001 -0.000001
1.000000 -0.000001 -0.000001
1.000000 -0.000000 -0.000000
1.000000 -0.000000 -0.000000
1.000000 -0.000001 -0.000001
1.000000 -0.000001 -0.000001
1.000000 -0.000001 -0.000001
1.000000 -0.000000 -0.000000
1.000000 0.000000 -0.000001
1.000000 0.000000 -0.000002
1.000000 -0.000000 -0.000000
1.000000 -0.000000 -0.000000
1.000000 -0.000000 -0.000000
1.000000 0.000000 -0.000001
1.000000 0.000000 0.000000
1.000000 0.000000 0.000000
1.000000 0.000000 -0.000000
1.000000 0.000000 -0.000000
1.000000 0.000000 -0.000000
1.000000 0.000000 0.000000
1.000000 -0.000000 -0.000000
1.000000 0.000000 0.000000
1.000000 0.000000 0.000000
1.000000 0.000000 0.000000
1.000000 -0.000000 -0.000000
1.000000 -0.000000 -0.000000
1.000000 -0.000000 0.000000
1.000000 -0.000000 -0.000000
1.000000 -0.000000 -0.000000
1.000000 -0.000000 -0.000000
1.000000 -0.000000 0.000000
1.000000 -0.000000 0.000000
1.000000 0.000000 -0.000001
1.000000 -0.000001 -0.000001
1.000000 -0.000001 -0.000001
1.000000 -0.000001 -0.000001
1.000000 0.000000 -0.000002
1.000000 0.000000 -0.000001
0.599854 0.588763 0.541787
0.599891 0.317183 0.734524
0.599890 0.317184 0.734524
0.599890 0.317184 0.734524
0.599854 0.588764 0.541786
0.599854 0.588763 0.541787
0.599891 0.317183 0.734524
0.598891 0.000423 0.800830
0.598891 0.000421 0.800830
0.598891 0.000421 0.800830
0.599890 0.317184 0.734524
0.599891 0.317183 0.734524
0.598891 0.000423 0.800830
0.598804 -0.306589 0.739890
0.598803 -0.306589 0.739890
0.598803 -0.306589 0.739890
0.598891 0.000421 0.800830
0.598891 0.000423 0.800830
0.598804 -0.306589 0.739890
0.597946 -0.559991 0.573472
0.597946 -0.559993 0.573471
0.597946 -0.559993 0.573471
0.598803 -0.306589 0.739890
0.598804 -0.306589 0.739890
0.597946 -0.559991 0.573472
0.599402 -0.734471 0.318230
0.599402 -0.734471 0.318230
0.599402 -0.734471 0.318230
0.597946 -0.559993 0.573471
0.597946 -0.559991 0.573472
0.599402 -0.734471 0.318230
0.591359 -0.789522 0.164163
0.591359 -0.789522 0.164163
0.591359 -0.789522 0.164163
0.599402 -0.734471 0.318230
0.599402 -0.734471 0.318230
0.591364 -0.003616 -0.806397
0.591364 -0.003616 -0.806397
0.591364 -0.003616 -0.806397
0.591364 -0.003616 -0.806397
0.591364 -0.003616 -0.806397
0.591364 -0.003616 -0.806397
0.591366 0.792135 -0.151028
0.598616 0.743271 -0.298675
0.598617 0.743271 -0.298676
0.598617 0.743271 -0.298676
0.591366 0.792134 -0.151028
0.591366 0.792135 -0.151028
0.598616 0.743271 -0.298675
0.599831 0.566011 -0.565539
0.599831 0.566011 -0.565539
0.599831 0.566011 -0.565539
0.598617 0.743271 -0.298676
0.598616 0.743271 -0.298675
0.599831 0.566011 -0.565539
0.598460 0.300893 -0.742502
0.598460 0.300893 -0.742502
0.598460 0.300893 -0.742502
0.599831 0.566011 -0.565539
0.599831 0.566011 -0.565539
0.598460 0.300893 -0.742502
0.598149 0.004833 -0.801371
0.598149 0.004833 -0.801371
0.598149 0.004833 -0.801371
0.598460 0.300893 -0.742502
0.598460 0.300893 -0.742502
0.598149 0.004833 -0.801371
0.600919 -0.313799 -0.735137
0.600919 -0.313801 -0.735136
0.600919 -0.313801 -0.735136
0.598149 0.004833 -0.801371
0.598149 0.004833 -0.801371
0.600919 -0.313799 -0.735137
0.599613 -0.591629 -0.538924
0.599613 -0.591629 -0.538924
0.599613 -0.591629 -0.538924
0.600919 -0.313801 -0.735136
0.600919 -0.313799 -0.735137
0.599613 -0.591629 -0.538924
0.596159 -0.747117 -0.293957
0.596159 -0.747117 -0.293957
0.596159 -0.747117 -0.293957
0.599613 -0.591629 -0.538924
0.599613 -0.591629 -0.538924
0.596159 -0.747117 -0.293957
0.591366 -0.787431 -0.173889
0.591367 -0.787431 -0.173889
0.591367 -0.787431 -0.173889
0.596159 -0.747117 -0.293957
0.596159 -0.747117 -0.293957
0.591368 0.001377 -0.806401
0.591366 0.001378 -0.806402
0.591366 0.001378 -0.806402
0.591366 0.001378 -0.806402
0.591368 0.001377 -0.806401
0.591368 0.001377 -0.806401
0.591367 0.788030 0.171156
0.596325 0.747209 0.293387
0.596325 0.747209 0.293386
0.596325 0.747209 0.293386
0.591367 0.788030 0.171156
0.591367 0.788030 0.171156
0.596325 0.747209 0.293387
0.599854 0.588763 0.541787
0.599854 0.588764 0.541786
0.599854 0.588764 0.541786
0.596325 0.747209 0.293386
0.596325 0.747209 0.293387
-0.000000 -0.000000 -1.000000
0.000000 -0.000000 -1.000000
0.000000 -0.000000 -1.000000
0.000000 -0.000000 -1.000000
-0.000000 -0.000000 -1.000000
-0.000000 -0.000000 -1.000000
0.000000 -0.000000 1.000000
0.000000 -0.000000 1.000000
-0.000001 -0.000000 1.000000
-0.000001 -0.000000 1.000000
-0.000001 -0.000000 1.000000
0.000000 -0.000000 1.000000
-0.000000 -1.000000 0.000420
-0.000000 -0.991416 0.130744
-0.001006 -0.991490 0.130181
-0.001006 -0.991490 0.130181
0.000001 -0.999999 0.001132
-0.000000 -1.000000 0.000420
0.000000 0.000000 1.000000
0.000000 0.000000 1.000000
-0.000001 0.000000 1.000000
-0.000001 0.000000 1.000000
-0.000001 0.000000 1.000000
0.000000 0.000000 1.000000
0.000000 0.000000 1.000000
0.000000 -0.000000 1.000000
-0.000001 0.000000 1.000000
-0.000001 0.000000 1.000000
-0.000001 0.000000 1.000000
0.000000 0.000000 1.000000
-0.000000 -0.981195 0.193020
-0.000000 -0.981195 0.193020
0.000001 -0.981195 0.193020
0.000001 -0.981195 0.193020
0.000001 -0.981195 0.193020
-0.000000 -0.981195 0.193020
-1.000000 0.000000 -0.000001
-1.000000 -0.000000 -0.000001
-1.000000 0.000000 -0.000001
-1.000000 0.000000 -0.000001
-1.000000 0.000000 -0.000001
-1.000000 0.000000 -0.000001
-0.000000 1.000000 -0.000000
-0.000001 1.000000 -0.000000
0.000000 1.000000 -0.000000
0.000000 1.000000 -0.000000
0.000000 1.000000 -0.000000
-0.000001 1.000000 -0.000001
-0.000000 1.000000 -0.000000
0.000000 1.000000 -0.000000
-0.000001 1.000000 -0.000001
-0.000000 -0.991416 0.130744
-0.000000 -0.965577 0.260116
-0.001082 -0.966256 0.257583
-0.001082 -0.966256 0.257583
-0.001006 -0.991490 0.130181
-0.000000 -0.991416 0.130744
-1.000000 0.000000 -0.000001
-1.000000 0.000000 -0.000001
-1.000000 -0.000000 -0.000000
-1.000000 -0.000000 -0.000000
-1.000000 -0.000000 -0.000000
-1.000000 0.000000 -0.000001
-1.000000 -0.000000 -0.000000
-1.000000 0.000000 -0.000001
-1.000000 0.000000 0.000000
-1.000000 0.000000 -0.000001
-1.000000 -0.000000 -0.000000
-1.000000 0.000000 0.000000
0.000000 0.970557 0.240870
0.000000 0.970557 0.240870
0.000000 0.970557 0.240871
0.000000 0.970557 0.240871
0.000000 0.970557 0.240871
0.000000 0.970557 0.240870
0.000000 -0.000000 -1.000000
0.000004 0.058827 -0.998268
-0.000000 0.054874 -0.998493
-0.000000 0.054874 -0.998493
-0.000000 -0.000000 -1.000000
0.000000 -0.000000 -1.000000
-0.000000 -1.000000 0.000060
-0.000000 -1.000000 0.000000
-0.000129 -1.000000 -0.000023
-0.000000 -1.000000 0.000060
-0.000129 -1.000000 -0.000023
-0.000107 -1.000000 0.000036
-0.000107 -1.000000 0.000036
-0.000129 -1.000000 0.000038
-0.000072 -1.000000 0.000083
-0.000000 -1.000000 0.000060
-0.000107 -1.000000 0.000036
-0.000072 -1.000000 0.000083
0.000000 -0.022294 -0.999751
0.000000 0.054878 -0.998493
-0.000011 0.073468 -0.997298
-0.000011 0.073468 -0.997298
0.000025 -0.029602 -0.999562
0.000000 -0.022294 -0.999751
-0.997049 -0.007061 0.076439
-0.997094 -0.006575 0.075901
-0.997043 -0.007130 0.076514
-0.997043 -0.007130 0.076514
-0.996998 -0.007616 0.077052
-0.997049 -0.007061 0.076439
-0.567955 -0.008538 0.823015
-0.188191 -0.007301 0.982105
-0.242030 0.107145 0.964335
-0.242030 0.107145 0.964335
-0.536271 0.091320 0.839091
-0.567955 -0.008538 0.823015
0.000000 0.062098 -0.998070
0.000000 -0.022294 -0.999751
0.000025 -0.029602 -0.999562
0.000025 -0.029602 -0.999562
-0.108026 0.064360 -0.992063
0.000000 0.062098 -0.998070
0.000016 0.109608 -0.993975
-0.000011 0.073468 -0.997298
0.000004 0.058827 -0.998268
-1.000000 -0.000031 -0.000001
-1.000000 -0.000031 0.000004
-0.996888 -0.043935 -0.065449
-1.000000 -0.000031 -0.000001
-0.996888 -0.043935 -0.065449
-0.998712 -0.028294 0.042126
-1.000000 -0.000031 -0.000001
-0.998712 -0.028294 0.042126
-0.999018 -0.012912 0.042396
-0.999784 -0.020733 0.001714
-1.000000 -0.000031 -0.000001
-0.999018 -0.012912 0.042396
-0.999018 -0.012912 0.042396
-0.998653 -0.030654 0.041865
-0.999784 -0.020733 0.001714
-0.982800 0.180003 0.041258
-0.982692 0.181425 0.037425
-0.983012 0.176079 0.051795
-0.983012 0.176079 0.051795
-0.983045 0.175134 0.054323
-0.982800 0.180003 0.041258
-0.108026 0.064360 -0.992063
0.000025 -0.029602 -0.999562
-0.101539 -0.019787 -0.994635
0.000004 0.058827 -0.998268
-0.000011 0.073468 -0.997298
0.000000 0.054878 -0.998493
0.000000 0.054878 -0.998493
-0.000000 0.054874 -0.998493
0.000004 0.058827 -0.998268
-0.998653 -0.030654 0.041865
-0.983139 0.152542 0.100840
-0.982028 -0.057568 0.179742
-0.982028 -0.057568 0.179742
-0.997411 -0.038380 0.060816
-0.998653 -0.030654 0.041865
-0.483587 0.110051 0.868351
-0.536271 0.091320 0.839091
-0.242030 0.107145 0.964335
-0.242030 0.107145 0.964335
-0.256496 0.120825 0.958964
-0.483587 0.110051 0.868351
-0.994294 0.061705 0.087021
-0.994379 0.064930 0.083635
-0.994279 0.061206 0.087544
-0.994279 0.061206 0.087544
-0.994180 0.058304 0.090588
-0.994294 0.061705 0.087021
-0.448349 0.092404 0.889070
-0.483587 0.110051 0.868351
-0.256496 0.120825 0.958964
-0.256496 0.120825 0.958964
-0.248660 0.054753 0.967042
-0.448349 0.092404 0.889070
-0.000000 -0.000000 -1.000000
-0.000000 0.000000 -1.000000
0.000000 0.000000 -1.000000
0.000000 0.000000 -1.000000
0.000000 -0.000000 -1.000000
-0.000000 -0.000000 -1.000000
-1.000000 0.000000 -0.000000
-1.000000 0.000000 -0.000001
-1.000000 0.000000 -0.000001
-1.000000 0.000000 -0.000000
-1.000000 0.000000 -0.000001
-0.997351 -0.072680 0.002822
-1.000000 0.000000 -0.000000
-0.997351 -0.072680 0.002822
-0.993591 -0.112905 -0.005386
-1.000000 0.000000 -0.000000
-1.000000 0.000000 -0.000000
-0.993591 -0.112905 -0.005386
-1.000000 0.000000 -0.000000
-1.000000 0.000000 -0.000000
-0.993591 -0.112905 -0.005386
-0.249781 0.915320 0.315909
-0.004504 0.951079 0.308915
0.002675 0.778003 0.628254
0.002675 0.778003 0.628254
-0.207498 0.850170 0.483896
-0.249781 0.915320 0.315909
0.000000 0.963082 -0.269208
-0.003762 0.977466 -0.211060
-0.002315 0.999270 0.038122
-0.002315 0.999270 0.038122
0.000000 0.999217 0.039559
0.000000 0.963082 -0.269208
-0.750578 0.650540 0.115891
-0.687577 0.678493 0.258621
-0.722524 0.666086 0.185172
-0.722524 0.666086 0.185172
-0.773123 0.632311 0.049623
-0.750578 0.650540 0.115891
0.000000 0.211909 -0.977290
-0.091300 0.155397 -0.983624
-0.007750 0.234403 -0.972109
-0.007750 0.234403 -0.972109
0.000000 0.252902 -0.967492
0.000000 0.211909 -0.977290
-0.602561 0.553729 0.574722
-0.564601 0.524206 0.637522
-0.548070 0.511196 0.662041
-0.207498 0.850170 0.483896
-0.748889 0.646534 0.145463
-0.547820 0.794729 0.261341
-0.547820 0.794729 0.261341
-0.249781 0.915320 0.315909
-0.207498 0.850170 0.483896
-0.000000 -0.000000 -1.000000
-0.000000 -0.000000 -1.000000
0.000000 -0.000000 -1.000000
0.000000 -0.000000 -1.000000
0.000000 -0.000000 -1.000000
-0.000000 -0.000000 -1.000000
-0.000000 0.000000 -1.000000
-0.000000 -0.000000 -1.000000
0.000000 -0.000000 -1.000000
0.000000 -0.000000 -1.000000
0.000000 0.000000 -1.000000
-0.000000 0.000000 -1.000000
-1.000000 0.000000 -0.000000
-1.000000 -0.000000 -0.000000
-1.000000 0.000000 -0.000001
-1.000000 0.000000 -0.000001
-1.000000 0.000000 -0.000001
-1.000000 0.000000 -0.000000
-0.000000 -1.000000 0.000000
-0.000000 -1.000000 0.000420
0.000001 -0.999999 0.001132
0.000001 -0.999999 0.001132
0.000001 -1.000000 0.000000
-0.000000 -1.000000 0.000000
-1.000000 0.000000 -0.000000
-1.000000 0.000000 -0.000000
-1.000000 0.000000 -0.000000
-1.000000 0.000000 -0.000000
-1.000000 0.000000 -0.000000
-1.000000 0.000000 -0.000000
-1.000000 0.000000 -0.000001
-1.000000 0.000000 -0.000001
-1.000000 0.000000 -0.000001
-1.000000 0.000000 -0.000001
-1.000000 -0.000000 -0.000001
-1.000000 0.000000 -0.000001
-1.000000 0.000000 -0.000001
-1.000000 0.000000 -0.000001
-1.000000 0.000000 -0.000000
-1.000000 0.000000 -0.000000
-1.000000 0.000000 -0.000001
-1.000000 0.000000 -0.000000
-1.000000 0.000000 -0.000000
-1.000000 0.000000 -0.000000
-1.000000 0.000000 -0.000000
-1.000000 -0.000000 -0.000000
-1.000000 0.000000 -0.000000
-1.000000 0.000000 -0.000000
-1.000000 0.000000 -0.000000
-1.000000 0.000001 -0.000000
-1.000000 0.000000 -0.000000
-1.000000 0.000000 -0.000000
-1.000000 0.000000 -0.000001
-1.000000 0.000000 -0.000001
-1.000000 0.000000 -0.000001
-1.000000 0.000001 -0.000000
-1.000000 0.000000 -0.000000
-1.000000 0.000000 -0.000000
-1.000000 0.000000 -0.000000
-1.000000 0.000001 -0.000001
-1.000000 0.000000 -0.000000
-1.000000 0.000001 -0.000001
-1.000000 0.000000 -0.000000
-1.000000 0.000000 -0.000000
-1.000000 0.000000 -0.000000
-1.000000 0.000000 0.000000
-1.000000 0.000000 -0.000000
-1.000000 0.000000 -0.000000
-1.000000 0.000000 -0.000000
-1.000000 0.000000 -0.000000
-1.000000 0.000000 -0.000000
-1.000000 0.000000 -0.000000
-0.910858 0.412187 0.020972
-0.991656 0.123891 0.035630
-0.990231 0.122977 0.065716
-0.990231 0.122977 0.065716
-0.918685 0.391252 0.054225
-0.910858 0.412187 0.020972
0.000000 -0.000000 -1.000000
0.000001 -0.000000 -1.000000
0.000000 -0.000000 -1.000000
0.000000 -0.000000 -1.000000
0.000000 -0.000000 -1.000000
0.000000 -0.000000 -1.000000
0.000001 0.929093 -0.369846
0.000001 0.929093 -0.369847
0.000001 0.929093 -0.369846
0.000001 0.929093 -0.369846
0.000001 0.929093 -0.369846
0.000001 0.929093 -0.369846
0.000000 0.347518 -0.937673
0.000001 0.347519 -0.937673
0.000000 0.347519 -0.937673
0.000000 0.347519 -0.937673
0.000000 0.347518 -0.937673
0.000000 0.347518 -0.937673
0.000000 -0.325115 -0.945675
0.000000 -0.325115 -0.945675
0.000000 -0.325115 -0.945675
0.000000 -0.325115 -0.945675
-0.000000 -0.325115 -0.945675
0.000000 -0.325115 -0.945675
-0.000001 -0.949947 -0.312412
-0.000001 -0.949947 -0.312412
-0.000001 -0.949947 -0.312412
-0.000001 -0.949947 -0.312412
-0.000001 -0.949947 -0.312412
-0.000001 -0.949947 -0.312412
0.000000 -0.000000 -1.000000
0.000000 -0.000000 -1.000000
0.000000 0.000000 -1.000000
0.000000 0.000000 -1.000000
0.000000 0.000000 -1.000000
0.000000 -0.000000 -1.000000
-0.000001 1.000000 -0.000166
0.000000 1.000000 -0.000166
-0.000004 1.000000 -0.000193
-0.000004 1.000000 -0.000193
-0.000006 1.000000 -0.000206
-0.000001 1.000000 -0.000166
-0.000006 1.000000 -0.000206
-0.000004 1.000000 -0.000193
0.000000 1.000000 -0.000243
0.000000 1.000000 -0.000243
0.000002 1.000000 -0.000243
-0.000006 1.000000 -0.000206
-0.000001 0.000000 1.000000
-0.000002 0.000000 1.000000
0.000001 -0.000000 1.000000
0.000001 -0.000000 1.000000
0.000002 -0.000000 1.000000
-0.000001 0.000000 1.000000
0.000002 -0.000000 1.000000
0.000001 -0.000000 1.000000
0.000002 0.000000 1.000000
0.000002 0.000000 1.000000
0.000001 0.000000 1.000000
0.000002 -0.000000 1.000000
0.000001 0.000000 1.000000
0.000002 0.000000 1.000000
0.000000 0.000000 1.000000
0.000000 0.000000 1.000000
-0.000000 0.000000 1.000000
0.000001 0.000000 1.000000
0.000005 -0.989761 0.142736
0.000006 -0.989761 0.142736
0.000002 -0.998862 0.047686
0.000002 -0.998862 0.047686
0.000002 -0.997437 0.071551
0.000005 -0.989761 0.142736
0.000002 -0.997437 0.071551
0.000002 -0.998862 0.047686
-0.000004 -1.000000 -0.000002
-0.000004 -1.000000 -0.000002
-0.000003 -1.000000 -0.000008
-0.000005 -1.000000 -0.000005
0.000002 -0.997437 0.071551
-0.000004 -1.000000 -0.000002
-0.000005 -1.000000 -0.000005
-0.974340 -0.225083 0.000000
-0.974339 -0.225083 0.000000
-0.974339 -0.225083 0.000000
-0.974339 -0.225083 0.000000
-0.974340 -0.225083 0.000000
-0.974340 -0.225083 0.000000
-0.000000 1.000000 -0.000000
-0.000001 1.000000 -0.000001
0.000000 1.000000 -0.000000
0.000000 1.000000 -0.000000
0.000001 1.000000 0.000000
-0.000000 1.000000 -0.000000
-0.000129 -1.000000 0.000001
-0.000128 -1.000000 0.000001
-0.000072 -1.000000 0.000083
-0.000072 -1.000000 0.000083
-0.000129 -1.000000 0.000038
-0.000129 -1.000000 0.000001
-0.000000 -0.000079 1.000000
-0.000000 -0.000138 1.000000
-0.000000 -0.000137 1.000000
-0.000000 -0.000137 1.000000
-0.000000 -0.000050 1.000000
-0.000000 -0.000079 1.000000
0.000000 -0.000273 1.000000
-0.000000 -0.000273 1.000000
0.000000 -0.000117 1.000000
0.000000 -0.000117 1.000000
0.000000 -0.000118 1.000000
0.000000 -0.000273 1.000000
-1.000000 -0.000125 0.000122
-1.000000 -0.000117 0.000113
-1.000000 -0.000014 0.000127
-1.000000 -0.000014 0.000127
-1.000000 -0.000018 0.000132
-1.000000 -0.000125 0.000122
-0.000000 -1.000000 -0.000000
-0.000000 -1.000000 0.000000
-0.000005 -1.000000 -0.000005
-0.000005 -1.000000 -0.000005
-0.000003 -1.000000 -0.000008
-0.000000 -1.000000 -0.000000
1.000000 -0.000001 0.000001
1.000000 -0.000001 0.000001
1.000000 -0.000000 0.000000
1.000000 -0.000000 0.000000
1.000000 -0.000000 0.000000
1.000000 -0.000001 0.000001
1.000000 -0.000000 0.000000
1.000000 -0.000000 0.000000
1.000000 -0.000001 0.000000
1.000000 -0.000001 0.000000
1.000000 -0.000001 0.000000
1.000000 -0.000000 0.000000
0.000000 -0.000000 1.000000
0.000000 -0.000000 1.000000
0.000000 -0.000000 1.000000
0.000000 -0.000000 1.000000
0.000000 -0.000000 1.000000
0.000000 -0.000000 1.000000
-0.014211 -0.994607 -0.102740
-0.000723 -0.991688 -0.128665
-0.003914 -0.991646 -0.128928
-0.003914 -0.991646 -0.128928
-0.001453 -0.985903 -0.167311
-0.012197 -0.992247 -0.123683
-0.014211 -0.994607 -0.102740
-0.003914 -0.991646 -0.128928
-0.012197 -0.992247 -0.123683
-0.000952 -0.726099 -0.687590
-0.001070 -0.726219 -0.687463
-0.000999 -0.726147 -0.687539
-0.000999 -0.726147 -0.687539
-0.000879 -0.726026 -0.687667
-0.000952 -0.726099 -0.687590
0.000008 0.006520 -0.999979
0.000030 0.006479 -0.999979
0.000017 0.006459 -0.999979
0.000318 0.723366 -0.690465
0.000449 0.723489 -0.690336
0.000362 0.723407 -0.690422
0.000362 0.723407 -0.690422
0.000229 0.723283 -0.690552
0.000318 0.723366 -0.690465
0.000201 0.990924 -0.134422
0.000314 0.990950 -0.134229
0.000257 0.990937 -0.134326
0.000257 0.990937 -0.134326
0.000144 0.990911 -0.134519
0.000201 0.990924 -0.134422
-0.999373 0.034089 0.009535
-0.999006 0.044098 -0.006529
-0.999350 0.035977 -0.002363
-0.999350 0.035977 -0.002363
-0.999396 0.034651 -0.002589
-0.998896 0.024357 0.040159
-0.999373 0.034089 0.009535
-0.999350 0.035977 -0.002363
-0.998896 0.024357 0.040159
-0.997345 0.016728 0.070876
-0.999373 0.034089 0.009535
-0.998896 0.024357 0.040159
-1.000000 -0.000040 0.000409
-1.000000 -0.000196 0.000528
-1.000000 0.000036 0.000292
-1.000000 -0.000040 0.000409
-1.000000 0.000036 0.000292
-1.000000 0.000027 0.000383
-1.000000 0.000000 0.000450
-1.000000 -0.000040 0.000409
-1.000000 0.000027 0.000383
-0.986795 0.137488 0.085633
-0.988095 0.126842 0.087064
-0.987850 0.128923 0.086785
-0.987850 0.128923 0.086785
-0.986544 0.139441 0.085369
-0.986795 0.137488 0.085633
-0.546664 0.103806 0.830893
-0.448349 0.092404 0.889070
-0.248660 0.054753 0.967042
-0.248660 0.054753 0.967042
-0.179292 0.243530 0.953178
-0.546664 0.103806 0.830893
-0.987500 0.150084 0.048152
-0.991656 0.123891 0.035630
-0.910858 0.412187 0.020972
0.000000 0.342877 0.939380
0.000000 0.560711 0.828012
0.000326 0.562529 0.826777
0.000326 0.562529 0.826777
-0.179292 0.243530 0.953178
0.000000 0.342877 0.939380
-0.179292 0.243530 0.953178
-0.248660 0.054753 0.967042
0.000000 0.043915 0.999035
0.000000 0.043915 0.999035
0.000000 0.342877 0.939380
-0.179292 0.243530 0.953178
-0.248660 0.054753 0.967042
-0.256496 0.120825 0.958964
0.000000 0.114628 0.993409
0.000000 0.114628 0.993409
0.000000 0.043915 0.999035
-0.248660 0.054753 0.967042
0.000000 0.114628 0.993409
-0.256496 0.120825 0.958964
-0.242030 0.107145 0.964335
-0.242030 0.107145 0.964335
0.000000 0.110792 0.993844
0.000000 0.114628 0.993409
0.000000 0.110792 0.993844
-0.242030 0.107145 0.964335
-0.188191 -0.007301 0.982105
-0.188191 -0.007301 0.982105
0.000000 0.000000 1.000000
0.000000 0.110792 0.993844
-0.770744 0.636335 0.032122
-0.808701 0.586480 0.045220
-0.793538 0.607764 0.030316
-0.793538 0.607764 0.030316
-0.763735 0.644976 0.026759
-0.770744 0.636335 0.032122
-0.917559 0.397259 0.016459
-0.980716 0.192696 0.032642
-0.987500 0.150084 0.048152
-0.987500 0.150084 0.048152
-0.910858 0.412187 0.020972
-0.917559 0.397259 0.016459
0.000000 0.999217 0.039559
-0.002315 0.999270 0.038122
-0.001886 0.998782 0.049298
-0.001886 0.998782 0.049298
0.000000 0.998848 0.047982
0.000000 0.999217 0.039559
-0.766020 0.640782 0.051102
-0.770744 0.636335 0.032122
-0.763735 0.644976 0.026759
-0.763735 0.644976 0.026759
-0.767466 0.638970 0.052089
-0.766020 0.640782 0.051102
-0.997411 -0.038380 0.060816
-0.999612 0.012953 -0.024640
-0.995556 0.071297 0.061519
-0.995556 0.071297 0.061519
-0.990231 0.122977 0.065716
-0.997411 -0.038380 0.060816
-0.990231 0.122977 0.065716
-0.995556 0.071297 0.061519
-0.916958 0.294766 0.268887
-0.916958 0.294766 0.268887
-0.928283 0.196054 0.315995
-0.990231 0.122977 0.065716
-0.928283 0.196054 0.315995
-0.916958 0.294766 0.268887
-0.959281 -0.117025 0.257070
-0.959281 -0.117025 0.257070
-0.982028 -0.057568 0.179742
-0.928283 0.196054 0.315995
-0.982028 -0.057568 0.179742
-0.959281 -0.117025 0.257070
-0.999612 0.012953 -0.024640
-0.999612 0.012953 -0.024640
-0.997411 -0.038380 0.060816
-0.982028 -0.057568 0.179742
-0.740904 -0.671611 0.000390
-0.740904 -0.671611 0.000390
-0.740904 -0.671611 0.000390
-0.999137 -0.012090 0.039733
-0.999018 -0.012912 0.042396
-0.994055 -0.031679 0.104167
-0.999018 -0.012912 0.042396
-0.999137 -0.012090 0.039733
-1.000000 0.000004 0.000046
-1.000000 0.000004 0.000046
-0.998653 -0.030654 0.041865
-0.999018 -0.012912 0.042396
-0.942766 0.323305 0.081646
-0.983139 0.152542 0.100840
-0.998653 -0.030654 0.041865
-0.998653 -0.030654 0.041865
-1.000000 0.000004 0.000046
-0.942766 0.323305 0.081646
-0.804771 -0.000025 0.593585
-0.804795 -0.000032 0.593553
-0.567955 -0.008538 0.823015
-0.567955 -0.008538 0.823015
-0.536271 0.091320 0.839091
-0.804771 -0.000025 0.593585
-0.127671 0.991776 0.008998
-0.121408 0.992560 0.009173
-0.408373 0.912815 0.000594
-0.408373 0.912815 0.000594
-0.422715 0.906262 0.000133
-0.127671 0.991776 0.008998
-0.409612 -0.003067 0.912255
-0.407197 -0.003119 0.913335
-0.542329 -0.000074 0.840166
-0.542329 -0.000074 0.840166
-0.544079 -0.000033 0.839034
-0.409612 -0.003067 0.912255
-0.445433 -0.894678 0.033780
-0.472621 -0.880510 0.036495
-0.151681 -0.988417 0.005008
-0.151681 -0.988417 0.005008
-0.147586 -0.989039 0.004613
-0.445433 -0.894678 0.033780
-0.125353 -0.000777 -0.992112
-0.125927 -0.000830 -0.992039
-0.117472 -0.000046 -0.993076
-0.117472 -0.000046 -0.993076
-0.117022 -0.000005 -0.993129
-0.125353 -0.000777 -0.992112
-0.232594 0.013304 0.972483
-0.232594 0.013304 0.972483
-0.232583 0.013303 0.972485
-0.232583 0.013303 0.972485
-0.232583 0.013303 0.972486
-0.232594 0.013304 0.972483
-0.330222 -0.935116 -0.128499
-0.330266 -0.935101 -0.128491
-0.329275 -0.935425 -0.128682
-0.329275 -0.935425 -0.128682
-0.329243 -0.935435 -0.128688
-0.330222 -0.935116 -0.128499
-0.245219 0.016012 -0.969336
-0.245218 0.016012 -0.969336
-0.245241 0.016012 -0.969330
-0.245241 0.016012 -0.969330
-0.245241 0.016012 -0.969330
-0.245219 0.016012 -0.969336
-0.213794 0.976840 0.008679
-0.213796 0.976840 0.008679
-0.213739 0.976852 0.008678
-0.213739 0.976852 0.008678
-0.213737 0.976853 0.008678
-0.213794 0.976840 0.008679
-0.990231 0.122977 0.065716
-0.991656 0.123891 0.035630
-0.998126 0.053110 0.030401
-0.998126 0.053110 0.030401
-0.999550 -0.030005 -0.000026
-0.997411 -0.038380 0.060816
-0.990231 0.122977 0.065716
-0.998126 0.053110 0.030401
-0.997411 -0.038380 0.060816
-0.991656 0.123891 0.035630
-0.987500 0.150084 0.048152
-0.998126 0.053110 0.030401
-0.997411 -0.038380 0.060816
-0.999550 -0.030005 -0.000026
-0.999784 -0.020733 0.001714
-0.999784 -0.020733 0.001714
-0.998653 -0.030654 0.041865
-0.997411 -0.038380 0.060816
0.000017 0.006459 -0.999979
0.000030 0.006479 -0.999979
0.000029 0.006439 -0.999979
0.000029 0.006439 -0.999979
0.000004 0.006395 -0.999980
0.000017 0.006459 -0.999979
-0.965883 -0.256611 0.034951
-0.965883 -0.256611 0.034951
-0.965883 -0.256611 0.034951
-0.827534 0.560618 0.029922
-0.918685 0.391252 0.054225
-0.880019 0.435837 0.188712
-0.918685 0.391252 0.054225
-0.827534 0.560618 0.029922
-0.755618 0.625652 0.193910
-0.755618 0.625652 0.193910
-0.765627 0.631141 0.124407
-0.918685 0.391252 0.054225
0.002034 0.994018 0.109198
0.004378 0.982127 0.188170
0.000461 0.951769 0.306814
0.000461 0.951769 0.306814
0.000000 0.983747 0.179557
0.002034 0.994018 0.109198
0.000000 0.983747 0.179557
0.000461 0.951769 0.306814
0.009187 0.946339 0.323046
0.009187 0.946339 0.323046
0.000000 0.947052 0.321080
0.000000 0.983747 0.179557
0.000000 0.947052 0.321080
0.009187 0.946339 0.323046
-0.000149 0.955699 0.294346
-0.000149 0.955699 0.294346
-0.000001 0.956266 0.292499
0.000000 0.947052 0.321080
-0.499211 0.853514 0.149341
-0.337606 0.920763 -0.195494
-0.506312 0.851360 -0.137236
-0.507881 0.479252 0.715803
-0.548070 0.511196 0.662041
-0.564601 0.524206 0.637522
-0.109100 0.982785 0.149101
-0.109229 0.982770 0.149105
-0.105826 0.983156 0.149013
-0.105826 0.983156 0.149013
-0.105784 0.983161 0.149012
-0.109100 0.982785 0.149101
-0.451969 0.422398 0.785687
-0.448608 0.419184 0.789326
-0.501023 0.469338 0.727116
-0.501023 0.469338 0.727116
-0.502776 0.471017 0.724816
-0.451969 0.422398 0.785687
0.006685 0.690650 0.723158
-0.207498 0.850170 0.483896
0.002675 0.778003 0.628254
0.002675 0.778003 0.628254
0.003573 0.599541 0.800336
0.006685 0.690650 0.723158
-0.572929 0.779495 0.253259
-0.572924 0.779498 0.253260
-0.573076 0.779399 0.253222
-0.573076 0.779399 0.253222
-0.573078 0.779398 0.253222
-0.572929 0.779495 0.253259
-0.003495 0.957149 -0.289574
-0.003518 0.957405 -0.288728
-0.244581 0.910556 -0.333268
-0.244581 0.910556 -0.333268
-0.337606 0.920763 -0.195494
-0.003495 0.957149 -0.289574
-0.337606 0.920763 -0.195494
-0.244581 0.910556 -0.333268
-0.496373 0.829202 -0.256980
-0.496373 0.829202 -0.256980
-0.506312 0.851360 -0.137236
-0.337606 0.920763 -0.195494
-0.108026 0.064360 -0.992063
-0.091300 0.155397 -0.983624
0.000000 0.211909 -0.977290
0.000000 0.211909 -0.977290
0.000000 0.062098 -0.998070
-0.108026 0.064360 -0.992063
0.000000 0.294136 0.955764
0.000000 0.286880 0.957967
-0.185453 0.280612 0.941735
-0.185453 0.280612 0.941735
-0.172764 0.287526 0.942062
0.000000 0.294136 0.955764
-0.172764 0.287526 0.942062
-0.185453 0.280612 0.941735
-0.371373 0.093829 0.923731
-0.371373 0.093829 0.923731
-0.377973 0.067646 0.923342
-0.172764 0.287526 0.942062
-0.377973 0.067646 0.923342
-0.371373 0.093829 0.923731
-0.384025 -0.010457 0.923264
-0.384025 -0.010457 0.923264
-0.378330 -0.013620 0.925570
-0.377973 0.067646 0.923342
-0.692485 -0.719248 -0.056089
-0.702251 -0.710461 -0.045699
-0.689376 -0.721968 -0.059351
-0.689376 -0.721968 -0.059351
-0.682131 -0.728166 -0.066869
-0.692485 -0.719248 -0.056089
-0.101539 -0.019787 -0.994635
-0.221764 0.013235 -0.975011
-0.091300 0.155397 -0.983624
-0.091300 0.155397 -0.983624
-0.108026 0.064360 -0.992063
-0.101539 -0.019787 -0.994635
-0.038664 0.997596 -0.057502
-0.041653 0.998269 -0.041528
0.000000 0.988200 -0.153171
0.000000 0.988200 -0.153171
0.000000 0.985824 -0.167786
-0.038664 0.997596 -0.057502
0.000000 0.000000 -1.000000
0.000000 -0.000000 -1.000000
0.000000 -0.000000 -1.000000
0.000000 -0.000000 -1.000000
0.000000 0.000000 -1.000000
0.000000 0.000000 -1.000000
0.000000 -0.000000 -1.000000
-0.000000 0.000000 -1.000000
-0.000000 -0.000000 -1.000000
-0.000000 -0.000000 -1.000000
0.000000 -0.000000 -1.000000
0.000000 -0.000000 -1.000000
0.000000 1.000000 -0.000000
0.000000 1.000000 -0.000000
-0.000049 1.000000 -0.000000
-0.000049 1.000000 -0.000000
-0.000050 1.000000 0.000002
0.000000 1.000000 -0.000000
-0.000050 1.000000 0.000002
-0.000049 1.000000 -0.000000
-0.000037 1.000000 0.000003
-0.000037 1.000000 0.000003
-0.000046 1.000000 0.000006
-0.000050 1.000000 0.000002
-1.000000 0.000001 0.000000
-1.000000 0.000001 0.000000
-0.996823 -0.079650 0.000000
-0.996823 -0.079650 0.000000
-0.993146 -0.116880 0.000000
-1.000000 0.000001 0.000000
-0.140876 -0.990027 0.000000
-0.149727 -0.988727 0.000000
-0.000002 -1.000000 0.000000
-0.000002 -1.000000 0.000000
-0.000002 -1.000000 -0.000000
-0.140876 -0.990027 0.000000
-0.000002 -1.000000 -0.000000
-0.000002 -1.000000 0.000000
-0.000001 -1.000000 0.000000
-0.000001 -1.000000 0.000000
-0.000001 -1.000000 0.000000
-0.000002 -1.000000 -0.000000
-0.000001 -0.097346 0.995251
-0.000001 -0.097346 0.995251
0.000000 -0.097346 0.995251
0.000000 -0.097346 0.995251
0.000000 -0.097346 0.995251
-0.000001 -0.097346 0.995251
-0.000000 -0.642621 -0.766185
-0.000000 -0.642621 -0.766184
-0.000001 -0.642621 -0.766185
-0.000001 -0.642621 -0.766185
-0.000001 -0.642621 -0.766185
-0.000000 -0.642621 -0.766185
-0.000001 -0.642621 -0.766185
-0.000001 -0.642621 -0.766185
-0.032879 -0.661369 -0.749339
-0.032879 -0.661369 -0.749339
-0.000001 -0.642621 -0.766185
-0.000001 -0.642621 -0.766185
-0.996823 -0.079650 0.000000
-0.972023 -0.234887 0.000000
-0.972023 -0.234887 0.000000
-0.972023 -0.234887 0.000000
-0.993146 -0.116880 0.000000
-0.996823 -0.079650 0.000000
-0.042733 -0.065590 0.996931
-0.070882 -0.040811 0.996650
-0.000001 -0.097346 0.995251
-0.000001 -0.097346 0.995251
-0.000001 -0.097346 0.995251
-0.042733 -0.065590 0.996931
-0.100895 -0.015401 0.994778
-0.120311 -0.000000 0.992736
-0.091844 -0.035577 0.995138
-0.091844 -0.035577 0.995138
-0.042733 -0.065590 0.996931
-0.100895 -0.015401 0.994778
-0.042733 -0.065590 0.996931
-0.091844 -0.035577 0.995138
-0.090199 -0.042769 0.995005
-0.090199 -0.042769 0.995005
-0.070882 -0.040811 0.996650
-0.042733 -0.065590 0.996931
-0.140876 -0.990027 0.000000
-0.287713 -0.957717 0.000000
-0.287713 -0.957717 0.000000
-0.287713 -0.957717 0.000000
-0.149727 -0.988727 0.000000
-0.140876 -0.990027 0.000000
-0.032879 -0.661369 -0.749339
-0.146986 -0.717794 -0.680564
-0.051481 -0.671489 -0.739224
-0.051481 -0.671489 -0.739224
-0.000001 -0.642621 -0.766185
-0.032879 -0.661369 -0.749339
0.000000 0.000000 -1.000000
0.000000 0.000000 -1.000000
0.000000 0.000000 -1.000000
0.000000 0.000000 -1.000000
0.000000 0.000000 -1.000000
0.000000 0.000000 -1.000000
-0.000037 1.000000 0.000003
-0.000002 1.000000 0.000000
-0.000002 1.000000 0.000000
-0.000002 1.000000 0.000000
-0.000046 1.000000 0.000006
-0.000037 1.000000 0.000003
-1.000000 0.000000 -0.000000
-1.000000 0.000000 -0.000000
-1.000000 0.000000 0.000000
-1.000000 0.000000 0.000000
-1.000000 0.000000 0.000000
-1.000000 0.000000 -0.000000
-1.000000 0.000000 0.000000
-1.000000 0.000000 0.000000
-1.000000 0.000000 -0.000000
-1.000000 0.000000 -0.000000
-1.000000 0.000000 -0.000000
-1.000000 0.000000 0.000000
-1.000000 0.000000 -0.000000
-1.000000 0.000000 -0.000000
-1.000000 0.000000 0.000000
-1.000000 0.000000 0.000000
-1.000000 0.000001 0.000000
-1.000000 0.000000 -0.000000
-1.000000 0.000001 0.000000
-1.000000 0.000000 0.000000
-1.000000 0.000000 -0.000000
-1.000000 0.000000 -0.000000
-1.000000 0.000000 -0.000000
-1.000000 0.000001 0.000000
-1.000000 0.000000 -0.000000
-1.000000 0.000000 0.000000
-1.000000 0.000000 -0.000000
-1.000000 0.000000 -0.000000
-1.000000 0.000000 -0.000000
-1.000000 0.000000 -0.000000
-1.000000 0.000000 -0.000000
-1.000000 0.000000 -0.000000
-1.000000 0.000000 -0.000000
-1.000000 0.000000 -0.000000
-1.000000 0.000000 0.000000
-1.000000 0.000000 -0.000000
-1.000000 0.000000 0.000000
-1.000000 0.000000 -0.000000
-1.000000 -0.000000 -0.000000
-1.000000 -0.000000 -0.000000
-1.000000 0.000000 -0.000000
-1.000000 0.000000 0.000000
-1.000000 0.000000 -0.000000
-1.000000 -0.000000 -0.000000
-1.000000 0.000001 0.000001
-1.000000 0.000001 0.000001
-1.000000 0.000001 0.000000
-1.000000 0.000000 -0.000000
-1.000000 0.000001 0.000000
-1.000000 0.000001 0.000001
-1.000000 0.000000 0.000000
-1.000000 0.000000 0.000000
-1.000000 0.000000 -0.000000
-1.000000 0.000001 0.000000
-1.000000 0.000001 0.000001
-1.000000 0.000001 0.000000
-1.000000 -0.000000 -0.000000
-1.000000 -0.000000 -0.000000
-1.000000 0.000000 -0.000000
-1.000000 0.000001 0.000001
-1.000000 0.000000 -0.000000
-1.000000 -0.000000 -0.000000
-1.000000 0.000000 -0.000000
-1.000000 0.000000 -0.000000
-1.000000 0.000000 -0.000000
-1.000000 0.000000 -0.000000
-1.000000 0.000000 -0.000000
-1.000000 0.000000 -0.000000
-1.000000 -0.000000 -0.000000
-1.000000 -0.000000 -0.000000
-1.000000 -0.000000 -0.000000
-1.000000 0.000000 -0.000000
-1.000000 -0.000000 -0.000000
-1.000000 -0.000000 -0.000000
-1.000000 0.000001 0.000000
-1.000000 0.000001 0.000000
-1.000000 0.000001 0.000001
-1.000000 -0.000000 -0.000000
0.000000 0.000000 -1.000000
0.000000 0.000000 -1.000000
0.000000 0.000000 -1.000000
0.000000 0.000000 -1.000000
0.000000 0.000000 -1.000000
0.000000 0.000000 -1.000000
0.000000 1.000000 -0.000245
0.000000 1.000000 -0.000245
0.000000 1.000000 -0.000245
0.000000 1.000000 -0.000245
0.000000 1.000000 -0.000245
0.000000 1.000000 -0.000245
0.000000 0.000000 1.000000
0.000000 0.000000 1.000000
0.000000 0.000000 1.000000
0.000000 0.000000 1.000000
0.000000 0.000000 1.000000
0.000000 0.000000 1.000000
0.000000 -1.000000 0.000002
0.000000 -1.000000 0.000002
0.000000 -1.000000 0.000002
0.000000 -1.000000 0.000002
0.000000 -1.000000 0.000002
0.000000 -1.000000 0.000002
0.000000 -0.000000 -1.000000
0.000000 -0.000000 -1.000000
0.000000 -0.000000 -1.000000
0.000000 -0.000000 -1.000000
0.000000 -0.000000 -1.000000
0.000000 -0.000000 -1.000000
0.000000 1.000000 -0.000008
0.000000 1.000000 -0.000008
0.000000 1.000000 -0.000008
0.000000 1.000000 -0.000008
0.000000 1.000000 -0.000008
0.000000 1.000000 -0.000008
0.000000 0.000000 1.000000
0.000000 0.000000 1.000000
0.000000 0.000000 1.000000
0.000000 0.000000 1.000000
0.000000 0.000000 1.000000
0.000000 0.000000 1.000000
0.000000 -0.983767 0.179451
0.000000 -0.983767 0.179451
0.000000 -0.983767 0.179451
0.000000 -0.983767 0.179451
0.000000 -0.983767 0.179451
0.000000 -0.983767 0.179451
0.000000 -1.000000 0.000009
0.000000 -1.000000 0.000009
0.000000 -1.000000 0.000009
0.000000 -1.000000 0.000009
0.000000 -1.000000 0.000009
0.000000 -1.000000 0.000009
0.000000 0.000000 -1.000000
0.000000 0.000000 -1.000000
0.000000 0.000000 -1.000000
0.000000 0.000000 -1.000000
0.000000 0.000000 -1.000000
0.000000 0.000000 -1.000000
0.000000 0.000000 -1.000000
0.000000 0.000000 -1.000000
0.000000 0.000000 -1.000000
0.000000 0.000000 -1.000000
0.000000 0.000000 -1.000000
0.000000 0.000000 -1.000000
0.000000 1.000000 -0.000002
0.000000 1.000000 -0.000002
0.000000 1.000000 -0.000002
0.000000 1.000000 -0.000002
0.000000 1.000000 -0.000002
0.000000 1.000000 -0.000002
0.000000 0.000000 1.000000
0.000000 0.000000 1.000000
0.000000 0.000000 1.000000
0.000000 0.000000 1.000000
0.000000 0.000000 1.000000
0.000000 0.000000 1.000000
0.000000 0.000000 1.000000
0.000000 0.000000 1.000000
0.000000 0.000000 1.000000
0.000000 0.000000 1.000000
0.000000 0.000000 1.000000
0.000000 0.000000 1.000000
0.000000 0.000000 1.000000
0.000000 0.000000 1.000000
0.000000 0.000000 1.000000
0.000000 0.000000 1.000000
0.000000 0.000000 1.000000
0.000000 0.000000 1.000000
0.000000 0.000000 1.000000
0.000000 0.000000 1.000000
0.000000 0.000000 1.000000
0.000000 0.000000 1.000000
0.000000 0.000000 1.000000
0.000000 0.000000 1.000000
0.000000 0.000000 1.000000
0.000000 0.000000 1.000000
0.000002 0.000000 1.000000
0.000002 0.000000 1.000000
0.000002 0.000000 1.000000
0.000000 0.000000 1.000000
0.000002 -0.998862 0.047686
-0.000000 -1.000000 -0.000002
-0.000000 -1.000000 -0.000002
-0.000000 -1.000000 -0.000002
-0.000004 -1.000000 -0.000002
0.000002 -0.998862 0.047686
-0.000001 -0.000000 -1.000000
-0.000001 -0.000000 -1.000000
-0.000001 -0.000000 -1.000000
0.000000 1.000000 -0.000166
0.000000 1.000000 -0.000166
-0.000004 1.000000 -0.000193
-0.996888 -0.043935 -0.065449
-0.990078 -0.078718 -0.116398
-0.989111 -0.084228 0.120681
-0.989111 -0.084228 0.120681
-0.998712 -0.028294 0.042126
-0.996888 -0.043935 -0.065449
-0.998712 -0.028294 0.042126
-0.989111 -0.084228 0.120681
-0.949067 -0.209848 0.235024
-0.997351 -0.072680 0.002822
-0.976073 -0.217114 0.011986
-0.974339 -0.225084 -0.000000
-0.974339 -0.225084 -0.000000
-0.993591 -0.112905 -0.005386
-0.997351 -0.072680 0.002822
-0.993591 -0.112905 -0.005386
-0.974339 -0.225084 -0.000000
-0.990078 -0.078718 -0.116398
-0.990078 -0.078718 -0.116398
-0.996888 -0.043935 -0.065449
-0.993591 -0.112905 -0.005386
-0.225085 0.974339 0.000000
-0.225085 0.974339 0.000000
-0.225085 0.974339 0.000000
-0.225085 0.974339 0.000000
-0.225085 0.974339 0.000000
-0.225085 0.974339 0.000000
0.000030 -0.000130 1.000000
0.000030 -0.000130 1.000000
0.000030 -0.000130 1.000000
0.000030 -0.000130 1.000000
0.000030 -0.000130 1.000000
0.000030 -0.000130 1.000000
0.225084 -0.974340 0.000000
0.225084 -0.974339 -0.000000
0.225082 -0.974340 0.000000
0.225082 -0.974340 0.000000
0.225081 -0.974340 0.000000
0.225084 -0.974340 0.000000
-0.000000 0.000000 -1.000000
-0.000000 0.000000 -1.000000
-0.000001 0.000000 -1.000000
-0.000001 0.000000 -1.000000
-0.000001 0.000000 -1.000000
-0.000000 0.000000 -1.000000
-0.918685 0.391252 0.054225
-0.981421 0.175869 0.076704
-0.976976 0.191830 0.093377
-0.531232 0.819877 0.213527
-0.531232 0.819877 0.213527
-0.531232 0.819877 0.213527
-0.828914 0.122041 0.545901
-0.795677 0.086230 0.599552
-0.862276 0.163147 0.479440
-0.862276 0.163147 0.479440
-0.875705 0.181911 0.447268
-0.828914 0.122041 0.545901
-0.858879 -0.511987 -0.014019
-0.858879 -0.511987 -0.014019
-0.858879 -0.511987 -0.014019
-0.974614 0.152334 0.164082
-0.990231 0.122977 0.065716
-0.928283 0.196054 0.315995
-0.990231 0.122977 0.065716
-0.974614 0.152334 0.164082
-0.981421 0.175869 0.076704
-0.981421 0.175869 0.076704
-0.918685 0.391252 0.054225
-0.990231 0.122977 0.065716
-0.852229 -0.522384 -0.028656
-0.852600 -0.521785 -0.028515
-0.841314 -0.539556 -0.032716
-0.841314 -0.539556 -0.032716
-0.841158 -0.539796 -0.032773
-0.852229 -0.522384 -0.028656
-0.828843 0.118589 -0.546769
-0.837313 0.117721 -0.533900
-0.747825 0.124880 -0.652045
-0.747825 0.124880 -0.652045
-0.742793 0.125173 -0.657716
-0.828843 0.118589 -0.546769
-0.647860 0.746649 0.150970
-0.649281 0.745440 0.150841
-0.601253 0.783916 0.154826
-0.601253 0.783916 0.154826
-0.600552 0.784443 0.154879
-0.647860 0.746649 0.150970
-0.670900 0.091121 0.735928
-0.669736 0.090783 0.737029
-0.681184 0.094116 0.726038
-0.681184 0.094116 0.726038
-0.681702 0.094267 0.725532
-0.670900 0.091121 0.735928
-0.918685 0.391252 0.054225
-0.770076 0.636115 0.048379
-0.778687 0.626876 0.025921
-0.778687 0.626876 0.025921
-0.910858 0.412187 0.020972
-0.918685 0.391252 0.054225
-0.910858 0.412187 0.020972
-0.778687 0.626876 0.025921
-0.793715 0.607536 0.030280
-0.793715 0.607536 0.030280
-0.917559 0.397259 0.016459
-0.910858 0.412187 0.020972
-0.917559 0.397259 0.016459
-0.793715 0.607536 0.030280
-0.806061 0.591393 0.022796
-0.806061 0.591393 0.022796
-0.805463 0.592358 0.018464
-0.917559 0.397259 0.016459
-0.001448 0.998577 0.053314
-0.001508 0.998526 0.054260
0.000000 0.999510 0.031286
0.000000 0.999510 0.031286
0.000000 0.999540 0.030328
-0.001448 0.998577 0.053314
0.000000 0.983747 0.179557
0.000000 0.998847 0.048011
-0.000048 0.999400 0.034646
-0.000048 0.999400 0.034646
0.002034 0.994018 0.109198
0.000000 0.983747 0.179557
-0.765627 0.631141 0.124407
-0.771338 0.635199 0.039499
-0.770076 0.636115 0.048379
-0.770076 0.636115 0.048379
-0.918685 0.391252 0.054225
-0.765627 0.631141 0.124407
-0.996085 0.088006 0.008389
-0.996040 0.088506 0.008450
-0.996890 0.078708 0.004030
-0.996890 0.078708 0.004030
-0.996925 0.078262 0.003993
-0.996085 0.088006 0.008389
-0.996925 0.078262 0.003993
-0.996890 0.078708 0.004030
-0.998170 0.060472 -0.000273
-0.998170 0.060472 -0.000273
-0.998197 0.060025 -0.000300
-0.996925 0.078262 0.003993
-0.655663 0.534311 -0.533495
-0.654312 0.533824 -0.535637
-0.666381 0.538104 -0.516120
-0.666381 0.538104 -0.516120
-0.667235 0.538401 -0.514705
-0.655663 0.534311 -0.533495
-0.003375 0.878299 -0.478100
-0.003762 0.977466 -0.211060
0.000000 0.963082 -0.269208
0.000000 0.963082 -0.269208
0.000000 0.838780 -0.544470
-0.003375 0.878299 -0.478100
0.000000 0.794370 0.607435
0.000000 0.793830 0.608140
-0.000828 0.824268 0.566200
-0.000828 0.824268 0.566200
-0.000799 0.824898 0.565280
0.000000 0.794370 0.607435
-0.625049 0.529470 0.573563
-0.625910 0.530406 0.571757
-0.608638 0.511773 0.606339
-0.608638 0.511773 0.606339
-0.607930 0.511014 0.607689
-0.625049 0.529470 0.573563
-0.000128 -1.000000 0.000001
-0.000129 -1.000000 0.000001
-0.000114 -1.000000 0.000038
-0.000114 -1.000000 0.000038
-0.000113 -1.000000 0.000038
-0.000128 -1.000000 0.000001
-0.000113 -1.000000 0.000038
-0.000114 -1.000000 0.000038
-0.000110 -1.000000 0.000025
-0.000110 -1.000000 0.000025
-0.000110 -1.000000 0.000033
-0.000113 -1.000000 0.000038
-0.000110 -1.000000 0.000033
-0.000110 -1.000000 0.000025
-0.000128 -1.000000 0.000042
-0.000128 -1.000000 0.000042
-0.000128 -1.000000 0.000045
-0.000110 -1.000000 0.000033
-0.000128 -1.000000 0.000045
-0.000128 -1.000000 0.000042
-0.000000 -1.000000 -0.000001
-0.000000 -1.000000 -0.000001
-0.000000 -1.000000 -0.000003
-0.000128 -1.000000 0.000045
-0.000000 -0.000050 1.000000
-0.000000 -0.000137 1.000000
-0.000000 -0.000137 1.000000
-0.000000 -0.000137 1.000000
-0.000000 -0.000137 1.000000
-0.000000 -0.000050 1.000000
-0.949067 -0.209848 0.235024
-0.989111 -0.084228 0.120681
-0.976073 -0.217114 0.011986
-0.976073 -0.217114 0.011986
-0.997351 -0.072680 0.002822
-0.949067 -0.209848 0.235024
-0.000000 -0.000050 1.000000
0.000000 0.000037 1.000000
0.000000 0.000037 1.000000
0.000000 0.000037 1.000000
-0.000000 -0.000079 1.000000
-0.000000 -0.000050 1.000000
1.000000 -0.000099 -0.000488
1.000000 -0.000099 -0.000488
0.998625 -0.000100 -0.052424
0.998625 -0.000100 -0.052424
0.998625 -0.000100 -0.052424
1.000000 -0.000099 -0.000488
0.998625 -0.000100 -0.052424
0.998625 -0.000100 -0.052424
0.994555 -0.000101 -0.104217
0.994555 -0.000101 -0.104217
0.994555 -0.000101 -0.104217
0.998625 -0.000100 -0.052424
0.378368 -0.000072 -0.925655
0.378367 -0.000071 -0.925656
0.189031 -0.000057 -0.981971
0.189031 -0.000057 -0.981971
0.189022 -0.000058 -0.981973
0.378368 -0.000072 -0.925655
0.189022 -0.000058 -0.981973
0.189031 -0.000057 -0.981971
-0.000000 -0.000032 -1.000000
-0.000000 -0.000032 -1.000000
-0.000000 -0.000031 -1.000000
0.189022 -0.000058 -0.981973
0.000000 -0.000117 1.000000
0.000000 0.000038 1.000000
0.000000 0.000037 1.000000
0.000000 0.000037 1.000000
0.000000 -0.000118 1.000000
0.000000 -0.000117 1.000000
-1.000000 -0.000014 0.000127
-1.000000 0.000098 0.000132
-1.000000 0.000098 0.000132
-1.000000 0.000098 0.000132
-1.000000 -0.000018 0.000132
-1.000000 -0.000014 0.000127
-1.000000 0.000000 0.000000
-1.000000 0.000001 0.000002
-1.000000 0.000001 0.000001
-1.000000 0.000001 0.000001
-1.000000 0.000000 -0.000000
-1.000000 0.000000 0.000000
-1.000000 0.000000 0.000000
-1.000000 0.000000 -0.000000
-1.000000 0.000000 -0.000000
-1.000000 0.000000 -0.000000
-1.000000 0.000000 -0.000000
-1.000000 0.000000 0.000000
-1.000000 0.000000 0.000000
-1.000000 0.000000 0.000000
-1.000000 0.000000 -0.000000
-1.000000 0.000000 -0.000000
-1.000000 0.000000 0.000000
-1.000000 0.000000 0.000000
-1.000000 0.000001 -0.000001
-1.000000 0.000000 0.000000
-1.000000 0.000000 -0.000000
-1.000000 0.000000 -0.000000
-1.000000 0.000001 -0.000002
-1.000000 0.000001 -0.000001
-1.000000 0.000000 0.000000
-1.000000 0.000000 0.000000
-1.000000 0.000000 0.000000
-1.000000 0.000000 0.000000
-1.000000 0.000000 0.000000
-1.000000 0.000000 0.000000
-1.000000 0.000001 0.000001
-1.000000 0.000001 0.000002
-1.000000 0.000000 -0.000000
-1.000000 0.000000 -0.000000
-1.000000 0.000000 0.000000
-1.000000 0.000001 0.000001
-1.000000 0.000001 -0.000001
-1.000000 0.000001 -0.000002
-1.000000 0.000000 -0.000000
-1.000000 0.000000 -0.000000
-1.000000 0.000000 0.000000
-1.000000 0.000001 -0.000001
-0.838594 0.406333 0.362840
-0.838594 0.406333 0.362840
-0.838350 0.208704 0.503599
-0.838350 0.208704 0.503599
-0.838350 0.208704 0.503600
-0.838594 0.406333 0.362840
-0.838350 0.208704 0.503600
-0.838350 0.208704 0.503599
-0.836181 -0.005109 0.548430
-0.836181 -0.005109 0.548430
-0.836181 -0.005111 0.548430
-0.838350 0.208704 0.503600
-0.836181 -0.005111 0.548430
-0.836181 -0.005109 0.548430
-0.838394 -0.218414 0.499391
-0.838394 -0.218414 0.499391
-0.838394 -0.218415 0.499391
-0.836181 -0.005111 0.548430
-0.838394 -0.218415 0.499391
-0.838394 -0.218414 0.499391
-0.836814 -0.403525 0.370012
-0.836814 -0.403525 0.370012
-0.836814 -0.403526 0.370011
-0.838394 -0.218415 0.499391
-0.836814 -0.403526 0.370011
-0.836814 -0.403525 0.370012
-0.835356 -0.508869 0.207925
-0.835356 -0.508869 0.207925
-0.835356 -0.508869 0.207924
-0.836814 -0.403526 0.370011
-0.835356 -0.508869 0.207924
-0.835356 -0.508869 0.207925
-0.832046 -0.540477 0.124834
-0.832046 -0.540477 0.124834
-0.832046 -0.540477 0.124834
-0.835356 -0.508869 0.207924
-0.832049 -0.002488 -0.554697
-0.832049 -0.002488 -0.554696
-0.832048 -0.002488 -0.554698
-0.832048 -0.002488 -0.554698
-0.832048 -0.002488 -0.554698
-0.832049 -0.002488 -0.554697
-0.832047 0.542036 -0.117875
-0.832047 0.542036 -0.117875
-0.834646 0.516115 -0.192330
-0.834646 0.516115 -0.192330
-0.834647 0.516114 -0.192330
-0.832047 0.542036 -0.117875
-0.834647 0.516114 -0.192330
-0.834646 0.516115 -0.192330
-0.838227 0.410141 -0.359388
-0.838227 0.410141 -0.359388
-0.838227 0.410142 -0.359388
-0.834647 0.516114 -0.192330
-0.838227 0.410142 -0.359388
-0.838227 0.410141 -0.359388
-0.838366 0.216411 -0.500308
-0.838366 0.216411 -0.500308
-0.838366 0.216413 -0.500307
-0.838227 0.410142 -0.359388
-0.838366 0.216413 -0.500307
-0.838366 0.216411 -0.500308
-0.835695 0.009065 -0.549119
-0.835695 0.009065 -0.549119
-0.835695 0.009064 -0.549119
-0.838366 0.216413 -0.500307
-0.835695 0.009064 -0.549119
-0.835695 0.009065 -0.549119
-0.839082 -0.205642 -0.503640
-0.839082 -0.205642 -0.503640
-0.839082 -0.205644 -0.503639
-0.835695 0.009064 -0.549119
-0.839082 -0.205644 -0.503639
-0.839082 -0.205642 -0.503640
-0.838060 -0.406253 -0.364162
-0.838060 -0.406253 -0.364162
-0.838060 -0.406252 -0.364162
-0.839082 -0.205644 -0.503639
-0.838060 -0.406252 -0.364162
-0.838060 -0.406253 -0.364162
-0.832052 -0.483117 -0.272557
-0.832052 -0.483117 -0.272557
-0.832052 -0.483117 -0.272557
-0.838060 -0.406252 -0.364162
-0.832047 0.115825 -0.542478
-0.832047 0.115825 -0.542479
-0.832048 0.115824 -0.542477
-0.832048 0.115824 -0.542477
-0.832048 0.115824 -0.542477
-0.832047 0.115825 -0.542478
-0.832049 0.486200 0.267027
-0.832049 0.486201 0.267027
-0.838594 0.406333 0.362840
-0.838594 0.406333 0.362840
-0.838594 0.406333 0.362840
-0.832049 0.486200 0.267027
-1.000000 -0.000001 -0.000001
-1.000000 0.000001 -0.000000
-1.000000 0.000000 -0.000000
-1.000000 0.000000 -0.000000
-1.000000 -0.000001 -0.000001
-1.000000 -0.000001 -0.000001
-1.000000 -0.000001 -0.000001
-1.000000 -0.000001 -0.000001
-1.000000 0.000000 -0.000000
-1.000000 0.000000 -0.000000
-1.000000 0.000000 -0.000000
-1.000000 -0.000001 -0.000001
-1.000000 0.000000 0.000000
-1.000000 0.000000 0.000000
-1.000000 0.000000 -0.000000
-1.000000 0.000000 -0.000000
-1.000000 0.000000 0.000000
-1.000000 0.000000 0.000000
-1.000000 0.000001 -0.000002
-1.000000 0.000000 0.000000
-1.000000 0.000000 -0.000000
-1.000000 0.000000 -0.000000
-1.000000 0.000001 -0.000003
-1.000000 0.000001 -0.000002
-1.000000 0.000000 0.000000
-1.000000 0.000000 -0.000000
-1.000000 0.000000 -0.000000
-1.000000 0.000000 -0.000000
-1.000000 0.000000 0.000000
-1.000000 0.000000 0.000000
-1.000000 0.000000 0.000000
-1.000000 0.000000 0.000000
-1.000000 0.000000 0.000000
-1.000000 0.000000 0.000000
-1.000000 0.000000 0.000000
-1.000000 0.000000 0.000000
-1.000000 0.000000 -0.000000
-1.000000 0.000001 -0.000000
-1.000000 0.000000 -0.000000
-1.000000 0.000000 -0.000000
-1.000000 0.000000 0.000000
-1.000000 0.000000 -0.000000
-1.000000 0.000001 -0.000002
-1.000000 0.000001 -0.000003
-1.000000 0.000000 -0.000000
-1.000000 0.000000 -0.000000
-1.000000 0.000000 0.000000
-1.000000 0.000001 -0.000002
-0.599860 0.588761 0.541783
-0.599860 0.588760 0.541784
-0.599888 0.317185 0.734525
-0.599888 0.317185 0.734525
-0.599888 0.317185 0.734526
-0.599860 0.588761 0.541783
-0.599888 0.317185 0.734526
-0.599888 0.317185 0.734525
-0.598891 0.000422 0.800830
-0.598891 0.000422 0.800830
-0.598891 0.000424 0.800830
-0.599888 0.317185 0.734526
-0.598891 0.000424 0.800830
-0.598891 0.000422 0.800830
-0.598801 -0.306590 0.739892
-0.598801 -0.306590 0.739892
-0.598801 -0.306590 0.739892
-0.598891 0.000424 0.800830
-0.598801 -0.306590 0.739892
-0.598801 -0.306590 0.739892
-0.597944 -0.559994 0.573472
-0.597944 -0.559994 0.573472
-0.597944 -0.559993 0.573473
-0.598801 -0.306590 0.739892
-0.597944 -0.559993 0.573473
-0.597944 -0.559994 0.573472
-0.599391 -0.734479 0.318232
-0.599391 -0.734479 0.318232
-0.599391 -0.734478 0.318234
-0.597944 -0.559993 0.573473
-0.599391 -0.734478 0.318234
-0.599391 -0.734479 0.318232
-0.591358 -0.789522 0.164163
-0.591358 -0.789522 0.164163
-0.591359 -0.789522 0.164163
-0.599391 -0.734478 0.318234
-0.591364 -0.003616 -0.806397
-0.591364 -0.003616 -0.806397
-0.591364 -0.003616 -0.806397
-0.591364 -0.003616 -0.806397
-0.591364 -0.003616 -0.806397
-0.591364 -0.003616 -0.806397
-0.591366 0.792134 -0.151028
-0.591366 0.792134 -0.151028
-0.598622 0.743267 -0.298674
-0.598622 0.743267 -0.298674
-0.598622 0.743267 -0.298673
-0.591366 0.792134 -0.151028
-0.598622 0.743267 -0.298673
-0.598622 0.743267 -0.298674
-0.599827 0.566014 -0.565540
-0.599827 0.566014 -0.565540
-0.599827 0.566015 -0.565540
-0.598622 0.743267 -0.298673
-0.599827 0.566015 -0.565540
-0.599827 0.566014 -0.565540
-0.598457 0.300894 -0.742504
-0.598457 0.300894 -0.742504
-0.598458 0.300895 -0.742503
-0.599827 0.566015 -0.565540
-0.598458 0.300895 -0.742503
-0.598457 0.300894 -0.742504
-0.598144 0.004834 -0.801374
-0.598144 0.004834 -0.801374
-0.598144 0.004833 -0.801374
-0.598458 0.300895 -0.742503
-0.598144 0.004833 -0.801374
-0.598144 0.004834 -0.801374
-0.600918 -0.313800 -0.735138
-0.600918 -0.313800 -0.735138
-0.600918 -0.313799 -0.735138
-0.598144 0.004833 -0.801374
-0.600918 -0.313799 -0.735138
-0.600918 -0.313800 -0.735138
-0.599615 -0.591628 -0.538923
-0.599615 -0.591628 -0.538923
-0.599615 -0.591627 -0.538924
-0.600918 -0.313799 -0.735138
-0.599615 -0.591627 -0.538924
-0.599615 -0.591628 -0.538923
-0.596156 -0.747118 -0.293959
-0.596156 -0.747118 -0.293959
-0.596156 -0.747118 -0.293959
-0.599615 -0.591627 -0.538924
-0.596156 -0.747118 -0.293959
-0.596156 -0.747118 -0.293959
-0.591367 -0.787431 -0.173889
-0.591367 -0.787431 -0.173889
-0.591366 -0.787431 -0.173889
-0.596156 -0.747118 -0.293959
-0.591368 0.001376 -0.806401
-0.591369 0.001376 -0.806400
-0.591366 0.001377 -0.806402
-0.591366 0.001377 -0.806402
-0.591365 0.001377 -0.806403
-0.591368 0.001376 -0.806401
-0.591369 0.788028 0.171155
-0.591370 0.788028 0.171155
-0.596325 0.747209 0.293387
-0.596325 0.747209 0.293387
-0.596325 0.747209 0.293387
-0.591369 0.788028 0.171155
-0.596325 0.747209 0.293387
-0.596325 0.747209 0.293387
-0.599860 0.588760 0.541784
-0.599860 0.588760 0.541784
-0.599860 0.588761 0.541783
-0.596325 0.747209 0.293387
</float_array>
          <technique_common>
            <accessor source="#hull-Normal0-array" count="3276" stride="3">
              <param name="X" type="float"/>
              <param name="Y" type="float"/>
              <param name="Z" type="float"/>
            </accessor>
          </technique_common>
        </source>
        <source id="hull-UV0">
          <float_array id="hull-UV0-array" count="2958">
0.068328 0.761871
0.068328 0.796626
0.044589 0.796626
0.023912 0.761870
0.296325 0.009474
0.296325 0.214270
0.364978 0.214270
0.364978 0.009474
0.856408 0.114190
0.970138 0.114190
0.970138 0.192546
0.856408 0.192546
0.231169 0.979265
0.231169 0.844449
0.769377 0.844449
0.769377 0.979265
0.222561 0.009473
0.222561 0.214270
0.287837 0.214270
0.287837 0.009474
0.212718 0.154173
0.088975 0.154173
0.088975 0.200699
0.212718 0.200699
0.863207 0.751796
0.957733 0.732002
0.957733 0.804666
0.873607 0.804666
0.137985 0.087515
0.207065 0.087515
0.207065 0.143330
0.093182 0.087515
0.093182 0.143330
0.970138 0.239947
0.856408 0.239947
0.621939 0.787712
0.783501 0.787712
0.769709 0.839885
0.387849 0.787712
0.214633 0.787712
0.229395 0.839885
0.818814 0.845167
0.818814 0.979490
0.772444 0.979490
0.772444 0.845167
0.020823 0.905114
0.068328 0.905114
0.068328 0.925846
0.012772 0.925848
0.076984 0.471939
0.135256 0.471751
0.125765 0.534570
0.008573 0.471939
0.110929 0.538776
0.008573 0.538230
0.068328 0.979583
0.045828 0.979568
0.044565 0.938207
0.068328 0.938210
0.828921 0.927871
0.899427 0.927872
0.899424 0.994908
0.828925 0.994908
0.450913 0.231103
0.564491 0.231110
0.564491 0.205568
0.450911 0.197224
0.068328 0.992842
0.016328 0.992804
0.012771 0.938210
0.214867 0.272510
0.145173 0.409215
0.145173 0.315822
0.145173 0.214687
0.207958 0.221611
0.259976 0.319757
0.282771 0.409217
0.159591 0.978533
0.159393 0.937577
0.134717 0.939177
0.139737 0.972436
0.011524 0.979581
0.312777 0.409217
0.312786 0.512233
0.284354 0.519632
0.587693 0.232869
0.587693 0.205437
0.904014 0.930904
0.974171 0.930931
0.964620 0.991688
0.904570 0.991688
0.676134 0.223573
0.673898 0.199381
0.020823 0.870744
0.068328 0.870744
0.783219 0.752091
0.957733 0.638624
0.957733 0.537503
0.783198 0.664400
0.783177 0.537503
0.867181 0.921654
0.864384 0.846253
0.995298 0.846342
0.995029 0.922102
0.658965 0.268852
0.658965 0.323949
0.523519 0.323959
0.521552 0.268862
0.159573 0.892627
0.129632 0.889637
0.134717 0.939177
0.159393 0.937577
0.174080 0.836883
0.166248 0.835644
0.169570 0.774270
0.178996 0.762413
0.710580 0.192683
0.706042 0.214276
0.723076 0.186304
0.840698 0.922369
0.833697 0.847359
0.068328 0.840504
0.044589 0.840504
0.629511 0.664400
0.517168 0.664400
0.517850 0.646650
0.603374 0.617248
0.856408 0.008138
0.970138 0.008138
0.770522 0.739101
0.642206 0.739101
0.642206 0.677095
0.770506 0.677095
0.229367 0.738511
0.217329 0.677685
0.393515 0.677685
0.393515 0.738511
0.420676 0.738806
0.420676 0.677390
0.517214 0.677390
0.615635 0.677390
0.615636 0.738806
0.629600 0.537503
0.406800 0.664400
0.406761 0.537503
0.438503 0.617243
0.204043 0.664400
0.204044 0.537503
0.230246 0.537503
0.783177 0.537503
0.783198 0.664400
0.482103 0.324376
0.478922 0.408847
0.436963 0.409255
0.441292 0.322596
0.008960 0.796626
0.008960 0.761869
0.433050 0.534034
0.463407 0.534032
0.463407 0.572964
0.433051 0.572964
0.463407 0.534032
0.519361 0.534032
0.519361 0.572964
0.463407 0.572964
0.519361 0.534032
0.579671 0.534032
0.579671 0.572964
0.519361 0.572964
0.579671 0.534032
0.606138 0.534034
0.606138 0.572964
0.579671 0.572964
0.008960 0.870744
0.008960 0.840504
0.048877 0.012072
0.048877 0.123741
0.023968 0.123741
0.014391 0.012072
0.048877 0.200649
0.023968 0.200649
0.783060 0.757610
0.628579 0.757610
0.628579 0.784694
0.783060 0.784694
0.403314 0.757610
0.404747 0.784694
0.213637 0.757610
0.213637 0.784694
0.079559 0.200649
0.079559 0.123741
0.054651 0.123741
0.054651 0.200649
0.079559 0.019649
0.079559 0.012072
0.054651 0.012072
0.049932 0.225057
0.134488 0.225057
0.134488 0.305452
0.049932 0.305441
0.093182 0.015790
0.137976 0.015790
0.135295 0.416835
0.076994 0.416835
0.145172 0.315822
0.145164 0.315822
0.139632 0.315822
0.145173 0.315822
0.364978 0.133701
0.450900 0.133720
0.450900 0.009474
0.364978 0.009474
0.039877 0.315808
0.145164 0.315822
0.145164 0.409215
0.039877 0.409187
0.003251 0.543908
0.003251 0.661930
0.008635 0.661930
0.008635 0.543909
0.197236 0.751796
0.197038 0.664400
0.159274 0.664400
0.171877 0.751796
0.197038 0.546113
0.159274 0.546113
0.033326 0.543909
0.008635 0.543909
0.008635 0.661930
0.033326 0.661930
0.603185 0.572728
0.584221 0.572728
0.584127 0.533861
0.605181 0.572727
0.605125 0.534089
0.584221 0.572728
0.554948 0.572707
0.554873 0.533972
0.584127 0.533861
0.554948 0.572707
0.520577 0.572684
0.554873 0.533972
0.486559 0.572499
0.457493 0.572499
0.457475 0.534320
0.486523 0.534211
0.457493 0.572499
0.436288 0.572499
0.436278 0.534318
0.457475 0.534320
0.378848 0.260113
0.332292 0.287183
0.282056 0.285947
0.245597 0.261346
0.236400 0.224357
0.383920 0.224357
0.309701 0.292129
0.252317 0.273796
0.235319 0.224085
0.371552 0.273799
0.384889 0.224085
0.979051 0.930555
0.995221 0.930652
0.986064 0.991430
0.970942 0.991160
0.706042 0.214276
0.710580 0.192683
0.411541 0.272479
0.711574 0.009474
0.723076 0.186304
0.723076 0.009474
0.673962 0.009474
0.587693 0.009474
0.564494 0.009474
0.450900 0.009474
0.523519 0.323959
0.490922 0.324628
0.490947 0.266107
0.521552 0.268862
0.482329 0.255111
0.415585 0.248653
0.658965 0.398089
0.524173 0.398088
0.524173 0.398088
0.489217 0.398572
0.428892 0.414646
0.328110 0.414610
0.421159 0.512233
0.415173 0.497180
0.328908 0.497180
0.145180 0.519632
0.157882 0.413079
0.157882 0.413079
0.157889 0.504001
0.145180 0.519632
0.258542 0.413080
0.258960 0.504001
0.258960 0.504001
0.284354 0.519632
0.145180 0.519632
0.157889 0.504001
0.157889 0.504001
0.157882 0.413079
0.159009 0.414160
0.159015 0.502925
0.157882 0.413079
0.258542 0.413080
0.257692 0.414161
0.159009 0.414160
0.258542 0.413080
0.258960 0.504001
0.257689 0.502925
0.257692 0.414161
0.258960 0.504001
0.157889 0.504001
0.159015 0.502925
0.257689 0.502925
0.328110 0.414610
0.428892 0.414646
0.427254 0.415681
0.329061 0.415646
0.428892 0.414646
0.415173 0.497180
0.413888 0.496131
0.427254 0.415681
0.415173 0.497180
0.328908 0.497180
0.329838 0.496131
0.413888 0.496131
0.328908 0.497180
0.328110 0.414610
0.329061 0.415646
0.329838 0.496131
0.312770 0.320094
0.366112 0.320442
0.486559 0.572499
0.486523 0.534211
0.485135 0.507875
0.485380 0.413291
0.485380 0.413291
0.488991 0.499421
0.485135 0.507875
0.524731 0.408118
0.525053 0.411927
0.524731 0.408118
0.658965 0.408122
0.647794 0.411787
0.525053 0.411927
0.659146 0.507098
0.649154 0.499035
0.516506 0.507636
0.519362 0.499678
0.516506 0.507636
0.485135 0.507875
0.488991 0.499421
0.488991 0.499421
0.519362 0.499678
0.516506 0.507636
0.488991 0.499421
0.485380 0.413291
0.488533 0.414802
0.492007 0.496160
0.485380 0.413291
0.525053 0.411927
0.525382 0.413509
0.488533 0.414802
0.525053 0.411927
0.647794 0.411787
0.644839 0.413278
0.525382 0.413509
0.647794 0.411787
0.649154 0.499035
0.646607 0.496652
0.644839 0.413278
0.649154 0.499035
0.519714 0.496376
0.646607 0.496652
0.492007 0.496160
0.185027 0.769780
0.182113 0.838685
0.122288 0.767567
0.122288 0.888663
0.129632 0.889637
0.129632 0.758497
0.128842 0.944543
0.134717 0.939177
0.137286 0.984264
0.139737 0.972436
0.137286 0.984264
0.158658 0.995063
0.159591 0.978533
0.139737 0.972436
0.207785 0.767579
0.204123 0.760788
0.159573 0.892627
0.159573 0.760425
0.129632 0.758497
0.129632 0.889637
0.118143 0.930050
0.107621 0.930050
0.107621 0.893156
0.118145 0.884588
0.107621 0.761381
0.118146 0.761381
0.088946 0.761381
0.088945 0.884588
0.118145 0.884588
0.118146 0.761381
0.088943 0.926063
0.118143 0.930050
0.098739 0.997768
0.083684 0.986927
0.106986 0.950337
0.113655 0.988282
0.073265 0.930050
0.073265 0.893156
0.088344 0.893156
0.088344 0.930050
0.073265 0.761381
0.088344 0.761381
0.078421 0.893156
0.078421 0.761381
0.073265 0.761381
0.073265 0.893156
0.107621 0.761381
0.107621 0.893156
0.088344 0.893156
0.088344 0.761381
0.107621 0.930050
0.088344 0.930050
0.077977 0.950055
0.091488 0.950055
0.078421 0.916925
0.073265 0.930050
0.088943 0.926063
0.080692 0.946466
0.091214 0.946466
0.076119 0.943474
0.091216 0.943474
0.076119 0.943474
0.107621 0.946466
0.091216 0.943474
0.118143 0.946466
0.107621 0.946466
0.091214 0.946466
0.118143 0.946466
0.629511 0.664400
0.783198 0.664400
0.774049 0.673551
0.638662 0.673551
0.783219 0.751796
0.774066 0.742645
0.629512 0.751796
0.638662 0.742645
0.406801 0.751796
0.406800 0.664400
0.415951 0.673551
0.415951 0.742645
0.517168 0.664400
0.517168 0.673551
0.620361 0.673551
0.620361 0.742645
0.204043 0.664400
0.397649 0.673551
0.213194 0.673551
0.397650 0.742645
0.216647 0.751796
0.225798 0.742645
0.638662 0.673551
0.774049 0.673551
0.770506 0.677095
0.642206 0.677095
0.774049 0.673551
0.774066 0.742645
0.770522 0.739101
0.770506 0.677095
0.774066 0.742645
0.638662 0.742645
0.642206 0.739101
0.770522 0.739101
0.638662 0.742645
0.638662 0.673551
0.642206 0.677095
0.642206 0.739101
0.213194 0.673551
0.397649 0.673551
0.393515 0.677685
0.217329 0.677685
0.397649 0.673551
0.397650 0.742645
0.393515 0.738511
0.393515 0.677685
0.397650 0.742645
0.225798 0.742645
0.229367 0.738511
0.393515 0.738511
0.225798 0.742645
0.213194 0.673551
0.217329 0.677685
0.229367 0.738511
0.415951 0.742645
0.415951 0.673551
0.420676 0.677390
0.420676 0.738806
0.415951 0.673551
0.517168 0.673551
0.517214 0.677390
0.420676 0.677390
0.620361 0.673551
0.615635 0.677390
0.620361 0.673551
0.620361 0.742645
0.615636 0.738806
0.615635 0.677390
0.620361 0.742645
0.415951 0.742645
0.420676 0.738806
0.615636 0.738806
0.783198 0.664400
0.629511 0.664400
0.629511 0.664400
0.783198 0.664400
0.517168 0.664400
0.517168 0.664400
0.406800 0.664400
0.406800 0.664400
0.204043 0.664400
0.204043 0.664400
0.204043 0.664400
0.204044 0.537503
0.204044 0.537503
0.204043 0.664400
0.204044 0.537503
0.230246 0.537503
0.204044 0.537503
0.014391 0.123741
0.138437 0.308908
0.138437 0.221601
0.139632 0.315822
0.964469 0.544417
0.964469 0.631711
0.039877 0.214687
0.046613 0.221601
0.138437 0.221601
0.138437 0.308908
0.134488 0.305452
0.134488 0.225057
0.138437 0.308908
0.046613 0.308895
0.049932 0.305441
0.134488 0.305452
0.964469 0.631711
0.964469 0.544417
0.967789 0.547872
0.967789 0.628256
0.046613 0.221601
0.138437 0.221601
0.134488 0.225057
0.049932 0.225057
0.478922 0.408847
0.457808 0.509108
0.455295 0.498852
0.455295 0.498852
0.468837 0.414500
0.457808 0.509108
0.421159 0.512233
0.430529 0.497943
0.455295 0.498852
0.442578 0.414356
0.442578 0.414356
0.430529 0.497943
0.421159 0.512233
0.468837 0.414500
0.455295 0.498852
0.453597 0.496632
0.466414 0.416156
0.455295 0.498852
0.430529 0.497943
0.432432 0.496276
0.453597 0.496632
0.430529 0.497943
0.442578 0.414356
0.443780 0.416026
0.432432 0.496276
0.442578 0.414356
0.468837 0.414500
0.466414 0.416156
0.443780 0.416026
0.489635 0.324492
0.487844 0.401150
0.489775 0.263243
0.522415 0.258668
0.522142 0.266158
0.522415 0.258668
0.658965 0.258668
0.658965 0.266163
0.522142 0.266158
0.524610 0.400623
0.658965 0.400633
0.524610 0.400623
0.487844 0.401150
0.489635 0.324492
0.490922 0.324628
0.489217 0.398572
0.489775 0.263243
0.490947 0.266107
0.489775 0.263243
0.522142 0.266158
0.521552 0.268862
0.490947 0.266107
0.522142 0.266158
0.658965 0.266163
0.658965 0.400633
0.524610 0.400623
0.524173 0.398088
0.658965 0.398089
0.524610 0.400623
0.487844 0.401150
0.489217 0.398572
0.524173 0.398088
0.145173 0.315822
0.145173 0.409215
0.145172 0.408897
0.145172 0.315822
0.432570 0.198551
0.432575 0.180673
0.432575 0.171886
0.432569 0.189125
0.450913 0.231103
0.450911 0.197224
0.450911 0.195372
0.450913 0.222316
0.450900 0.009474
0.450900 0.009474
0.039877 0.315808
0.039877 0.315808
0.039877 0.315808
0.046613 0.308895
0.157942 0.315822
0.157934 0.315822
0.145172 0.315822
0.145172 0.408897
0.157943 0.408896
0.157942 0.315822
0.145179 0.515366
0.157949 0.515365
0.450913 0.222316
0.450911 0.195372
0.461332 0.195370
0.461334 0.222314
0.450900 0.009474
0.461322 0.009472
0.461322 0.133718
0.461322 0.009472
0.157934 0.315822
0.157934 0.409215
0.378820 0.279335
0.384578 0.284865
0.353184 0.305204
0.349455 0.298667
0.393768 0.255044
0.401533 0.256563
0.226977 0.262005
0.233531 0.257065
0.247666 0.280825
0.243242 0.286390
0.271131 0.305245
0.273148 0.297894
0.309977 0.304230
0.309864 0.312044
0.219987 0.234260
0.228114 0.234226
0.386441 0.286390
0.354140 0.307317
0.353184 0.305204
0.384578 0.284865
0.309841 0.314312
0.309864 0.312044
0.270131 0.307341
0.271131 0.305245
0.241414 0.287927
0.243242 0.286390
0.224695 0.262860
0.226977 0.262005
0.216930 0.232041
0.219987 0.234260
0.216930 0.232041
0.230073 0.231987
0.228114 0.234226
0.219987 0.234260
0.230073 0.231987
0.235835 0.256278
0.233531 0.257065
0.228114 0.234226
0.249542 0.279318
0.247666 0.280825
0.274139 0.295794
0.273148 0.297894
0.310018 0.301967
0.309977 0.304230
0.348509 0.296543
0.349455 0.298667
0.376964 0.277809
0.378820 0.279335
0.392527 0.252519
0.393768 0.255044
0.392527 0.252519
0.405242 0.255008
0.401533 0.256563
0.393768 0.255044
0.405242 0.255008
0.401533 0.256563
0.374716 0.280850
0.381676 0.286901
0.349795 0.306265
0.345499 0.298901
0.389337 0.259620
0.397319 0.264294
0.225876 0.264555
0.233856 0.259487
0.252313 0.283806
0.246601 0.289773
0.276522 0.306869
0.279218 0.298773
0.311662 0.304208
0.311491 0.312831
0.395966 0.233945
0.405022 0.233958
0.218445 0.233986
0.228164 0.233949
0.383053 0.287985
0.350537 0.307735
0.349795 0.306265
0.381676 0.286901
0.311492 0.314428
0.311491 0.312831
0.275807 0.308344
0.276522 0.306869
0.245300 0.290913
0.246601 0.289773
0.224161 0.265191
0.225876 0.264555
0.216196 0.232429
0.218445 0.233986
0.216196 0.232429
0.229677 0.232377
0.228164 0.233949
0.218445 0.233986
0.229677 0.232377
0.235587 0.258892
0.233856 0.259487
0.228164 0.233949
0.253636 0.282674
0.252313 0.283806
0.279918 0.297294
0.279218 0.298773
0.311673 0.302614
0.311662 0.304208
0.344762 0.297424
0.345499 0.298901
0.373333 0.279773
0.374716 0.280850
0.387612 0.259039
0.389337 0.259620
0.394496 0.232377
0.395966 0.233945
0.394496 0.232377
0.407292 0.232396
0.405022 0.233958
0.395966 0.233945
0.407292 0.232396
0.399045 0.264874
0.397319 0.264294
0.405022 0.233958
0.023912 0.761870
0.044589 0.796626
0.364978 0.214270
0.296325 0.214270
0.742679 0.192546
0.742679 0.114190
0.769377 0.844449
0.231169 0.844449
0.287837 0.214270
0.222561 0.214270
0.088975 0.200699
0.088975 0.154173
0.863207 0.751796
0.873607 0.804666
0.957733 0.804666
0.957733 0.732002
0.093182 0.087515
0.093182 0.143330
0.137985 0.087515
0.742679 0.239947
0.214633 0.787712
0.229395 0.839885
0.769709 0.839885
0.783501 0.787712
0.621939 0.787712
0.387849 0.787712
0.818814 0.845167
0.772444 0.845167
0.020823 0.905114
0.012772 0.925848
0.110929 0.538776
0.125765 0.534570
0.135256 0.471751
0.076984 0.471939
0.044565 0.938207
0.045828 0.979568
0.828921 0.927871
0.828925 0.994908
0.899424 0.994908
0.899427 0.927872
0.450913 0.231103
0.450911 0.197224
0.564491 0.205568
0.564491 0.231110
0.016328 0.992804
0.012771 0.938210
0.214867 0.272510
0.207958 0.221611
0.145173 0.214687
0.145173 0.315822
0.145173 0.409215
0.259976 0.319757
0.282771 0.409217
0.159591 0.978533
0.139737 0.972436
0.134717 0.939177
0.159393 0.937577
0.011524 0.979581
0.284354 0.519632
0.312786 0.512233
0.312777 0.409217
0.587693 0.232869
0.587693 0.205437
0.904014 0.930904
0.904570 0.991688
0.964620 0.991688
0.974171 0.930931
0.676134 0.223573
0.673898 0.199381
0.020823 0.870744
0.783219 0.752091
0.957733 0.638624
0.957733 0.537503
0.783198 0.664400
0.783177 0.537503
0.867181 0.921654
0.995029 0.922102
0.995298 0.846342
0.864384 0.846253
0.796378 0.268862
0.794411 0.323959
0.159573 0.892627
0.159393 0.937577
0.134717 0.939177
0.129632 0.889637
0.178996 0.762413
0.169570 0.774270
0.710580 0.192683
0.723076 0.186304
0.706042 0.214276
0.833697 0.847359
0.840698 0.922369
0.044589 0.840504
0.629511 0.664400
0.603374 0.617248
0.517850 0.646650
0.517168 0.664400
0.742679 0.008138
0.770522 0.739101
0.770506 0.677095
0.642206 0.677095
0.642206 0.739101
0.229367 0.738511
0.393515 0.738511
0.393515 0.677685
0.217329 0.677685
0.517214 0.677390
0.420676 0.677390
0.420676 0.738806
0.615635 0.677390
0.615636 0.738806
0.629600 0.537503
0.406800 0.664400
0.438503 0.617243
0.406761 0.537503
0.230246 0.537503
0.204044 0.537503
0.204043 0.664400
0.783198 0.664400
0.783177 0.537503
0.482103 0.324376
0.441292 0.322596
0.436963 0.409255
0.478922 0.408847
0.008960 0.761869
0.008960 0.796626
0.433050 0.534034
0.433051 0.572964
0.463407 0.572964
0.463407 0.534032
0.463407 0.534032
0.463407 0.572964
0.519361 0.572964
0.519361 0.534032
0.519361 0.534032
0.519361 0.572964
0.579671 0.572964
0.579671 0.534032
0.579671 0.534032
0.579671 0.572964
0.606138 0.572964
0.606138 0.534034
0.008960 0.840504
0.008960 0.870744
0.048877 0.012072
0.014391 0.012072
0.023968 0.123741
0.048877 0.123741
0.023968 0.200649
0.048877 0.200649
0.783060 0.757610
0.783060 0.784694
0.628579 0.784694
0.628579 0.757610
0.404747 0.784694
0.403314 0.757610
0.213637 0.784694
0.213637 0.757610
0.079559 0.200649
0.054651 0.200649
0.054651 0.123741
0.079559 0.123741
0.054651 0.012072
0.079559 0.012072
0.079559 0.019649
0.049932 0.225057
0.049932 0.305441
0.134488 0.305452
0.134488 0.225057
0.137976 0.015790
0.093182 0.015790
0.135295 0.416835
0.076994 0.416835
0.145172 0.315822
0.145173 0.315822
0.139632 0.315822
0.145164 0.315822
0.364978 0.133701
0.450900 0.133720
0.039877 0.315808
0.039877 0.409187
0.145164 0.409215
0.145164 0.315822
0.008635 0.661930
0.003251 0.661930
0.197236 0.751796
0.171877 0.751796
0.159274 0.664400
0.197038 0.664400
0.159274 0.546113
0.197038 0.546113
0.033326 0.661930
0.008635 0.661930
0.605181 0.572727
0.605125 0.534089
0.584127 0.533861
0.584221 0.572728
0.603185 0.572728
0.584221 0.572728
0.584127 0.533861
0.554873 0.533972
0.554948 0.572707
0.554948 0.572707
0.554873 0.533972
0.520577 0.572684
0.486559 0.572499
0.486523 0.534211
0.457475 0.534320
0.457493 0.572499
0.457493 0.572499
0.457475 0.534320
0.436278 0.534318
0.436288 0.572499
0.236400 0.224357
0.245597 0.261346
0.282056 0.285947
0.332292 0.287183
0.378848 0.260113
0.383920 0.224357
0.235319 0.224085
0.252317 0.273796
0.309701 0.292129
0.371552 0.273799
0.384889 0.224085
0.979051 0.930555
0.970942 0.991160
0.986064 0.991430
0.995221 0.930652
0.706042 0.214276
0.710580 0.192683
0.411541 0.272479
0.723076 0.186304
0.794411 0.323959
0.796378 0.268862
0.826983 0.266107
0.827008 0.324628
0.482329 0.255111
0.415585 0.248653
0.793757 0.398088
0.793757 0.398088
0.828713 0.398572
0.328110 0.414610
0.428892 0.414646
0.415173 0.497180
0.421159 0.512233
0.328908 0.497180
0.145180 0.519632
0.157889 0.504001
0.157882 0.413079
0.157882 0.413079
0.145180 0.519632
0.258542 0.413080
0.258960 0.504001
0.258960 0.504001
0.157889 0.504001
0.145180 0.519632
0.284354 0.519632
0.157889 0.504001
0.159015 0.502925
0.159009 0.414160
0.157882 0.413079
0.157882 0.413079
0.159009 0.414160
0.257692 0.414161
0.258542 0.413080
0.258542 0.413080
0.257692 0.414161
0.257689 0.502925
0.258960 0.504001
0.258960 0.504001
0.257689 0.502925
0.159015 0.502925
0.157889 0.504001
0.328110 0.414610
0.329061 0.415646
0.427254 0.415681
0.428892 0.414646
0.428892 0.414646
0.427254 0.415681
0.413888 0.496131
0.415173 0.497180
0.415173 0.497180
0.413888 0.496131
0.329838 0.496131
0.328908 0.497180
0.328908 0.497180
0.329838 0.496131
0.329061 0.415646
0.328110 0.414610
0.366112 0.320442
0.312770 0.320094
0.486523 0.534211
0.486559 0.572499
0.832795 0.507875
0.828939 0.499421
0.832549 0.413291
0.832549 0.413291
0.839008 0.408847
0.832795 0.507875
0.792876 0.411927
0.793199 0.408118
0.793199 0.408118
0.792876 0.411927
0.670136 0.411787
0.669138 0.499035
0.798568 0.499678
0.801424 0.507636
0.801424 0.507636
0.798568 0.499678
0.828939 0.499421
0.828939 0.499421
0.832795 0.507875
0.801424 0.507636
0.828939 0.499421
0.825923 0.496160
0.829397 0.414802
0.832549 0.413291
0.832549 0.413291
0.829397 0.414802
0.792547 0.413509
0.792876 0.411927
0.792876 0.411927
0.792547 0.413509
0.673091 0.413278
0.670136 0.411787
0.670136 0.411787
0.673091 0.413278
0.671685 0.496652
0.669138 0.499035
0.669138 0.499035
0.671685 0.496652
0.798216 0.496376
0.825923 0.496160
0.185027 0.769780
0.129632 0.889637
0.122288 0.888663
0.134717 0.939177
0.128842 0.944543
0.139737 0.972436
0.137286 0.984264
0.137286 0.984264
0.139737 0.972436
0.159591 0.978533
0.158658 0.995063
0.207785 0.767579
0.204123 0.760788
0.159573 0.892627
0.129632 0.889637
0.118143 0.930050
0.118145 0.884588
0.107621 0.893156
0.107621 0.930050
0.118145 0.884588
0.088945 0.884588
0.118143 0.930050
0.088943 0.926063
0.098739 0.997768
0.113655 0.988282
0.106986 0.950337
0.083684 0.986927
0.073265 0.930050
0.088344 0.930050
0.088344 0.893156
0.073265 0.893156
0.078421 0.893156
0.073265 0.893156
0.088344 0.893156
0.107621 0.893156
0.088344 0.930050
0.107621 0.930050
0.091488 0.950055
0.077977 0.950055
0.078421 0.916925
0.073265 0.930050
0.088943 0.926063
0.091214 0.946466
0.080692 0.946466
0.076119 0.943474
0.076119 0.943474
0.091216 0.943474
0.091216 0.943474
0.107621 0.946466
0.107621 0.946466
0.118143 0.946466
0.118143 0.946466
0.091214 0.946466
0.629511 0.664400
0.638662 0.673551
0.774049 0.673551
0.783198 0.664400
0.774066 0.742645
0.783219 0.751796
0.638662 0.742645
0.629512 0.751796
0.406801 0.751796
0.415951 0.742645
0.415951 0.673551
0.406800 0.664400
0.517168 0.673551
0.517168 0.664400
0.620361 0.673551
0.620361 0.742645
0.204043 0.664400
0.213194 0.673551
0.397649 0.673551
0.397650 0.742645
0.225798 0.742645
0.216647 0.751796
0.638662 0.673551
0.642206 0.677095
0.770506 0.677095
0.774049 0.673551
0.774049 0.673551
0.770506 0.677095
0.770522 0.739101
0.774066 0.742645
0.774066 0.742645
0.770522 0.739101
0.642206 0.739101
0.638662 0.742645
0.638662 0.742645
0.642206 0.739101
0.642206 0.677095
0.638662 0.673551
0.213194 0.673551
0.217329 0.677685
0.393515 0.677685
0.397649 0.673551
0.397649 0.673551
0.393515 0.677685
0.393515 0.738511
0.397650 0.742645
0.397650 0.742645
0.393515 0.738511
0.229367 0.738511
0.225798 0.742645
0.225798 0.742645
0.229367 0.738511
0.217329 0.677685
0.213194 0.673551
0.415951 0.742645
0.420676 0.738806
0.420676 0.677390
0.415951 0.673551
0.415951 0.673551
0.420676 0.677390
0.517214 0.677390
0.517168 0.673551
0.615635 0.677390
0.620361 0.673551
0.620361 0.673551
0.615635 0.677390
0.615636 0.738806
0.620361 0.742645
0.620361 0.742645
0.615636 0.738806
0.420676 0.738806
0.415951 0.742645
0.783198 0.664400
0.783198 0.664400
0.629511 0.664400
0.629511 0.664400
0.517168 0.664400
0.517168 0.664400
0.406800 0.664400
0.406800 0.664400
0.204043 0.664400
0.204043 0.664400
0.204043 0.664400
0.204043 0.664400
0.204044 0.537503
0.204044 0.537503
0.204044 0.537503
0.204044 0.537503
0.230246 0.537503
0.014391 0.123741
0.138437 0.221601
0.138437 0.308908
0.139632 0.315822
0.964469 0.631711
0.964469 0.544417
0.039877 0.214687
0.046613 0.221601
0.138437 0.221601
0.134488 0.225057
0.134488 0.305452
0.138437 0.308908
0.138437 0.308908
0.134488 0.305452
0.049932 0.305441
0.046613 0.308895
0.964469 0.631711
0.967789 0.628256
0.967789 0.547872
0.964469 0.544417
0.046613 0.221601
0.049932 0.225057
0.134488 0.225057
0.138437 0.221601
0.468837 0.414500
0.455295 0.498852
0.455295 0.498852
0.457808 0.509108
0.478922 0.408847
0.457808 0.509108
0.455295 0.498852
0.430529 0.497943
0.421159 0.512233
0.421159 0.512233
0.430529 0.497943
0.442578 0.414356
0.442578 0.414356
0.468837 0.414500
0.466414 0.416156
0.453597 0.496632
0.455295 0.498852
0.455295 0.498852
0.453597 0.496632
0.432432 0.496276
0.430529 0.497943
0.430529 0.497943
0.432432 0.496276
0.443780 0.416026
0.442578 0.414356
0.442578 0.414356
0.443780 0.416026
0.466414 0.416156
0.468837 0.414500
0.830086 0.401150
0.828295 0.324492
0.835827 0.324376
0.828155 0.263243
0.835601 0.255111
0.795788 0.266158
0.795515 0.258668
0.795515 0.258668
0.795788 0.266158
0.793320 0.400623
0.793320 0.400623
0.830086 0.401150
0.828713 0.398572
0.827008 0.324628
0.828295 0.324492
0.826983 0.266107
0.828155 0.263243
0.828155 0.263243
0.826983 0.266107
0.796378 0.268862
0.795788 0.266158
0.795788 0.266158
0.793757 0.398088
0.793320 0.400623
0.793320 0.400623
0.793757 0.398088
0.828713 0.398572
0.830086 0.401150
0.145173 0.315822
0.145172 0.315822
0.145172 0.408897
0.145173 0.409215
0.432570 0.198551
0.432569 0.189125
0.432575 0.171886
0.432575 0.180673
0.450913 0.231103
0.450913 0.222316
0.450911 0.195372
0.450911 0.197224
0.039877 0.315808
0.039877 0.315808
0.046613 0.308895
0.039877 0.315808
0.157934 0.315822
0.157942 0.315822
0.145172 0.315822
0.157942 0.315822
0.157943 0.408896
0.145172 0.408897
0.157949 0.515365
0.145179 0.515366
0.450913 0.222316
0.461334 0.222314
0.461332 0.195370
0.450911 0.195372
0.461322 0.133718
0.157934 0.409215
0.157934 0.315822
0.378820 0.279335
0.349455 0.298667
0.353184 0.305204
0.384578 0.284865
0.401533 0.256563
0.393768 0.255044
0.226977 0.262005
0.243242 0.286390
0.247666 0.280825
0.233531 0.257065
0.271131 0.305245
0.309864 0.312044
0.309977 0.304230
0.273148 0.297894
0.228114 0.234226
0.219987 0.234260
0.386441 0.286390
0.384578 0.284865
0.353184 0.305204
0.354140 0.307317
0.309864 0.312044
0.309841 0.314312
0.271131 0.305245
0.270131 0.307341
0.243242 0.286390
0.241414 0.287927
0.226977 0.262005
0.224695 0.262860
0.219987 0.234260
0.216930 0.232041
0.216930 0.232041
0.219987 0.234260
0.228114 0.234226
0.230073 0.231987
0.230073 0.231987
0.228114 0.234226
0.233531 0.257065
0.235835 0.256278
0.247666 0.280825
0.249542 0.279318
0.273148 0.297894
0.274139 0.295794
0.309977 0.304230
0.310018 0.301967
0.349455 0.298667
0.348509 0.296543
0.378820 0.279335
0.376964 0.277809
0.393768 0.255044
0.392527 0.252519
0.392527 0.252519
0.393768 0.255044
0.401533 0.256563
0.405242 0.255008
0.405242 0.255008
0.401533 0.256563
0.374716 0.280850
0.345499 0.298901
0.349795 0.306265
0.381676 0.286901
0.397319 0.264294
0.389337 0.259620
0.225876 0.264555
0.246601 0.289773
0.252313 0.283806
0.233856 0.259487
0.276522 0.306869
0.311491 0.312831
0.311662 0.304208
0.279218 0.298773
0.395966 0.233945
0.405022 0.233958
0.228164 0.233949
0.218445 0.233986
0.383053 0.287985
0.381676 0.286901
0.349795 0.306265
0.350537 0.307735
0.311491 0.312831
0.311492 0.314428
0.276522 0.306869
0.275807 0.308344
0.246601 0.289773
0.245300 0.290913
0.225876 0.264555
0.224161 0.265191
0.218445 0.233986
0.216196 0.232429
0.216196 0.232429
0.218445 0.233986
0.228164 0.233949
0.229677 0.232377
0.229677 0.232377
0.228164 0.233949
0.233856 0.259487
0.235587 0.258892
0.252313 0.283806
0.253636 0.282674
0.279218 0.298773
0.279918 0.297294
0.311662 0.304208
0.311673 0.302614
0.345499 0.298901
0.344762 0.297424
0.374716 0.280850
0.373333 0.279773
0.389337 0.259620
0.387612 0.259039
0.395966 0.233945
0.394496 0.232377
0.394496 0.232377
0.395966 0.233945
0.405022 0.233958
0.407292 0.232396
0.407292 0.232396
0.405022 0.233958
0.397319 0.264294
0.399045 0.264874
</float_array>
          <technique_common>
            <accessor source="#hull-UV0-array" count="1479" stride="2">
              <param name="S" type="float"/>
              <param name="T" type="float"/>
            </accessor>
          </technique_common>
        </source>
        <vertices id="hull-VERTEX">
          <input semantic="POSITION" source="#hull-POSITION"/>
        </vertices>
        <triangles count="1092" material="firetruck"><input semantic="VERTEX" offset="0" source="#hull-VERTEX"/><input semantic="NORMAL" offset="1" source="#hull-Normal0"/><input semantic="TEXCOORD" offset="2" set="0" source="#hull-UV0"/><p> 0 0 0 1 1 1 2 2 2 2 3 2 3 4 3 0 5 0 4 6 4 5 7 5 6 8 6 6 9 6 7 10 7 4 11 4 8 12 8 9 13 9 10 14 10 10 15 10 11 16 11 8 17 8 12 18 12 13 19 13 14 20 14 14 21 14 15 22 15 12 23 12 16 24 16 17 25 17 18 26 18 18 27 18 19 28 19 16 29 16 20 30 20 21 31 21 22 32 22 22 33 22 23 34 23 20 35 20 24 36 24 25 37 25 26 38 26 26 39 26 27 40 27 24 41 24 28 42 28 29 43 29 30 44 30 31 45 31 28 46 28 30 47 30 31 48 31 30 49 30 32 50 32 11 51 11 10 52 10 33 53 33 33 54 33 34 55 34 11 56 11 35 57 35 36 58 36 37 59 37 38 60 38 35 61 35 37 62 37 39 63 39 38 64 38 37 65 37 39 66 39 37 67 37 40 68 40 41 69 41 42 70 42 43 71 43 43 72 43 44 73 44 41 74 41 45 75 45 46 76 46 47 77 47 47 78 47 48 79 48 45 80 45 49 81 49 50 82 50 51 83 51 52 84 52 49 85 49 51 86 51 52 87 52 51 88 51 53 89 53 52 90 52 53 91 53 54 92 54 55 93 55 56 94 56 57 95 57 57 96 57 58 97 58 55 98 55 59 99 59 60 100 60 61 101 61 61 102 61 62 103 62 59 104 59 63 105 63 64 106 64 65 107 65 65 108 65 66 109 66 63 110 63 67 111 67 68 112 68 56 113 56 56 114 56 55 115 55 67 116 67 69 117 69 48 118 48 57 119 57 70 120 70 71 121 71 72 122 72 70 123 70 72 124 72 73 125 73 70 126 70 73 127 73 74 128 74 75 129 75 76 130 76 71 131 71 71 132 71 70 133 70 75 134 75 77 135 77 78 136 78 79 137 79 79 138 79 80 139 80 77 140 77 68 141 68 81 142 81 56 143 56 48 144 48 47 145 47 58 146 58 58 147 58 57 148 57 48 149 48 76 150 76 82 151 82 83 152 83 83 153 83 84 154 84 76 155 76 85 156 85 86 157 86 65 158 65 65 159 65 64 160 64 85 161 85 87 162 87 88 163 88 89 164 89 89 165 89 90 166 90 87 167 87 91 168 91 92 169 92 86 170 86 86 171 86 85 172 85 91 173 91 46 174 46 45 175 45 93 176 93 93 177 93 94 178 94 46 179 46 25 180 25 24 181 24 95 182 95 96 183 96 25 184 25 95 185 95 97 186 97 96 187 96 95 188 95 97 189 97 95 190 95 98 191 98 99 192 99 97 193 97 98 194 98 100 195 100 101 196 101 102 197 102 102 198 102 103 199 103 100 200 100 104 201 104 105 202 105 106 203 106 106 204 106 107 205 107 104 206 104 108 207 108 109 208 109 110 209 110 110 210 110 111 211 111 108 212 108 112 213 112 113 214 113 114 215 114 114 216 114 115 217 115 112 218 112 116 219 116 117 220 117 118 221 118 101 222 101 100 223 100 119 224 119 119 225 119 120 226 120 101 227 101 121 228 121 122 229 122 2 230 2 2 231 2 1 232 1 121 233 121 94 234 94 93 235 93 122 236 122 122 237 122 121 238 121 94 239 94 123 240 123 124 241 124 125 242 125 125 243 125 126 244 126 123 245 123 127 246 127 128 247 128 9 248 9 9 249 9 8 250 8 127 251 127 129 252 129 130 253 130 131 254 131 131 255 131 132 256 132 129 257 129 133 258 133 134 259 134 135 260 135 135 261 135 136 262 136 133 263 133 137 264 137 138 265 138 139 266 139 137 267 137 139 268 139 140 269 140 141 270 141 137 271 137 140 272 140 126 273 126 142 274 142 123 275 123 143 276 143 144 277 144 145 278 145 143 279 143 145 280 145 125 281 125 125 282 125 124 283 124 143 284 143 143 285 143 146 286 146 147 287 147 143 288 143 147 289 147 148 290 148 143 291 143 148 292 148 144 293 144 142 294 142 149 295 149 150 296 150 150 297 150 123 298 123 142 299 142 151 300 151 152 301 152 153 302 153 153 303 153 154 304 154 151 305 151 3 306 3 2 307 2 155 308 155 155 309 155 156 310 156 3 311 3 157 312 157 158 313 158 159 314 159 159 315 159 160 316 160 157 317 157 161 318 161 162 319 162 163 320 163 163 321 163 164 322 164 161 323 161 165 324 165 166 325 166 167 326 167 167 327 167 168 328 168 165 329 165 169 330 169 170 331 170 171 332 171 171 333 171 172 334 172 169 335 169 122 336 122 93 337 93 173 338 173 173 339 173 174 340 174 122 341 122 175 342 175 176 343 176 177 344 177 177 345 177 178 346 178 175 347 175 176 348 176 179 349 179 180 350 180 180 351 180 177 352 177 176 353 176 181 354 181 182 355 182 183 356 183 183 357 183 184 358 184 181 359 181 182 360 182 185 361 185 186 362 186 186 363 186 183 364 183 182 365 182 185 366 185 187 367 187 188 368 188 188 369 188 186 370 186 185 371 185 189 372 189 190 373 190 191 374 191 191 375 191 192 376 192 189 377 189 193 378 193 194 379 194 195 380 195 190 381 190 193 382 193 195 383 195 190 384 190 195 385 195 191 386 191 196 387 196 197 388 197 198 389 198 198 390 198 199 391 199 196 392 196 31 393 31 200 394 200 201 395 201 201 396 201 28 397 28 31 398 31 202 399 202 50 400 50 49 401 49 49 402 49 203 403 203 202 404 202 204 405 204 205 406 205 206 407 206 206 408 206 207 409 207 204 410 204 208 411 208 209 412 209 210 413 210 210 414 210 211 415 211 208 416 208 212 417 212 213 418 213 214 419 214 214 420 214 215 421 215 212 422 212 216 423 216 217 424 217 218 425 218 218 426 218 219 427 219 216 428 216 220 429 220 221 430 221 222 431 222 222 432 222 223 433 223 220 434 220 221 435 221 224 436 224 225 437 225 225 438 225 222 439 222 221 440 221 226 441 226 227 442 227 228 443 228 228 444 228 229 445 229 226 446 226 230 447 230 231 448 231 232 449 232 233 450 233 230 451 230 232 452 232 233 453 233 232 454 232 234 455 234 235 456 235 236 457 236 237 458 237 237 459 237 238 460 238 235 461 235 239 462 239 240 463 240 241 464 241 242 465 242 243 466 243 244 467 244 244 468 244 245 469 245 242 470 242 246 471 246 247 472 247 248 473 248 248 474 248 249 475 249 246 476 246 250 477 250 251 478 251 252 479 252 252 480 252 253 481 253 254 482 254 250 483 250 252 484 252 254 485 254 255 486 255 250 487 250 254 488 254 256 489 256 257 490 257 258 491 258 259 492 259 256 493 256 258 494 258 260 495 260 259 496 259 258 497 258 261 498 261 262 499 262 263 500 263 263 501 263 264 502 264 261 503 261 265 504 265 266 505 266 92 506 92 92 507 92 91 508 91 265 509 265 267 510 267 151 511 151 154 512 154 268 513 268 266 514 266 269 515 269 269 516 269 270 517 270 268 518 268 266 519 266 268 520 268 271 521 271 271 522 271 92 523 92 266 524 266 92 525 92 271 526 271 272 527 272 272 528 272 86 529 86 92 530 92 272 531 272 273 532 273 65 533 65 65 534 65 86 535 86 272 536 272 273 537 273 274 538 274 66 539 66 66 540 66 65 541 65 273 542 273 275 543 275 276 544 276 277 545 277 277 546 277 278 547 278 275 548 275 279 549 279 151 550 151 267 551 267 267 552 267 280 553 280 279 554 279 105 555 105 281 556 281 282 557 282 282 558 282 106 559 106 105 560 105 283 561 283 284 562 284 276 563 276 276 564 276 275 565 275 283 566 283 82 567 82 153 568 153 285 569 285 285 570 285 286 571 286 82 572 82 153 573 153 287 574 287 288 575 288 288 576 288 285 577 285 153 578 153 287 579 287 83 580 83 289 581 289 289 582 289 288 583 288 287 584 287 83 585 83 82 586 82 286 587 286 286 588 286 289 589 289 83 590 83 290 591 290 71 592 71 291 593 291 292 594 292 293 595 293 294 596 294 71 597 71 76 598 76 295 599 295 295 600 295 291 601 291 71 602 71 296 603 296 295 604 295 76 605 76 76 606 76 84 607 84 296 608 296 297 609 297 298 610 298 299 611 299 299 612 299 300 613 300 297 614 297 301 615 301 302 616 302 303 617 303 303 618 303 304 619 304 301 620 301 305 621 305 306 622 306 307 623 307 307 624 307 308 625 308 305 626 305 309 627 309 310 628 310 311 629 311 311 630 311 312 631 312 309 632 309 313 633 313 314 634 314 315 635 315 315 636 315 316 637 316 313 638 313 317 639 317 318 640 318 319 641 319 319 642 319 320 643 320 317 644 317 321 645 321 322 646 322 323 647 323 323 648 323 324 649 324 321 650 321 325 651 325 326 652 326 327 653 327 327 654 327 328 655 328 325 656 325 329 657 329 330 658 330 331 659 331 331 660 331 332 661 332 329 662 329 82 663 82 333 664 333 334 665 334 153 666 153 82 667 82 334 668 334 153 669 153 334 670 334 154 671 154 154 672 154 334 673 334 267 674 267 82 675 82 76 676 76 75 677 75 75 678 75 333 679 333 82 680 82 240 681 240 335 682 335 336 683 336 336 684 336 241 685 241 240 686 240 337 687 337 152 688 152 338 689 338 339 690 339 340 691 340 341 692 341 152 693 152 342 694 342 343 695 343 343 696 343 338 697 338 152 698 152 344 699 344 345 700 345 346 701 346 346 702 346 347 703 347 344 704 344 345 705 345 348 706 348 349 707 349 349 708 349 346 709 346 345 710 345 348 711 348 350 712 350 351 713 351 351 714 351 349 715 349 348 716 348 352 717 352 353 718 353 354 719 354 355 720 355 356 721 356 357 722 357 358 723 358 359 724 359 360 725 360 360 726 360 361 727 361 358 728 358 362 729 362 363 730 363 364 731 364 364 732 364 365 733 365 362 734 362 366 735 366 367 736 367 368 737 368 368 738 368 369 739 369 366 740 366 370 741 370 371 742 371 372 743 372 372 744 372 373 745 373 370 746 370 374 747 374 356 748 356 375 749 375 375 750 375 376 751 376 374 752 374 356 753 356 355 754 355 377 755 377 377 756 377 375 757 375 356 758 356 378 759 378 379 760 379 112 761 112 112 762 112 115 763 115 378 764 378 380 765 380 381 766 381 382 767 382 382 768 382 383 769 383 380 770 380 381 771 381 384 772 384 385 773 385 385 774 385 382 775 382 381 776 381 384 777 384 386 778 386 387 779 387 387 780 387 385 781 385 384 782 384 388 783 388 389 784 389 390 785 390 390 786 390 391 787 391 388 788 388 392 789 392 378 790 378 115 791 115 115 792 115 393 793 393 392 794 392 394 795 394 395 796 395 396 797 396 396 798 396 397 799 397 394 800 394 398 801 398 399 802 399 400 803 400 400 804 400 401 805 401 398 806 398 401 807 401 400 808 400 402 809 402 402 810 402 403 811 403 401 812 401 404 813 404 405 814 405 406 815 406 406 816 406 407 817 407 404 818 404 405 819 405 408 820 408 409 821 409 409 822 409 406 823 406 405 824 405 410 825 410 411 826 411 412 827 412 412 828 412 413 829 413 410 830 410 414 831 414 415 832 415 416 833 416 416 834 416 417 835 417 414 836 414 415 837 415 418 838 418 419 839 419 419 840 419 416 841 416 415 842 415 420 843 420 421 844 421 422 845 422 422 846 422 423 847 423 420 848 420 424 849 424 425 850 425 426 851 426 426 852 426 427 853 427 424 854 424 425 855 425 428 856 428 429 857 429 429 858 429 426 859 426 425 860 425 412 861 412 411 862 411 430 863 430 430 864 430 431 865 431 412 866 412 432 867 432 420 868 420 423 869 423 423 870 423 433 871 433 432 872 432 434 873 434 432 874 432 435 875 435 435 876 435 436 877 436 434 878 434 432 879 432 433 880 433 437 881 437 437 882 437 435 883 435 432 884 432 414 885 414 417 886 417 438 887 438 438 888 438 439 889 439 414 890 414 429 891 429 428 892 428 440 893 440 440 894 440 441 895 441 429 896 429 399 897 399 398 898 398 442 899 442 442 900 442 443 901 443 399 902 399 409 903 409 408 904 408 444 905 444 444 906 444 445 907 445 409 908 409 446 909 446 447 910 447 448 911 448 448 912 448 449 913 449 446 914 446 447 915 447 450 916 450 451 917 451 451 918 451 448 919 448 447 920 447 450 921 450 452 922 452 453 923 453 453 924 453 451 925 451 450 926 450 452 927 452 446 928 446 449 929 449 449 930 449 453 931 453 452 932 452 454 933 454 455 934 455 456 935 456 456 936 456 457 937 457 454 938 454 455 939 455 458 940 458 459 941 459 459 942 459 456 943 456 455 944 455 458 945 458 446 946 446 460 947 460 460 948 460 459 949 459 458 950 458 446 951 446 452 952 452 461 953 461 461 954 461 460 955 460 446 956 446 452 957 452 454 958 454 457 959 457 457 960 457 461 961 461 452 962 452 462 963 462 455 964 455 463 965 463 463 966 463 464 967 464 462 968 462 455 969 455 454 970 454 465 971 465 465 972 465 463 973 463 455 974 455 454 975 454 466 976 466 467 977 467 467 978 467 465 979 465 454 980 454 466 981 466 462 982 462 464 983 464 464 984 464 467 985 467 466 986 466 468 987 468 469 988 469 470 989 470 470 990 470 471 991 471 468 992 468 472 993 472 473 994 473 474 995 474 474 996 474 475 997 475 472 998 472 476 999 476 477 1000 477 478 1001 478 478 1002 478 479 1003 479 476 1004 476 480 1005 480 481 1006 481 482 1007 482 482 1008 482 483 1009 483 480 1010 480 484 1011 484 485 1012 485 486 1013 486 486 1014 486 487 1015 487 484 1016 484 488 1017 488 489 1018 489 490 1019 490 490 1020 490 491 1021 491 488 1022 488 492 1023 492 493 1024 493 494 1025 494 494 1026 494 495 1027 495 492 1028 492 496 1029 496 497 1030 497 498 1031 498 498 1032 498 499 1033 499 496 1034 496 500 1035 500 501 1036 501 502 1037 502 502 1038 502 503 1039 503 500 1040 500 504 1041 504 505 1042 505 506 1043 506 506 1044 506 507 1045 507 504 1046 504 505 1047 505 508 1048 508 509 1049 509 509 1050 509 506 1051 506 505 1052 505 510 1053 510 511 1054 511 512 1055 512 512 1056 512 513 1057 513 510 1058 510 514 1059 514 515 1060 515 516 1061 516 516 1062 516 517 1063 517 514 1064 514 518 1065 518 519 1066 519 520 1067 520 520 1068 520 521 1069 521 518 1070 518 519 1071 519 522 1072 522 523 1073 523 523 1074 523 520 1075 520 519 1076 519 522 1077 522 524 1078 524 525 1079 525 525 1080 525 523 1081 523 522 1082 522 524 1083 524 526 1084 526 527 1085 527 527 1086 527 525 1087 525 524 1088 524 528 1089 528 529 1090 529 530 1091 530 530 1092 530 531 1093 531 528 1094 528 532 1095 532 533 1096 533 534 1097 534 178 1098 178 177 1099 177 535 1100 535 73 1101 73 72 1102 72 536 1103 536 536 1104 536 537 1105 537 73 1106 73 72 1107 72 538 1108 538 536 1109 536 96 1110 96 97 1111 97 539 1112 539 539 1113 539 540 1114 540 96 1115 96 541 1116 541 73 1117 73 537 1118 537 537 1119 537 542 1120 542 541 1121 541 543 1122 543 544 1123 544 545 1124 545 545 1125 545 546 1126 546 543 1127 543 547 1128 547 548 1129 548 549 1130 549 549 1131 549 550 1132 550 547 1133 547 551 1134 551 552 1135 552 553 1136 553 553 1137 553 554 1138 554 551 1139 551 555 1140 555 556 1141 556 557 1142 557 557 1143 557 558 1144 558 555 1145 555 559 1146 559 560 1147 560 561 1148 561 562 1149 562 563 1150 563 152 1151 152 564 1152 564 565 1153 565 566 1154 566 566 1155 566 567 1156 567 564 1157 564 287 1158 287 153 1159 153 568 1160 568 569 1161 569 570 1162 570 571 1163 571 153 1164 153 152 1165 152 563 1166 563 563 1167 563 568 1168 568 153 1169 153 572 1170 572 573 1171 573 574 1172 574 574 1173 574 575 1174 575 572 1175 572 576 1176 576 577 1177 577 578 1178 578 578 1179 578 579 1180 579 576 1181 576 580 1182 580 581 1183 581 582 1184 582 582 1185 582 583 1186 583 580 1187 580 584 1188 584 585 1189 585 586 1190 586 586 1191 586 587 1192 587 584 1193 584 152 1194 152 151 1195 151 588 1196 588 588 1197 588 589 1198 589 152 1199 152 151 1200 151 279 1201 279 590 1202 590 590 1203 590 588 1204 588 151 1205 151 279 1206 279 591 1207 591 592 1208 592 592 1209 592 590 1210 590 279 1211 279 593 1212 593 594 1213 594 595 1214 595 595 1215 595 596 1216 596 593 1217 593 345 1218 345 344 1219 344 597 1220 597 597 1221 597 598 1222 598 345 1223 345 342 1224 342 152 1225 152 589 1226 589 589 1227 589 599 1228 599 342 1229 342 600 1230 600 601 1231 601 602 1232 602 602 1233 602 603 1234 603 600 1235 600 601 1236 601 604 1237 604 605 1238 605 605 1239 605 602 1240 602 601 1241 601 606 1242 606 607 1243 607 608 1244 608 608 1245 608 609 1246 609 606 1247 606 610 1248 610 611 1249 611 104 1250 104 104 1251 104 107 1252 107 610 1253 610 612 1254 612 613 1255 613 614 1256 614 614 1257 614 615 1258 615 612 1259 612 616 1260 616 617 1261 617 618 1262 618 618 1263 618 619 1264 619 616 1265 616 620 1266 620 621 1267 621 622 1268 622 622 1269 622 623 1270 623 620 1271 620 624 1272 624 625 1273 625 626 1274 626 626 1275 626 627 1276 627 624 1277 624 628 1278 628 629 1279 629 630 1280 630 630 1281 630 631 1282 631 628 1283 628 629 1284 629 632 1285 632 633 1286 633 633 1287 633 630 1288 630 629 1289 629 205 1290 205 634 1291 634 635 1292 635 635 1293 635 206 1294 206 205 1295 205 538 1296 538 636 1297 636 637 1298 637 637 1299 637 536 1300 536 538 1301 538 205 1302 205 204 1303 204 638 1304 638 638 1305 638 639 1306 639 205 1307 205 640 1308 640 641 1309 641 642 1310 642 642 1311 642 643 1312 643 640 1313 640 641 1314 641 644 1315 644 645 1316 645 645 1317 645 642 1318 642 641 1319 641 646 1320 646 647 1321 647 648 1322 648 648 1323 648 649 1324 649 646 1325 646 647 1326 647 650 1327 650 651 1328 651 651 1329 651 648 1330 648 647 1331 647 210 1332 210 209 1333 209 652 1334 652 652 1335 652 653 1336 653 210 1337 210 214 1338 214 213 1339 213 654 1340 654 654 1341 654 655 1342 655 214 1343 214 656 1344 656 657 1345 657 658 1346 658 658 1347 658 659 1348 659 656 1349 656 656 1350 656 660 1351 660 661 1352 661 661 1353 661 657 1354 657 656 1355 656 662 1356 662 663 1357 663 664 1358 664 664 1359 664 665 1360 665 662 1361 662 666 1362 666 667 1363 667 668 1364 668 668 1365 668 669 1366 669 666 1367 666 662 1368 662 670 1369 670 671 1370 671 671 1371 671 663 1372 663 662 1373 662 658 1374 658 669 1375 669 668 1376 668 668 1377 668 659 1378 659 658 1379 658 666 1380 666 665 1381 665 664 1382 664 664 1383 664 667 1384 667 666 1385 666 672 1386 672 673 1387 673 674 1388 674 674 1389 674 675 1390 675 672 1391 672 673 1392 673 676 1393 676 677 1394 677 677 1395 677 674 1396 674 673 1397 673 676 1398 676 678 1399 678 679 1400 679 679 1401 679 677 1402 677 676 1403 676 678 1404 678 680 1405 680 681 1406 681 681 1407 681 679 1408 679 678 1409 678 680 1410 680 682 1411 682 683 1412 683 683 1413 683 681 1414 681 680 1415 680 682 1416 682 684 1417 684 685 1418 685 685 1419 685 683 1420 683 682 1421 682 686 1422 686 687 1423 687 688 1424 688 688 1425 688 689 1426 689 686 1427 686 690 1428 690 691 1429 691 692 1430 692 692 1431 692 693 1432 693 690 1433 690 691 1434 691 694 1435 694 695 1436 695 695 1437 695 692 1438 692 691 1439 691 694 1440 694 696 1441 696 697 1442 697 697 1443 697 695 1444 695 694 1445 694 696 1446 696 698 1447 698 699 1448 699 699 1449 699 697 1450 697 696 1451 696 698 1452 698 700 1453 700 701 1454 701 701 1455 701 699 1456 699 698 1457 698 700 1458 700 702 1459 702 703 1460 703 703 1461 703 701 1462 701 700 1463 700 702 1464 702 704 1465 704 705 1466 705 705 1467 705 703 1468 703 702 1469 702 706 1470 706 707 1471 707 708 1472 708 708 1473 708 709 1474 709 706 1475 706 710 1476 710 672 1477 672 675 1478 675 675 1479 675 711 1480 711 710 1481 710 712 1482 712 713 1483 713 714 1484 714 714 1485 714 715 1486 715 712 1487 712 712 1488 712 716 1489 716 717 1490 717 717 1491 717 713 1492 713 712 1493 712 718 1494 718 719 1495 719 720 1496 720 720 1497 720 721 1498 721 718 1499 718 722 1500 722 723 1501 723 724 1502 724 724 1503 724 725 1504 725 722 1505 722 726 1506 726 727 1507 727 717 1508 717 717 1509 717 716 1510 716 726 1511 726 718 1512 718 728 1513 728 729 1514 729 729 1515 729 719 1516 719 718 1517 718 714 1518 714 725 1519 725 724 1520 724 724 1521 724 715 1522 715 714 1523 714 722 1524 722 721 1525 721 720 1526 720 720 1527 720 723 1528 723 722 1529 722 730 1530 730 731 1531 731 732 1532 732 732 1533 732 733 1534 733 730 1535 730 731 1536 731 734 1537 734 735 1538 735 735 1539 735 732 1540 732 731 1541 731 734 1542 734 736 1543 736 737 1544 737 737 1545 737 735 1546 735 734 1547 734 736 1548 736 738 1549 738 739 1550 739 739 1551 739 737 1552 737 736 1553 736 738 1554 738 740 1555 740 741 1556 741 741 1557 741 739 1558 739 738 1559 738 740 1560 740 742 1561 742 743 1562 743 743 1563 743 741 1564 741 740 1565 740 744 1566 744 745 1567 745 746 1568 746 746 1569 746 747 1570 747 744 1571 744 748 1572 748 749 1573 749 750 1574 750 750 1575 750 751 1576 751 748 1577 748 749 1578 749 752 1579 752 753 1580 753 753 1581 753 750 1582 750 749 1583 749 752 1584 752 754 1585 754 755 1586 755 755 1587 755 753 1588 753 752 1589 752 754 1590 754 756 1591 756 757 1592 757 757 1593 757 755 1594 755 754 1595 754 756 1596 756 758 1597 758 759 1598 759 759 1599 759 757 1600 757 756 1601 756 758 1602 758 760 1603 760 761 1604 761 761 1605 761 759 1606 759 758 1607 758 760 1608 760 762 1609 762 763 1610 763 763 1611 763 761 1612 761 760 1613 760 762 1614 762 764 1615 764 765 1616 765 765 1617 765 763 1618 763 762 1619 762 766 1620 766 767 1621 767 768 1622 768 768 1623 768 769 1624 769 766 1625 766 770 1626 770 771 1627 771 772 1628 772 772 1629 772 773 1630 773 770 1631 770 771 1632 771 730 1633 730 733 1634 733 733 1635 733 772 1636 772 771 1637 771 0 1638 0 774 1639 774 775 1640 775 775 1641 775 1 1642 1 0 1643 0 4 1644 4 7 1645 7 776 1646 776 776 1647 776 777 1648 777 4 1649 4 8 1650 8 11 1651 11 778 1652 778 778 1653 778 779 1654 779 8 1655 8 12 1656 12 15 1657 15 780 1658 780 780 1659 780 781 1660 781 12 1661 12 16 1662 16 19 1663 19 782 1664 782 782 1665 782 783 1666 783 16 1667 16 20 1668 20 23 1669 23 784 1670 784 784 1671 784 785 1672 785 20 1673 20 786 1674 786 787 1675 787 788 1676 788 788 1677 788 789 1678 789 786 1679 786 790 1680 790 791 1681 791 30 1682 30 30 1683 30 29 1684 29 792 1685 792 790 1686 790 30 1687 30 792 1688 792 11 1689 11 34 1690 34 793 1691 793 793 1692 793 778 1693 778 11 1694 11 794 1695 794 795 1696 795 796 1697 796 796 1698 796 797 1699 797 798 1700 798 796 1701 796 798 1702 798 799 1703 799 794 1704 794 796 1705 796 799 1706 799 800 1707 800 801 1708 801 43 1709 43 43 1710 43 42 1711 42 800 1712 800 802 1713 802 803 1714 803 47 1715 47 47 1716 47 46 1717 46 802 1718 802 52 1719 52 54 1720 54 804 1721 804 52 1722 52 804 1723 804 805 1724 805 805 1725 805 806 1726 806 807 1727 807 52 1728 52 805 1729 805 807 1730 807 55 1731 55 58 1732 58 808 1733 808 808 1734 808 809 1735 809 55 1736 55 810 1737 810 811 1738 811 812 1739 812 812 1740 812 813 1741 813 810 1742 810 814 1743 814 815 1744 815 816 1745 816 816 1746 816 817 1747 817 814 1748 814 67 1749 67 55 1750 55 809 1751 809 809 1752 809 818 1753 818 67 1754 67 819 1755 819 808 1756 808 803 1757 803 820 1758 820 821 1759 821 822 1760 822 820 1761 820 822 1762 822 823 1763 823 820 1764 820 823 1765 823 824 1766 824 825 1767 825 820 1768 820 824 1769 824 824 1770 824 826 1771 826 825 1772 825 827 1773 827 828 1774 828 829 1775 829 829 1776 829 830 1777 830 827 1778 827 818 1779 818 809 1780 809 831 1781 831 803 1782 803 808 1783 808 58 1784 58 58 1785 58 47 1786 47 803 1787 803 826 1788 826 832 1789 832 833 1790 833 833 1791 833 834 1792 834 826 1793 826 835 1794 835 817 1795 817 816 1796 816 816 1797 816 836 1798 836 835 1799 835 837 1800 837 838 1801 838 839 1802 839 839 1803 839 840 1804 840 837 1805 837 841 1806 841 835 1807 835 836 1808 836 836 1809 836 842 1810 842 841 1811 841 46 1812 46 94 1813 94 843 1814 843 843 1815 843 802 1816 802 46 1817 46 844 1818 844 786 1819 786 789 1820 789 844 1821 844 789 1822 789 845 1823 845 844 1824 844 845 1825 845 846 1826 846 847 1827 847 844 1828 844 846 1829 846 848 1830 848 847 1831 847 846 1832 846 849 1833 849 850 1834 850 851 1835 851 851 1836 851 852 1837 852 849 1838 849 104 1839 104 853 1840 853 854 1841 854 854 1842 854 105 1843 105 104 1844 104 855 1845 855 856 1846 856 857 1847 857 857 1848 857 858 1849 858 855 1850 855 112 1851 112 859 1852 859 860 1853 860 860 1854 860 113 1855 113 112 1856 112 861 1857 861 862 1858 862 863 1859 863 852 1860 852 864 1861 864 865 1862 865 865 1863 865 849 1864 849 852 1865 852 121 1866 121 1 1867 1 775 1868 775 775 1869 775 866 1870 866 121 1871 121 94 1872 94 121 1873 121 866 1874 866 866 1875 866 843 1876 843 94 1877 94 867 1878 867 868 1879 868 869 1880 869 869 1881 869 870 1882 870 867 1883 867 127 1884 127 8 1885 8 779 1886 779 779 1887 779 871 1888 871 127 1889 127 872 1890 872 873 1891 873 874 1892 874 874 1893 874 875 1894 875 872 1895 872 876 1896 876 877 1897 877 878 1898 878 878 1899 878 879 1900 879 876 1901 876 880 1902 880 881 1903 881 882 1904 882 883 1905 883 880 1906 880 882 1907 882 884 1908 884 883 1909 883 882 1910 882 868 1911 868 867 1912 867 885 1913 885 886 1914 886 887 1915 887 888 1916 888 886 1917 886 870 1918 870 869 1919 869 869 1920 869 887 1921 887 886 1922 886 886 1923 886 888 1924 888 889 1925 889 886 1926 886 889 1927 889 890 1928 890 886 1929 886 890 1930 890 891 1931 891 885 1932 885 867 1933 867 892 1934 892 892 1935 892 893 1936 893 885 1937 885 894 1938 894 895 1939 895 896 1940 896 896 1941 896 897 1942 897 894 1943 894 774 1944 774 898 1945 898 899 1946 899 899 1947 899 775 1948 775 774 1949 774 900 1950 900 901 1951 901 902 1952 902 902 1953 902 903 1954 903 900 1955 900 904 1956 904 905 1957 905 906 1958 906 906 1959 906 907 1960 907 904 1961 904 908 1962 908 909 1963 909 910 1964 910 910 1965 910 911 1966 911 908 1967 908 912 1968 912 913 1969 913 914 1970 914 914 1971 914 915 1972 915 912 1973 912 866 1974 866 916 1975 916 917 1976 917 917 1977 917 843 1978 843 866 1979 866 918 1980 918 919 1981 919 920 1982 920 920 1983 920 921 1984 921 918 1985 918 921 1986 921 920 1987 920 922 1988 922 922 1989 922 923 1990 923 921 1991 921 924 1992 924 925 1993 925 926 1994 926 926 1995 926 927 1996 927 924 1997 924 927 1998 927 926 1999 926 928 2000 928 928 2001 928 929 2002 929 927 2003 927 929 2004 929 928 2005 928 930 2006 930 930 2007 930 931 2008 931 929 2009 929 932 2010 932 933 2011 933 934 2012 934 934 2013 934 935 2014 935 932 2015 932 935 2016 935 934 2017 934 936 2018 936 936 2019 936 937 2020 937 938 2021 938 935 2022 935 936 2023 936 938 2024 938 939 2025 939 940 2026 940 941 2027 941 941 2028 941 942 2029 942 939 2030 939 790 2031 790 792 2032 792 943 2033 943 943 2034 943 944 2035 944 790 2036 790 945 2037 945 946 2038 946 807 2039 807 807 2040 807 806 2041 806 945 2042 945 947 2043 947 948 2044 948 949 2045 949 949 2046 949 950 2047 950 947 2048 947 951 2049 951 211 2050 211 210 2051 210 210 2052 210 952 2053 952 951 2054 951 953 2055 953 954 2056 954 955 2057 955 955 2058 955 956 2059 956 953 2060 953 216 2061 216 219 2062 219 957 2063 957 957 2064 957 958 2065 958 216 2066 216 959 2067 959 960 2068 960 961 2069 961 961 2070 961 962 2071 962 959 2072 959 962 2073 962 961 2074 961 963 2075 963 963 2076 963 964 2077 964 962 2078 962 226 2079 226 965 2080 965 966 2081 966 966 2082 966 227 2083 227 226 2084 226 967 2085 967 968 2086 968 969 2087 969 969 2088 969 970 2089 970 971 2090 971 967 2091 967 969 2092 969 971 2093 971 972 2094 972 973 2095 973 974 2096 974 974 2097 974 975 2098 975 972 2099 972 976 2100 976 977 2101 977 978 2102 978 979 2103 979 980 2104 980 981 2105 981 981 2106 981 982 2107 982 979 2108 979 983 2109 983 984 2110 984 985 2111 985 985 2112 985 986 2113 986 983 2114 983 987 2115 987 988 2116 988 989 2117 989 989 2118 989 990 2119 990 991 2120 991 987 2121 987 989 2122 989 991 2123 991 992 2124 992 987 2125 987 991 2126 991 993 2127 993 994 2128 994 995 2129 995 993 2130 993 995 2131 995 996 2132 996 997 2133 997 993 2134 993 996 2135 996 998 2136 998 999 2137 999 1000 2138 1000 1000 2139 1000 1001 2140 1001 998 2141 998 1002 2142 1002 841 2143 841 842 2144 842 842 2145 842 1003 2146 1003 1002 2147 1002 1004 2148 1004 895 2149 895 894 2150 894 268 2151 268 270 2152 270 1005 2153 1005 1005 2154 1005 1003 2155 1003 268 2156 268 1003 2157 1003 842 2158 842 271 2159 271 271 2160 271 268 2161 268 1003 2162 1003 842 2163 842 836 2164 836 272 2165 272 272 2166 272 271 2167 271 842 2168 842 272 2169 272 836 2170 836 816 2171 816 816 2172 816 273 2173 273 272 2174 272 273 2175 273 816 2176 816 815 2177 815 815 2178 815 274 2179 274 273 2180 273 1006 2181 1006 1007 2182 1007 1008 2183 1008 1008 2184 1008 1009 2185 1009 1006 2186 1006 1010 2187 1010 1011 2188 1011 1004 2189 1004 1004 2190 1004 894 2191 894 1010 2192 1010 105 2193 105 854 2194 854 1012 2195 1012 1012 2196 1012 281 2197 281 105 2198 105 1013 2199 1013 1006 2200 1006 1009 2201 1009 1009 2202 1009 1014 2203 1014 1013 2204 1013 834 2205 834 1015 2206 1015 1016 2207 1016 1016 2208 1016 896 2209 896 834 2210 834 896 2211 896 1016 2212 1016 1017 2213 1017 1017 2214 1017 1018 2215 1018 896 2216 896 1018 2217 1018 1017 2218 1017 1019 2219 1019 1019 2220 1019 833 2221 833 1018 2222 1018 833 2223 833 1019 2224 1019 1015 2225 1015 1015 2226 1015 834 2227 834 833 2228 833 1020 2229 1020 1021 2230 1021 1022 2231 1022 1023 2232 1023 824 2233 824 1024 2234 1024 824 2235 824 1023 2236 1023 1025 2237 1025 1025 2238 1025 826 2239 826 824 2240 824 1026 2241 1026 832 2242 832 826 2243 826 826 2244 826 1025 2245 1025 1026 2246 1026 1027 2247 1027 1028 2248 1028 1029 2249 1029 1029 2250 1029 1030 2251 1030 1027 2252 1027 1031 2253 1031 1032 2254 1032 1033 2255 1033 1033 2256 1033 1034 2257 1034 1031 2258 1031 1035 2259 1035 1036 2260 1036 1037 2261 1037 1037 2262 1037 1038 2263 1038 1035 2264 1035 1039 2265 1039 1040 2266 1040 1041 2267 1041 1041 2268 1041 1042 2269 1042 1039 2270 1039 1043 2271 1043 1044 2272 1044 1045 2273 1045 1045 2274 1045 1046 2275 1046 1043 2276 1043 1047 2277 1047 1048 2278 1048 1049 2279 1049 1049 2280 1049 1050 2281 1050 1047 2282 1047 1051 2283 1051 1052 2284 1052 1053 2285 1053 1053 2286 1053 1054 2287 1054 1051 2288 1051 1055 2289 1055 1056 2290 1056 1057 2291 1057 1057 2292 1057 1058 2293 1058 1055 2294 1055 1059 2295 1059 1060 2296 1060 1061 2297 1061 1061 2298 1061 1062 2299 1062 1059 2300 1059 896 2301 896 895 2302 895 1063 2303 1063 1063 2304 1063 1064 2305 1064 834 2306 834 896 2307 896 1063 2308 1063 834 2309 834 895 2310 895 1004 2311 1004 1063 2312 1063 834 2313 834 1064 2314 1064 825 2315 825 825 2316 825 826 2317 826 834 2318 834 978 2319 978 977 2320 977 1065 2321 1065 1065 2322 1065 1066 2323 1066 978 2324 978 1067 2325 1067 1068 2326 1068 1069 2327 1069 1070 2328 1070 1071 2329 1071 1072 2330 1072 1071 2331 1071 1070 2332 1070 1073 2333 1073 1073 2334 1073 1074 2335 1074 1071 2336 1071 1075 2337 1075 1076 2338 1076 1077 2339 1077 1077 2340 1077 345 2341 345 1075 2342 1075 345 2343 345 1077 2344 1077 1078 2345 1078 1078 2346 1078 348 2347 348 345 2348 345 348 2349 348 1078 2350 1078 1079 2351 1079 1079 2352 1079 1080 2353 1080 348 2354 348 1081 2355 1081 1082 2356 1082 1083 2357 1083 1084 2358 1084 1085 2359 1085 1086 2360 1086 1087 2361 1087 1088 2362 1088 1089 2363 1089 1089 2364 1089 1090 2365 1090 1087 2366 1087 1091 2367 1091 1092 2368 1092 1093 2369 1093 1093 2370 1093 1094 2371 1094 1091 2372 1091 1095 2373 1095 1096 2374 1096 1097 2375 1097 1097 2376 1097 1098 2377 1098 1095 2378 1095 1099 2379 1099 1100 2380 1100 1101 2381 1101 1101 2382 1101 1102 2383 1102 1099 2384 1099 1103 2385 1103 1104 2386 1104 1105 2387 1105 1105 2388 1105 1082 2389 1082 1103 2390 1103 1082 2391 1082 1105 2392 1105 1106 2393 1106 1106 2394 1106 1083 2395 1083 1082 2396 1082 1107 2397 1107 859 2398 859 112 2399 112 112 2400 112 379 2401 379 1107 2402 1107 380 2403 380 383 2404 383 1108 2405 1108 1108 2406 1108 1109 2407 1109 380 2408 380 1109 2409 1109 1108 2410 1108 1110 2411 1110 1110 2412 1110 1111 2413 1111 1109 2414 1109 1111 2415 1111 1110 2416 1110 1112 2417 1112 1112 2418 1112 1113 2419 1113 1111 2420 1111 1114 2421 1114 1115 2422 1115 1116 2423 1116 1116 2424 1116 1117 2425 1117 1114 2426 1114 1118 2427 1118 1119 2428 1119 859 2429 859 859 2430 859 1107 2431 1107 1118 2432 1118 1120 2433 1120 1121 2434 1121 396 2435 396 396 2436 396 395 2437 395 1120 2438 1120 1122 2439 1122 1123 2440 1123 1124 2441 1124 1124 2442 1124 1125 2443 1125 1122 2444 1122 1123 2445 1123 403 2446 403 402 2447 402 402 2448 402 1124 2449 1124 1123 2450 1123 404 2451 404 407 2452 407 1126 2453 1126 1126 2454 1126 1127 2455 1127 404 2456 404 1127 2457 1127 1126 2458 1126 1128 2459 1128 1128 2460 1128 1129 2461 1129 1127 2462 1127 1130 2463 1130 1131 2464 1131 1132 2465 1132 1132 2466 1132 1133 2467 1133 1130 2468 1130 1134 2469 1134 1135 2470 1135 1136 2471 1136 1136 2472 1136 1137 2473 1137 1134 2474 1134 1137 2475 1137 1136 2476 1136 419 2477 419 419 2478 419 418 2479 418 1137 2480 1137 1138 2481 1138 1139 2482 1139 422 2483 422 422 2484 422 421 2485 421 1138 2486 1138 424 2487 424 427 2488 427 1140 2489 1140 1140 2490 1140 1141 2491 1141 424 2492 424 1141 2493 1141 1140 2494 1140 1142 2495 1142 1142 2496 1142 1143 2497 1143 1141 2498 1141 1132 2499 1132 1144 2500 1144 1145 2501 1145 1145 2502 1145 1133 2503 1133 1132 2504 1132 1146 2505 1146 1147 2506 1147 1139 2507 1139 1139 2508 1139 1138 2509 1138 1146 2510 1146 1148 2511 1148 1149 2512 1149 1150 2513 1150 1150 2514 1150 1146 2515 1146 1148 2516 1148 1146 2517 1146 1150 2518 1150 1151 2519 1151 1151 2520 1151 1147 2521 1147 1146 2522 1146 1134 2523 1134 1152 2524 1152 1153 2525 1153 1153 2526 1153 1135 2527 1135 1134 2528 1134 1142 2529 1142 1154 2530 1154 1155 2531 1155 1155 2532 1155 1143 2533 1143 1142 2534 1142 1125 2535 1125 1156 2536 1156 1157 2537 1157 1157 2538 1157 1122 2539 1122 1125 2540 1125 1128 2541 1128 1158 2542 1158 1159 2543 1159 1159 2544 1159 1129 2545 1129 1128 2546 1128 1160 2547 1160 1161 2548 1161 1162 2549 1162 1162 2550 1162 1163 2551 1163 1160 2552 1160 1163 2553 1163 1162 2554 1162 1164 2555 1164 1164 2556 1164 1165 2557 1165 1163 2558 1163 1165 2559 1165 1164 2560 1164 1166 2561 1166 1166 2562 1166 1167 2563 1167 1165 2564 1165 1167 2565 1167 1166 2566 1166 1161 2567 1161 1161 2568 1161 1160 2569 1160 1167 2570 1167 1168 2571 1168 1169 2572 1169 1170 2573 1170 1170 2574 1170 1171 2575 1171 1168 2576 1168 1171 2577 1171 1170 2578 1170 1172 2579 1172 1172 2580 1172 1173 2581 1173 1171 2582 1171 1173 2583 1173 1172 2584 1172 1174 2585 1174 1174 2586 1174 1160 2587 1160 1173 2588 1173 1160 2589 1160 1174 2590 1174 1175 2591 1175 1175 2592 1175 1167 2593 1167 1160 2594 1160 1167 2595 1167 1175 2596 1175 1169 2597 1169 1169 2598 1169 1168 2599 1168 1167 2600 1167 1176 2601 1176 1177 2602 1177 1178 2603 1178 1178 2604 1178 1171 2605 1171 1176 2606 1176 1171 2607 1171 1178 2608 1178 1179 2609 1179 1179 2610 1179 1168 2611 1168 1171 2612 1171 1168 2613 1168 1179 2614 1179 1180 2615 1180 1180 2616 1180 1181 2617 1181 1168 2618 1168 1181 2619 1181 1180 2620 1180 1177 2621 1177 1177 2622 1177 1176 2623 1176 1181 2624 1181 1182 2625 1182 1183 2626 1183 1184 2627 1184 1184 2628 1184 1185 2629 1185 1182 2630 1182 1186 2631 1186 1187 2632 1187 1188 2633 1188 1188 2634 1188 1189 2635 1189 1186 2636 1186 1190 2637 1190 1191 2638 1191 1192 2639 1192 1192 2640 1192 1193 2641 1193 1190 2642 1190 1194 2643 1194 1195 2644 1195 1196 2645 1196 1196 2646 1196 1197 2647 1197 1194 2648 1194 1198 2649 1198 1199 2650 1199 1200 2651 1200 1200 2652 1200 1201 2653 1201 1198 2654 1198 1202 2655 1202 1203 2656 1203 1204 2657 1204 1204 2658 1204 1205 2659 1205 1202 2660 1202 1206 2661 1206 1207 2662 1207 1208 2663 1208 1208 2664 1208 1209 2665 1209 1206 2666 1206 1210 2667 1210 1211 2668 1211 1212 2669 1212 1212 2670 1212 1213 2671 1213 1210 2672 1210 1214 2673 1214 1215 2674 1215 1216 2675 1216 1216 2676 1216 1217 2677 1217 1214 2678 1214 1218 2679 1218 1219 2680 1219 1220 2681 1220 1220 2682 1220 1221 2683 1221 1218 2684 1218 1221 2685 1221 1220 2686 1220 1222 2687 1222 1222 2688 1222 1223 2689 1223 1221 2690 1221 1224 2691 1224 1225 2692 1225 1226 2693 1226 1226 2694 1226 1227 2695 1227 1224 2696 1224 1228 2697 1228 1229 2698 1229 1230 2699 1230 1230 2700 1230 1231 2701 1231 1228 2702 1228 1232 2703 1232 1233 2704 1233 1234 2705 1234 1234 2706 1234 1235 2707 1235 1232 2708 1232 1235 2709 1235 1234 2710 1234 1236 2711 1236 1236 2712 1236 1237 2713 1237 1235 2714 1235 1237 2715 1237 1236 2716 1236 1238 2717 1238 1238 2718 1238 1239 2719 1239 1237 2720 1237 1239 2721 1239 1238 2722 1238 1240 2723 1240 1240 2724 1240 1241 2725 1241 1239 2726 1239 1242 2727 1242 1243 2728 1243 1244 2729 1244 1244 2730 1244 1245 2731 1245 1242 2732 1242 1246 2733 1246 1247 2734 1247 1248 2735 1248 919 2736 919 1249 2737 1249 920 2738 920 822 2739 822 1250 2740 1250 1251 2741 1251 1251 2742 1251 823 2743 823 822 2744 822 823 2745 823 1251 2746 1251 1252 2747 1252 845 2748 845 1253 2749 1253 1254 2750 1254 1254 2751 1254 846 2752 846 845 2753 845 1255 2754 1255 1256 2755 1256 1250 2756 1250 1250 2757 1250 822 2758 822 1255 2759 1255 1257 2760 1257 1258 2761 1258 1259 2762 1259 1259 2763 1259 1260 2764 1260 1257 2765 1257 1261 2766 1261 1262 2767 1262 1263 2768 1263 1263 2769 1263 1264 2770 1264 1261 2771 1261 1265 2772 1265 1266 2773 1266 1267 2774 1267 1267 2775 1267 1268 2776 1268 1265 2777 1265 1269 2778 1269 1270 2779 1270 1271 2780 1271 1271 2781 1271 1272 2782 1272 1269 2783 1269 897 2784 897 1273 2785 1273 1274 2786 1274 1275 2787 1275 1276 2788 1276 1277 2789 1277 1278 2790 1278 1279 2791 1279 1280 2792 1280 1280 2793 1280 1281 2794 1281 1278 2795 1278 1282 2796 1282 1283 2797 1283 1284 2798 1284 1285 2799 1285 896 2800 896 1018 2801 1018 896 2802 896 1285 2803 1285 1273 2804 1273 1273 2805 1273 897 2806 897 896 2807 896 1286 2808 1286 1287 2809 1287 1288 2810 1288 1288 2811 1288 1289 2812 1289 1286 2813 1286 1290 2814 1290 1291 2815 1291 1292 2816 1292 1292 2817 1292 1293 2818 1293 1290 2819 1290 1294 2820 1294 1295 2821 1295 1296 2822 1296 1296 2823 1296 1297 2824 1297 1294 2825 1294 1298 2826 1298 1299 2827 1299 1300 2828 1300 1300 2829 1300 1301 2830 1301 1298 2831 1298 1071 2832 1071 1302 2833 1302 1303 2834 1303 1303 2835 1303 1304 2836 1304 1071 2837 1071 1304 2838 1304 1303 2839 1303 1305 2840 1305 1305 2841 1305 1306 2842 1306 1304 2843 1304 1306 2844 1306 1305 2845 1305 1307 2846 1307 1307 2847 1307 1308 2848 1308 1306 2849 1306 1309 2850 1309 1310 2851 1310 595 2852 595 595 2853 595 594 2854 594 1309 2855 1309 345 2856 345 598 2857 598 1311 2858 1311 1311 2859 1311 1075 2860 1075 345 2861 345 1074 2862 1074 1312 2863 1312 1302 2864 1302 1302 2865 1302 1071 2866 1071 1074 2867 1074 1313 2868 1313 1314 2869 1314 1315 2870 1315 1315 2871 1315 1316 2872 1316 1313 2873 1313 1316 2874 1316 1315 2875 1315 1317 2876 1317 1317 2877 1317 1318 2878 1318 1316 2879 1316 1319 2880 1319 1320 2881 1320 1321 2882 1321 1321 2883 1321 1322 2884 1322 1319 2885 1319 1323 2886 1323 853 2887 853 104 2888 104 104 2889 104 611 2890 611 1323 2891 1323 612 2892 612 615 2893 615 1324 2894 1324 1324 2895 1324 1325 2896 1325 612 2897 612 1326 2898 1326 1327 2899 1327 1328 2900 1328 1328 2901 1328 1329 2902 1329 1326 2903 1326 1330 2904 1330 1331 2905 1331 1332 2906 1332 1332 2907 1332 1333 2908 1333 1330 2909 1330 1334 2910 1334 1335 2911 1335 1336 2912 1336 1336 2913 1336 1337 2914 1337 1334 2915 1334 1338 2916 1338 1339 2917 1339 1340 2918 1340 1340 2919 1340 1341 2920 1341 1338 2921 1338 1341 2922 1341 1340 2923 1340 633 2924 633 633 2925 633 632 2926 632 1341 2927 1341 950 2928 950 949 2929 949 1342 2930 1342 1342 2931 1342 1343 2932 1343 950 2933 950 1252 2934 1252 1251 2935 1251 1344 2936 1344 1344 2937 1344 1345 2938 1345 1252 2939 1252 950 2940 950 1346 2941 1346 1347 2942 1347 1347 2943 1347 947 2944 947 950 2945 950 1348 2946 1348 1349 2947 1349 1350 2948 1350 1350 2949 1350 1351 2950 1351 1348 2951 1348 1351 2952 1351 1350 2953 1350 1352 2954 1352 1352 2955 1352 1353 2956 1353 1351 2957 1351 1354 2958 1354 1355 2959 1355 1356 2960 1356 1356 2961 1356 1357 2962 1357 1354 2963 1354 1357 2964 1357 1356 2965 1356 651 2966 651 651 2967 651 650 2968 650 1357 2969 1357 210 2970 210 653 2971 653 1358 2972 1358 1358 2973 1358 952 2974 952 210 2975 210 955 2976 955 1359 2977 1359 1360 2978 1360 1360 2979 1360 956 2980 956 955 2981 955 1361 2982 1361 1362 2983 1362 1363 2984 1363 1363 2985 1363 1364 2986 1364 1361 2987 1361 1361 2988 1361 1364 2989 1364 1365 2990 1365 1365 2991 1365 1366 2992 1366 1361 2993 1361 1367 2994 1367 1368 2995 1368 1369 2996 1369 1369 2997 1369 1370 2998 1370 1367 2999 1367 1371 3000 1371 1372 3001 1372 1373 3002 1373 1373 3003 1373 1374 3004 1374 1371 3005 1371 1367 3006 1367 1370 3007 1370 1375 3008 1375 1375 3009 1375 1376 3010 1376 1367 3011 1367 1363 3012 1363 1362 3013 1362 1373 3014 1373 1373 3015 1373 1372 3016 1372 1363 3017 1363 1371 3018 1371 1374 3019 1374 1369 3020 1369 1369 3021 1369 1368 3022 1368 1371 3023 1371 1377 3024 1377 1378 3025 1378 1379 3026 1379 1379 3027 1379 1380 3028 1380 1377 3029 1377 1380 3030 1380 1379 3031 1379 1381 3032 1381 1381 3033 1381 1382 3034 1382 1380 3035 1380 1382 3036 1382 1381 3037 1381 1383 3038 1383 1383 3039 1383 1384 3040 1384 1382 3041 1382 1384 3042 1384 1383 3043 1383 1385 3044 1385 1385 3045 1385 1386 3046 1386 1384 3047 1384 1386 3048 1386 1385 3049 1385 1387 3050 1387 1387 3051 1387 1388 3052 1388 1386 3053 1386 1388 3054 1388 1387 3055 1387 1389 3056 1389 1389 3057 1389 1390 3058 1390 1388 3059 1388 1391 3060 1391 1392 3061 1392 1393 3062 1393 1393 3063 1393 1394 3064 1394 1391 3065 1391 1395 3066 1395 1396 3067 1396 1397 3068 1397 1397 3069 1397 1398 3070 1398 1395 3071 1395 1398 3072 1398 1397 3073 1397 1399 3074 1399 1399 3075 1399 1400 3076 1400 1398 3077 1398 1400 3078 1400 1399 3079 1399 1401 3080 1401 1401 3081 1401 1402 3082 1402 1400 3083 1400 1402 3084 1402 1401 3085 1401 1403 3086 1403 1403 3087 1403 1404 3088 1404 1402 3089 1402 1404 3090 1404 1403 3091 1403 1405 3092 1405 1405 3093 1405 1406 3094 1406 1404 3095 1404 1406 3096 1406 1405 3097 1405 1407 3098 1407 1407 3099 1407 1408 3100 1408 1406 3101 1406 1408 3102 1408 1407 3103 1407 1409 3104 1409 1409 3105 1409 1410 3106 1410 1408 3107 1408 1411 3108 1411 1412 3109 1412 1413 3110 1413 1413 3111 1413 1414 3112 1414 1411 3113 1411 1415 3114 1415 1416 3115 1416 1378 3116 1378 1378 3117 1378 1377 3118 1377 1415 3119 1415 1417 3120 1417 1418 3121 1418 1419 3122 1419 1419 3123 1419 1420 3124 1420 1417 3125 1417 1417 3126 1417 1420 3127 1420 1421 3128 1421 1421 3129 1421 1422 3130 1422 1417 3131 1417 1423 3132 1423 1424 3133 1424 1425 3134 1425 1425 3135 1425 1426 3136 1426 1423 3137 1423 1427 3138 1427 1428 3139 1428 1429 3140 1429 1429 3141 1429 1430 3142 1430 1427 3143 1427 1431 3144 1431 1422 3145 1422 1421 3146 1421 1421 3147 1421 1432 3148 1432 1431 3149 1431 1423 3150 1423 1426 3151 1426 1433 3152 1433 1433 3153 1433 1434 3154 1434 1423 3155 1423 1419 3156 1419 1418 3157 1418 1429 3158 1429 1429 3159 1429 1428 3160 1428 1419 3161 1419 1427 3162 1427 1430 3163 1430 1425 3164 1425 1425 3165 1425 1424 3166 1424 1427 3167 1427 1435 3168 1435 1436 3169 1436 1437 3170 1437 1437 3171 1437 1438 3172 1438 1435 3173 1435 1438 3174 1438 1437 3175 1437 1439 3176 1439 1439 3177 1439 1440 3178 1440 1438 3179 1438 1440 3180 1440 1439 3181 1439 1441 3182 1441 1441 3183 1441 1442 3184 1442 1440 3185 1440 1442 3186 1442 1441 3187 1441 1443 3188 1443 1443 3189 1443 1444 3190 1444 1442 3191 1442 1444 3192 1444 1443 3193 1443 1445 3194 1445 1445 3195 1445 1446 3196 1446 1444 3197 1444 1446 3198 1446 1445 3199 1445 1447 3200 1447 1447 3201 1447 1448 3202 1448 1446 3203 1446 1449 3204 1449 1450 3205 1450 1451 3206 1451 1451 3207 1451 1452 3208 1452 1449 3209 1449 1453 3210 1453 1454 3211 1454 1455 3212 1455 1455 3213 1455 1456 3214 1456 1453 3215 1453 1456 3216 1456 1455 3217 1455 1457 3218 1457 1457 3219 1457 1458 3220 1458 1456 3221 1456 1458 3222 1458 1457 3223 1457 1459 3224 1459 1459 3225 1459 1460 3226 1460 1458 3227 1458 1460 3228 1460 1459 3229 1459 1461 3230 1461 1461 3231 1461 1462 3232 1462 1460 3233 1460 1462 3234 1462 1461 3235 1461 1463 3236 1463 1463 3237 1463 1464 3238 1464 1462 3239 1462 1464 3240 1464 1463 3241 1463 1465 3242 1465 1465 3243 1465 1466 3244 1466 1464 3245 1464 1466 3246 1466 1465 3247 1465 1467 3248 1467 1467 3249 1467 1468 3250 1468 1466 3251 1466 1468 3252 1468 1467 3253 1467 1469 3254 1469 1469 3255 1469 1470 3256 1470 1468 3257 1468 1471 3258 1471 1472 3259 1472 1473 3260 1473 1473 3261 1473 1474 3262 1474 1471 3263 1471 1475 3264 1475 1476 3265 1476 1477 3266 1477 1477 3267 1477 1478 3268 1478 1475 3269 1475 1478 3270 1478 1477 3271 1477 1436 3272 1436 1436 3273 1436 1435 3274 1435 1478 3275 1478</p></triangles>
      </mesh>
    </geometry>
    <geometry id="dash-lib" name="dashMesh">
      <mesh>
        <source id="dash-POSITION">
          <float_array id="dash-POSITION-array" count="543">
-0.007510 0.062818 -0.208625
-0.007683 0.045036 -0.577609
-0.934757 0.045036 -0.577609
-0.934584 0.062819 -0.208625
-0.007510 0.024290 -0.167132
-0.007510 0.062818 -0.208625
-0.934584 0.062819 -0.208625
-0.934584 0.024290 -0.167132
-0.007510 -0.488435 -0.170096
-0.007510 0.024290 -0.167132
-0.934584 0.024290 -0.167132
-0.934584 -0.488435 -0.170096
-0.007510 -0.461761 0.286318
-0.007510 -0.488435 -0.170096
-0.934584 -0.488435 -0.170096
-0.934584 -0.461761 0.286318
-0.007510 -0.509181 0.573800
-0.934584 -0.509181 0.573800
-0.007510 -0.681077 0.556018
-0.007510 -0.509181 0.573800
-0.934584 -0.509181 0.573800
-0.934584 -0.681077 0.556018
-0.007683 -0.675150 -0.290504
-0.007510 -0.681077 0.556018
-0.934584 -0.681077 0.556018
-0.934757 -0.675150 -0.290504
-0.007683 0.045036 -0.577609
-0.007683 -0.675150 -0.290504
-0.934757 -0.675150 -0.290504
-0.934757 0.045036 -0.577609
0.919563 0.062818 -0.208625
0.919391 0.045035 -0.577609
0.919563 0.024290 -0.167133
0.919563 0.062818 -0.208625
0.919563 -0.488435 -0.170096
0.919563 0.024290 -0.167133
0.919563 -0.461761 0.286318
0.919563 -0.488435 -0.170096
0.919563 -0.509181 0.573800
0.919564 -0.681077 0.556017
0.919563 -0.509181 0.573800
0.919391 -0.675151 -0.358685
0.919564 -0.681077 0.556017
0.919391 0.045035 -0.577609
0.919391 -0.675151 -0.358685
-0.934584 -0.681077 0.556018
-0.934584 -0.509181 0.573800
-0.934584 -0.461761 0.286318
-0.934584 -0.488435 -0.170096
-0.934757 -0.675150 -0.290504
-0.934584 0.024290 -0.167132
-0.934584 0.062819 -0.208625
-0.934757 0.045036 -0.577609
0.919391 -0.675151 -0.358685
0.919391 0.045035 -0.577609
0.919563 0.062818 -0.208625
0.919563 0.024290 -0.167133
0.919563 -0.488435 -0.170096
0.919563 -0.461761 0.286318
0.919563 -0.509181 0.573800
0.919564 -0.681077 0.556017
0.015825 0.389040 0.420498
0.015826 0.681078 0.470897
-0.796140 0.676845 0.394635
-0.978956 0.391685 0.420499
0.015825 0.359403 0.373079
0.015825 0.389040 0.420498
-0.978956 0.391685 0.420499
-0.978956 0.391685 0.420499
-0.993062 0.278642 0.373079
0.015825 0.359403 0.373079
0.015825 0.423708 0.124141
0.015825 0.359403 0.373079
-0.993062 0.278642 0.373079
-1.002937 0.278913 0.124141
0.999042 0.308279 0.420498
0.917216 0.626044 0.394635
0.930269 0.278642 0.373079
0.999042 0.308279 0.420498
1.003768 0.278913 0.124140
0.930269 0.278642 0.373079
-1.002937 0.524817 -0.159401
0.015825 0.669612 -0.159401
1.003768 0.524817 -0.159401
0.015825 0.669612 -0.159401
-1.002937 0.524817 -0.159401
-1.057439 0.270780 -0.548300
0.016241 0.415575 -0.548300
1.003768 0.524817 -0.159401
1.057439 0.270780 -0.548300
-0.610122 0.335229 0.346379
-0.610122 0.330988 0.330549
-0.610122 0.219491 0.360425
-0.610122 0.223733 0.376255
-0.593532 0.335229 0.346379
-0.593532 0.223733 0.376254
-0.593532 0.219491 0.360425
-0.593532 0.330988 0.330549
-0.593532 0.223733 0.376254
-0.593532 0.335229 0.346379
-0.610122 0.335229 0.346379
-0.610122 0.223733 0.376255
-0.602102 0.223244 0.369626
-0.759164 0.182593 0.217916
-0.816908 0.223244 0.369626
-0.602102 0.167648 0.162140
-0.759164 0.263895 0.521337
-0.445040 0.182593 0.217916
-0.387296 0.223244 0.369626
-0.445040 0.263895 0.521336
-0.602102 0.278840 0.577113
-0.602102 0.221391 0.370123
-0.759164 0.262042 0.521833
-0.816908 0.221391 0.370123
-0.602102 0.276987 0.577609
-0.759164 0.180741 0.218413
-0.445040 0.262042 0.521833
-0.387296 0.221391 0.370123
-0.445040 0.180741 0.218413
-0.602102 0.165796 0.162637
-0.007510 -0.804729 -0.208625
-0.007683 -0.822512 -0.577609
-0.934757 -0.822512 -0.577609
-0.934584 -0.804729 -0.208625
-0.007510 -0.843257 -0.167132
-0.007510 -0.804729 -0.208625
-0.934584 -0.804729 -0.208625
-0.934584 -0.843257 -0.167132
-0.007510 -1.355983 -0.170096
-0.007510 -0.843257 -0.167132
-0.934584 -0.843257 -0.167132
-0.934584 -1.355982 -0.170096
-0.007510 -1.329309 0.286318
-0.007510 -1.355983 -0.170096
-0.934584 -1.355982 -0.170096
-0.934584 -1.329309 0.286318
-0.007510 -1.376728 0.573800
-0.934584 -1.376728 0.573800
-0.007510 -1.548625 0.556018
-0.007510 -1.376728 0.573800
-0.934584 -1.376728 0.573800
-0.934584 -1.548625 0.556018
-0.007683 -1.542698 -0.290504
-0.007510 -1.548625 0.556018
-0.934584 -1.548625 0.556018
-0.934757 -1.542698 -0.290504
-0.007683 -0.822512 -0.577609
-0.007683 -1.542698 -0.290504
-0.934757 -1.542698 -0.290504
-0.934757 -0.822512 -0.577609
0.919563 -0.804729 -0.208625
0.919391 -0.822512 -0.577609
0.919563 -0.843258 -0.167133
0.919563 -0.804729 -0.208625
0.919563 -1.355983 -0.170096
0.919563 -0.843258 -0.167133
0.919563 -1.329309 0.286318
0.919563 -1.355983 -0.170096
0.919563 -1.376729 0.573800
0.919563 -1.548625 0.556017
0.919563 -1.376729 0.573800
0.919391 -1.542698 -0.358685
0.919563 -1.548625 0.556017
0.919391 -0.822512 -0.577609
0.919391 -1.542698 -0.358685
-0.934584 -1.548625 0.556018
-0.934584 -1.376728 0.573800
-0.934584 -1.329309 0.286318
-0.934584 -1.355982 -0.170096
-0.934757 -1.542698 -0.290504
-0.934584 -0.843257 -0.167132
-0.934584 -0.804729 -0.208625
-0.934757 -0.822512 -0.577609
0.919391 -1.542698 -0.358685
0.919391 -0.822512 -0.577609
0.919563 -0.804729 -0.208625
0.919563 -0.843258 -0.167133
0.919563 -1.355983 -0.170096
0.919563 -1.329309 0.286318
0.919563 -1.376729 0.573800
0.919563 -1.548625 0.556017
</float_array>
          <technique_common>
            <accessor source="#dash-POSITION-array" count="181" stride="3">
              <param name="X" type="float"/>
              <param name="Y" type="float"/>
              <param name="Z" type="float"/>
            </accessor>
          </technique_common>
        </source>
        <source id="dash-Normal0">
          <float_array id="dash-Normal0-array" count="1170">
0.000000 0.998841 -0.048138
0.000000 0.998841 -0.048138
0.000000 0.998841 -0.048139
0.000000 0.998841 -0.048139
0.000001 0.998841 -0.048139
0.000000 0.998841 -0.048138
0.000000 0.732794 0.680451
0.000000 0.732794 0.680450
0.000000 0.732794 0.680451
0.000000 0.732794 0.680451
0.000000 0.732794 0.680451
0.000000 0.732794 0.680451
0.000000 -0.005780 0.999983
0.000000 -0.005780 0.999983
0.000000 -0.005780 0.999983
0.000000 -0.005780 0.999983
0.000000 -0.005780 0.999983
0.000000 -0.005780 0.999983
0.000000 0.998620 0.052526
0.000000 0.998297 -0.058343
0.000000 0.998297 -0.058342
0.000000 0.998297 -0.058342
0.000000 0.998620 0.052526
0.000000 0.998620 0.052526
0.000000 0.986668 0.162749
0.000000 0.998620 0.052526
0.000000 0.998620 0.052526
0.000000 0.998620 0.052526
0.000000 0.986668 0.162749
0.000000 0.986668 0.162749
0.000000 -0.102898 0.994692
0.000000 -0.102898 0.994692
0.000000 -0.102901 0.994692
0.000000 -0.102901 0.994692
-0.000000 -0.102901 0.994692
0.000000 -0.102898 0.994692
-0.000264 -0.999976 -0.007001
-0.000130 -0.999976 -0.006872
-0.000000 -0.999976 -0.007001
-0.000000 -0.999976 -0.007001
-0.000001 -0.999976 -0.007002
-0.000264 -0.999976 -0.007001
-0.000000 -0.370313 -0.928907
-0.015151 -0.353381 -0.935357
-0.000000 -0.370313 -0.928907
-0.000000 -0.370313 -0.928907
-0.000000 -0.370313 -0.928907
-0.000000 -0.370313 -0.928907
0.000000 0.998841 -0.048138
0.000000 0.998841 -0.048138
0.000000 0.998841 -0.048138
0.000000 0.998841 -0.048138
0.000000 0.998841 -0.048138
0.000000 0.998841 -0.048138
0.000000 0.732798 0.680446
0.000000 0.732798 0.680446
0.000000 0.732794 0.680450
0.000000 0.732794 0.680450
0.000000 0.732794 0.680451
0.000000 0.732798 0.680446
0.000000 -0.005780 0.999983
0.000000 -0.005780 0.999983
0.000000 -0.005780 0.999983
0.000000 -0.005780 0.999983
0.000000 -0.005780 0.999983
0.000000 -0.005780 0.999983
0.000000 0.998620 0.052526
-0.000000 0.998297 -0.058343
0.000000 0.998297 -0.058343
0.000000 0.998297 -0.058343
0.000000 0.998620 0.052526
0.000000 0.998620 0.052526
0.000000 0.986668 0.162749
0.000000 0.998620 0.052526
0.000000 0.998620 0.052526
0.000000 0.998620 0.052526
0.000000 0.986668 0.162749
0.000000 0.986668 0.162749
0.000000 -0.102899 0.994692
0.000000 -0.102899 0.994692
0.000000 -0.102898 0.994692
0.000000 -0.102898 0.994692
0.000000 -0.102898 0.994692
0.000000 -0.102899 0.994692
-0.000243 -0.999977 -0.006725
-0.000000 -0.999979 -0.006479
-0.000130 -0.999976 -0.006872
-0.000130 -0.999976 -0.006872
-0.000264 -0.999976 -0.007001
-0.000243 -0.999977 -0.006725
-0.039186 -0.326096 -0.944524
-0.070192 -0.290125 -0.954411
-0.015151 -0.353381 -0.935357
-0.015151 -0.353381 -0.935357
-0.000000 -0.370313 -0.928907
-0.039186 -0.326096 -0.944524
-1.000000 0.000120 0.000032
-1.000000 0.000001 0.000000
-1.000000 0.000001 0.000000
-1.000000 0.000120 0.000032
-1.000000 0.000001 0.000000
-1.000000 0.000306 0.000861
-1.000000 0.000456 0.000522
-1.000000 0.000120 0.000032
-1.000000 0.000306 0.000861
-1.000000 0.000456 0.000522
-1.000000 0.000306 0.000861
-1.000000 0.000196 0.000288
-1.000000 0.000456 0.000522
-1.000000 0.000196 0.000288
-1.000000 0.000194 0.000354
-1.000000 0.000456 0.000522
-1.000000 0.000194 0.000354
-1.000000 0.000183 0.000458
1.000000 -0.000349 -0.000467
1.000000 -0.000140 -0.000461
1.000000 -0.000165 -0.000340
1.000000 -0.000349 -0.000467
1.000000 -0.000165 -0.000340
1.000000 -0.000174 -0.000266
1.000000 -0.000349 -0.000467
1.000000 -0.000174 -0.000266
1.000000 -0.000318 -0.000539
1.000000 0.000000 -0.000000
1.000000 0.000001 0.000000
1.000000 -0.000110 -0.000029
1.000000 -0.000318 -0.000539
1.000000 0.000000 -0.000000
1.000000 -0.000110 -0.000029
1.000000 -0.000349 -0.000467
1.000000 -0.000318 -0.000539
1.000000 -0.000110 -0.000029
-0.042331 -0.143026 0.988813
-0.043049 -0.143279 0.988746
-0.014790 0.048025 0.998737
-0.014790 0.048025 0.998737
0.000240 0.090176 0.995926
-0.042331 -0.143026 0.988813
-0.039701 -0.847332 0.529578
-0.037791 -0.846507 0.531034
-0.002254 -0.847998 0.529994
0.031215 -0.389951 0.920306
0.031215 -0.389951 0.920306
0.031215 -0.389951 0.920306
-0.014078 -0.884978 -0.465420
-0.028048 -0.972025 -0.233195
0.131549 -0.990334 -0.043970
0.131549 -0.990334 -0.043970
0.132106 -0.929486 -0.344389
-0.014078 -0.884978 -0.465420
0.066929 0.041750 0.996884
0.090140 0.103831 0.990502
-0.043049 -0.143279 0.988746
-0.043049 -0.143279 0.988746
-0.042331 -0.143026 0.988813
0.066929 0.041750 0.996884
-0.065984 -0.801719 0.594047
-0.065754 -0.800520 0.595688
-0.037791 -0.846507 0.531034
-0.037791 -0.846507 0.531034
-0.039701 -0.847332 0.529578
-0.065984 -0.801719 0.594047
-0.110325 -0.909429 -0.400957
-0.087943 -0.995758 -0.027048
-0.028048 -0.972025 -0.233195
-0.028048 -0.972025 -0.233195
-0.014078 -0.884978 -0.465420
-0.110325 -0.909429 -0.400957
-0.014078 -0.884978 -0.465420
0.132106 -0.929486 -0.344389
0.106760 -0.751149 -0.651442
0.106760 -0.751149 -0.651442
-0.001551 -0.755466 -0.655186
-0.014078 -0.884978 -0.465420
-0.110325 -0.909429 -0.400957
-0.014078 -0.884978 -0.465420
-0.001551 -0.755466 -0.655186
-0.001551 -0.755466 -0.655186
-0.110051 -0.750878 -0.651207
-0.110325 -0.909429 -0.400957
-0.003752 -0.838216 0.545325
0.119218 -0.838806 0.531218
0.117220 -0.836853 0.534731
0.117220 -0.836853 0.534731
-0.004284 -0.838198 0.545349
-0.003752 -0.838216 0.545325
-0.117960 -0.836832 0.534600
-0.003752 -0.838216 0.545325
-0.004284 -0.838198 0.545349
-0.004284 -0.838198 0.545349
-0.116647 -0.838788 0.531816
-0.117960 -0.836832 0.534600
-1.000000 0.000000 0.000000
-1.000000 0.000000 0.000000
-1.000000 0.000000 0.000000
-1.000000 0.000000 0.000000
-1.000000 0.000000 0.000000
-1.000000 0.000000 0.000000
1.000000 -0.000001 0.000000
1.000000 -0.000001 0.000000
1.000000 -0.000001 0.000000
1.000000 -0.000001 0.000000
1.000000 -0.000001 0.000000
1.000000 -0.000001 0.000000
0.000006 0.258820 0.965926
0.000000 0.258819 0.965926
0.000001 0.258819 0.965926
0.000001 0.258819 0.965926
0.000007 0.258820 0.965926
0.000006 0.258820 0.965926
-0.000000 0.965926 -0.258819
0.000000 0.965926 -0.258818
0.000000 0.965926 -0.258819
-0.000000 0.965926 -0.258819
-0.000000 0.965926 -0.258818
0.000000 0.965926 -0.258818
-0.000000 0.965926 -0.258819
0.000000 0.965926 -0.258819
-0.000000 0.965926 -0.258820
-0.000001 0.965926 -0.258819
-0.000000 0.965926 -0.258819
-0.000001 0.965926 -0.258819
-0.000001 0.965926 -0.258819
-0.000000 0.965926 -0.258819
-0.000001 0.965926 -0.258820
-0.000000 0.965926 -0.258818
-0.000000 0.965926 -0.258819
-0.000001 0.965926 -0.258819
-0.000001 0.965926 -0.258820
-0.000000 0.965926 -0.258819
-0.000000 0.965925 -0.258820
-0.000000 0.965925 -0.258820
-0.000000 0.965926 -0.258819
-0.000000 0.965926 -0.258820
-0.000000 -0.965926 0.258819
-0.000001 -0.965926 0.258820
0.000000 -0.965926 0.258820
-0.000000 -0.965926 0.258819
-0.000001 -0.965926 0.258819
-0.000001 -0.965926 0.258820
-0.000000 -0.965926 0.258819
0.000000 -0.965926 0.258820
-0.000000 -0.965926 0.258819
-0.000000 -0.965926 0.258819
-0.000000 -0.965926 0.258819
0.000000 -0.965926 0.258819
0.000000 -0.965926 0.258819
-0.000000 -0.965926 0.258819
0.000000 -0.965926 0.258819
-0.000001 -0.965926 0.258819
-0.000000 -0.965926 0.258819
-0.000000 -0.965926 0.258819
0.000000 -0.965926 0.258819
-0.000000 -0.965926 0.258819
0.000000 -0.965926 0.258819
0.000000 -0.965926 0.258819
-0.000000 -0.965926 0.258819
-0.000000 -0.965926 0.258819
0.000000 0.998841 -0.048138
0.000000 0.998841 -0.048138
0.000000 0.998841 -0.048138
0.000000 0.998841 -0.048138
0.000000 0.998841 -0.048138
0.000000 0.998841 -0.048138
0.000000 0.732796 0.680448
0.000000 0.732796 0.680448
0.000000 0.732798 0.680446
0.000000 0.732798 0.680446
0.000000 0.732798 0.680446
0.000000 0.732796 0.680448
0.000000 -0.005780 0.999983
0.000000 -0.005780 0.999983
0.000000 -0.005780 0.999983
0.000000 -0.005780 0.999983
0.000000 -0.005780 0.999983
0.000000 -0.005780 0.999983
0.000000 0.998620 0.052526
0.000000 0.998297 -0.058343
0.000000 0.998297 -0.058343
0.000000 0.998297 -0.058343
0.000000 0.998620 0.052526
0.000000 0.998620 0.052526
0.000000 0.986668 0.162749
0.000000 0.998620 0.052526
0.000000 0.998620 0.052526
0.000000 0.998620 0.052526
0.000000 0.986668 0.162749
0.000000 0.986668 0.162749
0.000000 -0.102898 0.994692
0.000000 -0.102898 0.994692
0.000000 -0.102901 0.994692
0.000000 -0.102901 0.994692
-0.000000 -0.102901 0.994692
0.000000 -0.102898 0.994692
-0.000263 -0.999976 -0.007001
-0.000130 -0.999976 -0.006872
-0.000000 -0.999976 -0.007001
-0.000000 -0.999976 -0.007001
-0.000000 -0.999976 -0.007001
-0.000263 -0.999976 -0.007001
-0.000000 -0.370313 -0.928907
-0.015151 -0.353381 -0.935357
-0.000000 -0.370313 -0.928907
-0.000000 -0.370313 -0.928907
-0.000000 -0.370313 -0.928907
-0.000000 -0.370313 -0.928907
0.000000 0.998841 -0.048138
0.000000 0.998841 -0.048138
0.000000 0.998841 -0.048138
0.000000 0.998841 -0.048138
0.000000 0.998841 -0.048138
0.000000 0.998841 -0.048138
0.000000 0.732794 0.680450
0.000000 0.732794 0.680451
0.000000 0.732796 0.680448
0.000000 0.732796 0.680448
0.000000 0.732796 0.680448
0.000000 0.732794 0.680450
0.000000 -0.005780 0.999983
0.000000 -0.005780 0.999983
0.000000 -0.005780 0.999983
0.000000 -0.005780 0.999983
0.000000 -0.005780 0.999983
0.000000 -0.005780 0.999983
0.000000 0.998620 0.052526
0.000000 0.998297 -0.058343
0.000000 0.998297 -0.058343
0.000000 0.998297 -0.058343
0.000000 0.998620 0.052526
0.000000 0.998620 0.052526
0.000000 0.986668 0.162749
0.000000 0.998620 0.052526
0.000000 0.998620 0.052526
0.000000 0.998620 0.052526
0.000000 0.986668 0.162749
0.000000 0.986668 0.162749
0.000000 -0.102899 0.994692
-0.000000 -0.102900 0.994692
0.000000 -0.102898 0.994692
0.000000 -0.102898 0.994692
0.000000 -0.102898 0.994692
0.000000 -0.102899 0.994692
-0.000243 -0.999977 -0.006725
-0.000000 -0.999979 -0.006480
-0.000130 -0.999976 -0.006872
-0.000130 -0.999976 -0.006872
-0.000263 -0.999976 -0.007001
-0.000243 -0.999977 -0.006725
-0.039186 -0.326096 -0.944524
-0.070192 -0.290125 -0.954411
-0.015151 -0.353381 -0.935357
-0.015151 -0.353381 -0.935357
-0.000000 -0.370313 -0.928907
-0.039186 -0.326096 -0.944524
-1.000000 0.000120 0.000032
-1.000000 0.000001 0.000001
-1.000000 -0.000000 -0.000000
-1.000000 0.000120 0.000032
-1.000000 -0.000000 -0.000000
-1.000000 0.000306 0.000862
-1.000000 0.000456 0.000523
-1.000000 0.000120 0.000032
-1.000000 0.000306 0.000862
-1.000000 0.000456 0.000523
-1.000000 0.000306 0.000862
-1.000000 0.000196 0.000288
-1.000000 0.000456 0.000523
-1.000000 0.000196 0.000288
-1.000000 0.000194 0.000354
-1.000000 0.000456 0.000523
-1.000000 0.000194 0.000354
-1.000000 0.000183 0.000458
1.000000 -0.000348 -0.000466
1.000000 -0.000140 -0.000462
1.000000 -0.000165 -0.000340
1.000000 -0.000348 -0.000466
1.000000 -0.000165 -0.000340
1.000000 -0.000174 -0.000266
1.000000 -0.000348 -0.000466
1.000000 -0.000174 -0.000266
1.000000 -0.000318 -0.000538
1.000000 -0.000000 -0.000001
1.000000 0.000000 -0.000000
1.000000 -0.000110 -0.000030
1.000000 -0.000318 -0.000538
1.000000 -0.000000 -0.000001
1.000000 -0.000110 -0.000030
1.000000 -0.000348 -0.000466
1.000000 -0.000318 -0.000538
1.000000 -0.000110 -0.000030
</float_array>
          <technique_common>
            <accessor source="#dash-Normal0-array" count="390" stride="3">
              <param name="X" type="float"/>
              <param name="Y" type="float"/>
              <param name="Z" type="float"/>
            </accessor>
          </technique_common>
        </source>
        <source id="dash-UV0">
          <float_array id="dash-UV0-array" count="362">
0.433257 0.339896
0.433319 0.278280
0.764709 0.278280
0.764647 0.339896
0.433257 0.352142
0.433257 0.339896
0.764647 0.339896
0.764647 0.352142
0.433257 0.418902
0.433257 0.352142
0.764647 0.352142
0.764647 0.418902
0.433257 0.494504
0.433257 0.418902
0.764647 0.418902
0.764647 0.494504
0.433257 0.550551
0.764647 0.550551
0.433257 0.570023
0.433257 0.550551
0.764647 0.550551
0.764647 0.570023
0.912072 0.885801
0.693607 0.921946
0.693607 0.921946
0.912072 0.885801
0.942515 0.568181
0.912072 0.885801
0.912072 0.885801
0.942515 0.568181
0.101866 0.339896
0.101928 0.278280
0.101866 0.352142
0.101866 0.339896
0.101866 0.418902
0.101866 0.352142
0.101866 0.494504
0.101866 0.418902
0.101866 0.550551
0.101866 0.570023
0.101866 0.550551
0.912072 0.885801
0.693607 0.921946
0.942515 0.568181
0.912072 0.885801
0.693607 0.921946
0.688728 0.863413
0.765998 0.853317
0.882816 0.831868
0.912072 0.885801
0.851368 0.595232
0.859040 0.576386
0.942515 0.568181
0.912072 0.885801
0.942515 0.568181
0.859040 0.576386
0.851368 0.595232
0.882816 0.831868
0.765998 0.853317
0.688728 0.863413
0.693607 0.921946
0.392157 0.181718
0.392130 0.209570
0.064270 0.198395
0.064283 0.180857
0.392156 0.164140
0.392157 0.181718
0.064283 0.180857
0.064283 0.180857
0.064282 0.163279
0.392156 0.164140
0.392128 0.045604
0.392156 0.164140
0.064282 0.163279
0.048724 0.044849
0.727285 0.180857
0.727273 0.198395
0.727285 0.163279
0.727285 0.180857
0.747968 0.044849
0.727285 0.163279
0.048724 0.044849
0.392128 0.045604
0.747968 0.044849
0.392128 0.045604
0.048724 0.044849
0.048724 0.044849
0.392128 0.045604
0.747968 0.044849
0.747968 0.044849
0.510849 0.710322
0.589148 0.710322
0.589148 0.686367
0.510849 0.686367
0.510849 0.710322
0.510849 0.686367
0.589148 0.686367
0.589148 0.710322
0.510849 0.686367
0.510849 0.710322
0.510849 0.710322
0.510849 0.686367
0.184025 0.796466
0.326081 0.654410
0.378308 0.796466
0.184025 0.602183
0.326081 0.938521
0.041970 0.654410
-0.010257 0.796466
0.041970 0.938521
0.184025 0.990748
0.184025 0.796466
0.326081 0.654410
0.378308 0.796466
0.184025 0.602183
0.326081 0.938521
0.041970 0.654410
-0.010257 0.796466
0.041970 0.938521
0.184025 0.990748
0.433257 0.339896
0.433319 0.278280
0.764709 0.278280
0.764647 0.339896
0.433257 0.352142
0.433257 0.339896
0.764647 0.339896
0.764647 0.352142
0.433257 0.418902
0.433257 0.352142
0.764647 0.352142
0.764647 0.418902
0.433257 0.494504
0.433257 0.418902
0.764647 0.418902
0.764647 0.494504
0.433257 0.550551
0.764647 0.550551
0.433257 0.570023
0.433257 0.550551
0.764647 0.550551
0.764647 0.570023
0.912072 0.885801
0.693607 0.921946
0.693607 0.921946
0.912072 0.885801
0.942515 0.568181
0.912072 0.885801
0.912072 0.885801
0.942515 0.568181
0.101866 0.339896
0.101928 0.278280
0.101866 0.352142
0.101866 0.339896
0.101866 0.418902
0.101866 0.352142
0.101866 0.494504
0.101866 0.418902
0.101866 0.550551
0.101866 0.570023
0.101866 0.550551
0.912072 0.885801
0.693607 0.921946
0.942515 0.568181
0.912072 0.885801
0.693607 0.921946
0.688728 0.863413
0.765998 0.853317
0.882816 0.831868
0.912072 0.885801
0.851368 0.595232
0.859040 0.576386
0.942515 0.568181
0.912072 0.885801
0.942515 0.568181
0.859040 0.576386
0.851368 0.595232
0.882816 0.831868
0.765998 0.853317
0.688728 0.863413
0.693607 0.921946
</float_array>
          <technique_common>
            <accessor source="#dash-UV0-array" count="181" stride="2">
              <param name="S" type="float"/>
              <param name="T" type="float"/>
            </accessor>
          </technique_common>
        </source>
        <vertices id="dash-VERTEX">
          <input semantic="POSITION" source="#dash-POSITION"/>
        </vertices>
        <triangles count="130" material="dashseat"><input semantic="VERTEX" offset="0" source="#dash-VERTEX"/><input semantic="NORMAL" offset="1" source="#dash-Normal0"/><input semantic="TEXCOORD" offset="2" set="0" source="#dash-UV0"/><p> 0 0 0 1 1 1 2 2 2 2 3 2 3 4 3 0 5 0 4 6 4 5 7 5 6 8 6 6 9 6 7 10 7 4 11 4 8 12 8 9 13 9 10 14 10 10 15 10 11 16 11 8 17 8 12 18 12 13 19 13 14 20 14 14 21 14 15 22 15 12 23 12 16 24 16 12 25 12 15 26 15 15 27 15 17 28 17 16 29 16 18 30 18 19 31 19 20 32 20 20 33 20 21 34 21 18 35 18 22 36 22 23 37 23 24 38 24 24 39 24 25 40 25 22 41 22 26 42 26 27 43 27 28 44 28 28 45 28 29 46 29 26 47 26 30 48 30 31 49 31 1 50 1 1 51 1 0 52 0 30 53 30 32 54 32 33 55 33 5 56 5 5 57 5 4 58 4 32 59 32 34 60 34 35 61 35 9 62 9 9 63 9 8 64 8 34 65 34 36 66 36 37 67 37 13 68 13 13 69 13 12 70 12 36 71 36 38 72 38 36 73 36 12 74 12 12 75 12 16 76 16 38 77 38 39 78 39 40 79 40 19 80 19 19 81 19 18 82 18 39 83 39 41 84 41 42 85 42 23 86 23 23 87 23 22 88 22 41 89 41 43 90 43 44 91 44 27 92 27 27 93 27 26 94 26 43 95 43 45 96 45 46 97 46 47 98 47 45 99 45 47 100 47 48 101 48 49 102 49 45 103 45 48 104 48 49 105 49 48 106 48 50 107 50 49 108 49 50 109 50 51 110 51 49 111 49 51 112 51 52 113 52 53 114 53 54 115 54 55 116 55 53 117 53 55 118 55 56 119 56 53 120 53 56 121 56 57 122 57 58 123 58 59 124 59 60 125 60 57 126 57 58 127 58 60 128 60 53 129 53 57 130 57 60 131 60 61 132 61 62 133 62 63 134 63 63 135 63 64 136 64 61 137 61 65 138 65 66 139 66 67 140 67 68 141 68 69 142 69 70 143 70 71 144 71 72 145 72 73 146 73 73 147 73 74 148 74 71 149 71 75 150 75 76 151 76 62 152 62 62 153 62 61 154 61 75 155 75 77 156 77 78 157 78 66 158 66 66 159 66 65 160 65 77 161 77 79 162 79 80 163 80 72 164 72 72 165 72 71 166 71 79 167 79 71 168 71 74 169 74 81 170 81 81 171 81 82 172 82 71 173 71 79 174 79 71 175 71 82 176 82 82 177 82 83 178 83 79 179 79 84 180 84 85 181 85 86 182 86 86 183 86 87 184 87 84 185 84 88 186 88 84 187 84 87 188 87 87 189 87 89 190 89 88 191 88 90 192 90 91 193 91 92 194 92 92 195 92 93 196 93 90 197 90 94 198 94 95 199 95 96 200 96 96 201 96 97 202 97 94 203 94 98 204 98 99 205 99 100 206 100 100 207 100 101 208 101 98 209 98 102 210 102 103 211 103 104 212 104 102 213 102 105 214 105 103 215 103 102 216 102 104 217 104 106 218 106 107 219 107 102 220 102 108 221 108 108 222 108 102 223 102 109 224 109 105 225 105 102 226 102 107 227 107 109 228 109 102 229 102 110 230 110 110 231 110 102 232 102 106 233 106 111 234 111 112 235 112 113 236 113 111 237 111 114 238 114 112 239 112 111 240 111 113 241 113 115 242 115 116 243 116 111 244 111 117 245 117 117 246 117 111 247 111 118 248 118 114 249 114 111 250 111 116 251 116 118 252 118 111 253 111 119 254 119 119 255 119 111 256 111 115 257 115 120 258 120 121 259 121 122 260 122 122 261 122 123 262 123 120 263 120 124 264 124 125 265 125 126 266 126 126 267 126 127 268 127 124 269 124 128 270 128 129 271 129 130 272 130 130 273 130 131 274 131 128 275 128 132 276 132 133 277 133 134 278 134 134 279 134 135 280 135 132 281 132 136 282 136 132 283 132 135 284 135 135 285 135 137 286 137 136 287 136 138 288 138 139 289 139 140 290 140 140 291 140 141 292 141 138 293 138 142 294 142 143 295 143 144 296 144 144 297 144 145 298 145 142 299 142 146 300 146 147 301 147 148 302 148 148 303 148 149 304 149 146 305 146 150 306 150 151 307 151 121 308 121 121 309 121 120 310 120 150 311 150 152 312 152 153 313 153 125 314 125 125 315 125 124 316 124 152 317 152 154 318 154 155 319 155 129 320 129 129 321 129 128 322 128 154 323 154 156 324 156 157 325 157 133 326 133 133 327 133 132 328 132 156 329 156 158 330 158 156 331 156 132 332 132 132 333 132 136 334 136 158 335 158 159 336 159 160 337 160 139 338 139 139 339 139 138 340 138 159 341 159 161 342 161 162 343 162 143 344 143 143 345 143 142 346 142 161 347 161 163 348 163 164 349 164 147 350 147 147 351 147 146 352 146 163 353 163 165 354 165 166 355 166 167 356 167 165 357 165 167 358 167 168 359 168 169 360 169 165 361 165 168 362 168 169 363 169 168 364 168 170 365 170 169 366 169 170 367 170 171 368 171 169 369 169 171 370 171 172 371 172 173 372 173 174 373 174 175 374 175 173 375 173 175 376 175 176 377 176 173 378 173 176 379 176 177 380 177 178 381 178 179 382 179 180 383 180 177 384 177 178 385 178 180 386 180 173 387 173 177 388 177 180 389 180</p></triangles>
      </mesh>
    </geometry>
    <geometry id="wheels_spin001-lib" name="wheels_spin001Mesh">
      <mesh>
        <source id="wheels_spin001-POSITION">
          <float_array id="wheels_spin001-POSITION-array" count="348">
-0.184981 -0.000000 -0.000000
-0.174743 -0.334259 0.067649
-0.174743 -0.282927 0.190415
-0.162212 -0.524578 0.106167
-0.162212 -0.444019 0.298833
-0.114441 -0.616122 0.124694
-0.114441 -0.521504 0.350982
-0.114441 -0.616122 0.124694
0.129047 -0.615968 0.124663
0.129047 -0.521374 0.350895
-0.114441 -0.521504 0.350982
0.129047 -0.615968 0.124663
0.179293 -0.484938 0.098145
0.179293 -0.410466 0.276252
0.129047 -0.521374 0.350895
0.184981 0.000000 -0.000000
-0.174743 -0.188522 0.284192
-0.162212 -0.295861 0.446004
-0.114441 -0.347492 0.523837
0.129047 -0.347405 0.523705
-0.114441 -0.347492 0.523837
0.179293 -0.273504 0.412302
0.129047 -0.347405 0.523705
-0.174743 -0.065415 0.334703
-0.162211 -0.102662 0.525275
-0.114441 -0.120577 0.616941
0.129048 -0.120547 0.616787
-0.114441 -0.120577 0.616941
0.179293 -0.094904 0.485583
0.129048 -0.120547 0.616787
-0.174743 0.067649 0.334259
-0.162211 0.106167 0.524578
-0.114441 0.124695 0.616122
0.129048 0.124663 0.615968
-0.114441 0.124695 0.616122
0.179294 0.098145 0.484938
0.129048 0.124663 0.615968
-0.174743 0.190416 0.282927
-0.162211 0.298833 0.444018
-0.114441 0.350983 0.521504
0.129048 0.350895 0.521373
-0.114441 0.350983 0.521504
0.179294 0.276252 0.410466
0.129048 0.350895 0.521373
-0.174743 0.284192 0.188521
-0.162211 0.446005 0.295861
-0.114440 0.523837 0.347492
0.129048 0.523705 0.347405
-0.114440 0.523837 0.347492
0.179294 0.412302 0.273504
0.129048 0.523705 0.347405
-0.174743 0.334703 0.065415
-0.162211 0.525276 0.102661
-0.114440 0.616941 0.120577
0.129048 0.616787 0.120547
-0.114440 0.616941 0.120577
0.179294 0.485583 0.094904
0.129048 0.616787 0.120547
-0.174743 0.334259 -0.067650
-0.162211 0.524578 -0.106167
-0.114440 0.616122 -0.124695
0.129048 0.615968 -0.124663
-0.114440 0.616122 -0.124695
0.179294 0.484938 -0.098145
0.129048 0.615968 -0.124663
-0.174743 0.282927 -0.190415
-0.162211 0.444019 -0.298833
-0.114441 0.521504 -0.350983
0.129048 0.521374 -0.350895
-0.114441 0.521504 -0.350983
0.179294 0.410466 -0.276252
0.129048 0.521374 -0.350895
-0.174743 0.188522 -0.284192
-0.162211 0.295861 -0.446005
-0.114441 0.347492 -0.523837
0.129048 0.347405 -0.523705
-0.114441 0.347492 -0.523837
0.179294 0.273504 -0.412302
0.129048 0.347405 -0.523705
-0.174743 0.065416 -0.334704
-0.162211 0.102662 -0.525276
-0.114441 0.120577 -0.616941
0.129048 0.120547 -0.616787
-0.114441 0.120577 -0.616941
0.179294 0.094904 -0.485583
0.129048 0.120547 -0.616787
-0.174743 -0.067649 -0.334259
-0.162211 -0.106167 -0.524578
-0.114441 -0.124695 -0.616122
0.129047 -0.124663 -0.615968
-0.114441 -0.124695 -0.616122
0.179293 -0.098145 -0.484938
0.129047 -0.124663 -0.615968
-0.174743 -0.190416 -0.282927
-0.162212 -0.298833 -0.444019
-0.114441 -0.350982 -0.521504
0.129047 -0.350895 -0.521374
-0.114441 -0.350982 -0.521504
0.179293 -0.276252 -0.410466
0.129047 -0.350895 -0.521374
-0.174743 -0.284192 -0.188522
-0.162212 -0.446005 -0.295861
-0.114441 -0.523836 -0.347492
0.129047 -0.523705 -0.347405
-0.114441 -0.523836 -0.347492
0.179293 -0.412302 -0.273504
0.129047 -0.523705 -0.347405
-0.174743 -0.334703 -0.065416
-0.162212 -0.525275 -0.102662
-0.114441 -0.616941 -0.120577
0.129047 -0.616787 -0.120547
-0.114441 -0.616941 -0.120577
0.179293 -0.485583 -0.094904
0.129047 -0.616787 -0.120547
0.129047 -0.615968 0.124663
-0.114441 -0.616122 0.124694
</float_array>
          <technique_common>
            <accessor source="#wheels_spin001-POSITION-array" count="116" stride="3">
              <param name="X" type="float"/>
              <param name="Y" type="float"/>
              <param name="Z" type="float"/>
            </accessor>
          </technique_common>
        </source>
        <source id="wheels_spin001-Normal0">
          <float_array id="wheels_spin001-Normal0-array" count="1440">
-1.000000 0.000001 0.000000
-0.998781 -0.048378 0.009791
-0.998781 -0.040948 0.027559
-0.998781 -0.048378 0.009791
-0.957444 -0.282884 0.057251
-0.957444 -0.239441 0.161148
-0.957444 -0.239441 0.161148
-0.998781 -0.040948 0.027559
-0.998781 -0.048378 0.009791
-0.957444 -0.282884 0.057251
-0.890308 -0.446310 0.090326
-0.890308 -0.377770 0.254247
-0.890308 -0.377770 0.254247
-0.957444 -0.239441 0.161148
-0.957444 -0.282884 0.057251
0.000644 -0.980128 0.198365
0.000644 -0.980128 0.198365
0.000646 -0.829610 0.558343
0.000646 -0.829610 0.558343
0.000646 -0.829610 0.558343
0.000644 -0.980128 0.198365
0.936067 -0.344829 0.069788
0.978726 -0.201095 0.040699
0.978726 -0.170213 0.114556
0.978726 -0.170213 0.114556
0.936067 -0.291874 0.196437
0.936067 -0.344829 0.069788
0.978726 -0.201095 0.040699
1.000000 -0.000001 0.000000
0.978726 -0.170213 0.114556
-1.000000 0.000001 0.000000
-0.998781 -0.040948 0.027559
-0.998781 -0.027285 0.041132
-0.998781 -0.040948 0.027559
-0.957444 -0.239441 0.161148
-0.957444 -0.159545 0.240512
-0.957444 -0.159545 0.240512
-0.998781 -0.027285 0.041132
-0.998781 -0.040948 0.027559
-0.957444 -0.239441 0.161148
-0.890308 -0.377770 0.254247
-0.890308 -0.251717 0.379460
-0.890308 -0.251717 0.379460
-0.957444 -0.159545 0.240512
-0.957444 -0.239441 0.161148
0.000646 -0.829610 0.558343
0.000646 -0.829610 0.558343
0.000646 -0.552790 0.833320
0.000646 -0.552790 0.833320
0.000646 -0.552790 0.833320
0.000646 -0.829610 0.558343
0.936067 -0.291874 0.196437
0.978726 -0.170213 0.114556
0.978726 -0.113417 0.170974
0.978726 -0.113417 0.170974
0.936067 -0.194483 0.293179
0.936067 -0.291874 0.196437
0.978726 -0.170213 0.114556
1.000000 -0.000001 0.000000
0.978726 -0.113417 0.170974
-0.998781 -0.027285 0.041132
-0.998781 -0.009468 0.048443
-1.000000 0.000001 0.000000
-0.998781 -0.027285 0.041132
-0.957444 -0.159545 0.240512
-0.957444 -0.055361 0.283260
-0.957444 -0.055361 0.283260
-0.998781 -0.009468 0.048443
-0.998781 -0.027285 0.041132
-0.957444 -0.159545 0.240512
-0.890308 -0.251717 0.379460
-0.890308 -0.087344 0.446904
-0.890308 -0.087344 0.446904
-0.957444 -0.055361 0.283260
-0.957444 -0.159545 0.240512
0.000646 -0.552790 0.833320
0.000646 -0.552790 0.833320
0.000646 -0.191815 0.981431
0.000646 -0.191815 0.981431
0.000646 -0.191814 0.981431
0.000646 -0.552790 0.833320
0.936067 -0.194483 0.293179
0.978726 -0.113417 0.170974
0.978726 -0.039356 0.201361
0.978726 -0.039356 0.201361
0.936068 -0.067485 0.345287
0.936067 -0.194483 0.293179
0.978726 -0.113417 0.170974
1.000000 -0.000001 0.000000
0.978726 -0.039356 0.201361
-1.000000 0.000001 0.000000
-0.998781 -0.009468 0.048443
-0.998781 0.009792 0.048378
-0.998781 -0.009468 0.048443
-0.957444 -0.055361 0.283260
-0.957444 0.057252 0.282884
-0.957444 0.057252 0.282884
-0.998781 0.009792 0.048378
-0.998781 -0.009468 0.048443
-0.957444 -0.055361 0.283260
-0.890308 -0.087344 0.446904
-0.890308 0.090327 0.446310
-0.890308 0.090327 0.446310
-0.957444 0.057252 0.282884
-0.957444 -0.055361 0.283260
0.000646 -0.191814 0.981431
0.000646 -0.191815 0.981431
0.000647 0.198364 0.980128
0.000647 0.198364 0.980128
0.000647 0.198364 0.980128
0.000646 -0.191814 0.981431
0.936068 -0.067485 0.345287
0.978726 -0.039356 0.201361
0.978726 0.040698 0.201095
0.978726 0.040698 0.201095
0.936067 0.069788 0.344830
0.936068 -0.067485 0.345287
0.978726 -0.039356 0.201361
1.000000 -0.000001 0.000000
0.978726 0.040698 0.201095
-0.998781 0.009792 0.048378
-0.998781 0.027560 0.040949
-1.000000 0.000001 0.000000
-0.998781 0.009792 0.048378
-0.957444 0.057252 0.282884
-0.957444 0.161149 0.239440
-0.957444 0.161149 0.239440
-0.998781 0.027560 0.040949
-0.998781 0.009792 0.048378
-0.957444 0.057252 0.282884
-0.890308 0.090327 0.446310
-0.890309 0.254247 0.377769
-0.890309 0.254247 0.377769
-0.957444 0.161149 0.239440
-0.957444 0.057252 0.282884
0.000647 0.198364 0.980128
0.000647 0.198364 0.980128
0.000647 0.558344 0.829609
0.000647 0.558344 0.829609
0.000647 0.558344 0.829609
0.000647 0.198364 0.980128
0.936067 0.069788 0.344830
0.978726 0.040698 0.201095
0.978726 0.114556 0.170212
0.978726 0.114556 0.170212
0.936068 0.196436 0.291874
0.936067 0.069788 0.344830
0.978726 0.040698 0.201095
1.000000 -0.000001 0.000000
0.978726 0.114556 0.170212
-1.000000 0.000001 0.000000
-0.998781 0.027560 0.040949
-0.998781 0.041132 0.027285
-0.998781 0.027560 0.040949
-0.957444 0.161149 0.239440
-0.957444 0.240513 0.159547
-0.957444 0.240513 0.159547
-0.998781 0.041132 0.027285
-0.998781 0.027560 0.040949
-0.957444 0.161149 0.239440
-0.890309 0.254247 0.377769
-0.890307 0.379461 0.251719
-0.890307 0.379461 0.251719
-0.957444 0.240513 0.159547
-0.957444 0.161149 0.239440
0.000647 0.558344 0.829609
0.000647 0.558344 0.829609
0.000647 0.833320 0.552790
0.000647 0.833320 0.552790
0.000647 0.833320 0.552790
0.000647 0.558344 0.829609
0.936068 0.196436 0.291874
0.978726 0.114556 0.170212
0.978726 0.170974 0.113417
0.978726 0.170974 0.113417
0.936067 0.293180 0.194484
0.936068 0.196436 0.291874
0.978726 0.114556 0.170212
1.000000 -0.000001 0.000000
0.978726 0.170974 0.113417
-0.998781 0.041132 0.027285
-0.998781 0.048443 0.009468
-1.000000 0.000001 0.000000
-0.998781 0.041132 0.027285
-0.957444 0.240513 0.159547
-0.957444 0.283261 0.055362
-0.957444 0.283261 0.055362
-0.998781 0.048443 0.009468
-0.998781 0.041132 0.027285
-0.957444 0.240513 0.159547
-0.890307 0.379461 0.251719
-0.890307 0.446906 0.087345
-0.890307 0.446906 0.087345
-0.957444 0.283261 0.055362
-0.957444 0.240513 0.159547
0.000647 0.833320 0.552790
0.000647 0.833320 0.552790
0.000647 0.981431 0.191814
0.000647 0.981431 0.191814
0.000647 0.981431 0.191814
0.000647 0.833320 0.552790
0.936067 0.293180 0.194484
0.978726 0.170974 0.113417
0.978726 0.201362 0.039355
0.978726 0.201362 0.039355
0.936067 0.345288 0.067484
0.936067 0.293180 0.194484
0.978726 0.170974 0.113417
1.000000 -0.000001 0.000000
0.978726 0.201362 0.039355
-1.000000 0.000001 0.000000
-0.998781 0.048443 0.009468
-0.998781 0.048379 -0.009791
-0.998781 0.048443 0.009468
-0.957444 0.283261 0.055362
-0.957444 0.282884 -0.057252
-0.957444 0.282884 -0.057252
-0.998781 0.048379 -0.009791
-0.998781 0.048443 0.009468
-0.957444 0.283261 0.055362
-0.890307 0.446906 0.087345
-0.890307 0.446312 -0.090327
-0.890307 0.446312 -0.090327
-0.957444 0.282884 -0.057252
-0.957444 0.283261 0.055362
0.000647 0.981431 0.191814
0.000647 0.981431 0.191814
0.000648 0.980128 -0.198364
0.000648 0.980128 -0.198364
0.000648 0.980128 -0.198364
0.000647 0.981431 0.191814
0.936067 0.345288 0.067484
0.978726 0.201362 0.039355
0.978726 0.201094 -0.040699
0.978726 0.201094 -0.040699
0.936067 0.344830 -0.069789
0.936067 0.345288 0.067484
0.978726 0.201362 0.039355
1.000000 -0.000001 0.000000
0.978726 0.201094 -0.040699
-0.998781 0.048379 -0.009791
-0.998781 0.040949 -0.027560
-1.000000 0.000001 0.000000
-0.998781 0.048379 -0.009791
-0.957444 0.282884 -0.057252
-0.957444 0.239441 -0.161148
-0.957444 0.239441 -0.161148
-0.998781 0.040949 -0.027560
-0.998781 0.048379 -0.009791
-0.957444 0.282884 -0.057252
-0.890307 0.446312 -0.090327
-0.890308 0.377770 -0.254246
-0.890308 0.377770 -0.254246
-0.957444 0.239441 -0.161148
-0.957444 0.282884 -0.057252
0.000648 0.980128 -0.198364
0.000648 0.980128 -0.198364
0.000647 0.829609 -0.558344
0.000647 0.829609 -0.558344
0.000647 0.829609 -0.558344
0.000648 0.980128 -0.198364
0.936067 0.344830 -0.069789
0.978726 0.201094 -0.040699
0.978726 0.170212 -0.114557
0.978726 0.170212 -0.114557
0.936067 0.291874 -0.196437
0.936067 0.344830 -0.069789
0.978726 0.201094 -0.040699
1.000000 -0.000001 0.000000
0.978726 0.170212 -0.114557
-0.998781 0.040949 -0.027560
-0.998781 0.027286 -0.041132
-1.000000 0.000001 0.000000
-0.998781 0.040949 -0.027560
-0.957444 0.239441 -0.161148
-0.957444 0.159546 -0.240512
-0.957444 0.159546 -0.240512
-0.998781 0.027286 -0.041132
-0.998781 0.040949 -0.027560
-0.957444 0.239441 -0.161148
-0.890308 0.377770 -0.254246
-0.890308 0.251718 -0.379459
-0.890308 0.251718 -0.379459
-0.957444 0.159546 -0.240512
-0.957444 0.239441 -0.161148
0.000647 0.829609 -0.558344
0.000647 0.829609 -0.558344
0.000647 0.552790 -0.833320
0.000647 0.552790 -0.833320
0.000647 0.552790 -0.833320
0.000647 0.829609 -0.558344
0.936067 0.291874 -0.196437
0.978726 0.170212 -0.114557
0.978726 0.113417 -0.170974
0.978726 0.113417 -0.170974
0.936067 0.194483 -0.293180
0.936067 0.291874 -0.196437
0.978726 0.170212 -0.114557
1.000000 -0.000001 0.000000
0.978726 0.113417 -0.170974
-1.000000 0.000001 0.000000
-0.998781 0.027286 -0.041132
-0.998781 0.009469 -0.048443
-0.998781 0.027286 -0.041132
-0.957444 0.159546 -0.240512
-0.957444 0.055362 -0.283260
-0.957444 0.055362 -0.283260
-0.998781 0.009469 -0.048443
-0.998781 0.027286 -0.041132
-0.957444 0.159546 -0.240512
-0.890308 0.251718 -0.379459
-0.890308 0.087345 -0.446904
-0.890308 0.087345 -0.446904
-0.957444 0.055362 -0.283260
-0.957444 0.159546 -0.240512
0.000647 0.552790 -0.833320
0.000647 0.552790 -0.833320
0.000646 0.191814 -0.981431
0.000646 0.191814 -0.981431
0.000646 0.191814 -0.981431
0.000647 0.552790 -0.833320
0.936067 0.194483 -0.293180
0.978726 0.113417 -0.170974
0.978726 0.039354 -0.201362
0.978726 0.039354 -0.201362
0.936067 0.067483 -0.345288
0.936067 0.194483 -0.293180
0.978726 0.113417 -0.170974
1.000000 -0.000001 0.000000
0.978726 0.039354 -0.201362
-0.998781 0.009469 -0.048443
-0.998781 -0.009791 -0.048378
-1.000000 0.000001 0.000000
-0.998781 0.009469 -0.048443
-0.957444 0.055362 -0.283260
-0.957444 -0.057251 -0.282884
-0.957444 -0.057251 -0.282884
-0.998781 -0.009791 -0.048378
-0.998781 0.009469 -0.048443
-0.957444 0.055362 -0.283260
-0.890308 0.087345 -0.446904
-0.890308 -0.090327 -0.446310
-0.890308 -0.090327 -0.446310
-0.957444 -0.057251 -0.282884
-0.957444 0.055362 -0.283260
0.000646 0.191814 -0.981431
0.000646 0.191814 -0.981431
0.000646 -0.198364 -0.980128
0.000646 -0.198364 -0.980128
0.000646 -0.198364 -0.980128
0.000646 0.191814 -0.981431
0.936067 0.067483 -0.345288
0.978726 0.039354 -0.201362
0.978726 -0.040700 -0.201095
0.978726 -0.040700 -0.201095
0.936067 -0.069789 -0.344829
0.936067 0.067483 -0.345288
0.978726 0.039354 -0.201362
1.000000 -0.000001 0.000000
0.978726 -0.040700 -0.201095
-1.000000 0.000001 0.000000
-0.998781 -0.009791 -0.048378
-0.998781 -0.027559 -0.040949
-0.998781 -0.009791 -0.048378
-0.957444 -0.057251 -0.282884
-0.957444 -0.161148 -0.239441
-0.957444 -0.161148 -0.239441
-0.998781 -0.027559 -0.040949
-0.998781 -0.009791 -0.048378
-0.957444 -0.057251 -0.282884
-0.890308 -0.090327 -0.446310
-0.890308 -0.254246 -0.377770
-0.890308 -0.254246 -0.377770
-0.957444 -0.161148 -0.239441
-0.957444 -0.057251 -0.282884
0.000646 -0.198364 -0.980128
0.000646 -0.198364 -0.980128
0.000646 -0.558344 -0.829610
0.000646 -0.558344 -0.829610
0.000646 -0.558344 -0.829610
0.000646 -0.198364 -0.980128
0.936067 -0.069789 -0.344829
0.978726 -0.040700 -0.201095
0.978726 -0.114557 -0.170213
0.978726 -0.114557 -0.170213
0.936067 -0.196437 -0.291874
0.936067 -0.069789 -0.344829
0.978726 -0.040700 -0.201095
1.000000 -0.000001 0.000000
0.978726 -0.114557 -0.170213
-0.998781 -0.027559 -0.040949
-0.998781 -0.041131 -0.027285
-1.000000 0.000001 0.000000
-0.998781 -0.027559 -0.040949
-0.957444 -0.161148 -0.239441
-0.957444 -0.240512 -0.159546
-0.957444 -0.240512 -0.159546
-0.998781 -0.041131 -0.027285
-0.998781 -0.027559 -0.040949
-0.957444 -0.161148 -0.239441
-0.890308 -0.254246 -0.377770
-0.890308 -0.379460 -0.251719
-0.890308 -0.379460 -0.251719
-0.957444 -0.240512 -0.159546
-0.957444 -0.161148 -0.239441
0.000646 -0.558344 -0.829610
0.000646 -0.558344 -0.829610
0.000646 -0.833320 -0.552790
0.000646 -0.833320 -0.552790
0.000646 -0.833320 -0.552790
0.000646 -0.558344 -0.829610
0.936067 -0.196437 -0.291874
0.978726 -0.114557 -0.170213
0.978726 -0.170974 -0.113417
0.978726 -0.170974 -0.113417
0.936067 -0.293179 -0.194483
0.936067 -0.196437 -0.291874
0.978726 -0.114557 -0.170213
1.000000 -0.000001 0.000000
0.978726 -0.170974 -0.113417
-1.000000 0.000001 0.000000
-0.998781 -0.041131 -0.027285
-0.998781 -0.048442 -0.009468
-0.998781 -0.041131 -0.027285
-0.957444 -0.240512 -0.159546
-0.957445 -0.283258 -0.055360
-0.957445 -0.283258 -0.055360
-0.998781 -0.048442 -0.009468
-0.998781 -0.041131 -0.027285
-0.957444 -0.240512 -0.159546
-0.890308 -0.379460 -0.251719
-0.890309 -0.446902 -0.087343
-0.890309 -0.446902 -0.087343
-0.957445 -0.283258 -0.055360
-0.957444 -0.240512 -0.159546
0.000646 -0.833320 -0.552790
0.000646 -0.833320 -0.552790
0.000646 -0.981431 -0.191814
0.000646 -0.981431 -0.191814
0.000646 -0.981431 -0.191814
0.000646 -0.833320 -0.552790
0.936067 -0.293179 -0.194483
0.978726 -0.170974 -0.113417
0.978726 -0.201362 -0.039355
0.978726 -0.201362 -0.039355
0.936068 -0.345287 -0.067484
0.936067 -0.293179 -0.194483
0.978726 -0.170974 -0.113417
1.000000 -0.000001 0.000000
0.978726 -0.201362 -0.039355
-0.998781 -0.048442 -0.009468
-0.998781 -0.048378 0.009791
-1.000000 0.000001 0.000000
-0.998781 -0.048442 -0.009468
-0.957445 -0.283258 -0.055360
-0.957444 -0.282884 0.057251
-0.957444 -0.282884 0.057251
-0.998781 -0.048378 0.009791
-0.998781 -0.048442 -0.009468
-0.957445 -0.283258 -0.055360
-0.890309 -0.446902 -0.087343
-0.890308 -0.446310 0.090326
-0.890308 -0.446310 0.090326
-0.957444 -0.282884 0.057251
-0.957445 -0.283258 -0.055360
0.000646 -0.981431 -0.191814
0.000646 -0.981431 -0.191814
0.000644 -0.980128 0.198365
0.000644 -0.980128 0.198365
0.000644 -0.980128 0.198365
0.000646 -0.981431 -0.191814
0.936068 -0.345287 -0.067484
0.978726 -0.201362 -0.039355
0.978726 -0.201095 0.040699
0.978726 -0.201095 0.040699
0.936067 -0.344829 0.069788
0.936068 -0.345287 -0.067484
0.978726 -0.201362 -0.039355
1.000000 -0.000001 0.000000
0.978726 -0.201095 0.040699
</float_array>
          <technique_common>
            <accessor source="#wheels_spin001-Normal0-array" count="480" stride="3">
              <param name="X" type="float"/>
              <param name="Y" type="float"/>
              <param name="Z" type="float"/>
            </accessor>
          </technique_common>
        </source>
        <source id="wheels_spin001-UV0">
          <float_array id="wheels_spin001-UV0-array" count="232">
0.295033 0.486544
0.166325 0.494242
0.173036 0.592168
0.110346 0.496959
0.124281 0.637816
0.078398 0.496959
0.094765 0.662397
0.799276 -0.900663
0.673485 -0.900619
0.673485 -0.725030
0.799276 -0.725030
0.081775 0.501720
0.127040 0.501720
0.139793 0.631934
0.097972 0.667117
0.295139 0.486312
0.199939 0.678114
0.163967 0.757229
0.141376 0.802649
0.673485 -0.549397
0.799276 -0.549397
0.176108 0.742323
0.144100 0.807334
0.242686 0.742449
0.223360 0.837018
0.211134 0.896362
0.673485 -0.373765
0.799276 -0.373765
0.230458 0.816083
0.213135 0.901024
0.293110 0.762615
0.293419 0.865037
0.293419 0.929270
0.673485 -0.198133
0.799276 -0.198133
0.294568 0.841984
0.294568 0.933923
0.345194 0.745904
0.363478 0.837018
0.375704 0.896362
0.673485 -0.022501
0.799276 -0.022501
0.358678 0.816083
0.376000 0.901024
0.386281 0.681568
0.422871 0.757229
0.445462 0.802648
0.673485 0.153132
0.799276 0.153132
0.413028 0.742323
0.445035 0.807334
0.416504 0.585260
0.462556 0.637816
0.492073 0.662397
0.673485 0.328765
0.799276 0.328765
0.449343 0.631933
0.491163 0.667117
0.426534 0.494242
0.476492 0.496959
0.508440 0.496959
0.673485 0.504398
0.799276 0.504398
0.462095 0.501720
0.507361 0.501720
0.416504 0.382500
0.462556 0.356101
0.492073 0.331520
0.673485 0.680029
0.799276 0.680029
0.449343 0.371506
0.491163 0.336323
0.387941 0.296555
0.422871 0.236688
0.445462 0.191268
0.673485 0.855662
0.799276 0.855662
0.411074 0.262656
0.445035 0.196106
0.345194 0.239127
0.363478 0.156899
0.375704 0.097555
0.673485 1.031294
0.799276 1.031294
0.358678 0.187357
0.376000 0.102416
0.294770 0.218962
0.293419 0.128880
0.293419 0.071556
0.673485 1.206927
0.799276 1.206927
0.294568 0.161456
0.294568 0.076425
0.244346 0.239128
0.223360 0.156899
0.211134 0.097555
0.673485 1.382559
0.799276 1.382559
0.230458 0.187357
0.213135 0.102417
0.198279 0.303463
0.163967 0.236688
0.141376 0.191269
0.673485 1.558190
0.799276 1.558190
0.176108 0.261117
0.144100 0.196106
0.173036 0.392863
0.124281 0.356101
0.094765 0.331520
0.673485 1.733823
0.799276 1.733823
0.139793 0.371506
0.097972 0.336323
0.673485 1.909456
0.799276 1.909456
</float_array>
          <technique_common>
            <accessor source="#wheels_spin001-UV0-array" count="116" stride="2">
              <param name="S" type="float"/>
              <param name="T" type="float"/>
            </accessor>
          </technique_common>
        </source>
        <vertices id="wheels_spin001-VERTEX">
          <input semantic="POSITION" source="#wheels_spin001-POSITION"/>
        </vertices>
        <triangles count="160" material="tire7"><input semantic="VERTEX" offset="0" source="#wheels_spin001-VERTEX"/><input semantic="NORMAL" offset="1" source="#wheels_spin001-Normal0"/><input semantic="TEXCOORD" offset="2" set="0" source="#wheels_spin001-UV0"/><p> 0 0 0 1 1 1 2 2 2 1 3 1 3 4 3 4 5 4 4 6 4 2 7 2 1 8 1 3 9 3 5 10 5 6 11 6 6 12 6 4 13 4 3 14 3 7 15 7 8 16 8 9 17 9 9 18 9 10 19 10 7 20 7 11 21 11 12 22 12 13 23 13 13 24 13 14 25 14 11 26 11 12 27 12 15 28 15 13 29 13 0 30 0 2 31 2 16 32 16 2 33 2 4 34 4 17 35 17 17 36 17 16 37 16 2 38 2 4 39 4 6 40 6 18 41 18 18 42 18 17 43 17 4 44 4 10 45 10 9 46 9 19 47 19 19 48 19 20 49 20 10 50 10 14 51 14 13 52 13 21 53 21 21 54 21 22 55 22 14 56 14 13 57 13 15 58 15 21 59 21 16 60 16 23 61 23 0 62 0 16 63 16 17 64 17 24 65 24 24 66 24 23 67 23 16 68 16 17 69 17 18 70 18 25 71 25 25 72 25 24 73 24 17 74 17 20 75 20 19 76 19 26 77 26 26 78 26 27 79 27 20 80 20 22 81 22 21 82 21 28 83 28 28 84 28 29 85 29 22 86 22 21 87 21 15 88 15 28 89 28 0 90 0 23 91 23 30 92 30 23 93 23 24 94 24 31 95 31 31 96 31 30 97 30 23 98 23 24 99 24 25 100 25 32 101 32 32 102 32 31 103 31 24 104 24 27 105 27 26 106 26 33 107 33 33 108 33 34 109 34 27 110 27 29 111 29 28 112 28 35 113 35 35 114 35 36 115 36 29 116 29 28 117 28 15 118 15 35 119 35 30 120 30 37 121 37 0 122 0 30 123 30 31 124 31 38 125 38 38 126 38 37 127 37 30 128 30 31 129 31 32 130 32 39 131 39 39 132 39 38 133 38 31 134 31 34 135 34 33 136 33 40 137 40 40 138 40 41 139 41 34 140 34 36 141 36 35 142 35 42 143 42 42 144 42 43 145 43 36 146 36 35 147 35 15 148 15 42 149 42 0 150 0 37 151 37 44 152 44 37 153 37 38 154 38 45 155 45 45 156 45 44 157 44 37 158 37 38 159 38 39 160 39 46 161 46 46 162 46 45 163 45 38 164 38 41 165 41 40 166 40 47 167 47 47 168 47 48 169 48 41 170 41 43 171 43 42 172 42 49 173 49 49 174 49 50 175 50 43 176 43 42 177 42 15 178 15 49 179 49 44 180 44 51 181 51 0 182 0 44 183 44 45 184 45 52 185 52 52 186 52 51 187 51 44 188 44 45 189 45 46 190 46 53 191 53 53 192 53 52 193 52 45 194 45 48 195 48 47 196 47 54 197 54 54 198 54 55 199 55 48 200 48 50 201 50 49 202 49 56 203 56 56 204 56 57 205 57 50 206 50 49 207 49 15 208 15 56 209 56 0 210 0 51 211 51 58 212 58 51 213 51 52 214 52 59 215 59 59 216 59 58 217 58 51 218 51 52 219 52 53 220 53 60 221 60 60 222 60 59 223 59 52 224 52 55 225 55 54 226 54 61 227 61 61 228 61 62 229 62 55 230 55 57 231 57 56 232 56 63 233 63 63 234 63 64 235 64 57 236 57 56 237 56 15 238 15 63 239 63 58 240 58 65 241 65 0 242 0 58 243 58 59 244 59 66 245 66 66 246 66 65 247 65 58 248 58 59 249 59 60 250 60 67 251 67 67 252 67 66 253 66 59 254 59 62 255 62 61 256 61 68 257 68 68 258 68 69 259 69 62 260 62 64 261 64 63 262 63 70 263 70 70 264 70 71 265 71 64 266 64 63 267 63 15 268 15 70 269 70 65 270 65 72 271 72 0 272 0 65 273 65 66 274 66 73 275 73 73 276 73 72 277 72 65 278 65 66 279 66 67 280 67 74 281 74 74 282 74 73 283 73 66 284 66 69 285 69 68 286 68 75 287 75 75 288 75 76 289 76 69 290 69 71 291 71 70 292 70 77 293 77 77 294 77 78 295 78 71 296 71 70 297 70 15 298 15 77 299 77 0 300 0 72 301 72 79 302 79 72 303 72 73 304 73 80 305 80 80 306 80 79 307 79 72 308 72 73 309 73 74 310 74 81 311 81 81 312 81 80 313 80 73 314 73 76 315 76 75 316 75 82 317 82 82 318 82 83 319 83 76 320 76 78 321 78 77 322 77 84 323 84 84 324 84 85 325 85 78 326 78 77 327 77 15 328 15 84 329 84 79 330 79 86 331 86 0 332 0 79 333 79 80 334 80 87 335 87 87 336 87 86 337 86 79 338 79 80 339 80 81 340 81 88 341 88 88 342 88 87 343 87 80 344 80 83 345 83 82 346 82 89 347 89 89 348 89 90 349 90 83 350 83 85 351 85 84 352 84 91 353 91 91 354 91 92 355 92 85 356 85 84 357 84 15 358 15 91 359 91 0 360 0 86 361 86 93 362 93 86 363 86 87 364 87 94 365 94 94 366 94 93 367 93 86 368 86 87 369 87 88 370 88 95 371 95 95 372 95 94 373 94 87 374 87 90 375 90 89 376 89 96 377 96 96 378 96 97 379 97 90 380 90 92 381 92 91 382 91 98 383 98 98 384 98 99 385 99 92 386 92 91 387 91 15 388 15 98 389 98 93 390 93 100 391 100 0 392 0 93 393 93 94 394 94 101 395 101 101 396 101 100 397 100 93 398 93 94 399 94 95 400 95 102 401 102 102 402 102 101 403 101 94 404 94 97 405 97 96 406 96 103 407 103 103 408 103 104 409 104 97 410 97 99 411 99 98 412 98 105 413 105 105 414 105 106 415 106 99 416 99 98 417 98 15 418 15 105 419 105 0 420 0 100 421 100 107 422 107 100 423 100 101 424 101 108 425 108 108 426 108 107 427 107 100 428 100 101 429 101 102 430 102 109 431 109 109 432 109 108 433 108 101 434 101 104 435 104 103 436 103 110 437 110 110 438 110 111 439 111 104 440 104 106 441 106 105 442 105 112 443 112 112 444 112 113 445 113 106 446 106 105 447 105 15 448 15 112 449 112 107 450 107 1 451 1 0 452 0 107 453 107 108 454 108 3 455 3 3 456 3 1 457 1 107 458 107 108 459 108 109 460 109 5 461 5 5 462 5 3 463 3 108 464 108 111 465 111 110 466 110 114 467 114 114 468 114 115 469 115 111 470 111 113 471 113 112 472 112 12 473 12 12 474 12 11 475 11 113 476 113 112 477 112 15 478 15 12 479 12</p></triangles>
      </mesh>
    </geometry>
    <geometry id="wheels_spin_steer001-lib" name="wheels_spin_steer001Mesh">
      <mesh>
        <source id="wheels_spin_steer001-POSITION">
          <float_array id="wheels_spin_steer001-POSITION-array" count="348">
-0.184981 0.000000 -0.000000
-0.174743 -0.334259 0.067649
-0.174743 -0.282927 0.190415
-0.162212 -0.524578 0.106167
-0.162212 -0.444018 0.298833
-0.114441 -0.616122 0.124695
-0.114441 -0.521504 0.350982
-0.114441 -0.616122 0.124695
0.129047 -0.615968 0.124663
0.129047 -0.521374 0.350895
-0.114441 -0.521504 0.350982
0.129047 -0.615968 0.124663
0.179293 -0.484939 0.098145
0.179293 -0.410466 0.276252
0.129047 -0.521374 0.350895
0.184981 -0.000000 -0.000000
-0.174743 -0.188521 0.284192
-0.162212 -0.295861 0.446004
-0.114441 -0.347492 0.523837
0.129047 -0.347405 0.523705
-0.114441 -0.347492 0.523837
0.179293 -0.273504 0.412302
0.129047 -0.347405 0.523705
-0.174743 -0.065416 0.334703
-0.162212 -0.102662 0.525276
-0.114441 -0.120577 0.616941
0.129047 -0.120547 0.616787
-0.114441 -0.120577 0.616941
0.179293 -0.094904 0.485583
0.129047 -0.120547 0.616787
-0.174743 0.067649 0.334259
-0.162211 0.106167 0.524578
-0.114441 0.124694 0.616122
0.129048 0.124663 0.615968
-0.114441 0.124694 0.616122
0.179294 0.098145 0.484938
0.129048 0.124663 0.615968
-0.174743 0.190415 0.282927
-0.162211 0.298833 0.444018
-0.114441 0.350982 0.521504
0.129048 0.350895 0.521373
-0.114441 0.350982 0.521504
0.179294 0.276251 0.410466
0.129048 0.350895 0.521373
-0.174743 0.284192 0.188521
-0.162211 0.446005 0.295861
-0.114441 0.523837 0.347492
0.129048 0.523705 0.347405
-0.114441 0.523837 0.347492
0.179294 0.412302 0.273504
0.129048 0.523705 0.347405
-0.174743 0.334703 0.065415
-0.162211 0.525276 0.102661
-0.114441 0.616941 0.120577
0.129048 0.616786 0.120547
-0.114441 0.616941 0.120577
0.179294 0.485583 0.094904
0.129048 0.616786 0.120547
-0.174743 0.334259 -0.067649
-0.162211 0.524578 -0.106167
-0.114441 0.616122 -0.124695
0.129048 0.615968 -0.124663
-0.114441 0.616122 -0.124695
0.179294 0.484938 -0.098145
0.129048 0.615968 -0.124663
-0.174743 0.282926 -0.190415
-0.162211 0.444018 -0.298833
-0.114441 0.521504 -0.350983
0.129048 0.521374 -0.350895
-0.114441 0.521504 -0.350983
0.179294 0.410465 -0.276252
0.129048 0.521374 -0.350895
-0.174743 0.188522 -0.284192
-0.162211 0.295861 -0.446005
-0.114441 0.347491 -0.523837
0.129048 0.347404 -0.523705
-0.114441 0.347491 -0.523837
0.179294 0.273504 -0.412302
0.129048 0.347404 -0.523705
-0.174743 0.065415 -0.334704
-0.162211 0.102661 -0.525275
-0.114441 0.120577 -0.616941
0.129048 0.120547 -0.616787
-0.114441 0.120577 -0.616941
0.179294 0.094903 -0.485583
0.129048 0.120547 -0.616787
-0.174743 -0.067650 -0.334259
-0.162212 -0.106167 -0.524578
-0.114441 -0.124694 -0.616122
0.129047 -0.124664 -0.615968
-0.114441 -0.124694 -0.616122
0.179293 -0.098145 -0.484938
0.129047 -0.124664 -0.615968
-0.174743 -0.190415 -0.282927
-0.162212 -0.298833 -0.444019
-0.114441 -0.350983 -0.521504
0.129047 -0.350895 -0.521374
-0.114441 -0.350983 -0.521504
0.179293 -0.276252 -0.410466
0.129047 -0.350895 -0.521374
-0.174743 -0.284192 -0.188521
-0.162212 -0.446004 -0.295861
-0.114441 -0.523836 -0.347492
0.129047 -0.523706 -0.347405
-0.114441 -0.523836 -0.347492
0.179293 -0.412302 -0.273504
0.129047 -0.523706 -0.347405
-0.174743 -0.334703 -0.065416
-0.162212 -0.525275 -0.102662
-0.114441 -0.616941 -0.120577
0.129047 -0.616787 -0.120547
-0.114441 -0.616941 -0.120577
0.179293 -0.485583 -0.094904
0.129047 -0.616787 -0.120547
0.129047 -0.615968 0.124663
-0.114441 -0.616122 0.124695
</float_array>
          <technique_common>
            <accessor source="#wheels_spin_steer001-POSITION-array" count="116" stride="3">
              <param name="X" type="float"/>
              <param name="Y" type="float"/>
              <param name="Z" type="float"/>
            </accessor>
          </technique_common>
        </source>
        <source id="wheels_spin_steer001-Normal0">
          <float_array id="wheels_spin_steer001-Normal0-array" count="1440">
-1.000000 0.000001 0.000000
-0.998781 -0.048378 0.009791
-0.998781 -0.040948 0.027559
-0.998781 -0.048378 0.009791
-0.957444 -0.282883 0.057252
-0.957444 -0.239441 0.161148
-0.957444 -0.239441 0.161148
-0.998781 -0.040948 0.027559
-0.998781 -0.048378 0.009791
-0.957444 -0.282883 0.057252
-0.890309 -0.446309 0.090327
-0.890308 -0.377770 0.254246
-0.890308 -0.377770 0.254246
-0.957444 -0.239441 0.161148
-0.957444 -0.282883 0.057252
0.000646 -0.980128 0.198364
0.000646 -0.980128 0.198364
0.000645 -0.829610 0.558343
0.000645 -0.829610 0.558343
0.000644 -0.829609 0.558344
0.000646 -0.980128 0.198364
0.936068 -0.344829 0.069789
0.978726 -0.201095 0.040699
0.978726 -0.170213 0.114556
0.978726 -0.170213 0.114556
0.936068 -0.291873 0.196436
0.936068 -0.344829 0.069789
0.978726 -0.201095 0.040699
1.000000 -0.000001 -0.000000
0.978726 -0.170213 0.114556
-1.000000 0.000001 0.000000
-0.998781 -0.040948 0.027559
-0.998781 -0.027284 0.041132
-0.998781 -0.040948 0.027559
-0.957444 -0.239441 0.161148
-0.957444 -0.159545 0.240512
-0.957444 -0.159545 0.240512
-0.998781 -0.027284 0.041132
-0.998781 -0.040948 0.027559
-0.957444 -0.239441 0.161148
-0.890308 -0.377770 0.254246
-0.890309 -0.251717 0.379459
-0.890309 -0.251717 0.379459
-0.957444 -0.159545 0.240512
-0.957444 -0.239441 0.161148
0.000644 -0.829609 0.558344
0.000645 -0.829610 0.558343
0.000645 -0.552791 0.833320
0.000645 -0.552791 0.833320
0.000645 -0.552791 0.833320
0.000644 -0.829609 0.558344
0.936068 -0.291873 0.196436
0.978726 -0.170213 0.114556
0.978726 -0.113417 0.170974
0.978726 -0.113417 0.170974
0.936067 -0.194483 0.293179
0.936068 -0.291873 0.196436
0.978726 -0.170213 0.114556
1.000000 -0.000001 -0.000000
0.978726 -0.113417 0.170974
-0.998781 -0.027284 0.041132
-0.998781 -0.009467 0.048442
-1.000000 0.000001 0.000000
-0.998781 -0.027284 0.041132
-0.957444 -0.159545 0.240512
-0.957444 -0.055361 0.283260
-0.957444 -0.055361 0.283260
-0.998781 -0.009467 0.048442
-0.998781 -0.027284 0.041132
-0.957444 -0.159545 0.240512
-0.890309 -0.251717 0.379459
-0.890308 -0.087344 0.446904
-0.890308 -0.087344 0.446904
-0.957444 -0.055361 0.283260
-0.957444 -0.159545 0.240512
0.000645 -0.552791 0.833320
0.000645 -0.552791 0.833320
0.000646 -0.191814 0.981431
0.000646 -0.191814 0.981431
0.000646 -0.191814 0.981431
0.000645 -0.552791 0.833320
0.936067 -0.194483 0.293179
0.978726 -0.113417 0.170974
0.978726 -0.039356 0.201362
0.978726 -0.039356 0.201362
0.936068 -0.067485 0.345287
0.936067 -0.194483 0.293179
0.978726 -0.113417 0.170974
1.000000 -0.000001 -0.000000
0.978726 -0.039356 0.201362
-1.000000 0.000001 0.000000
-0.998781 -0.009467 0.048442
-0.998781 0.009792 0.048378
-0.998781 -0.009467 0.048442
-0.957444 -0.055361 0.283260
-0.957444 0.057252 0.282883
-0.957444 0.057252 0.282883
-0.998781 0.009792 0.048378
-0.998781 -0.009467 0.048442
-0.957444 -0.055361 0.283260
-0.890308 -0.087344 0.446904
-0.890308 0.090327 0.446310
-0.890308 0.090327 0.446310
-0.957444 0.057252 0.282883
-0.957444 -0.055361 0.283260
0.000646 -0.191814 0.981431
0.000646 -0.191814 0.981431
0.000646 0.198364 0.980128
0.000646 0.198364 0.980128
0.000646 0.198364 0.980128
0.000646 -0.191814 0.981431
0.936068 -0.067485 0.345287
0.978726 -0.039356 0.201362
0.978726 0.040698 0.201095
0.978726 0.040698 0.201095
0.936067 0.069789 0.344830
0.936068 -0.067485 0.345287
0.978726 -0.039356 0.201362
1.000000 -0.000001 -0.000000
0.978726 0.040698 0.201095
-0.998781 0.009792 0.048378
-0.998781 0.027560 0.040949
-1.000000 0.000001 0.000000
-0.998781 0.009792 0.048378
-0.957444 0.057252 0.282883
-0.957444 0.161149 0.239441
-0.957444 0.161149 0.239441
-0.998781 0.027560 0.040949
-0.998781 0.009792 0.048378
-0.957444 0.057252 0.282883
-0.890308 0.090327 0.446310
-0.890308 0.254247 0.377770
-0.890308 0.254247 0.377770
-0.957444 0.161149 0.239441
-0.957444 0.057252 0.282883
0.000646 0.198364 0.980128
0.000646 0.198364 0.980128
0.000646 0.558344 0.829609
0.000646 0.558344 0.829609
0.000647 0.558343 0.829610
0.000646 0.198364 0.980128
0.936067 0.069789 0.344830
0.978726 0.040698 0.201095
0.978726 0.114556 0.170212
0.978726 0.114556 0.170212
0.936068 0.196436 0.291873
0.936067 0.069789 0.344830
0.978726 0.040698 0.201095
1.000000 -0.000001 -0.000000
0.978726 0.114556 0.170212
-1.000000 0.000001 0.000000
-0.998781 0.027560 0.040949
-0.998781 0.041132 0.027285
-0.998781 0.027560 0.040949
-0.957444 0.161149 0.239441
-0.957444 0.240513 0.159546
-0.957444 0.240513 0.159546
-0.998781 0.041132 0.027285
-0.998781 0.027560 0.040949
-0.957444 0.161149 0.239441
-0.890308 0.254247 0.377770
-0.890308 0.379460 0.251718
-0.890308 0.379460 0.251718
-0.957444 0.240513 0.159546
-0.957444 0.161149 0.239441
0.000647 0.558343 0.829610
0.000646 0.558344 0.829609
0.000648 0.833320 0.552790
0.000648 0.833320 0.552790
0.000648 0.833320 0.552790
0.000647 0.558343 0.829610
0.936068 0.196436 0.291873
0.978726 0.114556 0.170212
0.978726 0.170973 0.113417
0.978726 0.170973 0.113417
0.936068 0.293179 0.194483
0.936068 0.196436 0.291873
0.978726 0.114556 0.170212
1.000000 -0.000001 -0.000000
0.978726 0.170973 0.113417
-0.998781 0.041132 0.027285
-0.998781 0.048443 0.009468
-1.000000 0.000001 0.000000
-0.998781 0.041132 0.027285
-0.957444 0.240513 0.159546
-0.957444 0.283261 0.055361
-0.957444 0.283261 0.055361
-0.998781 0.048443 0.009468
-0.998781 0.041132 0.027285
-0.957444 0.240513 0.159546
-0.890308 0.379460 0.251718
-0.890307 0.446906 0.087345
-0.890307 0.446906 0.087345
-0.957444 0.283261 0.055361
-0.957444 0.240513 0.159546
0.000648 0.833320 0.552790
0.000648 0.833320 0.552790
0.000648 0.981431 0.191814
0.000648 0.981431 0.191814
0.000648 0.981431 0.191814
0.000648 0.833320 0.552790
0.936068 0.293179 0.194483
0.978726 0.170973 0.113417
0.978726 0.201361 0.039355
0.978726 0.201361 0.039355
0.936068 0.345287 0.067484
0.936068 0.293179 0.194483
0.978726 0.170973 0.113417
1.000000 -0.000001 -0.000000
0.978726 0.201361 0.039355
-1.000000 0.000001 0.000000
-0.998781 0.048443 0.009468
-0.998781 0.048379 -0.009791
-0.998781 0.048443 0.009468
-0.957444 0.283261 0.055361
-0.957444 0.282883 -0.057252
-0.957444 0.282883 -0.057252
-0.998781 0.048379 -0.009791
-0.998781 0.048443 0.009468
-0.957444 0.283261 0.055361
-0.890307 0.446906 0.087345
-0.890308 0.446310 -0.090327
-0.890308 0.446310 -0.090327
-0.957444 0.282883 -0.057252
-0.957444 0.283261 0.055361
0.000648 0.981431 0.191814
0.000648 0.981431 0.191814
0.000648 0.980128 -0.198363
0.000648 0.980128 -0.198363
0.000648 0.980128 -0.198363
0.000648 0.981431 0.191814
0.936068 0.345287 0.067484
0.978726 0.201361 0.039355
0.978726 0.201094 -0.040699
0.978726 0.201094 -0.040699
0.936068 0.344828 -0.069789
0.936068 0.345287 0.067484
0.978726 0.201361 0.039355
1.000000 -0.000001 -0.000000
0.978726 0.201094 -0.040699
-0.998781 0.048379 -0.009791
-0.998781 0.040949 -0.027559
-1.000000 0.000001 0.000000
-0.998781 0.048379 -0.009791
-0.957444 0.282883 -0.057252
-0.957444 0.239441 -0.161149
-0.957444 0.239441 -0.161149
-0.998781 0.040949 -0.027559
-0.998781 0.048379 -0.009791
-0.957444 0.282883 -0.057252
-0.890308 0.446310 -0.090327
-0.890308 0.377770 -0.254247
-0.890308 0.377770 -0.254247
-0.957444 0.239441 -0.161149
-0.957444 0.282883 -0.057252
0.000648 0.980128 -0.198363
0.000648 0.980128 -0.198363
0.000647 0.829609 -0.558344
0.000647 0.829609 -0.558344
0.000647 0.829609 -0.558345
0.000648 0.980128 -0.198363
0.936068 0.344828 -0.069789
0.978726 0.201094 -0.040699
0.978726 0.170211 -0.114556
0.978726 0.170211 -0.114556
0.936068 0.291872 -0.196436
0.936068 0.344828 -0.069789
0.978726 0.201094 -0.040699
1.000000 -0.000001 -0.000000
0.978726 0.170211 -0.114556
-0.998781 0.040949 -0.027559
-0.998781 0.027286 -0.041132
-1.000000 0.000001 0.000000
-0.998781 0.040949 -0.027559
-0.957444 0.239441 -0.161149
-0.957444 0.159547 -0.240513
-0.957444 0.159547 -0.240513
-0.998781 0.027286 -0.041132
-0.998781 0.040949 -0.027559
-0.957444 0.239441 -0.161149
-0.890308 0.377770 -0.254247
-0.890307 0.251719 -0.379461
-0.890307 0.251719 -0.379461
-0.957444 0.159547 -0.240513
-0.957444 0.239441 -0.161149
0.000647 0.829609 -0.558345
0.000647 0.829609 -0.558344
0.000646 0.552790 -0.833321
0.000646 0.552790 -0.833321
0.000646 0.552790 -0.833320
0.000647 0.829609 -0.558345
0.936068 0.291872 -0.196436
0.978726 0.170211 -0.114556
0.978726 0.113417 -0.170974
0.978726 0.113417 -0.170974
0.936067 0.194483 -0.293180
0.936068 0.291872 -0.196436
0.978726 0.170211 -0.114556
1.000000 -0.000001 -0.000000
0.978726 0.113417 -0.170974
-1.000000 0.000001 0.000000
-0.998781 0.027286 -0.041132
-0.998781 0.009469 -0.048443
-0.998781 0.027286 -0.041132
-0.957444 0.159547 -0.240513
-0.957444 0.055361 -0.283259
-0.957444 0.055361 -0.283259
-0.998781 0.009469 -0.048443
-0.998781 0.027286 -0.041132
-0.957444 0.159547 -0.240513
-0.890307 0.251719 -0.379461
-0.890308 0.087344 -0.446903
-0.890308 0.087344 -0.446903
-0.957444 0.055361 -0.283259
-0.957444 0.159547 -0.240513
0.000646 0.552790 -0.833320
0.000646 0.552790 -0.833321
0.000646 0.191814 -0.981431
0.000646 0.191814 -0.981431
0.000646 0.191814 -0.981431
0.000646 0.552790 -0.833320
0.936067 0.194483 -0.293180
0.978726 0.113417 -0.170974
0.978726 0.039354 -0.201362
0.978726 0.039354 -0.201362
0.936067 0.067484 -0.345288
0.936067 0.194483 -0.293180
0.978726 0.113417 -0.170974
1.000000 -0.000001 -0.000000
0.978726 0.039354 -0.201362
-0.998781 0.009469 -0.048443
-0.998781 -0.009790 -0.048378
-1.000000 0.000001 0.000000
-0.998781 0.009469 -0.048443
-0.957444 0.055361 -0.283259
-0.957444 -0.057251 -0.282884
-0.957444 -0.057251 -0.282884
-0.998781 -0.009790 -0.048378
-0.998781 0.009469 -0.048443
-0.957444 0.055361 -0.283259
-0.890308 0.087344 -0.446903
-0.890307 -0.090326 -0.446311
-0.890307 -0.090326 -0.446311
-0.957444 -0.057251 -0.282884
-0.957444 0.055361 -0.283259
0.000646 0.191814 -0.981431
0.000646 0.191814 -0.981431
0.000645 -0.198365 -0.980128
0.000645 -0.198365 -0.980128
0.000646 -0.198364 -0.980128
0.000646 0.191814 -0.981431
0.936067 0.067484 -0.345288
0.978726 0.039354 -0.201362
0.978726 -0.040699 -0.201095
0.978726 -0.040699 -0.201095
0.936067 -0.069789 -0.344829
0.936067 0.067484 -0.345288
0.978726 0.039354 -0.201362
1.000000 -0.000001 -0.000000
0.978726 -0.040699 -0.201095
-1.000000 0.000001 0.000000
-0.998781 -0.009790 -0.048378
-0.998781 -0.027559 -0.040949
-0.998781 -0.009790 -0.048378
-0.957444 -0.057251 -0.282884
-0.957444 -0.161148 -0.239441
-0.957444 -0.161148 -0.239441
-0.998781 -0.027559 -0.040949
-0.998781 -0.009790 -0.048378
-0.957444 -0.057251 -0.282884
-0.890307 -0.090326 -0.446311
-0.890308 -0.254246 -0.377770
-0.890308 -0.254246 -0.377770
-0.957444 -0.161148 -0.239441
-0.957444 -0.057251 -0.282884
0.000646 -0.198364 -0.980128
0.000645 -0.198365 -0.980128
0.000645 -0.558344 -0.829609
0.000645 -0.558344 -0.829609
0.000645 -0.558343 -0.829610
0.000646 -0.198364 -0.980128
0.936067 -0.069789 -0.344829
0.978726 -0.040699 -0.201095
0.978726 -0.114557 -0.170212
0.978726 -0.114557 -0.170212
0.936068 -0.196437 -0.291873
0.936067 -0.069789 -0.344829
0.978726 -0.040699 -0.201095
1.000000 -0.000001 -0.000000
0.978726 -0.114557 -0.170212
-0.998781 -0.027559 -0.040949
-0.998781 -0.041131 -0.027285
-1.000000 0.000001 0.000000
-0.998781 -0.027559 -0.040949
-0.957444 -0.161148 -0.239441
-0.957444 -0.240512 -0.159546
-0.957444 -0.240512 -0.159546
-0.998781 -0.041131 -0.027285
-0.998781 -0.027559 -0.040949
-0.957444 -0.161148 -0.239441
-0.890308 -0.254246 -0.377770
-0.890308 -0.379460 -0.251718
-0.890308 -0.379460 -0.251718
-0.957444 -0.240512 -0.159546
-0.957444 -0.161148 -0.239441
0.000645 -0.558343 -0.829610
0.000645 -0.558344 -0.829609
0.000645 -0.833320 -0.552790
0.000645 -0.833320 -0.552790
0.000644 -0.833320 -0.552790
0.000645 -0.558343 -0.829610
0.936068 -0.196437 -0.291873
0.978726 -0.114557 -0.170212
0.978726 -0.170974 -0.113417
0.978726 -0.170974 -0.113417
0.936068 -0.293178 -0.194482
0.936068 -0.196437 -0.291873
0.978726 -0.114557 -0.170212
1.000000 -0.000001 -0.000000
0.978726 -0.170974 -0.113417
-1.000000 0.000001 0.000000
-0.998781 -0.041131 -0.027285
-0.998781 -0.048442 -0.009468
-0.998781 -0.041131 -0.027285
-0.957444 -0.240512 -0.159546
-0.957444 -0.283260 -0.055361
-0.957444 -0.283260 -0.055361
-0.998781 -0.048442 -0.009468
-0.998781 -0.041131 -0.027285
-0.957444 -0.240512 -0.159546
-0.890308 -0.379460 -0.251718
-0.890308 -0.446904 -0.087345
-0.890308 -0.446904 -0.087345
-0.957444 -0.283260 -0.055361
-0.957444 -0.240512 -0.159546
0.000644 -0.833320 -0.552790
0.000645 -0.833320 -0.552790
0.000644 -0.981431 -0.191813
0.000644 -0.981431 -0.191813
0.000644 -0.981431 -0.191814
0.000644 -0.833320 -0.552790
0.936068 -0.293178 -0.194482
0.978726 -0.170974 -0.113417
0.978726 -0.201362 -0.039355
0.978726 -0.201362 -0.039355
0.936068 -0.345287 -0.067484
0.936068 -0.293178 -0.194482
0.978726 -0.170974 -0.113417
1.000000 -0.000001 -0.000000
0.978726 -0.201362 -0.039355
-0.998781 -0.048442 -0.009468
-0.998781 -0.048378 0.009791
-1.000000 0.000001 0.000000
-0.998781 -0.048442 -0.009468
-0.957444 -0.283260 -0.055361
-0.957444 -0.282883 0.057252
-0.957444 -0.282883 0.057252
-0.998781 -0.048378 0.009791
-0.998781 -0.048442 -0.009468
-0.957444 -0.283260 -0.055361
-0.890308 -0.446904 -0.087345
-0.890309 -0.446309 0.090327
-0.890309 -0.446309 0.090327
-0.957444 -0.282883 0.057252
-0.957444 -0.283260 -0.055361
0.000644 -0.981431 -0.191814
0.000644 -0.981431 -0.191813
0.000646 -0.980128 0.198364
0.000646 -0.980128 0.198364
0.000646 -0.980128 0.198364
0.000644 -0.981431 -0.191814
0.936068 -0.345287 -0.067484
0.978726 -0.201362 -0.039355
0.978726 -0.201095 0.040699
0.978726 -0.201095 0.040699
0.936068 -0.344829 0.069789
0.936068 -0.345287 -0.067484
0.978726 -0.201362 -0.039355
1.000000 -0.000001 -0.000000
0.978726 -0.201095 0.040699
</float_array>
          <technique_common>
            <accessor source="#wheels_spin_steer001-Normal0-array" count="480" stride="3">
              <param name="X" type="float"/>
              <param name="Y" type="float"/>
              <param name="Z" type="float"/>
            </accessor>
          </technique_common>
        </source>
        <source id="wheels_spin_steer001-UV0">
          <float_array id="wheels_spin_steer001-UV0-array" count="232">
0.295033 0.486544
0.166325 0.494242
0.173036 0.592168
0.110346 0.496959
0.124281 0.637816
0.078398 0.496959
0.094765 0.662397
0.799276 -0.900663
0.673485 -0.900619
0.673485 -0.725030
0.799276 -0.725030
0.081775 0.501720
0.127040 0.501720
0.139793 0.631934
0.097972 0.667117
0.295139 0.486312
0.199939 0.678114
0.163967 0.757229
0.141376 0.802649
0.673485 -0.549397
0.799276 -0.549397
0.176108 0.742323
0.144100 0.807334
0.242686 0.742449
0.223360 0.837018
0.211134 0.896362
0.673485 -0.373765
0.799276 -0.373765
0.230458 0.816083
0.213135 0.901024
0.293110 0.762615
0.293419 0.865037
0.293419 0.929270
0.673485 -0.198133
0.799276 -0.198133
0.294568 0.841984
0.294568 0.933923
0.345194 0.745904
0.363478 0.837018
0.375704 0.896362
0.673485 -0.022501
0.799276 -0.022501
0.358678 0.816083
0.376000 0.901024
0.386281 0.681568
0.422871 0.757229
0.445462 0.802648
0.673485 0.153132
0.799276 0.153132
0.413028 0.742323
0.445035 0.807334
0.416504 0.585260
0.462556 0.637816
0.492073 0.662397
0.673485 0.328765
0.799276 0.328765
0.449343 0.631933
0.491163 0.667117
0.426534 0.494242
0.476492 0.496959
0.508440 0.496959
0.673485 0.504398
0.799276 0.504398
0.462095 0.501720
0.507361 0.501720
0.416504 0.382500
0.462556 0.356101
0.492073 0.331520
0.673485 0.680029
0.799276 0.680029
0.449343 0.371506
0.491163 0.336323
0.387941 0.296555
0.422871 0.236688
0.445462 0.191268
0.673485 0.855662
0.799276 0.855662
0.411074 0.262656
0.445035 0.196106
0.345194 0.239127
0.363478 0.156899
0.375704 0.097555
0.673485 1.031294
0.799276 1.031294
0.358678 0.187357
0.376000 0.102416
0.294770 0.218962
0.293419 0.128880
0.293419 0.071556
0.673485 1.206927
0.799276 1.206927
0.294568 0.161456
0.294568 0.076425
0.244346 0.239128
0.223360 0.156899
0.211134 0.097555
0.673485 1.382559
0.799276 1.382559
0.230458 0.187357
0.213135 0.102417
0.198279 0.303463
0.163967 0.236688
0.141376 0.191269
0.673485 1.558190
0.799276 1.558190
0.176108 0.261117
0.144100 0.196106
0.173036 0.392863
0.124281 0.356101
0.094765 0.331520
0.673485 1.733823
0.799276 1.733823
0.139793 0.371506
0.097972 0.336323
0.673485 1.909456
0.799276 1.909456
</float_array>
          <technique_common>
            <accessor source="#wheels_spin_steer001-UV0-array" count="116" stride="2">
              <param name="S" type="float"/>
              <param name="T" type="float"/>
            </accessor>
          </technique_common>
        </source>
        <vertices id="wheels_spin_steer001-VERTEX">
          <input semantic="POSITION" source="#wheels_spin_steer001-POSITION"/>
        </vertices>
        <triangles count="160" material="tire7"><input semantic="VERTEX" offset="0" source="#wheels_spin_steer001-VERTEX"/><input semantic="NORMAL" offset="1" source="#wheels_spin_steer001-Normal0"/><input semantic="TEXCOORD" offset="2" set="0" source="#wheels_spin_steer001-UV0"/><p> 0 0 0 1 1 1 2 2 2 1 3 1 3 4 3 4 5 4 4 6 4 2 7 2 1 8 1 3 9 3 5 10 5 6 11 6 6 12 6 4 13 4 3 14 3 7 15 7 8 16 8 9 17 9 9 18 9 10 19 10 7 20 7 11 21 11 12 22 12 13 23 13 13 24 13 14 25 14 11 26 11 12 27 12 15 28 15 13 29 13 0 30 0 2 31 2 16 32 16 2 33 2 4 34 4 17 35 17 17 36 17 16 37 16 2 38 2 4 39 4 6 40 6 18 41 18 18 42 18 17 43 17 4 44 4 10 45 10 9 46 9 19 47 19 19 48 19 20 49 20 10 50 10 14 51 14 13 52 13 21 53 21 21 54 21 22 55 22 14 56 14 13 57 13 15 58 15 21 59 21 16 60 16 23 61 23 0 62 0 16 63 16 17 64 17 24 65 24 24 66 24 23 67 23 16 68 16 17 69 17 18 70 18 25 71 25 25 72 25 24 73 24 17 74 17 20 75 20 19 76 19 26 77 26 26 78 26 27 79 27 20 80 20 22 81 22 21 82 21 28 83 28 28 84 28 29 85 29 22 86 22 21 87 21 15 88 15 28 89 28 0 90 0 23 91 23 30 92 30 23 93 23 24 94 24 31 95 31 31 96 31 30 97 30 23 98 23 24 99 24 25 100 25 32 101 32 32 102 32 31 103 31 24 104 24 27 105 27 26 106 26 33 107 33 33 108 33 34 109 34 27 110 27 29 111 29 28 112 28 35 113 35 35 114 35 36 115 36 29 116 29 28 117 28 15 118 15 35 119 35 30 120 30 37 121 37 0 122 0 30 123 30 31 124 31 38 125 38 38 126 38 37 127 37 30 128 30 31 129 31 32 130 32 39 131 39 39 132 39 38 133 38 31 134 31 34 135 34 33 136 33 40 137 40 40 138 40 41 139 41 34 140 34 36 141 36 35 142 35 42 143 42 42 144 42 43 145 43 36 146 36 35 147 35 15 148 15 42 149 42 0 150 0 37 151 37 44 152 44 37 153 37 38 154 38 45 155 45 45 156 45 44 157 44 37 158 37 38 159 38 39 160 39 46 161 46 46 162 46 45 163 45 38 164 38 41 165 41 40 166 40 47 167 47 47 168 47 48 169 48 41 170 41 43 171 43 42 172 42 49 173 49 49 174 49 50 175 50 43 176 43 42 177 42 15 178 15 49 179 49 44 180 44 51 181 51 0 182 0 44 183 44 45 184 45 52 185 52 52 186 52 51 187 51 44 188 44 45 189 45 46 190 46 53 191 53 53 192 53 52 193 52 45 194 45 48 195 48 47 196 47 54 197 54 54 198 54 55 199 55 48 200 48 50 201 50 49 202 49 56 203 56 56 204 56 57 205 57 50 206 50 49 207 49 15 208 15 56 209 56 0 210 0 51 211 51 58 212 58 51 213 51 52 214 52 59 215 59 59 216 59 58 217 58 51 218 51 52 219 52 53 220 53 60 221 60 60 222 60 59 223 59 52 224 52 55 225 55 54 226 54 61 227 61 61 228 61 62 229 62 55 230 55 57 231 57 56 232 56 63 233 63 63 234 63 64 235 64 57 236 57 56 237 56 15 238 15 63 239 63 58 240 58 65 241 65 0 242 0 58 243 58 59 244 59 66 245 66 66 246 66 65 247 65 58 248 58 59 249 59 60 250 60 67 251 67 67 252 67 66 253 66 59 254 59 62 255 62 61 256 61 68 257 68 68 258 68 69 259 69 62 260 62 64 261 64 63 262 63 70 263 70 70 264 70 71 265 71 64 266 64 63 267 63 15 268 15 70 269 70 65 270 65 72 271 72 0 272 0 65 273 65 66 274 66 73 275 73 73 276 73 72 277 72 65 278 65 66 279 66 67 280 67 74 281 74 74 282 74 73 283 73 66 284 66 69 285 69 68 286 68 75 287 75 75 288 75 76 289 76 69 290 69 71 291 71 70 292 70 77 293 77 77 294 77 78 295 78 71 296 71 70 297 70 15 298 15 77 299 77 0 300 0 72 301 72 79 302 79 72 303 72 73 304 73 80 305 80 80 306 80 79 307 79 72 308 72 73 309 73 74 310 74 81 311 81 81 312 81 80 313 80 73 314 73 76 315 76 75 316 75 82 317 82 82 318 82 83 319 83 76 320 76 78 321 78 77 322 77 84 323 84 84 324 84 85 325 85 78 326 78 77 327 77 15 328 15 84 329 84 79 330 79 86 331 86 0 332 0 79 333 79 80 334 80 87 335 87 87 336 87 86 337 86 79 338 79 80 339 80 81 340 81 88 341 88 88 342 88 87 343 87 80 344 80 83 345 83 82 346 82 89 347 89 89 348 89 90 349 90 83 350 83 85 351 85 84 352 84 91 353 91 91 354 91 92 355 92 85 356 85 84 357 84 15 358 15 91 359 91 0 360 0 86 361 86 93 362 93 86 363 86 87 364 87 94 365 94 94 366 94 93 367 93 86 368 86 87 369 87 88 370 88 95 371 95 95 372 95 94 373 94 87 374 87 90 375 90 89 376 89 96 377 96 96 378 96 97 379 97 90 380 90 92 381 92 91 382 91 98 383 98 98 384 98 99 385 99 92 386 92 91 387 91 15 388 15 98 389 98 93 390 93 100 391 100 0 392 0 93 393 93 94 394 94 101 395 101 101 396 101 100 397 100 93 398 93 94 399 94 95 400 95 102 401 102 102 402 102 101 403 101 94 404 94 97 405 97 96 406 96 103 407 103 103 408 103 104 409 104 97 410 97 99 411 99 98 412 98 105 413 105 105 414 105 106 415 106 99 416 99 98 417 98 15 418 15 105 419 105 0 420 0 100 421 100 107 422 107 100 423 100 101 424 101 108 425 108 108 426 108 107 427 107 100 428 100 101 429 101 102 430 102 109 431 109 109 432 109 108 433 108 101 434 101 104 435 104 103 436 103 110 437 110 110 438 110 111 439 111 104 440 104 106 441 106 105 442 105 112 443 112 112 444 112 113 445 113 106 446 106 105 447 105 15 448 15 112 449 112 107 450 107 1 451 1 0 452 0 107 453 107 108 454 108 3 455 3 3 456 3 1 457 1 107 458 107 108 459 108 109 460 109 5 461 5 5 462 5 3 463 3 108 464 108 111 465 111 110 466 110 114 467 114 114 468 114 115 469 115 111 470 111 113 471 113 112 472 112 12 473 12 12 474 12 11 475 11 113 476 113 112 477 112 15 478 15 12 479 12</p></triangles>
      </mesh>
    </geometry>
    <geometry id="wheels_spin002-lib" name="wheels_spin002Mesh">
      <mesh>
        <source id="wheels_spin002-POSITION">
          <float_array id="wheels_spin002-POSITION-array" count="348">
0.184981 -0.000000 -0.000000
0.174743 -0.282927 0.190415
0.174743 -0.334259 0.067649
0.162212 -0.444019 0.298833
0.162212 -0.524578 0.106167
0.114441 -0.521505 0.350982
0.114441 -0.616122 0.124694
0.114441 -0.616122 0.124694
0.114441 -0.521505 0.350982
-0.129047 -0.521374 0.350895
-0.129047 -0.615968 0.124663
-0.129047 -0.615968 0.124663
-0.129047 -0.521374 0.350895
-0.179293 -0.410466 0.276252
-0.179293 -0.484938 0.098145
-0.184981 0.000000 -0.000000
0.174743 -0.188522 0.284192
0.162212 -0.295861 0.446004
0.114441 -0.347492 0.523837
0.114441 -0.347492 0.523837
-0.129047 -0.347404 0.523705
-0.129047 -0.347404 0.523705
-0.179293 -0.273504 0.412302
0.174743 -0.065416 0.334703
0.162211 -0.102661 0.525275
0.114441 -0.120577 0.616941
0.114441 -0.120577 0.616941
-0.129047 -0.120547 0.616787
-0.129047 -0.120547 0.616787
-0.179293 -0.094904 0.485583
0.174743 0.067649 0.334259
0.162211 0.106167 0.524578
0.114441 0.124695 0.616122
0.114441 0.124695 0.616122
-0.129048 0.124663 0.615968
-0.129048 0.124663 0.615968
-0.179294 0.098145 0.484938
0.174743 0.190416 0.282927
0.162211 0.298833 0.444018
0.114441 0.350983 0.521504
0.114441 0.350983 0.521504
-0.129048 0.350895 0.521373
-0.129048 0.350895 0.521373
-0.179294 0.276252 0.410466
0.174743 0.284192 0.188521
0.162211 0.446005 0.295861
0.114441 0.523836 0.347492
0.114441 0.523836 0.347492
-0.129048 0.523705 0.347405
-0.129048 0.523705 0.347405
-0.179293 0.412302 0.273504
0.174743 0.334703 0.065415
0.162211 0.525276 0.102661
0.114441 0.616941 0.120577
0.114441 0.616941 0.120577
-0.129048 0.616787 0.120547
-0.129048 0.616787 0.120547
-0.179294 0.485583 0.094904
0.174743 0.334259 -0.067650
0.162211 0.524578 -0.106167
0.114441 0.616122 -0.124695
0.114441 0.616122 -0.124695
-0.129048 0.615968 -0.124663
-0.129048 0.615968 -0.124663
-0.179294 0.484938 -0.098145
0.174743 0.282927 -0.190415
0.162211 0.444019 -0.298833
0.114441 0.521504 -0.350983
0.114441 0.521504 -0.350983
-0.129048 0.521374 -0.350895
-0.129048 0.521374 -0.350895
-0.179293 0.410466 -0.276252
0.174743 0.188522 -0.284192
0.162211 0.295861 -0.446005
0.114441 0.347492 -0.523837
0.114441 0.347492 -0.523837
-0.129048 0.347405 -0.523705
-0.129048 0.347405 -0.523705
-0.179294 0.273504 -0.412302
0.174743 0.065416 -0.334704
0.162211 0.102662 -0.525276
0.114441 0.120577 -0.616941
0.114441 0.120577 -0.616941
-0.129048 0.120547 -0.616787
-0.129048 0.120547 -0.616787
-0.179294 0.094904 -0.485583
0.174743 -0.067649 -0.334259
0.162211 -0.106168 -0.524578
0.114441 -0.124695 -0.616122
0.114441 -0.124695 -0.616122
-0.129047 -0.124663 -0.615968
-0.129047 -0.124663 -0.615968
-0.179293 -0.098145 -0.484938
0.174743 -0.190416 -0.282927
0.162212 -0.298833 -0.444019
0.114441 -0.350982 -0.521504
0.114441 -0.350982 -0.521504
-0.129047 -0.350895 -0.521374
-0.129047 -0.350895 -0.521374
-0.179293 -0.276252 -0.410466
0.174743 -0.284192 -0.188522
0.162212 -0.446005 -0.295861
0.114441 -0.523837 -0.347492
0.114441 -0.523837 -0.347492
-0.129047 -0.523705 -0.347405
-0.129047 -0.523705 -0.347405
-0.179293 -0.412302 -0.273504
0.174743 -0.334704 -0.065416
0.162212 -0.525275 -0.102662
0.114441 -0.616941 -0.120577
0.114441 -0.616941 -0.120577
-0.129047 -0.616786 -0.120547
-0.129047 -0.616786 -0.120547
-0.179293 -0.485583 -0.094904
0.114441 -0.616122 0.124694
-0.129047 -0.615968 0.124663
</float_array>
          <technique_common>
            <accessor source="#wheels_spin002-POSITION-array" count="116" stride="3">
              <param name="X" type="float"/>
              <param name="Y" type="float"/>
              <param name="Z" type="float"/>
            </accessor>
          </technique_common>
        </source>
        <source id="wheels_spin002-Normal0">
          <float_array id="wheels_spin002-Normal0-array" count="1440">
1.000000 0.000000 0.000000
0.998781 -0.040949 0.027559
0.998781 -0.048378 0.009791
0.998781 -0.048378 0.009791
0.998781 -0.040949 0.027559
0.957444 -0.239440 0.161148
0.957444 -0.239440 0.161148
0.957444 -0.282884 0.057251
0.998781 -0.048378 0.009791
0.957444 -0.282884 0.057251
0.957444 -0.239440 0.161148
0.890308 -0.377769 0.254246
0.890308 -0.377769 0.254246
0.890308 -0.446311 0.090326
0.957444 -0.282884 0.057251
-0.000645 -0.980128 0.198365
-0.000648 -0.829610 0.558343
-0.000647 -0.829610 0.558343
-0.000647 -0.829610 0.558343
-0.000645 -0.980128 0.198365
-0.000645 -0.980128 0.198365
-0.936067 -0.344829 0.069788
-0.936067 -0.291874 0.196437
-0.978726 -0.170213 0.114556
-0.978726 -0.170213 0.114556
-0.978726 -0.201095 0.040699
-0.936067 -0.344829 0.069788
-0.978726 -0.201095 0.040699
-0.978726 -0.170213 0.114556
-1.000000 -0.000000 -0.000000
1.000000 0.000000 0.000000
0.998781 -0.027285 0.041132
0.998781 -0.040949 0.027559
0.998781 -0.040949 0.027559
0.998781 -0.027285 0.041132
0.957444 -0.159545 0.240512
0.957444 -0.159545 0.240512
0.957444 -0.239440 0.161148
0.998781 -0.040949 0.027559
0.957444 -0.239440 0.161148
0.957444 -0.159545 0.240512
0.890308 -0.251717 0.379460
0.890308 -0.251717 0.379460
0.890308 -0.377769 0.254246
0.957444 -0.239440 0.161148
-0.000648 -0.829610 0.558343
-0.000646 -0.552790 0.833320
-0.000647 -0.552790 0.833320
-0.000647 -0.552790 0.833320
-0.000647 -0.829610 0.558343
-0.000648 -0.829610 0.558343
-0.936067 -0.291874 0.196437
-0.936067 -0.194483 0.293180
-0.978726 -0.113417 0.170974
-0.978726 -0.113417 0.170974
-0.978726 -0.170213 0.114556
-0.936067 -0.291874 0.196437
-0.978726 -0.170213 0.114556
-0.978726 -0.113417 0.170974
-1.000000 -0.000000 -0.000000
0.998781 -0.027285 0.041132
1.000000 0.000000 0.000000
0.998781 -0.009468 0.048443
0.998781 -0.027285 0.041132
0.998781 -0.009468 0.048443
0.957444 -0.055361 0.283260
0.957444 -0.055361 0.283260
0.957444 -0.159545 0.240512
0.998781 -0.027285 0.041132
0.957444 -0.159545 0.240512
0.957444 -0.055361 0.283260
0.890308 -0.087344 0.446904
0.890308 -0.087344 0.446904
0.890308 -0.251717 0.379460
0.957444 -0.159545 0.240512
-0.000646 -0.552790 0.833320
-0.000646 -0.191814 0.981431
-0.000646 -0.191815 0.981431
-0.000646 -0.191815 0.981431
-0.000647 -0.552790 0.833320
-0.000646 -0.552790 0.833320
-0.936067 -0.194483 0.293180
-0.936068 -0.067485 0.345287
-0.978726 -0.039355 0.201362
-0.978726 -0.039355 0.201362
-0.978726 -0.113417 0.170974
-0.936067 -0.194483 0.293180
-0.978726 -0.113417 0.170974
-0.978726 -0.039355 0.201362
-1.000000 -0.000000 -0.000000
1.000000 0.000000 0.000000
0.998781 0.009791 0.048378
0.998781 -0.009468 0.048443
0.998781 -0.009468 0.048443
0.998781 0.009791 0.048378
0.957444 0.057251 0.282884
0.957444 0.057251 0.282884
0.957444 -0.055361 0.283260
0.998781 -0.009468 0.048443
0.957444 -0.055361 0.283260
0.957444 0.057251 0.282884
0.890308 0.090327 0.446310
0.890308 0.090327 0.446310
0.890308 -0.087344 0.446904
0.957444 -0.055361 0.283260
-0.000646 -0.191814 0.981431
-0.000647 0.198364 0.980128
-0.000647 0.198364 0.980128
-0.000647 0.198364 0.980128
-0.000646 -0.191815 0.981431
-0.000646 -0.191814 0.981431
-0.936068 -0.067485 0.345287
-0.936067 0.069788 0.344830
-0.978726 0.040698 0.201095
-0.978726 0.040698 0.201095
-0.978726 -0.039355 0.201362
-0.936068 -0.067485 0.345287
-0.978726 -0.039355 0.201362
-0.978726 0.040698 0.201095
-1.000000 -0.000000 -0.000000
0.998781 0.009791 0.048378
1.000000 0.000000 0.000000
0.998781 0.027560 0.040949
0.998781 0.009791 0.048378
0.998781 0.027560 0.040949
0.957444 0.161149 0.239440
0.957444 0.161149 0.239440
0.957444 0.057251 0.282884
0.998781 0.009791 0.048378
0.957444 0.057251 0.282884
0.957444 0.161149 0.239440
0.890309 0.254247 0.377769
0.890309 0.254247 0.377769
0.890308 0.090327 0.446310
0.957444 0.057251 0.282884
-0.000647 0.198364 0.980128
-0.000647 0.558344 0.829609
-0.000647 0.558344 0.829609
-0.000647 0.558344 0.829609
-0.000647 0.198364 0.980128
-0.000647 0.198364 0.980128
-0.936067 0.069788 0.344830
-0.936067 0.196437 0.291874
-0.978726 0.114557 0.170212
-0.978726 0.114557 0.170212
-0.978726 0.040698 0.201095
-0.936067 0.069788 0.344830
-0.978726 0.040698 0.201095
-0.978726 0.114557 0.170212
-1.000000 -0.000000 -0.000000
1.000000 0.000000 0.000000
0.998781 0.041132 0.027285
0.998781 0.027560 0.040949
0.998781 0.027560 0.040949
0.998781 0.041132 0.027285
0.957444 0.240513 0.159547
0.957444 0.240513 0.159547
0.957444 0.161149 0.239440
0.998781 0.027560 0.040949
0.957444 0.161149 0.239440
0.957444 0.240513 0.159547
0.890307 0.379461 0.251719
0.890307 0.379461 0.251719
0.890309 0.254247 0.377769
0.957444 0.161149 0.239440
-0.000647 0.558344 0.829609
-0.000647 0.833320 0.552790
-0.000647 0.833320 0.552790
-0.000647 0.833320 0.552790
-0.000647 0.558344 0.829609
-0.000647 0.558344 0.829609
-0.936067 0.196437 0.291874
-0.936068 0.293179 0.194483
-0.978726 0.170974 0.113417
-0.978726 0.170974 0.113417
-0.978726 0.114557 0.170212
-0.936067 0.196437 0.291874
-0.978726 0.114557 0.170212
-0.978726 0.170974 0.113417
-1.000000 -0.000000 -0.000000
0.998781 0.041132 0.027285
1.000000 0.000000 0.000000
0.998781 0.048443 0.009468
0.998781 0.041132 0.027285
0.998781 0.048443 0.009468
0.957444 0.283261 0.055361
0.957444 0.283261 0.055361
0.957444 0.240513 0.159547
0.998781 0.041132 0.027285
0.957444 0.240513 0.159547
0.957444 0.283261 0.055361
0.890307 0.446905 0.087345
0.890307 0.446905 0.087345
0.890307 0.379461 0.251719
0.957444 0.240513 0.159547
-0.000647 0.833320 0.552790
-0.000647 0.981431 0.191814
-0.000647 0.981431 0.191814
-0.000647 0.981431 0.191814
-0.000647 0.833320 0.552790
-0.000647 0.833320 0.552790
-0.936068 0.293179 0.194483
-0.936067 0.345288 0.067484
-0.978726 0.201362 0.039355
-0.978726 0.201362 0.039355
-0.978726 0.170974 0.113417
-0.936068 0.293179 0.194483
-0.978726 0.170974 0.113417
-0.978726 0.201362 0.039355
-1.000000 -0.000000 -0.000000
1.000000 0.000000 0.000000
0.998781 0.048379 -0.009791
0.998781 0.048443 0.009468
0.998781 0.048443 0.009468
0.998781 0.048379 -0.009791
0.957444 0.282884 -0.057252
0.957444 0.282884 -0.057252
0.957444 0.283261 0.055361
0.998781 0.048443 0.009468
0.957444 0.283261 0.055361
0.957444 0.282884 -0.057252
0.890307 0.446311 -0.090327
0.890307 0.446311 -0.090327
0.890307 0.446905 0.087345
0.957444 0.283261 0.055361
-0.000647 0.981431 0.191814
-0.000647 0.980128 -0.198364
-0.000647 0.980128 -0.198364
-0.000647 0.980128 -0.198364
-0.000647 0.981431 0.191814
-0.000647 0.981431 0.191814
-0.936067 0.345288 0.067484
-0.936067 0.344829 -0.069789
-0.978726 0.201095 -0.040699
-0.978726 0.201095 -0.040699
-0.978726 0.201362 0.039355
-0.936067 0.345288 0.067484
-0.978726 0.201362 0.039355
-0.978726 0.201095 -0.040699
-1.000000 -0.000000 -0.000000
0.998781 0.048379 -0.009791
1.000000 0.000000 0.000000
0.998781 0.040949 -0.027560
0.998781 0.048379 -0.009791
0.998781 0.040949 -0.027560
0.957444 0.239440 -0.161148
0.957444 0.239440 -0.161148
0.957444 0.282884 -0.057252
0.998781 0.048379 -0.009791
0.957444 0.282884 -0.057252
0.957444 0.239440 -0.161148
0.890309 0.377769 -0.254246
0.890309 0.377769 -0.254246
0.890307 0.446311 -0.090327
0.957444 0.282884 -0.057252
-0.000647 0.980128 -0.198364
-0.000647 0.829609 -0.558344
-0.000647 0.829609 -0.558344
-0.000647 0.829609 -0.558344
-0.000647 0.980128 -0.198364
-0.000647 0.980128 -0.198364
-0.936067 0.344829 -0.069789
-0.936068 0.291873 -0.196436
-0.978726 0.170212 -0.114556
-0.978726 0.170212 -0.114556
-0.978726 0.201095 -0.040699
-0.936067 0.344829 -0.069789
-0.978726 0.201095 -0.040699
-0.978726 0.170212 -0.114556
-1.000000 -0.000000 -0.000000
0.998781 0.040949 -0.027560
1.000000 0.000000 0.000000
0.998781 0.027286 -0.041132
0.998781 0.040949 -0.027560
0.998781 0.027286 -0.041132
0.957444 0.159545 -0.240512
0.957444 0.159545 -0.240512
0.957444 0.239440 -0.161148
0.998781 0.040949 -0.027560
0.957444 0.239440 -0.161148
0.957444 0.159545 -0.240512
0.890309 0.251717 -0.379459
0.890309 0.251717 -0.379459
0.890309 0.377769 -0.254246
0.957444 0.239440 -0.161148
-0.000647 0.829609 -0.558344
-0.000647 0.552790 -0.833320
-0.000647 0.552790 -0.833320
-0.000647 0.552790 -0.833320
-0.000647 0.829609 -0.558344
-0.000647 0.829609 -0.558344
-0.936068 0.291873 -0.196436
-0.936067 0.194483 -0.293180
-0.978726 0.113417 -0.170974
-0.978726 0.113417 -0.170974
-0.978726 0.170212 -0.114556
-0.936068 0.291873 -0.196436
-0.978726 0.170212 -0.114556
-0.978726 0.113417 -0.170974
-1.000000 -0.000000 -0.000000
1.000000 0.000000 0.000000
0.998781 0.009468 -0.048443
0.998781 0.027286 -0.041132
0.998781 0.027286 -0.041132
0.998781 0.009468 -0.048443
0.957444 0.055362 -0.283260
0.957444 0.055362 -0.283260
0.957444 0.159545 -0.240512
0.998781 0.027286 -0.041132
0.957444 0.159545 -0.240512
0.957444 0.055362 -0.283260
0.890308 0.087345 -0.446904
0.890308 0.087345 -0.446904
0.890309 0.251717 -0.379459
0.957444 0.159545 -0.240512
-0.000647 0.552790 -0.833320
-0.000646 0.191814 -0.981431
-0.000646 0.191814 -0.981431
-0.000646 0.191814 -0.981431
-0.000647 0.552790 -0.833320
-0.000647 0.552790 -0.833320
-0.936067 0.194483 -0.293180
-0.936067 0.067484 -0.345289
-0.978726 0.039354 -0.201363
-0.978726 0.039354 -0.201363
-0.978726 0.113417 -0.170974
-0.936067 0.194483 -0.293180
-0.978726 0.113417 -0.170974
-0.978726 0.039354 -0.201363
-1.000000 -0.000000 -0.000000
0.998781 0.009468 -0.048443
1.000000 0.000000 0.000000
0.998781 -0.009791 -0.048378
0.998781 0.009468 -0.048443
0.998781 -0.009791 -0.048378
0.957444 -0.057252 -0.282884
0.957444 -0.057252 -0.282884
0.957444 0.055362 -0.283260
0.998781 0.009468 -0.048443
0.957444 0.055362 -0.283260
0.957444 -0.057252 -0.282884
0.890308 -0.090327 -0.446310
0.890308 -0.090327 -0.446310
0.890308 0.087345 -0.446904
0.957444 0.055362 -0.283260
-0.000646 0.191814 -0.981431
-0.000646 -0.198364 -0.980128
-0.000646 -0.198364 -0.980128
-0.000646 -0.198364 -0.980128
-0.000646 0.191814 -0.981431
-0.000646 0.191814 -0.981431
-0.936067 0.067484 -0.345289
-0.936067 -0.069789 -0.344830
-0.978726 -0.040700 -0.201095
-0.978726 -0.040700 -0.201095
-0.978726 0.039354 -0.201363
-0.936067 0.067484 -0.345289
-0.978726 0.039354 -0.201363
-0.978726 -0.040700 -0.201095
-1.000000 -0.000000 -0.000000
1.000000 0.000000 0.000000
0.998781 -0.027559 -0.040949
0.998781 -0.009791 -0.048378
0.998781 -0.009791 -0.048378
0.998781 -0.027559 -0.040949
0.957444 -0.161148 -0.239442
0.957444 -0.161148 -0.239442
0.957444 -0.057252 -0.282884
0.998781 -0.009791 -0.048378
0.957444 -0.057252 -0.282884
0.957444 -0.161148 -0.239442
0.890308 -0.254247 -0.377771
0.890308 -0.254247 -0.377771
0.890308 -0.090327 -0.446310
0.957444 -0.057252 -0.282884
-0.000646 -0.198364 -0.980128
-0.000646 -0.558344 -0.829610
-0.000646 -0.558344 -0.829609
-0.000646 -0.558344 -0.829609
-0.000646 -0.198364 -0.980128
-0.000646 -0.198364 -0.980128
-0.936067 -0.069789 -0.344830
-0.936068 -0.196437 -0.291874
-0.978726 -0.114556 -0.170213
-0.978726 -0.114556 -0.170213
-0.978726 -0.040700 -0.201095
-0.936067 -0.069789 -0.344830
-0.978726 -0.040700 -0.201095
-0.978726 -0.114556 -0.170213
-1.000000 -0.000000 -0.000000
0.998781 -0.027559 -0.040949
1.000000 0.000000 0.000000
0.998781 -0.041132 -0.027285
0.998781 -0.027559 -0.040949
0.998781 -0.041132 -0.027285
0.957444 -0.240512 -0.159546
0.957444 -0.240512 -0.159546
0.957444 -0.161148 -0.239442
0.998781 -0.027559 -0.040949
0.957444 -0.161148 -0.239442
0.957444 -0.240512 -0.159546
0.890308 -0.379459 -0.251719
0.890308 -0.379459 -0.251719
0.890308 -0.254247 -0.377771
0.957444 -0.161148 -0.239442
-0.000646 -0.558344 -0.829610
-0.000647 -0.833320 -0.552791
-0.000647 -0.833320 -0.552791
-0.000647 -0.833320 -0.552791
-0.000646 -0.558344 -0.829609
-0.000646 -0.558344 -0.829610
-0.936068 -0.196437 -0.291874
-0.936067 -0.293180 -0.194483
-0.978726 -0.170974 -0.113417
-0.978726 -0.170974 -0.113417
-0.978726 -0.114556 -0.170213
-0.936068 -0.196437 -0.291874
-0.978726 -0.114556 -0.170213
-0.978726 -0.170974 -0.113417
-1.000000 -0.000000 -0.000000
1.000000 0.000000 0.000000
0.998781 -0.048442 -0.009468
0.998781 -0.041132 -0.027285
0.998781 -0.041132 -0.027285
0.998781 -0.048442 -0.009468
0.957445 -0.283258 -0.055360
0.957445 -0.283258 -0.055360
0.957444 -0.240512 -0.159546
0.998781 -0.041132 -0.027285
0.957444 -0.240512 -0.159546
0.957445 -0.283258 -0.055360
0.890309 -0.446901 -0.087343
0.890309 -0.446901 -0.087343
0.890308 -0.379459 -0.251719
0.957444 -0.240512 -0.159546
-0.000647 -0.833320 -0.552791
-0.000647 -0.981431 -0.191814
-0.000648 -0.981431 -0.191815
-0.000648 -0.981431 -0.191815
-0.000647 -0.833320 -0.552791
-0.000647 -0.833320 -0.552791
-0.936067 -0.293180 -0.194483
-0.936067 -0.345289 -0.067485
-0.978726 -0.201363 -0.039355
-0.978726 -0.201363 -0.039355
-0.978726 -0.170974 -0.113417
-0.936067 -0.293180 -0.194483
-0.978726 -0.170974 -0.113417
-0.978726 -0.201363 -0.039355
-1.000000 -0.000000 -0.000000
0.998781 -0.048442 -0.009468
1.000000 0.000000 0.000000
0.998781 -0.048378 0.009791
0.998781 -0.048442 -0.009468
0.998781 -0.048378 0.009791
0.957444 -0.282884 0.057251
0.957444 -0.282884 0.057251
0.957445 -0.283258 -0.055360
0.998781 -0.048442 -0.009468
0.957445 -0.283258 -0.055360
0.957444 -0.282884 0.057251
0.890308 -0.446311 0.090326
0.890308 -0.446311 0.090326
0.890309 -0.446901 -0.087343
0.957445 -0.283258 -0.055360
-0.000647 -0.981431 -0.191814
-0.000645 -0.980128 0.198365
-0.000645 -0.980128 0.198365
-0.000645 -0.980128 0.198365
-0.000648 -0.981431 -0.191815
-0.000647 -0.981431 -0.191814
-0.936067 -0.345289 -0.067485
-0.936067 -0.344829 0.069788
-0.978726 -0.201095 0.040699
-0.978726 -0.201095 0.040699
-0.978726 -0.201363 -0.039355
-0.936067 -0.345289 -0.067485
-0.978726 -0.201363 -0.039355
-0.978726 -0.201095 0.040699
-1.000000 -0.000000 -0.000000
</float_array>
          <technique_common>
            <accessor source="#wheels_spin002-Normal0-array" count="480" stride="3">
              <param name="X" type="float"/>
              <param name="Y" type="float"/>
              <param name="Z" type="float"/>
            </accessor>
          </technique_common>
        </source>
        <source id="wheels_spin002-UV0">
          <float_array id="wheels_spin002-UV0-array" count="232">
0.295033 0.486544
0.173036 0.592168
0.166325 0.494242
0.124281 0.637816
0.110346 0.496959
0.094765 0.662397
0.078398 0.496959
0.799276 -0.900663
0.799276 -0.725030
0.673485 -0.725030
0.673485 -0.900619
0.081775 0.501720
0.097972 0.667117
0.139793 0.631934
0.127040 0.501720
0.295139 0.486312
0.199939 0.678114
0.163967 0.757229
0.141376 0.802649
0.799276 -0.549397
0.673485 -0.549397
0.144100 0.807334
0.176108 0.742323
0.242686 0.742449
0.223360 0.837018
0.211134 0.896362
0.799276 -0.373765
0.673485 -0.373765
0.213135 0.901024
0.230458 0.816083
0.293110 0.762615
0.293419 0.865037
0.293419 0.929270
0.799276 -0.198133
0.673485 -0.198133
0.294568 0.933923
0.294568 0.841984
0.345194 0.745904
0.363478 0.837018
0.375704 0.896362
0.799276 -0.022501
0.673485 -0.022501
0.376000 0.901024
0.358678 0.816083
0.386281 0.681568
0.422871 0.757229
0.445462 0.802648
0.799276 0.153132
0.673485 0.153132
0.445035 0.807334
0.413028 0.742323
0.416504 0.585260
0.462556 0.637816
0.492073 0.662397
0.799276 0.328765
0.673485 0.328765
0.491163 0.667117
0.449343 0.631933
0.426534 0.494242
0.476492 0.496959
0.508440 0.496959
0.799276 0.504398
0.673485 0.504398
0.507361 0.501720
0.462095 0.501720
0.416504 0.382500
0.462556 0.356101
0.492073 0.331520
0.799276 0.680029
0.673485 0.680029
0.491163 0.336323
0.449343 0.371506
0.387941 0.296555
0.422871 0.236688
0.445462 0.191268
0.799276 0.855662
0.673485 0.855662
0.445035 0.196106
0.411074 0.262656
0.345194 0.239127
0.363478 0.156899
0.375704 0.097555
0.799276 1.031294
0.673485 1.031294
0.376000 0.102416
0.358678 0.187357
0.294770 0.218962
0.293419 0.128880
0.293419 0.071556
0.799276 1.206927
0.673485 1.206927
0.294568 0.076425
0.294568 0.161456
0.244346 0.239128
0.223360 0.156899
0.211134 0.097555
0.799276 1.382559
0.673485 1.382559
0.213135 0.102417
0.230458 0.187357
0.198279 0.303463
0.163967 0.236688
0.141376 0.191269
0.799276 1.558190
0.673485 1.558190
0.144100 0.196106
0.176108 0.261117
0.173036 0.392863
0.124281 0.356101
0.094765 0.331520
0.799276 1.733823
0.673485 1.733823
0.097972 0.336323
0.139793 0.371506
0.799276 1.909456
0.673485 1.909456
</float_array>
          <technique_common>
            <accessor source="#wheels_spin002-UV0-array" count="116" stride="2">
              <param name="S" type="float"/>
              <param name="T" type="float"/>
            </accessor>
          </technique_common>
        </source>
        <vertices id="wheels_spin002-VERTEX">
          <input semantic="POSITION" source="#wheels_spin002-POSITION"/>
        </vertices>
        <triangles count="160" material="tire7"><input semantic="VERTEX" offset="0" source="#wheels_spin002-VERTEX"/><input semantic="NORMAL" offset="1" source="#wheels_spin002-Normal0"/><input semantic="TEXCOORD" offset="2" set="0" source="#wheels_spin002-UV0"/><p> 0 0 0 1 1 1 2 2 2 2 3 2 1 4 1 3 5 3 3 6 3 4 7 4 2 8 2 4 9 4 3 10 3 5 11 5 5 12 5 6 13 6 4 14 4 7 15 7 8 16 8 9 17 9 9 18 9 10 19 10 7 20 7 11 21 11 12 22 12 13 23 13 13 24 13 14 25 14 11 26 11 14 27 14 13 28 13 15 29 15 0 30 0 16 31 16 1 32 1 1 33 1 16 34 16 17 35 17 17 36 17 3 37 3 1 38 1 3 39 3 17 40 17 18 41 18 18 42 18 5 43 5 3 44 3 8 45 8 19 46 19 20 47 20 20 48 20 9 49 9 8 50 8 12 51 12 21 52 21 22 53 22 22 54 22 13 55 13 12 56 12 13 57 13 22 58 22 15 59 15 16 60 16 0 61 0 23 62 23 16 63 16 23 64 23 24 65 24 24 66 24 17 67 17 16 68 16 17 69 17 24 70 24 25 71 25 25 72 25 18 73 18 17 74 17 19 75 19 26 76 26 27 77 27 27 78 27 20 79 20 19 80 19 21 81 21 28 82 28 29 83 29 29 84 29 22 85 22 21 86 21 22 87 22 29 88 29 15 89 15 0 90 0 30 91 30 23 92 23 23 93 23 30 94 30 31 95 31 31 96 31 24 97 24 23 98 23 24 99 24 31 100 31 32 101 32 32 102 32 25 103 25 24 104 24 26 105 26 33 106 33 34 107 34 34 108 34 27 109 27 26 110 26 28 111 28 35 112 35 36 113 36 36 114 36 29 115 29 28 116 28 29 117 29 36 118 36 15 119 15 30 120 30 0 121 0 37 122 37 30 123 30 37 124 37 38 125 38 38 126 38 31 127 31 30 128 30 31 129 31 38 130 38 39 131 39 39 132 39 32 133 32 31 134 31 33 135 33 40 136 40 41 137 41 41 138 41 34 139 34 33 140 33 35 141 35 42 142 42 43 143 43 43 144 43 36 145 36 35 146 35 36 147 36 43 148 43 15 149 15 0 150 0 44 151 44 37 152 37 37 153 37 44 154 44 45 155 45 45 156 45 38 157 38 37 158 37 38 159 38 45 160 45 46 161 46 46 162 46 39 163 39 38 164 38 40 165 40 47 166 47 48 167 48 48 168 48 41 169 41 40 170 40 42 171 42 49 172 49 50 173 50 50 174 50 43 175 43 42 176 42 43 177 43 50 178 50 15 179 15 44 180 44 0 181 0 51 182 51 44 183 44 51 184 51 52 185 52 52 186 52 45 187 45 44 188 44 45 189 45 52 190 52 53 191 53 53 192 53 46 193 46 45 194 45 47 195 47 54 196 54 55 197 55 55 198 55 48 199 48 47 200 47 49 201 49 56 202 56 57 203 57 57 204 57 50 205 50 49 206 49 50 207 50 57 208 57 15 209 15 0 210 0 58 211 58 51 212 51 51 213 51 58 214 58 59 215 59 59 216 59 52 217 52 51 218 51 52 219 52 59 220 59 60 221 60 60 222 60 53 223 53 52 224 52 54 225 54 61 226 61 62 227 62 62 228 62 55 229 55 54 230 54 56 231 56 63 232 63 64 233 64 64 234 64 57 235 57 56 236 56 57 237 57 64 238 64 15 239 15 58 240 58 0 241 0 65 242 65 58 243 58 65 244 65 66 245 66 66 246 66 59 247 59 58 248 58 59 249 59 66 250 66 67 251 67 67 252 67 60 253 60 59 254 59 61 255 61 68 256 68 69 257 69 69 258 69 62 259 62 61 260 61 63 261 63 70 262 70 71 263 71 71 264 71 64 265 64 63 266 63 64 267 64 71 268 71 15 269 15 65 270 65 0 271 0 72 272 72 65 273 65 72 274 72 73 275 73 73 276 73 66 277 66 65 278 65 66 279 66 73 280 73 74 281 74 74 282 74 67 283 67 66 284 66 68 285 68 75 286 75 76 287 76 76 288 76 69 289 69 68 290 68 70 291 70 77 292 77 78 293 78 78 294 78 71 295 71 70 296 70 71 297 71 78 298 78 15 299 15 0 300 0 79 301 79 72 302 72 72 303 72 79 304 79 80 305 80 80 306 80 73 307 73 72 308 72 73 309 73 80 310 80 81 311 81 81 312 81 74 313 74 73 314 73 75 315 75 82 316 82 83 317 83 83 318 83 76 319 76 75 320 75 77 321 77 84 322 84 85 323 85 85 324 85 78 325 78 77 326 77 78 327 78 85 328 85 15 329 15 79 330 79 0 331 0 86 332 86 79 333 79 86 334 86 87 335 87 87 336 87 80 337 80 79 338 79 80 339 80 87 340 87 88 341 88 88 342 88 81 343 81 80 344 80 82 345 82 89 346 89 90 347 90 90 348 90 83 349 83 82 350 82 84 351 84 91 352 91 92 353 92 92 354 92 85 355 85 84 356 84 85 357 85 92 358 92 15 359 15 0 360 0 93 361 93 86 362 86 86 363 86 93 364 93 94 365 94 94 366 94 87 367 87 86 368 86 87 369 87 94 370 94 95 371 95 95 372 95 88 373 88 87 374 87 89 375 89 96 376 96 97 377 97 97 378 97 90 379 90 89 380 89 91 381 91 98 382 98 99 383 99 99 384 99 92 385 92 91 386 91 92 387 92 99 388 99 15 389 15 93 390 93 0 391 0 100 392 100 93 393 93 100 394 100 101 395 101 101 396 101 94 397 94 93 398 93 94 399 94 101 400 101 102 401 102 102 402 102 95 403 95 94 404 94 96 405 96 103 406 103 104 407 104 104 408 104 97 409 97 96 410 96 98 411 98 105 412 105 106 413 106 106 414 106 99 415 99 98 416 98 99 417 99 106 418 106 15 419 15 0 420 0 107 421 107 100 422 100 100 423 100 107 424 107 108 425 108 108 426 108 101 427 101 100 428 100 101 429 101 108 430 108 109 431 109 109 432 109 102 433 102 101 434 101 103 435 103 110 436 110 111 437 111 111 438 111 104 439 104 103 440 103 105 441 105 112 442 112 113 443 113 113 444 113 106 445 106 105 446 105 106 447 106 113 448 113 15 449 15 107 450 107 0 451 0 2 452 2 107 453 107 2 454 2 4 455 4 4 456 4 108 457 108 107 458 107 108 459 108 4 460 4 6 461 6 6 462 6 109 463 109 108 464 108 110 465 110 114 466 114 115 467 115 115 468 115 111 469 111 110 470 110 112 471 112 11 472 11 14 473 14 14 474 14 113 475 113 112 476 112 113 477 113 14 478 14 15 479 15</p></triangles>
      </mesh>
    </geometry>
    <geometry id="wheels_spin_steer002-lib" name="wheels_spin_steer002Mesh">
      <mesh>
        <source id="wheels_spin_steer002-POSITION">
          <float_array id="wheels_spin_steer002-POSITION-array" count="348">
0.184981 0.000000 -0.000000
0.174743 -0.282927 0.190415
0.174743 -0.334259 0.067649
0.162212 -0.444018 0.298833
0.162212 -0.524578 0.106167
0.114441 -0.521504 0.350982
0.114441 -0.616122 0.124695
0.114441 -0.616122 0.124695
0.114441 -0.521504 0.350982
-0.129047 -0.521374 0.350895
-0.129047 -0.615968 0.124663
-0.129047 -0.615968 0.124663
-0.129047 -0.521374 0.350895
-0.179293 -0.410466 0.276252
-0.179293 -0.484938 0.098145
-0.184981 0.000000 -0.000000
0.174743 -0.188521 0.284192
0.162211 -0.295861 0.446004
0.114441 -0.347492 0.523837
0.114441 -0.347492 0.523837
-0.129047 -0.347405 0.523705
-0.129047 -0.347405 0.523705
-0.179293 -0.273504 0.412302
0.174743 -0.065416 0.334703
0.162212 -0.102662 0.525276
0.114441 -0.120577 0.616941
0.114441 -0.120577 0.616941
-0.129047 -0.120547 0.616787
-0.129047 -0.120547 0.616787
-0.179293 -0.094904 0.485583
0.174743 0.067649 0.334259
0.162211 0.106167 0.524578
0.114441 0.124694 0.616122
0.114441 0.124694 0.616122
-0.129048 0.124664 0.615968
-0.129048 0.124664 0.615968
-0.179293 0.098145 0.484938
0.174743 0.190415 0.282927
0.162211 0.298833 0.444018
0.114441 0.350982 0.521504
0.114441 0.350982 0.521504
-0.129048 0.350895 0.521373
-0.129048 0.350895 0.521373
-0.179293 0.276252 0.410466
0.174743 0.284192 0.188521
0.162211 0.446005 0.295861
0.114441 0.523837 0.347492
0.114441 0.523837 0.347492
-0.129048 0.523705 0.347405
-0.129048 0.523705 0.347405
-0.179293 0.412302 0.273504
0.174743 0.334703 0.065415
0.162211 0.525276 0.102661
0.114441 0.616941 0.120577
0.114441 0.616941 0.120577
-0.129048 0.616786 0.120547
-0.129048 0.616786 0.120547
-0.179294 0.485583 0.094904
0.174743 0.334259 -0.067649
0.162211 0.524578 -0.106167
0.114441 0.616122 -0.124695
0.114441 0.616122 -0.124695
-0.129048 0.615968 -0.124663
-0.129048 0.615968 -0.124663
-0.179294 0.484938 -0.098145
0.174743 0.282926 -0.190415
0.162211 0.444018 -0.298833
0.114441 0.521504 -0.350983
0.114441 0.521504 -0.350983
-0.129048 0.521374 -0.350895
-0.129048 0.521374 -0.350895
-0.179293 0.410466 -0.276252
0.174743 0.188522 -0.284192
0.162211 0.295861 -0.446005
0.114441 0.347491 -0.523837
0.114441 0.347491 -0.523837
-0.129048 0.347405 -0.523705
-0.129048 0.347405 -0.523705
-0.179293 0.273504 -0.412302
0.174743 0.065415 -0.334704
0.162211 0.102661 -0.525275
0.114441 0.120577 -0.616941
0.114441 0.120577 -0.616941
-0.129048 0.120547 -0.616787
-0.129048 0.120547 -0.616787
-0.179293 0.094904 -0.485583
0.174743 -0.067650 -0.334259
0.162212 -0.106167 -0.524578
0.114441 -0.124694 -0.616122
0.114441 -0.124694 -0.616122
-0.129047 -0.124663 -0.615968
-0.129047 -0.124663 -0.615968
-0.179293 -0.098145 -0.484938
0.174743 -0.190415 -0.282927
0.162211 -0.298833 -0.444019
0.114441 -0.350983 -0.521504
0.114441 -0.350983 -0.521504
-0.129047 -0.350894 -0.521374
-0.129047 -0.350894 -0.521374
-0.179293 -0.276252 -0.410466
0.174743 -0.284192 -0.188521
0.162212 -0.446004 -0.295861
0.114441 -0.523836 -0.347492
0.114441 -0.523836 -0.347492
-0.129047 -0.523705 -0.347405
-0.129047 -0.523705 -0.347405
-0.179293 -0.412302 -0.273504
0.174743 -0.334703 -0.065416
0.162212 -0.525275 -0.102662
0.114441 -0.616941 -0.120577
0.114441 -0.616941 -0.120577
-0.129047 -0.616787 -0.120547
-0.129047 -0.616787 -0.120547
-0.179293 -0.485583 -0.094904
0.114441 -0.616122 0.124695
-0.129047 -0.615968 0.124663
</float_array>
          <technique_common>
            <accessor source="#wheels_spin_steer002-POSITION-array" count="116" stride="3">
              <param name="X" type="float"/>
              <param name="Y" type="float"/>
              <param name="Z" type="float"/>
            </accessor>
          </technique_common>
        </source>
        <source id="wheels_spin_steer002-Normal0">
          <float_array id="wheels_spin_steer002-Normal0-array" count="1440">
1.000000 0.000000 0.000000
0.998781 -0.040949 0.027559
0.998781 -0.048378 0.009791
0.998781 -0.048378 0.009791
0.998781 -0.040949 0.027559
0.957444 -0.239441 0.161149
0.957444 -0.239441 0.161149
0.957444 -0.282883 0.057252
0.998781 -0.048378 0.009791
0.957444 -0.282883 0.057252
0.957444 -0.239441 0.161149
0.890308 -0.377770 0.254247
0.890308 -0.377770 0.254247
0.890308 -0.446309 0.090327
0.957444 -0.282883 0.057252
-0.000648 -0.980128 0.198364
-0.000646 -0.829609 0.558344
-0.000646 -0.829610 0.558343
-0.000646 -0.829610 0.558343
-0.000648 -0.980128 0.198364
-0.000648 -0.980128 0.198364
-0.936067 -0.344829 0.069789
-0.936068 -0.291873 0.196435
-0.978726 -0.170213 0.114555
-0.978726 -0.170213 0.114555
-0.978726 -0.201095 0.040699
-0.936067 -0.344829 0.069789
-0.978726 -0.201095 0.040699
-0.978726 -0.170213 0.114555
-1.000000 -0.000000 -0.000000
1.000000 0.000000 0.000000
0.998781 -0.027285 0.041132
0.998781 -0.040949 0.027559
0.998781 -0.040949 0.027559
0.998781 -0.027285 0.041132
0.957444 -0.159546 0.240512
0.957444 -0.159546 0.240512
0.957444 -0.239441 0.161149
0.998781 -0.040949 0.027559
0.957444 -0.239441 0.161149
0.957444 -0.159546 0.240512
0.890308 -0.251718 0.379459
0.890308 -0.251718 0.379459
0.890308 -0.377770 0.254247
0.957444 -0.239441 0.161149
-0.000646 -0.829609 0.558344
-0.000646 -0.552791 0.833320
-0.000646 -0.552791 0.833320
-0.000646 -0.552791 0.833320
-0.000646 -0.829610 0.558343
-0.000646 -0.829609 0.558344
-0.936068 -0.291873 0.196435
-0.936067 -0.194483 0.293180
-0.978726 -0.113417 0.170973
-0.978726 -0.113417 0.170973
-0.978726 -0.170213 0.114555
-0.936068 -0.291873 0.196435
-0.978726 -0.170213 0.114555
-0.978726 -0.113417 0.170973
-1.000000 -0.000000 -0.000000
0.998781 -0.027285 0.041132
1.000000 0.000000 0.000000
0.998781 -0.009467 0.048442
0.998781 -0.027285 0.041132
0.998781 -0.009467 0.048442
0.957444 -0.055361 0.283260
0.957444 -0.055361 0.283260
0.957444 -0.159546 0.240512
0.998781 -0.027285 0.041132
0.957444 -0.159546 0.240512
0.957444 -0.055361 0.283260
0.890308 -0.087345 0.446904
0.890308 -0.087345 0.446904
0.890308 -0.251718 0.379459
0.957444 -0.159546 0.240512
-0.000646 -0.552791 0.833320
-0.000646 -0.191814 0.981431
-0.000646 -0.191814 0.981431
-0.000646 -0.191814 0.981431
-0.000646 -0.552791 0.833320
-0.000646 -0.552791 0.833320
-0.936067 -0.194483 0.293180
-0.936067 -0.067484 0.345288
-0.978726 -0.039355 0.201362
-0.978726 -0.039355 0.201362
-0.978726 -0.113417 0.170973
-0.936067 -0.194483 0.293180
-0.978726 -0.113417 0.170973
-0.978726 -0.039355 0.201362
-1.000000 -0.000000 -0.000000
1.000000 0.000000 0.000000
0.998781 0.009791 0.048378
0.998781 -0.009467 0.048442
0.998781 -0.009467 0.048442
0.998781 0.009791 0.048378
0.957444 0.057252 0.282883
0.957444 0.057252 0.282883
0.957444 -0.055361 0.283260
0.998781 -0.009467 0.048442
0.957444 -0.055361 0.283260
0.957444 0.057252 0.282883
0.890308 0.090327 0.446310
0.890308 0.090327 0.446310
0.890308 -0.087345 0.446904
0.957444 -0.055361 0.283260
-0.000646 -0.191814 0.981431
-0.000646 0.198364 0.980128
-0.000646 0.198364 0.980128
-0.000646 0.198364 0.980128
-0.000646 -0.191814 0.981431
-0.000646 -0.191814 0.981431
-0.936067 -0.067484 0.345288
-0.936068 0.069788 0.344828
-0.978726 0.040699 0.201094
-0.978726 0.040699 0.201094
-0.978726 -0.039355 0.201362
-0.936067 -0.067484 0.345288
-0.978726 -0.039355 0.201362
-0.978726 0.040699 0.201094
-1.000000 -0.000000 -0.000000
0.998781 0.009791 0.048378
1.000000 0.000000 0.000000
0.998781 0.027559 0.040949
0.998781 0.009791 0.048378
0.998781 0.027559 0.040949
0.957444 0.161148 0.239441
0.957444 0.161148 0.239441
0.957444 0.057252 0.282883
0.998781 0.009791 0.048378
0.957444 0.057252 0.282883
0.957444 0.161148 0.239441
0.890308 0.254247 0.377770
0.890308 0.254247 0.377770
0.890308 0.090327 0.446310
0.957444 0.057252 0.282883
-0.000646 0.198364 0.980128
-0.000645 0.558343 0.829610
-0.000645 0.558345 0.829609
-0.000645 0.558345 0.829609
-0.000646 0.198364 0.980128
-0.000646 0.198364 0.980128
-0.936068 0.069788 0.344828
-0.936068 0.196436 0.291872
-0.978726 0.114556 0.170212
-0.978726 0.114556 0.170212
-0.978726 0.040699 0.201094
-0.936068 0.069788 0.344828
-0.978726 0.040699 0.201094
-0.978726 0.114556 0.170212
-1.000000 -0.000000 -0.000000
1.000000 0.000000 0.000000
0.998781 0.041132 0.027285
0.998781 0.027559 0.040949
0.998781 0.027559 0.040949
0.998781 0.041132 0.027285
0.957444 0.240513 0.159546
0.957444 0.240513 0.159546
0.957444 0.161148 0.239441
0.998781 0.027559 0.040949
0.957444 0.161148 0.239441
0.957444 0.240513 0.159546
0.890308 0.379460 0.251719
0.890308 0.379460 0.251719
0.890308 0.254247 0.377770
0.957444 0.161148 0.239441
-0.000645 0.558343 0.829610
-0.000647 0.833320 0.552790
-0.000646 0.833320 0.552790
-0.000646 0.833320 0.552790
-0.000645 0.558345 0.829609
-0.000645 0.558343 0.829610
-0.936068 0.196436 0.291872
-0.936068 0.293179 0.194483
-0.978726 0.170973 0.113417
-0.978726 0.170973 0.113417
-0.978726 0.114556 0.170212
-0.936068 0.196436 0.291872
-0.978726 0.114556 0.170212
-0.978726 0.170973 0.113417
-1.000000 -0.000000 -0.000000
0.998781 0.041132 0.027285
1.000000 0.000000 0.000000
0.998781 0.048443 0.009468
0.998781 0.041132 0.027285
0.998781 0.048443 0.009468
0.957444 0.283260 0.055361
0.957444 0.283260 0.055361
0.957444 0.240513 0.159546
0.998781 0.041132 0.027285
0.957444 0.240513 0.159546
0.957444 0.283260 0.055361
0.890308 0.446904 0.087345
0.890308 0.446904 0.087345
0.890308 0.379460 0.251719
0.957444 0.240513 0.159546
-0.000647 0.833320 0.552790
-0.000646 0.981431 0.191814
-0.000647 0.981431 0.191815
-0.000647 0.981431 0.191815
-0.000646 0.833320 0.552790
-0.000647 0.833320 0.552790
-0.936068 0.293179 0.194483
-0.936067 0.345289 0.067484
-0.978726 0.201362 0.039355
-0.978726 0.201362 0.039355
-0.978726 0.170973 0.113417
-0.936068 0.293179 0.194483
-0.978726 0.170973 0.113417
-0.978726 0.201362 0.039355
-1.000000 -0.000000 -0.000000
1.000000 0.000000 0.000000
0.998781 0.048379 -0.009790
0.998781 0.048443 0.009468
0.998781 0.048443 0.009468
0.998781 0.048379 -0.009790
0.957444 0.282883 -0.057252
0.957444 0.282883 -0.057252
0.957444 0.283260 0.055361
0.998781 0.048443 0.009468
0.957444 0.283260 0.055361
0.957444 0.282883 -0.057252
0.890309 0.446309 -0.090327
0.890309 0.446309 -0.090327
0.890308 0.446904 0.087345
0.957444 0.283260 0.055361
-0.000646 0.981431 0.191814
-0.000645 0.980128 -0.198364
-0.000646 0.980128 -0.198363
-0.000646 0.980128 -0.198363
-0.000647 0.981431 0.191815
-0.000646 0.981431 0.191814
-0.936067 0.345289 0.067484
-0.936068 0.344829 -0.069788
-0.978726 0.201094 -0.040699
-0.978726 0.201094 -0.040699
-0.978726 0.201362 0.039355
-0.936067 0.345289 0.067484
-0.978726 0.201362 0.039355
-0.978726 0.201094 -0.040699
-1.000000 -0.000000 -0.000000
0.998781 0.048379 -0.009790
1.000000 0.000000 0.000000
0.998781 0.040949 -0.027559
0.998781 0.048379 -0.009790
0.998781 0.040949 -0.027559
0.957444 0.239441 -0.161149
0.957444 0.239441 -0.161149
0.957444 0.282883 -0.057252
0.998781 0.048379 -0.009790
0.957444 0.282883 -0.057252
0.957444 0.239441 -0.161149
0.890308 0.377769 -0.254247
0.890308 0.377769 -0.254247
0.890309 0.446309 -0.090327
0.957444 0.282883 -0.057252
-0.000645 0.980128 -0.198364
-0.000645 0.829609 -0.558345
-0.000645 0.829609 -0.558344
-0.000645 0.829609 -0.558344
-0.000646 0.980128 -0.198363
-0.000645 0.980128 -0.198364
-0.936068 0.344829 -0.069788
-0.936068 0.291872 -0.196436
-0.978726 0.170211 -0.114556
-0.978726 0.170211 -0.114556
-0.978726 0.201094 -0.040699
-0.936068 0.344829 -0.069788
-0.978726 0.201094 -0.040699
-0.978726 0.170211 -0.114556
-1.000000 -0.000000 -0.000000
0.998781 0.040949 -0.027559
1.000000 0.000000 0.000000
0.998781 0.027285 -0.041132
0.998781 0.040949 -0.027559
0.998781 0.027285 -0.041132
0.957444 0.159547 -0.240513
0.957444 0.159547 -0.240513
0.957444 0.239441 -0.161149
0.998781 0.040949 -0.027559
0.957444 0.239441 -0.161149
0.957444 0.159547 -0.240513
0.890307 0.251719 -0.379461
0.890307 0.251719 -0.379461
0.890308 0.377769 -0.254247
0.957444 0.239441 -0.161149
-0.000645 0.829609 -0.558345
-0.000645 0.552790 -0.833321
-0.000645 0.552790 -0.833320
-0.000645 0.552790 -0.833320
-0.000645 0.829609 -0.558344
-0.000645 0.829609 -0.558345
-0.936068 0.291872 -0.196436
-0.936068 0.194482 -0.293179
-0.978726 0.113417 -0.170973
-0.978726 0.113417 -0.170973
-0.978726 0.170211 -0.114556
-0.936068 0.291872 -0.196436
-0.978726 0.170211 -0.114556
-0.978726 0.113417 -0.170973
-1.000000 -0.000000 -0.000000
1.000000 0.000000 0.000000
0.998781 0.009468 -0.048443
0.998781 0.027285 -0.041132
0.998781 0.027285 -0.041132
0.998781 0.009468 -0.048443
0.957444 0.055361 -0.283259
0.957444 0.055361 -0.283259
0.957444 0.159547 -0.240513
0.998781 0.027285 -0.041132
0.957444 0.159547 -0.240513
0.957444 0.055361 -0.283259
0.890308 0.087344 -0.446903
0.890308 0.087344 -0.446903
0.890307 0.251719 -0.379461
0.957444 0.159547 -0.240513
-0.000645 0.552790 -0.833321
-0.000646 0.191814 -0.981431
-0.000646 0.191815 -0.981431
-0.000646 0.191815 -0.981431
-0.000645 0.552790 -0.833320
-0.000645 0.552790 -0.833321
-0.936068 0.194482 -0.293179
-0.936068 0.067484 -0.345287
-0.978726 0.039355 -0.201362
-0.978726 0.039355 -0.201362
-0.978726 0.113417 -0.170973
-0.936068 0.194482 -0.293179
-0.978726 0.113417 -0.170973
-0.978726 0.039355 -0.201362
-1.000000 -0.000000 -0.000000
0.998781 0.009468 -0.048443
1.000000 0.000000 0.000000
0.998781 -0.009791 -0.048378
0.998781 0.009468 -0.048443
0.998781 -0.009791 -0.048378
0.957444 -0.057251 -0.282884
0.957444 -0.057251 -0.282884
0.957444 0.055361 -0.283259
0.998781 0.009468 -0.048443
0.957444 0.055361 -0.283259
0.957444 -0.057251 -0.282884
0.890308 -0.090326 -0.446311
0.890308 -0.090326 -0.446311
0.890308 0.087344 -0.446903
0.957444 0.055361 -0.283259
-0.000646 0.191814 -0.981431
-0.000646 -0.198364 -0.980128
-0.000646 -0.198365 -0.980128
-0.000646 -0.198365 -0.980128
-0.000646 0.191815 -0.981431
-0.000646 0.191814 -0.981431
-0.936068 0.067484 -0.345287
-0.936067 -0.069789 -0.344830
-0.978726 -0.040699 -0.201095
-0.978726 -0.040699 -0.201095
-0.978726 0.039355 -0.201362
-0.936068 0.067484 -0.345287
-0.978726 0.039355 -0.201362
-0.978726 -0.040699 -0.201095
-1.000000 -0.000000 -0.000000
1.000000 0.000000 0.000000
0.998781 -0.027559 -0.040949
0.998781 -0.009791 -0.048378
0.998781 -0.009791 -0.048378
0.998781 -0.027559 -0.040949
0.957444 -0.161149 -0.239441
0.957444 -0.161149 -0.239441
0.957444 -0.057251 -0.282884
0.998781 -0.009791 -0.048378
0.957444 -0.057251 -0.282884
0.957444 -0.161149 -0.239441
0.890308 -0.254247 -0.377770
0.890308 -0.254247 -0.377770
0.890308 -0.090326 -0.446311
0.957444 -0.057251 -0.282884
-0.000646 -0.198364 -0.980128
-0.000647 -0.558343 -0.829610
-0.000647 -0.558343 -0.829610
-0.000647 -0.558343 -0.829610
-0.000646 -0.198365 -0.980128
-0.000646 -0.198364 -0.980128
-0.936067 -0.069789 -0.344830
-0.936067 -0.196437 -0.291874
-0.978726 -0.114557 -0.170212
-0.978726 -0.114557 -0.170212
-0.978726 -0.040699 -0.201095
-0.936067 -0.069789 -0.344830
-0.978726 -0.040699 -0.201095
-0.978726 -0.114557 -0.170212
-1.000000 -0.000000 -0.000000
0.998781 -0.027559 -0.040949
1.000000 0.000000 0.000000
0.998781 -0.041132 -0.027285
0.998781 -0.027559 -0.040949
0.998781 -0.041132 -0.027285
0.957444 -0.240512 -0.159546
0.957444 -0.240512 -0.159546
0.957444 -0.161149 -0.239441
0.998781 -0.027559 -0.040949
0.957444 -0.161149 -0.239441
0.957444 -0.240512 -0.159546
0.890308 -0.379460 -0.251718
0.890308 -0.379460 -0.251718
0.890308 -0.254247 -0.377770
0.957444 -0.161149 -0.239441
-0.000647 -0.558343 -0.829610
-0.000646 -0.833320 -0.552790
-0.000647 -0.833320 -0.552791
-0.000647 -0.833320 -0.552791
-0.000647 -0.558343 -0.829610
-0.000647 -0.558343 -0.829610
-0.936067 -0.196437 -0.291874
-0.936068 -0.293178 -0.194482
-0.978726 -0.170974 -0.113416
-0.978726 -0.170974 -0.113416
-0.978726 -0.114557 -0.170212
-0.936067 -0.196437 -0.291874
-0.978726 -0.114557 -0.170212
-0.978726 -0.170974 -0.113416
-1.000000 -0.000000 -0.000000
1.000000 0.000000 0.000000
0.998781 -0.048442 -0.009467
0.998781 -0.041132 -0.027285
0.998781 -0.041132 -0.027285
0.998781 -0.048442 -0.009467
0.957444 -0.283260 -0.055361
0.957444 -0.283260 -0.055361
0.957444 -0.240512 -0.159546
0.998781 -0.041132 -0.027285
0.957444 -0.240512 -0.159546
0.957444 -0.283260 -0.055361
0.890308 -0.446904 -0.087345
0.890308 -0.446904 -0.087345
0.890308 -0.379460 -0.251718
0.957444 -0.240512 -0.159546
-0.000646 -0.833320 -0.552790
-0.000646 -0.981431 -0.191814
-0.000646 -0.981431 -0.191813
-0.000646 -0.981431 -0.191813
-0.000647 -0.833320 -0.552791
-0.000646 -0.833320 -0.552790
-0.936068 -0.293178 -0.194482
-0.936068 -0.345287 -0.067484
-0.978726 -0.201362 -0.039355
-0.978726 -0.201362 -0.039355
-0.978726 -0.170974 -0.113416
-0.936068 -0.293178 -0.194482
-0.978726 -0.170974 -0.113416
-0.978726 -0.201362 -0.039355
-1.000000 -0.000000 -0.000000
0.998781 -0.048442 -0.009467
1.000000 0.000000 0.000000
0.998781 -0.048378 0.009791
0.998781 -0.048442 -0.009467
0.998781 -0.048378 0.009791
0.957444 -0.282883 0.057252
0.957444 -0.282883 0.057252
0.957444 -0.283260 -0.055361
0.998781 -0.048442 -0.009467
0.957444 -0.283260 -0.055361
0.957444 -0.282883 0.057252
0.890308 -0.446309 0.090327
0.890308 -0.446309 0.090327
0.890308 -0.446904 -0.087345
0.957444 -0.283260 -0.055361
-0.000646 -0.981431 -0.191814
-0.000648 -0.980128 0.198364
-0.000648 -0.980128 0.198364
-0.000648 -0.980128 0.198364
-0.000646 -0.981431 -0.191813
-0.000646 -0.981431 -0.191814
-0.936068 -0.345287 -0.067484
-0.936067 -0.344829 0.069789
-0.978726 -0.201095 0.040699
-0.978726 -0.201095 0.040699
-0.978726 -0.201362 -0.039355
-0.936068 -0.345287 -0.067484
-0.978726 -0.201362 -0.039355
-0.978726 -0.201095 0.040699
-1.000000 -0.000000 -0.000000
</float_array>
          <technique_common>
            <accessor source="#wheels_spin_steer002-Normal0-array" count="480" stride="3">
              <param name="X" type="float"/>
              <param name="Y" type="float"/>
              <param name="Z" type="float"/>
            </accessor>
          </technique_common>
        </source>
        <source id="wheels_spin_steer002-UV0">
          <float_array id="wheels_spin_steer002-UV0-array" count="232">
0.295033 0.486544
0.173036 0.592168
0.166325 0.494242
0.124281 0.637816
0.110346 0.496959
0.094765 0.662397
0.078398 0.496959
0.799276 -0.900663
0.799276 -0.725030
0.673485 -0.725030
0.673485 -0.900619
0.081775 0.501720
0.097972 0.667117
0.139793 0.631934
0.127040 0.501720
0.295139 0.486312
0.199939 0.678114
0.163967 0.757229
0.141376 0.802649
0.799276 -0.549397
0.673485 -0.549397
0.144100 0.807334
0.176108 0.742323
0.242686 0.742449
0.223360 0.837018
0.211134 0.896362
0.799276 -0.373765
0.673485 -0.373765
0.213135 0.901024
0.230458 0.816083
0.293110 0.762615
0.293419 0.865037
0.293419 0.929270
0.799276 -0.198133
0.673485 -0.198133
0.294568 0.933923
0.294568 0.841984
0.345194 0.745904
0.363478 0.837018
0.375704 0.896362
0.799276 -0.022501
0.673485 -0.022501
0.376000 0.901024
0.358678 0.816083
0.386281 0.681568
0.422871 0.757229
0.445462 0.802648
0.799276 0.153132
0.673485 0.153132
0.445035 0.807334
0.413028 0.742323
0.416504 0.585260
0.462556 0.637816
0.492073 0.662397
0.799276 0.328765
0.673485 0.328765
0.491163 0.667117
0.449343 0.631933
0.426534 0.494242
0.476492 0.496959
0.508440 0.496959
0.799276 0.504398
0.673485 0.504398
0.507361 0.501720
0.462095 0.501720
0.416504 0.382500
0.462556 0.356101
0.492073 0.331520
0.799276 0.680029
0.673485 0.680029
0.491163 0.336323
0.449343 0.371506
0.387941 0.296555
0.422871 0.236688
0.445462 0.191268
0.799276 0.855662
0.673485 0.855662
0.445035 0.196106
0.411074 0.262656
0.345194 0.239127
0.363478 0.156899
0.375704 0.097555
0.799276 1.031294
0.673485 1.031294
0.376000 0.102416
0.358678 0.187357
0.294770 0.218962
0.293419 0.128880
0.293419 0.071556
0.799276 1.206927
0.673485 1.206927
0.294568 0.076425
0.294568 0.161456
0.244346 0.239128
0.223360 0.156899
0.211134 0.097555
0.799276 1.382559
0.673485 1.382559
0.213135 0.102417
0.230458 0.187357
0.198279 0.303463
0.163967 0.236688
0.141376 0.191269
0.799276 1.558190
0.673485 1.558190
0.144100 0.196106
0.176108 0.261117
0.173036 0.392863
0.124281 0.356101
0.094765 0.331520
0.799276 1.733823
0.673485 1.733823
0.097972 0.336323
0.139793 0.371506
0.799276 1.909456
0.673485 1.909456
</float_array>
          <technique_common>
            <accessor source="#wheels_spin_steer002-UV0-array" count="116" stride="2">
              <param name="S" type="float"/>
              <param name="T" type="float"/>
            </accessor>
          </technique_common>
        </source>
        <vertices id="wheels_spin_steer002-VERTEX">
          <input semantic="POSITION" source="#wheels_spin_steer002-POSITION"/>
        </vertices>
        <triangles count="160" material="tire7"><input semantic="VERTEX" offset="0" source="#wheels_spin_steer002-VERTEX"/><input semantic="NORMAL" offset="1" source="#wheels_spin_steer002-Normal0"/><input semantic="TEXCOORD" offset="2" set="0" source="#wheels_spin_steer002-UV0"/><p> 0 0 0 1 1 1 2 2 2 2 3 2 1 4 1 3 5 3 3 6 3 4 7 4 2 8 2 4 9 4 3 10 3 5 11 5 5 12 5 6 13 6 4 14 4 7 15 7 8 16 8 9 17 9 9 18 9 10 19 10 7 20 7 11 21 11 12 22 12 13 23 13 13 24 13 14 25 14 11 26 11 14 27 14 13 28 13 15 29 15 0 30 0 16 31 16 1 32 1 1 33 1 16 34 16 17 35 17 17 36 17 3 37 3 1 38 1 3 39 3 17 40 17 18 41 18 18 42 18 5 43 5 3 44 3 8 45 8 19 46 19 20 47 20 20 48 20 9 49 9 8 50 8 12 51 12 21 52 21 22 53 22 22 54 22 13 55 13 12 56 12 13 57 13 22 58 22 15 59 15 16 60 16 0 61 0 23 62 23 16 63 16 23 64 23 24 65 24 24 66 24 17 67 17 16 68 16 17 69 17 24 70 24 25 71 25 25 72 25 18 73 18 17 74 17 19 75 19 26 76 26 27 77 27 27 78 27 20 79 20 19 80 19 21 81 21 28 82 28 29 83 29 29 84 29 22 85 22 21 86 21 22 87 22 29 88 29 15 89 15 0 90 0 30 91 30 23 92 23 23 93 23 30 94 30 31 95 31 31 96 31 24 97 24 23 98 23 24 99 24 31 100 31 32 101 32 32 102 32 25 103 25 24 104 24 26 105 26 33 106 33 34 107 34 34 108 34 27 109 27 26 110 26 28 111 28 35 112 35 36 113 36 36 114 36 29 115 29 28 116 28 29 117 29 36 118 36 15 119 15 30 120 30 0 121 0 37 122 37 30 123 30 37 124 37 38 125 38 38 126 38 31 127 31 30 128 30 31 129 31 38 130 38 39 131 39 39 132 39 32 133 32 31 134 31 33 135 33 40 136 40 41 137 41 41 138 41 34 139 34 33 140 33 35 141 35 42 142 42 43 143 43 43 144 43 36 145 36 35 146 35 36 147 36 43 148 43 15 149 15 0 150 0 44 151 44 37 152 37 37 153 37 44 154 44 45 155 45 45 156 45 38 157 38 37 158 37 38 159 38 45 160 45 46 161 46 46 162 46 39 163 39 38 164 38 40 165 40 47 166 47 48 167 48 48 168 48 41 169 41 40 170 40 42 171 42 49 172 49 50 173 50 50 174 50 43 175 43 42 176 42 43 177 43 50 178 50 15 179 15 44 180 44 0 181 0 51 182 51 44 183 44 51 184 51 52 185 52 52 186 52 45 187 45 44 188 44 45 189 45 52 190 52 53 191 53 53 192 53 46 193 46 45 194 45 47 195 47 54 196 54 55 197 55 55 198 55 48 199 48 47 200 47 49 201 49 56 202 56 57 203 57 57 204 57 50 205 50 49 206 49 50 207 50 57 208 57 15 209 15 0 210 0 58 211 58 51 212 51 51 213 51 58 214 58 59 215 59 59 216 59 52 217 52 51 218 51 52 219 52 59 220 59 60 221 60 60 222 60 53 223 53 52 224 52 54 225 54 61 226 61 62 227 62 62 228 62 55 229 55 54 230 54 56 231 56 63 232 63 64 233 64 64 234 64 57 235 57 56 236 56 57 237 57 64 238 64 15 239 15 58 240 58 0 241 0 65 242 65 58 243 58 65 244 65 66 245 66 66 246 66 59 247 59 58 248 58 59 249 59 66 250 66 67 251 67 67 252 67 60 253 60 59 254 59 61 255 61 68 256 68 69 257 69 69 258 69 62 259 62 61 260 61 63 261 63 70 262 70 71 263 71 71 264 71 64 265 64 63 266 63 64 267 64 71 268 71 15 269 15 65 270 65 0 271 0 72 272 72 65 273 65 72 274 72 73 275 73 73 276 73 66 277 66 65 278 65 66 279 66 73 280 73 74 281 74 74 282 74 67 283 67 66 284 66 68 285 68 75 286 75 76 287 76 76 288 76 69 289 69 68 290 68 70 291 70 77 292 77 78 293 78 78 294 78 71 295 71 70 296 70 71 297 71 78 298 78 15 299 15 0 300 0 79 301 79 72 302 72 72 303 72 79 304 79 80 305 80 80 306 80 73 307 73 72 308 72 73 309 73 80 310 80 81 311 81 81 312 81 74 313 74 73 314 73 75 315 75 82 316 82 83 317 83 83 318 83 76 319 76 75 320 75 77 321 77 84 322 84 85 323 85 85 324 85 78 325 78 77 326 77 78 327 78 85 328 85 15 329 15 79 330 79 0 331 0 86 332 86 79 333 79 86 334 86 87 335 87 87 336 87 80 337 80 79 338 79 80 339 80 87 340 87 88 341 88 88 342 88 81 343 81 80 344 80 82 345 82 89 346 89 90 347 90 90 348 90 83 349 83 82 350 82 84 351 84 91 352 91 92 353 92 92 354 92 85 355 85 84 356 84 85 357 85 92 358 92 15 359 15 0 360 0 93 361 93 86 362 86 86 363 86 93 364 93 94 365 94 94 366 94 87 367 87 86 368 86 87 369 87 94 370 94 95 371 95 95 372 95 88 373 88 87 374 87 89 375 89 96 376 96 97 377 97 97 378 97 90 379 90 89 380 89 91 381 91 98 382 98 99 383 99 99 384 99 92 385 92 91 386 91 92 387 92 99 388 99 15 389 15 93 390 93 0 391 0 100 392 100 93 393 93 100 394 100 101 395 101 101 396 101 94 397 94 93 398 93 94 399 94 101 400 101 102 401 102 102 402 102 95 403 95 94 404 94 96 405 96 103 406 103 104 407 104 104 408 104 97 409 97 96 410 96 98 411 98 105 412 105 106 413 106 106 414 106 99 415 99 98 416 98 99 417 99 106 418 106 15 419 15 0 420 0 107 421 107 100 422 100 100 423 100 107 424 107 108 425 108 108 426 108 101 427 101 100 428 100 101 429 101 108 430 108 109 431 109 109 432 109 102 433 102 101 434 101 103 435 103 110 436 110 111 437 111 111 438 111 104 439 104 103 440 103 105 441 105 112 442 112 113 443 113 113 444 113 106 445 106 105 446 105 106 447 106 113 448 113 15 449 15 107 450 107 0 451 0 2 452 2 107 453 107 2 454 2 4 455 4 4 456 4 108 457 108 107 458 107 108 459 108 4 460 4 6 461 6 6 462 6 109 463 109 108 464 108 110 465 110 114 466 114 115 467 115 115 468 115 111 469 111 110 470 110 112 471 112 11 472 11 14 473 14 14 474 14 113 475 113 112 476 112 113 477 113 14 478 14 15 479 15</p></triangles>
      </mesh>
    </geometry>
  </library_geometries>
  <library_visual_scenes>
    <visual_scene id="FireTruck" name="FireTruck">
      <node name="lights" id="lights" sid="lights"><matrix sid="matrix">1.000000 0.000000 0.000000 0.000000 0.000000 0.000000 1.000000 0.000000 0.000000 -1.000000 0.000000 0.000000 0.000000 0.000000 0.000000 1.000000</matrix><instance_geometry url="#lights-lib"><bind_material><technique_common><instance_material symbol="firetruck" target="#firetruck"/></technique_common></bind_material></instance_geometry><extra><technique profile="FCOLLADA"><visibility>1.000000</visibility></technique></extra></node>
      <node name="hull" id="hull" sid="hull"><matrix sid="matrix">1.000000 0.000000 0.000000 0.000000 0.000000 0.000000 1.000000 0.000000 0.000000 -1.000000 0.000000 0.000000 0.000000 0.000000 0.000000 1.000000</matrix><instance_geometry url="#hull-lib"><bind_material><technique_common><instance_material symbol="firetruck" target="#firetruck"/></technique_common></bind_material></instance_geometry><extra><technique profile="FCOLLADA"><visibility>1.000000</visibility></technique></extra></node>
      <node name="dash" id="dash" sid="dash"><matrix sid="matrix">1.000000 0.000000 0.000000 0.000000 0.000000 0.000000 1.000000 1.465492 0.000000 -1.000000 0.000000 -3.279805 0.000000 0.000000 0.000000 1.000000</matrix><instance_geometry url="#dash-lib"><bind_material><technique_common><instance_material symbol="dashseat" target="#dashseat"/></technique_common></bind_material></instance_geometry><extra><technique profile="FCOLLADA"><visibility>1.000000</visibility></technique></extra></node>
      <node name="wheels_spin001" id="wheels_spin001" sid="wheels_spin001"><matrix sid="matrix">1.000000 0.000000 0.000000 0.919906 0.000000 0.000000 1.000000 0.617616 0.000000 -1.000000 0.000000 1.986219 0.000000 0.000000 0.000000 1.000000</matrix><instance_geometry url="#wheels_spin001-lib"><bind_material><technique_common><instance_material symbol="tire7" target="#tire7"/></technique_common></bind_material></instance_geometry><extra><technique profile="FCOLLADA"><visibility>1.000000</visibility></technique></extra></node>
      <node name="wheels_spin_steer001" id="wheels_spin_steer001" sid="wheels_spin_steer001"><matrix sid="matrix">1.000000 0.000000 0.000000 0.919905 0.000000 0.000000 1.000000 0.617615 0.000000 -1.000000 0.000000 -2.703117 0.000000 0.000000 0.000000 1.000000</matrix><instance_geometry url="#wheels_spin_steer001-lib"><bind_material><technique_common><instance_material symbol="tire7" target="#tire7"/></technique_common></bind_material></instance_geometry><extra><technique profile="FCOLLADA"><visibility>1.000000</visibility></technique></extra></node>
      <node name="wheels_spin002" id="wheels_spin002" sid="wheels_spin002"><matrix sid="matrix">1.000000 0.000000 0.000000 -0.919899 0.000000 0.000000 1.000000 0.617616 0.000000 -1.000000 0.000000 1.986219 0.000000 0.000000 0.000000 1.000000</matrix><instance_geometry url="#wheels_spin002-lib"><bind_material><technique_common><instance_material symbol="tire7" target="#tire7"/></technique_common></bind_material></instance_geometry><extra><technique profile="FCOLLADA"><visibility>1.000000</visibility></technique></extra></node>
      <node name="wheels_spin_steer002" id="wheels_spin_steer002" sid="wheels_spin_steer002"><matrix sid="matrix">1.000000 0.000000 0.000000 -0.919897 0.000000 0.000000 1.000000 0.617615 0.000000 -1.000000 0.000000 -2.703117 0.000000 0.000000 0.000000 1.000000</matrix><instance_geometry url="#wheels_spin_steer002-lib"><bind_material><technique_common><instance_material symbol="tire7" target="#tire7"/></technique_common></bind_material></instance_geometry><extra><technique profile="FCOLLADA"><visibility>1.000000</visibility></technique></extra></node>
      <extra><technique profile="MAX3D"><frame_rate>30.000000</frame_rate></technique><technique profile="FCOLLADA"><start_time>0.000000</start_time><end_time>3.333333</end_time></technique></extra>
    </visual_scene>
  </library_visual_scenes>
  <scene>
    <instance_visual_scene url="#FireTruck"></instance_visual_scene>
  </scene>
</COLLADA>
