<?xml version="1.0" encoding="utf-8"?>
<COLLADA xmlns="http://www.collada.org/2005/11/COLLADASchema" version="1.4.1">
  <asset><contributor><author></author><authoring_tool>FBX COLLADA exporter</authoring_tool><comments></comments></contributor><created>2020-09-23T12:58:04Z</created><keywords></keywords><modified>2020-09-23T12:58:04Z</modified><revision></revision><subject></subject><title></title><unit meter="1.000000" name="centimeter"></unit><up_axis>Y_UP</up_axis></asset>
  <library_images>
    <image id="Map #7-image" name="Map #7"><init_from>file://emb-314.dds.png</init_from></image>
    <image id="Map #8-image" name="Map #8"><init_from>file://prop_1.dds.png</init_from></image>
  </library_images>
  <library_materials>
    <material id="emb-314" name="emb-314">
      <instance_effect url="#emb-314-fx"/>
    </material>
    <material id="prop_1" name="prop_1">
      <instance_effect url="#prop_1-fx"/>
    </material>
  </library_materials>
  <library_effects>
    <effect id="emb-314-fx" name="emb-314">
      <profile_COMMON>
        <technique sid="standard">
          <phong>
            <emission>
              <color sid="emission">0.000000  0.000000 0.000000 1.000000</color>
            </emission>
            <ambient>
              <color sid="ambient">0.588000  0.588000 0.588000 1.000000</color>
            </ambient>
            <diffuse>
              <texture texture="Map #7-image" texcoord="CHANNEL0">
                <extra>
                  <technique profile="MAYA">
                    <wrapU sid="wrapU0">TRUE</wrapU>
                    <wrapV sid="wrapV0">TRUE</wrapV>
                    <blend_mode>ADD</blend_mode>
                  </technique>
                </extra>
              </texture>
            </diffuse>
            <specular>
              <color sid="specular">0.000000  0.000000 0.000000 1.000000</color>
            </specular>
            <shininess>
              <float sid="shininess">2.000000</float>
            </shininess>
            <reflective>
              <color sid="reflective">0.000000  0.000000 0.000000 1.000000</color>
            </reflective>
            <reflectivity>
              <float sid="reflectivity">1.000000</float>
            </reflectivity>
            <transparent opaque="RGB_ZERO">
              <color sid="transparent">1.000000  1.000000 1.000000 1.000000</color>
            </transparent>
            <transparency>
              <float sid="transparency">0.000000</float>
            </transparency>
          </phong>
        </technique>
      </profile_COMMON>
    </effect>
    <effect id="prop_1-fx" name="prop_1">
      <profile_COMMON>
        <technique sid="standard">
          <phong>
            <emission>
              <color sid="emission">0.000000  0.000000 0.000000 1.000000</color>
            </emission>
            <ambient>
              <color sid="ambient">0.588000  0.588000 0.588000 1.000000</color>
            </ambient>
            <diffuse>
              <texture texture="Map #8-image" texcoord="CHANNEL0">
                <extra>
                  <technique profile="MAYA">
                    <wrapU sid="wrapU0">TRUE</wrapU>
                    <wrapV sid="wrapV0">TRUE</wrapV>
                    <blend_mode>ADD</blend_mode>
                  </technique>
                </extra>
              </texture>
            </diffuse>
            <specular>
              <color sid="specular">0.000000  0.000000 0.000000 1.000000</color>
            </specular>
            <shininess>
              <float sid="shininess">2.000000</float>
            </shininess>
            <reflective>
              <color sid="reflective">0.000000  0.000000 0.000000 1.000000</color>
            </reflective>
            <reflectivity>
              <float sid="reflectivity">1.000000</float>
            </reflectivity>
            <transparent opaque="RGB_ZERO">
              <color sid="transparent">1.000000  1.000000 1.000000 1.000000</color>
            </transparent>
            <transparency>
              <float sid="transparency">0.000000</float>
            </transparency>
          </phong>
        </technique>
      </profile_COMMON>
    </effect>
  </library_effects>
  <library_geometries>
    <geometry id="hull-lib" name="hullMesh">
      <mesh>
        <source id="hull-POSITION">
          <float_array id="hull-POSITION-array" count="2136">
0.492178 1.922651 0.422917
0.454713 2.279580 0.422917
0.348022 2.582170 0.422917
0.188348 2.784354 0.422917
0.000000 2.855352 0.422917
-0.188348 2.784354 0.422917
-0.348022 2.582170 0.422917
-0.454713 2.279580 0.422917
-0.492178 1.922651 0.422917
-0.454713 1.565722 0.422917
-0.348022 1.263132 0.422917
-0.188348 1.060948 0.422917
0.000000 0.989950 0.422917
0.188349 1.060948 0.422917
0.348023 1.263132 0.422917
0.454713 1.565722 0.422917
0.501810 1.934298 0.980446
0.463612 2.318048 0.980446
0.354833 2.643375 0.980446
0.192034 2.860752 0.980446
-0.000000 2.937085 0.980446
-0.192034 2.860752 0.980446
-0.354833 2.643375 0.980446
-0.463612 2.318048 0.980446
-0.501810 1.934299 0.980446
-0.463612 1.550549 0.980446
-0.354833 1.225222 0.980446
-0.192034 1.007845 0.980446
0.000000 0.931512 0.980446
0.192034 1.007845 0.980446
0.354833 1.225222 0.980446
0.463612 1.550549 0.980446
0.515453 1.910463 1.713300
0.476217 2.294212 1.713300
0.364480 2.619539 1.713300
0.197255 2.836916 1.713300
0.000000 2.913249 1.713300
-0.197255 2.836916 1.713300
-0.364480 2.619539 1.713300
-0.476216 2.294212 1.713300
-0.515453 1.910463 1.713300
-0.476216 1.526713 1.713300
-0.364480 1.201386 1.713300
-0.197255 0.984009 1.713300
0.000000 0.907676 1.713300
0.197256 0.984009 1.713300
0.364480 1.201386 1.713300
0.476217 1.526714 1.713300
0.529293 1.749672 2.658632
0.489003 2.088288 2.658632
0.374267 2.375353 2.658632
0.202552 2.567164 2.658632
0.000000 2.634519 2.658632
-0.202551 2.567164 2.658632
-0.374266 2.375353 2.658631
-0.489002 2.088288 2.658632
-0.529292 1.749672 2.658632
-0.489002 1.411056 2.658633
-0.374266 1.123992 2.658633
-0.202551 0.932181 2.658632
0.000000 0.864826 2.658632
0.202552 0.932181 2.658632
0.374267 1.123992 2.658632
0.489003 1.411057 2.658632
0.515453 1.475562 3.542138
0.476217 1.709467 3.542140
0.364481 1.907762 3.542140
0.197256 2.040258 3.542139
0.000000 2.086785 3.542138
-0.197255 2.040258 3.542138
-0.364480 1.907762 3.542138
-0.476216 1.709467 3.542138
-0.515452 1.475562 3.542139
-0.476216 1.241657 3.542138
-0.364480 1.043362 3.542139
-0.197255 0.910865 3.542138
0.000000 0.864339 3.542138
0.197256 0.910865 3.542138
0.364481 1.043362 3.542138
0.476217 1.241657 3.542138
0.454949 1.406849 4.663819
0.420318 1.607443 4.663820
0.321698 1.777498 4.663820
0.174102 1.891126 4.663819
0.000001 1.931026 4.663819
-0.174100 1.891126 4.663818
-0.321696 1.777498 4.663818
-0.420316 1.607443 4.663819
-0.454947 1.406850 4.663819
-0.420316 1.206256 4.663819
-0.321696 1.036201 4.663820
-0.174100 0.922573 4.663819
0.000001 0.882672 4.663818
0.174102 0.922573 4.663818
0.321698 1.036201 4.663818
0.420318 1.206256 4.663818
0.297972 1.463897 5.127963
0.275290 1.603112 5.127964
0.210698 1.721134 5.127964
0.114029 1.799993 5.127964
0.000001 1.827685 5.127963
-0.114028 1.799993 5.127963
-0.210696 1.721134 5.127963
-0.275288 1.603112 5.127963
-0.297970 1.463897 5.127964
-0.275289 1.324681 5.127964
-0.210697 1.206660 5.127964
-0.114028 1.127800 5.127963
0.000001 1.100108 5.127963
0.114030 1.127800 5.127963
0.210698 1.206660 5.127963
0.275290 1.324681 5.127963
0.262500 1.537881 5.201648
0.242519 1.643050 5.201649
0.185616 1.732208 5.201649
0.100455 1.791782 5.201648
0.000001 1.812701 5.201648
-0.100453 1.791782 5.201647
-0.185614 1.732208 5.201647
-0.242517 1.643050 5.201648
-0.262498 1.537881 5.201648
-0.242517 1.432711 5.201648
-0.185614 1.343553 5.201649
-0.100453 1.283979 5.201648
0.000001 1.263060 5.201647
0.100455 1.283979 5.201647
0.185616 1.343553 5.201647
0.242519 1.432711 5.201647
-0.200266 1.737228 5.155673
-0.108383 1.799497 5.155673
0.000001 1.821362 5.155674
0.108384 1.799497 5.155674
0.200267 1.737228 5.155675
0.261662 1.644036 5.155675
0.283221 1.534109 5.155674
0.261662 1.424182 5.155673
0.200268 1.330990 5.155673
0.108384 1.268721 5.155673
0.000001 1.246855 5.155673
-0.108383 1.268721 5.155674
-0.200266 1.330990 5.155675
-0.261660 1.424182 5.155674
-0.283219 1.534109 5.155674
-0.261660 1.644036 5.155674
0.410549 1.413120 4.895891
0.379298 1.592553 4.895892
0.290302 1.744668 4.895892
0.157111 1.846309 4.895892
0.000001 1.882001 4.895891
-0.157109 1.846309 4.895891
-0.290300 1.744668 4.895891
-0.379296 1.592553 4.895891
-0.410547 1.413120 4.895892
-0.379296 1.233687 4.895892
-0.290300 1.081571 4.895892
-0.157109 0.979930 4.895891
0.000001 0.944238 4.895891
0.157111 0.979930 4.895891
0.290302 1.081571 4.895891
0.379298 1.233687 4.895891
0.363971 1.430727 5.020258
0.336266 1.594425 5.020259
0.257367 1.733201 5.020259
0.139286 1.823135 5.020258
0.000001 1.855697 5.020258
-0.139285 1.823135 5.020257
-0.257365 1.733201 5.020257
-0.336264 1.594425 5.020258
-0.363970 1.430728 5.020258
-0.336264 1.267030 5.020258
-0.257365 1.128254 5.020259
-0.139285 1.035527 5.020258
0.000001 1.002965 5.020257
0.139286 1.035527 5.020257
0.257367 1.128254 5.020257
0.336266 1.267030 5.020257
0.529207 1.853256 2.185967
0.488924 2.224412 2.185966
0.374206 2.539064 2.185966
0.202519 2.749307 2.185967
0.000000 2.823135 2.185966
-0.202518 2.749307 2.185966
-0.374205 2.539064 2.185966
-0.488923 2.224412 2.185966
-0.529206 1.853256 2.185966
-0.488923 1.482099 2.185967
-0.374205 1.167448 2.185968
-0.202518 0.957204 2.185966
0.000000 0.883376 2.185966
0.202519 0.957204 2.185966
0.374206 1.167448 2.185966
0.488924 1.482099 2.185966
0.433352 1.742169 -0.719744
0.400366 1.981729 -0.719744
0.306426 2.184818 -0.719744
0.165837 2.320518 -0.719744
-0.000000 2.368169 -0.719744
-0.165837 2.320518 -0.719744
-0.306427 2.184818 -0.719744
-0.400366 1.981729 -0.719744
-0.433353 1.742170 -0.719743
-0.400366 1.502610 -0.719744
-0.306427 1.299521 -0.719744
-0.165837 1.163821 -0.719744
-0.000000 1.116170 -0.719744
0.165837 1.163821 -0.719744
0.306427 1.299521 -0.719744
0.400366 1.502610 -0.719744
0.348281 1.736431 -2.130973
0.321770 1.942572 -2.130973
0.246272 2.117329 -2.130973
0.133281 2.234098 -2.130972
-0.000000 2.275102 -2.130973
-0.133282 2.234098 -2.130973
-0.246273 2.117329 -2.130972
-0.321771 1.942572 -2.130973
-0.348282 1.736431 -2.130972
-0.321771 1.530291 -2.130973
-0.246273 1.355534 -2.130973
-0.133282 1.238764 -2.130973
-0.000000 1.197761 -2.130973
0.133281 1.238764 -2.130973
0.246272 1.355534 -2.130973
0.321770 1.530291 -2.130973
0.262670 1.765187 -3.120934
0.242675 1.955969 -3.120934
0.185735 2.117707 -3.120934
0.100519 2.225777 -3.120934
-0.000001 2.263726 -3.120934
-0.100520 2.225777 -3.120934
-0.185737 2.117707 -3.120934
-0.242676 1.955969 -3.120934
-0.262671 1.765187 -3.120933
-0.242676 1.574404 -3.120934
-0.185737 1.412666 -3.120934
-0.100520 1.304597 -3.120934
-0.000001 1.266648 -3.120934
0.100519 1.304597 -3.120934
0.185736 1.412666 -3.120934
0.242675 1.574404 -3.120934
0.095113 1.750706 -4.978954
0.087873 1.787512 -4.978955
0.067255 1.818715 -4.978954
0.036398 1.839564 -4.978954
-0.000001 1.846886 -4.978954
-0.036399 1.839564 -4.978954
-0.067257 1.818715 -4.978954
-0.087875 1.787512 -4.978954
-0.095115 1.750706 -4.978954
-0.087875 1.713900 -4.978954
-0.067257 1.682697 -4.978954
-0.036399 1.661848 -4.978954
-0.000001 1.654527 -4.978954
0.036398 1.661848 -4.978954
0.067255 1.682697 -4.978954
0.087873 1.713900 -4.978955
-0.000001 1.750706 -5.078652
0.068721 1.750706 -5.036846
0.063490 1.777300 -5.036847
0.048593 1.799844 -5.036846
0.026298 1.814908 -5.036846
-0.000001 1.820198 -5.036846
-0.026300 1.814908 -5.036846
-0.048595 1.799844 -5.036846
-0.063492 1.777300 -5.036846
-0.068723 1.750706 -5.036846
-0.063492 1.724113 -5.036846
-0.048595 1.701568 -5.036846
-0.026300 1.686504 -5.036846
-0.000001 1.681214 -5.036846
0.026298 1.686504 -5.036846
0.048593 1.701568 -5.036846
0.063490 1.724113 -5.036847
0.000001 1.537881 5.214734
-5.647432 1.647603 1.389631
-0.643731 1.052063 0.670315
-5.647432 1.754636 1.389631
-0.643731 1.380371 0.670315
-5.555324 1.647603 2.036586
-0.643731 1.052063 2.258910
-5.555324 1.754636 2.036586
-0.643731 1.380371 2.258910
-5.699683 1.701120 1.053885
-0.643731 1.216217 0.150511
-0.643731 1.216217 2.468127
-5.541500 1.701120 2.140128
-3.240554 1.574767 1.004197
-3.300481 1.468080 0.614127
-3.240554 1.361392 1.004196
-3.187674 1.361392 2.134494
-3.187674 1.468080 2.297762
-3.187674 1.574767 2.134494
-5.692989 1.708068 2.017568
-5.727370 1.708068 1.390073
-5.625747 1.708068 2.100037
0.000000 0.923060 0.182320
0.000000 1.509374 0.182320
0.000000 0.923060 2.345687
0.000000 1.509374 2.345687
0.000000 1.216217 -0.499843
0.000000 1.216217 2.620253
-0.439991 1.475088 2.299542
-0.439992 1.475088 0.290604
-0.439992 1.216217 -0.366740
-0.439992 0.957347 0.290604
-0.439990 0.957346 2.299542
-0.439992 1.216217 2.564118
-2.159232 2.032472 -4.756607
-2.322848 2.081355 -5.040743
-0.197830 2.094429 -5.231222
-0.100739 1.964895 -4.800365
-2.159232 2.032471 -4.350521
-0.100740 1.964895 -4.096779
-0.100739 2.094430 -3.910015
-2.159333 2.085988 -4.271823
-2.349174 2.088304 -4.761529
-2.159232 2.139504 -4.756607
-0.100739 2.223964 -4.800364
-2.159232 2.139504 -4.350521
-2.336357 2.088304 -4.449409
-2.263075 2.085988 -4.331327
-0.100740 2.223964 -4.096779
-0.138971 2.055842 -5.062232
-0.265623 2.018208 -4.755287
-0.265624 2.018208 -4.070352
-0.265630 2.093900 -3.950007
-0.265624 2.169592 -4.070352
-0.265623 2.169592 -4.755287
-0.138971 2.124375 -5.062232
-0.072857 3.632550 -4.701076
-0.141155 1.746786 -4.701076
-0.141156 2.130324 -3.003051
-0.072856 3.632550 -4.508640
0.000000 2.130324 -2.730337
0.000000 3.632550 -4.415691
-0.079167 3.458306 -4.701076
-0.079167 3.458306 -4.443683
0.000000 3.458306 -4.334123
-0.141155 1.746786 -4.910738
0.000000 3.982947 -4.701076
0.000000 3.900610 -4.544630
0.000000 3.965649 -4.619317
-0.072857 3.632550 -4.910738
-0.079167 3.458306 -4.910737
0.000000 1.746786 -5.642005
0.000000 3.982947 -4.910737
0.000000 3.632550 -5.345648
0.000000 3.458306 -5.370740
0.000000 3.982947 -5.292888
0.000000 2.676218 -3.968009
-0.107493 2.676218 -4.152123
-0.107493 2.676218 -4.701076
-0.107493 2.676218 -4.910737
0.000000 2.676218 -5.494696
0.000000 1.356604 -4.769889
0.000000 1.298759 -3.003051
0.000000 1.367446 -5.007458
0.000000 1.527421 -5.678835
5.647432 1.647604 1.389631
5.699683 1.701120 1.053885
3.300481 1.468080 0.614127
3.240554 1.361392 1.004196
5.555324 1.647604 2.036586
3.187674 1.361392 2.134494
3.187675 1.468080 2.297762
5.541500 1.701120 2.140128
0.643731 1.380371 0.670315
3.240554 1.574767 1.004197
3.187674 1.574767 2.134494
0.643731 1.380371 2.258910
5.727370 1.708068 1.390073
5.647432 1.754636 1.389631
0.643731 1.216217 2.468127
5.555324 1.754636 2.036586
5.692988 1.708068 2.017568
5.625748 1.708068 2.100037
0.643731 1.216217 0.150511
0.643731 1.052063 0.670315
0.643731 1.052063 2.258910
0.439992 1.475088 0.290604
0.439992 1.216217 -0.366740
0.439990 0.957346 2.299542
0.439992 1.216217 2.564118
0.439992 0.957347 0.290604
0.439991 1.475088 2.299542
2.159232 2.032472 -4.756607
2.322848 2.081355 -5.040743
0.138971 2.055842 -5.062232
0.265623 2.018208 -4.755287
2.159232 2.032471 -4.350521
0.265624 2.018208 -4.070352
0.265630 2.093900 -3.950007
2.159333 2.085988 -4.271823
2.349174 2.088304 -4.761529
0.138971 2.124375 -5.062232
0.197830 2.094429 -5.231222
2.159232 2.139504 -4.350521
2.336357 2.088304 -4.449409
2.263075 2.085988 -4.331327
0.100739 2.223964 -4.800364
0.265623 2.169592 -4.755287
0.265624 2.169592 -4.070352
0.100740 2.223964 -4.096779
0.100740 2.094430 -3.910015
2.159232 2.139504 -4.756607
0.100739 1.964895 -4.800365
0.100740 1.964895 -4.096779
0.072857 3.632550 -4.701076
0.079167 3.458306 -4.701076
0.079167 3.458306 -4.443683
0.072856 3.632550 -4.508640
0.107493 2.676218 -4.701076
0.107493 2.676218 -4.152123
0.141156 1.746786 -4.701076
0.107493 2.676218 -4.910737
0.141156 1.746786 -4.910738
0.072857 3.632550 -4.910738
0.079167 3.458306 -4.910737
0.141156 2.130324 -3.003051
-0.118284 2.113466 -4.039916
-0.317748 2.113466 -4.039916
-0.233073 2.113466 -3.094779
-0.118284 2.113466 -3.094779
-0.118284 2.071698 -4.039916
-0.317748 2.071698 -4.039916
-0.233073 2.071698 -3.094779
-0.118284 2.071698 -3.094779
-0.118284 2.113466 -3.255851
-0.252162 2.113466 -3.255851
-0.252162 2.071698 -3.255851
-0.118284 2.071698 -3.255852
-0.405977 2.113466 -3.366295
-0.405977 2.071698 -3.366295
-0.298349 2.113466 -3.866578
-0.118284 2.113466 -3.866578
-0.120285 2.071698 -3.866371
-0.298349 2.071698 -3.866578
-0.099703 2.092582 -4.108053
-0.093184 2.092582 -3.002939
-0.230183 2.092582 -3.002939
-0.252965 2.092582 -3.195176
-0.351350 2.092582 -4.108052
-0.436541 2.092582 -3.326989
-0.334539 2.092582 -3.924068
0.118284 2.113466 -4.039916
0.317748 2.113466 -4.039916
0.298349 2.113466 -3.866578
0.118284 2.113466 -3.866578
0.118284 2.071698 -4.039916
0.120285 2.071698 -3.866371
0.298349 2.071698 -3.866578
0.317748 2.071698 -4.039916
0.118284 2.113466 -3.094779
0.233073 2.113466 -3.094779
0.230183 2.092582 -3.002939
0.093184 2.092582 -3.002939
0.252162 2.113466 -3.255851
0.252965 2.092582 -3.195176
0.099703 2.092582 -4.108053
0.351350 2.092582 -4.108052
0.118284 2.113466 -3.255851
0.118284 2.071698 -3.255852
0.118284 2.071698 -3.094779
0.233073 2.071698 -3.094779
0.252162 2.071698 -3.255851
0.405977 2.113466 -3.366295
0.436541 2.092582 -3.326989
0.405977 2.071698 -3.366295
0.334539 2.092582 -3.924068
0.249180 1.537881 5.222747
0.230212 1.637713 5.222748
0.000001 1.537881 5.750225
0.176197 1.722347 5.222748
0.095358 1.778898 5.222748
0.000001 1.798756 5.222747
-0.095356 1.778898 5.222747
-0.176195 1.722347 5.222747
-0.230210 1.637713 5.222747
-0.249178 1.537881 5.222748
-0.230211 1.438048 5.222748
-0.176195 1.353414 5.222748
-0.095356 1.296863 5.222747
0.000001 1.277005 5.222747
0.095358 1.296863 5.222747
0.176197 1.353414 5.222747
0.230212 1.438048 5.222747
0.175085 1.613807 5.491733
0.189511 1.537881 5.491732
0.134004 1.678174 5.491733
0.072523 1.721183 5.491733
0.000001 1.736286 5.491732
-0.072521 1.721183 5.491732
-0.134003 1.678174 5.491732
-0.175083 1.613807 5.491732
-0.189509 1.537881 5.491733
-0.175083 1.461954 5.491733
-0.134003 1.397587 5.491733
-0.072521 1.354578 5.491732
0.000001 1.339475 5.491732
0.072523 1.354578 5.491732
0.134005 1.397587 5.491732
0.175085 1.461954 5.491732
0.096970 1.537881 5.664748
0.089589 1.576731 5.664749
0.068569 1.609667 5.664749
0.037109 1.631674 5.664749
0.000001 1.639401 5.664748
-0.037108 1.631674 5.664748
-0.068567 1.609667 5.664748
-0.089587 1.576731 5.664748
-0.096968 1.537881 5.664749
-0.089587 1.499030 5.664749
-0.068567 1.466095 5.664749
-0.037108 1.444088 5.664748
0.000001 1.436360 5.664748
0.037109 1.444088 5.664748
0.068569 1.466095 5.664748
0.089589 1.499030 5.664748
0.057867 1.537881 5.710858
0.053462 1.561065 5.710858
0.040919 1.580719 5.710858
0.022145 1.593852 5.710858
0.000001 1.598463 5.710858
-0.022144 1.593852 5.710858
-0.040917 1.580719 5.710858
-0.053461 1.561065 5.710858
-0.057865 1.537881 5.710859
-0.053461 1.514697 5.710859
-0.040917 1.495042 5.710859
-0.022144 1.481910 5.710858
0.000001 1.477298 5.710858
0.022145 1.481910 5.710858
0.040919 1.495042 5.710858
0.053463 1.514697 5.710858
0.249180 1.537881 5.184089
0.230212 1.637713 5.184090
0.176197 1.722347 5.184090
0.095358 1.778898 5.184089
0.000001 1.798756 5.184089
-0.095356 1.778898 5.184088
-0.176195 1.722347 5.184088
-0.230210 1.637713 5.184089
-0.249178 1.537881 5.184089
-0.230211 1.438048 5.184089
-0.176195 1.353414 5.184090
-0.095356 1.296863 5.184089
0.000001 1.277005 5.184088
0.095358 1.296863 5.184088
0.176197 1.353414 5.184088
0.230212 1.438048 5.184088
-0.315412 1.568322 4.972056
-0.315412 1.616506 4.962471
-0.315412 1.657355 4.935177
-0.315412 1.684649 4.894328
-0.315412 1.694233 4.846145
-0.315412 1.684649 4.797961
-0.315412 1.657355 4.757112
-0.315412 1.616506 4.729818
-0.315412 1.568322 4.720233
-0.315412 1.520138 4.729818
-0.315412 1.479290 4.757112
-0.315412 1.451995 4.797961
-0.315412 1.442411 4.846145
-0.315412 1.451995 4.894329
-0.315412 1.479290 4.935177
-0.315412 1.520138 4.962471
-0.518978 1.568322 4.945498
-0.517314 1.616506 4.936060
-0.512574 1.657355 4.909181
-0.505481 1.684649 4.868952
-0.497114 1.694233 4.821500
-0.488747 1.684649 4.774048
-0.481654 1.657355 4.733820
-0.476914 1.616506 4.706941
-0.475250 1.568322 4.697502
-0.476914 1.520138 4.706941
-0.481654 1.479290 4.733820
-0.488747 1.451995 4.774048
-0.497114 1.442411 4.821500
-0.505481 1.451995 4.868952
-0.512574 1.479290 4.909181
-0.517314 1.520138 4.936060
-0.673274 1.568322 4.795590
-0.668482 1.616506 4.787290
-0.654835 1.657355 4.763653
-0.634411 1.684649 4.728277
-0.610319 1.694233 4.686548
-0.586227 1.684649 4.644820
-0.565802 1.657355 4.609444
-0.552155 1.616506 4.585806
-0.547363 1.568322 4.577506
-0.552155 1.520138 4.585806
-0.565802 1.479290 4.609444
-0.586227 1.451995 4.644820
-0.610319 1.442411 4.686548
-0.634411 1.451995 4.728277
-0.654835 1.479290 4.763653
-0.668482 1.520138 4.787290
-0.421251 1.657355 4.933282
-0.421251 1.616506 4.960576
-0.421251 1.568322 4.970160
-0.421251 1.520138 4.960576
-0.421251 1.479290 4.933282
-0.421251 1.451995 4.892434
-0.421251 1.442411 4.844249
-0.421251 1.451995 4.796065
-0.421251 1.479290 4.755216
-0.421251 1.520138 4.727922
-0.421251 1.568322 4.718338
-0.421251 1.616506 4.727923
-0.421251 1.657355 4.755216
-0.421251 1.684649 4.796065
-0.421251 1.694233 4.844249
-0.421251 1.684649 4.892434
-0.661411 1.568322 4.775042
-0.657522 1.607426 4.768306
-0.646446 1.640577 4.749123
-0.629871 1.662728 4.720413
-0.610319 1.670506 4.686548
-0.590767 1.662728 4.652683
-0.574191 1.640577 4.623973
-0.563116 1.607426 4.604791
-0.559227 1.568322 4.598054
-0.563116 1.529218 4.604791
-0.574191 1.496067 4.623973
-0.590767 1.473916 4.652683
-0.610319 1.466138 4.686548
-0.629871 1.473916 4.720414
-0.646446 1.496067 4.749123
-0.657522 1.529218 4.768306
-0.432870 1.568322 4.889760
0.315412 1.568322 4.972056
0.315412 1.616506 4.962471
0.421251 1.616506 4.960576
0.421251 1.568322 4.970160
0.315412 1.657355 4.935177
0.421251 1.657355 4.933282
0.315412 1.684649 4.894328
0.421251 1.684649 4.892434
0.315412 1.694233 4.846145
0.421251 1.694233 4.844249
0.315412 1.684649 4.797961
0.421251 1.684649 4.796065
0.315412 1.657355 4.757112
0.421251 1.657355 4.755216
0.315412 1.616506 4.729818
0.421251 1.616506 4.727923
0.315412 1.568322 4.720233
0.421251 1.568322 4.718338
0.315412 1.520138 4.729818
0.421251 1.520138 4.727922
0.315412 1.479290 4.757112
0.421251 1.479290 4.755216
0.315412 1.451995 4.797961
0.421251 1.451995 4.796065
0.315412 1.442411 4.846145
0.421251 1.442411 4.844249
0.315412 1.451995 4.894329
0.421251 1.451995 4.892434
0.315412 1.479290 4.935177
0.421251 1.479290 4.933282
0.315412 1.520138 4.962471
0.421251 1.520138 4.960576
0.518978 1.568322 4.945498
0.517314 1.616506 4.936060
0.668482 1.616506 4.787290
0.673274 1.568322 4.795590
0.512575 1.657355 4.909181
0.654835 1.657355 4.763653
0.505481 1.684649 4.868952
0.634411 1.684649 4.728277
0.497114 1.694233 4.821500
0.610319 1.694233 4.686548
0.488747 1.684649 4.774048
0.586227 1.684649 4.644820
0.481654 1.657355 4.733820
0.565802 1.657355 4.609444
0.476914 1.616506 4.706941
0.552155 1.616506 4.585806
0.475250 1.568322 4.697502
0.547363 1.568322 4.577506
0.476914 1.520138 4.706941
0.552155 1.520138 4.585806
0.481654 1.479290 4.733820
0.565802 1.479290 4.609444
0.488747 1.451995 4.774048
0.586227 1.451995 4.644820
0.497114 1.442411 4.821500
0.610319 1.442411 4.686548
0.505481 1.451995 4.868952
0.634411 1.451995 4.728277
0.512575 1.479290 4.909181
0.654835 1.479290 4.763653
0.517314 1.520138 4.936060
0.668482 1.520138 4.787290
0.657522 1.607426 4.768306
0.661411 1.568322 4.775042
0.646446 1.640577 4.749123
0.629871 1.662728 4.720413
0.610319 1.670506 4.686548
0.590767 1.662728 4.652683
0.574191 1.640577 4.623973
0.563116 1.607426 4.604791
0.559227 1.568322 4.598054
0.563116 1.529218 4.604791
0.574191 1.496067 4.623973
0.590767 1.473916 4.652683
0.610319 1.466138 4.686548
0.629871 1.473916 4.720414
0.646446 1.496067 4.749123
0.657522 1.529218 4.768306
0.432870 1.568322 4.889760
</float_array>
          <technique_common>
            <accessor source="#hull-POSITION-array" count="712" stride="3">
              <param name="X" type="float"/>
              <param name="Y" type="float"/>
              <param name="Z" type="float"/>
            </accessor>
          </technique_common>
        </source>
        <source id="hull-Normal0">
          <float_array id="hull-Normal0-array" count="11862">
0.999828 0.001715 -0.018468
0.968868 0.236028 -0.074736
0.976014 0.216719 -0.020747
0.968868 0.236028 -0.074736
0.999828 0.001715 -0.018468
0.999260 0.005104 -0.038131
0.976014 0.216719 -0.020747
0.853811 0.501419 -0.139945
0.878686 0.476452 -0.030065
0.853811 0.501419 -0.139945
0.976014 0.216719 -0.020747
0.968868 0.236028 -0.074736
0.878686 0.476452 -0.030065
0.556771 0.801091 -0.219680
0.593833 0.803311 -0.045327
0.556771 0.801091 -0.219680
0.878686 0.476452 -0.030065
0.853811 0.501419 -0.139945
0.593833 0.803311 -0.045327
0.556771 0.801091 -0.219680
-0.000000 0.998518 -0.054430
-0.000000 0.998518 -0.054430
0.556771 0.801091 -0.219680
0.000000 0.965579 -0.260111
-0.000000 0.998518 -0.054430
-0.556771 0.801091 -0.219680
-0.593833 0.803311 -0.045327
-0.556771 0.801091 -0.219680
-0.000000 0.998518 -0.054430
0.000000 0.965579 -0.260111
-0.593833 0.803311 -0.045327
-0.556771 0.801091 -0.219680
-0.878687 0.476452 -0.030065
-0.556771 0.801091 -0.219680
-0.853812 0.501419 -0.139945
-0.878687 0.476452 -0.030065
-0.878687 0.476452 -0.030065
-0.853812 0.501419 -0.139945
-0.976014 0.216719 -0.020747
-0.976014 0.216719 -0.020747
-0.853812 0.501419 -0.139945
-0.968868 0.236028 -0.074736
-0.999828 0.001715 -0.018468
-0.976014 0.216719 -0.020747
-0.968868 0.236028 -0.074736
-0.999828 0.001715 -0.018468
-0.968868 0.236028 -0.074736
-0.999260 0.005104 -0.038131
-0.999828 0.001715 -0.018468
-0.973617 -0.226282 -0.029427
-0.976772 -0.213035 -0.023052
-0.973617 -0.226282 -0.029427
-0.999828 0.001715 -0.018468
-0.999260 0.005104 -0.038131
-0.976772 -0.213035 -0.023052
-0.866878 -0.496398 -0.045945
-0.880813 -0.472149 -0.035272
-0.866878 -0.496398 -0.045945
-0.976772 -0.213035 -0.023052
-0.973617 -0.226282 -0.029427
-0.880813 -0.472149 -0.035272
-0.575261 -0.814016 -0.080335
-0.597903 -0.799697 -0.054734
-0.575261 -0.814016 -0.080335
-0.880813 -0.472149 -0.035272
-0.866878 -0.496398 -0.045945
-0.597903 -0.799697 -0.054734
-0.575261 -0.814016 -0.080335
-0.000000 -0.997761 -0.066881
-0.000000 -0.997761 -0.066881
-0.575261 -0.814016 -0.080335
0.000000 -0.994797 -0.101878
-0.000000 -0.997761 -0.066881
0.575261 -0.814016 -0.080335
0.597903 -0.799697 -0.054734
0.575261 -0.814016 -0.080335
-0.000000 -0.997761 -0.066881
0.000000 -0.994797 -0.101878
0.597903 -0.799697 -0.054734
0.575261 -0.814016 -0.080335
0.880813 -0.472149 -0.035272
0.880813 -0.472149 -0.035272
0.575261 -0.814016 -0.080335
0.866878 -0.496398 -0.045945
0.880813 -0.472149 -0.035272
0.866878 -0.496398 -0.045945
0.976773 -0.213035 -0.023053
0.976773 -0.213035 -0.023053
0.866878 -0.496398 -0.045945
0.973617 -0.226282 -0.029427
0.999828 0.001715 -0.018468
0.976773 -0.213035 -0.023053
0.973617 -0.226282 -0.029427
0.999828 0.001715 -0.018468
0.973617 -0.226282 -0.029427
0.999260 0.005104 -0.038131
0.999758 0.002994 -0.021794
0.999828 0.001715 -0.018468
0.975378 0.220541 0.000590
0.975378 0.220541 0.000590
0.999828 0.001715 -0.018468
0.976014 0.216719 -0.020747
0.975378 0.220541 0.000590
0.976014 0.216719 -0.020747
0.875645 0.481617 0.035945
0.875645 0.481617 0.035945
0.976014 0.216719 -0.020747
0.878686 0.476452 -0.030065
0.875645 0.481617 0.035945
0.878686 0.476452 -0.030065
0.588615 0.804344 0.081011
0.588615 0.804344 0.081011
0.878686 0.476452 -0.030065
0.593833 0.803311 -0.045327
0.588615 0.804344 0.081011
0.593833 0.803311 -0.045327
-0.000000 0.994410 0.105588
-0.000000 0.994410 0.105588
0.593833 0.803311 -0.045327
-0.000000 0.998518 -0.054430
-0.000000 0.994410 0.105588
-0.593833 0.803311 -0.045327
-0.588615 0.804344 0.081011
-0.593833 0.803311 -0.045327
-0.000000 0.994410 0.105588
-0.000000 0.998518 -0.054430
-0.588615 0.804344 0.081011
-0.878687 0.476452 -0.030065
-0.875645 0.481617 0.035946
-0.878687 0.476452 -0.030065
-0.588615 0.804344 0.081011
-0.593833 0.803311 -0.045327
-0.875645 0.481617 0.035946
-0.976014 0.216719 -0.020747
-0.975377 0.220541 0.000590
-0.976014 0.216719 -0.020747
-0.875645 0.481617 0.035946
-0.878687 0.476452 -0.030065
-0.975377 0.220541 0.000590
-0.999828 0.001715 -0.018468
-0.999758 0.002994 -0.021793
-0.999828 0.001715 -0.018468
-0.975377 0.220541 0.000590
-0.976014 0.216719 -0.020747
-0.999758 0.002994 -0.021793
-0.976772 -0.213035 -0.023052
-0.976228 -0.214082 -0.033873
-0.976772 -0.213035 -0.023052
-0.999758 0.002994 -0.021793
-0.999828 0.001715 -0.018468
-0.976228 -0.214082 -0.033873
-0.880813 -0.472149 -0.035272
-0.879307 -0.474633 -0.039275
-0.880813 -0.472149 -0.035272
-0.976228 -0.214082 -0.033873
-0.976772 -0.213035 -0.023052
-0.879307 -0.474633 -0.039275
-0.597903 -0.799697 -0.054734
-0.596390 -0.801560 -0.042674
-0.597903 -0.799697 -0.054734
-0.879307 -0.474633 -0.039275
-0.880813 -0.472149 -0.035272
-0.596390 -0.801560 -0.042674
-0.597903 -0.799697 -0.054734
-0.000000 -0.998981 -0.045123
-0.000000 -0.998981 -0.045123
-0.597903 -0.799697 -0.054734
-0.000000 -0.997761 -0.066881
-0.000000 -0.998981 -0.045123
0.597903 -0.799697 -0.054734
0.596390 -0.801560 -0.042674
0.597903 -0.799697 -0.054734
-0.000000 -0.998981 -0.045123
-0.000000 -0.997761 -0.066881
0.596390 -0.801560 -0.042674
0.597903 -0.799697 -0.054734
0.879307 -0.474633 -0.039275
0.879307 -0.474633 -0.039275
0.597903 -0.799697 -0.054734
0.880813 -0.472149 -0.035272
0.879307 -0.474633 -0.039275
0.880813 -0.472149 -0.035272
0.976228 -0.214082 -0.033873
0.976228 -0.214082 -0.033873
0.880813 -0.472149 -0.035272
0.976773 -0.213035 -0.023053
0.976228 -0.214082 -0.033873
0.976773 -0.213035 -0.023053
0.999758 0.002994 -0.021794
0.999758 0.002994 -0.021794
0.976773 -0.213035 -0.023053
0.999828 0.001715 -0.018468
0.971489 0.233294 0.042218
0.999941 0.003748 -0.010204
0.999758 0.002994 -0.021794
0.999758 0.002994 -0.021794
0.975378 0.220541 0.000590
0.971489 0.233294 0.042218
0.971489 0.233294 0.042218
0.975378 0.220541 0.000590
0.858090 0.498529 0.123085
0.975378 0.220541 0.000590
0.875645 0.481617 0.035945
0.858090 0.498529 0.123085
0.858090 0.498529 0.123085
0.875645 0.481617 0.035945
0.559963 0.798773 0.220006
0.875645 0.481617 0.035945
0.588615 0.804344 0.081011
0.559963 0.798773 0.220006
0.559963 0.798773 0.220006
0.588615 0.804344 0.081011
-0.000000 0.962827 0.270119
-0.000000 0.962827 0.270119
0.588615 0.804344 0.081011
-0.000000 0.994410 0.105588
-0.000000 0.962827 0.270119
-0.588615 0.804344 0.081011
-0.559964 0.798773 0.220006
-0.588615 0.804344 0.081011
-0.000000 0.962827 0.270119
-0.000000 0.994410 0.105588
-0.559964 0.798773 0.220006
-0.875645 0.481617 0.035946
-0.858090 0.498529 0.123085
-0.875645 0.481617 0.035946
-0.559964 0.798773 0.220006
-0.588615 0.804344 0.081011
-0.858090 0.498529 0.123085
-0.975377 0.220541 0.000590
-0.971489 0.233294 0.042219
-0.975377 0.220541 0.000590
-0.858090 0.498529 0.123085
-0.875645 0.481617 0.035946
-0.971489 0.233294 0.042219
-0.999758 0.002994 -0.021793
-0.999941 0.003748 -0.010203
-0.999758 0.002994 -0.021793
-0.971489 0.233294 0.042219
-0.975377 0.220541 0.000590
-0.999941 0.003748 -0.010203
-0.976228 -0.214082 -0.033873
-0.973412 -0.225847 -0.038245
-0.976228 -0.214082 -0.033873
-0.999941 0.003748 -0.010203
-0.999758 0.002994 -0.021793
-0.973412 -0.225847 -0.038245
-0.879307 -0.474633 -0.039275
-0.867363 -0.495278 -0.048797
-0.879307 -0.474633 -0.039275
-0.973412 -0.225847 -0.038245
-0.976228 -0.214082 -0.033873
-0.867363 -0.495278 -0.048797
-0.596390 -0.801560 -0.042674
-0.576364 -0.815624 -0.050618
-0.596390 -0.801560 -0.042674
-0.867363 -0.495278 -0.048797
-0.879307 -0.474633 -0.039275
-0.000000 -0.998699 -0.050990
-0.596390 -0.801560 -0.042674
-0.000000 -0.998981 -0.045123
-0.596390 -0.801560 -0.042674
-0.000000 -0.998699 -0.050990
-0.576364 -0.815624 -0.050618
-0.000000 -0.998699 -0.050990
0.596390 -0.801560 -0.042674
0.576364 -0.815624 -0.050618
0.596390 -0.801560 -0.042674
-0.000000 -0.998699 -0.050990
-0.000000 -0.998981 -0.045123
0.576364 -0.815624 -0.050618
0.596390 -0.801560 -0.042674
0.867363 -0.495278 -0.048797
0.867363 -0.495278 -0.048797
0.596390 -0.801560 -0.042674
0.879307 -0.474633 -0.039275
0.973412 -0.225847 -0.038245
0.867363 -0.495278 -0.048797
0.879307 -0.474633 -0.039275
0.973412 -0.225847 -0.038245
0.879307 -0.474633 -0.039275
0.976228 -0.214082 -0.033873
0.999941 0.003748 -0.010204
0.973412 -0.225847 -0.038245
0.976228 -0.214082 -0.033873
0.999941 0.003748 -0.010204
0.976228 -0.214082 -0.033873
0.999758 0.002994 -0.021794
0.958125 0.264259 0.110292
0.950320 0.294508 0.100779
0.999860 0.005352 0.015856
0.999343 -0.010019 0.034825
0.999860 0.005352 0.015856
0.950320 0.294508 0.100779
0.810786 0.532416 0.243224
0.781566 0.591857 0.197129
0.958125 0.264259 0.110292
0.950320 0.294508 0.100779
0.958125 0.264259 0.110292
0.781566 0.591857 0.197129
0.781566 0.591857 0.197129
0.497260 0.781469 0.376881
0.457709 0.837618 0.298159
0.497260 0.781469 0.376881
0.781566 0.591857 0.197129
0.810786 0.532416 0.243224
0.457709 0.837618 0.298159
-0.000001 0.898997 0.437956
-0.000001 0.938768 0.344551
-0.000001 0.898997 0.437956
0.457709 0.837618 0.298159
0.497260 0.781469 0.376881
-0.000001 0.938768 0.344551
-0.000001 0.898997 0.437956
-0.457710 0.837617 0.298159
-0.457710 0.837617 0.298159
-0.000001 0.898997 0.437956
-0.497261 0.781468 0.376881
-0.457710 0.837617 0.298159
-0.497261 0.781468 0.376881
-0.781566 0.591857 0.197129
-0.781566 0.591857 0.197129
-0.497261 0.781468 0.376881
-0.810787 0.532416 0.243224
-0.781566 0.591857 0.197129
-0.958125 0.264259 0.110292
-0.950320 0.294509 0.100779
-0.958125 0.264259 0.110292
-0.781566 0.591857 0.197129
-0.810787 0.532416 0.243224
-0.950320 0.294509 0.100779
-0.999860 0.005352 0.015856
-0.999343 -0.010019 0.034826
-0.999860 0.005352 0.015856
-0.950320 0.294509 0.100779
-0.958125 0.264259 0.110292
-0.999343 -0.010019 0.034826
-0.965898 -0.256811 -0.032995
-0.948749 -0.316029 0.000390
-0.965898 -0.256811 -0.032995
-0.999343 -0.010019 0.034826
-0.999860 0.005352 0.015856
-0.948749 -0.316029 0.000390
-0.836552 -0.546077 -0.044502
-0.783608 -0.621193 -0.008797
-0.836552 -0.546077 -0.044502
-0.948749 -0.316029 0.000390
-0.965898 -0.256811 -0.032995
-0.783608 -0.621193 -0.008797
-0.529710 -0.847435 -0.035502
-0.464301 -0.885672 -0.002941
-0.529710 -0.847435 -0.035502
-0.783608 -0.621193 -0.008797
-0.836552 -0.546077 -0.044502
-0.464301 -0.885672 -0.002941
-0.000000 -0.999592 -0.028548
-0.000000 -0.999997 0.002224
-0.000000 -0.999592 -0.028548
-0.464301 -0.885672 -0.002941
-0.529710 -0.847435 -0.035502
-0.000000 -0.999997 0.002224
-0.000000 -0.999592 -0.028548
0.464301 -0.885673 -0.002941
0.464301 -0.885673 -0.002941
-0.000000 -0.999592 -0.028548
0.529710 -0.847436 -0.035503
0.464301 -0.885673 -0.002941
0.529710 -0.847436 -0.035503
0.783608 -0.621194 -0.008797
0.783608 -0.621194 -0.008797
0.529710 -0.847436 -0.035503
0.836552 -0.546077 -0.044502
0.783608 -0.621194 -0.008797
0.836552 -0.546077 -0.044502
0.948749 -0.316029 0.000390
0.836552 -0.546077 -0.044502
0.965898 -0.256811 -0.032995
0.948749 -0.316029 0.000390
0.948749 -0.316029 0.000390
0.965898 -0.256811 -0.032995
0.999343 -0.010019 0.034825
0.965898 -0.256811 -0.032995
0.999860 0.005352 0.015856
0.999343 -0.010019 0.034825
0.992685 -0.004692 0.120639
0.999343 -0.010019 0.034825
0.933831 0.333029 0.130582
0.999343 -0.010019 0.034825
0.950320 0.294508 0.100779
0.933831 0.333029 0.130582
0.933831 0.333029 0.130582
0.950320 0.294508 0.100779
0.747272 0.648060 0.146983
0.950320 0.294508 0.100779
0.781566 0.591857 0.197129
0.747272 0.648060 0.146983
0.747272 0.648060 0.146983
0.457709 0.837618 0.298159
0.424244 0.890655 0.163557
0.457709 0.837618 0.298159
0.747272 0.648060 0.146983
0.781566 0.591857 0.197129
0.424244 0.890655 0.163557
-0.000001 0.938768 0.344551
-0.000000 0.985306 0.170796
-0.000001 0.938768 0.344551
0.424244 0.890655 0.163557
0.457709 0.837618 0.298159
-0.000000 0.985306 0.170796
-0.000001 0.938768 0.344551
-0.424244 0.890655 0.163557
-0.424244 0.890655 0.163557
-0.000001 0.938768 0.344551
-0.457710 0.837617 0.298159
-0.424244 0.890655 0.163557
-0.457710 0.837617 0.298159
-0.747272 0.648059 0.146983
-0.457710 0.837617 0.298159
-0.781566 0.591857 0.197129
-0.747272 0.648059 0.146983
-0.747272 0.648059 0.146983
-0.950320 0.294509 0.100779
-0.933831 0.333029 0.130583
-0.950320 0.294509 0.100779
-0.747272 0.648059 0.146983
-0.781566 0.591857 0.197129
-0.933831 0.333029 0.130583
-0.999343 -0.010019 0.034826
-0.992685 -0.004692 0.120640
-0.999343 -0.010019 0.034826
-0.933831 0.333029 0.130583
-0.950320 0.294509 0.100779
-0.992685 -0.004692 0.120640
-0.948749 -0.316029 0.000390
-0.932089 -0.342125 0.119001
-0.948749 -0.316029 0.000390
-0.992685 -0.004692 0.120640
-0.999343 -0.010019 0.034826
-0.932089 -0.342125 0.119001
-0.783608 -0.621193 -0.008797
-0.744346 -0.656170 0.124057
-0.783608 -0.621193 -0.008797
-0.932089 -0.342125 0.119001
-0.948749 -0.316029 0.000390
-0.744346 -0.656170 0.124057
-0.464301 -0.885672 -0.002941
-0.421737 -0.897174 0.131211
-0.464301 -0.885672 -0.002941
-0.744346 -0.656170 0.124057
-0.783608 -0.621193 -0.008797
-0.421737 -0.897174 0.131211
-0.000000 -0.999997 0.002224
0.000000 -0.990906 0.134560
-0.000000 -0.999997 0.002224
-0.421737 -0.897174 0.131211
-0.464301 -0.885672 -0.002941
0.000000 -0.990906 0.134560
-0.000000 -0.999997 0.002224
0.421738 -0.897174 0.131211
0.421738 -0.897174 0.131211
-0.000000 -0.999997 0.002224
0.464301 -0.885673 -0.002941
0.421738 -0.897174 0.131211
0.464301 -0.885673 -0.002941
0.744346 -0.656170 0.124056
0.464301 -0.885673 -0.002941
0.783608 -0.621194 -0.008797
0.744346 -0.656170 0.124056
0.744346 -0.656170 0.124056
0.783608 -0.621194 -0.008797
0.932089 -0.342125 0.119001
0.932089 -0.342125 0.119001
0.783608 -0.621194 -0.008797
0.948749 -0.316029 0.000390
0.932089 -0.342125 0.119001
0.948749 -0.316029 0.000390
0.992685 -0.004692 0.120639
0.948749 -0.316029 0.000390
0.999343 -0.010019 0.034825
0.992685 -0.004692 0.120639
0.913684 0.325186 0.243794
0.992685 -0.004692 0.120639
0.933831 0.333029 0.130582
0.992685 -0.004692 0.120639
0.913684 0.325186 0.243794
0.963529 -0.004645 0.267563
0.933831 0.333029 0.130582
0.736129 0.638920 0.223371
0.913684 0.325186 0.243794
0.736129 0.638920 0.223371
0.933831 0.333029 0.130582
0.747272 0.648060 0.146983
0.736129 0.638920 0.223371
0.424244 0.890655 0.163557
0.419187 0.882965 0.211317
0.424244 0.890655 0.163557
0.736129 0.638920 0.223371
0.747272 0.648060 0.146983
0.419187 0.882965 0.211317
-0.000000 0.985306 0.170796
-0.000001 0.978078 0.208240
-0.000000 0.985306 0.170796
0.419187 0.882965 0.211317
0.424244 0.890655 0.163557
-0.419188 0.882965 0.211318
-0.000001 0.978078 0.208240
-0.000000 0.985306 0.170796
-0.419188 0.882965 0.211318
-0.000000 0.985306 0.170796
-0.424244 0.890655 0.163557
-0.419188 0.882965 0.211318
-0.424244 0.890655 0.163557
-0.736130 0.638920 0.223372
-0.424244 0.890655 0.163557
-0.747272 0.648059 0.146983
-0.736130 0.638920 0.223372
-0.736130 0.638920 0.223372
-0.933831 0.333029 0.130583
-0.913684 0.325187 0.243795
-0.933831 0.333029 0.130583
-0.736130 0.638920 0.223372
-0.747272 0.648059 0.146983
-0.913684 0.325187 0.243795
-0.992685 -0.004692 0.120640
-0.963529 -0.004643 0.267563
-0.992685 -0.004692 0.120640
-0.913684 0.325187 0.243795
-0.933831 0.333029 0.130583
-0.898177 -0.329248 0.291332
-0.963529 -0.004643 0.267563
-0.992685 -0.004692 0.120640
-0.898177 -0.329248 0.291332
-0.992685 -0.004692 0.120640
-0.932089 -0.342125 0.119001
-0.898177 -0.329248 0.291332
-0.932089 -0.342125 0.119001
-0.712688 -0.627198 0.314162
-0.932089 -0.342125 0.119001
-0.744346 -0.656170 0.124057
-0.712688 -0.627198 0.314162
-0.712688 -0.627198 0.314162
-0.421737 -0.897174 0.131211
-0.401869 -0.853136 0.332658
-0.421737 -0.897174 0.131211
-0.712688 -0.627198 0.314162
-0.744346 -0.656170 0.124057
-0.401869 -0.853136 0.332658
0.000000 -0.990906 0.134560
0.000001 -0.940370 0.340154
0.000000 -0.990906 0.134560
-0.401869 -0.853136 0.332658
-0.421737 -0.897174 0.131211
0.401870 -0.853135 0.332659
0.000000 -0.990906 0.134560
0.421738 -0.897174 0.131211
0.000000 -0.990906 0.134560
0.401870 -0.853135 0.332659
0.000001 -0.940370 0.340154
0.421738 -0.897174 0.131211
0.712688 -0.627198 0.314162
0.401870 -0.853135 0.332659
0.712688 -0.627198 0.314162
0.421738 -0.897174 0.131211
0.744346 -0.656170 0.124056
0.712688 -0.627198 0.314162
0.932089 -0.342125 0.119001
0.898177 -0.329249 0.291332
0.932089 -0.342125 0.119001
0.712688 -0.627198 0.314162
0.744346 -0.656170 0.124056
0.898177 -0.329249 0.291332
0.992685 -0.004692 0.120639
0.963529 -0.004645 0.267563
0.992685 -0.004692 0.120639
0.898177 -0.329249 0.291332
0.932089 -0.342125 0.119001
0.887157 0.451195 -0.096824
0.958799 0.129490 0.252857
0.966029 0.239998 0.095864
0.738656 -0.087165 0.668423
0.966029 0.239998 0.095864
0.958799 0.129490 0.252857
0.688559 0.720247 -0.084446
0.887157 0.451195 -0.096824
0.783547 0.609088 -0.122745
0.966029 0.239998 0.095864
0.783547 0.609088 -0.122745
0.887157 0.451195 -0.096824
0.688559 0.720247 -0.084446
0.439245 0.897676 0.035233
0.396315 0.916357 0.056774
0.439245 0.897676 0.035233
0.688559 0.720247 -0.084446
0.783547 0.609088 -0.122745
0.396315 0.916357 0.056774
-0.000001 0.989546 0.144219
0.000000 0.989546 0.144219
-0.000001 0.989546 0.144219
0.396315 0.916357 0.056774
0.439245 0.897676 0.035233
-0.396315 0.916357 0.056775
-0.000001 0.989546 0.144219
-0.439246 0.897676 0.035233
-0.000001 0.989546 0.144219
-0.396315 0.916357 0.056775
0.000000 0.989546 0.144219
-0.688559 0.720247 -0.084446
-0.396315 0.916357 0.056775
-0.439246 0.897676 0.035233
-0.439246 0.897676 0.035233
-0.783548 0.609086 -0.122745
-0.688559 0.720247 -0.084446
-0.887158 0.451194 -0.096823
-0.688559 0.720247 -0.084446
-0.783548 0.609086 -0.122745
-0.783548 0.609086 -0.122745
-0.966029 0.239999 0.095861
-0.887158 0.451194 -0.096823
-0.958800 0.129492 0.252854
-0.887158 0.451194 -0.096823
-0.966029 0.239999 0.095861
-0.966029 0.239999 0.095861
-0.738660 -0.087161 0.668419
-0.958800 0.129492 0.252854
-0.738660 -0.087161 0.668419
-0.379329 -0.185926 0.906389
-0.613873 -0.139212 0.777033
-0.738660 -0.087161 0.668419
-0.613873 -0.139212 0.777033
-0.958800 0.129492 0.252854
-0.185963 -0.194555 0.963102
-0.271516 -0.194791 0.942515
-0.379329 -0.185926 0.906389
-0.379329 -0.185926 0.906389
-0.271516 -0.194791 0.942515
-0.613873 -0.139212 0.777033
-0.103904 -0.191885 0.975902
-0.185963 -0.194555 0.963102
-0.077904 -0.190435 0.978604
-0.103904 -0.191885 0.975902
-0.271516 -0.194791 0.942515
-0.185963 -0.194555 0.963102
0.000003 -0.188383 0.982096
-0.103904 -0.191885 0.975902
-0.077904 -0.190435 0.978604
0.000003 -0.188383 0.982096
-0.077904 -0.190435 0.978604
0.000003 -0.188383 0.982096
0.000003 -0.188383 0.982096
0.077910 -0.190432 0.978604
0.103911 -0.191882 0.975902
0.077910 -0.190432 0.978604
0.000003 -0.188383 0.982096
0.000003 -0.188383 0.982096
0.103911 -0.191882 0.975902
0.185966 -0.194552 0.963102
0.271511 -0.194790 0.942517
0.103911 -0.191882 0.975902
0.077910 -0.190432 0.978604
0.185966 -0.194552 0.963102
0.271511 -0.194790 0.942517
0.185966 -0.194552 0.963102
0.379319 -0.185927 0.906393
0.379319 -0.185927 0.906393
0.613868 -0.139215 0.777036
0.271511 -0.194790 0.942517
0.958799 0.129490 0.252857
0.613868 -0.139215 0.777036
0.738656 -0.087165 0.668423
0.379319 -0.185927 0.906393
0.738656 -0.087165 0.668423
0.613868 -0.139215 0.777036
0.914351 0.008885 0.404825
0.868309 0.336089 0.364805
0.859349 0.363365 0.359841
0.868309 0.336089 0.364805
0.914351 0.008885 0.404825
0.913856 -0.007696 0.405966
0.673899 0.680626 0.287417
0.868309 0.336089 0.364805
0.695163 0.655819 0.294362
0.868309 0.336089 0.364805
0.673899 0.680626 0.287417
0.859349 0.363365 0.359841
0.673899 0.680626 0.287417
0.391297 0.892846 0.222966
0.370979 0.902286 0.219670
0.391297 0.892846 0.222966
0.673899 0.680626 0.287417
0.695163 0.655819 0.294362
0.370979 0.902286 0.219670
-0.000001 0.981371 0.192122
-0.000000 0.981371 0.192122
-0.000001 0.981371 0.192122
0.370979 0.902286 0.219670
0.391297 0.892846 0.222966
-0.370980 0.902286 0.219669
-0.000001 0.981371 0.192122
-0.391300 0.892844 0.222965
-0.000001 0.981371 0.192122
-0.370980 0.902286 0.219669
-0.000000 0.981371 0.192122
-0.370980 0.902286 0.219669
-0.391300 0.892844 0.222965
-0.673899 0.680626 0.287415
-0.673899 0.680626 0.287415
-0.391300 0.892844 0.222965
-0.695164 0.655819 0.294361
-0.673899 0.680626 0.287415
-0.868308 0.336094 0.364803
-0.859349 0.363367 0.359839
-0.868308 0.336094 0.364803
-0.673899 0.680626 0.287415
-0.695164 0.655819 0.294361
-0.914352 0.008887 0.404824
-0.859349 0.363367 0.359839
-0.868308 0.336094 0.364803
-0.914352 0.008887 0.404824
-0.868308 0.336094 0.364803
-0.913857 -0.007692 0.405964
-0.846110 -0.339697 0.410737
-0.914352 0.008887 0.404824
-0.913857 -0.007692 0.405964
-0.846110 -0.339697 0.410737
-0.913857 -0.007692 0.405964
-0.844920 -0.342802 0.410607
-0.658498 -0.646063 0.385983
-0.846110 -0.339697 0.410737
-0.844920 -0.342802 0.410607
-0.658498 -0.646063 0.385983
-0.844920 -0.342802 0.410607
-0.662256 -0.641880 0.386533
-0.658498 -0.646063 0.385983
-0.368563 -0.859631 0.353831
-0.362745 -0.862310 0.353323
-0.368563 -0.859631 0.353831
-0.658498 -0.646063 0.385983
-0.662256 -0.641880 0.386533
-0.362745 -0.862310 0.353323
0.000002 -0.940933 0.338594
0.000001 -0.940933 0.338594
0.000002 -0.940933 0.338594
-0.362745 -0.862310 0.353323
-0.368563 -0.859631 0.353831
0.362747 -0.862310 0.353321
0.000002 -0.940933 0.338594
0.368567 -0.859630 0.353828
0.000002 -0.940933 0.338594
0.362747 -0.862310 0.353321
0.000001 -0.940933 0.338594
0.368567 -0.859630 0.353828
0.658499 -0.646064 0.385980
0.362747 -0.862310 0.353321
0.658499 -0.646064 0.385980
0.368567 -0.859630 0.353828
0.662256 -0.641881 0.386530
0.658499 -0.646064 0.385980
0.844918 -0.342805 0.410607
0.846109 -0.339699 0.410736
0.844918 -0.342805 0.410607
0.658499 -0.646064 0.385980
0.662256 -0.641881 0.386530
0.846109 -0.339699 0.410736
0.913856 -0.007696 0.405966
0.914351 0.008885 0.404825
0.913856 -0.007696 0.405966
0.846109 -0.339699 0.410736
0.844918 -0.342805 0.410607
0.901197 -0.002744 0.433400
0.913684 0.325186 0.243794
0.873642 0.308642 0.376151
0.913684 0.325186 0.243794
0.901197 -0.002744 0.433400
0.963529 -0.004645 0.267563
0.719133 0.620837 0.312105
0.913684 0.325186 0.243794
0.736129 0.638920 0.223371
0.913684 0.325186 0.243794
0.719133 0.620837 0.312105
0.873642 0.308642 0.376151
0.719133 0.620837 0.312105
0.419187 0.882965 0.211317
0.418061 0.871612 0.255964
0.419187 0.882965 0.211317
0.719133 0.620837 0.312105
0.736129 0.638920 0.223371
0.418061 0.871612 0.255964
-0.000001 0.978078 0.208240
-0.000001 0.972519 0.232824
-0.000001 0.978078 0.208240
0.418061 0.871612 0.255964
0.419187 0.882965 0.211317
-0.000001 0.972519 0.232824
-0.000001 0.978078 0.208240
-0.418063 0.871611 0.255965
-0.418063 0.871611 0.255965
-0.000001 0.978078 0.208240
-0.419188 0.882965 0.211318
-0.418063 0.871611 0.255965
-0.419188 0.882965 0.211318
-0.719133 0.620837 0.312105
-0.719133 0.620837 0.312105
-0.419188 0.882965 0.211318
-0.736130 0.638920 0.223372
-0.719133 0.620837 0.312105
-0.913684 0.325187 0.243795
-0.873642 0.308644 0.376151
-0.913684 0.325187 0.243795
-0.719133 0.620837 0.312105
-0.736130 0.638920 0.223372
-0.873642 0.308644 0.376151
-0.913684 0.325187 0.243795
-0.901198 -0.002742 0.433400
-0.901198 -0.002742 0.433400
-0.913684 0.325187 0.243795
-0.963529 -0.004643 0.267563
-0.901198 -0.002742 0.433400
-0.963529 -0.004643 0.267563
-0.825695 -0.297432 0.479335
-0.825695 -0.297432 0.479335
-0.963529 -0.004643 0.267563
-0.898177 -0.329248 0.291332
-0.825695 -0.297432 0.479335
-0.898177 -0.329248 0.291332
-0.647786 -0.561794 0.514548
-0.647786 -0.561794 0.514548
-0.898177 -0.329248 0.291332
-0.712688 -0.627198 0.314162
-0.647786 -0.561794 0.514548
-0.401869 -0.853136 0.332658
-0.363055 -0.760446 0.538436
-0.401869 -0.853136 0.332658
-0.647786 -0.561794 0.514548
-0.712688 -0.627198 0.314162
-0.363055 -0.760446 0.538436
0.000001 -0.940370 0.340154
0.000001 -0.836979 0.547234
0.000001 -0.940370 0.340154
-0.363055 -0.760446 0.538436
-0.401869 -0.853136 0.332658
0.363057 -0.760445 0.538436
0.000001 -0.940370 0.340154
0.401870 -0.853135 0.332659
0.000001 -0.940370 0.340154
0.363057 -0.760445 0.538436
0.000001 -0.836979 0.547234
0.401870 -0.853135 0.332659
0.647787 -0.561794 0.514547
0.363057 -0.760445 0.538436
0.647787 -0.561794 0.514547
0.401870 -0.853135 0.332659
0.712688 -0.627198 0.314162
0.647787 -0.561794 0.514547
0.898177 -0.329249 0.291332
0.825694 -0.297433 0.479336
0.898177 -0.329249 0.291332
0.647787 -0.561794 0.514547
0.712688 -0.627198 0.314162
0.825694 -0.297433 0.479336
0.963529 -0.004645 0.267563
0.901197 -0.002744 0.433400
0.963529 -0.004645 0.267563
0.825694 -0.297433 0.479336
0.898177 -0.329249 0.291332
0.857460 0.025005 0.513942
0.873642 0.308642 0.376151
0.837117 0.319472 0.444042
0.873642 0.308642 0.376151
0.857460 0.025005 0.513942
0.901197 -0.002744 0.433400
0.693144 0.622460 0.363448
0.873642 0.308642 0.376151
0.719133 0.620837 0.312105
0.873642 0.308642 0.376151
0.693144 0.622460 0.363448
0.837117 0.319472 0.444042
0.693144 0.622460 0.363448
0.418061 0.871612 0.255964
0.402013 0.869215 0.287839
0.418061 0.871612 0.255964
0.693144 0.622460 0.363448
0.719133 0.620837 0.312105
0.402013 0.869215 0.287839
-0.000001 0.972519 0.232824
-0.000000 0.966550 0.256480
-0.000001 0.972519 0.232824
0.402013 0.869215 0.287839
0.418061 0.871612 0.255964
-0.000000 0.966550 0.256480
-0.000001 0.972519 0.232824
-0.402014 0.869214 0.287839
-0.402014 0.869214 0.287839
-0.000001 0.972519 0.232824
-0.418063 0.871611 0.255965
-0.402014 0.869214 0.287839
-0.418063 0.871611 0.255965
-0.693145 0.622460 0.363447
-0.693145 0.622460 0.363447
-0.418063 0.871611 0.255965
-0.719133 0.620837 0.312105
-0.693145 0.622460 0.363447
-0.873642 0.308644 0.376151
-0.837117 0.319474 0.444040
-0.873642 0.308644 0.376151
-0.693145 0.622460 0.363447
-0.719133 0.620837 0.312105
-0.837117 0.319474 0.444040
-0.873642 0.308644 0.376151
-0.857461 0.025008 0.513941
-0.857461 0.025008 0.513941
-0.873642 0.308644 0.376151
-0.901198 -0.002742 0.433400
-0.857461 0.025008 0.513941
-0.901198 -0.002742 0.433400
-0.781169 -0.247594 0.573125
-0.781169 -0.247594 0.573125
-0.901198 -0.002742 0.433400
-0.825695 -0.297432 0.479335
-0.781169 -0.247594 0.573125
-0.825695 -0.297432 0.479335
-0.611664 -0.488907 0.621962
-0.611664 -0.488907 0.621962
-0.825695 -0.297432 0.479335
-0.647786 -0.561794 0.514548
-0.647786 -0.561794 0.514548
-0.363055 -0.760446 0.538436
-0.343333 -0.670301 0.657889
-0.343333 -0.670301 0.657889
-0.611664 -0.488907 0.621962
-0.647786 -0.561794 0.514548
-0.343333 -0.670301 0.657889
0.000001 -0.836979 0.547234
0.000002 -0.740633 0.671910
0.000001 -0.836979 0.547234
-0.343333 -0.670301 0.657889
-0.363055 -0.760446 0.538436
0.000001 -0.836979 0.547234
0.343337 -0.670301 0.657888
0.000002 -0.740633 0.671910
0.343337 -0.670301 0.657888
0.000001 -0.836979 0.547234
0.363057 -0.760445 0.538436
0.363057 -0.760445 0.538436
0.647787 -0.561794 0.514547
0.343337 -0.670301 0.657888
0.647787 -0.561794 0.514547
0.611665 -0.488908 0.621961
0.343337 -0.670301 0.657888
0.781168 -0.247597 0.573126
0.611665 -0.488908 0.621961
0.825694 -0.297433 0.479336
0.825694 -0.297433 0.479336
0.611665 -0.488908 0.621961
0.647787 -0.561794 0.514547
0.781168 -0.247597 0.573126
0.901197 -0.002744 0.433400
0.857460 0.025005 0.513942
0.901197 -0.002744 0.433400
0.781168 -0.247597 0.573126
0.825694 -0.297433 0.479336
0.999860 0.005352 0.015856
0.999941 0.003748 -0.010204
0.958125 0.264259 0.110292
0.958125 0.264259 0.110292
0.999941 0.003748 -0.010204
0.971489 0.233294 0.042218
0.958125 0.264259 0.110292
0.971489 0.233294 0.042218
0.810786 0.532416 0.243224
0.810786 0.532416 0.243224
0.971489 0.233294 0.042218
0.858090 0.498529 0.123085
0.810786 0.532416 0.243224
0.858090 0.498529 0.123085
0.497260 0.781469 0.376881
0.497260 0.781469 0.376881
0.858090 0.498529 0.123085
0.559963 0.798773 0.220006
0.497260 0.781469 0.376881
0.559963 0.798773 0.220006
-0.000001 0.898997 0.437956
-0.000001 0.898997 0.437956
0.559963 0.798773 0.220006
-0.000000 0.962827 0.270119
-0.000001 0.898997 0.437956
-0.559964 0.798773 0.220006
-0.497261 0.781468 0.376881
-0.559964 0.798773 0.220006
-0.000001 0.898997 0.437956
-0.000000 0.962827 0.270119
-0.497261 0.781468 0.376881
-0.858090 0.498529 0.123085
-0.810787 0.532416 0.243224
-0.858090 0.498529 0.123085
-0.497261 0.781468 0.376881
-0.559964 0.798773 0.220006
-0.810787 0.532416 0.243224
-0.971489 0.233294 0.042219
-0.958125 0.264259 0.110292
-0.971489 0.233294 0.042219
-0.810787 0.532416 0.243224
-0.858090 0.498529 0.123085
-0.958125 0.264259 0.110292
-0.999941 0.003748 -0.010203
-0.999860 0.005352 0.015856
-0.999941 0.003748 -0.010203
-0.958125 0.264259 0.110292
-0.971489 0.233294 0.042219
-0.999860 0.005352 0.015856
-0.973412 -0.225847 -0.038245
-0.965898 -0.256811 -0.032995
-0.973412 -0.225847 -0.038245
-0.999860 0.005352 0.015856
-0.999941 0.003748 -0.010203
-0.965898 -0.256811 -0.032995
-0.867363 -0.495278 -0.048797
-0.836552 -0.546077 -0.044502
-0.867363 -0.495278 -0.048797
-0.965898 -0.256811 -0.032995
-0.973412 -0.225847 -0.038245
-0.836552 -0.546077 -0.044502
-0.576364 -0.815624 -0.050618
-0.529710 -0.847435 -0.035502
-0.576364 -0.815624 -0.050618
-0.836552 -0.546077 -0.044502
-0.867363 -0.495278 -0.048797
-0.000000 -0.999592 -0.028548
-0.576364 -0.815624 -0.050618
-0.000000 -0.998699 -0.050990
-0.576364 -0.815624 -0.050618
-0.000000 -0.999592 -0.028548
-0.529710 -0.847435 -0.035502
-0.000000 -0.999592 -0.028548
0.576364 -0.815624 -0.050618
0.529710 -0.847436 -0.035503
0.576364 -0.815624 -0.050618
-0.000000 -0.999592 -0.028548
-0.000000 -0.998699 -0.050990
0.529710 -0.847436 -0.035503
0.576364 -0.815624 -0.050618
0.836552 -0.546077 -0.044502
0.836552 -0.546077 -0.044502
0.576364 -0.815624 -0.050618
0.867363 -0.495278 -0.048797
0.836552 -0.546077 -0.044502
0.867363 -0.495278 -0.048797
0.965898 -0.256811 -0.032995
0.965898 -0.256811 -0.032995
0.867363 -0.495278 -0.048797
0.973412 -0.225847 -0.038245
0.965898 -0.256811 -0.032995
0.973412 -0.225847 -0.038245
0.999860 0.005352 0.015856
0.999860 0.005352 0.015856
0.973412 -0.225847 -0.038245
0.999941 0.003748 -0.010204
0.999260 0.005104 -0.038131
0.964737 0.249450 -0.084002
0.968868 0.236028 -0.074736
0.964737 0.249450 -0.084002
0.999260 0.005104 -0.038131
0.998384 -0.005717 -0.056544
0.968868 0.236028 -0.074736
0.837454 0.530142 -0.132740
0.853811 0.501419 -0.139945
0.837454 0.530142 -0.132740
0.968868 0.236028 -0.074736
0.964737 0.249450 -0.084002
0.853811 0.501419 -0.139945
0.533144 0.822468 -0.198249
0.556771 0.801091 -0.219680
0.533144 0.822468 -0.198249
0.853811 0.501419 -0.139945
0.837454 0.530142 -0.132740
0.533144 0.822468 -0.198249
0.000000 0.965579 -0.260111
0.556771 0.801091 -0.219680
0.000000 0.965579 -0.260111
0.533144 0.822468 -0.198249
0.000000 0.971750 -0.236013
0.000000 0.965579 -0.260111
-0.533145 0.822469 -0.198248
-0.556771 0.801091 -0.219680
-0.533145 0.822469 -0.198248
0.000000 0.965579 -0.260111
0.000000 0.971750 -0.236013
-0.556771 0.801091 -0.219680
-0.533145 0.822469 -0.198248
-0.853812 0.501419 -0.139945
-0.853812 0.501419 -0.139945
-0.533145 0.822469 -0.198248
-0.837454 0.530142 -0.132740
-0.853812 0.501419 -0.139945
-0.837454 0.530142 -0.132740
-0.968868 0.236028 -0.074736
-0.968868 0.236028 -0.074736
-0.837454 0.530142 -0.132740
-0.964737 0.249450 -0.084001
-0.968868 0.236028 -0.074736
-0.964737 0.249450 -0.084001
-0.999260 0.005104 -0.038131
-0.999260 0.005104 -0.038131
-0.964737 0.249450 -0.084001
-0.998384 -0.005717 -0.056544
-0.999260 0.005104 -0.038131
-0.998384 -0.005717 -0.056544
-0.973617 -0.226282 -0.029427
-0.973617 -0.226282 -0.029427
-0.998384 -0.005717 -0.056544
-0.963976 -0.261796 -0.047042
-0.973617 -0.226282 -0.029427
-0.963976 -0.261796 -0.047042
-0.866878 -0.496398 -0.045945
-0.866878 -0.496398 -0.045945
-0.963976 -0.261796 -0.047042
-0.836230 -0.545808 -0.053038
-0.866878 -0.496398 -0.045945
-0.531476 -0.844169 -0.070093
-0.575261 -0.814016 -0.080335
-0.531476 -0.844169 -0.070093
-0.866878 -0.496398 -0.045945
-0.836230 -0.545808 -0.053038
-0.575261 -0.814016 -0.080335
-0.531476 -0.844169 -0.070093
0.000000 -0.994797 -0.101878
0.000000 -0.994797 -0.101878
-0.531476 -0.844169 -0.070093
0.000000 -0.996705 -0.081112
0.000000 -0.994797 -0.101878
0.531476 -0.844169 -0.070094
0.575261 -0.814016 -0.080335
0.531476 -0.844169 -0.070094
0.000000 -0.994797 -0.101878
0.000000 -0.996705 -0.081112
0.575261 -0.814016 -0.080335
0.531476 -0.844169 -0.070094
0.866878 -0.496398 -0.045945
0.866878 -0.496398 -0.045945
0.531476 -0.844169 -0.070094
0.836230 -0.545808 -0.053039
0.866878 -0.496398 -0.045945
0.963976 -0.261796 -0.047042
0.973617 -0.226282 -0.029427
0.963976 -0.261796 -0.047042
0.866878 -0.496398 -0.045945
0.836230 -0.545808 -0.053039
0.973617 -0.226282 -0.029427
0.998384 -0.005717 -0.056544
0.999260 0.005104 -0.038131
0.998384 -0.005717 -0.056544
0.973617 -0.226282 -0.029427
0.963976 -0.261796 -0.047042
0.998384 -0.005717 -0.056544
0.964356 0.256164 -0.066316
0.964737 0.249450 -0.084002
0.964356 0.256164 -0.066316
0.998384 -0.005717 -0.056544
0.997432 -0.001225 -0.071607
0.964737 0.249450 -0.084002
0.838355 0.542157 -0.056797
0.837454 0.530142 -0.132740
0.838355 0.542157 -0.056797
0.964737 0.249450 -0.084002
0.964356 0.256164 -0.066316
0.837454 0.530142 -0.132740
0.838355 0.542157 -0.056797
0.533144 0.822468 -0.198249
0.533144 0.822468 -0.198249
0.838355 0.542157 -0.056797
0.533993 0.844217 -0.046350
0.533144 0.822468 -0.198249
0.533993 0.844217 -0.046350
0.000000 0.971750 -0.236013
0.000000 0.971750 -0.236013
0.533993 0.844217 -0.046350
0.000000 0.999136 -0.041551
0.000000 0.971750 -0.236013
-0.533993 0.844217 -0.046350
-0.533145 0.822469 -0.198248
-0.533993 0.844217 -0.046350
0.000000 0.971750 -0.236013
0.000000 0.999136 -0.041551
-0.533145 0.822469 -0.198248
-0.838356 0.542157 -0.056797
-0.837454 0.530142 -0.132740
-0.838356 0.542157 -0.056797
-0.533145 0.822469 -0.198248
-0.533993 0.844217 -0.046350
-0.837454 0.530142 -0.132740
-0.838356 0.542157 -0.056797
-0.964737 0.249450 -0.084001
-0.964737 0.249450 -0.084001
-0.838356 0.542157 -0.056797
-0.964356 0.256164 -0.066316
-0.964737 0.249450 -0.084001
-0.964356 0.256164 -0.066316
-0.998384 -0.005717 -0.056544
-0.998384 -0.005717 -0.056544
-0.964356 0.256164 -0.066316
-0.997432 -0.001225 -0.071606
-0.998384 -0.005717 -0.056544
-0.963291 -0.258603 -0.072072
-0.963976 -0.261796 -0.047042
-0.963291 -0.258603 -0.072072
-0.998384 -0.005717 -0.056544
-0.997432 -0.001225 -0.071606
-0.963976 -0.261796 -0.047042
-0.836012 -0.544318 -0.069292
-0.836230 -0.545808 -0.053038
-0.836012 -0.544318 -0.069292
-0.963976 -0.261796 -0.047042
-0.963291 -0.258603 -0.072072
-0.836230 -0.545808 -0.053038
-0.836012 -0.544318 -0.069292
-0.531476 -0.844169 -0.070093
-0.531476 -0.844169 -0.070093
-0.836012 -0.544318 -0.069292
-0.530900 -0.844814 -0.066591
-0.530900 -0.844814 -0.066591
0.000000 -0.996705 -0.081112
-0.531476 -0.844169 -0.070093
0.000000 -0.996705 -0.081112
-0.530900 -0.844814 -0.066591
0.000000 -0.997821 -0.065976
0.000000 -0.996705 -0.081112
0.530899 -0.844814 -0.066591
0.531476 -0.844169 -0.070094
0.530899 -0.844814 -0.066591
0.000000 -0.996705 -0.081112
0.000000 -0.997821 -0.065976
0.531476 -0.844169 -0.070094
0.836012 -0.544318 -0.069292
0.836230 -0.545808 -0.053039
0.836012 -0.544318 -0.069292
0.531476 -0.844169 -0.070094
0.530899 -0.844814 -0.066591
0.836230 -0.545808 -0.053039
0.836012 -0.544318 -0.069292
0.963976 -0.261796 -0.047042
0.963976 -0.261796 -0.047042
0.836012 -0.544318 -0.069292
0.963291 -0.258603 -0.072072
0.963291 -0.258603 -0.072072
0.998384 -0.005717 -0.056544
0.963976 -0.261796 -0.047042
0.998384 -0.005717 -0.056544
0.963291 -0.258603 -0.072072
0.997432 -0.001225 -0.071607
0.997432 -0.001225 -0.071607
0.996163 0.001374 -0.087511
0.964356 0.256164 -0.066316
0.964356 0.256164 -0.066316
0.996163 0.001374 -0.087511
0.964571 0.248705 -0.088031
0.964356 0.256164 -0.066316
0.964571 0.248705 -0.088031
0.838355 0.542157 -0.056797
0.838355 0.542157 -0.056797
0.964571 0.248705 -0.088031
0.843091 0.529305 -0.095053
0.838355 0.542157 -0.056797
0.539842 0.834902 -0.107281
0.533993 0.844217 -0.046350
0.539842 0.834902 -0.107281
0.838355 0.542157 -0.056797
0.843091 0.529305 -0.095053
0.533993 0.844217 -0.046350
0.539842 0.834902 -0.107281
0.000000 0.999136 -0.041551
0.000000 0.999136 -0.041551
0.539842 0.834902 -0.107281
0.000000 0.993460 -0.114181
0.000000 0.999136 -0.041551
-0.539842 0.834902 -0.107281
-0.533993 0.844217 -0.046350
-0.539842 0.834902 -0.107281
0.000000 0.999136 -0.041551
0.000000 0.993460 -0.114181
-0.539842 0.834902 -0.107281
-0.838356 0.542157 -0.056797
-0.533993 0.844217 -0.046350
-0.838356 0.542157 -0.056797
-0.539842 0.834902 -0.107281
-0.843091 0.529304 -0.095053
-0.838356 0.542157 -0.056797
-0.964571 0.248705 -0.088031
-0.964356 0.256164 -0.066316
-0.964571 0.248705 -0.088031
-0.838356 0.542157 -0.056797
-0.843091 0.529304 -0.095053
-0.964356 0.256164 -0.066316
-0.996163 0.001374 -0.087511
-0.997432 -0.001225 -0.071606
-0.996163 0.001374 -0.087511
-0.964356 0.256164 -0.066316
-0.964571 0.248705 -0.088031
-0.997432 -0.001225 -0.071606
-0.964850 -0.245724 -0.093187
-0.963291 -0.258603 -0.072072
-0.964850 -0.245724 -0.093187
-0.997432 -0.001225 -0.071606
-0.996163 0.001374 -0.087511
-0.963291 -0.258603 -0.072072
-0.844007 -0.525716 -0.106188
-0.836012 -0.544318 -0.069292
-0.844007 -0.525716 -0.106188
-0.963291 -0.258603 -0.072072
-0.964850 -0.245724 -0.093187
-0.836012 -0.544318 -0.069292
-0.541633 -0.831220 -0.125331
-0.530900 -0.844814 -0.066591
-0.541633 -0.831220 -0.125331
-0.836012 -0.544318 -0.069292
-0.844007 -0.525716 -0.106188
-0.530900 -0.844814 -0.066591
-0.541633 -0.831220 -0.125331
0.000000 -0.997821 -0.065976
0.000000 -0.997821 -0.065976
-0.541633 -0.831220 -0.125331
0.000000 -0.990695 -0.136103
0.000000 -0.997821 -0.065976
0.541633 -0.831220 -0.125331
0.530899 -0.844814 -0.066591
0.541633 -0.831220 -0.125331
0.000000 -0.997821 -0.065976
0.000000 -0.990695 -0.136103
0.530899 -0.844814 -0.066591
0.541633 -0.831220 -0.125331
0.836012 -0.544318 -0.069292
0.836012 -0.544318 -0.069292
0.541633 -0.831220 -0.125331
0.844006 -0.525716 -0.106188
0.836012 -0.544318 -0.069292
0.844006 -0.525716 -0.106188
0.963291 -0.258603 -0.072072
0.963291 -0.258603 -0.072072
0.844006 -0.525716 -0.106188
0.964850 -0.245724 -0.093188
0.963291 -0.258603 -0.072072
0.964850 -0.245724 -0.093188
0.997432 -0.001225 -0.071607
0.997432 -0.001225 -0.071607
0.964850 -0.245724 -0.093188
0.996163 0.001374 -0.087511
0.996163 0.001374 -0.087511
0.919565 0.296620 -0.257714
0.964571 0.248705 -0.088031
0.919565 0.296620 -0.257714
0.996163 0.001374 -0.087511
0.968047 -0.000306 -0.250770
0.964571 0.248705 -0.088031
0.761541 0.586162 -0.276530
0.843091 0.529305 -0.095053
0.761541 0.586162 -0.276530
0.964571 0.248705 -0.088031
0.919565 0.296620 -0.257714
0.843091 0.529305 -0.095053
0.455611 0.837155 -0.302637
0.539842 0.834902 -0.107281
0.455611 0.837155 -0.302637
0.843091 0.529305 -0.095053
0.761541 0.586162 -0.276530
0.539842 0.834902 -0.107281
0.455611 0.837155 -0.302637
0.000000 0.993460 -0.114181
0.000000 0.993460 -0.114181
0.455611 0.837155 -0.302637
0.000000 0.948433 -0.316978
0.000000 0.993460 -0.114181
-0.455611 0.837155 -0.302637
-0.539842 0.834902 -0.107281
-0.455611 0.837155 -0.302637
0.000000 0.993460 -0.114181
0.000000 0.948433 -0.316978
-0.539842 0.834902 -0.107281
-0.455611 0.837155 -0.302637
-0.843091 0.529304 -0.095053
-0.843091 0.529304 -0.095053
-0.455611 0.837155 -0.302637
-0.761542 0.586160 -0.276531
-0.843091 0.529304 -0.095053
-0.761542 0.586160 -0.276531
-0.964571 0.248705 -0.088031
-0.964571 0.248705 -0.088031
-0.761542 0.586160 -0.276531
-0.919566 0.296619 -0.257714
-0.964571 0.248705 -0.088031
-0.919566 0.296619 -0.257714
-0.996163 0.001374 -0.087511
-0.996163 0.001374 -0.087511
-0.919566 0.296619 -0.257714
-0.968047 -0.000305 -0.250770
-0.996163 0.001374 -0.087511
-0.919826 -0.297370 -0.255913
-0.964850 -0.245724 -0.093187
-0.919826 -0.297370 -0.255913
-0.996163 0.001374 -0.087511
-0.968047 -0.000305 -0.250770
-0.964850 -0.245724 -0.093187
-0.762013 -0.587357 -0.272667
-0.844007 -0.525716 -0.106188
-0.762013 -0.587357 -0.272667
-0.964850 -0.245724 -0.093187
-0.919826 -0.297370 -0.255913
-0.844007 -0.525716 -0.106188
-0.456049 -0.839082 -0.296583
-0.541633 -0.831220 -0.125331
-0.456049 -0.839082 -0.296583
-0.844007 -0.525716 -0.106188
-0.762013 -0.587357 -0.272667
-0.541633 -0.831220 -0.125331
-0.456049 -0.839082 -0.296583
0.000000 -0.990695 -0.136103
0.000000 -0.990695 -0.136103
-0.456049 -0.839082 -0.296583
0.000000 -0.950788 -0.309843
0.000000 -0.990695 -0.136103
0.456049 -0.839082 -0.296583
0.541633 -0.831220 -0.125331
0.456049 -0.839082 -0.296583
0.000000 -0.990695 -0.136103
0.000000 -0.950788 -0.309843
0.541633 -0.831220 -0.125331
0.456049 -0.839082 -0.296583
0.844006 -0.525716 -0.106188
0.844006 -0.525716 -0.106188
0.456049 -0.839082 -0.296583
0.762012 -0.587359 -0.272666
0.844006 -0.525716 -0.106188
0.762012 -0.587359 -0.272666
0.964850 -0.245724 -0.093188
0.964850 -0.245724 -0.093188
0.762012 -0.587359 -0.272666
0.919825 -0.297371 -0.255914
0.919825 -0.297371 -0.255914
0.996163 0.001374 -0.087511
0.964850 -0.245724 -0.093188
0.996163 0.001374 -0.087511
0.919825 -0.297371 -0.255914
0.968047 -0.000306 -0.250770
0.968047 -0.000306 -0.250770
0.705618 0.289237 -0.646873
0.919565 0.296620 -0.257714
0.705618 0.289237 -0.646873
0.968047 -0.000306 -0.250770
0.762978 -0.000000 -0.646424
0.919565 0.296620 -0.257714
0.541408 0.535792 -0.647923
0.761541 0.586162 -0.276530
0.541408 0.535792 -0.647923
0.919565 0.296620 -0.257714
0.705618 0.289237 -0.646873
0.761541 0.586162 -0.276530
0.541408 0.535792 -0.647923
0.455611 0.837155 -0.302637
0.455611 0.837155 -0.302637
0.541408 0.535792 -0.647923
0.293750 0.701801 -0.648989
0.455611 0.837155 -0.302637
0.293750 0.701801 -0.648989
0.000000 0.948433 -0.316978
0.000000 0.948433 -0.316978
0.293750 0.701801 -0.648989
-0.000000 0.760421 -0.649431
0.000000 0.948433 -0.316978
-0.293750 0.701801 -0.648989
-0.455611 0.837155 -0.302637
-0.293750 0.701801 -0.648989
0.000000 0.948433 -0.316978
-0.000000 0.760421 -0.649431
-0.455611 0.837155 -0.302637
-0.541413 0.535784 -0.647926
-0.761542 0.586160 -0.276531
-0.541413 0.535784 -0.647926
-0.455611 0.837155 -0.302637
-0.293750 0.701801 -0.648989
-0.761542 0.586160 -0.276531
-0.541413 0.535784 -0.647926
-0.919566 0.296619 -0.257714
-0.919566 0.296619 -0.257714
-0.541413 0.535784 -0.647926
-0.705624 0.289239 -0.646866
-0.705624 0.289239 -0.646866
-0.968047 -0.000305 -0.250770
-0.919566 0.296619 -0.257714
-0.968047 -0.000305 -0.250770
-0.705624 0.289239 -0.646866
-0.762975 0.000000 -0.646428
-0.968047 -0.000305 -0.250770
-0.705624 -0.289239 -0.646866
-0.919826 -0.297370 -0.255913
-0.705624 -0.289239 -0.646866
-0.968047 -0.000305 -0.250770
-0.762975 0.000000 -0.646428
-0.919826 -0.297370 -0.255913
-0.541413 -0.535784 -0.647926
-0.762013 -0.587357 -0.272667
-0.541413 -0.535784 -0.647926
-0.919826 -0.297370 -0.255913
-0.705624 -0.289239 -0.646866
-0.762013 -0.587357 -0.272667
-0.541413 -0.535784 -0.647926
-0.456049 -0.839082 -0.296583
-0.456049 -0.839082 -0.296583
-0.541413 -0.535784 -0.647926
-0.293749 -0.701801 -0.648989
-0.456049 -0.839082 -0.296583
-0.293749 -0.701801 -0.648989
0.000000 -0.950788 -0.309843
0.000000 -0.950788 -0.309843
-0.293749 -0.701801 -0.648989
-0.000000 -0.760421 -0.649431
0.000000 -0.950788 -0.309843
0.293749 -0.701801 -0.648989
0.456049 -0.839082 -0.296583
0.293749 -0.701801 -0.648989
0.000000 -0.950788 -0.309843
-0.000000 -0.760421 -0.649431
0.456049 -0.839082 -0.296583
0.541408 -0.535792 -0.647924
0.762012 -0.587359 -0.272666
0.541408 -0.535792 -0.647924
0.456049 -0.839082 -0.296583
0.293749 -0.701801 -0.648989
0.762012 -0.587359 -0.272666
0.541408 -0.535792 -0.647924
0.919825 -0.297371 -0.255914
0.919825 -0.297371 -0.255914
0.541408 -0.535792 -0.647924
0.705618 -0.289237 -0.646873
0.968047 -0.000306 -0.250770
0.705618 -0.289237 -0.646873
0.762978 -0.000000 -0.646424
0.705618 -0.289237 -0.646873
0.968047 -0.000306 -0.250770
0.919825 -0.297371 -0.255914
0.762978 -0.000000 -0.646424
-0.000002 -0.000000 -1.000000
0.705618 0.289237 -0.646873
0.705618 0.289237 -0.646873
-0.000002 -0.000000 -1.000000
0.541408 0.535792 -0.647923
0.541408 0.535792 -0.647923
-0.000002 -0.000000 -1.000000
0.293750 0.701801 -0.648989
0.293750 0.701801 -0.648989
-0.000002 -0.000000 -1.000000
-0.000000 0.760421 -0.649431
-0.000000 0.760421 -0.649431
-0.000002 -0.000000 -1.000000
-0.293750 0.701801 -0.648989
-0.293750 0.701801 -0.648989
-0.000002 -0.000000 -1.000000
-0.541413 0.535784 -0.647926
-0.541413 0.535784 -0.647926
-0.000002 -0.000000 -1.000000
-0.705624 0.289239 -0.646866
-0.705624 0.289239 -0.646866
-0.000002 -0.000000 -1.000000
-0.762975 0.000000 -0.646428
-0.762975 0.000000 -0.646428
-0.000002 -0.000000 -1.000000
-0.705624 -0.289239 -0.646866
-0.705624 -0.289239 -0.646866
-0.000002 -0.000000 -1.000000
-0.541413 -0.535784 -0.647926
-0.541413 -0.535784 -0.647926
-0.000002 -0.000000 -1.000000
-0.293749 -0.701801 -0.648989
-0.293749 -0.701801 -0.648989
-0.000002 -0.000000 -1.000000
-0.000000 -0.760421 -0.649431
-0.000000 -0.760421 -0.649431
-0.000002 -0.000000 -1.000000
0.293749 -0.701801 -0.648989
0.293749 -0.701801 -0.648989
-0.000002 -0.000000 -1.000000
0.541408 -0.535792 -0.647924
0.541408 -0.535792 -0.647924
-0.000002 -0.000000 -1.000000
0.705618 -0.289237 -0.646873
0.705618 -0.289237 -0.646873
-0.000002 -0.000000 -1.000000
0.762978 -0.000000 -0.646424
0.049793 -0.000007 0.998760
0.045916 0.018393 0.998776
0.000000 -0.000001 1.000000
0.045916 0.018393 0.998776
0.034982 0.033846 0.998815
0.000000 -0.000001 1.000000
0.034982 0.033846 0.998815
0.018844 0.044027 0.998853
0.000000 -0.000001 1.000000
0.018844 0.044027 0.998853
-0.000005 0.047565 0.998868
0.000000 -0.000001 1.000000
-0.000005 0.047565 0.998868
-0.018852 0.044027 0.998852
0.000000 -0.000001 1.000000
-0.018852 0.044027 0.998852
-0.034986 0.033849 0.998814
0.000000 -0.000001 1.000000
-0.034986 0.033849 0.998814
-0.045916 0.018403 0.998776
0.000000 -0.000001 1.000000
-0.045916 0.018403 0.998776
-0.049791 0.000002 0.998760
0.000000 -0.000001 1.000000
-0.049791 0.000002 0.998760
-0.045917 -0.018396 0.998776
0.000000 -0.000001 1.000000
-0.045917 -0.018396 0.998776
-0.034982 -0.033846 0.998815
0.000000 -0.000001 1.000000
-0.034982 -0.033846 0.998815
-0.018842 -0.044029 0.998852
0.000000 -0.000001 1.000000
-0.018842 -0.044029 0.998852
0.000002 -0.047567 0.998868
0.000000 -0.000001 1.000000
0.000002 -0.047567 0.998868
0.018849 -0.044028 0.998852
0.000000 -0.000001 1.000000
0.018849 -0.044028 0.998852
0.034987 -0.033848 0.998814
0.000000 -0.000001 1.000000
0.034987 -0.033848 0.998814
0.045918 -0.018401 0.998776
0.000000 -0.000001 1.000000
0.045918 -0.018401 0.998776
0.049793 -0.000007 0.998760
0.000000 -0.000001 1.000000
-0.140808 -0.961845 -0.234580
-0.138102 -0.971418 -0.193069
-0.138102 -0.971417 -0.193069
-0.140808 -0.961845 -0.234580
-0.138102 -0.971417 -0.193069
-0.140744 -0.962103 -0.233558
-0.217911 -0.853015 0.474214
-0.125624 -0.948881 0.289558
-0.121876 -0.826136 0.550133
-0.125624 -0.948881 0.289558
-0.217911 -0.853015 0.474214
-0.272614 -0.928822 0.250943
-0.272614 -0.928822 0.250943
-0.118953 -0.992883 0.005767
-0.125624 -0.948881 0.289558
-0.118953 -0.992883 0.005767
-0.272614 -0.928822 0.250943
-0.405204 -0.914155 0.011451
-0.194735 0.923139 0.331500
0.075078 0.997171 -0.003639
0.061366 0.956912 0.283821
0.075078 0.997171 -0.003639
-0.194735 0.923139 0.331500
-0.327141 0.944181 -0.038745
-0.405204 -0.914155 0.011451
-0.546611 -0.837346 0.008248
-0.603043 -0.797018 -0.033191
0.041666 0.966141 -0.254628
0.045558 0.973977 -0.222020
0.045558 0.973977 -0.222020
0.041519 0.965825 -0.255850
0.045558 0.973977 -0.222020
0.041666 0.966141 -0.254628
0.041727 0.831977 0.553238
-0.197723 0.759904 0.619235
-0.194735 0.923139 0.331500
0.041727 0.831977 0.553238
-0.194735 0.923139 0.331500
0.061366 0.956912 0.283821
-0.257758 0.892882 0.369219
-0.064645 0.882147 0.466518
-0.128399 0.963838 0.233516
-0.128399 0.963838 0.233516
-0.357538 0.922567 0.145040
-0.257758 0.892882 0.369219
-0.143144 -0.951107 -0.273688
-0.140744 -0.962103 -0.233558
-0.143144 -0.951107 -0.273688
-0.140744 -0.962103 -0.233558
-0.143144 -0.951107 -0.273688
-0.140808 -0.961845 -0.234580
-0.121876 -0.826136 0.550133
-0.284230 -0.903963 0.319475
-0.259706 -0.749720 0.608664
-0.284230 -0.903963 0.319475
-0.121876 -0.826136 0.550133
-0.125624 -0.948881 0.289558
-0.284230 -0.903963 0.319475
-0.125624 -0.948881 0.289558
-0.118953 -0.992883 0.005767
-0.284230 -0.903963 0.319475
-0.118953 -0.992883 0.005767
-0.381155 -0.923779 -0.036779
-0.128399 0.963838 0.233516
0.061366 0.956912 0.283821
0.075078 0.997171 -0.003639
-0.128399 0.963838 0.233516
0.075078 0.997171 -0.003639
-0.275658 0.961241 -0.005387
0.037674 0.957077 -0.287374
0.041519 0.965825 -0.255850
0.037674 0.957077 -0.287374
0.041666 0.966141 -0.254628
0.037674 0.957077 -0.287374
0.041519 0.965825 -0.255850
-0.064645 0.882147 0.466518
0.041727 0.831977 0.553238
0.061366 0.956912 0.283821
-0.064645 0.882147 0.466518
0.061366 0.956912 0.283821
-0.128399 0.963838 0.233516
-0.454622 -0.875318 0.164734
-0.405204 -0.914155 0.011451
-0.272614 -0.928822 0.250943
-0.405204 -0.914155 0.011451
-0.454622 -0.875318 0.164734
-0.546611 -0.837346 0.008248
-0.275658 0.961241 -0.005387
-0.502726 0.862414 -0.059227
-0.450326 0.892812 -0.009619
-0.128399 0.963838 0.233516
-0.275658 0.961241 -0.005387
-0.357538 0.922567 0.145040
-0.275658 0.961241 -0.005387
-0.450326 0.892812 -0.009619
-0.357538 0.922567 0.145040
-0.362301 -0.841823 0.400090
-0.272614 -0.928822 0.250943
-0.217911 -0.853015 0.474214
-0.272614 -0.928822 0.250943
-0.362301 -0.841823 0.400090
-0.454622 -0.875318 0.164734
-0.385826 0.902374 -0.191989
-0.271024 0.892818 -0.359752
-0.693726 0.677801 -0.243577
-0.693726 0.677801 -0.243577
-0.327141 0.944181 -0.038745
-0.385826 0.902374 -0.191989
-0.223575 -0.700533 0.677693
-0.259706 -0.749720 0.608664
-0.253659 -0.899358 0.356108
-0.259706 -0.749720 0.608664
-0.284230 -0.903963 0.319475
-0.253659 -0.899358 0.356108
-0.284230 -0.903963 0.319475
-0.381155 -0.923779 -0.036779
-0.253659 -0.899358 0.356108
-0.385827 -0.902373 -0.191990
-0.253659 -0.899358 0.356108
-0.381155 -0.923779 -0.036779
-0.253659 0.899358 0.356108
-0.327141 0.944181 -0.038745
-0.194735 0.923139 0.331500
-0.253659 0.899358 0.356108
-0.385826 0.902374 -0.191989
-0.327141 0.944181 -0.038745
-0.271024 -0.892818 -0.359752
-0.385827 -0.902373 -0.191990
-0.693726 -0.677801 -0.243577
-0.693726 -0.677801 -0.243577
-0.385827 -0.902373 -0.191990
-0.381155 -0.923779 -0.036779
-0.223575 0.700533 0.677693
-0.253659 0.899358 0.356108
-0.197723 0.759904 0.619235
-0.197723 0.759904 0.619235
-0.253659 0.899358 0.356108
-0.194735 0.923139 0.331500
-0.385826 0.902374 -0.191989
0.000000 0.975374 -0.220558
-0.271024 0.892818 -0.359752
0.000000 0.975374 -0.220558
0.000000 0.924565 -0.381025
-0.271024 0.892818 -0.359752
0.000000 -0.698707 0.715407
-0.253659 -0.899358 0.356108
-0.000000 -0.915371 0.402612
-0.253659 -0.899358 0.356108
0.000000 -0.698707 0.715407
-0.223575 -0.700533 0.677693
-0.253659 -0.899358 0.356108
-0.385827 -0.902373 -0.191990
-0.000000 -0.915371 0.402612
-0.000000 -0.915371 0.402612
-0.385827 -0.902373 -0.191990
-0.000000 -0.975374 -0.220558
-0.385826 0.902374 -0.191989
-0.253659 0.899358 0.356108
0.000000 0.915371 0.402612
0.000000 0.915371 0.402612
0.000000 0.975374 -0.220558
-0.385826 0.902374 -0.191989
-0.000000 -0.975374 -0.220558
-0.385827 -0.902373 -0.191990
-0.271024 -0.892818 -0.359752
-0.000000 -0.975374 -0.220558
-0.271024 -0.892818 -0.359752
-0.000000 -0.924565 -0.381025
-0.253659 0.899358 0.356108
0.000000 0.698708 0.715407
0.000000 0.915371 0.402612
0.000000 0.698708 0.715407
-0.253659 0.899358 0.356108
-0.223575 0.700533 0.677693
-0.010595 -0.988708 -0.149481
-0.012015 -0.983143 -0.182444
-0.010366 -0.989497 -0.144185
-0.010366 -0.989497 -0.144185
-0.012015 -0.983143 -0.182444
-0.010366 -0.989496 -0.144185
-0.205262 -0.855013 0.476257
-0.053211 -0.950163 0.307179
-0.087608 -0.835567 0.542358
-0.194934 -0.948622 0.249235
-0.053211 -0.950163 0.307179
-0.205262 -0.855013 0.476257
-0.194934 -0.948622 0.249235
-0.007532 -0.999972 -0.000000
-0.053211 -0.950163 0.307179
-0.007532 -0.999972 -0.000000
-0.194934 -0.948622 0.249235
-0.184388 -0.982853 0.001357
-0.184388 -0.982853 0.001357
-0.287187 -0.957874 0.001266
-0.281947 -0.959426 -0.002706
-0.018689 0.985121 -0.170843
-0.019823 0.985388 -0.169165
-0.021063 0.985676 -0.167329
-0.367984 0.849576 0.377900
-0.207051 0.851381 0.481956
-0.193457 0.947438 0.254824
-0.193457 0.947438 0.254824
-0.294783 0.951762 0.085158
-0.367984 0.849576 0.377900
-0.258960 0.934886 0.242749
-0.336449 0.936227 -0.101395
-0.235797 0.915657 0.325533
-0.336449 0.936227 -0.101395
-0.258960 0.934886 0.242749
-0.347462 0.924696 -0.155589
-0.159218 0.820837 0.548522
-0.159218 0.820837 0.548522
-0.258960 0.934886 0.242749
-0.159218 0.820837 0.548522
-0.258960 0.934886 0.242749
-0.235797 0.915657 0.325533
-0.313226 -0.946209 0.081104
-0.184388 -0.982853 0.001357
-0.194934 -0.948622 0.249235
-0.184388 -0.982853 0.001357
-0.313226 -0.946209 0.081104
-0.287187 -0.957874 0.001266
-0.172848 0.984899 -0.009843
-0.258793 0.964719 -0.048408
-0.264469 0.964146 -0.021851
-0.193457 0.947438 0.254824
-0.172848 0.984899 -0.009843
-0.294783 0.951762 0.085158
-0.294783 0.951762 0.085158
-0.172848 0.984899 -0.009843
-0.264469 0.964146 -0.021851
-0.373546 -0.854390 0.361222
-0.194934 -0.948622 0.249235
-0.205262 -0.855013 0.476257
-0.373546 -0.854390 0.361222
-0.313226 -0.946209 0.081104
-0.194934 -0.948622 0.249235
-0.018509 0.985078 -0.171109
-0.018509 0.985078 -0.171109
-0.019823 0.985388 -0.169165
-0.018509 0.985078 -0.171109
-0.019823 0.985388 -0.169165
-0.018689 0.985121 -0.170843
-0.010595 -0.988708 -0.149481
-0.013546 -0.975831 -0.218107
-0.012015 -0.983143 -0.182444
-0.360479 -0.896197 -0.258621
-0.339579 -0.929716 -0.142529
-0.329002 -0.939852 -0.091851
-0.154076 -0.821514 0.548976
-0.253305 -0.936295 0.243287
-0.154076 -0.821514 0.548976
-0.253305 -0.936295 0.243287
-0.154076 -0.821514 0.548976
-0.230331 -0.917005 0.325652
-0.253305 -0.936295 0.243287
-0.329002 -0.939852 -0.091851
-0.339579 -0.929716 -0.142529
-0.329002 -0.939852 -0.091851
-0.253305 -0.936295 0.243287
-0.230331 -0.917005 0.325652
-0.193457 0.947438 0.254824
-0.061060 0.949879 0.306596
-0.015888 0.999874 -0.000000
-0.193457 0.947438 0.254824
-0.015888 0.999874 -0.000000
-0.172848 0.984899 -0.009843
-0.207051 0.851381 0.481956
-0.094530 0.835038 0.542010
-0.061060 0.949879 0.306596
-0.207051 0.851381 0.481956
-0.061060 0.949879 0.306596
-0.193457 0.947438 0.254824
-0.336449 0.936227 -0.101395
-0.347462 0.924696 -0.155589
-0.369232 0.885275 -0.282766
0.989510 0.000000 -0.144467
0.989510 0.000000 -0.144467
0.989510 0.000000 -0.144467
0.989510 0.000000 -0.144467
0.989510 0.000000 -0.144467
0.989510 0.000000 -0.144467
0.944358 0.000000 -0.328919
0.944358 0.000000 -0.328919
0.944358 0.000000 -0.328919
-0.936384 0.196415 0.290871
-0.999345 0.036194 0.000001
-0.944343 0.149784 0.292883
-0.999345 0.036194 0.000001
-0.936384 0.196415 0.290871
-0.992736 0.120311 0.000001
-0.765702 0.268294 0.584567
-0.944343 0.149784 0.292883
-0.802525 0.243537 0.544650
-0.944343 0.149784 0.292883
-0.765702 0.268294 0.584567
-0.936384 0.196415 0.290871
-0.944343 0.149784 0.292883
-0.999306 0.037207 -0.001717
-0.964146 0.180891 0.194169
-0.999306 0.037207 -0.001717
-0.944343 0.149784 0.292883
-0.999345 0.036194 0.000001
-0.802525 0.243537 0.544650
-0.964146 0.180891 0.194169
-0.697139 0.591751 0.404757
-0.944343 0.149784 0.292883
-0.964146 0.180891 0.194169
-0.802525 0.243537 0.544650
-0.999345 0.036194 0.000000
-0.991366 -0.131081 0.003294
-0.999306 0.037207 -0.001717
-0.991366 -0.131081 0.003294
-0.999345 0.036194 0.000000
-0.983171 -0.178928 -0.036888
-0.992736 0.120311 0.000001
-0.936384 0.196415 0.290871
-0.967893 0.236328 0.085628
-0.943165 0.262548 0.203735
-0.967893 0.236328 0.085628
-0.936384 0.196415 0.290871
-0.967893 0.236328 0.085628
-0.943165 0.262548 0.203735
-0.957946 0.253929 0.133642
-0.936384 0.196415 0.290871
-0.765702 0.268294 0.584567
-0.943165 0.262548 0.203735
-0.992736 0.120311 0.000000
-0.992846 0.032728 -0.114832
-0.999345 0.036194 0.000000
-0.992846 0.032728 -0.114832
-0.992736 0.120311 0.000000
-0.993391 0.095140 -0.064208
-0.982992 0.032130 -0.180815
-0.982906 0.032165 -0.181274
-0.982075 0.032498 -0.185665
-0.982075 0.032498 -0.185665
-0.982906 0.032165 -0.181274
-0.982076 0.032498 -0.185665
-0.979060 0.203572 0.000000
-0.986623 0.156902 -0.044234
-0.992736 0.120311 0.000000
-0.992736 0.120311 0.000000
-0.986623 0.156902 -0.044234
-0.993391 0.095140 -0.064208
-0.989080 0.066175 -0.131687
-0.992846 0.032728 -0.114832
-0.993391 0.095140 -0.064208
-0.992846 0.032728 -0.114832
-0.989080 0.066175 -0.131687
-0.984601 0.030916 -0.172062
-0.986623 0.156902 -0.044234
-0.990050 0.109575 -0.088282
-0.993391 0.095140 -0.064208
-0.993391 0.095140 -0.064208
-0.990050 0.109575 -0.088282
-0.989080 0.066175 -0.131687
-0.991366 -0.131081 0.003294
-0.893111 0.395375 0.214550
-0.964146 0.180891 0.194169
-0.991366 -0.131081 0.003294
-0.964146 0.180891 0.194169
-0.999306 0.037207 -0.001717
-0.599072 0.731293 0.326072
-0.697139 0.591751 0.404757
-0.893111 0.395375 0.214550
-0.964146 0.180891 0.194169
-0.893111 0.395375 0.214550
-0.697139 0.591751 0.404757
-0.999345 0.036194 0.000000
-0.999345 0.036194 0.000000
-0.999345 0.036194 0.000001
-0.999306 0.037207 -0.001717
-0.999345 0.036194 0.000001
-0.999345 0.036194 0.000000
-0.982992 0.032130 -0.180815
-0.992846 0.032728 -0.114832
-0.984601 0.030916 -0.172062
-0.982992 0.032130 -0.180815
-0.984601 0.030916 -0.172062
-0.982906 0.032165 -0.181274
-0.893111 0.395375 0.214550
-0.991366 -0.131081 0.003294
-0.973843 -0.226225 0.021265
-0.973843 -0.226225 0.021265
-0.991366 -0.131081 0.003294
-0.957060 -0.289843 0.005282
-0.957060 -0.289843 0.005282
-0.991366 -0.131081 0.003294
-0.983171 -0.178928 -0.036888
-0.957060 -0.289843 0.005282
-0.983171 -0.178928 -0.036888
-0.960757 -0.268724 -0.068796
-0.960757 -0.268724 -0.068796
-0.971863 -0.202174 -0.120862
-0.971863 -0.202174 -0.120862
-0.971863 -0.202174 -0.120862
-0.960757 -0.268724 -0.068796
-0.983171 -0.178928 -0.036888
0.140744 -0.962103 -0.233558
0.138102 -0.971418 -0.193070
0.140808 -0.961845 -0.234580
0.138102 -0.971418 -0.193070
0.140808 -0.961845 -0.234580
0.138102 -0.971418 -0.193070
0.217911 -0.853015 0.474215
0.125624 -0.948881 0.289558
0.272615 -0.928821 0.250943
0.125624 -0.948881 0.289558
0.217911 -0.853015 0.474215
0.121876 -0.826136 0.550133
0.272615 -0.928821 0.250943
0.125624 -0.948881 0.289558
0.118953 -0.992883 0.005767
0.272615 -0.928821 0.250943
0.118953 -0.992883 0.005767
0.405204 -0.914155 0.011451
-0.075078 0.997171 -0.003639
0.194735 0.923139 0.331500
-0.061366 0.956912 0.283821
0.194735 0.923139 0.331500
-0.075078 0.997171 -0.003639
0.327141 0.944181 -0.038745
0.405204 -0.914155 0.011451
0.603043 -0.797018 -0.033191
0.546611 -0.837346 0.008248
-0.041666 0.966141 -0.254628
-0.045558 0.973977 -0.222020
-0.045558 0.973977 -0.222020
-0.041666 0.966141 -0.254628
-0.045558 0.973977 -0.222020
-0.041519 0.965825 -0.255850
-0.061366 0.956912 0.283821
0.194735 0.923139 0.331500
-0.041727 0.831978 0.553238
0.197723 0.759904 0.619235
-0.041727 0.831978 0.553238
0.194735 0.923139 0.331500
0.064644 0.882146 0.466518
0.257758 0.892882 0.369219
0.128400 0.963838 0.233516
0.257758 0.892882 0.369219
0.357539 0.922567 0.145040
0.128400 0.963838 0.233516
0.143144 -0.951107 -0.273688
0.140744 -0.962103 -0.233558
0.140808 -0.961845 -0.234580
0.140744 -0.962103 -0.233558
0.143144 -0.951107 -0.273688
0.143144 -0.951107 -0.273688
0.121876 -0.826136 0.550133
0.284230 -0.903963 0.319475
0.125624 -0.948881 0.289558
0.284230 -0.903963 0.319475
0.121876 -0.826136 0.550133
0.259706 -0.749720 0.608664
0.284230 -0.903963 0.319475
0.118953 -0.992883 0.005767
0.125624 -0.948881 0.289558
0.118953 -0.992883 0.005767
0.284230 -0.903963 0.319475
0.381156 -0.923779 -0.036779
0.128400 0.963838 0.233516
-0.075078 0.997171 -0.003639
-0.061366 0.956912 0.283821
-0.075078 0.997171 -0.003639
0.128400 0.963838 0.233516
0.275658 0.961241 -0.005387
-0.037674 0.957077 -0.287374
-0.041666 0.966141 -0.254628
-0.041519 0.965825 -0.255850
-0.037674 0.957077 -0.287374
-0.041519 0.965825 -0.255850
-0.037674 0.957077 -0.287374
0.064644 0.882146 0.466518
-0.061366 0.956912 0.283821
-0.041727 0.831978 0.553238
-0.061366 0.956912 0.283821
0.064644 0.882146 0.466518
0.128400 0.963838 0.233516
0.272615 -0.928821 0.250943
0.405204 -0.914155 0.011451
0.454623 -0.875317 0.164735
0.405204 -0.914155 0.011451
0.546611 -0.837346 0.008248
0.454623 -0.875317 0.164735
0.275658 0.961241 -0.005387
0.450327 0.892812 -0.009619
0.502727 0.862414 -0.059227
0.275658 0.961241 -0.005387
0.128400 0.963838 0.233516
0.357539 0.922567 0.145040
0.357539 0.922567 0.145040
0.450327 0.892812 -0.009619
0.275658 0.961241 -0.005387
0.362302 -0.841823 0.400090
0.217911 -0.853015 0.474215
0.272615 -0.928821 0.250943
0.272615 -0.928821 0.250943
0.454623 -0.875317 0.164735
0.362302 -0.841823 0.400090
0.271024 0.892818 -0.359752
0.385826 0.902374 -0.191989
0.693726 0.677801 -0.243577
0.693726 0.677801 -0.243577
0.385826 0.902374 -0.191989
0.327141 0.944181 -0.038745
0.223575 -0.700533 0.677693
0.253659 -0.899358 0.356108
0.259706 -0.749720 0.608664
0.259706 -0.749720 0.608664
0.253659 -0.899358 0.356108
0.284230 -0.903963 0.319475
0.381156 -0.923779 -0.036779
0.284230 -0.903963 0.319475
0.253659 -0.899358 0.356108
0.253659 -0.899358 0.356108
0.385827 -0.902374 -0.191990
0.381156 -0.923779 -0.036779
0.194735 0.923139 0.331500
0.327141 0.944181 -0.038745
0.253659 0.899358 0.356108
0.385826 0.902374 -0.191989
0.253659 0.899358 0.356108
0.327141 0.944181 -0.038745
0.271024 -0.892818 -0.359752
0.693726 -0.677801 -0.243577
0.385827 -0.902374 -0.191990
0.385827 -0.902374 -0.191990
0.693726 -0.677801 -0.243577
0.381156 -0.923779 -0.036779
0.197723 0.759904 0.619235
0.253659 0.899358 0.356108
0.223575 0.700533 0.677693
0.253659 0.899358 0.356108
0.197723 0.759904 0.619235
0.194735 0.923139 0.331500
0.000000 0.975374 -0.220558
0.385826 0.902374 -0.191989
0.271024 0.892818 -0.359752
0.000000 0.975374 -0.220558
0.271024 0.892818 -0.359752
0.000000 0.924565 -0.381025
0.000000 -0.698707 0.715407
0.253659 -0.899358 0.356108
0.223575 -0.700533 0.677693
0.253659 -0.899358 0.356108
0.000000 -0.698707 0.715407
-0.000000 -0.915371 0.402612
-0.000000 -0.915371 0.402612
0.385827 -0.902374 -0.191990
0.253659 -0.899358 0.356108
0.385827 -0.902374 -0.191990
-0.000000 -0.915371 0.402612
-0.000000 -0.975374 -0.220558
0.253659 0.899358 0.356108
0.385826 0.902374 -0.191989
0.000000 0.915371 0.402612
0.000000 0.915371 0.402612
0.385826 0.902374 -0.191989
0.000000 0.975374 -0.220558
-0.000000 -0.975374 -0.220558
0.271024 -0.892818 -0.359752
0.385827 -0.902374 -0.191990
0.271024 -0.892818 -0.359752
-0.000000 -0.975374 -0.220558
-0.000000 -0.924565 -0.381025
0.253659 0.899358 0.356108
0.000000 0.698708 0.715407
0.223575 0.700533 0.677693
0.000000 0.698708 0.715407
0.253659 0.899358 0.356108
0.000000 0.915371 0.402612
0.010366 -0.989497 -0.144185
0.010366 -0.989496 -0.144185
0.012015 -0.983143 -0.182444
0.010366 -0.989497 -0.144185
0.012015 -0.983143 -0.182444
0.010595 -0.988708 -0.149481
0.053211 -0.950163 0.307179
0.194933 -0.948622 0.249235
0.205262 -0.855013 0.476257
0.205262 -0.855013 0.476257
0.087608 -0.835567 0.542358
0.053211 -0.950163 0.307179
0.194933 -0.948622 0.249235
0.053211 -0.950163 0.307179
0.007532 -0.999972 -0.000000
0.194933 -0.948622 0.249235
0.007532 -0.999972 -0.000000
0.184387 -0.982853 0.001357
0.184387 -0.982853 0.001357
0.281946 -0.959426 -0.002707
0.287186 -0.957874 0.001266
0.018689 0.985121 -0.170843
0.021063 0.985676 -0.167328
0.019823 0.985389 -0.169164
0.294783 0.951762 0.085158
0.193457 0.947438 0.254824
0.367985 0.849575 0.377901
0.207051 0.851380 0.481956
0.367985 0.849575 0.377901
0.193457 0.947438 0.254824
0.258960 0.934886 0.242749
0.336449 0.936227 -0.101396
0.347463 0.924695 -0.155589
0.336449 0.936227 -0.101396
0.258960 0.934886 0.242749
0.235797 0.915657 0.325533
0.159218 0.820837 0.548522
0.258960 0.934886 0.242749
0.159218 0.820837 0.548522
0.258960 0.934886 0.242749
0.159218 0.820837 0.548522
0.235797 0.915657 0.325533
0.194933 -0.948622 0.249235
0.184387 -0.982853 0.001357
0.313225 -0.946210 0.081104
0.313225 -0.946210 0.081104
0.184387 -0.982853 0.001357
0.287186 -0.957874 0.001266
0.172848 0.984899 -0.009843
0.264470 0.964146 -0.021851
0.258793 0.964719 -0.048408
0.172848 0.984899 -0.009843
0.193457 0.947438 0.254824
0.294783 0.951762 0.085158
0.294783 0.951762 0.085158
0.264470 0.964146 -0.021851
0.172848 0.984899 -0.009843
0.373547 -0.854389 0.361223
0.205262 -0.855013 0.476257
0.194933 -0.948622 0.249235
0.194933 -0.948622 0.249235
0.313225 -0.946210 0.081104
0.373547 -0.854389 0.361223
0.019823 0.985389 -0.169164
0.018509 0.985078 -0.171109
0.018689 0.985121 -0.170843
0.018509 0.985078 -0.171109
0.019823 0.985389 -0.169164
0.018509 0.985078 -0.171109
0.010595 -0.988708 -0.149481
0.012015 -0.983143 -0.182444
0.013546 -0.975831 -0.218107
0.360479 -0.896198 -0.258621
0.329002 -0.939852 -0.091851
0.339579 -0.929716 -0.142528
0.154076 -0.821514 0.548977
0.253305 -0.936295 0.243287
0.154076 -0.821514 0.548977
0.154076 -0.821514 0.548977
0.253305 -0.936295 0.243287
0.230331 -0.917005 0.325652
0.253305 -0.936295 0.243287
0.329002 -0.939852 -0.091851
0.230331 -0.917005 0.325652
0.329002 -0.939852 -0.091851
0.253305 -0.936295 0.243287
0.339579 -0.929716 -0.142528
0.193457 0.947438 0.254824
0.015888 0.999874 -0.000000
0.061060 0.949879 0.306596
0.015888 0.999874 -0.000000
0.193457 0.947438 0.254824
0.172848 0.984899 -0.009843
0.207051 0.851380 0.481956
0.061060 0.949879 0.306596
0.094530 0.835038 0.542011
0.193457 0.947438 0.254824
0.061060 0.949879 0.306596
0.207051 0.851380 0.481956
0.336449 0.936227 -0.101396
0.369232 0.885274 -0.282767
0.347463 0.924695 -0.155589
-0.989510 0.000000 -0.144467
-0.989510 0.000000 -0.144467
-0.989510 0.000000 -0.144467
-0.989510 0.000000 -0.144467
-0.989510 0.000000 -0.144467
-0.989510 0.000000 -0.144467
-0.944358 0.000000 -0.328919
-0.944358 0.000000 -0.328919
-0.944358 0.000000 -0.328919
0.944343 0.149784 0.292883
0.999345 0.036194 0.000001
0.936384 0.196415 0.290871
0.936384 0.196415 0.290871
0.999345 0.036194 0.000001
0.992736 0.120311 0.000001
0.765702 0.268294 0.584567
0.802525 0.243537 0.544650
0.944343 0.149784 0.292883
0.765702 0.268294 0.584567
0.944343 0.149784 0.292883
0.936384 0.196415 0.290871
0.944343 0.149784 0.292883
0.964146 0.180891 0.194169
0.999306 0.037207 -0.001717
0.944343 0.149784 0.292883
0.999306 0.037207 -0.001717
0.999345 0.036194 0.000001
0.964146 0.180891 0.194169
0.944343 0.149784 0.292883
0.802525 0.243537 0.544650
0.802525 0.243537 0.544650
0.697139 0.591751 0.404757
0.964146 0.180891 0.194169
0.999306 0.037207 -0.001717
0.991366 -0.131081 0.003294
0.983171 -0.178928 -0.036888
0.999306 0.037207 -0.001717
0.983171 -0.178928 -0.036888
0.999345 0.036194 0.000000
0.992736 0.120311 0.000001
0.967893 0.236328 0.085628
0.936384 0.196415 0.290871
0.967893 0.236328 0.085628
0.943165 0.262548 0.203735
0.936384 0.196415 0.290871
0.943165 0.262548 0.203735
0.967893 0.236328 0.085628
0.957946 0.253929 0.133642
0.936384 0.196415 0.290871
0.943165 0.262548 0.203735
0.765702 0.268294 0.584567
0.992736 0.120311 0.000000
0.992846 0.032728 -0.114832
0.993391 0.095140 -0.064208
0.992846 0.032728 -0.114832
0.992736 0.120311 0.000000
0.999345 0.036194 0.000000
0.982992 0.032130 -0.180815
0.982075 0.032498 -0.185665
0.982906 0.032165 -0.181274
0.982075 0.032498 -0.185665
0.982075 0.032498 -0.185665
0.982906 0.032165 -0.181274
0.979060 0.203572 0.000000
0.992736 0.120311 0.000000
0.986623 0.156902 -0.044234
0.992736 0.120311 0.000000
0.993391 0.095140 -0.064208
0.986623 0.156902 -0.044234
0.989080 0.066175 -0.131687
0.993391 0.095140 -0.064208
0.992846 0.032728 -0.114832
0.992846 0.032728 -0.114832
0.984601 0.030916 -0.172062
0.989080 0.066175 -0.131687
0.986623 0.156902 -0.044234
0.993391 0.095140 -0.064208
0.990050 0.109575 -0.088282
0.993391 0.095140 -0.064208
0.989080 0.066175 -0.131687
0.990050 0.109575 -0.088282
0.893111 0.395374 0.214550
0.991366 -0.131081 0.003294
0.964146 0.180891 0.194169
0.964146 0.180891 0.194169
0.991366 -0.131081 0.003294
0.999306 0.037207 -0.001717
0.893111 0.395374 0.214550
0.964146 0.180891 0.194169
0.697139 0.591751 0.404757
0.697139 0.591751 0.404757
0.599073 0.731293 0.326072
0.893111 0.395374 0.214550
0.999345 0.036194 0.000001
0.999306 0.037207 -0.001717
0.999345 0.036194 0.000000
0.999345 0.036194 0.000001
0.999345 0.036194 0.000000
0.999345 0.036194 0.000000
0.982906 0.032165 -0.181274
0.984601 0.030916 -0.172062
0.982992 0.032130 -0.180815
0.992846 0.032728 -0.114832
0.982992 0.032130 -0.180815
0.984601 0.030916 -0.172062
0.991366 -0.131081 0.003294
0.893111 0.395374 0.214550
0.973843 -0.226225 0.021265
0.973843 -0.226225 0.021265
0.957060 -0.289843 0.005282
0.991366 -0.131081 0.003294
0.960757 -0.268724 -0.068796
0.983171 -0.178928 -0.036888
0.957060 -0.289843 0.005282
0.991366 -0.131081 0.003294
0.957060 -0.289843 0.005282
0.983171 -0.178928 -0.036888
0.960757 -0.268724 -0.068796
0.971863 -0.202174 -0.120862
0.983171 -0.178928 -0.036888
0.971863 -0.202174 -0.120862
0.960757 -0.268724 -0.068796
0.971863 -0.202174 -0.120862
-0.246517 0.968613 -0.031923
0.000000 1.000000 -0.000000
-0.000000 0.987235 -0.159271
-0.246517 0.968613 -0.031923
-0.000000 0.987235 -0.159271
-0.275011 0.958612 -0.073709
-0.246517 -0.968613 -0.031923
-0.000000 -0.987147 -0.159813
-0.000000 -1.000000 0.000000
-0.000000 -0.987147 -0.159813
-0.246517 -0.968613 -0.031923
-0.275011 -0.958611 -0.073709
0.000000 0.975107 0.221733
0.000000 0.992762 0.120099
0.000000 0.994321 0.106426
0.000000 0.992762 0.120099
0.000000 0.975107 0.221733
0.000000 0.975107 0.221733
-0.928246 0.355328 0.110007
-0.928246 0.355328 0.110007
-0.993051 0.000000 0.117687
-0.993051 0.000000 0.117687
-0.993051 -0.000000 0.117687
-0.928246 0.355328 0.110007
-0.000000 0.956099 -0.293042
-0.275011 0.958612 -0.073709
-0.000000 0.987235 -0.159271
-0.275011 0.958612 -0.073709
-0.000000 0.956099 -0.293042
-0.177352 0.963000 -0.202925
0.000000 0.992762 0.120099
-0.000000 1.000000 0.000000
0.000000 0.994321 0.106426
0.000000 0.994321 0.106426
-0.000000 1.000000 0.000000
-0.080548 0.990418 0.112179
0.000000 -0.994321 0.106426
0.000000 -1.000000 -0.000000
0.000000 -0.992762 0.120099
0.000000 -1.000000 -0.000000
0.000000 -0.994321 0.106426
-0.080548 -0.990418 0.112179
-0.080548 0.990418 0.112179
-0.246517 0.968613 -0.031923
-0.281935 0.958441 0.043627
-0.080548 -0.990418 0.112179
-0.315622 -0.927334 0.201082
-0.281935 -0.958441 0.043627
-0.315622 -0.927334 0.201082
-0.080548 -0.990418 0.112179
-0.225732 -0.922069 0.314378
-0.000000 1.000000 0.000000
0.000000 1.000000 -0.000000
-0.080548 0.990418 0.112179
-0.080548 0.990418 0.112179
0.000000 1.000000 -0.000000
-0.246517 0.968613 -0.031923
-0.275011 0.958612 -0.073709
-0.572625 0.819480 0.023535
-0.246517 0.968613 -0.031923
-0.572625 0.819480 0.023535
-0.275011 0.958612 -0.073709
-0.177352 0.963000 -0.202925
-0.080548 -0.990418 0.112179
-0.000000 -1.000000 0.000000
0.000000 -1.000000 -0.000000
-0.000000 -1.000000 0.000000
-0.080548 -0.990418 0.112179
-0.246517 -0.968613 -0.031923
-0.315622 -0.927334 0.201082
-0.572625 -0.819480 0.023535
-0.281935 -0.958441 0.043627
-0.281935 -0.958441 0.043627
-0.572625 -0.819480 0.023535
-0.246517 -0.968613 -0.031923
-0.246517 -0.968613 -0.031923
-0.080548 -0.990418 0.112179
-0.281935 -0.958441 0.043627
0.000001 -0.975107 0.221734
0.000000 -0.992762 0.120099
0.000001 -0.975107 0.221734
0.000000 -0.992762 0.120099
0.000001 -0.975107 0.221734
0.000000 -0.994321 0.106426
-0.993051 -0.000000 0.117687
-0.993051 0.000000 0.117687
-0.928246 -0.355327 0.110007
-0.928246 -0.355327 0.110007
-0.928246 -0.355327 0.110007
-0.993051 0.000000 0.117687
-0.275011 -0.958611 -0.073709
-0.000000 -0.956099 -0.293044
-0.000000 -0.987147 -0.159813
-0.000000 -0.956099 -0.293044
-0.275011 -0.958611 -0.073709
-0.177352 -0.962999 -0.202925
-0.315622 0.927334 0.201082
-0.080548 0.990418 0.112179
-0.281935 0.958441 0.043627
-0.315622 0.927334 0.201082
-0.225732 0.922069 0.314378
-0.080548 0.990418 0.112179
-0.572625 -0.819480 0.023535
-0.177352 -0.962999 -0.202925
-0.275011 -0.958611 -0.073709
-0.275011 -0.958611 -0.073709
-0.246517 -0.968613 -0.031923
-0.572625 -0.819480 0.023535
-0.572625 0.819480 0.023535
-0.315622 0.927334 0.201082
-0.281935 0.958441 0.043627
-0.572625 0.819480 0.023535
-0.281935 0.958441 0.043627
-0.246517 0.968613 -0.031923
0.246516 0.968613 -0.031923
0.000000 0.987235 -0.159270
0.000000 1.000000 0.000000
0.000000 0.987235 -0.159270
0.246516 0.968613 -0.031923
0.275010 0.958612 -0.073709
0.246519 -0.968612 -0.031924
0.000000 -1.000000 0.000000
0.000000 -0.987147 -0.159814
0.246519 -0.968612 -0.031924
0.000000 -0.987147 -0.159814
0.275012 -0.958611 -0.073710
-0.000000 0.975107 0.221733
-0.000000 0.992762 0.120099
-0.000000 0.975107 0.221733
-0.000000 0.992762 0.120099
-0.000000 0.975107 0.221733
-0.000000 0.994321 0.106426
0.928246 0.355328 0.110007
0.928246 0.355328 0.110007
0.993051 0.000002 0.117687
0.993051 0.000000 0.117687
0.993051 0.000002 0.117687
0.928246 0.355328 0.110007
0.000000 0.956100 -0.293042
0.275010 0.958612 -0.073709
0.177351 0.963000 -0.202924
0.275010 0.958612 -0.073709
0.000000 0.956100 -0.293042
0.000000 0.987235 -0.159270
-0.000000 0.994321 0.106426
0.000000 1.000000 0.000000
-0.000000 0.992762 0.120099
0.000000 1.000000 0.000000
-0.000000 0.994321 0.106426
0.080547 0.990418 0.112178
-0.000000 -0.994320 0.106427
-0.000000 -0.992762 0.120100
0.000000 -1.000000 0.000000
-0.000000 -0.994320 0.106427
0.000000 -1.000000 0.000000
0.080548 -0.990418 0.112180
0.080547 0.990418 0.112178
0.281934 0.958441 0.043627
0.246516 0.968613 -0.031923
0.315624 -0.927333 0.201083
0.080548 -0.990418 0.112180
0.281937 -0.958440 0.043628
0.080548 -0.990418 0.112180
0.315624 -0.927333 0.201083
0.225734 -0.922068 0.314380
0.080547 0.990418 0.112178
0.000000 1.000000 0.000000
0.000000 1.000000 0.000000
0.000000 1.000000 0.000000
0.080547 0.990418 0.112178
0.246516 0.968613 -0.031923
0.275010 0.958612 -0.073709
0.572623 0.819481 0.023535
0.177351 0.963000 -0.202924
0.572623 0.819481 0.023535
0.275010 0.958612 -0.073709
0.246516 0.968613 -0.031923
0.000000 -1.000000 0.000000
0.000000 -1.000000 0.000000
0.080548 -0.990418 0.112180
0.000000 -1.000000 0.000000
0.246519 -0.968612 -0.031924
0.080548 -0.990418 0.112180
0.572628 -0.819478 0.023535
0.315624 -0.927333 0.201083
0.281937 -0.958440 0.043628
0.572628 -0.819478 0.023535
0.281937 -0.958440 0.043628
0.246519 -0.968612 -0.031924
0.246519 -0.968612 -0.031924
0.281937 -0.958440 0.043628
0.080548 -0.990418 0.112180
-0.000000 -0.975107 0.221735
-0.000000 -0.992762 0.120100
-0.000000 -0.994320 0.106427
-0.000000 -0.992762 0.120100
-0.000000 -0.975107 0.221735
-0.000000 -0.975107 0.221735
0.993051 0.000002 0.117687
0.993051 0.000000 0.117687
0.928247 -0.355325 0.110007
0.928247 -0.355325 0.110007
0.928247 -0.355325 0.110007
0.993051 0.000002 0.117687
0.000000 -0.956099 -0.293045
0.275012 -0.958611 -0.073710
0.000000 -0.987147 -0.159814
0.275012 -0.958611 -0.073710
0.000000 -0.956099 -0.293045
0.177353 -0.962999 -0.202926
0.080547 0.990418 0.112178
0.315621 0.927335 0.201081
0.281934 0.958441 0.043627
0.225732 0.922070 0.314377
0.315621 0.927335 0.201081
0.080547 0.990418 0.112178
0.246519 -0.968612 -0.031924
0.275012 -0.958611 -0.073710
0.572628 -0.819478 0.023535
0.177353 -0.962999 -0.202926
0.572628 -0.819478 0.023535
0.275012 -0.958611 -0.073710
0.281934 0.958441 0.043627
0.572623 0.819481 0.023535
0.246516 0.968613 -0.031923
0.315621 0.927335 0.201081
0.572623 0.819481 0.023535
0.281934 0.958441 0.043627
0.939637 -0.000002 0.342173
0.976268 -0.000002 0.216567
0.872625 0.346701 0.343982
0.976268 -0.000002 0.216567
0.906819 0.360820 0.217917
0.872625 0.346701 0.343982
0.906819 0.360820 0.217917
0.676423 0.648877 0.348441
0.872625 0.346701 0.343982
0.676423 0.648877 0.348441
0.906819 0.360820 0.217917
0.703246 0.675639 0.221264
0.676423 0.648877 0.348441
0.385734 0.894818 0.224743
0.370863 0.858967 0.353039
0.385734 0.894818 0.224743
0.676423 0.648877 0.348441
0.703246 0.675639 0.221264
0.370863 0.858967 0.353039
-0.000002 0.974075 0.226223
-0.000002 0.934872 0.354984
-0.000002 0.974075 0.226223
0.370863 0.858967 0.353039
0.385734 0.894818 0.224743
-0.000002 0.974075 0.226223
-0.370866 0.858966 0.353038
-0.000002 0.934872 0.354984
-0.370866 0.858966 0.353038
-0.000002 0.974075 0.226223
-0.385737 0.894817 0.224743
-0.385737 0.894817 0.224743
-0.676423 0.648877 0.348440
-0.370866 0.858966 0.353038
-0.676423 0.648877 0.348440
-0.385737 0.894817 0.224743
-0.703246 0.675638 0.221264
-0.676423 0.648877 0.348440
-0.906818 0.360823 0.217917
-0.872624 0.346705 0.343980
-0.906818 0.360823 0.217917
-0.676423 0.648877 0.348440
-0.703246 0.675638 0.221264
-0.872624 0.346705 0.343980
-0.976268 0.000001 0.216567
-0.939637 0.000002 0.342174
-0.976268 0.000001 0.216567
-0.872624 0.346705 0.343980
-0.906818 0.360823 0.217917
-0.976268 0.000001 0.216567
-0.872625 -0.346702 0.343981
-0.939637 0.000002 0.342174
-0.872625 -0.346702 0.343981
-0.976268 0.000001 0.216567
-0.906819 -0.360821 0.217917
-0.906819 -0.360821 0.217917
-0.676422 -0.648878 0.348441
-0.872625 -0.346702 0.343981
-0.676422 -0.648878 0.348441
-0.906819 -0.360821 0.217917
-0.703246 -0.675639 0.221265
-0.676422 -0.648878 0.348441
-0.385734 -0.894818 0.224743
-0.370863 -0.858967 0.353038
-0.385734 -0.894818 0.224743
-0.676422 -0.648878 0.348441
-0.703246 -0.675639 0.221265
-0.370863 -0.858967 0.353038
0.000001 -0.974075 0.226223
0.000000 -0.934872 0.354985
0.000001 -0.974075 0.226223
-0.370863 -0.858967 0.353038
-0.385734 -0.894818 0.224743
0.000001 -0.974075 0.226223
0.370865 -0.858966 0.353038
0.000000 -0.934872 0.354985
0.370865 -0.858966 0.353038
0.000001 -0.974075 0.226223
0.385736 -0.894818 0.224742
0.385736 -0.894818 0.224742
0.676423 -0.648877 0.348440
0.370865 -0.858966 0.353038
0.676423 -0.648877 0.348440
0.385736 -0.894818 0.224742
0.703246 -0.675638 0.221264
0.676423 -0.648877 0.348440
0.906819 -0.360822 0.217917
0.872625 -0.346703 0.343981
0.906819 -0.360822 0.217917
0.676423 -0.648877 0.348440
0.703246 -0.675638 0.221264
0.872625 -0.346703 0.343981
0.976268 -0.000002 0.216567
0.939637 -0.000002 0.342173
0.976268 -0.000002 0.216567
0.872625 -0.346703 0.343981
0.906819 -0.360822 0.217917
0.939637 -0.000002 0.342173
0.770757 0.305828 0.558930
0.830792 -0.000002 0.556583
0.770757 0.305828 0.558930
0.939637 -0.000002 0.342173
0.872625 0.346701 0.343982
0.872625 0.346701 0.343982
0.595963 0.570920 0.564693
0.770757 0.305828 0.558930
0.595963 0.570920 0.564693
0.872625 0.346701 0.343982
0.676423 0.648877 0.348441
0.595963 0.570920 0.564693
0.370863 0.858967 0.353039
0.325907 0.753786 0.570606
0.370863 0.858967 0.353039
0.595963 0.570920 0.564693
0.676423 0.648877 0.348441
0.325907 0.753786 0.570606
-0.000002 0.934872 0.354984
-0.000003 0.819486 0.573099
-0.000002 0.934872 0.354984
0.325907 0.753786 0.570606
0.370863 0.858967 0.353039
-0.000002 0.934872 0.354984
-0.325910 0.753786 0.570604
-0.000003 0.819486 0.573099
-0.325910 0.753786 0.570604
-0.000002 0.934872 0.354984
-0.370866 0.858966 0.353038
-0.370866 0.858966 0.353038
-0.595964 0.570921 0.564691
-0.325910 0.753786 0.570604
-0.595964 0.570921 0.564691
-0.370866 0.858966 0.353038
-0.676423 0.648877 0.348440
-0.595964 0.570921 0.564691
-0.872624 0.346705 0.343980
-0.770756 0.305836 0.558927
-0.872624 0.346705 0.343980
-0.595964 0.570921 0.564691
-0.676423 0.648877 0.348440
-0.770756 0.305836 0.558927
-0.939637 0.000002 0.342174
-0.830790 0.000006 0.556586
-0.939637 0.000002 0.342174
-0.770756 0.305836 0.558927
-0.872624 0.346705 0.343980
-0.939637 0.000002 0.342174
-0.770757 -0.305830 0.558930
-0.830790 0.000006 0.556586
-0.770757 -0.305830 0.558930
-0.939637 0.000002 0.342174
-0.872625 -0.346702 0.343981
-0.872625 -0.346702 0.343981
-0.595959 -0.570924 0.564694
-0.770757 -0.305830 0.558930
-0.595959 -0.570924 0.564694
-0.872625 -0.346702 0.343981
-0.676422 -0.648878 0.348441
-0.595959 -0.570924 0.564694
-0.370863 -0.858967 0.353038
-0.325906 -0.753788 0.570604
-0.370863 -0.858967 0.353038
-0.595959 -0.570924 0.564694
-0.676422 -0.648878 0.348441
-0.325906 -0.753788 0.570604
0.000000 -0.934872 0.354985
-0.000000 -0.819486 0.573099
0.000000 -0.934872 0.354985
-0.325906 -0.753788 0.570604
-0.370863 -0.858967 0.353038
0.000000 -0.934872 0.354985
0.325910 -0.753786 0.570604
-0.000000 -0.819486 0.573099
0.325910 -0.753786 0.570604
0.000000 -0.934872 0.354985
0.370865 -0.858966 0.353038
0.370865 -0.858966 0.353038
0.595964 -0.570921 0.564691
0.325910 -0.753786 0.570604
0.595964 -0.570921 0.564691
0.370865 -0.858966 0.353038
0.676423 -0.648877 0.348440
0.595964 -0.570921 0.564691
0.872625 -0.346703 0.343981
0.770758 -0.305830 0.558928
0.872625 -0.346703 0.343981
0.595964 -0.570921 0.564691
0.676423 -0.648877 0.348440
0.770758 -0.305830 0.558928
0.939637 -0.000002 0.342173
0.830792 -0.000002 0.556583
0.939637 -0.000002 0.342173
0.770758 -0.305830 0.558928
0.872625 -0.346703 0.343981
0.830792 -0.000002 0.556583
0.627718 0.248707 0.737642
0.677355 -0.000001 0.735656
0.627718 0.248707 0.737642
0.830792 -0.000002 0.556583
0.770757 0.305828 0.558930
0.770757 0.305828 0.558930
0.484062 0.463021 0.742493
0.627718 0.248707 0.737642
0.484062 0.463021 0.742493
0.770757 0.305828 0.558930
0.595963 0.570920 0.564693
0.595963 0.570920 0.564693
0.263995 0.609636 0.747429
0.484062 0.463021 0.742493
0.263995 0.609636 0.747429
0.595963 0.570920 0.564693
0.325907 0.753786 0.570606
0.263995 0.609636 0.747429
-0.000003 0.819486 0.573099
-0.000002 0.662006 0.749499
-0.000003 0.819486 0.573099
0.263995 0.609636 0.747429
0.325907 0.753786 0.570606
-0.000003 0.819486 0.573099
-0.263997 0.609637 0.747428
-0.000002 0.662006 0.749499
-0.263997 0.609637 0.747428
-0.000003 0.819486 0.573099
-0.325910 0.753786 0.570604
-0.263997 0.609637 0.747428
-0.595964 0.570921 0.564691
-0.484064 0.463022 0.742491
-0.595964 0.570921 0.564691
-0.263997 0.609637 0.747428
-0.325910 0.753786 0.570604
-0.484064 0.463022 0.742491
-0.770756 0.305836 0.558927
-0.627716 0.248716 0.737640
-0.770756 0.305836 0.558927
-0.484064 0.463022 0.742491
-0.595964 0.570921 0.564691
-0.627716 0.248716 0.737640
-0.830790 0.000006 0.556586
-0.677352 0.000008 0.735659
-0.830790 0.000006 0.556586
-0.627716 0.248716 0.737640
-0.770756 0.305836 0.558927
-0.830790 0.000006 0.556586
-0.627715 -0.248707 0.737644
-0.677352 0.000008 0.735659
-0.627715 -0.248707 0.737644
-0.830790 0.000006 0.556586
-0.770757 -0.305830 0.558930
-0.770757 -0.305830 0.558930
-0.484055 -0.463025 0.742495
-0.627715 -0.248707 0.737644
-0.484055 -0.463025 0.742495
-0.770757 -0.305830 0.558930
-0.595959 -0.570924 0.564694
-0.263990 -0.609641 0.747427
-0.595959 -0.570924 0.564694
-0.325906 -0.753788 0.570604
-0.595959 -0.570924 0.564694
-0.263990 -0.609641 0.747427
-0.484055 -0.463025 0.742495
-0.263990 -0.609641 0.747427
-0.000000 -0.819486 0.573099
-0.000000 -0.662006 0.749498
-0.000000 -0.819486 0.573099
-0.263990 -0.609641 0.747427
-0.325906 -0.753788 0.570604
-0.000000 -0.819486 0.573099
0.263997 -0.609637 0.747428
-0.000000 -0.662006 0.749498
0.263997 -0.609637 0.747428
-0.000000 -0.819486 0.573099
0.325910 -0.753786 0.570604
0.263997 -0.609637 0.747428
0.325910 -0.753786 0.570604
0.595964 -0.570921 0.564691
0.263997 -0.609637 0.747428
0.595964 -0.570921 0.564691
0.484064 -0.463022 0.742491
0.595964 -0.570921 0.564691
0.770758 -0.305830 0.558928
0.484064 -0.463022 0.742491
0.770758 -0.305830 0.558928
0.627719 -0.248708 0.737640
0.484064 -0.463022 0.742491
0.627719 -0.248708 0.737640
0.830792 -0.000002 0.556583
0.677355 -0.000001 0.735656
0.830792 -0.000002 0.556583
0.627719 -0.248708 0.737640
0.770758 -0.305830 0.558928
0.627718 0.248707 0.737642
0.000002 0.000001 1.000000
0.677355 -0.000001 0.735656
0.484062 0.463021 0.742493
0.000002 0.000001 1.000000
0.627718 0.248707 0.737642
0.263995 0.609636 0.747429
0.000002 0.000001 1.000000
0.484062 0.463021 0.742493
-0.000002 0.662006 0.749499
0.000002 0.000001 1.000000
0.263995 0.609636 0.747429
-0.263997 0.609637 0.747428
0.000002 0.000001 1.000000
-0.000002 0.662006 0.749499
-0.484064 0.463022 0.742491
0.000002 0.000001 1.000000
-0.263997 0.609637 0.747428
-0.627716 0.248716 0.737640
0.000002 0.000001 1.000000
-0.484064 0.463022 0.742491
-0.677352 0.000008 0.735659
0.000002 0.000001 1.000000
-0.627716 0.248716 0.737640
-0.627715 -0.248707 0.737644
0.000002 0.000001 1.000000
-0.677352 0.000008 0.735659
-0.484055 -0.463025 0.742495
0.000002 0.000001 1.000000
-0.627715 -0.248707 0.737644
-0.263990 -0.609641 0.747427
0.000002 0.000001 1.000000
-0.484055 -0.463025 0.742495
-0.000000 -0.662006 0.749498
0.000002 0.000001 1.000000
-0.263990 -0.609641 0.747427
0.263997 -0.609637 0.747428
0.000002 0.000001 1.000000
-0.000000 -0.662006 0.749498
0.484064 -0.463022 0.742491
0.000002 0.000001 1.000000
0.263997 -0.609637 0.747428
0.627719 -0.248708 0.737640
0.000002 0.000001 1.000000
0.484064 -0.463022 0.742491
0.677355 -0.000001 0.735656
0.000002 0.000001 1.000000
0.627719 -0.248708 0.737640
1.000000 0.000001 0.000000
0.929440 0.368972 0.000000
0.929440 0.368973 0.000000
0.929440 0.368972 0.000000
1.000000 0.000001 0.000000
1.000000 -0.000000 0.000000
0.929440 0.368972 0.000000
0.721927 0.691969 0.000000
0.929440 0.368973 0.000000
0.721927 0.691969 0.000000
0.929440 0.368972 0.000000
0.721926 0.691970 0.000000
0.396653 0.917969 -0.000000
0.721927 0.691969 0.000000
0.721926 0.691970 0.000000
0.396653 0.917969 -0.000000
0.721926 0.691970 0.000000
0.396652 0.917969 -0.000000
0.000001 1.000000 0.000000
0.396653 0.917969 -0.000000
0.396652 0.917969 -0.000000
0.000001 1.000000 0.000000
0.396652 0.917969 -0.000000
-0.000001 1.000000 0.000000
-0.396652 0.917969 0.000000
0.000001 1.000000 0.000000
-0.000001 1.000000 0.000000
-0.396652 0.917969 0.000000
-0.000001 1.000000 0.000000
-0.396653 0.917969 0.000000
-0.721927 0.691969 0.000000
-0.396652 0.917969 0.000000
-0.396653 0.917969 0.000000
-0.721927 0.691969 0.000000
-0.396653 0.917969 0.000000
-0.721927 0.691970 0.000000
-0.721927 0.691969 0.000000
-0.929440 0.368973 0.000000
-0.929440 0.368972 0.000000
-0.929440 0.368973 0.000000
-0.721927 0.691969 0.000000
-0.721927 0.691970 0.000000
-0.929440 0.368972 0.000000
-1.000000 0.000001 0.000000
-1.000000 0.000000 0.000000
-1.000000 0.000001 0.000000
-0.929440 0.368972 0.000000
-0.929440 0.368973 0.000000
-0.929440 -0.368973 0.000000
-1.000000 0.000000 0.000000
-1.000000 0.000001 0.000000
-0.929440 -0.368973 0.000000
-1.000000 0.000001 0.000000
-0.929441 -0.368972 0.000000
-0.929440 -0.368973 0.000000
-0.721927 -0.691970 0.000000
-0.721927 -0.691969 0.000000
-0.721927 -0.691970 0.000000
-0.929440 -0.368973 0.000000
-0.929441 -0.368972 0.000000
-0.396653 -0.917969 0.000000
-0.721927 -0.691969 0.000000
-0.721927 -0.691970 0.000000
-0.396653 -0.917969 0.000000
-0.721927 -0.691970 0.000000
-0.396652 -0.917969 0.000000
-0.000000 -1.000000 -0.000000
-0.396653 -0.917969 0.000000
-0.396652 -0.917969 0.000000
-0.000000 -1.000000 -0.000000
-0.396652 -0.917969 0.000000
0.000000 -1.000000 -0.000000
-0.000000 -1.000000 -0.000000
0.396652 -0.917969 -0.000000
0.396652 -0.917969 -0.000000
0.396652 -0.917969 -0.000000
-0.000000 -1.000000 -0.000000
0.000000 -1.000000 -0.000000
0.396652 -0.917969 -0.000000
0.721927 -0.691970 -0.000000
0.721927 -0.691970 -0.000000
0.721927 -0.691970 -0.000000
0.396652 -0.917969 -0.000000
0.396652 -0.917969 -0.000000
0.721927 -0.691970 -0.000000
0.929441 -0.368972 0.000000
0.721927 -0.691970 -0.000000
0.929441 -0.368972 0.000000
0.721927 -0.691970 -0.000000
0.929440 -0.368972 0.000000
0.929441 -0.368972 0.000000
1.000000 -0.000000 0.000000
1.000000 0.000001 0.000000
1.000000 -0.000000 0.000000
0.929441 -0.368972 0.000000
0.929440 -0.368972 0.000000
-0.130958 -0.000000 0.991388
-0.016549 0.381848 0.924077
-0.122829 0.377206 0.917948
-0.016549 0.381848 0.924077
-0.130958 -0.000000 0.991388
-0.017906 -0.000000 0.999840
-0.098531 0.699092 0.708211
-0.016549 0.381848 0.924077
-0.012682 0.705940 0.708158
-0.016549 0.381848 0.924077
-0.098531 0.699092 0.708211
-0.122829 0.377206 0.917948
-0.098531 0.699092 0.708211
-0.012682 0.705940 0.708158
-0.006886 0.923070 0.384569
-0.098531 0.699092 0.708211
-0.006886 0.923070 0.384569
-0.058496 0.917905 0.392465
-0.058496 0.917905 0.392465
-0.006886 0.923070 0.384569
-0.000040 0.999997 0.002224
-0.058496 0.917905 0.392465
-0.000040 0.999997 0.002224
-0.004197 0.999851 0.016736
-0.004197 0.999851 0.016736
-0.000040 0.999997 0.002224
0.006819 0.924644 -0.380773
-0.004197 0.999851 0.016736
0.006819 0.924644 -0.380773
0.060148 0.929905 -0.362848
0.060148 0.929905 -0.362848
0.006819 0.924644 -0.380773
0.012641 0.708164 -0.705935
0.060148 0.929905 -0.362848
0.012641 0.708164 -0.705935
0.125040 0.715532 -0.687298
0.016535 0.383420 -0.923426
0.175026 0.388388 -0.904721
0.125040 0.715532 -0.687298
0.016535 0.383420 -0.923426
0.125040 0.715532 -0.687298
0.012641 0.708164 -0.705935
0.017905 0.000002 -0.999840
0.194030 0.000002 -0.980996
0.175026 0.388388 -0.904721
0.017905 0.000002 -0.999840
0.175026 0.388388 -0.904721
0.016535 0.383420 -0.923426
0.175026 -0.388387 -0.904722
0.017905 0.000002 -0.999840
0.016537 -0.383420 -0.923426
0.017905 0.000002 -0.999840
0.175026 -0.388387 -0.904722
0.194030 0.000002 -0.980996
0.012642 -0.708165 -0.705934
0.175026 -0.388387 -0.904722
0.016537 -0.383420 -0.923426
0.175026 -0.388387 -0.904722
0.012642 -0.708165 -0.705934
0.125040 -0.715533 -0.687297
0.060148 -0.929905 -0.362848
0.012642 -0.708165 -0.705934
0.006819 -0.924644 -0.380773
0.012642 -0.708165 -0.705934
0.060148 -0.929905 -0.362848
0.125040 -0.715533 -0.687297
-0.004197 -0.999851 0.016736
0.006819 -0.924644 -0.380773
-0.000040 -0.999997 0.002223
0.006819 -0.924644 -0.380773
-0.004197 -0.999851 0.016736
0.060148 -0.929905 -0.362848
-0.058497 -0.917905 0.392465
-0.000040 -0.999997 0.002223
-0.006886 -0.923070 0.384569
-0.000040 -0.999997 0.002223
-0.058497 -0.917905 0.392465
-0.004197 -0.999851 0.016736
-0.098531 -0.699090 0.708212
-0.006886 -0.923070 0.384569
-0.012680 -0.705939 0.708160
-0.006886 -0.923070 0.384569
-0.098531 -0.699090 0.708212
-0.058497 -0.917905 0.392465
-0.122829 -0.377204 0.917949
-0.012680 -0.705939 0.708160
-0.016548 -0.381846 0.924078
-0.012680 -0.705939 0.708160
-0.122829 -0.377204 0.917949
-0.098531 -0.699090 0.708212
-0.130958 -0.000000 0.991388
-0.016548 -0.381846 0.924078
-0.017906 -0.000000 0.999840
-0.016548 -0.381846 0.924078
-0.130958 -0.000000 0.991388
-0.122829 -0.377204 0.917949
-0.656578 0.359459 0.663094
-0.480137 -0.000000 0.877193
-0.452979 0.364690 0.813518
-0.480137 -0.000000 0.877193
-0.656578 0.359459 0.663094
-0.699120 -0.000000 0.715004
-0.370791 0.681098 0.631364
-0.656578 0.359459 0.663094
-0.452979 0.364690 0.813518
-0.656578 0.359459 0.663094
-0.370791 0.681098 0.631364
-0.523072 0.683474 0.509175
-0.523072 0.683474 0.509175
-0.231191 0.905484 0.355878
-0.286423 0.920893 0.264419
-0.231191 0.905484 0.355878
-0.523072 0.683474 0.509175
-0.370791 0.681098 0.631364
-0.286423 0.920893 0.264419
-0.032518 0.999120 0.026512
0.044848 0.998534 -0.030291
-0.032518 0.999120 0.026512
-0.286423 0.920893 0.264419
-0.231191 0.905484 0.355878
0.044848 0.998534 -0.030291
0.210497 0.930114 -0.300964
0.397417 0.870486 -0.290367
0.210497 0.930114 -0.300964
0.044848 0.998534 -0.030291
-0.032518 0.999120 0.026512
0.397417 0.870486 -0.290367
0.443883 0.699635 -0.559892
0.665277 0.598795 -0.445927
0.443883 0.699635 -0.559892
0.397417 0.870486 -0.290367
0.210497 0.930114 -0.300964
0.601403 0.366887 -0.709724
0.665277 0.598795 -0.445927
0.443883 0.699635 -0.559892
0.665277 0.598795 -0.445927
0.601403 0.366887 -0.709724
0.810072 0.293379 -0.507653
0.654711 0.000001 -0.755879
0.810072 0.293379 -0.507653
0.601403 0.366887 -0.709724
0.810072 0.293379 -0.507653
0.654711 0.000001 -0.755879
0.853287 -0.000000 -0.521442
0.601402 -0.366887 -0.709725
0.810073 -0.293379 -0.507653
0.654711 0.000001 -0.755879
0.654711 0.000001 -0.755879
0.810073 -0.293379 -0.507653
0.853287 -0.000000 -0.521442
0.443882 -0.699636 -0.559892
0.665278 -0.598794 -0.445927
0.601402 -0.366887 -0.709725
0.810073 -0.293379 -0.507653
0.601402 -0.366887 -0.709725
0.665278 -0.598794 -0.445927
0.210497 -0.930114 -0.300965
0.397418 -0.870486 -0.290367
0.443882 -0.699636 -0.559892
0.665278 -0.598794 -0.445927
0.443882 -0.699636 -0.559892
0.397418 -0.870486 -0.290367
-0.032517 -0.999120 0.026512
0.044849 -0.998534 -0.030292
0.210497 -0.930114 -0.300965
0.397418 -0.870486 -0.290367
0.210497 -0.930114 -0.300965
0.044849 -0.998534 -0.030292
-0.231192 -0.905484 0.355879
-0.286424 -0.920893 0.264420
-0.032517 -0.999120 0.026512
0.044849 -0.998534 -0.030292
-0.032517 -0.999120 0.026512
-0.286424 -0.920893 0.264420
-0.370792 -0.681097 0.631364
-0.523073 -0.683472 0.509176
-0.231192 -0.905484 0.355879
-0.286424 -0.920893 0.264420
-0.231192 -0.905484 0.355879
-0.523073 -0.683472 0.509176
-0.452980 -0.364689 0.813518
-0.656578 -0.359459 0.663094
-0.370792 -0.681097 0.631364
-0.523073 -0.683472 0.509176
-0.370792 -0.681097 0.631364
-0.656578 -0.359459 0.663094
-0.480137 -0.000000 0.877193
-0.656578 -0.359459 0.663094
-0.452980 -0.364689 0.813518
-0.656578 -0.359459 0.663094
-0.480137 -0.000000 0.877193
-0.699120 -0.000000 0.715004
-0.480137 -0.000000 0.877193
-0.130958 -0.000000 0.991388
-0.452979 0.364690 0.813518
-0.122829 0.377206 0.917948
-0.452979 0.364690 0.813518
-0.130958 -0.000000 0.991388
-0.370791 0.681098 0.631364
-0.122829 0.377206 0.917948
-0.098531 0.699092 0.708211
-0.122829 0.377206 0.917948
-0.370791 0.681098 0.631364
-0.452979 0.364690 0.813518
-0.370791 0.681098 0.631364
-0.098531 0.699092 0.708211
-0.058496 0.917905 0.392465
-0.370791 0.681098 0.631364
-0.058496 0.917905 0.392465
-0.231191 0.905484 0.355878
-0.231191 0.905484 0.355878
-0.058496 0.917905 0.392465
-0.004197 0.999851 0.016736
-0.231191 0.905484 0.355878
-0.004197 0.999851 0.016736
-0.032518 0.999120 0.026512
-0.032518 0.999120 0.026512
-0.004197 0.999851 0.016736
0.060148 0.929905 -0.362848
-0.032518 0.999120 0.026512
0.060148 0.929905 -0.362848
0.210497 0.930114 -0.300964
0.210497 0.930114 -0.300964
0.060148 0.929905 -0.362848
0.125040 0.715532 -0.687298
0.210497 0.930114 -0.300964
0.125040 0.715532 -0.687298
0.443883 0.699635 -0.559892
0.601403 0.366887 -0.709724
0.125040 0.715532 -0.687298
0.175026 0.388388 -0.904721
0.125040 0.715532 -0.687298
0.601403 0.366887 -0.709724
0.443883 0.699635 -0.559892
0.194030 0.000002 -0.980996
0.654711 0.000001 -0.755879
0.175026 0.388388 -0.904721
0.654711 0.000001 -0.755879
0.601403 0.366887 -0.709724
0.175026 0.388388 -0.904721
0.175026 -0.388387 -0.904722
0.654711 0.000001 -0.755879
0.194030 0.000002 -0.980996
0.654711 0.000001 -0.755879
0.175026 -0.388387 -0.904722
0.601402 -0.366887 -0.709725
0.125040 -0.715533 -0.687297
0.601402 -0.366887 -0.709725
0.175026 -0.388387 -0.904722
0.601402 -0.366887 -0.709725
0.125040 -0.715533 -0.687297
0.443882 -0.699636 -0.559892
0.443882 -0.699636 -0.559892
0.125040 -0.715533 -0.687297
0.210497 -0.930114 -0.300965
0.060148 -0.929905 -0.362848
0.210497 -0.930114 -0.300965
0.125040 -0.715533 -0.687297
0.210497 -0.930114 -0.300965
0.060148 -0.929905 -0.362848
-0.032517 -0.999120 0.026512
-0.004197 -0.999851 0.016736
-0.032517 -0.999120 0.026512
0.060148 -0.929905 -0.362848
-0.032517 -0.999120 0.026512
-0.004197 -0.999851 0.016736
-0.231192 -0.905484 0.355879
-0.058497 -0.917905 0.392465
-0.231192 -0.905484 0.355879
-0.004197 -0.999851 0.016736
-0.231192 -0.905484 0.355879
-0.058497 -0.917905 0.392465
-0.370792 -0.681097 0.631364
-0.098531 -0.699090 0.708212
-0.370792 -0.681097 0.631364
-0.058497 -0.917905 0.392465
-0.370792 -0.681097 0.631364
-0.122829 -0.377204 0.917949
-0.452980 -0.364689 0.813518
-0.122829 -0.377204 0.917949
-0.370792 -0.681097 0.631364
-0.098531 -0.699090 0.708212
-0.452980 -0.364689 0.813518
-0.130958 -0.000000 0.991388
-0.480137 -0.000000 0.877193
-0.130958 -0.000000 0.991388
-0.452980 -0.364689 0.813518
-0.122829 -0.377204 0.917949
-0.866024 -0.000000 -0.500003
-0.866024 -0.000000 -0.500002
-0.866024 -0.000000 -0.500003
-0.866024 -0.000000 -0.500002
-0.866024 -0.000000 -0.500003
-0.866024 -0.000000 -0.500002
-0.866025 -0.000002 -0.500001
-0.866024 -0.000000 -0.500003
-0.866025 -0.000002 -0.500001
-0.866024 -0.000000 -0.500003
-0.866025 -0.000002 -0.500001
-0.866024 -0.000000 -0.500003
-0.866025 -0.000002 -0.500001
-0.866025 -0.000001 -0.500000
-0.866025 -0.000001 -0.500000
-0.866025 -0.000002 -0.500001
-0.866025 -0.000001 -0.500000
-0.866025 -0.000002 -0.500001
-0.866025 0.000001 -0.500002
-0.866025 -0.000001 -0.500000
-0.866025 -0.000001 -0.500000
-0.866025 -0.000001 -0.500000
-0.866024 0.000001 -0.500002
-0.866025 0.000001 -0.500002
-0.866026 0.000002 -0.500000
-0.866025 0.000001 -0.500002
-0.866024 0.000001 -0.500002
-0.866025 0.000001 -0.500002
-0.866026 0.000002 -0.500000
-0.866026 0.000002 -0.499999
-0.866026 0.000001 -0.500000
-0.866026 0.000002 -0.499999
-0.866026 0.000002 -0.500000
-0.866026 0.000002 -0.499999
-0.866026 0.000001 -0.500000
-0.866025 0.000001 -0.500000
-0.866025 -0.000001 -0.500000
-0.866025 0.000001 -0.500000
-0.866026 0.000001 -0.500000
-0.866025 0.000001 -0.500000
-0.866025 -0.000001 -0.500000
-0.866025 -0.000001 -0.500000
-0.866025 -0.000001 -0.500000
-0.866026 0.000000 -0.499999
-0.866026 0.000000 -0.499999
-0.866026 0.000000 -0.499999
-0.866025 -0.000001 -0.500000
-0.866025 -0.000001 -0.500000
-0.866025 0.000001 -0.500000
-0.866026 0.000000 -0.499999
-0.866026 0.000000 -0.499999
-0.866026 0.000000 -0.499999
-0.866026 0.000001 -0.500000
-0.866025 0.000001 -0.500000
-0.866025 -0.000001 -0.500000
-0.866025 0.000001 -0.500000
-0.866026 0.000001 -0.500000
-0.866026 0.000001 -0.500000
-0.866025 -0.000001 -0.500000
-0.866025 -0.000001 -0.500000
-0.866025 -0.000001 -0.500000
-0.866026 -0.000002 -0.500000
-0.866025 -0.000002 -0.500000
-0.866025 -0.000001 -0.500000
-0.866025 -0.000002 -0.500000
-0.866025 -0.000001 -0.500000
-0.866026 0.000000 -0.500000
-0.866026 -0.000002 -0.500000
-0.866026 0.000000 -0.500000
-0.866026 -0.000002 -0.500000
-0.866026 0.000000 -0.500000
-0.866025 -0.000002 -0.500000
-0.866026 0.000000 -0.500000
-0.866026 0.000000 -0.500000
-0.866026 0.000000 -0.500000
-0.866026 0.000000 -0.500000
-0.866026 0.000000 -0.500000
-0.866026 0.000000 -0.500000
-0.866024 0.000001 -0.500002
-0.866026 0.000000 -0.500000
-0.866026 0.000000 -0.500000
-0.866026 0.000000 -0.500000
-0.866024 0.000001 -0.500002
-0.866024 0.000001 -0.500002
-0.866024 0.000001 -0.500002
-0.866024 -0.000000 -0.500002
-0.866024 -0.000000 -0.500002
-0.866024 -0.000000 -0.500002
-0.866024 0.000001 -0.500002
-0.866024 0.000001 -0.500002
-0.866024 -0.000000 -0.500002
-0.866024 -0.000000 -0.500002
-0.866024 -0.000000 -0.500002
-0.866024 -0.000000 -0.500002
-0.866024 -0.000000 -0.500002
-0.866024 -0.000000 -0.500002
0.448613 0.000000 -0.893726
0.382477 -0.395798 -0.834898
-0.686221 0.000001 -0.727393
0.382477 -0.395798 -0.834898
0.197535 -0.717089 -0.668403
-0.686221 0.000001 -0.727393
0.197535 -0.717089 -0.668403
-0.065279 -0.901953 -0.426872
-0.686221 0.000001 -0.727393
-0.065279 -0.901953 -0.426872
-0.346584 -0.923933 -0.161950
-0.686221 0.000001 -0.727393
-0.346584 -0.923933 -0.161950
-0.592765 -0.801829 0.075497
-0.686221 0.000001 -0.727393
-0.592765 -0.801829 0.075497
-0.774057 -0.579972 0.253906
-0.686221 0.000001 -0.727393
-0.774057 -0.579972 0.253906
-0.882039 -0.301959 0.361703
-0.686221 0.000001 -0.727393
-0.882039 -0.301959 0.361703
-0.917612 0.000000 0.397478
-0.686221 0.000001 -0.727393
-0.917612 0.000000 0.397478
-0.882039 0.301958 0.361703
-0.686221 0.000001 -0.727393
-0.882039 0.301958 0.361703
-0.774057 0.579971 0.253906
-0.686221 0.000001 -0.727393
-0.774057 0.579971 0.253906
-0.592765 0.801829 0.075497
-0.686221 0.000001 -0.727393
-0.592765 0.801829 0.075497
-0.346586 0.923932 -0.161949
-0.686221 0.000001 -0.727393
-0.346586 0.923932 -0.161949
-0.065279 0.901952 -0.426873
-0.686221 0.000001 -0.727393
-0.065279 0.901952 -0.426873
0.197538 0.717086 -0.668406
-0.686221 0.000001 -0.727393
0.197538 0.717086 -0.668406
0.382477 0.395798 -0.834898
-0.686221 0.000001 -0.727393
0.382477 0.395798 -0.834898
0.448613 0.000000 -0.893726
-0.686221 0.000001 -0.727393
0.016549 0.381848 0.924077
0.130958 -0.000000 0.991388
0.122829 0.377206 0.917948
0.130958 -0.000000 0.991388
0.016549 0.381848 0.924077
0.017906 -0.000000 0.999840
0.012681 0.705940 0.708158
0.122829 0.377206 0.917948
0.098531 0.699091 0.708211
0.122829 0.377206 0.917948
0.012681 0.705940 0.708158
0.016549 0.381848 0.924077
0.058496 0.917904 0.392466
0.006886 0.923070 0.384569
0.098531 0.699091 0.708211
0.012681 0.705940 0.708158
0.098531 0.699091 0.708211
0.006886 0.923070 0.384569
0.004197 0.999851 0.016735
0.000040 0.999997 0.002224
0.058496 0.917904 0.392466
0.006886 0.923070 0.384569
0.058496 0.917904 0.392466
0.000040 0.999997 0.002224
-0.060148 0.929905 -0.362848
-0.006819 0.924644 -0.380773
0.004197 0.999851 0.016735
0.000040 0.999997 0.002224
0.004197 0.999851 0.016735
-0.006819 0.924644 -0.380773
-0.125040 0.715532 -0.687298
-0.012641 0.708163 -0.705935
-0.060148 0.929905 -0.362848
-0.006819 0.924644 -0.380773
-0.060148 0.929905 -0.362848
-0.012641 0.708163 -0.705935
-0.016535 0.383420 -0.923426
-0.125040 0.715532 -0.687298
-0.175026 0.388388 -0.904721
-0.125040 0.715532 -0.687298
-0.016535 0.383420 -0.923426
-0.012641 0.708163 -0.705935
-0.017905 0.000002 -0.999840
-0.175026 0.388388 -0.904721
-0.194030 0.000002 -0.980996
-0.175026 0.388388 -0.904721
-0.017905 0.000002 -0.999840
-0.016535 0.383420 -0.923426
-0.175026 -0.388388 -0.904722
-0.017905 0.000002 -0.999840
-0.194030 0.000002 -0.980996
-0.017905 0.000002 -0.999840
-0.175026 -0.388388 -0.904722
-0.016537 -0.383420 -0.923426
-0.125040 -0.715533 -0.687297
-0.012642 -0.708165 -0.705934
-0.016537 -0.383420 -0.923426
-0.125040 -0.715533 -0.687297
-0.016537 -0.383420 -0.923426
-0.175026 -0.388388 -0.904722
-0.060148 -0.929905 -0.362848
-0.006819 -0.924643 -0.380773
-0.012642 -0.708165 -0.705934
-0.060148 -0.929905 -0.362848
-0.012642 -0.708165 -0.705934
-0.125040 -0.715533 -0.687297
0.004197 -0.999851 0.016735
0.000040 -0.999997 0.002223
-0.006819 -0.924643 -0.380773
0.004197 -0.999851 0.016735
-0.006819 -0.924643 -0.380773
-0.060148 -0.929905 -0.362848
0.058497 -0.917905 0.392465
0.006886 -0.923070 0.384569
0.000040 -0.999997 0.002223
0.058497 -0.917905 0.392465
0.000040 -0.999997 0.002223
0.004197 -0.999851 0.016735
0.098531 -0.699090 0.708213
0.012681 -0.705938 0.708160
0.006886 -0.923070 0.384569
0.098531 -0.699090 0.708213
0.006886 -0.923070 0.384569
0.058497 -0.917905 0.392465
0.122829 -0.377204 0.917949
0.016548 -0.381845 0.924078
0.012681 -0.705938 0.708160
0.122829 -0.377204 0.917949
0.012681 -0.705938 0.708160
0.098531 -0.699090 0.708213
0.017906 -0.000000 0.999840
0.122829 -0.377204 0.917949
0.130958 -0.000000 0.991388
0.122829 -0.377204 0.917949
0.017906 -0.000000 0.999840
0.016548 -0.381845 0.924078
0.656578 0.359459 0.663094
0.452979 0.364690 0.813518
0.480137 -0.000000 0.877193
0.656578 0.359459 0.663094
0.480137 -0.000000 0.877193
0.699120 -0.000000 0.715004
0.370791 0.681098 0.631364
0.656578 0.359459 0.663094
0.523072 0.683474 0.509174
0.656578 0.359459 0.663094
0.370791 0.681098 0.631364
0.452979 0.364690 0.813518
0.231191 0.905484 0.355878
0.523072 0.683474 0.509174
0.286423 0.920893 0.264418
0.523072 0.683474 0.509174
0.231191 0.905484 0.355878
0.370791 0.681098 0.631364
0.032518 0.999120 0.026511
0.286423 0.920893 0.264418
-0.044848 0.998535 -0.030291
0.286423 0.920893 0.264418
0.032518 0.999120 0.026511
0.231191 0.905484 0.355878
-0.210496 0.930114 -0.300964
-0.044848 0.998535 -0.030291
-0.397417 0.870487 -0.290367
-0.044848 0.998535 -0.030291
-0.210496 0.930114 -0.300964
0.032518 0.999120 0.026511
-0.443883 0.699635 -0.559892
-0.397417 0.870487 -0.290367
-0.665277 0.598795 -0.445926
-0.397417 0.870487 -0.290367
-0.443883 0.699635 -0.559892
-0.210496 0.930114 -0.300964
-0.601403 0.366887 -0.709724
-0.665277 0.598795 -0.445926
-0.810072 0.293379 -0.507653
-0.665277 0.598795 -0.445926
-0.601403 0.366887 -0.709724
-0.443883 0.699635 -0.559892
-0.654711 0.000001 -0.755879
-0.810072 0.293379 -0.507653
-0.853287 0.000000 -0.521442
-0.810072 0.293379 -0.507653
-0.654711 0.000001 -0.755879
-0.601403 0.366887 -0.709724
-0.810073 -0.293379 -0.507653
-0.601402 -0.366887 -0.709725
-0.654711 0.000001 -0.755879
-0.654711 0.000001 -0.755879
-0.853287 0.000000 -0.521442
-0.810073 -0.293379 -0.507653
-0.665278 -0.598795 -0.445926
-0.443882 -0.699636 -0.559892
-0.601402 -0.366887 -0.709725
-0.601402 -0.366887 -0.709725
-0.810073 -0.293379 -0.507653
-0.665278 -0.598795 -0.445926
-0.397418 -0.870486 -0.290367
-0.443882 -0.699636 -0.559892
-0.665278 -0.598795 -0.445926
-0.443882 -0.699636 -0.559892
-0.397418 -0.870486 -0.290367
-0.210497 -0.930114 -0.300965
-0.044849 -0.998534 -0.030292
-0.210497 -0.930114 -0.300965
-0.397418 -0.870486 -0.290367
-0.210497 -0.930114 -0.300965
-0.044849 -0.998534 -0.030292
0.032517 -0.999120 0.026511
0.286424 -0.920893 0.264420
0.032517 -0.999120 0.026511
-0.044849 -0.998534 -0.030292
0.032517 -0.999120 0.026511
0.286424 -0.920893 0.264420
0.231192 -0.905484 0.355879
0.523073 -0.683472 0.509176
0.231192 -0.905484 0.355879
0.286424 -0.920893 0.264420
0.523073 -0.683472 0.509176
0.370792 -0.681096 0.631364
0.231192 -0.905484 0.355879
0.656578 -0.359459 0.663095
0.452980 -0.364689 0.813518
0.370792 -0.681096 0.631364
0.370792 -0.681096 0.631364
0.523073 -0.683472 0.509176
0.656578 -0.359459 0.663095
0.480137 -0.000000 0.877193
0.656578 -0.359459 0.663095
0.699120 -0.000000 0.715004
0.656578 -0.359459 0.663095
0.480137 -0.000000 0.877193
0.452980 -0.364689 0.813518
0.452979 0.364690 0.813518
0.122829 0.377206 0.917948
0.130958 -0.000000 0.991388
0.452979 0.364690 0.813518
0.130958 -0.000000 0.991388
0.480137 -0.000000 0.877193
0.122829 0.377206 0.917948
0.370791 0.681098 0.631364
0.098531 0.699091 0.708211
0.370791 0.681098 0.631364
0.122829 0.377206 0.917948
0.452979 0.364690 0.813518
0.370791 0.681098 0.631364
0.058496 0.917904 0.392466
0.098531 0.699091 0.708211
0.058496 0.917904 0.392466
0.370791 0.681098 0.631364
0.231191 0.905484 0.355878
0.231191 0.905484 0.355878
0.004197 0.999851 0.016735
0.058496 0.917904 0.392466
0.004197 0.999851 0.016735
0.231191 0.905484 0.355878
0.032518 0.999120 0.026511
0.032518 0.999120 0.026511
-0.060148 0.929905 -0.362848
0.004197 0.999851 0.016735
-0.060148 0.929905 -0.362848
0.032518 0.999120 0.026511
-0.210496 0.930114 -0.300964
-0.210496 0.930114 -0.300964
-0.125040 0.715532 -0.687298
-0.060148 0.929905 -0.362848
-0.125040 0.715532 -0.687298
-0.210496 0.930114 -0.300964
-0.443883 0.699635 -0.559892
-0.601403 0.366887 -0.709724
-0.125040 0.715532 -0.687298
-0.443883 0.699635 -0.559892
-0.125040 0.715532 -0.687298
-0.601403 0.366887 -0.709724
-0.175026 0.388388 -0.904721
-0.654711 0.000001 -0.755879
-0.194030 0.000002 -0.980996
-0.175026 0.388388 -0.904721
-0.654711 0.000001 -0.755879
-0.175026 0.388388 -0.904721
-0.601403 0.366887 -0.709724
-0.175026 -0.388388 -0.904722
-0.654711 0.000001 -0.755879
-0.601402 -0.366887 -0.709725
-0.654711 0.000001 -0.755879
-0.175026 -0.388388 -0.904722
-0.194030 0.000002 -0.980996
-0.125040 -0.715533 -0.687297
-0.601402 -0.366887 -0.709725
-0.443882 -0.699636 -0.559892
-0.601402 -0.366887 -0.709725
-0.125040 -0.715533 -0.687297
-0.175026 -0.388388 -0.904722
-0.210497 -0.930114 -0.300965
-0.060148 -0.929905 -0.362848
-0.125040 -0.715533 -0.687297
-0.210497 -0.930114 -0.300965
-0.125040 -0.715533 -0.687297
-0.443882 -0.699636 -0.559892
0.032517 -0.999120 0.026511
0.004197 -0.999851 0.016735
-0.060148 -0.929905 -0.362848
0.032517 -0.999120 0.026511
-0.060148 -0.929905 -0.362848
-0.210497 -0.930114 -0.300965
0.231192 -0.905484 0.355879
0.058497 -0.917905 0.392465
0.004197 -0.999851 0.016735
0.231192 -0.905484 0.355879
0.004197 -0.999851 0.016735
0.032517 -0.999120 0.026511
0.370792 -0.681096 0.631364
0.098531 -0.699090 0.708213
0.058497 -0.917905 0.392465
0.370792 -0.681096 0.631364
0.058497 -0.917905 0.392465
0.231192 -0.905484 0.355879
0.122829 -0.377204 0.917949
0.370792 -0.681096 0.631364
0.452980 -0.364689 0.813518
0.370792 -0.681096 0.631364
0.122829 -0.377204 0.917949
0.098531 -0.699090 0.708213
0.130958 -0.000000 0.991388
0.452980 -0.364689 0.813518
0.480137 -0.000000 0.877193
0.452980 -0.364689 0.813518
0.130958 -0.000000 0.991388
0.122829 -0.377204 0.917949
0.866024 -0.000000 -0.500003
0.866024 -0.000000 -0.500002
0.866024 -0.000000 -0.500003
0.866024 -0.000000 -0.500002
0.866024 -0.000000 -0.500002
0.866024 -0.000000 -0.500003
0.866025 -0.000002 -0.500001
0.866024 -0.000000 -0.500003
0.866025 -0.000002 -0.500001
0.866025 -0.000002 -0.500001
0.866024 -0.000000 -0.500003
0.866024 -0.000000 -0.500003
0.866025 -0.000002 -0.500001
0.866025 -0.000001 -0.500000
0.866025 -0.000001 -0.500000
0.866025 -0.000001 -0.500000
0.866025 -0.000002 -0.500001
0.866025 -0.000002 -0.500001
0.866025 0.000001 -0.500002
0.866025 -0.000001 -0.500000
0.866025 -0.000001 -0.500000
0.866025 -0.000001 -0.500000
0.866025 0.000001 -0.500002
0.866024 0.000001 -0.500002
0.866025 0.000001 -0.500002
0.866026 0.000002 -0.500000
0.866024 0.000001 -0.500002
0.866026 0.000002 -0.500000
0.866025 0.000001 -0.500002
0.866026 0.000002 -0.500000
0.866025 0.000000 -0.500000
0.866026 0.000002 -0.500000
0.866025 0.000000 -0.500000
0.866026 0.000002 -0.500000
0.866025 0.000000 -0.500000
0.866026 0.000002 -0.500000
0.866025 -0.000001 -0.500000
0.866025 0.000000 -0.500000
0.866025 -0.000001 -0.500000
0.866025 0.000000 -0.500000
0.866025 -0.000001 -0.500000
0.866025 0.000000 -0.500000
0.866026 0.000000 -0.499999
0.866025 -0.000001 -0.500000
0.866026 0.000000 -0.499999
0.866025 -0.000001 -0.500000
0.866026 0.000000 -0.499999
0.866025 -0.000001 -0.500000
0.866026 0.000001 -0.500000
0.866026 0.000000 -0.499999
0.866026 0.000000 -0.499999
0.866026 0.000000 -0.499999
0.866026 0.000001 -0.500000
0.866025 0.000001 -0.500000
0.866025 -0.000001 -0.500000
0.866025 0.000001 -0.500000
0.866026 0.000001 -0.500000
0.866025 0.000001 -0.500000
0.866025 -0.000001 -0.500000
0.866025 -0.000001 -0.500000
0.866025 -0.000001 -0.500000
0.866025 -0.000002 -0.500000
0.866025 -0.000001 -0.500000
0.866025 -0.000002 -0.500000
0.866025 -0.000001 -0.500000
0.866025 -0.000002 -0.500000
0.866026 0.000000 -0.500000
0.866025 -0.000002 -0.500000
0.866026 0.000000 -0.500000
0.866025 -0.000002 -0.500000
0.866025 -0.000002 -0.500000
0.866026 0.000000 -0.500000
0.866025 0.000000 -0.500000
0.866026 0.000000 -0.500000
0.866025 0.000000 -0.500000
0.866026 0.000000 -0.500000
0.866025 0.000000 -0.500000
0.866026 0.000000 -0.500000
0.866024 0.000001 -0.500002
0.866025 0.000000 -0.500000
0.866024 0.000001 -0.500002
0.866025 0.000000 -0.500000
0.866024 0.000001 -0.500002
0.866025 0.000000 -0.500000
0.866024 0.000001 -0.500002
0.866024 -0.000000 -0.500002
0.866024 0.000001 -0.500002
0.866024 -0.000000 -0.500002
0.866024 0.000001 -0.500002
0.866024 -0.000000 -0.500002
0.866024 -0.000000 -0.500002
0.866024 -0.000000 -0.500002
0.866024 -0.000000 -0.500002
0.866024 -0.000000 -0.500002
0.866024 -0.000000 -0.500002
0.866024 -0.000000 -0.500002
-0.448613 -0.000000 -0.893726
0.686220 0.000003 -0.727394
-0.382477 -0.395798 -0.834898
-0.382477 -0.395798 -0.834898
0.686220 0.000003 -0.727394
-0.197536 -0.717089 -0.668404
-0.197536 -0.717089 -0.668404
0.686220 0.000003 -0.727394
0.065279 -0.901953 -0.426872
0.065279 -0.901953 -0.426872
0.686220 0.000003 -0.727394
0.346585 -0.923932 -0.161950
0.346585 -0.923932 -0.161950
0.686220 0.000003 -0.727394
0.592766 -0.801829 0.075497
0.592766 -0.801829 0.075497
0.686220 0.000003 -0.727394
0.774057 -0.579971 0.253906
0.774057 -0.579971 0.253906
0.686220 0.000003 -0.727394
0.882039 -0.301959 0.361703
0.882039 -0.301959 0.361703
0.686220 0.000003 -0.727394
0.917612 0.000000 0.397478
0.917612 0.000000 0.397478
0.686220 0.000003 -0.727394
0.882039 0.301958 0.361703
0.882039 0.301958 0.361703
0.686220 0.000003 -0.727394
0.774057 0.579971 0.253906
0.774057 0.579971 0.253906
0.686220 0.000003 -0.727394
0.592765 0.801829 0.075496
0.592765 0.801829 0.075496
0.686220 0.000003 -0.727394
0.346586 0.923932 -0.161949
0.346586 0.923932 -0.161949
0.686220 0.000003 -0.727394
0.065279 0.901952 -0.426873
0.065279 0.901952 -0.426873
0.686220 0.000003 -0.727394
-0.197538 0.717086 -0.668406
-0.197538 0.717086 -0.668406
0.686220 0.000003 -0.727394
-0.382477 0.395798 -0.834898
-0.382477 0.395798 -0.834898
0.686220 0.000003 -0.727394
-0.448613 -0.000000 -0.893726
</float_array>
          <technique_common>
            <accessor source="#hull-Normal0-array" count="3954" stride="3">
              <param name="X" type="float"/>
              <param name="Y" type="float"/>
              <param name="Z" type="float"/>
            </accessor>
          </technique_common>
        </source>
        <source id="hull-UV0">
          <float_array id="hull-UV0-array" count="1784">
0.105562 0.719799
0.132336 0.719799
0.133591 0.746786
0.106266 0.746786
0.148662 0.719799
0.149589 0.746786
0.160138 0.719799
0.160603 0.746786
0.169807 0.719799
0.169807 0.746786
0.179491 0.719799
0.179025 0.746786
0.191015 0.719799
0.190083 0.746786
0.207454 0.719799
0.206188 0.746786
0.234418 0.719799
0.233710 0.746786
0.272295 0.719799
0.273501 0.746786
0.303535 0.719799
0.305057 0.746786
0.323544 0.719799
0.324347 0.746786
0.338674 0.719799
0.338674 0.746786
0.016104 0.719799
0.015297 0.746786
0.036237 0.719799
0.034704 0.746786
0.067697 0.719799
0.066484 0.746786
0.131804 0.782261
0.103641 0.782261
0.148596 0.782261
0.160159 0.782261
0.169807 0.782261
0.179469 0.782261
0.191082 0.782261
0.207989 0.782261
0.236349 0.782261
0.275322 0.782261
0.305555 0.782261
0.324426 0.782261
0.338674 0.782261
0.015218 0.782261
0.034201 0.782261
0.064653 0.782261
0.127605 0.805140
0.097971 0.805140
0.146199 0.805140
0.159082 0.805140
0.169807 0.805140
0.180549 0.805140
0.193492 0.805140
0.212221 0.805140
0.242043 0.805140
0.278827 0.805140
0.306468 0.805140
0.324550 0.805140
0.338674 0.805140
0.015094 0.805140
0.033282 0.805140
0.061128 0.805140
0.087914 0.828020
0.119203 0.828020
0.083738 0.870787
0.061685 0.870787
0.141231 0.828020
0.109913 0.870787
0.156841 0.828020
0.139184 0.870787
0.169807 0.828020
0.169807 0.870787
0.182798 0.828020
0.200554 0.870787
0.198493 0.828020
0.230042 0.870787
0.220688 0.828020
0.256298 0.870787
0.252121 0.828020
0.278274 0.870787
0.284622 0.828020
0.296433 0.870787
0.308307 0.828020
0.311869 0.870787
0.324973 0.828020
0.325652 0.870787
0.338674 0.828020
0.338674 0.870787
0.014669 0.828020
0.013988 0.870787
0.031429 0.828020
0.027843 0.870787
0.055294 0.828020
0.043394 0.870787
0.071078 0.956068
0.053178 0.956068
0.093895 0.956068
0.125653 0.956068
0.169807 0.956068
0.214187 0.956068
0.246131 0.956068
0.268929 0.956068
0.286723 0.956068
0.301633 0.956068
0.314803 0.956068
0.326967 0.956068
0.338674 0.956068
0.012668 0.956068
0.024891 0.956068
0.038154 0.956068
0.067723 0.974335
0.051063 0.974335
0.088923 0.974335
0.120018 0.974335
0.169807 0.974335
0.219866 0.974335
0.251111 0.974335
0.272268 0.974335
0.288823 0.974335
0.302901 0.974335
0.315517 0.974335
0.327287 0.974335
0.338674 0.974335
0.012347 0.974335
0.024172 0.974335
0.036875 0.974335
0.047287 0.992601
0.063392 0.992601
0.069550 0.994782
0.054038 0.994782
0.084320 0.992601
0.088475 0.994782
0.115854 0.992601
0.116929 0.994782
0.169806 0.992601
0.169806 0.994782
0.224060 0.992601
0.222977 0.994782
0.255716 0.992601
0.251559 0.994782
0.276577 0.992601
0.270450 0.994782
0.292571 0.992601
0.285870 0.994782
0.305880 0.992601
0.299801 0.994782
0.317577 0.992601
0.313024 0.994782
0.328339 0.992601
0.325912 0.994782
0.338674 0.992601
0.338674 0.994782
0.011292 0.992601
0.013728 0.994782
0.022101 0.992601
0.026681 0.994782
0.033875 0.992601
0.040000 0.994782
0.068172 0.998401
0.052628 0.998401
0.087285 0.998401
0.116067 0.998401
0.169806 0.998401
0.223846 0.998401
0.252751 0.998401
0.271822 0.998401
0.287270 0.998401
0.301055 0.998401
0.313968 0.998401
0.326418 0.998401
0.338674 0.998401
0.013219 0.998401
0.025731 0.998401
0.038736 0.998401
0.065884 0.984124
0.049433 0.984124
0.087014 0.984124
0.117640 0.984124
0.169806 0.984124
0.222261 0.984124
0.253022 0.984124
0.274098 0.984124
0.290441 0.984124
0.304203 0.984124
0.316424 0.984124
0.327753 0.984124
0.338674 0.984124
0.011880 0.984124
0.023260 0.984124
0.035564 0.984124
0.087521 0.664488
0.115521 0.664488
0.137659 0.664488
0.154885 0.664488
0.169807 0.664488
0.184762 0.664488
0.202090 0.664488
0.224397 0.664488
0.252515 0.664488
0.281275 0.664488
0.304703 0.664488
0.322951 0.664488
0.338674 0.664488
0.016699 0.664488
0.035060 0.664488
0.058665 0.664488
0.087128 0.565145
0.116791 0.565144
0.139124 0.565145
0.155731 0.565145
0.169807 0.565145
0.183912 0.565145
0.200615 0.565145
0.223118 0.565145
0.252908 0.565145
0.283266 0.565145
0.306666 0.565145
0.324036 0.565145
0.338674 0.565145
0.015610 0.565145
0.033082 0.565145
0.056660 0.565144
0.093328 0.470695
0.125640 0.470695
0.145572 0.470695
0.158910 0.470695
0.169807 0.470695
0.180722 0.470695
0.194123 0.470695
0.214201 0.470695
0.246699 0.470695
0.283906 0.470695
0.309458 0.470695
0.325833 0.470695
0.338674 0.470695
0.013806 0.470695
0.030271 0.470695
0.056016 0.470695
0.098839 0.250223
0.117704 0.250223
0.135524 0.250223
0.152778 0.250223
0.169807 0.250223
0.186878 0.250223
0.204241 0.250223
0.222198 0.250223
0.241172 0.250223
0.261763 0.250223
0.284713 0.250223
0.310545 0.250223
0.338674 0.250223
0.029176 0.250223
0.055203 0.250223
0.078266 0.250223
0.103597 0.243354
0.121347 0.243353
0.137970 0.243354
0.154005 0.243354
0.169807 0.243354
0.185646 0.243354
0.201777 0.243354
0.218527 0.243354
0.236393 0.243354
0.256182 0.243354
0.279152 0.243354
0.306740 0.243354
0.338674 0.243354
0.033008 0.243354
0.060801 0.243354
0.083854 0.243353
0.169807 0.238393
0.338675 0.999431
0.844880 0.191662
0.844839 0.178441
0.864335 0.178265
0.859456 0.191531
0.873143 0.178828
0.866965 0.192054
0.844657 0.119099
0.886236 0.118723
0.900874 0.119463
0.844440 0.048577
0.828777 0.119243
0.828559 0.048721
0.845350 0.218734
0.857199 0.212404
0.851542 0.217371
0.829000 0.191806
0.828959 0.178585
0.471513 0.166566
0.449225 0.163087
0.653280 0.492008
0.679406 0.288234
0.420032 0.322805
0.445926 0.326795
0.767852 0.292383
0.777588 0.492008
0.514461 0.172697
0.520960 0.330315
0.531799 0.330315
0.521334 0.173618
0.683294 0.095264
0.709566 0.099364
0.648883 0.283531
0.793959 0.492008
0.471542 0.161244
0.389255 0.499668
0.423761 0.499668
0.529219 0.499668
0.543108 0.499668
0.513198 0.163533
0.780628 0.292383
0.768293 0.107677
0.518673 0.168009
0.531917 0.513231
0.549480 0.513231
0.398555 0.513231
0.354917 0.513231
0.534980 0.542522
0.760191 0.106592
0.758703 0.095789
0.553207 0.542522
0.391366 0.542522
0.346081 0.542522
0.765156 0.101066
0.321436 0.072310
0.471513 0.918479
0.445926 0.758250
0.420031 0.762239
0.449225 0.921957
0.612605 0.492008
0.709601 0.093091
0.332103 0.053968
0.623567 0.507996
0.572129 0.507996
0.780768 0.507996
0.801471 0.507996
0.189726 0.052581
0.514461 0.912347
0.521334 0.911427
0.531799 0.754730
0.520960 0.754730
0.471542 0.923801
0.197983 0.072395
0.321436 0.098523
0.197983 0.116609
0.197983 0.124377
0.321443 0.103604
0.333819 0.071992
0.332984 0.092140
0.328206 0.099762
0.193563 0.041672
0.187233 0.069485
0.187233 0.114903
0.187233 0.126959
0.189726 0.052581
0.187233 0.069485
0.048063 0.072310
0.362224 0.143107
0.190743 0.141433
0.171516 0.072395
0.195365 0.128263
0.179773 0.052581
0.037396 0.053968
0.349385 0.203031
0.349377 0.196898
0.363285 0.189191
0.357531 0.198394
0.187741 0.161840
0.048063 0.098523
0.048056 0.103604
0.171516 0.124377
0.171516 0.116609
0.035680 0.071992
0.036515 0.092140
0.200688 0.165354
0.200688 0.218732
0.187741 0.216672
0.200688 0.228111
0.041293 0.099762
0.785239 0.120510
0.774081 0.050360
0.829469 0.218878
0.796528 0.192692
0.794627 0.179539
0.800524 0.219140
0.973053 0.076403
0.994618 0.077353
0.840137 0.020271
0.973962 0.014687
0.822143 0.021253
0.771291 0.033805
0.581572 0.191597
0.566997 0.191501
0.562110 0.178250
0.581606 0.178378
0.559563 0.191965
0.553385 0.178750
0.540180 0.118773
0.581759 0.119047
0.525654 0.119434
0.581941 0.048537
0.597821 0.048642
0.597639 0.119151
0.581179 0.218601
0.574986 0.217252
0.569329 0.212297
0.597486 0.178483
0.597452 0.191702
0.652447 0.049995
0.641290 0.120195
0.423761 0.585376
0.389255 0.585376
0.543108 0.585376
0.529219 0.585376
0.513198 0.921512
0.518673 0.917035
0.549480 0.571813
0.531917 0.571813
0.398555 0.571813
0.354917 0.571813
0.597059 0.218705
0.631901 0.179267
0.615094 0.542522
0.561714 0.542522
0.784378 0.542522
0.805863 0.542522
0.630000 0.192429
0.626004 0.218896
0.653280 0.593036
0.777588 0.593036
0.453328 0.076689
0.767852 0.792661
0.679406 0.796811
0.431910 0.077541
0.683294 0.989781
0.452566 0.014803
0.586391 0.020058
0.604385 0.020997
0.655237 0.033427
0.187741 0.231227
0.349377 0.165250
0.364291 0.164867
0.648883 0.801513
0.709566 0.985681
0.793959 0.593036
0.780628 0.792661
0.007275 0.143107
0.174134 0.128263
0.175936 0.041672
0.178756 0.141433
0.020114 0.203031
0.768293 0.977368
0.182266 0.069485
0.011968 0.198394
0.765156 0.983979
0.182266 0.126959
0.182266 0.114903
0.182266 0.069485
0.179773 0.052581
0.402213 0.132526
0.416122 0.132526
0.414769 0.143613
0.402213 0.143613
0.402213 0.192980
0.410217 0.192980
0.410016 0.198854
0.400463 0.198854
0.411549 0.182677
0.411605 0.186558
0.400917 0.128167
0.418465 0.128167
0.402213 0.182677
0.422275 0.175613
0.417293 0.139936
0.006214 0.189191
0.424406 0.178127
0.396774 0.132526
0.020122 0.196898
0.181758 0.161840
0.181758 0.216672
0.168811 0.218732
0.168811 0.165354
0.181758 0.231227
0.396774 0.143613
0.168811 0.228111
0.020122 0.165250
0.005208 0.164867
0.384217 0.143613
0.382865 0.132526
0.396774 0.192980
0.398524 0.198854
0.388971 0.198854
0.388769 0.192980
0.387382 0.186558
0.387438 0.182677
0.380521 0.128167
0.398069 0.128167
0.396774 0.182677
0.376712 0.175613
0.381694 0.139936
0.374581 0.178127
0.402213 0.060316
0.402352 0.071429
0.414769 0.071416
0.416122 0.060316
0.402213 0.110522
0.402213 0.120836
0.410217 0.120836
0.411549 0.110522
0.411605 0.114407
0.424406 0.105967
0.422275 0.103450
0.417293 0.067734
0.410016 0.126717
0.400463 0.126717
0.400917 0.055953
0.418465 0.055953
0.396774 0.060316
0.382865 0.060316
0.384217 0.071416
0.396634 0.071429
0.396774 0.110522
0.387438 0.110522
0.388769 0.120836
0.396774 0.120836
0.376712 0.103450
0.374581 0.105967
0.387382 0.114407
0.381694 0.067734
0.388971 0.126717
0.398524 0.126717
0.398069 0.055953
0.380521 0.055953
0.393084 0.955706
0.401067 0.955706
0.401067 0.976253
0.393084 0.976253
0.408688 0.955706
0.408688 0.976253
0.415807 0.955706
0.415807 0.976253
0.422581 0.955706
0.422581 0.976253
0.429317 0.955706
0.429317 0.976253
0.436338 0.955706
0.436338 0.976253
0.443848 0.955706
0.443848 0.976253
0.451780 0.955706
0.451780 0.976253
0.459763 0.955706
0.459763 0.976253
0.467385 0.955706
0.467385 0.976253
0.474504 0.955706
0.474504 0.976253
0.481277 0.955706
0.481277 0.976253
0.370621 0.955706
0.370621 0.976253
0.377641 0.955706
0.377641 0.976253
0.385152 0.955706
0.385152 0.976253
0.401067 0.989469
0.393084 0.989469
0.408688 0.989469
0.415807 0.989469
0.422581 0.989469
0.429317 0.989469
0.436338 0.989469
0.443848 0.989469
0.451780 0.989469
0.459763 0.989469
0.467385 0.989469
0.474504 0.989469
0.481277 0.989469
0.370621 0.989469
0.377641 0.989469
0.385152 0.989469
0.401067 0.992991
0.393084 0.992991
0.408688 0.992991
0.415807 0.992991
0.422581 0.992991
0.429317 0.992991
0.436338 0.992991
0.443848 0.992991
0.451780 0.992991
0.459763 0.992991
0.467385 0.992991
0.474504 0.992991
0.481277 0.992991
0.370621 0.992991
0.377641 0.992991
0.385152 0.992991
0.385091 0.995999
0.393084 0.952752
0.401067 0.952753
0.408688 0.952753
0.415807 0.952753
0.422581 0.952752
0.429317 0.952752
0.436338 0.952752
0.443848 0.952752
0.451780 0.952753
0.459763 0.952753
0.467385 0.952753
0.474504 0.952752
0.481277 0.952752
0.370621 0.952752
0.377641 0.952752
0.385152 0.952752
0.758703 0.989255
0.760191 0.978453
0.612605 0.593036
0.709601 0.991953
0.572129 0.577049
0.623567 0.577049
0.780768 0.577049
0.801471 0.577049
0.000941 0.719799
0.000941 0.746786
0.000941 0.746786
0.000941 0.782261
0.000941 0.782261
0.000941 0.805140
0.000941 0.828020
0.000941 0.870787
0.000941 0.870787
0.000942 0.956068
0.000942 0.956068
0.000942 0.974335
0.000942 0.992601
0.000942 0.994782
0.000942 0.998401
0.000942 0.994782
0.000942 0.984124
0.000942 0.974335
0.000942 0.992601
0.000942 0.984124
0.000941 0.828020
0.000941 0.805140
0.000941 0.719799
0.000941 0.664488
0.000941 0.664488
0.000941 0.565145
0.000941 0.565145
0.000941 0.470695
0.000941 0.470695
0.000941 0.250223
0.000941 0.250223
0.000942 0.243354
0.000942 0.243354
0.000942 0.999431
0.000942 0.999431
0.000942 0.999431
0.000942 0.998401
0.000942 0.999431
0.000942 0.999431
0.000942 0.999431
0.000942 0.999431
0.363884 0.955706
0.363884 0.976253
0.363884 0.989469
0.363884 0.976253
0.363884 0.992991
0.363884 0.989469
0.342370 0.992991
0.349992 0.992991
0.342370 0.992991
0.357111 0.992991
0.349992 0.992991
0.363884 0.992991
0.357111 0.992991
0.363884 0.992991
0.363884 0.955706
0.363884 0.952752
0.897253 0.720502
0.820971 0.733798
0.822654 0.735473
0.810472 0.754250
0.808790 0.752575
0.827445 0.739156
0.815264 0.757933
0.834615 0.744287
0.895559 0.721130
0.883451 0.702220
0.885145 0.701592
0.890734 0.723914
0.878626 0.705004
0.883513 0.728429
0.871405 0.709519
0.874996 0.733988
0.862888 0.715078
0.822434 0.763064
0.843074 0.750084
0.830893 0.768861
0.851532 0.755665
0.839351 0.774441
0.858703 0.760180
0.846521 0.778956
0.866478 0.739745
0.854370 0.720835
0.859257 0.744823
0.847149 0.725913
0.854432 0.748450
0.842324 0.729540
0.852738 0.750072
0.840630 0.731162
0.863494 0.762942
0.851313 0.781718
0.858124 0.844094
0.856428 0.852627
0.852549 0.851019
0.853925 0.844094
0.851598 0.859861
0.848629 0.856890
0.844369 0.864694
0.842762 0.860812
0.835842 0.866391
0.835842 0.862190
0.827315 0.864694
0.828922 0.860812
0.820087 0.859861
0.823056 0.856890
0.815257 0.852627
0.819136 0.851019
0.813560 0.844094
0.865176 0.763530
0.852995 0.782306
0.882480 0.689611
0.880616 0.689928
0.893184 0.662419
0.895215 0.662788
0.875308 0.691827
0.887401 0.662364
0.867362 0.695016
0.878747 0.662630
0.857991 0.699012
0.801565 0.772617
0.803418 0.773983
0.811660 0.818046
0.809636 0.817363
0.808697 0.776787
0.817423 0.818906
0.817759 0.844094
0.815257 0.835562
0.819136 0.837170
0.820087 0.828328
0.823056 0.831299
0.827315 0.823495
0.828922 0.827377
0.835842 0.821797
0.835842 0.825999
0.844369 0.823495
0.842762 0.827377
0.851598 0.828328
0.848629 0.831299
0.856428 0.835562
0.852549 0.837170
0.849616 0.844094
0.816597 0.780601
0.826048 0.819810
0.825916 0.784845
0.836221 0.820622
0.835235 0.788872
0.846395 0.821217
0.843136 0.792071
0.855020 0.821506
0.848415 0.793953
0.860782 0.821444
0.850268 0.794232
0.862806 0.821040
0.868538 0.663178
0.848619 0.703206
0.858329 0.663923
0.840673 0.706959
0.849674 0.664752
0.835365 0.709700
0.843891 0.665539
0.833501 0.711011
0.841861 0.666165
0.903753 0.733798
0.905435 0.735473
0.893254 0.754250
0.891572 0.752575
0.910226 0.739156
0.898045 0.757933
0.917397 0.744287
0.905216 0.763064
0.925855 0.750084
0.913674 0.768861
0.934314 0.755665
0.922132 0.774441
0.941484 0.760180
0.929303 0.778956
0.946275 0.762942
0.934094 0.781718
0.947958 0.763530
0.935777 0.782306
0.980035 0.720502
0.978341 0.721130
0.966233 0.702220
0.967927 0.701592
0.973516 0.723914
0.961408 0.705004
0.966295 0.728429
0.954187 0.709519
0.957777 0.733988
0.945669 0.715078
0.949260 0.739745
0.937152 0.720835
0.942039 0.744823
0.929931 0.725913
0.937214 0.748450
0.925106 0.729540
0.935519 0.750072
0.923412 0.731162
0.884346 0.772617
0.886200 0.773983
0.894442 0.818046
0.892418 0.817363
0.891479 0.776787
0.900204 0.818906
0.899379 0.780601
0.908829 0.819810
0.908698 0.784845
0.919003 0.820622
0.918017 0.788872
0.929176 0.821217
0.925917 0.792071
0.937801 0.821506
0.931196 0.793953
0.943564 0.821444
0.933050 0.794232
0.945588 0.821040
0.965262 0.689611
0.963398 0.689928
0.975966 0.662419
0.977996 0.662788
0.958089 0.691827
0.970183 0.662364
0.950144 0.695016
0.961528 0.662630
0.940772 0.699012
0.951319 0.663178
0.931400 0.703206
0.941110 0.663923
0.923455 0.706959
0.932456 0.664752
0.918146 0.709700
0.926673 0.665539
0.916282 0.711011
0.924642 0.666165
0.940906 0.844094
0.939210 0.852627
0.935330 0.851019
0.936707 0.844094
0.934380 0.859861
0.931410 0.856890
0.927151 0.864694
0.925544 0.860812
0.918624 0.866391
0.918624 0.862190
0.910097 0.864694
0.911704 0.860812
0.902868 0.859861
0.905837 0.856890
0.898038 0.852627
0.901918 0.851019
0.896342 0.844094
0.900541 0.844094
0.898038 0.835562
0.901918 0.837170
0.902868 0.828328
0.905837 0.831299
0.910097 0.823495
0.911704 0.827377
0.918624 0.821797
0.918624 0.825999
0.927151 0.823495
0.925544 0.827377
0.934380 0.828328
0.931410 0.831299
0.939210 0.835562
0.935330 0.837170
0.932397 0.844094
</float_array>
          <technique_common>
            <accessor source="#hull-UV0-array" count="892" stride="2">
              <param name="S" type="float"/>
              <param name="T" type="float"/>
            </accessor>
          </technique_common>
        </source>
        <vertices id="hull-VERTEX">
          <input semantic="POSITION" source="#hull-POSITION"/>
        </vertices>
        <triangles count="1318" material="emb-314"><input semantic="VERTEX" offset="0" source="#hull-VERTEX"/><input semantic="NORMAL" offset="1" source="#hull-Normal0"/><input semantic="TEXCOORD" offset="2" set="0" source="#hull-UV0"/><p> 16 0 3 1 1 1 17 2 2 1 3 1 16 4 3 0 5 0 17 6 2 2 7 4 18 8 5 2 9 4 17 10 2 1 11 1 18 12 5 3 13 6 19 14 7 3 15 6 18 16 5 2 17 4 19 18 7 3 19 6 20 20 9 20 21 9 3 22 6 4 23 8 20 24 9 5 25 10 21 26 11 5 27 10 20 28 9 4 29 8 21 30 11 5 31 10 22 32 13 5 33 10 6 34 12 22 35 13 22 36 13 6 37 12 23 38 15 23 39 15 6 40 12 7 41 14 24 42 17 23 43 15 7 44 14 24 45 17 7 46 14 8 47 16 24 48 17 9 49 18 25 50 19 9 51 18 24 52 17 8 53 16 25 54 19 10 55 20 26 56 21 10 57 20 25 58 19 9 59 18 26 60 21 11 61 22 27 62 23 11 63 22 26 64 21 10 65 20 27 66 23 11 67 22 28 68 25 28 69 25 11 70 22 12 71 24 28 72 626 13 73 26 29 74 27 13 75 26 28 76 626 12 77 625 29 78 27 13 79 26 30 80 29 30 81 29 13 82 26 14 83 28 30 84 29 14 85 28 31 86 31 31 87 31 14 88 28 15 89 30 16 90 3 31 91 31 15 92 30 16 93 3 15 94 30 0 95 0 32 96 33 16 97 3 33 98 32 33 99 32 16 100 3 17 101 2 33 102 32 17 103 2 34 104 34 34 105 34 17 106 2 18 107 5 34 108 34 18 109 5 35 110 35 35 111 35 18 112 5 19 113 7 35 114 35 19 115 7 36 116 36 36 117 36 19 118 7 20 119 9 36 120 36 21 121 11 37 122 37 21 123 11 36 124 36 20 125 9 37 126 37 22 127 13 38 128 38 22 129 13 37 130 37 21 131 11 38 132 38 23 133 15 39 134 39 23 135 15 38 136 38 22 137 13 39 138 39 24 139 17 40 140 40 24 141 17 39 142 39 23 143 15 40 144 40 25 145 19 41 146 41 25 147 19 40 148 40 24 149 17 41 150 41 26 151 21 42 152 42 26 153 21 41 154 41 25 155 19 42 156 42 27 157 23 43 158 43 27 159 23 42 160 42 26 161 21 43 162 43 27 163 23 44 164 44 44 165 44 27 166 23 28 167 25 44 168 628 29 169 27 45 170 45 29 171 27 44 172 628 28 173 627 45 174 45 29 175 27 46 176 46 46 177 46 29 178 27 30 179 29 46 180 46 30 181 29 47 182 47 47 183 47 30 184 29 31 185 31 47 186 47 31 187 31 32 188 33 32 189 33 31 190 31 16 191 3 177 192 48 176 193 49 32 194 33 32 195 33 33 196 32 177 197 48 177 198 48 33 199 32 178 200 50 33 201 32 34 202 34 178 203 50 178 204 50 34 205 34 179 206 51 34 207 34 35 208 35 179 209 51 179 210 51 35 211 35 180 212 52 180 213 52 35 214 35 36 215 36 180 216 52 37 217 37 181 218 53 37 219 37 180 220 52 36 221 36 181 222 53 38 223 38 182 224 54 38 225 38 181 226 53 37 227 37 182 228 54 39 229 39 183 230 55 39 231 39 182 232 54 38 233 38 183 234 55 40 235 40 184 236 56 40 237 40 183 238 55 39 239 39 184 240 56 41 241 41 185 242 57 41 243 41 184 244 56 40 245 40 185 246 57 42 247 42 186 248 58 42 249 42 185 250 57 41 251 41 186 252 58 43 253 43 187 254 59 43 255 43 186 256 58 42 257 42 188 258 60 43 259 43 44 260 44 43 261 43 188 262 60 187 263 59 188 264 630 45 265 45 189 266 61 45 267 45 188 268 630 44 269 629 189 270 61 45 271 45 190 272 62 190 273 62 45 274 45 46 275 46 191 276 63 190 277 62 46 278 46 191 279 63 46 280 46 47 281 47 176 282 49 191 283 63 47 284 47 176 285 49 47 286 47 32 287 33 49 288 65 65 289 66 48 290 64 64 291 67 48 292 64 65 293 66 50 294 68 66 295 69 49 296 65 65 297 66 49 298 65 66 299 69 66 300 69 51 301 70 67 302 71 51 303 70 66 304 69 50 305 68 67 306 71 52 307 72 68 308 73 52 309 72 67 310 71 51 311 70 68 312 73 52 313 72 69 314 75 69 315 75 52 316 72 53 317 74 69 318 75 53 319 74 70 320 77 70 321 77 53 322 74 54 323 76 70 324 77 55 325 78 71 326 79 55 327 78 70 328 77 54 329 76 71 330 79 56 331 80 72 332 81 56 333 80 71 334 79 55 335 78 72 336 81 57 337 82 73 338 83 57 339 82 72 340 81 56 341 80 73 342 83 58 343 84 74 344 85 58 345 84 73 346 83 57 347 82 74 348 85 59 349 86 75 350 87 59 351 86 74 352 85 58 353 84 75 354 87 60 355 88 76 356 89 60 357 88 75 358 87 59 359 86 76 360 632 60 361 631 77 362 91 77 363 91 60 364 631 61 365 90 77 366 91 61 367 90 78 368 93 78 369 93 61 370 90 62 371 92 78 372 93 62 373 92 79 374 95 62 375 92 63 376 94 79 377 95 79 378 95 63 379 94 64 380 67 63 381 94 48 382 64 64 383 67 80 384 97 64 385 67 81 386 96 64 387 67 65 388 66 81 389 96 81 390 96 65 391 66 82 392 98 65 393 66 66 394 69 82 395 98 82 396 98 67 397 71 83 398 99 67 399 71 82 400 98 66 401 69 83 402 99 68 403 73 84 404 100 68 405 73 83 406 99 67 407 71 84 408 100 68 409 73 85 410 101 85 411 101 68 412 73 69 413 75 85 414 101 69 415 75 86 416 102 69 417 75 70 418 77 86 419 102 86 420 102 71 421 79 87 422 103 71 423 79 86 424 102 70 425 77 87 426 103 72 427 81 88 428 104 72 429 81 87 430 103 71 431 79 88 432 104 73 433 83 89 434 105 73 435 83 88 436 104 72 437 81 89 438 105 74 439 85 90 440 106 74 441 85 89 442 105 73 443 83 90 444 106 75 445 87 91 446 107 75 447 87 90 448 106 74 449 85 91 450 107 76 451 89 92 452 108 76 453 89 91 454 107 75 455 87 92 456 634 76 457 633 93 458 109 93 459 109 76 460 633 77 461 91 93 462 109 77 463 91 94 464 110 77 465 91 78 466 93 94 467 110 94 468 110 78 469 93 95 470 111 95 471 111 78 472 93 79 473 95 95 474 111 79 475 95 80 476 97 79 477 95 64 478 67 80 479 97 145 480 112 80 481 97 81 482 96 80 483 97 145 484 112 144 485 113 81 486 96 146 487 114 145 488 112 146 489 114 81 490 96 82 491 98 146 492 114 83 493 99 147 494 115 83 495 99 146 496 114 82 497 98 147 498 115 84 499 100 148 500 116 84 501 100 147 502 115 83 503 99 149 504 117 148 505 116 84 506 100 149 507 117 84 508 100 85 509 101 149 510 117 85 511 101 150 512 118 85 513 101 86 514 102 150 515 118 150 516 118 87 517 103 151 518 119 87 519 103 150 520 118 86 521 102 151 522 119 88 523 104 152 524 120 88 525 104 151 526 119 87 527 103 153 528 121 152 529 120 88 530 104 153 531 121 88 532 104 89 533 105 153 534 121 89 535 105 154 536 122 89 537 105 90 538 106 154 539 122 154 540 122 91 541 107 155 542 123 91 543 107 154 544 122 90 545 106 155 546 123 92 547 108 156 548 124 92 549 108 155 550 123 91 551 107 157 552 125 92 553 635 93 554 109 92 555 635 157 556 125 156 557 636 93 558 109 158 559 126 157 560 125 158 561 126 93 562 109 94 563 110 158 564 126 95 565 111 159 566 127 95 567 111 158 568 126 94 569 110 159 570 127 80 571 97 144 572 113 80 573 97 159 574 127 95 575 111 133 576 130 134 577 131 97 578 129 96 579 128 97 580 129 134 581 131 132 582 133 133 583 130 98 584 132 97 585 129 98 586 132 133 587 130 132 588 133 99 589 134 131 590 135 99 591 134 132 592 133 98 593 132 131 594 135 100 595 136 130 596 137 100 597 136 131 598 135 99 599 134 129 600 139 100 601 136 101 602 138 100 603 136 129 604 139 130 605 137 128 606 141 129 607 139 101 608 138 101 609 138 102 610 140 128 611 141 143 612 143 128 613 141 102 614 140 102 615 140 103 616 142 143 617 143 142 618 145 143 619 143 103 620 142 103 621 142 104 622 144 142 623 145 104 624 144 105 625 146 141 626 147 104 627 144 141 628 147 142 629 145 106 630 148 140 631 149 105 632 146 105 633 146 140 634 149 141 635 147 139 636 151 106 637 148 107 638 150 139 639 151 140 640 149 106 641 148 138 642 153 139 643 151 107 644 150 138 645 153 107 646 150 108 647 152 138 648 638 109 649 154 137 650 155 109 651 154 138 652 638 108 653 637 137 654 155 110 655 156 136 656 157 137 657 155 109 658 154 110 659 156 136 660 157 110 661 156 111 662 158 111 663 158 135 664 159 136 665 157 134 666 131 135 667 159 96 668 128 111 669 158 96 670 128 135 671 159 112 672 161 133 673 130 113 674 160 133 675 130 112 676 161 134 677 131 114 678 162 133 679 130 132 680 133 133 681 130 114 682 162 113 683 160 114 684 162 131 685 135 115 686 163 131 687 135 114 688 162 132 689 133 115 690 163 130 691 137 116 692 164 130 693 137 115 694 163 131 695 135 117 696 165 130 697 137 129 698 139 130 699 137 117 700 165 116 701 164 117 702 165 129 703 139 118 704 166 118 705 166 129 706 139 128 707 141 118 708 166 143 709 143 119 710 167 143 711 143 118 712 166 128 713 141 120 714 168 119 715 167 143 716 143 120 717 168 143 718 143 142 719 145 121 720 169 120 721 168 142 722 145 121 723 169 142 724 145 141 725 147 122 726 170 121 727 169 141 728 147 122 729 170 141 730 147 140 731 149 122 732 170 139 733 151 123 734 171 139 735 151 122 736 170 140 737 149 123 738 171 138 739 153 124 740 172 138 741 153 123 742 171 139 743 151 125 744 173 138 745 640 137 746 155 138 747 640 125 748 173 124 749 639 137 750 155 126 751 174 125 752 173 126 753 174 137 754 155 136 755 157 126 756 174 135 757 159 127 758 175 135 759 159 126 760 174 136 761 157 127 762 175 134 763 131 112 764 161 134 765 131 127 766 175 135 767 159 160 768 177 145 769 112 161 770 176 145 771 112 160 772 177 144 773 113 162 774 178 145 775 112 146 776 114 145 777 112 162 778 178 161 779 176 162 780 178 147 781 115 163 782 179 147 783 115 162 784 178 146 785 114 163 786 179 148 787 116 164 788 180 148 789 116 163 790 179 147 791 115 164 792 180 148 793 116 165 794 181 165 795 181 148 796 116 149 797 117 165 798 181 149 799 117 166 800 182 166 801 182 149 802 117 150 803 118 166 804 182 151 805 119 167 806 183 151 807 119 166 808 182 150 809 118 167 810 183 151 811 119 168 812 184 168 813 184 151 814 119 152 815 120 168 816 184 152 817 120 169 818 185 169 819 185 152 820 120 153 821 121 169 822 185 153 823 121 170 824 186 170 825 186 153 826 121 154 827 122 170 828 186 155 829 123 171 830 187 155 831 123 170 832 186 154 833 122 171 834 187 156 835 124 172 836 188 156 837 124 171 838 187 155 839 123 173 840 189 156 841 642 157 842 125 156 843 642 173 844 189 172 845 641 157 846 125 174 847 190 173 848 189 174 849 190 157 850 125 158 851 126 174 852 190 159 853 127 175 854 191 159 855 127 174 856 190 158 857 126 175 858 191 144 859 113 160 860 177 144 861 113 175 862 191 159 863 127 96 864 128 161 865 176 97 866 129 161 867 176 96 868 128 160 869 177 98 870 132 161 871 176 162 872 178 161 873 176 98 874 132 97 875 129 98 876 132 163 877 179 99 878 134 163 879 179 98 880 132 162 881 178 99 882 134 164 883 180 100 884 136 164 885 180 99 886 134 163 887 179 100 888 136 164 889 180 101 890 138 101 891 138 164 892 180 165 893 181 101 894 138 165 895 181 102 896 140 102 897 140 165 898 181 166 899 182 102 900 140 167 901 183 103 902 142 167 903 183 102 904 140 166 905 182 103 906 142 167 907 183 104 908 144 104 909 144 167 910 183 168 911 184 104 912 144 168 913 184 105 914 146 105 915 146 168 916 184 169 917 185 105 918 146 169 919 185 106 920 148 106 921 148 169 922 185 170 923 186 170 924 186 171 925 187 107 926 150 107 927 150 106 928 148 170 929 186 107 930 150 172 931 188 108 932 152 172 933 188 107 934 150 171 935 187 172 936 644 109 937 154 108 938 643 109 939 154 172 940 644 173 941 189 173 942 189 174 943 190 109 944 154 174 945 190 110 946 156 109 947 154 111 948 158 110 949 156 175 950 191 175 951 191 110 952 156 174 953 190 111 954 158 160 955 177 96 956 128 160 957 177 111 958 158 175 959 191 48 960 64 176 961 49 49 962 65 49 963 65 176 964 49 177 965 48 49 966 65 177 967 48 50 968 68 50 969 68 177 970 48 178 971 50 50 972 68 178 973 50 51 974 70 51 975 70 178 976 50 179 977 51 51 978 70 179 979 51 52 980 72 52 981 72 179 982 51 180 983 52 52 984 72 181 985 53 53 986 74 181 987 53 52 988 72 180 989 52 53 990 74 182 991 54 54 992 76 182 993 54 53 994 74 181 995 53 54 996 76 183 997 55 55 998 78 183 999 55 54 1000 76 182 1001 54 55 1002 78 184 1003 56 56 1004 80 184 1005 56 55 1006 78 183 1007 55 56 1008 80 185 1009 57 57 1010 82 185 1011 57 56 1012 80 184 1013 56 57 1014 82 186 1015 58 58 1016 84 186 1017 58 57 1018 82 185 1019 57 58 1020 84 187 1021 59 59 1022 86 187 1023 59 58 1024 84 186 1025 58 60 1026 88 187 1027 59 188 1028 60 187 1029 59 60 1030 88 59 1031 86 60 1032 645 189 1033 61 61 1034 90 189 1035 61 60 1036 645 188 1037 646 61 1038 90 189 1039 61 62 1040 92 62 1041 92 189 1042 61 190 1043 62 62 1044 92 190 1045 62 63 1046 94 63 1047 94 190 1048 62 191 1049 63 63 1050 94 191 1051 63 48 1052 64 48 1053 64 191 1054 63 176 1055 49 0 1056 0 193 1057 193 1 1058 1 193 1059 193 0 1060 0 192 1061 192 1 1062 1 194 1063 194 2 1064 4 194 1065 194 1 1066 1 193 1067 193 2 1068 4 195 1069 195 3 1070 6 195 1071 195 2 1072 4 194 1073 194 195 1074 195 4 1075 8 3 1076 6 4 1077 8 195 1078 195 196 1079 196 4 1080 8 197 1081 197 5 1082 10 197 1083 197 4 1084 8 196 1085 196 5 1086 10 197 1087 197 6 1088 12 6 1089 12 197 1090 197 198 1091 198 6 1092 12 198 1093 198 7 1094 14 7 1095 14 198 1096 198 199 1097 199 7 1098 14 199 1099 199 8 1100 16 8 1101 16 199 1102 199 200 1103 200 8 1104 16 200 1105 200 9 1106 18 9 1107 18 200 1108 200 201 1109 201 9 1110 18 201 1111 201 10 1112 20 10 1113 20 201 1114 201 202 1115 202 10 1116 20 203 1117 203 11 1118 22 203 1119 203 10 1120 20 202 1121 202 11 1122 22 203 1123 203 12 1124 24 12 1125 24 203 1126 203 204 1127 204 12 1128 647 205 1129 205 13 1130 26 205 1131 205 12 1132 647 204 1133 648 13 1134 26 205 1135 205 14 1136 28 14 1137 28 205 1138 205 206 1139 206 14 1140 28 207 1141 207 15 1142 30 207 1143 207 14 1144 28 206 1145 206 15 1146 30 192 1147 192 0 1148 0 192 1149 192 15 1150 30 207 1151 207 192 1152 192 209 1153 209 193 1154 193 209 1155 209 192 1156 192 208 1157 208 193 1158 193 210 1159 210 194 1160 194 210 1161 210 193 1162 193 209 1163 209 194 1164 194 210 1165 210 195 1166 195 195 1167 195 210 1168 210 211 1169 211 195 1170 195 211 1171 211 196 1172 196 196 1173 196 211 1174 211 212 1175 212 196 1176 196 213 1177 213 197 1178 197 213 1179 213 196 1180 196 212 1181 212 197 1182 197 214 1183 214 198 1184 198 214 1185 214 197 1186 197 213 1187 213 198 1188 198 214 1189 214 199 1190 199 199 1191 199 214 1192 214 215 1193 215 199 1194 199 215 1195 215 200 1196 200 200 1197 200 215 1198 215 216 1199 216 200 1200 200 217 1201 217 201 1202 201 217 1203 217 200 1204 200 216 1205 216 201 1206 201 218 1207 218 202 1208 202 218 1209 218 201 1210 201 217 1211 217 202 1212 202 218 1213 218 203 1214 203 203 1215 203 218 1216 218 219 1217 219 219 1218 219 204 1219 204 203 1220 203 204 1221 204 219 1222 219 220 1223 220 204 1224 649 221 1225 221 205 1226 205 221 1227 221 204 1228 649 220 1229 650 205 1230 205 222 1231 222 206 1232 206 222 1233 222 205 1234 205 221 1235 221 206 1236 206 222 1237 222 207 1238 207 207 1239 207 222 1240 222 223 1241 223 223 1242 223 192 1243 192 207 1244 207 192 1245 192 223 1246 223 208 1247 208 208 1248 208 224 1249 224 209 1250 209 209 1251 209 224 1252 224 225 1253 225 209 1254 209 225 1255 225 210 1256 210 210 1257 210 225 1258 225 226 1259 226 210 1260 210 227 1261 227 211 1262 211 227 1263 227 210 1264 210 226 1265 226 211 1266 211 227 1267 227 212 1268 212 212 1269 212 227 1270 227 228 1271 228 212 1272 212 229 1273 229 213 1274 213 229 1275 229 212 1276 212 228 1277 228 229 1278 229 214 1279 214 213 1280 213 214 1281 214 229 1282 229 230 1283 230 214 1284 214 231 1285 231 215 1286 215 231 1287 231 214 1288 214 230 1289 230 215 1290 215 232 1291 232 216 1292 216 232 1293 232 215 1294 215 231 1295 231 216 1296 216 233 1297 233 217 1298 217 233 1299 233 216 1300 216 232 1301 232 217 1302 217 234 1303 234 218 1304 218 234 1305 234 217 1306 217 233 1307 233 218 1308 218 235 1309 235 219 1310 219 235 1311 235 218 1312 218 234 1313 234 219 1314 219 235 1315 235 220 1316 220 220 1317 220 235 1318 235 236 1319 236 220 1320 651 237 1321 237 221 1322 221 237 1323 237 220 1324 651 236 1325 652 221 1326 221 237 1327 237 222 1328 222 222 1329 222 237 1330 237 238 1331 238 222 1332 222 238 1333 238 223 1334 223 223 1335 223 238 1336 238 239 1337 239 223 1338 223 239 1339 239 208 1340 208 208 1341 208 239 1342 239 224 1343 224 224 1344 224 241 1345 241 225 1346 225 241 1347 241 224 1348 224 240 1349 240 225 1350 225 242 1351 242 226 1352 226 242 1353 242 225 1354 225 241 1355 241 226 1356 226 243 1357 243 227 1358 227 243 1359 243 226 1360 226 242 1361 242 227 1362 227 243 1363 243 228 1364 228 228 1365 228 243 1366 243 244 1367 244 228 1368 228 245 1369 245 229 1370 229 245 1371 245 228 1372 228 244 1373 244 229 1374 229 245 1375 245 230 1376 230 230 1377 230 245 1378 245 246 1379 246 230 1380 230 246 1381 246 231 1382 231 231 1383 231 246 1384 246 247 1385 247 231 1386 231 247 1387 247 232 1388 232 232 1389 232 247 1390 247 248 1391 248 232 1392 232 249 1393 249 233 1394 233 249 1395 249 232 1396 232 248 1397 248 233 1398 233 250 1399 250 234 1400 234 250 1401 250 233 1402 233 249 1403 249 234 1404 234 251 1405 251 235 1406 235 251 1407 251 234 1408 234 250 1409 250 235 1410 235 251 1411 251 236 1412 236 236 1413 236 251 1414 251 252 1415 252 236 1416 653 253 1417 253 237 1418 237 253 1419 253 236 1420 653 252 1421 654 237 1422 237 253 1423 253 238 1424 238 238 1425 238 253 1426 253 254 1427 254 238 1428 238 254 1429 254 239 1430 239 239 1431 239 254 1432 254 255 1433 255 255 1434 255 224 1435 224 239 1436 239 224 1437 224 255 1438 255 240 1439 240 240 1440 240 258 1441 257 241 1442 241 258 1443 257 240 1444 240 257 1445 256 241 1446 241 259 1447 258 242 1448 242 259 1449 258 241 1450 241 258 1451 257 242 1452 242 259 1453 258 243 1454 243 243 1455 243 259 1456 258 260 1457 259 243 1458 243 260 1459 259 244 1460 244 244 1461 244 260 1462 259 261 1463 260 244 1464 244 262 1465 261 245 1466 245 262 1467 261 244 1468 244 261 1469 260 245 1470 245 263 1471 262 246 1472 246 263 1473 262 245 1474 245 262 1475 261 246 1476 246 263 1477 262 247 1478 247 247 1479 247 263 1480 262 264 1481 263 264 1482 263 248 1483 248 247 1484 247 248 1485 248 264 1486 263 265 1487 264 248 1488 248 266 1489 265 249 1490 249 266 1491 265 248 1492 248 265 1493 264 249 1494 249 267 1495 266 250 1496 250 267 1497 266 249 1498 249 266 1499 265 250 1500 250 267 1501 266 251 1502 251 251 1503 251 267 1504 266 268 1505 267 251 1506 251 268 1507 267 252 1508 252 252 1509 252 268 1510 267 269 1511 268 252 1512 655 270 1513 269 253 1514 253 270 1515 269 252 1516 655 269 1517 656 253 1518 253 271 1519 270 254 1520 254 271 1521 270 253 1522 253 270 1523 269 254 1524 254 271 1525 270 255 1526 255 255 1527 255 271 1528 270 272 1529 271 240 1530 240 272 1531 271 257 1532 256 272 1533 271 240 1534 240 255 1535 255 257 1536 256 256 1537 272 258 1538 257 258 1539 257 256 1540 272 259 1541 258 259 1542 258 256 1543 272 260 1544 259 260 1545 259 256 1546 272 261 1547 260 261 1548 260 256 1549 272 262 1550 261 262 1551 261 256 1552 272 263 1553 262 263 1554 262 256 1555 272 264 1556 263 264 1557 263 256 1558 272 265 1559 264 265 1560 264 256 1561 272 266 1562 265 266 1563 265 256 1564 272 267 1565 266 267 1566 266 256 1567 272 268 1568 267 268 1569 267 256 1570 272 269 1571 268 269 1572 657 256 1573 272 270 1574 269 270 1575 269 256 1576 272 271 1577 270 271 1578 270 256 1579 272 272 1580 271 272 1581 271 256 1582 272 257 1583 256 112 1584 161 113 1585 160 273 1586 658 113 1587 160 114 1588 162 273 1589 659 114 1590 162 115 1591 163 273 1592 660 115 1593 163 116 1594 164 273 1595 273 116 1596 164 117 1597 165 273 1598 273 117 1599 165 118 1600 166 273 1601 273 118 1602 166 119 1603 167 273 1604 273 119 1605 167 120 1606 168 273 1607 273 120 1608 168 121 1609 169 273 1610 273 121 1611 169 122 1612 170 273 1613 273 122 1614 170 123 1615 171 273 1616 273 123 1617 171 124 1618 172 273 1619 273 124 1620 661 125 1621 173 273 1622 662 125 1623 173 126 1624 174 273 1625 663 126 1626 174 127 1627 175 273 1628 664 127 1629 175 112 1630 161 273 1631 665 288 1632 296 274 1633 291 282 1634 292 288 1635 296 282 1636 292 287 1637 295 285 1638 302 289 1639 300 290 1640 301 289 1641 300 285 1642 302 278 1643 299 278 1644 299 288 1645 296 289 1646 300 288 1647 296 278 1648 299 274 1649 291 281 1650 298 286 1651 294 291 1652 297 286 1653 294 281 1654 298 277 1655 293 274 1656 291 293 1657 307 282 1658 292 286 1659 294 282 1660 303 276 1661 304 287 1662 305 282 1663 303 286 1664 294 290 1665 313 284 1666 306 281 1667 298 290 1668 313 281 1669 298 291 1670 297 294 1671 326 285 1672 314 280 1673 321 280 1674 321 292 1675 322 294 1676 326 275 1677 309 287 1678 295 283 1679 308 287 1680 295 275 1681 309 288 1682 296 290 1683 301 279 1684 310 284 1685 311 279 1686 310 290 1687 301 289 1688 300 279 1689 310 289 1690 300 288 1691 296 279 1692 310 288 1693 296 275 1694 309 280 1695 321 291 1696 297 286 1697 294 280 1698 321 286 1699 294 276 1700 304 283 1701 332 287 1702 305 277 1703 293 286 1704 294 277 1705 293 287 1706 305 285 1707 314 290 1708 313 291 1709 297 285 1710 314 291 1711 297 280 1712 321 292 1713 312 274 1714 291 278 1715 299 274 1716 291 292 1717 312 293 1718 307 276 1719 304 282 1720 303 293 1721 333 280 1722 321 276 1723 304 292 1724 322 276 1725 304 293 1726 333 292 1727 322 294 1728 315 278 1729 299 285 1730 302 278 1731 299 294 1732 315 292 1733 312 302 1734 335 303 1735 336 283 1736 332 283 1737 332 277 1738 293 302 1739 335 306 1740 317 284 1741 311 305 1742 316 284 1743 311 279 1744 310 305 1745 316 279 1746 310 275 1747 309 305 1748 316 304 1749 318 305 1750 316 275 1751 309 301 1752 337 277 1753 293 281 1754 298 301 1755 337 302 1756 335 277 1757 293 303 1758 319 304 1759 318 283 1760 308 283 1761 308 304 1762 318 275 1763 309 306 1764 338 301 1765 337 284 1766 306 284 1767 306 301 1768 337 281 1769 298 302 1770 335 296 1771 425 303 1772 336 296 1773 425 299 1774 426 303 1775 336 300 1776 323 305 1777 316 297 1778 320 305 1779 316 300 1780 323 306 1781 317 305 1782 316 304 1783 318 297 1784 320 297 1785 320 304 1786 318 295 1787 324 302 1788 335 301 1789 337 298 1790 427 298 1791 427 296 1792 425 302 1793 335 295 1794 324 304 1795 318 303 1796 319 295 1797 324 303 1798 319 299 1799 325 301 1800 337 300 1801 428 298 1802 427 300 1803 428 301 1804 337 306 1805 338 308 1806 334 322 1807 339 307 1808 327 307 1809 327 322 1810 339 323 1811 345 314 1812 349 324 1813 347 325 1814 348 311 1815 346 324 1816 347 314 1817 349 311 1818 346 323 1819 345 324 1820 347 323 1821 345 311 1822 346 307 1823 327 307 1824 327 315 1825 350 308 1826 334 308 1827 360 328 1828 361 309 1829 363 320 1830 369 314 1831 366 318 1832 367 318 1833 367 319 1834 368 320 1835 369 321 1836 379 327 1837 377 326 1838 378 327 1839 377 321 1840 379 317 1841 370 325 1842 380 313 1843 442 321 1844 379 325 1845 380 321 1846 379 326 1847 378 319 1848 351 307 1849 327 311 1850 346 307 1851 327 319 1852 351 315 1853 350 316 1854 443 308 1855 360 315 1856 444 318 1857 367 316 1858 443 319 1859 368 319 1860 368 316 1861 443 315 1862 444 320 1863 352 311 1864 346 314 1865 349 320 1866 352 319 1867 351 311 1868 346 316 1869 443 327 1870 377 328 1871 361 316 1872 443 328 1873 361 308 1874 360 308 1875 334 309 1876 353 322 1877 339 322 1878 339 310 1879 354 323 1880 345 325 1881 348 312 1882 355 313 1883 356 312 1884 355 325 1885 348 324 1886 347 312 1887 355 323 1888 345 310 1889 354 323 1890 345 312 1891 355 324 1892 347 318 1893 367 326 1894 378 327 1895 377 318 1896 367 327 1897 377 316 1898 443 314 1899 366 325 1900 380 326 1901 378 314 1902 366 326 1903 378 318 1904 367 327 1905 377 317 1906 370 328 1907 361 317 1908 358 310 1909 354 328 1910 357 310 1911 354 322 1912 339 328 1913 357 309 1914 353 328 1915 357 322 1916 339 332 1917 277 335 1918 275 336 1919 276 335 1920 275 332 1921 277 329 1922 274 334 1923 279 336 1924 276 337 1925 278 336 1926 276 334 1927 279 332 1928 277 336 1929 276 351 1930 280 350 1931 281 351 1932 280 336 1933 276 335 1934 275 337 1935 278 350 1936 281 349 1937 282 336 1938 276 350 1939 281 337 1940 278 352 1941 284 330 1942 283 351 1943 280 330 1944 283 352 1945 284 338 1946 285 329 1947 274 332 1948 277 339 1949 286 340 1950 287 339 1951 286 332 1952 277 339 1953 286 340 1954 287 341 1955 288 332 1956 277 334 1957 279 340 1958 287 329 1959 274 343 1960 290 335 1961 275 343 1962 290 329 1963 274 342 1964 289 352 1965 284 353 1966 382 338 1967 285 338 1968 285 353 1969 382 344 1970 383 339 1971 286 345 1972 384 329 1973 274 329 1974 274 345 1975 384 342 1976 289 346 1977 385 343 1978 290 342 1979 289 343 1980 290 346 1981 385 347 1982 386 345 1983 384 348 1984 387 342 1985 289 342 1986 289 348 1987 387 346 1988 385 330 1989 283 331 1990 388 350 1991 281 330 1992 283 350 1993 281 351 1994 280 333 1995 389 349 1996 282 331 1997 388 350 1998 281 331 1999 388 349 2000 282 343 2001 290 352 2002 284 335 2003 275 351 2004 280 335 2005 275 352 2006 284 352 2007 284 343 2008 290 347 2009 386 352 2010 284 347 2011 386 353 2012 382 331 2013 388 330 2014 283 355 2015 391 355 2016 391 330 2017 283 354 2018 390 354 2019 390 330 2020 283 338 2021 285 354 2022 390 338 2023 285 356 2024 392 356 2025 392 344 2026 383 357 2027 393 344 2028 383 356 2029 392 338 2030 285 360 2031 330 359 2032 331 361 2033 329 358 2034 328 361 2035 329 359 2036 331 365 2037 341 363 2038 343 362 2039 340 363 2040 343 365 2041 341 364 2042 342 362 2043 340 363 2044 343 361 2045 329 362 2046 340 361 2047 329 358 2048 328 367 2049 435 369 2050 432 368 2051 434 369 2052 432 367 2053 435 366 2054 431 358 2055 328 359 2056 331 370 2057 344 367 2058 435 371 2059 446 359 2060 437 367 2061 435 359 2062 437 360 2063 445 368 2064 434 369 2065 432 364 2066 448 372 2067 447 364 2068 448 369 2069 432 365 2070 454 375 2071 457 373 2072 618 375 2073 457 374 2074 617 373 2075 618 377 2076 413 360 2077 330 361 2078 329 360 2079 330 377 2080 413 376 2081 414 364 2082 342 378 2083 416 363 2084 343 378 2085 416 364 2086 342 372 2087 415 378 2088 416 361 2089 329 363 2090 343 361 2091 329 378 2092 416 377 2093 413 373 2094 618 367 2095 435 368 2096 434 367 2097 435 373 2098 618 371 2099 446 366 2100 431 367 2101 435 360 2102 445 366 2103 431 360 2104 445 376 2105 619 365 2106 454 368 2107 434 364 2108 448 368 2109 434 365 2110 454 373 2111 618 362 2112 340 358 2113 328 374 2114 417 358 2115 328 370 2116 344 374 2117 417 371 2118 446 370 2119 620 359 2120 437 371 2121 446 373 2122 618 374 2123 617 374 2124 617 370 2125 620 371 2126 446 375 2127 418 365 2128 341 362 2129 340 362 2130 340 374 2131 417 375 2132 418 380 2133 621 379 2134 622 376 2135 619 376 2136 619 379 2137 622 366 2138 431 382 2139 419 381 2140 420 372 2141 415 372 2142 415 381 2143 420 378 2144 416 377 2145 413 378 2146 416 381 2147 420 381 2148 420 383 2149 421 377 2150 413 369 2151 432 366 2152 431 384 2153 623 379 2154 622 384 2155 623 366 2156 431 380 2157 422 376 2158 414 383 2159 421 383 2160 421 376 2161 414 377 2162 413 372 2163 447 384 2164 623 382 2165 624 384 2166 623 372 2167 447 369 2168 432 296 2169 425 379 2170 622 380 2171 621 296 2172 425 380 2173 621 299 2174 426 300 2175 323 381 2176 420 382 2177 419 381 2178 420 300 2179 323 297 2180 320 297 2181 320 383 2182 421 381 2183 420 383 2184 421 297 2185 320 295 2186 324 384 2187 623 379 2188 622 298 2189 427 298 2190 427 379 2191 622 296 2192 425 295 2193 324 380 2194 422 383 2195 421 380 2196 422 295 2197 324 299 2198 325 384 2199 623 300 2200 428 382 2201 624 300 2202 428 384 2203 623 298 2204 427 385 2205 359 388 2206 362 387 2207 364 385 2208 359 387 2209 364 386 2210 365 390 2211 374 389 2212 371 392 2213 372 392 2214 372 391 2215 373 390 2216 374 389 2217 371 390 2218 374 388 2219 362 389 2220 371 388 2221 362 385 2222 359 385 2223 359 386 2224 365 393 2225 375 386 2226 449 395 2227 450 394 2228 452 397 2229 477 396 2230 480 398 2231 456 392 2232 453 398 2233 456 396 2234 480 402 2235 482 400 2236 484 399 2237 481 400 2238 484 402 2239 482 401 2240 483 391 2241 487 402 2242 482 403 2243 485 402 2244 482 391 2245 487 401 2246 483 389 2247 371 385 2248 359 397 2249 376 397 2250 376 385 2251 359 393 2252 375 404 2253 488 393 2254 489 386 2255 449 404 2256 488 396 2257 480 397 2258 477 397 2259 477 393 2260 489 404 2261 488 398 2262 381 392 2263 372 389 2264 371 389 2265 371 397 2266 376 398 2267 381 394 2268 452 404 2269 488 386 2270 449 404 2271 488 394 2272 452 400 2273 484 386 2274 365 387 2275 364 395 2276 451 387 2277 364 388 2278 362 405 2279 455 403 2280 458 406 2281 459 391 2282 373 391 2283 373 406 2284 459 390 2285 374 406 2286 459 388 2287 362 390 2288 374 388 2289 362 406 2290 459 405 2291 455 396 2292 480 400 2293 484 401 2294 483 400 2295 484 396 2296 480 404 2297 488 392 2298 453 401 2299 483 391 2300 487 396 2301 480 401 2302 483 392 2303 453 400 2304 484 394 2305 452 399 2306 481 399 2307 460 394 2308 461 405 2309 455 405 2310 455 394 2311 461 387 2312 364 395 2313 451 387 2314 364 394 2315 461 409 2316 396 408 2317 397 410 2318 395 410 2319 395 408 2320 397 407 2321 394 334 2322 398 337 2323 399 409 2324 396 334 2325 398 409 2326 396 410 2327 395 409 2328 396 412 2329 400 411 2330 401 409 2331 396 411 2332 401 408 2333 397 412 2334 400 409 2335 396 337 2336 399 337 2337 399 349 2338 402 412 2339 400 411 2340 401 413 2341 403 415 2342 404 411 2343 401 415 2344 404 414 2345 405 407 2346 394 339 2347 406 410 2348 395 339 2349 406 340 2350 408 410 2351 395 340 2352 408 339 2353 406 341 2354 407 410 2355 395 340 2356 408 334 2357 398 407 2358 394 417 2359 409 416 2360 410 417 2361 409 407 2362 394 408 2363 397 414 2364 405 415 2365 404 353 2366 412 415 2367 404 344 2368 411 353 2369 412 339 2370 406 407 2371 394 345 2372 423 407 2373 394 416 2374 410 345 2375 423 346 2376 429 416 2377 410 417 2378 409 417 2379 409 347 2380 424 346 2381 429 345 2382 423 416 2383 410 348 2384 430 416 2385 410 346 2386 429 348 2387 430 418 2388 433 413 2389 403 412 2390 400 412 2391 400 413 2392 403 411 2393 401 418 2394 433 412 2395 400 349 2396 402 349 2397 402 333 2398 436 418 2399 433 408 2400 397 411 2401 401 414 2402 405 408 2403 397 414 2404 405 417 2405 409 353 2406 412 347 2407 424 414 2408 405 417 2409 409 414 2410 405 347 2411 424 413 2412 403 418 2413 433 355 2414 438 355 2415 438 354 2416 439 413 2417 403 356 2418 440 415 2419 404 354 2420 439 413 2421 403 354 2422 439 415 2423 404 356 2424 440 344 2425 411 415 2426 404 344 2427 411 356 2428 440 357 2429 441 433 2430 464 434 2431 465 419 2432 462 433 2433 464 419 2434 462 420 2435 463 436 2436 506 423 2437 504 435 2438 505 423 2439 504 436 2440 506 424 2441 507 439 2442 468 422 2443 466 421 2444 467 422 2445 466 439 2446 468 438 2447 469 421 2448 467 428 2449 470 440 2450 471 440 2451 471 439 2452 468 421 2453 467 437 2454 472 420 2455 463 419 2456 462 420 2457 463 437 2458 472 441 2459 473 422 2460 466 427 2461 474 421 2462 467 421 2463 467 427 2464 474 428 2465 470 425 2466 510 430 2467 508 426 2468 509 430 2469 508 425 2470 510 429 2471 511 428 2472 470 433 2473 464 431 2474 475 429 2475 511 442 2476 513 432 2477 514 442 2478 513 429 2479 511 440 2480 512 427 2481 474 434 2482 465 428 2483 470 428 2484 470 434 2485 465 433 2486 464 420 2487 463 443 2488 476 433 2489 464 443 2490 476 420 2491 463 441 2492 473 429 2493 511 435 2494 505 430 2495 508 435 2496 505 429 2497 511 436 2498 506 442 2499 513 443 2500 515 432 2501 514 432 2502 514 443 2503 515 436 2504 506 436 2505 506 429 2506 511 432 2507 514 439 2508 516 426 2509 509 438 2510 517 426 2511 509 439 2512 516 425 2513 510 439 2514 516 440 2515 512 425 2516 510 429 2517 511 425 2518 510 440 2519 512 424 2520 507 437 2521 518 423 2522 504 437 2523 518 424 2524 507 441 2525 519 442 2526 478 428 2527 470 431 2528 475 442 2529 478 440 2530 471 428 2531 470 443 2532 515 441 2533 519 424 2534 507 424 2535 507 436 2536 506 443 2537 515 443 2538 476 442 2539 478 431 2540 475 443 2541 476 431 2542 475 433 2543 464 446 2544 490 444 2545 479 447 2546 486 444 2547 479 446 2548 490 445 2549 491 450 2550 522 449 2551 523 448 2552 520 450 2553 522 448 2554 520 451 2555 521 454 2556 494 452 2557 492 455 2558 493 452 2559 492 454 2560 494 453 2561 495 456 2562 497 453 2563 495 457 2564 496 454 2565 494 457 2566 496 453 2567 495 458 2568 499 445 2569 491 459 2570 498 445 2571 491 458 2572 499 444 2573 479 453 2574 495 460 2575 500 452 2576 492 460 2577 500 453 2578 495 456 2579 497 463 2580 526 462 2581 527 461 2582 524 463 2583 526 461 2584 524 464 2585 525 456 2586 497 465 2587 501 446 2588 490 466 2589 529 464 2590 525 467 2591 528 464 2592 525 466 2593 529 457 2594 530 456 2595 497 447 2596 486 460 2597 500 447 2598 486 456 2599 497 446 2600 490 445 2601 491 468 2602 502 459 2603 498 468 2604 502 445 2605 491 446 2606 490 461 2607 524 449 2608 523 464 2609 525 449 2610 523 450 2611 522 464 2612 525 468 2613 531 466 2614 529 467 2615 528 468 2616 531 467 2617 528 450 2618 522 450 2619 522 467 2620 528 464 2621 525 454 2622 532 462 2623 527 463 2624 526 462 2625 527 454 2626 532 455 2627 533 457 2628 530 454 2629 532 463 2630 526 463 2631 526 464 2632 525 457 2633 530 458 2634 534 451 2635 521 448 2636 520 451 2637 521 458 2638 534 459 2639 535 456 2640 497 466 2641 503 465 2642 501 457 2643 496 466 2644 503 456 2645 497 450 2646 522 451 2647 521 468 2648 531 459 2649 535 468 2650 531 451 2651 521 465 2652 501 468 2653 502 446 2654 490 466 2655 503 468 2656 502 465 2657 501 487 2658 539 469 2659 536 486 2660 538 469 2661 536 470 2662 537 486 2663 538 470 2664 537 488 2665 541 486 2666 538 488 2667 541 470 2668 537 472 2669 540 488 2670 541 473 2671 542 489 2672 543 473 2673 542 488 2674 541 472 2675 540 489 2676 543 474 2677 544 490 2678 545 474 2679 544 489 2680 543 473 2681 542 474 2682 544 491 2683 547 490 2684 545 491 2685 547 474 2686 544 475 2687 546 475 2688 546 492 2689 549 491 2690 547 492 2691 549 475 2692 546 476 2693 548 492 2694 549 477 2695 550 493 2696 551 477 2697 550 492 2698 549 476 2699 548 493 2700 551 478 2701 552 494 2702 553 478 2703 552 493 2704 551 477 2705 550 478 2706 552 495 2707 555 494 2708 553 495 2709 555 478 2710 552 479 2711 554 479 2712 554 496 2713 557 495 2714 555 496 2715 557 479 2716 554 480 2717 556 496 2718 557 481 2719 558 497 2720 559 481 2721 558 496 2722 557 480 2723 556 497 2724 559 482 2725 560 498 2726 561 482 2727 560 497 2728 559 481 2729 558 482 2730 666 499 2731 563 498 2732 667 499 2733 563 482 2734 666 483 2735 562 483 2736 562 500 2737 565 499 2738 563 500 2739 565 483 2740 562 484 2741 564 500 2742 565 485 2743 566 501 2744 567 485 2745 566 500 2746 565 484 2747 564 501 2748 567 469 2749 536 487 2750 539 469 2751 536 501 2752 567 485 2753 566 487 2754 539 503 2755 568 502 2756 569 503 2757 568 487 2758 539 486 2759 538 486 2760 538 504 2761 570 503 2762 568 504 2763 570 486 2764 538 488 2765 541 504 2766 570 489 2767 543 505 2768 571 489 2769 543 504 2770 570 488 2771 541 505 2772 571 490 2773 545 506 2774 572 490 2775 545 505 2776 571 489 2777 543 490 2778 545 507 2779 573 506 2780 572 507 2781 573 490 2782 545 491 2783 547 491 2784 547 508 2785 574 507 2786 573 508 2787 574 491 2788 547 492 2789 549 508 2790 574 493 2791 551 509 2792 575 493 2793 551 508 2794 574 492 2795 549 509 2796 575 494 2797 553 510 2798 576 494 2799 553 509 2800 575 493 2801 551 494 2802 553 511 2803 577 510 2804 576 511 2805 577 494 2806 553 495 2807 555 495 2808 555 512 2809 578 511 2810 577 512 2811 578 495 2812 555 496 2813 557 512 2814 578 497 2815 559 513 2816 579 497 2817 559 512 2818 578 496 2819 557 513 2820 579 498 2821 561 514 2822 580 498 2823 561 513 2824 579 497 2825 559 498 2826 669 515 2827 581 514 2828 668 515 2829 581 498 2830 669 499 2831 563 499 2832 563 516 2833 582 515 2834 581 516 2835 582 499 2836 563 500 2837 565 516 2838 582 501 2839 567 517 2840 583 501 2841 567 516 2842 582 500 2843 565 517 2844 583 487 2845 539 502 2846 569 487 2847 539 517 2848 583 501 2849 567 502 2850 569 519 2851 584 518 2852 585 519 2853 584 502 2854 569 503 2855 568 503 2856 568 520 2857 586 519 2858 584 520 2859 586 503 2860 568 504 2861 570 504 2862 570 521 2863 587 520 2864 586 521 2865 587 504 2866 570 505 2867 571 521 2868 587 506 2869 572 522 2870 588 506 2871 572 521 2872 587 505 2873 571 506 2874 572 523 2875 589 522 2876 588 523 2877 589 506 2878 572 507 2879 573 523 2880 589 508 2881 574 524 2882 590 508 2883 574 523 2884 589 507 2885 573 524 2886 590 509 2887 575 525 2888 591 509 2889 575 524 2890 590 508 2891 574 525 2892 591 510 2893 576 526 2894 592 510 2895 576 525 2896 591 509 2897 575 510 2898 576 527 2899 593 526 2900 592 527 2901 593 510 2902 576 511 2903 577 511 2904 577 528 2905 594 527 2906 593 528 2907 594 511 2908 577 512 2909 578 529 2910 595 512 2911 578 513 2912 579 512 2913 578 529 2914 595 528 2915 594 529 2916 595 514 2917 580 530 2918 596 514 2919 580 529 2920 595 513 2921 579 514 2922 671 531 2923 597 530 2924 670 531 2925 597 514 2926 671 515 2927 581 531 2928 597 515 2929 581 516 2930 582 531 2931 597 516 2932 582 532 2933 598 516 2934 582 517 2935 583 532 2936 598 517 2937 583 533 2938 599 532 2939 598 533 2940 599 502 2941 569 518 2942 585 502 2943 569 533 2944 599 517 2945 583 519 2946 584 471 2947 600 518 2948 585 520 2949 586 471 2950 600 519 2951 584 521 2952 587 471 2953 600 520 2954 586 522 2955 588 471 2956 600 521 2957 587 523 2958 589 471 2959 600 522 2960 588 524 2961 590 471 2962 600 523 2963 589 525 2964 591 471 2965 600 524 2966 590 526 2967 592 471 2968 600 525 2969 591 527 2970 672 471 2971 600 526 2972 592 528 2973 673 471 2974 600 527 2975 674 529 2976 675 471 2977 600 528 2978 676 530 2979 677 471 2980 600 529 2981 678 531 2982 597 471 2983 600 530 2984 679 532 2985 598 471 2986 600 531 2987 597 533 2988 599 471 2989 600 532 2990 598 518 2991 585 471 2992 600 533 2993 599 469 2994 536 535 2995 602 470 2996 537 535 2997 602 469 2998 536 534 2999 601 535 3000 602 472 3001 540 470 3002 537 472 3003 540 535 3004 602 536 3005 603 473 3006 542 472 3007 540 536 3008 603 473 3009 542 536 3010 603 537 3011 604 474 3012 544 473 3013 542 537 3014 604 474 3015 544 537 3016 604 538 3017 605 475 3018 546 474 3019 544 538 3020 605 475 3021 546 538 3022 605 539 3023 606 476 3024 548 475 3025 546 539 3026 606 476 3027 548 539 3028 606 540 3029 607 476 3030 548 541 3031 608 477 3032 550 541 3033 608 476 3034 548 540 3035 607 477 3036 550 542 3037 609 478 3038 552 542 3039 609 477 3040 550 541 3041 608 479 3042 554 478 3043 552 542 3044 609 479 3045 554 542 3046 609 543 3047 610 479 3048 554 544 3049 611 480 3050 556 544 3051 611 479 3052 554 543 3053 610 481 3054 558 480 3055 556 544 3056 611 481 3057 558 544 3058 611 545 3059 612 482 3060 560 481 3061 558 545 3062 612 482 3063 560 545 3064 612 546 3065 613 482 3066 680 547 3067 614 483 3068 562 547 3069 614 482 3070 680 546 3071 681 483 3072 562 548 3073 615 484 3074 564 548 3075 615 483 3076 562 547 3077 614 548 3078 615 485 3079 566 484 3080 564 485 3081 566 548 3082 615 549 3083 616 485 3084 566 534 3085 601 469 3086 536 534 3087 601 485 3088 566 549 3089 616 600 3090 686 551 3091 684 599 3092 685 551 3093 684 600 3094 686 550 3095 683 598 3096 688 551 3097 684 552 3098 687 551 3099 684 598 3100 688 599 3101 685 598 3102 688 552 3103 687 553 3104 689 598 3105 688 553 3106 689 613 3107 699 613 3108 699 553 3109 689 554 3110 700 613 3111 699 554 3112 700 612 3113 701 612 3114 701 554 3115 700 555 3116 702 612 3117 701 555 3118 702 611 3119 703 611 3120 703 555 3121 702 556 3122 704 611 3123 703 556 3124 704 610 3125 705 557 3126 714 609 3127 715 610 3128 705 557 3129 714 610 3130 705 556 3131 704 558 3132 733 608 3133 734 609 3134 715 558 3135 733 609 3136 715 557 3137 714 607 3138 691 558 3139 682 559 3140 690 558 3141 682 607 3142 691 608 3143 692 560 3144 693 607 3145 691 559 3146 690 607 3147 691 560 3148 693 606 3149 694 605 3150 696 560 3151 693 561 3152 695 560 3153 693 605 3154 696 606 3155 694 604 3156 698 561 3157 695 562 3158 697 561 3159 695 604 3160 698 605 3161 696 603 3162 707 562 3163 697 563 3164 706 562 3165 697 603 3166 707 604 3167 698 602 3168 709 563 3169 706 564 3170 708 563 3171 706 602 3172 709 603 3173 707 601 3174 711 564 3175 708 565 3176 710 564 3177 708 601 3178 711 602 3179 709 600 3180 713 565 3181 710 550 3182 712 565 3183 710 600 3184 713 601 3185 711 583 3186 746 566 3187 744 567 3188 745 566 3189 744 583 3190 746 582 3191 747 568 3192 748 583 3193 746 567 3194 745 583 3195 746 568 3196 748 584 3197 749 584 3198 749 569 3199 766 585 3200 767 569 3201 766 584 3202 749 568 3203 748 585 3204 767 570 3205 768 586 3206 769 570 3207 768 585 3208 767 569 3209 766 586 3210 769 571 3211 770 587 3212 771 571 3213 770 586 3214 769 570 3215 768 587 3216 771 572 3217 772 588 3218 773 572 3219 772 587 3220 771 571 3221 770 573 3222 774 588 3223 773 572 3224 772 588 3225 773 573 3226 774 589 3227 775 574 3228 776 589 3229 775 573 3230 774 589 3231 775 574 3232 776 590 3233 777 575 3234 736 591 3235 737 574 3236 735 574 3237 735 591 3238 737 590 3239 738 576 3240 739 592 3241 740 575 3242 736 591 3243 737 575 3244 736 592 3245 740 577 3246 741 593 3247 742 576 3248 739 592 3249 740 576 3250 739 593 3251 742 578 3252 743 594 3253 778 577 3254 741 593 3255 742 577 3256 741 594 3257 778 579 3258 779 595 3259 780 578 3260 743 594 3261 778 578 3262 743 595 3263 780 580 3264 781 596 3265 782 579 3266 779 595 3267 780 579 3268 779 596 3269 782 581 3270 783 597 3271 784 580 3272 781 596 3273 782 580 3274 781 597 3275 784 566 3276 785 597 3277 784 581 3278 783 597 3279 784 566 3280 785 582 3281 786 566 3282 744 600 3283 686 567 3284 745 599 3285 685 567 3286 745 600 3287 686 568 3288 748 599 3289 685 598 3290 688 599 3291 685 568 3292 748 567 3293 745 568 3294 748 598 3295 688 613 3296 699 568 3297 748 613 3298 699 569 3299 766 569 3300 766 613 3301 699 612 3302 701 569 3303 766 612 3304 701 570 3305 768 570 3306 768 612 3307 701 611 3308 703 570 3309 768 611 3310 703 571 3311 770 571 3312 770 611 3313 703 610 3314 705 571 3315 770 610 3316 705 572 3317 772 573 3318 774 610 3319 705 609 3320 715 610 3321 705 573 3322 774 572 3323 772 608 3324 734 574 3325 776 609 3326 715 574 3327 776 573 3328 774 609 3329 715 607 3330 691 574 3331 735 608 3332 692 574 3333 735 607 3334 691 575 3335 736 606 3336 694 575 3337 736 607 3338 691 575 3339 736 606 3340 694 576 3341 739 576 3342 739 606 3343 694 577 3344 741 605 3345 696 577 3346 741 606 3347 694 577 3348 741 605 3349 696 578 3350 743 604 3351 698 578 3352 743 605 3353 696 578 3354 743 604 3355 698 579 3356 779 603 3357 707 579 3358 779 604 3359 698 579 3360 779 603 3361 707 580 3362 781 602 3363 709 580 3364 781 603 3365 707 580 3366 781 601 3367 711 581 3368 783 601 3369 711 580 3370 781 602 3371 709 581 3372 783 600 3373 713 566 3374 785 600 3375 713 581 3376 783 601 3377 711 615 3378 718 582 3379 716 583 3380 717 582 3381 716 615 3382 718 614 3383 719 616 3384 721 583 3385 717 584 3386 720 583 3387 717 616 3388 721 615 3389 718 584 3390 720 585 3391 722 617 3392 723 584 3393 720 617 3394 723 616 3395 721 618 3396 725 617 3397 723 585 3398 722 585 3399 722 586 3400 724 618 3401 725 587 3402 726 618 3403 725 586 3404 724 618 3405 725 587 3406 726 619 3407 727 588 3408 728 619 3409 727 587 3410 726 619 3411 727 588 3412 728 620 3413 729 589 3414 730 620 3415 729 588 3416 728 620 3417 729 589 3418 730 621 3419 731 621 3420 731 590 3421 732 622 3422 750 590 3423 732 621 3424 731 589 3425 730 623 3426 752 622 3427 750 590 3428 732 590 3429 732 591 3430 751 623 3431 752 624 3432 754 623 3433 752 591 3434 751 591 3435 751 592 3436 753 624 3437 754 592 3438 753 593 3439 755 625 3440 756 592 3441 753 625 3442 756 624 3443 754 626 3444 758 593 3445 755 594 3446 757 593 3447 755 626 3448 758 625 3449 756 626 3450 758 595 3451 759 627 3452 760 595 3453 759 626 3454 758 594 3455 757 596 3456 761 627 3457 760 595 3458 759 627 3459 760 596 3460 761 628 3461 762 628 3462 762 597 3463 763 629 3464 764 597 3465 763 628 3466 762 596 3467 761 582 3468 716 629 3469 764 597 3470 763 629 3471 764 582 3472 716 614 3473 719 614 3474 719 615 3475 718 630 3476 765 615 3477 718 616 3478 721 630 3479 765 616 3480 721 617 3481 723 630 3482 765 617 3483 723 618 3484 725 630 3485 765 618 3486 725 619 3487 727 630 3488 765 619 3489 727 620 3490 729 630 3491 765 620 3492 729 621 3493 731 630 3494 765 621 3495 731 622 3496 750 630 3497 765 622 3498 750 623 3499 752 630 3500 765 623 3501 752 624 3502 754 630 3503 765 624 3504 754 625 3505 756 630 3506 765 625 3507 756 626 3508 758 630 3509 765 626 3510 758 627 3511 760 630 3512 765 627 3513 760 628 3514 762 630 3515 765 628 3516 762 629 3517 764 630 3518 765 629 3519 764 614 3520 719 630 3521 765 632 3522 788 634 3523 790 633 3524 789 634 3525 790 632 3526 788 631 3527 787 635 3528 791 633 3529 789 636 3530 792 633 3531 789 635 3532 791 632 3533 788 638 3534 794 637 3535 793 636 3536 792 635 3537 791 636 3538 792 637 3539 793 640 3540 796 639 3541 795 638 3542 794 637 3543 793 638 3544 794 639 3545 795 642 3546 798 641 3547 797 640 3548 796 639 3549 795 640 3550 796 641 3551 797 644 3552 800 643 3553 799 642 3554 798 641 3555 797 642 3556 798 643 3557 799 645 3558 801 644 3559 800 646 3560 802 644 3561 800 645 3562 801 643 3563 799 647 3564 803 646 3565 802 648 3566 804 646 3567 802 647 3568 803 645 3569 801 650 3570 807 647 3571 805 648 3572 808 647 3573 805 650 3574 807 649 3575 806 652 3576 810 651 3577 809 649 3578 806 652 3579 810 649 3580 806 650 3581 807 654 3582 812 653 3583 811 651 3584 809 654 3585 812 651 3586 809 652 3587 810 656 3588 814 655 3589 813 653 3590 811 656 3591 814 653 3592 811 654 3593 812 658 3594 816 657 3595 815 655 3596 813 658 3597 816 655 3598 813 656 3599 814 660 3600 818 659 3601 817 657 3602 815 660 3603 818 657 3604 815 658 3605 816 662 3606 820 661 3607 819 659 3608 817 662 3609 820 659 3610 817 660 3611 818 631 3612 821 662 3613 820 634 3614 822 662 3615 820 631 3616 821 661 3617 819 665 3618 825 664 3619 824 663 3620 823 665 3621 825 663 3622 823 666 3623 826 667 3624 827 665 3625 825 668 3626 828 665 3627 825 667 3628 827 664 3629 824 669 3630 829 668 3631 828 670 3632 830 668 3633 828 669 3634 829 667 3635 827 671 3636 831 670 3637 830 672 3638 832 670 3639 830 671 3640 831 669 3641 829 673 3642 833 672 3643 832 674 3644 834 672 3645 832 673 3646 833 671 3647 831 675 3648 835 674 3649 834 676 3650 836 674 3651 834 675 3652 835 673 3653 833 677 3654 837 676 3655 836 678 3656 838 676 3657 836 677 3658 837 675 3659 835 679 3660 839 678 3661 838 680 3662 840 678 3663 838 679 3664 839 677 3665 837 682 3666 843 681 3667 842 679 3668 841 679 3669 841 680 3670 844 682 3671 843 684 3672 846 683 3673 845 681 3674 842 681 3675 842 682 3676 843 684 3677 846 686 3678 848 683 3679 845 684 3680 846 683 3681 845 686 3682 848 685 3683 847 688 3684 850 685 3685 847 686 3686 848 685 3687 847 688 3688 850 687 3689 849 690 3690 852 687 3691 849 688 3692 850 687 3693 849 690 3694 852 689 3695 851 692 3696 854 689 3697 851 690 3698 852 692 3699 854 691 3700 853 689 3701 851 694 3702 856 693 3703 855 691 3704 853 691 3705 853 692 3706 854 694 3707 856 663 3708 857 694 3709 856 666 3710 858 694 3711 856 663 3712 857 693 3713 855 664 3714 824 633 3715 789 634 3716 790 664 3717 824 634 3718 790 663 3719 823 633 3720 789 667 3721 827 636 3722 792 667 3723 827 633 3724 789 664 3725 824 667 3726 827 638 3727 794 636 3728 792 638 3729 794 667 3730 827 669 3731 829 669 3732 829 640 3733 796 638 3734 794 640 3735 796 669 3736 829 671 3737 831 671 3738 831 642 3739 798 640 3740 796 642 3741 798 671 3742 831 673 3743 833 673 3744 833 644 3745 800 642 3746 798 644 3747 800 673 3748 833 675 3749 835 677 3750 837 644 3751 800 675 3752 835 644 3753 800 677 3754 837 646 3755 802 679 3756 839 648 3757 804 646 3758 802 679 3759 839 646 3760 802 677 3761 837 650 3762 807 679 3763 841 681 3764 842 679 3765 841 650 3766 807 648 3767 808 652 3768 810 681 3769 842 683 3770 845 681 3771 842 652 3772 810 650 3773 807 685 3774 847 654 3775 812 652 3776 810 685 3777 847 652 3778 810 683 3779 845 687 3780 849 656 3781 814 654 3782 812 687 3783 849 654 3784 812 685 3785 847 689 3786 851 658 3787 816 656 3788 814 689 3789 851 656 3790 814 687 3791 849 691 3792 853 660 3793 818 658 3794 816 691 3795 853 658 3796 816 689 3797 851 662 3798 820 691 3799 853 693 3800 855 691 3801 853 662 3802 820 660 3803 818 634 3804 822 693 3805 855 663 3806 857 693 3807 855 634 3808 822 662 3809 820 665 3810 860 666 3811 859 695 3812 861 666 3813 859 696 3814 862 695 3815 861 668 3816 863 665 3817 860 697 3818 864 697 3819 864 665 3820 860 695 3821 861 668 3822 863 698 3823 866 670 3824 865 698 3825 866 668 3826 863 697 3827 864 699 3828 868 670 3829 865 698 3830 866 670 3831 865 699 3832 868 672 3833 867 699 3834 868 674 3835 869 672 3836 867 674 3837 869 699 3838 868 700 3839 870 676 3840 871 700 3841 870 701 3842 872 700 3843 870 676 3844 871 674 3845 869 678 3846 873 701 3847 872 702 3848 874 701 3849 872 678 3850 873 676 3851 871 680 3852 875 702 3853 874 703 3854 876 702 3855 874 680 3856 875 678 3857 873 704 3858 878 680 3859 875 703 3860 876 680 3861 875 704 3862 878 682 3863 877 705 3864 880 682 3865 877 704 3866 878 682 3867 877 705 3868 880 684 3869 879 705 3870 880 706 3871 882 684 3872 879 686 3873 881 684 3874 879 706 3875 882 688 3876 883 686 3877 881 707 3878 884 686 3879 881 706 3880 882 707 3881 884 690 3882 885 707 3883 884 708 3884 886 707 3885 884 690 3886 885 688 3887 883 692 3888 887 708 3889 886 709 3890 888 708 3891 886 692 3892 887 690 3893 885 709 3894 888 694 3895 889 692 3896 887 694 3897 889 709 3898 888 710 3899 890 710 3900 890 666 3901 859 694 3902 889 666 3903 859 710 3904 890 696 3905 862 696 3906 862 711 3907 891 695 3908 861 695 3909 861 711 3910 891 697 3911 864 697 3912 864 711 3913 891 698 3914 866 698 3915 866 711 3916 891 699 3917 868 699 3918 868 711 3919 891 700 3920 870 700 3921 870 711 3922 891 701 3923 872 701 3924 872 711 3925 891 702 3926 874 702 3927 874 711 3928 891 703 3929 876 703 3930 876 711 3931 891 704 3932 878 704 3933 878 711 3934 891 705 3935 880 705 3936 880 711 3937 891 706 3938 882 706 3939 882 711 3940 891 707 3941 884 707 3942 884 711 3943 891 708 3944 886 708 3945 886 711 3946 891 709 3947 888 709 3948 888 711 3949 891 710 3950 890 710 3951 890 711 3952 891 696 3953 862</p></triangles>
      </mesh>
    </geometry>
    <geometry id="props001-lib" name="props001Mesh">
      <mesh>
        <source id="props001-POSITION">
          <float_array id="props001-POSITION-array" count="12">
-1.058998 0.479049 5.387291
1.059001 0.479049 5.387291
-1.058998 2.596711 5.387291
1.059001 2.596711 5.387291
</float_array>
          <technique_common>
            <accessor source="#props001-POSITION-array" count="4" stride="3">
              <param name="X" type="float"/>
              <param name="Y" type="float"/>
              <param name="Z" type="float"/>
            </accessor>
          </technique_common>
        </source>
        <source id="props001-Normal0">
          <float_array id="props001-Normal0-array" count="18">
0.000000 0.000000 1.000000
0.000000 0.000000 1.000000
0.000000 0.000000 1.000000
0.000000 0.000000 1.000000
0.000000 0.000000 1.000000
0.000000 0.000000 1.000000
</float_array>
          <technique_common>
            <accessor source="#props001-Normal0-array" count="6" stride="3">
              <param name="X" type="float"/>
              <param name="Y" type="float"/>
              <param name="Z" type="float"/>
            </accessor>
          </technique_common>
        </source>
        <source id="props001-UV0">
          <float_array id="props001-UV0-array" count="8">
0.000000 0.000000
1.000000 0.000000
0.000000 1.000000
1.000000 1.000000
</float_array>
          <technique_common>
            <accessor source="#props001-UV0-array" count="4" stride="2">
              <param name="S" type="float"/>
              <param name="T" type="float"/>
            </accessor>
          </technique_common>
        </source>
        <vertices id="props001-VERTEX">
          <input semantic="POSITION" source="#props001-POSITION"/>
        </vertices>
        <triangles count="2" material="prop_1"><input semantic="VERTEX" offset="0" source="#props001-VERTEX"/><input semantic="NORMAL" offset="1" source="#props001-Normal0"/><input semantic="TEXCOORD" offset="2" set="0" source="#props001-UV0"/><p> 3 0 3 2 1 2 0 2 0 3 3 3 0 4 0 1 5 1</p></triangles>
      </mesh>
    </geometry>
  </library_geometries>
  <library_visual_scenes>
    <visual_scene id="emb-314" name="emb-314">
      <node name="hull" id="hull" sid="hull"><matrix sid="matrix">-1.000000 0.000000 0.000000 0.000000 0.000000 1.000000 -0.000000 0.000000 -0.000000 -0.000000 -1.000000 0.000000 0.000000 0.000000 0.000000 1.000000</matrix><instance_geometry url="#hull-lib"><bind_material><technique_common><instance_material symbol="emb-314" target="#emb-314"/></technique_common></bind_material></instance_geometry><extra><technique profile="FCOLLADA"><visibility>1.000000</visibility></technique></extra></node>
      <node name="props001" id="props001" sid="props001"><matrix sid="matrix">-1.000000 0.000000 0.000000 0.000000 0.000000 1.000000 -0.000000 0.000000 -0.000000 -0.000000 -1.000000 0.000000 0.000000 0.000000 0.000000 1.000000</matrix><instance_geometry url="#props001-lib"><bind_material><technique_common><instance_material symbol="prop_1" target="#prop_1"/></technique_common></bind_material></instance_geometry><extra><technique profile="FCOLLADA"><visibility>1.000000</visibility></technique></extra></node>
      <extra><technique profile="MAX3D"><frame_rate>30.000000</frame_rate></technique><technique profile="FCOLLADA"><start_time>0.000000</start_time><end_time>3.333333</end_time></technique></extra>
    </visual_scene>
  </library_visual_scenes>
  <scene>
    <instance_visual_scene url="#emb-314"></instance_visual_scene>
  </scene>
</COLLADA>
