<?xml version="1.0" encoding="utf-8"?>
<COLLADA xmlns="http://www.collada.org/2005/11/COLLADASchema" version="1.4.1">
  <asset><contributor><author></author><authoring_tool>FBX COLLADA exporter</authoring_tool><comments></comments></contributor><created>2019-12-05T15:15:27Z</created><keywords></keywords><modified>2019-12-05T15:15:27Z</modified><revision></revision><subject></subject><title></title><unit meter="1.000000" name="centimeter"></unit><up_axis>Y_UP</up_axis></asset>
  <library_images>
    <image id="Bitmaptexture-image" name="Bitmaptexture"><init_from>file://rotor_blade.dds.png</init_from></image>
    <image id="Bitmaptexture_ncl1_1-image" name="Bitmaptexture_ncl1_1"><init_from>file://uh1n.dds.png</init_from></image>
    <image id="Bitmaptexture_ncl1_2-image" name="Bitmaptexture_ncl1_2"><init_from>file://rotor_blade_rear.dds.png</init_from></image>
  </library_images>
  <library_materials>
    <material id="rotor_blade" name="rotor_blade">
      <instance_effect url="#rotor_blade-fx"/>
    </material>
    <material id="uh1n" name="uh1n">
      <instance_effect url="#uh1n-fx"/>
    </material>
    <material id="rotor_blade_rear" name="rotor_blade_rear">
      <instance_effect url="#rotor_blade_rear-fx"/>
    </material>
  </library_materials>
  <library_effects>
    <effect id="rotor_blade-fx" name="rotor_blade">
      <profile_COMMON>
        <technique sid="standard">
          <phong>
            <emission>
              <color sid="emission">0.000000  0.000000 0.000000 1.000000</color>
            </emission>
            <ambient>
              <color sid="ambient">0.000000  0.000000 0.000000 1.000000</color>
            </ambient>
            <diffuse>
              <texture texture="Bitmaptexture-image" texcoord="CHANNEL0">
                <extra>
                  <technique profile="MAYA">
                    <wrapU sid="wrapU0">TRUE</wrapU>
                    <wrapV sid="wrapV0">TRUE</wrapV>
                    <blend_mode>ADD</blend_mode>
                  </technique>
                </extra>
              </texture>
            </diffuse>
            <specular>
              <color sid="specular">0.000000  0.000000 0.000000 1.000000</color>
            </specular>
            <shininess>
              <float sid="shininess">2.000000</float>
            </shininess>
            <reflective>
              <color sid="reflective">0.000000  0.000000 0.000000 1.000000</color>
            </reflective>
            <reflectivity>
              <float sid="reflectivity">1.000000</float>
            </reflectivity>
            <transparent opaque="RGB_ZERO">
              <color sid="transparent">1.000000  1.000000 1.000000 1.000000</color>
            </transparent>
            <transparency>
              <float sid="transparency">0.000000</float>
            </transparency>
          </phong>
        </technique>
      </profile_COMMON>
    </effect>
    <effect id="uh1n-fx" name="uh1n">
      <profile_COMMON>
        <technique sid="standard">
          <phong>
            <emission>
              <color sid="emission">0.000000  0.000000 0.000000 1.000000</color>
            </emission>
            <ambient>
              <color sid="ambient">0.000000  0.000000 0.000000 1.000000</color>
            </ambient>
            <diffuse>
              <texture texture="Bitmaptexture_ncl1_1-image" texcoord="CHANNEL0">
                <extra>
                  <technique profile="MAYA">
                    <wrapU sid="wrapU0">TRUE</wrapU>
                    <wrapV sid="wrapV0">TRUE</wrapV>
                    <blend_mode>ADD</blend_mode>
                  </technique>
                </extra>
              </texture>
            </diffuse>
            <specular>
              <color sid="specular">0.000000  0.000000 0.000000 1.000000</color>
            </specular>
            <shininess>
              <float sid="shininess">2.000000</float>
            </shininess>
            <reflective>
              <color sid="reflective">0.000000  0.000000 0.000000 1.000000</color>
            </reflective>
            <reflectivity>
              <float sid="reflectivity">1.000000</float>
            </reflectivity>
            <transparent opaque="RGB_ZERO">
              <color sid="transparent">1.000000  1.000000 1.000000 1.000000</color>
            </transparent>
            <transparency>
              <float sid="transparency">0.000000</float>
            </transparency>
          </phong>
        </technique>
      </profile_COMMON>
    </effect>
    <effect id="rotor_blade_rear-fx" name="rotor_blade_rear">
      <profile_COMMON>
        <technique sid="standard">
          <phong>
            <emission>
              <color sid="emission">0.000000  0.000000 0.000000 1.000000</color>
            </emission>
            <ambient>
              <color sid="ambient">0.000000  0.000000 0.000000 1.000000</color>
            </ambient>
            <diffuse>
              <texture texture="Bitmaptexture_ncl1_2-image" texcoord="CHANNEL0">
                <extra>
                  <technique profile="MAYA">
                    <wrapU sid="wrapU0">TRUE</wrapU>
                    <wrapV sid="wrapV0">TRUE</wrapV>
                    <blend_mode>ADD</blend_mode>
                  </technique>
                </extra>
              </texture>
            </diffuse>
            <specular>
              <color sid="specular">0.000000  0.000000 0.000000 1.000000</color>
            </specular>
            <shininess>
              <float sid="shininess">2.000000</float>
            </shininess>
            <reflective>
              <color sid="reflective">0.000000  0.000000 0.000000 1.000000</color>
            </reflective>
            <reflectivity>
              <float sid="reflectivity">1.000000</float>
            </reflectivity>
            <transparent opaque="RGB_ZERO">
              <color sid="transparent">1.000000  1.000000 1.000000 1.000000</color>
            </transparent>
            <transparency>
              <float sid="transparency">0.000000</float>
            </transparency>
          </phong>
        </technique>
      </profile_COMMON>
    </effect>
  </library_effects>
  <library_geometries>
    <geometry id="rotor_blade-lib" name="rotor_bladeMesh">
      <mesh>
        <source id="rotor_blade-POSITION">
          <float_array id="rotor_blade-POSITION-array" count="27">
-8.136405 -8.597758 3.911349
-0.036405 -8.597758 3.911349
-0.036405 -0.497758 4.215321
-8.136405 -0.497758 3.911349
8.063596 -8.597758 3.911349
8.063596 -0.497758 3.911349
-0.036405 7.602243 3.911349
-8.136405 7.602243 3.911349
8.063596 7.602243 3.911349
</float_array>
          <technique_common>
            <accessor source="#rotor_blade-POSITION-array" count="9" stride="3">
              <param name="X" type="float"/>
              <param name="Y" type="float"/>
              <param name="Z" type="float"/>
            </accessor>
          </technique_common>
        </source>
        <source id="rotor_blade-Normal0">
          <float_array id="rotor_blade-Normal0-array" count="72">
-0.018757 -0.018757 0.999648
0.009377 -0.028129 0.999560
0.000000 0.000000 1.000000
0.000000 0.000000 1.000000
-0.028129 0.009377 0.999560
-0.018757 -0.018757 0.999648
0.009377 -0.028129 0.999560
0.000000 0.000000 1.000000
0.028129 -0.009377 0.999560
0.028129 -0.009377 0.999560
0.000000 0.000000 1.000000
0.009377 -0.028129 0.999560
-0.028129 0.009377 0.999560
0.000000 0.000000 1.000000
-0.009377 0.028129 0.999560
-0.009377 0.028129 0.999560
0.000000 0.000000 1.000000
-0.028129 0.009377 0.999560
0.000000 0.000000 1.000000
0.028129 -0.009377 0.999560
0.018757 0.018757 0.999648
0.018757 0.018757 0.999648
-0.009377 0.028129 0.999560
0.000000 0.000000 1.000000
</float_array>
          <technique_common>
            <accessor source="#rotor_blade-Normal0-array" count="24" stride="3">
              <param name="X" type="float"/>
              <param name="Y" type="float"/>
              <param name="Z" type="float"/>
            </accessor>
          </technique_common>
        </source>
        <source id="rotor_blade-UV0">
          <float_array id="rotor_blade-UV0-array" count="18">
0.042798 0.042798
0.500000 0.042798
0.500000 0.500000
0.042798 0.500000
0.957202 0.042798
0.957202 0.500000
0.500000 0.957202
0.042798 0.957202
0.957202 0.957202
</float_array>
          <technique_common>
            <accessor source="#rotor_blade-UV0-array" count="9" stride="2">
              <param name="S" type="float"/>
              <param name="T" type="float"/>
            </accessor>
          </technique_common>
        </source>
        <vertices id="rotor_blade-VERTEX">
          <input semantic="POSITION" source="#rotor_blade-POSITION"/>
        </vertices>
        <triangles count="8" material="rotor_blade"><input semantic="VERTEX" offset="0" source="#rotor_blade-VERTEX"/><input semantic="NORMAL" offset="1" source="#rotor_blade-Normal0"/><input semantic="TEXCOORD" offset="2" set="0" source="#rotor_blade-UV0"/><p> 0 0 0 1 1 1 2 2 2 2 3 2 3 4 3 0 5 0 1 6 1 4 7 4 5 8 5 5 9 5 2 10 2 1 11 1 3 12 3 2 13 2 6 14 6 6 15 6 7 16 7 3 17 3 2 18 2 5 19 5 8 20 8 8 21 8 6 22 6 2 23 2</p></triangles>
      </mesh>
    </geometry>
    <geometry id="hull-lib" name="hullMesh">
      <mesh>
        <source id="hull-POSITION">
          <float_array id="hull-POSITION-array" count="2238">
-0.797191 1.526801 0.731349
-1.183527 1.519299 0.901405
-1.149996 1.996064 0.910505
-0.758889 2.018875 0.763072
-0.598871 -1.433491 3.095731
-0.715300 -1.422741 3.093838
-0.345791 -3.133894 3.003215
-0.615767 3.139949 1.872321
-0.627239 2.700766 2.356452
-0.363868 2.727357 2.385942
-0.323545 3.201038 1.941218
-1.038255 -1.561583 0.855112
-1.170909 -0.392648 0.871860
-0.844716 -0.401265 0.688706
-0.770637 -1.567521 0.684822
-0.841970 0.830614 0.705375
-1.219287 0.876653 0.888058
-0.663503 2.003811 2.610225
-0.685479 1.621891 2.625545
-0.440791 1.620231 2.653343
-0.425466 2.020583 2.648829
-0.984328 1.515024 2.478312
-0.950739 1.919352 2.488083
-1.102308 1.930151 2.267855
-1.153887 1.477573 2.259498
-0.000000 -9.971087 2.143111
-0.112387 -9.949687 2.176782
-0.124868 -9.806311 2.010594
-0.000000 -9.827592 1.973734
0.000002 4.071776 1.249358
-0.279983 4.058619 1.267989
-0.154704 4.167352 1.442147
0.000002 4.184368 1.440544
-1.173304 0.813092 2.234844
-1.020322 0.764440 2.451149
-0.441231 3.806442 1.672211
-0.612260 3.145917 1.850493
-0.319123 3.208542 1.920916
-0.261735 3.813955 1.713507
-0.726153 3.726276 1.236581
-0.616797 3.754070 1.116030
-0.882021 3.237047 1.016184
-0.927580 3.259969 1.173998
-0.513845 3.216525 0.898888
-0.417901 3.745515 1.027925
-0.273020 4.051032 1.565176
-0.191721 4.053954 1.578401
-0.394711 4.041157 1.402007
-0.606278 3.768448 1.129700
-0.714394 3.738871 1.253117
-0.389183 3.759327 1.032764
0.000001 -0.156108 3.105247
0.000001 0.349283 3.003649
-0.357053 0.307105 2.997598
-0.263248 -0.158429 3.097222
-0.640054 -2.747655 0.998957
-0.427010 -3.392257 1.136455
-0.706018 -2.751032 1.129713
-0.463687 -2.749050 0.845562
-0.206776 -3.390990 1.002382
-1.020301 -0.397117 2.397632
-1.147245 -0.422326 2.152118
-1.005006 -1.563552 2.084182
-0.892554 -1.542715 2.289246
0.000001 -3.394846 2.232808
-0.246941 -3.353687 2.236386
-0.132370 -8.800225 2.267105
-0.000000 -8.784568 2.281757
-0.456210 -3.395796 1.919469
-0.507848 -3.394381 1.405766
-0.188858 -8.798572 1.963063
-0.107596 -8.802543 1.723172
-0.000001 -10.432481 3.717360
-0.046128 -10.435905 3.665684
-0.046130 -10.675541 3.314024
-0.000001 -10.715632 3.323471
-0.000000 -8.799189 1.695259
-0.367297 4.040401 1.493085
-0.664909 3.747125 1.557771
-0.866780 3.061436 1.602529
-0.863527 2.940475 1.754495
-0.860289 2.597835 2.303242
-0.935170 1.918005 2.505454
-0.966236 1.542007 2.495979
-0.705737 0.731776 2.588804
-0.680639 1.601317 2.617589
-0.854848 -1.514094 2.455236
-0.938742 -0.392597 2.546660
-0.381792 -3.271458 2.141509
-0.374360 -3.225512 2.248767
-0.477829 -3.044635 2.153821
-1.295456 1.491534 1.160617
-1.233253 1.996022 1.163849
-1.325557 0.855448 1.138170
-1.115845 -1.564389 1.087501
-1.306386 -0.407886 1.118674
0.000002 3.780421 1.016402
0.000002 3.194952 0.835960
-0.492365 3.192761 0.893456
0.000001 1.486419 0.636339
0.000002 2.009569 0.671237
0.000001 0.899225 0.591250
0.000001 -0.409393 0.579103
0.000001 -1.613674 0.567699
0.000001 -2.758076 0.756659
0.000001 -3.389290 0.978615
-0.882218 3.213874 1.019791
-0.652862 2.595402 0.821685
-1.079555 2.576959 0.960498
0.000002 2.611222 0.738576
-0.419020 1.599532 2.647018
-0.439191 0.737333 2.623308
0.000001 0.761264 2.645934
0.000001 1.580269 2.668833
0.000001 0.600420 2.641301
-0.406031 0.500730 2.624374
-0.396565 0.367014 2.947432
0.000001 0.407315 2.957277
-0.823722 -1.415060 2.993417
-0.834263 -0.686432 2.987358
-0.839880 -0.298237 2.984129
0.000001 -3.135669 3.017052
-0.332648 -3.164346 2.683786
0.000001 -3.164424 2.684071
-0.627889 -2.274024 2.969857
-0.614604 -2.213501 2.364367
-0.426421 -3.164312 2.666081
-0.432057 -3.132988 2.946297
-0.625080 -2.923078 1.999154
-0.534560 -0.686874 3.091298
-0.727489 -0.690839 3.087647
0.000002 2.730654 2.403809
0.000002 3.218289 1.942515
-0.061279 3.216507 1.940829
-0.067733 2.730716 2.399475
0.000002 3.821062 1.735699
-0.541635 -0.218381 2.985200
-0.492594 -0.199681 3.088405
-0.897577 2.330693 2.476851
-1.003625 2.384009 2.271655
-1.124530 2.562931 1.182601
-0.768159 3.663215 1.386961
-0.926495 3.245868 1.360188
-0.635280 2.403688 2.581730
-0.408769 2.423989 2.612982
-0.883626 2.316427 2.494445
-0.402937 2.019358 2.642197
0.000001 2.048647 2.657976
-0.848944 2.492565 2.425071
-0.628939 2.535583 2.504128
-0.377396 2.547125 2.543876
-0.071871 2.532399 2.575043
0.000002 2.533140 2.576959
-0.626652 2.513855 2.511010
-0.635965 2.422695 2.569195
-0.385366 2.445249 2.604703
-0.374559 2.525367 2.550781
-0.071328 2.454829 2.624116
0.000002 2.455170 2.625917
-0.851252 2.467445 2.427472
-0.925404 2.488066 2.284399
-0.992844 2.704104 1.651994
-1.114692 2.507063 1.587330
-1.213154 1.980678 1.586503
-1.267809 1.474884 1.574948
-1.300319 0.842998 1.543504
-1.275255 -0.442506 1.506562
-1.134139 -1.565112 1.469604
-0.731098 -2.773648 1.414505
-0.929946 3.237945 1.180982
-0.924380 3.267033 1.334751
-0.777173 3.657243 1.359714
-0.861243 2.943062 1.730451
-0.095382 2.553684 2.566489
-0.091562 2.736645 2.404479
-0.085299 3.208137 1.959342
0.000002 4.060798 1.588485
-1.621996 -7.058651 1.715801
-1.621996 -7.058310 1.768505
-1.581172 -6.794123 1.763598
-1.581172 -6.784108 1.738662
-0.249911 -6.754224 1.714227
-0.236369 -7.057972 1.680995
-1.584896 -7.057972 1.680995
-1.544073 -6.754224 1.714227
-0.222826 -7.532175 1.714227
-0.222826 -7.508038 1.772114
-1.538656 -7.508038 1.772113
-1.538656 -7.532174 1.714227
-0.236369 -7.057972 1.803283
-1.584896 -7.057972 1.803283
-0.249911 -6.765091 1.788179
-1.544073 -6.765091 1.788179
-1.575755 -7.510019 1.741587
-1.575755 -7.504124 1.758402
-1.173429 -1.097783 0.039485
-1.112477 -1.378152 0.109578
-1.107554 -1.357411 0.188262
-1.166310 -1.087142 0.120695
-1.098393 -1.093719 0.007620
-1.038281 -1.370229 0.076748
-1.044900 -1.080566 0.069135
-0.987502 -1.344591 0.135142
-1.086875 -1.076502 0.139020
-1.030315 -1.336669 0.204062
-1.173684 1.915222 0.039916
-1.165980 1.904076 0.121072
-1.098881 1.919672 0.007509
-1.044945 1.911277 0.068637
-1.086415 1.901639 0.138823
-1.173291 2.468502 0.194118
-1.166483 2.444674 0.271807
-1.098135 2.465579 0.160508
-1.044877 2.439944 0.217424
-1.087119 2.427024 0.286211
-1.047220 2.829503 0.304054
-1.041047 2.803858 0.381189
-0.975827 2.815805 0.267162
-0.925530 2.781694 0.321497
-0.965838 2.774309 0.391970
-0.836462 1.697407 0.552276
-0.537364 1.640371 0.707709
-0.553647 1.691651 0.757860
-0.864775 1.750982 0.596176
-0.799812 1.747741 0.512709
-0.505681 1.691651 0.665560
-0.828125 1.801315 0.556608
-0.521965 1.742932 0.715711
-1.009446 1.699160 0.357040
-1.054056 1.753042 0.382297
-0.964406 1.749258 0.326740
-1.009016 1.803140 0.351997
-1.114211 1.675922 0.100204
-1.162966 1.728885 0.115300
-1.066602 1.726590 0.076200
-1.115357 1.779553 0.091296
-0.899890 -0.904585 0.438653
-0.541623 -1.037305 0.702890
-0.560535 -0.987464 0.753566
-0.931247 -0.850133 0.480151
-0.852876 -0.856294 0.408702
-0.498793 -0.987464 0.669853
-0.884233 -0.801842 0.450200
-0.517706 -0.937622 0.720530
-1.117010 -0.874724 0.067966
-1.156502 -0.819154 0.095574
-1.067260 -0.826809 0.042686
-1.106753 -0.771239 0.070295
-0.624137 -0.397852 2.636306
-0.852640 -0.470137 2.624370
-0.784512 -0.391292 2.970784
-0.566652 -0.328087 2.977821
-0.701503 -0.357924 3.046810
-0.540356 -0.322082 3.046329
0.000001 -1.472550 3.102612
0.000001 -0.698313 3.104141
-0.263416 -0.697833 3.097834
-0.288876 -3.344271 2.649571
0.000001 -3.385066 2.650612
-0.028737 -3.312275 2.814831
-0.068433 -3.312274 2.763291
-0.048585 -3.123055 2.815375
-0.028737 -3.123055 2.814831
-0.213196 -3.312274 2.745275
-0.213196 -3.123055 2.745275
-0.357959 -3.312274 2.763291
-0.357959 -3.123055 2.763291
-0.397655 -3.312274 2.814831
-0.397655 -3.123055 2.814831
-0.397655 -3.312274 2.867459
-0.357959 -3.312274 2.918999
-0.357959 -3.123055 2.918999
-0.397655 -3.123055 2.867459
-0.213196 -3.312274 2.937016
-0.213196 -3.123055 2.937016
-0.068433 -3.312275 2.918999
-0.068433 -3.123055 2.918999
-0.028737 -3.312275 2.867459
-0.327574 -3.238111 2.903484
-0.357831 -3.238111 2.864199
-0.357831 -3.238111 2.818091
-0.213196 -3.238111 2.917719
-0.327574 -3.238111 2.778805
-0.213196 -3.238111 2.764571
-0.098818 -3.238111 2.778805
-0.068561 -3.238111 2.818091
-0.068561 -3.238111 2.864199
-0.098818 -3.238111 2.903484
-0.048649 -3.312274 2.816461
-0.083626 -3.312274 2.771048
-0.048649 -3.312274 2.865829
-0.083626 -3.312274 2.911242
-0.213196 -3.312274 2.927368
-0.342766 -3.312274 2.911242
-0.377743 -3.312274 2.865829
-0.377743 -3.312274 2.816461
-0.342766 -3.312274 2.771048
-0.213196 -3.312274 2.754923
-0.822345 -0.294600 2.969893
-0.901160 -0.381761 2.583513
-0.734711 -0.257237 3.083979
-0.728215 -0.257039 3.061031
-0.526630 -0.210235 3.064653
-0.567788 -0.222780 2.986237
-0.614404 -0.295468 2.579125
-0.631073 -0.296890 2.600961
-0.621328 -0.303093 2.547923
-0.784683 -2.339848 2.723135
-0.822116 -2.345309 2.516225
-0.714131 -2.674810 2.570838
-0.674800 -2.663887 2.752262
-0.647056 -2.381993 2.519982
-0.775215 -2.396857 2.517708
-0.740440 -2.392462 2.684044
-0.638835 -2.377772 2.701993
-0.623482 -2.324325 2.285737
-0.529721 -2.659287 2.365836
-0.668311 -2.685733 2.389415
-0.811520 -2.350770 2.309315
-0.439166 -3.005172 2.529677
-0.545168 -3.005812 2.553255
-0.455623 -3.014075 2.643223
-0.558842 -3.014715 2.638875
-0.472080 -2.986968 2.748130
-0.541776 -2.637442 2.784539
-0.572515 -2.987608 2.715853
-0.602211 -2.313403 2.755412
-0.612846 -2.318864 2.520574
-0.633119 -2.321763 2.519797
-0.623680 -2.316920 2.728220
-0.789920 -2.347347 2.329852
-0.642558 -2.326606 2.311374
-0.801833 -2.342418 2.516474
-0.765716 -2.337488 2.703096
-0.761962 -2.401251 2.351372
-0.655278 -2.386214 2.337972
0.000001 -0.685825 3.127108
0.000001 -0.168638 3.128164
-0.250534 -0.170852 3.120509
-0.250694 -0.685367 3.121093
0.797194 1.526800 0.731349
0.758892 2.018875 0.763072
1.149999 1.996064 0.910506
1.183530 1.519299 0.901405
0.598873 -1.433491 3.095731
0.345792 -3.133894 3.003215
0.715302 -1.422741 3.093838
0.615738 3.139974 1.872315
0.323517 3.201062 1.941212
0.363839 2.727381 2.385935
0.627210 2.700791 2.356445
1.038257 -1.561583 0.855112
0.770639 -1.567521 0.684822
0.844718 -0.401266 0.688706
1.170911 -0.392648 0.871860
0.841973 0.830614 0.705375
1.219290 0.876653 0.888058
0.663506 2.003810 2.610225
0.425469 2.020583 2.648829
0.440794 1.620231 2.653343
0.685482 1.621891 2.625545
0.984331 1.515024 2.478312
1.153889 1.477573 2.259498
1.102311 1.930150 2.267855
0.950742 1.919352 2.488083
0.124867 -9.806311 2.010594
0.112387 -9.949687 2.176782
0.154708 4.167352 1.442147
0.279987 4.058619 1.267989
1.173307 0.813092 2.234844
1.020324 0.764440 2.451149
0.441235 3.806442 1.672211
0.261739 3.813955 1.713507
0.319126 3.208542 1.920916
0.612263 3.145917 1.850493
0.726156 3.726276 1.236582
0.927583 3.259969 1.173998
0.882024 3.237047 1.016184
0.616800 3.754070 1.116030
0.513849 3.216525 0.898888
0.417904 3.745515 1.027925
0.273024 4.051032 1.565176
0.191725 4.053954 1.578402
0.394715 4.041157 1.402007
0.714398 3.738871 1.253117
0.606281 3.768448 1.129700
0.389187 3.759327 1.032764
0.263250 -0.158429 3.097222
0.357056 0.307104 2.997598
0.640056 -2.747655 0.998957
0.706020 -2.751032 1.129713
0.427011 -3.392257 1.136455
0.206777 -3.390990 1.002382
0.463688 -2.749050 0.845562
1.020303 -0.397117 2.397632
0.892556 -1.542715 2.289246
1.005007 -1.563553 2.084182
1.147247 -0.422326 2.152118
0.132370 -8.800225 2.267105
0.246942 -3.353687 2.236386
0.456211 -3.395796 1.919469
0.188858 -8.798573 1.963063
0.507849 -3.394381 1.405766
0.107596 -8.802544 1.723172
0.046129 -10.675541 3.314024
0.046126 -10.435905 3.665684
0.367300 4.040401 1.493085
0.664912 3.747125 1.557771
0.866783 3.061435 1.602530
0.860259 2.597859 2.303236
0.863457 2.940432 1.754440
0.935173 1.918005 2.505454
0.966239 1.542006 2.495979
0.680642 1.601317 2.617589
0.705739 0.731775 2.588805
0.938744 -0.392597 2.546660
0.854849 -1.514094 2.455236
0.381793 -3.271458 2.141509
0.477830 -3.044635 2.153821
0.374361 -3.225512 2.248767
1.233256 1.996022 1.163850
1.295459 1.491533 1.160617
1.325560 0.855448 1.138170
1.306388 -0.407887 1.118675
1.115847 -1.564390 1.087501
0.492368 3.192761 0.893456
0.882221 3.213874 1.019791
1.079558 2.576958 0.960499
0.652865 2.595401 0.821685
0.419023 1.599532 2.647018
0.439193 0.737333 2.623308
0.396567 0.367014 2.947432
0.406033 0.500730 2.624374
0.839882 -0.298237 2.984129
0.834265 -0.686432 2.987358
0.823723 -1.415060 2.993417
0.332649 -3.164346 2.683786
0.426422 -3.164312 2.666081
0.614605 -2.213501 2.364367
0.432058 -3.132988 2.946297
0.627891 -2.213204 2.969136
0.625081 -2.923078 1.999154
0.727491 -0.690839 3.087647
0.534562 -0.686874 3.091298
0.067737 2.730716 2.399475
0.061282 3.216507 1.940829
0.492597 -0.199681 3.088405
0.541637 -0.218382 2.985200
1.003628 2.384008 2.271655
0.897581 2.330693 2.476851
1.124533 2.562930 1.182601
0.926499 3.245867 1.360188
0.768163 3.663215 1.386961
0.635283 2.403687 2.581730
0.408772 2.423989 2.612982
0.883629 2.316427 2.494445
0.402940 2.019358 2.642197
0.848767 2.492237 2.424684
0.628910 2.535607 2.504121
0.377367 2.547149 2.543869
0.071874 2.532399 2.575043
0.626655 2.513855 2.511010
0.374562 2.525367 2.550781
0.385369 2.445249 2.604703
0.635968 2.422695 2.569195
0.071331 2.454829 2.624116
0.851256 2.467445 2.427472
0.927367 2.512132 2.291266
0.998378 2.719696 1.681981
1.114695 2.507063 1.587330
1.213157 1.980678 1.586504
1.267811 1.474884 1.574948
1.300321 0.842997 1.543504
1.275257 -0.442506 1.506562
1.134141 -1.565113 1.469605
0.731099 -2.773649 1.414505
0.929950 3.237944 1.180982
0.777176 3.657243 1.359714
0.924384 3.267032 1.334751
0.861246 2.943061 1.730451
1.007830 2.703469 1.651818
0.095353 2.553708 2.566482
0.091533 2.736669 2.404473
0.085270 3.208161 1.959336
1.621996 -7.058651 1.715801
1.581172 -6.784109 1.738663
1.581172 -6.794124 1.763598
1.621996 -7.058311 1.768505
0.249912 -6.754224 1.714227
1.544073 -6.754224 1.714227
1.584896 -7.057973 1.680995
0.236369 -7.057972 1.680995
0.222826 -7.532175 1.714227
1.538656 -7.532174 1.714227
1.538656 -7.508039 1.772114
0.222826 -7.508039 1.772114
0.236369 -7.057972 1.803283
1.584896 -7.057973 1.803283
0.249912 -6.765091 1.788179
1.544073 -6.765091 1.788179
1.575755 -7.510019 1.741587
1.575755 -7.504125 1.758402
1.173431 -1.097783 0.039486
1.166312 -1.087143 0.120695
1.107556 -1.357411 0.188262
1.112479 -1.378152 0.109578
1.098396 -1.093719 0.007620
1.038283 -1.370230 0.076748
1.044903 -1.080566 0.069136
0.987504 -1.344592 0.135142
1.086877 -1.076502 0.139020
1.030317 -1.336669 0.204062
1.173688 1.915221 0.039916
1.165983 1.904076 0.121072
1.098884 1.919671 0.007509
1.044949 1.911277 0.068637
1.086418 1.901638 0.138823
1.173294 2.468502 0.194118
1.166487 2.444673 0.271807
1.098138 2.465579 0.160508
1.044881 2.439944 0.217425
1.087122 2.427024 0.286211
1.047224 2.829503 0.304054
1.041051 2.803857 0.381189
0.975830 2.815805 0.267162
0.925533 2.781693 0.321497
0.965842 2.774309 0.391970
0.836465 1.697407 0.552276
0.864778 1.750981 0.596176
0.553650 1.691651 0.757860
0.537367 1.640371 0.707709
0.799815 1.747740 0.512709
0.505684 1.691651 0.665560
0.828129 1.801315 0.556608
0.521968 1.742932 0.715711
1.009449 1.699159 0.357040
1.054059 1.753042 0.382297
0.964409 1.749257 0.326740
1.009019 1.803139 0.351997
1.114214 1.675922 0.100204
1.162969 1.728884 0.115300
1.066605 1.726590 0.076200
1.115360 1.779552 0.091296
0.899892 -0.904585 0.438653
0.931249 -0.850134 0.480151
0.560537 -0.987464 0.753566
0.541625 -1.037305 0.702890
0.852878 -0.856294 0.408703
0.498796 -0.987464 0.669853
0.884235 -0.801842 0.450200
0.517708 -0.937623 0.720530
1.117012 -0.874725 0.067966
1.156504 -0.819154 0.095574
1.067262 -0.826810 0.042686
1.106755 -0.771239 0.070295
0.624139 -0.397852 2.636306
0.566654 -0.328087 2.977821
0.784514 -0.391293 2.970785
0.852642 -0.470138 2.624370
0.701505 -0.357924 3.046810
0.540358 -0.322082 3.046329
0.263418 -0.697833 3.097834
0.288877 -3.344271 2.649571
0.028739 -3.312275 2.814831
0.028739 -3.123055 2.814831
0.048587 -3.123055 2.815375
0.068434 -3.312274 2.763291
0.213197 -3.123055 2.745275
0.213197 -3.312274 2.745275
0.357960 -3.123055 2.763291
0.357960 -3.312274 2.763291
0.397656 -3.123055 2.814831
0.397656 -3.312274 2.814831
0.397656 -3.312274 2.867459
0.397656 -3.123055 2.867459
0.357960 -3.123055 2.918999
0.357960 -3.312274 2.918999
0.213197 -3.123055 2.937016
0.213197 -3.312274 2.937016
0.068434 -3.123055 2.918999
0.068434 -3.312275 2.918999
0.028739 -3.312275 2.867459
0.068562 -3.238111 2.864199
0.068562 -3.238111 2.818091
0.098820 -3.238111 2.778805
0.213197 -3.238111 2.764571
0.327575 -3.238111 2.778805
0.357833 -3.238111 2.818091
0.357833 -3.238111 2.864199
0.327575 -3.238111 2.903484
0.213197 -3.238111 2.917719
0.098820 -3.238111 2.903484
0.083627 -3.312274 2.771048
0.048650 -3.312274 2.816461
0.048650 -3.312274 2.865829
0.083627 -3.312274 2.911242
0.213197 -3.312274 2.927368
0.342767 -3.312274 2.911242
0.377744 -3.312274 2.865829
0.377744 -3.312274 2.816461
0.342768 -3.312274 2.771048
0.213197 -3.312274 2.754923
0.901162 -0.381761 2.583514
0.822347 -0.294600 2.969894
0.728217 -0.257040 3.061031
0.734713 -0.257237 3.083979
0.526632 -0.210235 3.064653
0.567790 -0.222780 2.986237
0.631076 -0.296890 2.600961
0.614406 -0.295468 2.579125
0.621330 -0.303094 2.547923
0.784685 -2.339848 2.723135
0.674801 -2.663888 2.752262
0.714133 -2.674810 2.570838
0.822118 -2.345310 2.516225
0.647058 -2.381993 2.519982
0.638837 -2.377772 2.701993
0.740441 -2.392462 2.684044
0.775217 -2.396857 2.517708
0.623483 -2.324325 2.285737
0.811521 -2.350771 2.309315
0.668312 -2.685733 2.389415
0.529723 -2.659287 2.365836
0.545169 -3.005812 2.553255
0.439167 -3.005172 2.529677
0.455624 -3.014075 2.643223
0.558843 -3.014715 2.638875
0.472081 -2.986968 2.748130
0.572517 -2.987608 2.715853
0.541778 -2.637442 2.784539
0.602213 -2.313403 2.755412
0.612848 -2.318864 2.520575
0.623681 -2.316920 2.728220
0.633120 -2.321763 2.519797
0.642560 -2.326606 2.311374
0.789922 -2.347347 2.329853
0.801834 -2.342418 2.516474
0.765718 -2.337488 2.703096
0.655279 -2.386214 2.337972
0.761963 -2.401251 2.351373
0.250696 -0.685367 3.121093
0.250536 -0.170852 3.120509
0.103496 -10.245545 3.443372
0.103496 -10.432715 3.603867
0.103496 -10.631288 3.322285
0.103496 -10.608052 3.289302
0.038522 -10.620501 3.277170
0.038522 -10.222921 3.446146
0.038522 -10.645984 3.313343
0.038522 -10.428199 3.622168
-0.919461 2.512543 2.291939
-0.984464 2.720783 1.682358
0.933995 2.487916 2.284333
0.014565 1.664469 2.733773
0.014565 1.385345 2.733773
0.021466 1.336430 2.662425
0.021466 1.849833 2.662425
-0.021464 1.336430 2.662425
-0.014563 1.385345 2.733773
-0.014563 1.664469 2.733773
-0.021464 1.849833 2.662425
0.006900 1.444558 3.108896
0.006900 1.633575 3.116620
-0.006898 1.633575 3.116620
-0.006898 1.444559 3.108896
0.243152 -0.458860 3.229051
0.121577 -0.669435 3.229051
0.098667 -0.629754 3.123853
0.197332 -0.458860 3.123853
-0.121575 -0.669435 3.229051
-0.098665 -0.629754 3.123852
-0.243150 -0.458860 3.229051
-0.197330 -0.458860 3.123853
-0.121575 -0.248285 3.229051
-0.098665 -0.287966 3.123853
0.121577 -0.248285 3.229051
0.098667 -0.287966 3.123853
-0.036864 -0.395008 4.354926
-0.073730 -0.458860 4.354926
-0.036864 -0.522712 4.354926
0.036866 -0.522712 4.354926
0.073731 -0.458860 4.354927
0.036866 -0.395008 4.354926
0.073731 -0.458860 3.261691
0.036866 -0.522712 3.261691
0.036866 -0.395008 3.261691
-0.036864 -0.395008 3.261691
-0.073730 -0.458860 3.261691
-0.036864 -0.522712 3.261691
0.073731 -0.458860 4.155563
0.036866 -0.522712 4.155562
0.036866 -0.395008 4.155562
-0.036864 -0.395008 4.155562
-0.073730 -0.458860 4.155562
-0.036864 -0.522712 4.155562
0.182811 -0.458860 4.287847
0.091406 -0.617178 4.287495
0.091406 -0.300542 4.287495
-0.091404 -0.300542 4.287495
-0.182809 -0.458860 4.287495
-0.091404 -0.617178 4.287495
0.014303 -0.456136 3.219288
0.014303 -0.137766 4.223988
-0.000711 -0.162555 4.231843
-0.000711 -0.457217 3.301962
-0.015725 -0.456136 3.219288
-0.015725 -0.137766 4.223988
0.014303 -0.803602 4.223772
-0.000711 -0.779027 4.232274
-0.015725 -0.803602 4.223772
0.116973 -10.433390 3.375435
0.116973 -10.498290 3.412905
0.084550 -10.486059 3.419966
0.084550 -10.433390 3.389557
0.116973 -10.498290 3.487846
0.084550 -10.486059 3.480784
0.116973 -10.433390 3.525316
0.084550 -10.433390 3.511194
0.116973 -10.368490 3.487846
0.084550 -10.380720 3.480784
0.116973 -10.368490 3.412905
0.084550 -10.380720 3.419966
0.270918 -10.413711 3.461737
0.270918 -10.433390 3.473099
0.270918 -10.453069 3.461737
0.270918 -10.453069 3.439013
0.270918 -10.433390 3.427651
0.270918 -10.413711 3.439013
0.127032 -10.433390 3.427651
0.127032 -10.453069 3.439013
0.127032 -10.413711 3.439013
0.127032 -10.413711 3.461737
0.127032 -10.433390 3.473099
0.127032 -10.453069 3.461737
0.209473 -10.433390 3.427651
0.209473 -10.453069 3.439013
0.209473 -10.413711 3.439013
0.209473 -10.413711 3.461737
0.209473 -10.433390 3.473099
0.209473 -10.453069 3.461737
0.217190 -10.433390 3.394033
0.250135 -10.482184 3.422204
0.250135 -10.384597 3.422204
0.250135 -10.384597 3.478547
0.250135 -10.433390 3.506718
0.250135 -10.482184 3.478547
</float_array>
          <technique_common>
            <accessor source="#hull-POSITION-array" count="746" stride="3">
              <param name="X" type="float"/>
              <param name="Y" type="float"/>
              <param name="Z" type="float"/>
            </accessor>
          </technique_common>
        </source>
        <source id="hull-Normal0">
          <float_array id="hull-Normal0-array" count="12222">
-0.403197 0.045802 -0.913966
-0.403197 0.045802 -0.913966
-0.403197 0.045802 -0.913966
-0.355850 0.087680 -0.930421
-0.355850 0.087680 -0.930421
-0.355850 0.087680 -0.930421
-0.021543 -0.057512 0.998112
-0.021543 -0.057512 0.998112
-0.021543 -0.057512 0.998112
-0.148312 0.734207 0.662528
-0.148312 0.734207 0.662528
-0.148312 0.734207 0.662528
-0.300219 0.666355 0.682524
-0.300219 0.666356 0.682524
-0.300219 0.666356 0.682524
-0.490002 -0.043132 -0.870653
-0.490002 -0.043132 -0.870653
-0.490002 -0.043132 -0.870653
-0.537079 -0.031307 -0.842951
-0.537079 -0.031307 -0.842951
-0.537079 -0.031307 -0.842951
-0.431148 0.042711 -0.901270
-0.431148 0.042711 -0.901269
-0.431148 0.042711 -0.901269
-0.403124 0.059999 -0.913176
-0.403124 0.059999 -0.913176
-0.403124 0.059999 -0.913176
-0.112448 0.046285 0.992579
-0.112448 0.046285 0.992579
-0.112448 0.046285 0.992579
-0.161246 0.017298 0.986763
-0.161246 0.017298 0.986763
-0.161246 0.017298 0.986763
-0.821283 0.054504 0.567911
-0.821283 0.054504 0.567911
-0.821283 0.054504 0.567911
-0.794494 0.079427 0.602055
-0.794494 0.079427 0.602055
-0.794494 0.079427 0.602055
-0.320079 -0.729082 -0.604970
-0.320079 -0.729082 -0.604970
-0.320079 -0.729082 -0.604970
-0.305515 -0.726513 -0.615499
-0.305515 -0.726513 -0.615499
-0.305515 -0.726513 -0.615499
-0.073412 0.868832 -0.489635
-0.073412 0.868832 -0.489635
-0.073412 0.868832 -0.489635
-0.099538 0.857401 -0.504932
-0.099538 0.857400 -0.504932
-0.099538 0.857401 -0.504932
-0.814387 0.018062 0.580041
-0.814387 0.018062 0.580041
-0.814387 0.018062 0.580041
-0.790486 0.000375 0.612480
-0.790486 0.000375 0.612480
-0.790486 0.000375 0.612480
-0.285145 0.317893 0.904232
-0.285145 0.317893 0.904232
-0.285145 0.317893 0.904232
-0.224552 0.334805 0.915140
-0.224552 0.334805 0.915140
-0.224552 0.334805 0.915140
-0.706326 0.465348 -0.533437
-0.706326 0.465348 -0.533437
-0.706326 0.465348 -0.533437
-0.857832 0.411816 -0.307461
-0.857832 0.411816 -0.307461
-0.857832 0.411816 -0.307461
-0.272091 0.315159 -0.909198
-0.272091 0.315159 -0.909198
-0.272091 0.315159 -0.909198
-0.378167 0.283551 -0.881243
-0.378167 0.283551 -0.881243
-0.378167 0.283551 -0.881243
-0.212985 0.510927 0.832821
-0.212985 0.510927 0.832821
-0.212985 0.510927 0.832821
-0.155410 0.518632 0.840755
-0.155410 0.518632 0.840755
-0.155410 0.518632 0.840755
-0.532381 0.768161 -0.355667
-0.532381 0.768161 -0.355666
-0.532381 0.768161 -0.355666
-0.569445 0.758406 -0.317101
-0.569445 0.758406 -0.317101
-0.569445 0.758406 -0.317101
-0.285189 0.654429 -0.700278
-0.285189 0.654429 -0.700278
-0.285189 0.654429 -0.700278
-0.127836 0.779125 0.613696
-0.127836 0.779125 0.613696
-0.127836 0.779125 0.613696
-0.418875 0.874466 -0.244647
-0.418875 0.874466 -0.244647
-0.418875 0.874466 -0.244647
-0.039864 0.196928 0.979607
-0.039864 0.196929 0.979607
-0.039864 0.196928 0.979607
-0.031624 0.203059 0.978656
-0.031624 0.203059 0.978656
-0.031624 0.203059 0.978656
-0.827552 -0.364572 -0.426900
-0.827553 -0.364572 -0.426900
-0.827553 -0.364572 -0.426900
-0.615436 -0.353657 -0.704390
-0.615436 -0.353657 -0.704390
-0.615436 -0.353657 -0.704390
-0.478442 -0.384353 -0.789535
-0.478442 -0.384353 -0.789535
-0.478442 -0.384353 -0.789535
-0.874152 -0.136693 0.466019
-0.874152 -0.136693 0.466019
-0.874152 -0.136693 0.466019
-0.861749 -0.142171 0.487007
-0.861749 -0.142171 0.487007
-0.861749 -0.142171 0.487007
0.015482 0.005965 0.999862
0.015482 0.005965 0.999862
0.015482 0.005965 0.999862
-0.111072 0.009025 0.993771
-0.111072 0.009025 0.993771
-0.111072 0.009025 0.993771
-0.993834 -0.048374 0.099767
-0.993834 -0.048374 0.099767
-0.993834 -0.048374 0.099767
-0.982129 -0.047130 0.182215
-0.982129 -0.047130 0.182215
-0.982129 -0.047130 0.182215
-0.515575 -0.122406 -0.848056
-0.515575 -0.122406 -0.848056
-0.515575 -0.122406 -0.848056
-0.494894 -0.718077 0.489332
-0.494894 -0.718077 0.489332
-0.494894 -0.718077 0.489332
-0.636484 -0.626267 0.450198
-0.636484 -0.626266 0.450198
-0.636484 -0.626266 0.450198
-0.981806 -0.053754 0.182119
-0.981806 -0.053754 0.182119
-0.981806 -0.053754 0.182119
-0.998183 -0.021768 0.056184
-0.998183 -0.021768 0.056184
-0.998183 -0.021768 0.056184
-0.944841 -0.075034 -0.318819
-0.944841 -0.075034 -0.318819
-0.944841 -0.075034 -0.318819
-0.235449 -0.254022 -0.938103
-0.235449 -0.254022 -0.938103
-0.235449 -0.254022 -0.938103
-0.313595 -0.256403 -0.914284
-0.313595 -0.256403 -0.914284
-0.313595 -0.256403 -0.914284
-0.158841 0.636769 0.754516
-0.158841 0.636769 0.754516
-0.158841 0.636769 0.754516
-0.666281 0.489825 0.562265
-0.666281 0.489825 0.562265
-0.666281 0.489825 0.562265
-0.998775 -0.020888 0.044858
-0.998775 -0.020888 0.044858
-0.998775 -0.020888 0.044858
-0.999188 -0.033283 0.022689
-0.999188 -0.033283 0.022689
-0.999188 -0.033283 0.022689
-0.305547 -0.805346 -0.507994
-0.305547 -0.805346 -0.507994
-0.305547 -0.805346 -0.507994
-0.540431 -0.723164 -0.430079
-0.540431 -0.723164 -0.430079
-0.540431 -0.723164 -0.430079
-0.397947 0.826315 0.398548
-0.397947 0.826315 0.398548
-0.397947 0.826315 0.398548
-0.480730 0.623770 0.616287
-0.480730 0.623770 0.616287
-0.480730 0.623770 0.616287
-0.520929 0.616581 0.590305
-0.520929 0.616581 0.590305
-0.520929 0.616581 0.590305
-0.716886 0.253451 0.649490
-0.716886 0.253451 0.649490
-0.716886 0.253451 0.649490
-0.498372 0.343852 0.795859
-0.498372 0.343852 0.795859
-0.498372 0.343852 0.795859
-0.682841 0.617868 0.389829
-0.682841 0.617868 0.389829
-0.682841 0.617868 0.389829
-0.433894 0.672393 0.599686
-0.433894 0.672393 0.599686
-0.433894 0.672393 0.599686
-0.421804 0.012005 0.906608
-0.421804 0.012005 0.906608
-0.421804 0.012005 0.906608
-0.375294 0.058700 0.925045
-0.375294 0.058700 0.925045
-0.375294 0.058700 0.925045
-0.402047 -0.013852 0.915514
-0.402047 -0.013852 0.915514
-0.402046 -0.013852 0.915514
-0.412512 -0.018243 0.910770
-0.412512 -0.018243 0.910770
-0.412512 -0.018243 0.910770
-0.961797 -0.130043 0.240905
-0.961797 -0.130043 0.240905
-0.961797 -0.130043 0.240905
-0.871106 -0.104284 0.479895
-0.871106 -0.104284 0.479895
-0.871106 -0.104284 0.479895
-0.891892 -0.390050 0.228888
-0.891892 -0.390050 0.228888
-0.891892 -0.390050 0.228888
-0.833514 -0.014418 0.552310
-0.833514 -0.014418 0.552310
-0.833514 -0.014418 0.552310
-0.916369 0.115444 -0.383329
-0.916369 0.115444 -0.383329
-0.916369 0.115444 -0.383329
-0.947512 0.072582 -0.311372
-0.947512 0.072582 -0.311372
-0.947512 0.072582 -0.311372
-0.920549 0.059244 -0.386108
-0.920549 0.059244 -0.386108
-0.920549 0.059244 -0.386108
-0.918777 0.057262 -0.390601
-0.918777 0.057262 -0.390601
-0.918777 0.057262 -0.390601
-0.937828 -0.146025 -0.314888
-0.937828 -0.146025 -0.314888
-0.937829 -0.146025 -0.314888
-0.870512 -0.091861 -0.483499
-0.870512 -0.091861 -0.483499
-0.870512 -0.091861 -0.483499
-0.066706 0.631485 -0.772513
-0.066706 0.631486 -0.772513
-0.066706 0.631486 -0.772513
-0.081052 0.622431 -0.778467
-0.081052 0.622431 -0.778467
-0.081052 0.622431 -0.778467
-0.056054 0.294066 -0.954140
-0.056054 0.294066 -0.954140
-0.056054 0.294066 -0.954140
-0.113228 0.256632 -0.959854
-0.113228 0.256632 -0.959854
-0.113228 0.256632 -0.959854
-0.114395 0.072776 -0.990766
-0.114395 0.072776 -0.990766
-0.114395 0.072776 -0.990766
-0.119074 0.066087 -0.990684
-0.119074 0.066087 -0.990684
-0.119074 0.066087 -0.990683
-0.114201 0.076060 -0.990542
-0.114201 0.076060 -0.990542
-0.114201 0.076060 -0.990542
-0.137838 0.045779 -0.989396
-0.137838 0.045779 -0.989396
-0.137838 0.045779 -0.989396
-0.149702 0.009363 -0.988687
-0.149702 0.009363 -0.988687
-0.149702 0.009363 -0.988687
-0.128717 -0.004873 -0.991670
-0.128717 -0.004873 -0.991669
-0.128717 -0.004873 -0.991669
-0.105117 -0.329885 -0.938151
-0.105117 -0.329885 -0.938150
-0.105117 -0.329885 -0.938151
-0.185154 -0.302509 -0.934990
-0.185154 -0.302509 -0.934990
-0.185154 -0.302509 -0.934990
-0.245349 -0.127308 -0.961039
-0.245349 -0.127308 -0.961039
-0.245349 -0.127308 -0.961039
-0.112088 -0.133215 -0.984728
-0.112088 -0.133215 -0.984728
-0.112088 -0.133215 -0.984728
-0.293190 0.191316 -0.936716
-0.293190 0.191316 -0.936716
-0.293190 0.191316 -0.936716
-0.311279 0.183252 -0.932483
-0.311279 0.183252 -0.932483
-0.311279 0.183252 -0.932483
-0.115346 0.148985 -0.982089
-0.115346 0.148985 -0.982089
-0.115346 0.148985 -0.982089
-0.128478 0.163192 -0.978193
-0.128478 0.163192 -0.978193
-0.128478 0.163192 -0.978193
-0.953923 -0.087444 -0.287025
-0.953923 -0.087444 -0.287025
-0.953923 -0.087444 -0.287025
-0.943859 -0.088533 -0.318263
-0.943859 -0.088533 -0.318263
-0.943859 -0.088533 -0.318263
-0.050001 -0.026286 0.998403
-0.050001 -0.026286 0.998403
-0.050001 -0.026286 0.998403
-0.053251 -0.027910 0.998191
-0.053251 -0.027910 0.998191
-0.053251 -0.027910 0.998191
-0.235608 0.895510 0.377560
-0.235608 0.895510 0.377560
-0.235608 0.895509 0.377560
-0.099168 0.849066 0.518895
-0.099168 0.849066 0.518895
-0.099168 0.849066 0.518895
-0.998084 -0.013939 0.060290
-0.998084 -0.013939 0.060290
-0.998084 -0.013939 0.060290
-0.974759 -0.012249 0.222925
-0.974759 -0.012249 0.222925
-0.974759 -0.012249 0.222925
-0.980819 -0.087567 0.174143
-0.980819 -0.087567 0.174143
-0.980819 -0.087567 0.174143
-0.008892 -0.995482 0.094535
-0.008892 -0.995482 0.094535
-0.008892 -0.995482 0.094535
-0.000306 -0.996292 0.086034
-0.000306 -0.996292 0.086034
-0.000306 -0.996292 0.086034
-0.973137 -0.225996 -0.043942
-0.973137 -0.225996 -0.043942
-0.973137 -0.225996 -0.043942
-0.977439 -0.189043 -0.094215
-0.977439 -0.189043 -0.094215
-0.977439 -0.189043 -0.094215
-0.974937 -0.222417 0.005253
-0.974938 -0.222417 0.005253
-0.974938 -0.222417 0.005253
-0.865962 -0.276682 0.416601
-0.865962 -0.276682 0.416601
-0.865962 -0.276682 0.416601
-0.762763 -0.249236 0.596720
-0.762763 -0.249236 0.596720
-0.762763 -0.249236 0.596720
-0.901154 -0.343843 0.263995
-0.901154 -0.343843 0.263995
-0.901154 -0.343843 0.263995
-0.794202 -0.268457 0.545136
-0.794202 -0.268457 0.545136
-0.794202 -0.268457 0.545136
-0.834309 -0.263440 0.484282
-0.834309 -0.263440 0.484282
-0.834309 -0.263440 0.484282
-0.892112 -0.336125 -0.301920
-0.892112 -0.336125 -0.301920
-0.892112 -0.336125 -0.301920
-0.846272 -0.307744 -0.434876
-0.846272 -0.307744 -0.434876
-0.846272 -0.307744 -0.434876
-0.520768 -0.272939 -0.808891
-0.520768 -0.272939 -0.808891
-0.520768 -0.272939 -0.808891
-0.634224 -0.263644 -0.726810
-0.634224 -0.263644 -0.726810
-0.634224 -0.263644 -0.726810
-0.158120 -0.173325 -0.972089
-0.158120 -0.173325 -0.972089
-0.158120 -0.173325 -0.972089
-0.188877 -0.159979 -0.968882
-0.188877 -0.159979 -0.968882
-0.188877 -0.159979 -0.968882
-0.019076 0.007580 0.999789
-0.019076 0.007580 0.999789
-0.019076 0.007580 0.999789
-0.015504 0.008199 0.999846
-0.015504 0.008199 0.999846
-0.015504 0.008199 0.999846
-0.039936 0.686665 0.725876
-0.039936 0.686665 0.725876
-0.039936 0.686665 0.725876
-0.045824 0.686100 0.726062
-0.045824 0.686100 0.726062
-0.045824 0.686100 0.726062
-0.035434 0.324332 0.945279
-0.035434 0.324332 0.945279
-0.035434 0.324332 0.945279
-0.634620 0.205338 0.745046
-0.634620 0.205338 0.745046
-0.634620 0.205338 0.745046
-0.881324 0.300980 0.364251
-0.881324 0.300980 0.364250
-0.881325 0.300980 0.364251
-0.679705 -0.005116 0.733468
-0.679705 -0.005116 0.733468
-0.679705 -0.005116 0.733468
-0.684706 -0.003846 0.728809
-0.684706 -0.003846 0.728809
-0.684706 -0.003846 0.728809
-0.545817 -0.147065 0.824898
-0.545817 -0.147065 0.824898
-0.545817 -0.147065 0.824898
-0.545814 -0.147064 0.824900
-0.545814 -0.147064 0.824900
-0.545814 -0.147064 0.824900
-0.674938 -0.183596 0.714669
-0.674938 -0.183596 0.714669
-0.674938 -0.183596 0.714669
-0.404189 -0.042105 0.913706
-0.404189 -0.042105 0.913706
-0.404189 -0.042105 0.913706
-0.867673 0.162195 0.469933
-0.867673 0.162195 0.469933
-0.867673 0.162195 0.469933
-0.821016 -0.055367 0.568213
-0.821016 -0.055367 0.568213
-0.821017 -0.055367 0.568213
-0.887193 -0.021252 0.460909
-0.887193 -0.021252 0.460909
-0.887193 -0.021252 0.460909
-0.919035 -0.030013 -0.393032
-0.919035 -0.030013 -0.393032
-0.919035 -0.030013 -0.393032
-0.876453 -0.005870 -0.481451
-0.876453 -0.005870 -0.481451
-0.876453 -0.005870 -0.481451
-0.434434 0.013155 -0.900607
-0.434434 0.013155 -0.900607
-0.434434 0.013155 -0.900607
-0.489730 -0.007540 -0.871842
-0.489730 -0.007540 -0.871842
-0.489729 -0.007540 -0.871842
-0.135401 0.013707 -0.990696
-0.135401 0.013707 -0.990696
-0.135401 0.013707 -0.990696
-0.128580 0.009205 -0.991657
-0.128580 0.009205 -0.991656
-0.128580 0.009205 -0.991656
-0.082379 -0.990614 0.109078
-0.082379 -0.990614 0.109078
-0.082379 -0.990614 0.109078
-0.018142 -0.995393 0.094146
-0.018142 -0.995393 0.094146
-0.018142 -0.995393 0.094146
-0.111933 -0.029650 0.993273
-0.111933 -0.029650 0.993273
-0.111933 -0.029650 0.993273
-0.127842 -0.024275 0.991498
-0.127842 -0.024275 0.991497
-0.127842 -0.024275 0.991498
-0.128089 -0.013487 0.991671
-0.128089 -0.013487 0.991671
-0.128089 -0.013487 0.991671
-0.867724 0.125279 0.480999
-0.867724 0.125279 0.480999
-0.867724 0.125279 0.480999
-0.807706 0.170898 0.564274
-0.807706 0.170898 0.564274
-0.807706 0.170898 0.564274
-0.932892 0.189052 -0.306548
-0.932892 0.189052 -0.306548
-0.932892 0.189052 -0.306548
-0.972857 0.134196 -0.188525
-0.972857 0.134196 -0.188525
-0.972857 0.134196 -0.188525
-0.873684 0.307267 0.377178
-0.873684 0.307267 0.377178
-0.873684 0.307267 0.377178
-0.860080 0.281006 0.425791
-0.860080 0.281006 0.425791
-0.860080 0.281006 0.425791
-0.693013 0.717874 0.066258
-0.693013 0.717874 0.066258
-0.693013 0.717874 0.066258
-0.698815 0.681907 0.216010
-0.698815 0.681907 0.216010
-0.698815 0.681907 0.216010
-0.479751 0.864212 0.151584
-0.479751 0.864212 0.151584
-0.479751 0.864212 0.151584
-0.165154 0.081698 0.982878
-0.165154 0.081698 0.982878
-0.165154 0.081698 0.982878
-0.144298 0.093510 0.985106
-0.144298 0.093510 0.985106
-0.144298 0.093510 0.985106
-0.358655 0.091514 0.928974
-0.358655 0.091514 0.928974
-0.358655 0.091514 0.928974
-0.379237 0.074546 0.922292
-0.379237 0.074546 0.922292
-0.379237 0.074546 0.922292
-0.311699 0.152670 -0.937836
-0.311699 0.152670 -0.937836
-0.311699 0.152670 -0.937836
-0.356329 0.122924 -0.926239
-0.356329 0.122924 -0.926239
-0.356329 0.122924 -0.926239
-0.128140 0.110312 -0.985602
-0.128140 0.110312 -0.985602
-0.128140 0.110312 -0.985602
-0.117767 0.121854 -0.985537
-0.117767 0.121854 -0.985537
-0.117767 0.121854 -0.985537
-0.051371 0.013437 0.998589
-0.051371 0.013437 0.998589
-0.051371 0.013437 0.998589
-0.040800 0.023156 0.998899
-0.040800 0.023156 0.998899
-0.040800 0.023156 0.998899
-0.369729 0.621380 0.690788
-0.369729 0.621380 0.690787
-0.369729 0.621380 0.690787
-0.432200 0.662035 0.612301
-0.432200 0.662035 0.612301
-0.432200 0.662035 0.612301
-0.146697 0.660124 0.736692
-0.146697 0.660124 0.736692
-0.146697 0.660124 0.736692
-0.149081 0.657991 0.738121
-0.149081 0.657991 0.738121
-0.149081 0.657991 0.738121
-0.026839 0.658970 0.751691
-0.026839 0.658970 0.751691
-0.026839 0.658970 0.751691
-0.047213 0.662669 0.747423
-0.047213 0.662669 0.747422
-0.047213 0.662669 0.747423
-0.165523 0.542556 0.823550
-0.165523 0.542556 0.823551
-0.165523 0.542556 0.823551
-0.153637 0.565899 0.810033
-0.153637 0.565899 0.810033
-0.153637 0.565899 0.810033
-0.023925 0.531617 0.846647
-0.023925 0.531617 0.846647
-0.023925 0.531617 0.846647
-0.028038 0.534278 0.844844
-0.028038 0.534278 0.844844
-0.028038 0.534278 0.844844
-0.389945 0.523403 0.757623
-0.389945 0.523403 0.757623
-0.389945 0.523403 0.757623
-0.431485 0.432109 0.791898
-0.431485 0.432109 0.791898
-0.431485 0.432109 0.791898
-0.737907 0.499040 0.454370
-0.737907 0.499040 0.454370
-0.737907 0.499040 0.454370
-0.749194 0.434351 0.500047
-0.749194 0.434351 0.500047
-0.749194 0.434351 0.500047
-0.860196 0.459032 0.222154
-0.860196 0.459032 0.222154
-0.860196 0.459032 0.222154
-0.784623 0.556283 0.273706
-0.784623 0.556283 0.273706
-0.784623 0.556283 0.273706
-0.968526 0.180897 0.170980
-0.968526 0.180897 0.170980
-0.968526 0.180897 0.170980
-0.959152 0.206936 0.192883
-0.959153 0.206936 0.192883
-0.959153 0.206936 0.192883
-0.981322 0.102317 0.162909
-0.981322 0.102317 0.162909
-0.981322 0.102317 0.162909
-0.979881 0.108580 0.167464
-0.979881 0.108580 0.167464
-0.979881 0.108580 0.167464
-0.985567 0.042554 0.163850
-0.985567 0.042554 0.163850
-0.985567 0.042554 0.163850
-0.983131 0.021993 0.181575
-0.983131 0.021993 0.181575
-0.983131 0.021993 0.181575
-0.983434 -0.024337 0.179626
-0.983434 -0.024337 0.179626
-0.983434 -0.024337 0.179626
-0.980140 -0.033760 0.195411
-0.980140 -0.033760 0.195411
-0.980140 -0.033760 0.195411
-0.971974 -0.128658 0.196758
-0.971974 -0.128658 0.196758
-0.971974 -0.128658 0.196758
-0.969864 -0.133032 0.204122
-0.969864 -0.133032 0.204123
-0.969864 -0.133032 0.204122
-0.927580 -0.318266 0.195708
-0.927580 -0.318266 0.195708
-0.927580 -0.318266 0.195708
-0.956237 -0.273695 0.103447
-0.956237 -0.273695 0.103447
-0.956237 -0.273695 0.103447
-0.937329 -0.338292 0.083508
-0.937329 -0.338292 0.083508
-0.937329 -0.338292 0.083508
-0.932596 -0.348792 0.092784
-0.932596 -0.348792 0.092784
-0.932596 -0.348792 0.092784
-0.936649 0.306061 -0.170338
-0.936649 0.306061 -0.170338
-0.936649 0.306061 -0.170338
-0.913798 0.262674 -0.309799
-0.913798 0.262674 -0.309799
-0.913798 0.262674 -0.309799
-0.882401 -0.386766 -0.267917
-0.882401 -0.386766 -0.267917
-0.882401 -0.386766 -0.267917
-0.935869 -0.335056 -0.109022
-0.935869 -0.335056 -0.109022
-0.935869 -0.335056 -0.109022
-0.944573 -0.310096 -0.107806
-0.944573 -0.310096 -0.107806
-0.944573 -0.310096 -0.107806
-0.943720 -0.327559 -0.045801
-0.943720 -0.327559 -0.045801
-0.943720 -0.327559 -0.045801
-0.989607 -0.126640 0.068122
-0.989607 -0.126640 0.068122
-0.989607 -0.126640 0.068122
-0.985789 -0.161134 -0.047500
-0.985789 -0.161134 -0.047500
-0.985789 -0.161134 -0.047500
-0.996713 -0.021677 0.078060
-0.996713 -0.021677 0.078060
-0.996713 -0.021677 0.078060
-0.997968 -0.016095 0.061644
-0.997968 -0.016095 0.061644
-0.997968 -0.016095 0.061644
-0.996508 0.047865 0.068418
-0.996508 0.047865 0.068418
-0.996508 0.047865 0.068418
-0.996972 0.044940 0.063457
-0.996972 0.044940 0.063457
-0.996972 0.044940 0.063457
-0.991914 0.105574 0.070431
-0.991914 0.105574 0.070431
-0.991914 0.105574 0.070431
-0.991204 0.121885 0.051561
-0.991204 0.121885 0.051561
-0.991204 0.121885 0.051561
-0.981567 0.183521 0.053340
-0.981567 0.183521 0.053340
-0.981568 0.183521 0.053340
-0.981195 0.186536 0.049598
-0.981195 0.186536 0.049598
-0.981195 0.186536 0.049598
-0.910887 0.405203 0.078074
-0.910887 0.405203 0.078074
-0.910887 0.405203 0.078074
-0.917622 0.173045 0.357807
-0.917622 0.173045 0.357807
-0.917622 0.173045 0.357807
-0.960851 0.276995 0.006256
-0.960851 0.276995 0.006256
-0.960851 0.276995 0.006256
-0.935696 0.352794 0.003120
-0.935696 0.352794 0.003120
-0.935696 0.352794 0.003120
-0.901208 0.408656 -0.144307
-0.901208 0.408656 -0.144307
-0.901208 0.408656 -0.144307
-0.709263 0.696499 0.108789
-0.709263 0.696499 0.108789
-0.709263 0.696499 0.108789
-0.676747 0.525524 0.515595
-0.676747 0.525524 0.515595
-0.676747 0.525524 0.515595
-0.860930 0.354269 0.365094
-0.860930 0.354269 0.365094
-0.860930 0.354269 0.365094
-0.813716 0.351190 0.463176
-0.813716 0.351190 0.463176
-0.813716 0.351190 0.463176
-0.044708 0.078537 0.995908
-0.044708 0.078538 0.995908
-0.044708 0.078538 0.995908
-0.025486 0.060836 0.997822
-0.025486 0.060836 0.997822
-0.025486 0.060836 0.997822
-0.064188 0.090143 0.993858
-0.064188 0.090143 0.993858
-0.064188 0.090143 0.993858
-0.079911 0.532519 0.842637
-0.079911 0.532519 0.842637
-0.079911 0.532519 0.842637
-0.068086 0.563358 0.823403
-0.068086 0.563358 0.823403
-0.068086 0.563358 0.823403
-0.073357 0.662013 0.745894
-0.073357 0.662013 0.745894
-0.073357 0.662013 0.745894
-0.075269 0.660370 0.747159
-0.075269 0.660370 0.747159
-0.075269 0.660370 0.747159
-0.075533 0.685061 0.724559
-0.075533 0.685061 0.724559
-0.075533 0.685061 0.724559
-0.072683 0.685943 0.724016
-0.072683 0.685943 0.724016
-0.072683 0.685943 0.724016
-0.088650 0.328097 0.940475
-0.088650 0.328097 0.940475
-0.088650 0.328097 0.940475
-0.082815 0.330003 0.940340
-0.082815 0.330003 0.940340
-0.082815 0.330003 0.940340
-0.063368 0.522232 0.850446
-0.063368 0.522232 0.850446
-0.063368 0.522232 0.850446
-0.086464 0.507750 0.857154
-0.086464 0.507750 0.857154
-0.086464 0.507750 0.857154
-0.077538 0.765181 0.639129
-0.077538 0.765181 0.639129
-0.077538 0.765181 0.639129
-0.060739 0.775263 0.628711
-0.060739 0.775263 0.628711
-0.060739 0.775263 0.628711
-0.041336 -0.001295 0.999144
-0.041336 -0.001295 0.999144
-0.041336 -0.001295 0.999144
-0.049863 -0.028755 0.998342
-0.049863 -0.028755 0.998342
-0.049863 -0.028755 0.998342
-0.988273 0.152695 -0.000989
-0.988273 0.152695 -0.000989
-0.988273 0.152695 -0.000989
-0.988191 0.142185 0.057107
-0.988191 0.142185 0.057107
-0.988191 0.142185 0.057107
-0.000000 0.108757 -0.994068
-0.000000 0.108757 -0.994068
-0.000000 0.108757 -0.994068
0.000000 0.108757 -0.994068
0.000000 0.108757 -0.994068
0.000000 0.108757 -0.994068
-0.000000 -0.922977 0.384855
-0.000000 -0.922977 0.384855
-0.000000 -0.922977 0.384855
-0.000000 -0.922980 0.384849
-0.000000 -0.922980 0.384849
-0.000000 -0.922980 0.384849
0.000000 -0.069091 0.997610
0.000000 -0.069091 0.997610
0.000000 -0.069091 0.997610
-0.000000 -0.069090 0.997610
-0.000000 -0.069090 0.997611
-0.000000 -0.069090 0.997610
-0.000000 0.989375 0.145387
-0.000000 0.989375 0.145387
-0.000000 0.989375 0.145387
0.000000 0.989375 0.145386
0.000000 0.989375 0.145386
0.000000 0.989375 0.145386
-0.993919 -0.103916 0.036434
-0.993918 -0.103916 0.036434
-0.993918 -0.103916 0.036434
-0.994797 -0.101874 0.000660
-0.994797 -0.101874 0.000660
-0.994797 -0.101874 0.000660
0.000000 -0.069908 -0.997553
0.000000 -0.069908 -0.997553
0.000000 -0.069908 -0.997553
-0.000000 -0.069908 -0.997554
-0.000000 -0.069908 -0.997554
-0.000000 -0.069908 -0.997553
0.000000 0.051502 0.998673
0.000000 0.051502 0.998673
0.000000 0.051502 0.998673
0.000000 0.051502 0.998673
0.000000 0.051502 0.998673
0.000000 0.051502 0.998673
-0.675969 0.169316 -0.717215
-0.675969 0.169316 -0.717215
-0.675969 0.169316 -0.717215
-0.628273 0.156876 -0.762012
-0.628273 0.156876 -0.762012
-0.628273 0.156876 -0.762012
-0.633283 -0.115382 -0.765271
-0.633282 -0.115382 -0.765271
-0.633283 -0.115382 -0.765271
-0.678891 -0.111013 -0.725798
-0.678891 -0.111013 -0.725798
-0.678891 -0.111013 -0.725798
-0.233013 -0.897573 0.374255
-0.233013 -0.897573 0.374255
-0.233013 -0.897574 0.374255
-0.304374 -0.898902 0.315169
-0.304374 -0.898902 0.315169
-0.304374 -0.898902 0.315169
-0.678399 -0.119899 0.724844
-0.678399 -0.119899 0.724845
-0.678399 -0.119899 0.724845
-0.351436 -0.057628 0.934437
-0.351436 -0.057628 0.934437
-0.351436 -0.057628 0.934437
-0.614500 0.125816 0.778820
-0.614500 0.125816 0.778820
-0.614500 0.125816 0.778820
-0.679670 0.118473 0.723887
-0.679670 0.118473 0.723887
-0.679670 0.118473 0.723887
-0.574128 0.810066 0.119037
-0.574127 0.810066 0.119037
-0.574128 0.810066 0.119037
-0.697412 0.665035 0.267105
-0.697412 0.665035 0.267105
-0.697412 0.665035 0.267105
-0.976609 -0.184854 0.109831
-0.976609 -0.184854 0.109831
-0.976609 -0.184854 0.109831
-0.976609 -0.184854 0.109832
-0.976609 -0.184854 0.109832
-0.976609 -0.184854 0.109832
-0.359222 -0.299099 -0.884025
-0.359222 -0.299099 -0.884025
-0.359222 -0.299099 -0.884025
-0.359221 -0.299099 -0.884025
-0.359221 -0.299099 -0.884025
-0.359221 -0.299099 -0.884025
0.754598 -0.000000 -0.656188
0.754598 -0.000000 -0.656188
0.754598 -0.000000 -0.656188
0.754598 -0.000000 -0.656188
0.754598 -0.000000 -0.656188
0.754598 -0.000000 -0.656188
0.825589 0.299100 0.478479
0.825589 0.299100 0.478479
0.825589 0.299100 0.478479
0.825589 0.299100 0.478478
0.825589 0.299100 0.478478
0.825589 0.299100 0.478478
-0.244356 0.184853 0.951903
-0.244356 0.184853 0.951903
-0.244356 0.184853 0.951903
-0.244354 0.184854 0.951903
-0.244354 0.184854 0.951903
-0.244354 0.184854 0.951903
-0.996179 -0.000097 0.087339
-0.996179 -0.000097 0.087339
-0.996179 -0.000097 0.087339
-0.995522 0.000098 0.094527
-0.995522 0.000098 0.094527
-0.995522 0.000098 0.094527
-0.390883 -0.000097 -0.920440
-0.390883 -0.000097 -0.920441
-0.390883 -0.000097 -0.920441
-0.397527 0.000097 -0.917591
-0.397527 0.000097 -0.917591
-0.397527 0.000097 -0.917591
0.754608 -0.000098 -0.656176
0.754608 -0.000098 -0.656176
0.754608 -0.000098 -0.656176
0.749846 0.000097 -0.661612
0.749846 0.000097 -0.661612
0.749846 0.000097 -0.661612
0.857252 -0.000098 0.514897
0.857252 -0.000098 0.514897
0.857252 -0.000098 0.514897
0.860943 0.000098 0.508702
0.860943 0.000098 0.508702
0.860943 0.000098 0.508702
-0.224772 -0.000098 0.974411
-0.224772 -0.000098 0.974412
-0.224772 -0.000098 0.974412
-0.217743 0.000098 0.976006
-0.217743 0.000098 0.976006
-0.217743 0.000098 0.976006
-0.995534 -0.024689 0.091124
-0.995533 -0.024689 0.091124
-0.995533 -0.024689 0.091124
-0.996508 -0.023286 0.080183
-0.996508 -0.023286 0.080183
-0.996508 -0.023286 0.080183
-0.397481 0.248137 -0.883423
-0.397481 0.248137 -0.883424
-0.397481 0.248137 -0.883423
-0.387467 0.247758 -0.887967
-0.387467 0.247758 -0.887967
-0.387467 0.247758 -0.887967
0.749783 0.179170 -0.636964
0.749783 0.179170 -0.636964
0.749783 0.179170 -0.636964
0.757045 0.175360 -0.629390
0.757045 0.175360 -0.629390
0.757045 0.175360 -0.629390
0.860998 -0.136308 0.490002
0.860998 -0.136308 0.490002
0.860998 -0.136308 0.490002
0.855246 -0.140496 0.498814
0.855246 -0.140496 0.498814
0.855246 -0.140496 0.498814
-0.217769 -0.262328 0.940085
-0.217769 -0.262328 0.940085
-0.217769 -0.262328 0.940085
-0.228643 -0.263236 0.937245
-0.228643 -0.263236 0.937246
-0.228643 -0.263236 0.937245
-0.945444 0.278893 0.168389
-0.945444 0.278893 0.168389
-0.945444 0.278893 0.168389
-0.945444 0.278893 0.168391
-0.945444 0.278893 0.168391
-0.945444 0.278893 0.168391
-0.364177 0.385377 -0.847856
-0.364177 0.385377 -0.847856
-0.364177 0.385377 -0.847856
-0.364175 0.385376 -0.847857
-0.364175 0.385376 -0.847857
-0.364175 0.385376 -0.847857
0.720370 -0.040717 -0.692394
0.720370 -0.040717 -0.692394
0.720370 -0.040717 -0.692394
0.720369 -0.040716 -0.692395
0.720369 -0.040716 -0.692395
0.720369 -0.040716 -0.692395
0.809390 -0.410541 0.419933
0.809390 -0.410541 0.419933
0.809390 -0.410541 0.419933
0.809390 -0.410541 0.419932
0.809390 -0.410541 0.419932
0.809390 -0.410541 0.419932
-0.220139 -0.213012 0.951927
-0.220139 -0.213012 0.951927
-0.220139 -0.213012 0.951927
-0.220139 -0.213012 0.951927
-0.220139 -0.213012 0.951927
-0.220139 -0.213012 0.951927
0.206367 -0.949260 0.237315
0.206367 -0.949260 0.237315
0.206367 -0.949260 0.237315
0.206367 -0.949260 0.237314
0.206367 -0.949260 0.237314
0.206367 -0.949260 0.237314
0.206368 -0.949260 0.237315
0.206368 -0.949260 0.237315
0.206368 -0.949260 0.237315
0.316865 0.907332 0.276308
0.316865 0.907332 0.276308
0.316865 0.907332 0.276308
0.316864 0.907332 0.276308
0.316864 0.907332 0.276308
0.316864 0.907332 0.276308
0.316866 0.907330 0.276311
0.316866 0.907330 0.276311
0.316866 0.907330 0.276311
-0.430744 -0.697197 0.573041
-0.430744 -0.697197 0.573041
-0.430744 -0.697197 0.573041
-0.430745 -0.697196 0.573042
-0.430745 -0.697196 0.573042
-0.430745 -0.697196 0.573042
0.221380 -0.697197 -0.681841
0.221380 -0.697197 -0.681841
0.221380 -0.697197 -0.681841
0.221382 -0.697195 -0.681842
0.221382 -0.697195 -0.681842
0.221382 -0.697195 -0.681842
0.430744 0.697194 -0.573045
0.430744 0.697194 -0.573045
0.430744 0.697194 -0.573045
0.430744 0.697198 -0.573039
0.430744 0.697198 -0.573039
0.430744 0.697198 -0.573039
-0.221383 0.697193 0.681844
-0.221383 0.697193 0.681844
-0.221383 0.697193 0.681844
-0.221381 0.697198 0.681840
-0.221381 0.697198 0.681840
-0.221381 0.697198 0.681840
-0.549134 -0.683857 0.480408
-0.549134 -0.683857 0.480408
-0.549134 -0.683857 0.480408
-0.551079 -0.681779 0.481134
-0.551079 -0.681779 0.481134
-0.551079 -0.681779 0.481134
0.509126 -0.729618 -0.456561
0.509126 -0.729618 -0.456561
0.509126 -0.729618 -0.456561
0.507038 -0.731535 -0.455817
0.507038 -0.731535 -0.455817
0.507038 -0.731535 -0.455817
0.549720 0.683749 -0.479891
0.549720 0.683749 -0.479891
0.549720 0.683749 -0.479891
0.550622 0.681697 -0.481773
0.550622 0.681697 -0.481773
0.550622 0.681697 -0.481773
-0.508575 0.729657 0.457114
-0.508575 0.729657 0.457114
-0.508575 0.729657 0.457114
-0.507513 0.731588 0.455203
-0.507513 0.731588 0.455203
-0.507513 0.731588 0.455203
-0.647271 -0.688865 0.326351
-0.647271 -0.688865 0.326351
-0.647271 -0.688865 0.326351
-0.647271 -0.688865 0.326351
-0.647271 -0.688865 0.326351
-0.647271 -0.688865 0.326351
0.662860 -0.720067 -0.205234
0.662860 -0.720067 -0.205234
0.662860 -0.720067 -0.205234
0.662860 -0.720066 -0.205234
0.662860 -0.720066 -0.205234
0.662860 -0.720066 -0.205234
0.647273 0.688863 -0.326351
0.647273 0.688863 -0.326351
0.647273 0.688863 -0.326351
0.647273 0.688864 -0.326351
0.647273 0.688864 -0.326351
0.647273 0.688864 -0.326351
-0.662861 0.720065 0.205235
-0.662861 0.720065 0.205235
-0.662861 0.720065 0.205235
-0.662859 0.720067 0.205234
-0.662860 0.720067 0.205234
-0.662859 0.720067 0.205234
-0.582300 -0.677633 0.449155
-0.582300 -0.677633 0.449155
-0.582300 -0.677633 0.449155
-0.582300 -0.677633 0.449155
-0.582300 -0.677633 0.449155
-0.582300 -0.677633 0.449155
0.257125 -0.677633 -0.688984
0.257125 -0.677633 -0.688984
0.257125 -0.677633 -0.688984
0.257127 -0.677632 -0.688985
0.257127 -0.677632 -0.688985
0.257127 -0.677632 -0.688985
0.582300 0.677633 -0.449154
0.582300 0.677633 -0.449154
0.582300 0.677633 -0.449154
0.582300 0.677632 -0.449156
0.582300 0.677632 -0.449156
0.582300 0.677632 -0.449156
-0.257125 0.677633 0.688984
-0.257125 0.677633 0.688984
-0.257125 0.677633 0.688984
-0.257126 0.677633 0.688985
-0.257126 0.677633 0.688985
-0.257126 0.677633 0.688985
-0.676384 -0.651442 0.343697
-0.676384 -0.651442 0.343697
-0.676384 -0.651442 0.343697
-0.676383 -0.651444 0.343696
-0.676383 -0.651444 0.343696
-0.676383 -0.651444 0.343696
0.536932 -0.755522 -0.375354
0.536932 -0.755522 -0.375354
0.536932 -0.755522 -0.375354
0.536930 -0.755523 -0.375354
0.536931 -0.755523 -0.375354
0.536930 -0.755523 -0.375354
0.676384 0.651442 -0.343697
0.676384 0.651442 -0.343697
0.676384 0.651442 -0.343697
0.676384 0.651442 -0.343697
0.676384 0.651442 -0.343697
0.676384 0.651442 -0.343697
-0.536931 0.755523 0.375354
-0.536931 0.755522 0.375354
-0.536931 0.755522 0.375354
-0.536932 0.755521 0.375355
-0.536932 0.755522 0.375355
-0.536932 0.755521 0.375355
-0.290337 0.943837 -0.157721
-0.290337 0.943837 -0.157721
-0.290337 0.943837 -0.157721
-0.271103 0.951004 -0.148639
-0.271103 0.951004 -0.148639
-0.271103 0.951004 -0.148639
-0.217113 0.976144 -0.002224
-0.217113 0.976144 -0.002224
-0.217113 0.976144 -0.002224
-0.272986 0.954398 -0.120841
-0.272986 0.954398 -0.120841
-0.272986 0.954398 -0.120841
-0.015159 -0.056571 0.998284
-0.015159 -0.056571 0.998284
-0.015159 -0.056571 0.998283
-0.040194 -0.051336 0.997872
-0.040194 -0.051336 0.997872
-0.040194 -0.051336 0.997872
-0.023938 -0.001974 0.999711
-0.023938 -0.001974 0.999712
-0.023938 -0.001974 0.999711
-0.024181 -0.002057 0.999705
-0.024181 -0.002057 0.999706
-0.024181 -0.002057 0.999705
-0.011039 0.006888 0.999915
-0.011039 0.006888 0.999915
-0.011039 0.006888 0.999915
-0.082552 0.622123 0.778555
-0.082552 0.622123 0.778555
-0.082552 0.622123 0.778555
-0.085004 0.606135 0.790806
-0.085004 0.606135 0.790806
-0.085004 0.606135 0.790806
-0.710782 -0.701167 -0.056161
-0.710782 -0.701167 -0.056161
-0.710781 -0.701167 -0.056161
-0.794919 -0.606630 -0.010204
-0.794919 -0.606630 -0.010204
-0.794919 -0.606630 -0.010204
-0.164040 -0.986183 0.023086
-0.164040 -0.986183 0.023086
-0.164040 -0.986184 0.023086
-0.139856 -0.990137 0.008368
-0.139856 -0.990137 0.008368
-0.139856 -0.990137 0.008368
-0.180806 -0.226012 0.957198
-0.180806 -0.226012 0.957198
-0.180806 -0.226012 0.957198
-0.024729 -0.149882 0.988395
-0.024729 -0.149882 0.988395
-0.024729 -0.149882 0.988395
-0.000884 -0.187024 0.982355
-0.000884 -0.187024 0.982355
-0.000884 -0.187024 0.982355
0.789417 0.084552 -0.608006
0.789417 0.084552 -0.608006
0.789417 0.084552 -0.608006
-0.027390 0.000000 -0.999625
-0.027390 0.000000 -0.999625
-0.027390 0.000000 -0.999625
0.123503 -0.000000 -0.992344
0.123503 -0.000000 -0.992344
0.123503 -0.000000 -0.992344
0.383276 0.207532 -0.900016
0.383276 0.207532 -0.900016
0.383276 0.207532 -0.900016
-0.123503 0.000000 -0.992344
-0.123503 0.000000 -0.992344
-0.123503 0.000000 -0.992344
-0.123503 0.000000 -0.992344
-0.123503 0.000000 -0.992344
-0.123503 0.000000 -0.992344
-0.792255 0.000000 -0.610191
-0.792255 0.000000 -0.610191
-0.792255 0.000000 -0.610191
-0.792255 0.000000 -0.610190
-0.792255 0.000000 -0.610190
-0.792255 0.000000 -0.610190
-0.792257 -0.000001 0.610188
-0.792257 -0.000001 0.610188
-0.792257 -0.000001 0.610188
-0.792257 -0.000001 0.610188
-0.792257 -0.000001 0.610188
-0.792257 -0.000001 0.610188
-0.123501 0.000000 0.992344
-0.123501 0.000000 0.992344
-0.123501 0.000000 0.992344
-0.123500 -0.000001 0.992345
-0.123500 -0.000001 0.992345
-0.123500 -0.000001 0.992345
0.123501 -0.000001 0.992344
0.123501 -0.000001 0.992344
0.123501 -0.000001 0.992344
0.123500 -0.000000 0.992345
0.123500 -0.000000 0.992345
0.123500 -0.000000 0.992345
0.768410 0.243504 0.591821
0.768410 0.243504 0.591821
0.768410 0.243504 0.591821
0.982147 -0.000000 0.188117
0.982147 -0.000000 0.188117
0.982147 -0.000000 0.188117
0.000000 -1.000000 0.000000
0.000000 -1.000000 0.000000
0.000000 -1.000000 0.000000
-0.000002 -1.000000 0.000001
-0.000002 -1.000000 0.000001
-0.000002 -1.000000 0.000001
-0.000002 -1.000000 -0.000002
-0.000002 -1.000000 -0.000002
-0.000002 -1.000000 -0.000002
0.000000 -1.000000 0.000000
0.000000 -1.000000 0.000000
0.000000 -1.000000 0.000000
0.000002 -1.000000 -0.000001
0.000002 -1.000000 -0.000001
0.000002 -1.000000 -0.000001
-0.000000 -1.000000 0.000003
-0.000000 -1.000000 0.000003
-0.000000 -1.000000 0.000003
0.000000 -1.000000 -0.000003
0.000000 -1.000000 -0.000003
0.000000 -1.000000 -0.000003
0.000002 -1.000000 0.000002
0.000002 -1.000000 0.000002
0.000002 -1.000000 0.000002
0.026389 0.267867 0.963094
0.026389 0.267867 0.963095
0.026389 0.267867 0.963095
1.000000 -0.000000 0.000000
1.000000 -0.000000 0.000000
1.000000 -0.000000 0.000000
-1.000000 0.000000 0.000000
-1.000000 0.000000 0.000000
-1.000000 0.000000 0.000000
-1.000000 -0.000000 0.000002
-1.000000 -0.000000 0.000002
-1.000000 -0.000000 0.000002
-0.000012 -1.000000 0.000004
-0.000012 -1.000000 0.000004
-0.000012 -1.000000 0.000004
0.000000 -1.000000 0.000000
0.000000 -1.000000 0.000000
0.000000 -1.000000 0.000000
-0.000012 -1.000000 -0.000000
-0.000012 -1.000000 -0.000000
-0.000012 -1.000000 -0.000000
-0.000012 -1.000000 0.000000
-0.000012 -1.000000 0.000000
-0.000012 -1.000000 0.000000
-0.000011 -1.000000 -0.000009
-0.000011 -1.000000 -0.000009
-0.000011 -1.000000 -0.000009
-0.000011 -1.000000 -0.000009
-0.000011 -1.000000 -0.000009
-0.000011 -1.000000 -0.000009
-0.000002 -1.000000 0.000000
-0.000002 -1.000000 0.000000
-0.000002 -1.000000 0.000000
-0.000003 -1.000000 -0.000025
-0.000003 -1.000000 -0.000025
-0.000003 -1.000000 -0.000025
0.000000 -1.000000 0.000000
0.000000 -1.000000 0.000000
0.000000 -1.000000 0.000000
0.000000 -1.000000 0.000000
0.000000 -1.000000 0.000000
0.000000 -1.000000 0.000000
0.000000 -1.000000 0.000000
0.000000 -1.000000 0.000000
0.000000 -1.000000 0.000000
0.000000 -1.000000 0.000000
0.000000 -1.000000 0.000000
0.000000 -1.000000 0.000000
0.000000 -1.000000 0.000000
0.000000 -1.000000 0.000000
0.000000 -1.000000 0.000000
0.000000 -1.000000 0.000000
0.000000 -1.000000 0.000000
0.000000 -1.000000 0.000000
0.000000 -1.000000 0.000000
0.000000 -1.000000 0.000000
0.000000 -1.000000 0.000000
0.000000 -1.000000 0.000000
0.000000 -1.000000 0.000000
0.000000 -1.000000 0.000000
0.000000 -1.000000 0.000000
0.000000 -1.000000 0.000000
0.000000 -1.000000 0.000000
0.000000 -1.000000 0.000000
0.000000 -1.000000 0.000000
0.000000 -1.000000 0.000000
0.000000 -1.000000 0.000000
0.000000 -1.000000 0.000000
0.000000 -1.000000 0.000000
0.000000 -1.000000 0.000000
0.000000 -1.000000 0.000000
0.000000 -1.000000 0.000000
-0.772746 -0.220553 0.595164
-0.772746 -0.220553 0.595164
-0.772746 -0.220553 0.595164
-0.772749 -0.220550 0.595161
-0.772749 -0.220550 0.595161
-0.772749 -0.220550 0.595161
-0.965797 -0.259300 0.000000
-0.965797 -0.259300 0.000000
-0.965797 -0.259300 0.000000
-0.965797 -0.259300 0.000000
-0.965797 -0.259300 0.000000
-0.965797 -0.259300 0.000000
-0.772744 -0.220550 -0.595167
-0.772744 -0.220550 -0.595167
-0.772744 -0.220550 -0.595167
-0.772745 -0.220552 -0.595165
-0.772745 -0.220552 -0.595165
-0.772745 -0.220552 -0.595165
-0.122489 -0.128037 -0.984176
-0.122489 -0.128037 -0.984176
-0.122489 -0.128037 -0.984176
-0.122487 -0.128032 -0.984177
-0.122487 -0.128032 -0.984177
-0.122487 -0.128032 -0.984177
0.122489 -0.128033 -0.984177
0.122489 -0.128033 -0.984177
0.122489 -0.128033 -0.984177
0.122487 -0.128037 -0.984177
0.122487 -0.128037 -0.984177
0.122487 -0.128037 -0.984177
0.772744 -0.220552 -0.595167
0.772744 -0.220552 -0.595167
0.772744 -0.220552 -0.595167
0.772746 -0.220550 -0.595165
0.772746 -0.220550 -0.595165
0.772746 -0.220550 -0.595165
0.965797 -0.259300 -0.000001
0.965797 -0.259300 -0.000001
0.965797 -0.259300 -0.000001
0.965797 -0.259300 -0.000001
0.965797 -0.259300 -0.000001
0.965797 -0.259300 -0.000001
0.772747 -0.220550 0.595164
0.772747 -0.220550 0.595164
0.772747 -0.220550 0.595164
0.772749 -0.220553 0.595160
0.772749 -0.220553 0.595160
0.772749 -0.220553 0.595160
0.122482 -0.128034 0.984177
0.122482 -0.128034 0.984178
0.122482 -0.128034 0.984178
0.122481 -0.128031 0.984178
0.122481 -0.128031 0.984178
0.122481 -0.128031 0.984178
-0.122482 -0.128031 0.984178
-0.122482 -0.128031 0.984178
-0.122482 -0.128031 0.984178
-0.122481 -0.128034 0.984178
-0.122481 -0.128034 0.984178
-0.122481 -0.128034 0.984178
-0.304741 0.942889 -0.134509
-0.304741 0.942889 -0.134509
-0.304741 0.942889 -0.134509
-0.081860 0.975669 -0.203396
-0.081860 0.975669 -0.203396
-0.081860 0.975669 -0.203396
-0.298456 0.951369 -0.076290
-0.298456 0.951369 -0.076290
-0.298456 0.951369 -0.076290
-0.281265 0.954116 -0.102724
-0.281265 0.954116 -0.102724
-0.281265 0.954116 -0.102724
-0.228259 0.968130 -0.103065
-0.228259 0.968130 -0.103065
-0.228259 0.968130 -0.103065
-0.224879 0.972817 -0.055278
-0.224879 0.972817 -0.055278
-0.224879 0.972817 -0.055278
-0.168817 0.980813 -0.097499
-0.168817 0.980813 -0.097499
-0.168817 0.980813 -0.097499
-0.298799 0.954307 0.004158
-0.298799 0.954307 0.004158
-0.298799 0.954307 0.004158
-0.258725 0.956442 -0.135201
-0.258725 0.956442 -0.135201
-0.258725 0.956442 -0.135201
-0.169869 0.972527 -0.159170
-0.169869 0.972527 -0.159170
-0.169869 0.972527 -0.159170
-0.271365 0.962456 -0.006260
-0.271365 0.962456 -0.006260
-0.271365 0.962456 -0.006260
-0.286459 0.943425 -0.167007
-0.286459 0.943425 -0.167007
-0.286459 0.943425 -0.167007
-0.286780 0.944983 -0.157364
-0.286780 0.944983 -0.157364
-0.286780 0.944983 -0.157364
0.899457 0.349522 -0.262320
0.899457 0.349522 -0.262320
0.899457 0.349522 -0.262320
0.892117 0.369769 -0.259611
0.892117 0.369769 -0.259611
0.892117 0.369769 -0.259611
0.613172 0.267149 -0.743405
0.613172 0.267149 -0.743405
0.613172 0.267149 -0.743405
0.605452 0.229881 -0.761959
0.605452 0.229881 -0.761959
0.605452 0.229881 -0.761959
-0.020377 0.164079 -0.986237
-0.020377 0.164079 -0.986237
-0.020377 0.164079 -0.986237
-0.032133 0.131166 -0.990840
-0.032133 0.131166 -0.990840
-0.032133 0.131166 -0.990839
-0.881345 -0.047084 0.470121
-0.881345 -0.047084 0.470121
-0.881345 -0.047084 0.470121
-0.933739 0.056678 0.353440
-0.933739 0.056678 0.353440
-0.933739 0.056678 0.353440
-0.986403 -0.010351 0.164017
-0.986403 -0.010351 0.164017
-0.986403 -0.010351 0.164017
-0.985013 -0.024278 0.170761
-0.985013 -0.024278 0.170761
-0.985013 -0.024278 0.170761
-0.165865 0.337333 0.926658
-0.165865 0.337333 0.926658
-0.165865 0.337333 0.926658
-0.149367 0.317550 0.936403
-0.149367 0.317550 0.936403
-0.149367 0.317550 0.936403
0.024570 -0.101173 0.994565
0.024570 -0.101173 0.994565
0.024570 -0.101173 0.994565
-0.126222 -0.011023 0.991941
-0.126222 -0.011023 0.991941
-0.126222 -0.011023 0.991941
-0.800549 -0.365972 0.474538
-0.800549 -0.365972 0.474538
-0.800549 -0.365973 0.474538
-0.801735 -0.365137 0.473177
-0.801735 -0.365137 0.473177
-0.801735 -0.365137 0.473177
-0.680495 -0.518081 0.518188
-0.680495 -0.518081 0.518188
-0.680495 -0.518081 0.518188
-0.651400 -0.680058 0.336452
-0.651400 -0.680058 0.336452
-0.651400 -0.680058 0.336452
-0.960782 0.246316 0.127381
-0.960782 0.246316 0.127381
-0.960782 0.246316 0.127381
-0.960820 0.245023 0.129571
-0.960820 0.245023 0.129571
-0.960820 0.245023 0.129571
-0.943438 -0.279673 0.178064
-0.943438 -0.279673 0.178064
-0.943438 -0.279673 0.178064
-0.929791 -0.295578 0.219368
-0.929791 -0.295578 0.219368
-0.929791 -0.295578 0.219368
-0.115168 0.993344 -0.002166
-0.115168 0.993344 -0.002166
-0.115168 0.993344 -0.002166
-0.140196 0.989984 -0.016626
-0.140196 0.989984 -0.016626
-0.140196 0.989984 -0.016626
-0.113304 -0.260964 -0.958676
-0.113304 -0.260964 -0.958676
-0.113304 -0.260964 -0.958676
-0.083147 -0.265253 -0.960587
-0.083147 -0.265253 -0.960587
-0.083147 -0.265253 -0.960587
-0.190085 -0.460486 -0.867076
-0.190085 -0.460486 -0.867076
-0.190085 -0.460486 -0.867076
-0.059343 -0.472843 -0.879146
-0.059343 -0.472843 -0.879146
-0.059343 -0.472843 -0.879146
0.010457 -0.994753 -0.101765
0.010457 -0.994753 -0.101765
0.010457 -0.994754 -0.101765
-0.011744 -0.996738 -0.079851
-0.011744 -0.996738 -0.079851
-0.011744 -0.996738 -0.079851
-0.206652 -0.142045 0.968049
-0.206652 -0.142045 0.968049
-0.206652 -0.142045 0.968049
-0.298669 -0.199338 0.933307
-0.298669 -0.199338 0.933307
-0.298669 -0.199338 0.933307
-0.181565 0.054395 0.981873
-0.181565 0.054395 0.981873
-0.181565 0.054395 0.981873
-0.237095 0.006922 0.971462
-0.237095 0.006922 0.971462
-0.237095 0.006922 0.971462
-0.879090 -0.438857 -0.186026
-0.879090 -0.438857 -0.186026
-0.879090 -0.438857 -0.186026
-0.877679 -0.437643 -0.195317
-0.877679 -0.437643 -0.195317
-0.877679 -0.437643 -0.195317
-0.140925 0.989881 -0.016619
-0.140925 0.989881 -0.016619
-0.140925 0.989881 -0.016619
-0.141117 0.989853 -0.016629
-0.141117 0.989853 -0.016629
-0.141117 0.989853 -0.016629
-0.141268 0.989835 -0.016417
-0.141268 0.989835 -0.016417
-0.141268 0.989835 -0.016417
-0.141477 0.989792 -0.017230
-0.141477 0.989792 -0.017230
-0.141477 0.989792 -0.017230
-0.140623 0.989440 -0.035112
-0.140623 0.989440 -0.035112
-0.140623 0.989440 -0.035112
-0.126115 0.991479 -0.032628
-0.126115 0.991479 -0.032628
-0.126115 0.991479 -0.032628
-0.140429 0.989942 -0.017183
-0.140429 0.989942 -0.017183
-0.140429 0.989942 -0.017183
-0.140456 0.989952 -0.016373
-0.140456 0.989951 -0.016373
-0.140456 0.989952 -0.016373
-0.973498 0.225391 0.038745
-0.973498 0.225391 0.038745
-0.973498 0.225391 0.038745
-0.973423 0.225696 0.038842
-0.973423 0.225696 0.038842
-0.973423 0.225696 0.038842
0.059088 0.396412 0.916169
0.059088 0.396412 0.916169
0.059088 0.396412 0.916169
0.059245 0.396203 0.916250
0.059245 0.396203 0.916250
0.059245 0.396203 0.916250
0.896222 0.439558 0.059798
0.896222 0.439558 0.059798
0.896222 0.439558 0.059798
0.879625 0.473662 0.043637
0.879625 0.473662 0.043637
0.879625 0.473662 0.043637
0.109544 0.370296 -0.922432
0.109544 0.370296 -0.922432
0.109544 0.370296 -0.922432
0.109465 0.370052 -0.922539
0.109465 0.370052 -0.922539
0.109465 0.370052 -0.922539
-0.915712 -0.400189 -0.036334
-0.915712 -0.400189 -0.036334
-0.915712 -0.400189 -0.036334
-0.917837 -0.335866 -0.211587
-0.917837 -0.335866 -0.211587
-0.917837 -0.335866 -0.211587
-0.144101 0.988848 -0.037606
-0.144101 0.988848 -0.037606
-0.144101 0.988848 -0.037606
-0.114876 0.993220 -0.017845
-0.114876 0.993220 -0.017845
-0.114876 0.993220 -0.017845
-0.095381 -0.944115 0.315516
-0.095381 -0.944115 0.315516
-0.095381 -0.944115 0.315516
-0.004506 -0.968362 0.249509
-0.004506 -0.968362 0.249509
-0.004506 -0.968362 0.249509
-0.923006 -0.316284 0.219144
-0.923006 -0.316284 0.219144
-0.923006 -0.316284 0.219144
-0.908401 -0.417859 -0.014216
-0.908401 -0.417859 -0.014216
-0.908401 -0.417859 -0.014216
-0.140709 0.989911 -0.016648
-0.140709 0.989911 -0.016648
-0.140709 0.989911 -0.016648
-0.140925 0.989881 -0.016617
-0.140925 0.989881 -0.016617
-0.140925 0.989881 -0.016617
-0.126825 0.991920 -0.003239
-0.126825 0.991920 -0.003239
-0.126825 0.991920 -0.003239
-0.141146 0.989988 0.001165
-0.141146 0.989988 0.001165
-0.141146 0.989988 0.001165
-0.973565 0.225082 0.038863
-0.973565 0.225082 0.038863
-0.973565 0.225082 0.038863
-0.973498 0.225391 0.038745
-0.973498 0.225391 0.038745
-0.973498 0.225391 0.038745
0.868476 0.461790 -0.180274
0.868476 0.461790 -0.180274
0.868476 0.461790 -0.180274
0.882715 0.427159 -0.195833
0.882715 0.427159 -0.195833
0.882715 0.427159 -0.195833
-0.030521 -0.002040 0.999532
-0.030521 -0.002040 0.999532
-0.030521 -0.002040 0.999532
-0.023987 0.001141 0.999712
-0.023987 0.001141 0.999712
-0.023987 0.001141 0.999712
-0.020100 0.007668 0.999768
-0.020100 0.007668 0.999769
-0.020100 0.007668 0.999769
-0.019088 0.008140 0.999785
-0.019088 0.008140 0.999785
-0.019088 0.008140 0.999785
-0.687431 -0.005305 0.726230
-0.687431 -0.005305 0.726230
-0.687432 -0.005305 0.726230
-0.684706 -0.003845 0.728809
-0.684706 -0.003845 0.728809
-0.684706 -0.003845 0.728809
-0.023775 0.007984 0.999685
-0.023775 0.007984 0.999685
-0.023775 0.007984 0.999685
-0.038621 0.001146 0.999253
-0.038621 0.001146 0.999253
-0.038621 0.001146 0.999253
-0.022366 0.876958 0.480046
-0.022366 0.876958 0.480046
-0.022366 0.876958 0.480046
-0.022406 0.877192 0.479617
-0.022406 0.877192 0.479617
-0.022406 0.877192 0.479617
-0.877513 0.000817 0.479552
-0.877513 0.000817 0.479553
-0.877513 0.000817 0.479553
-0.877516 0.000817 0.479547
-0.877516 0.000817 0.479547
-0.877516 0.000817 0.479547
-0.013038 -0.878446 0.477664
-0.013038 -0.878446 0.477664
-0.013038 -0.878446 0.477664
-0.013073 -0.878306 0.477919
-0.013073 -0.878306 0.477919
-0.013073 -0.878306 0.477919
-0.072624 0.194694 0.978172
-0.072624 0.194694 0.978172
-0.072624 0.194694 0.978172
0.355850 0.087680 -0.930421
0.355850 0.087680 -0.930421
0.355850 0.087680 -0.930421
0.403197 0.045802 -0.913966
0.403197 0.045802 -0.913966
0.403197 0.045802 -0.913967
0.021543 -0.057512 0.998112
0.021543 -0.057512 0.998112
0.021543 -0.057512 0.998112
0.300218 0.666356 0.682524
0.300218 0.666356 0.682524
0.300218 0.666356 0.682524
0.148311 0.734207 0.662528
0.148311 0.734207 0.662528
0.148311 0.734207 0.662528
0.537079 -0.031307 -0.842951
0.537079 -0.031307 -0.842951
0.537079 -0.031307 -0.842951
0.490003 -0.043132 -0.870653
0.490003 -0.043132 -0.870653
0.490003 -0.043132 -0.870653
0.403124 0.059999 -0.913176
0.403124 0.059999 -0.913176
0.403124 0.059999 -0.913176
0.431148 0.042711 -0.901269
0.431148 0.042711 -0.901270
0.431148 0.042711 -0.901270
0.161247 0.017297 0.986762
0.161247 0.017297 0.986762
0.161247 0.017297 0.986762
0.112448 0.046285 0.992579
0.112448 0.046285 0.992579
0.112448 0.046285 0.992579
0.794494 0.079427 0.602055
0.794494 0.079427 0.602055
0.794494 0.079427 0.602055
0.821283 0.054503 0.567912
0.821283 0.054503 0.567912
0.821283 0.054503 0.567911
0.305515 -0.726513 -0.615499
0.305515 -0.726513 -0.615499
0.305515 -0.726513 -0.615499
0.320079 -0.729082 -0.604970
0.320079 -0.729082 -0.604970
0.320079 -0.729082 -0.604970
0.099538 0.857400 -0.504932
0.099538 0.857401 -0.504932
0.099538 0.857401 -0.504932
0.073412 0.868832 -0.489635
0.073412 0.868832 -0.489635
0.073412 0.868832 -0.489635
0.790486 0.000375 0.612480
0.790486 0.000375 0.612480
0.790486 0.000375 0.612480
0.814387 0.018061 0.580040
0.814387 0.018061 0.580040
0.814387 0.018061 0.580040
0.224553 0.334805 0.915140
0.224553 0.334805 0.915140
0.224553 0.334805 0.915140
0.285145 0.317893 0.904232
0.285145 0.317893 0.904232
0.285145 0.317893 0.904232
0.857832 0.411816 -0.307460
0.857832 0.411816 -0.307460
0.857832 0.411816 -0.307460
0.706327 0.465348 -0.533436
0.706327 0.465348 -0.533436
0.706327 0.465348 -0.533436
0.378167 0.283551 -0.881243
0.378167 0.283551 -0.881243
0.378167 0.283551 -0.881243
0.272092 0.315159 -0.909198
0.272092 0.315159 -0.909198
0.272092 0.315159 -0.909198
0.155411 0.518632 0.840755
0.155411 0.518632 0.840755
0.155411 0.518632 0.840755
0.212986 0.510927 0.832821
0.212986 0.510927 0.832821
0.212986 0.510927 0.832821
0.569445 0.758406 -0.317100
0.569445 0.758406 -0.317101
0.569445 0.758406 -0.317100
0.532381 0.768161 -0.355667
0.532381 0.768161 -0.355667
0.532381 0.768161 -0.355667
0.285190 0.654430 -0.700278
0.285190 0.654430 -0.700278
0.285190 0.654430 -0.700278
0.127837 0.779125 0.613695
0.127837 0.779125 0.613695
0.127837 0.779125 0.613695
0.418876 0.874466 -0.244647
0.418875 0.874466 -0.244647
0.418876 0.874466 -0.244647
0.031624 0.203060 0.978656
0.031624 0.203060 0.978656
0.031624 0.203060 0.978656
0.039865 0.196929 0.979607
0.039865 0.196928 0.979607
0.039865 0.196928 0.979607
0.827552 -0.364573 -0.426900
0.827552 -0.364573 -0.426900
0.827552 -0.364573 -0.426900
0.478442 -0.384353 -0.789535
0.478442 -0.384353 -0.789535
0.478442 -0.384353 -0.789535
0.615436 -0.353658 -0.704390
0.615436 -0.353658 -0.704390
0.615436 -0.353658 -0.704390
0.861749 -0.142171 0.487007
0.861749 -0.142171 0.487007
0.861749 -0.142171 0.487007
0.874151 -0.136694 0.466019
0.874151 -0.136694 0.466019
0.874152 -0.136694 0.466019
0.111072 0.009025 0.993771
0.111072 0.009025 0.993771
0.111072 0.009025 0.993771
-0.015482 0.005965 0.999862
-0.015482 0.005965 0.999862
-0.015482 0.005965 0.999862
0.982129 -0.047130 0.182215
0.982129 -0.047130 0.182215
0.982129 -0.047130 0.182215
0.993834 -0.048374 0.099767
0.993834 -0.048374 0.099767
0.993834 -0.048374 0.099767
0.515575 -0.122406 -0.848056
0.515575 -0.122406 -0.848056
0.515575 -0.122406 -0.848056
0.636484 -0.626267 0.450198
0.636484 -0.626267 0.450198
0.636484 -0.626267 0.450198
0.494893 -0.718077 0.489332
0.494893 -0.718077 0.489332
0.494893 -0.718077 0.489332
0.998183 -0.021768 0.056184
0.998183 -0.021768 0.056184
0.998183 -0.021768 0.056184
0.981806 -0.053754 0.182119
0.981806 -0.053754 0.182119
0.981806 -0.053754 0.182119
0.944841 -0.075034 -0.318819
0.944841 -0.075034 -0.318819
0.944841 -0.075034 -0.318819
0.313595 -0.256403 -0.914284
0.313595 -0.256403 -0.914284
0.313595 -0.256403 -0.914284
0.235447 -0.254023 -0.938103
0.235447 -0.254022 -0.938103
0.235447 -0.254023 -0.938103
0.666281 0.489825 0.562265
0.666281 0.489825 0.562265
0.666281 0.489825 0.562265
0.158841 0.636769 0.754516
0.158841 0.636769 0.754516
0.158841 0.636769 0.754516
0.999188 -0.033284 0.022689
0.999188 -0.033284 0.022689
0.999188 -0.033284 0.022689
0.998775 -0.020888 0.044858
0.998775 -0.020888 0.044858
0.998775 -0.020888 0.044858
0.540431 -0.723164 -0.430079
0.540431 -0.723164 -0.430079
0.540431 -0.723164 -0.430079
0.305547 -0.805346 -0.507994
0.305547 -0.805346 -0.507994
0.305547 -0.805346 -0.507994
0.397948 0.826315 0.398548
0.397948 0.826315 0.398548
0.397948 0.826315 0.398548
0.520930 0.616580 0.590305
0.520930 0.616580 0.590305
0.520930 0.616580 0.590305
0.480729 0.623770 0.616288
0.480729 0.623770 0.616288
0.480729 0.623770 0.616288
0.498371 0.343852 0.795859
0.498371 0.343852 0.795859
0.498371 0.343852 0.795859
0.716887 0.253451 0.649490
0.716886 0.253451 0.649489
0.716886 0.253451 0.649489
0.433896 0.672392 0.599686
0.433896 0.672392 0.599686
0.433896 0.672392 0.599686
0.683034 0.617787 0.389619
0.683034 0.617787 0.389619
0.683034 0.617787 0.389619
0.375294 0.058700 0.925045
0.375294 0.058700 0.925045
0.375294 0.058700 0.925045
0.421804 0.012005 0.906608
0.421804 0.012005 0.906608
0.421804 0.012005 0.906608
0.412511 -0.018243 0.910770
0.412511 -0.018243 0.910770
0.412511 -0.018243 0.910770
0.402047 -0.013852 0.915514
0.402047 -0.013852 0.915514
0.402047 -0.013852 0.915514
0.871106 -0.104285 0.479895
0.871106 -0.104285 0.479895
0.871106 -0.104285 0.479895
0.961797 -0.130043 0.240906
0.961797 -0.130043 0.240906
0.961797 -0.130043 0.240906
0.891892 -0.390050 0.228888
0.891892 -0.390050 0.228888
0.891892 -0.390050 0.228888
0.833514 -0.014419 0.552310
0.833514 -0.014419 0.552310
0.833514 -0.014419 0.552310
0.947512 0.072582 -0.311372
0.947512 0.072582 -0.311372
0.947512 0.072582 -0.311372
0.916369 0.115444 -0.383328
0.916369 0.115444 -0.383328
0.916369 0.115444 -0.383328
0.918778 0.057262 -0.390601
0.918778 0.057262 -0.390601
0.918778 0.057262 -0.390601
0.920549 0.059244 -0.386108
0.920549 0.059244 -0.386108
0.920549 0.059244 -0.386108
0.870512 -0.091861 -0.483499
0.870512 -0.091861 -0.483499
0.870512 -0.091861 -0.483499
0.937829 -0.146025 -0.314887
0.937829 -0.146025 -0.314887
0.937829 -0.146025 -0.314887
0.081052 0.622431 -0.778467
0.081052 0.622431 -0.778467
0.081052 0.622431 -0.778467
0.066706 0.631486 -0.772513
0.066706 0.631486 -0.772513
0.066706 0.631485 -0.772513
0.113229 0.256632 -0.959854
0.113229 0.256632 -0.959854
0.113229 0.256632 -0.959854
0.056054 0.294066 -0.954140
0.056054 0.294066 -0.954140
0.056054 0.294066 -0.954140
0.119074 0.066087 -0.990684
0.119074 0.066087 -0.990684
0.119074 0.066087 -0.990684
0.114395 0.072776 -0.990766
0.114395 0.072776 -0.990766
0.114395 0.072776 -0.990766
0.137838 0.045779 -0.989396
0.137838 0.045779 -0.989396
0.137838 0.045779 -0.989396
0.114202 0.076060 -0.990542
0.114202 0.076060 -0.990542
0.114202 0.076060 -0.990542
0.128717 -0.004873 -0.991669
0.128717 -0.004873 -0.991669
0.128717 -0.004873 -0.991669
0.149702 0.009363 -0.988687
0.149702 0.009363 -0.988687
0.149702 0.009363 -0.988687
0.185154 -0.302509 -0.934990
0.185154 -0.302509 -0.934990
0.185154 -0.302509 -0.934990
0.105117 -0.329885 -0.938151
0.105117 -0.329885 -0.938150
0.105117 -0.329885 -0.938151
0.112088 -0.133215 -0.984728
0.112088 -0.133215 -0.984728
0.112088 -0.133215 -0.984728
0.245348 -0.127308 -0.961040
0.245348 -0.127308 -0.961040
0.245348 -0.127308 -0.961040
0.311279 0.183252 -0.932483
0.311279 0.183252 -0.932483
0.311279 0.183252 -0.932483
0.293190 0.191316 -0.936716
0.293190 0.191316 -0.936716
0.293190 0.191316 -0.936716
0.128478 0.163192 -0.978193
0.128478 0.163192 -0.978193
0.128478 0.163192 -0.978193
0.115346 0.148985 -0.982089
0.115346 0.148985 -0.982089
0.115346 0.148985 -0.982089
0.943859 -0.088533 -0.318263
0.943859 -0.088533 -0.318263
0.943859 -0.088533 -0.318263
0.953923 -0.087445 -0.287026
0.953923 -0.087445 -0.287026
0.953923 -0.087445 -0.287026
0.053251 -0.027910 0.998191
0.053251 -0.027910 0.998191
0.053251 -0.027910 0.998191
0.050001 -0.026286 0.998403
0.050001 -0.026286 0.998403
0.050001 -0.026286 0.998403
0.099168 0.849066 0.518895
0.099168 0.849066 0.518895
0.099168 0.849066 0.518895
0.235608 0.895510 0.377560
0.235608 0.895510 0.377560
0.235608 0.895510 0.377560
0.974759 -0.012249 0.222925
0.974759 -0.012249 0.222925
0.974759 -0.012249 0.222925
0.974759 -0.012249 0.222924
0.974759 -0.012249 0.222924
0.974759 -0.012249 0.222924
0.994151 -0.080260 0.072266
0.994151 -0.080260 0.072266
0.994151 -0.080260 0.072266
0.000306 -0.996292 0.086034
0.000306 -0.996292 0.086034
0.000306 -0.996292 0.086034
0.008892 -0.995482 0.094535
0.008892 -0.995482 0.094535
0.008892 -0.995482 0.094535
0.971345 -0.220441 -0.088850
0.971345 -0.220441 -0.088850
0.971345 -0.220441 -0.088850
0.981085 -0.193570 0.001905
0.981085 -0.193570 0.001905
0.981085 -0.193570 0.001905
0.977961 -0.207688 -0.021382
0.977961 -0.207688 -0.021382
0.977961 -0.207688 -0.021382
0.865962 -0.276683 0.416601
0.865962 -0.276683 0.416601
0.865962 -0.276683 0.416601
0.762763 -0.249237 0.596720
0.762763 -0.249237 0.596720
0.762763 -0.249237 0.596720
0.901154 -0.343843 0.263996
0.901154 -0.343843 0.263996
0.901154 -0.343843 0.263996
0.834309 -0.263440 0.484281
0.834309 -0.263440 0.484281
0.834309 -0.263440 0.484281
0.794202 -0.268457 0.545137
0.794202 -0.268457 0.545137
0.794202 -0.268457 0.545137
0.846272 -0.307744 -0.434876
0.846272 -0.307744 -0.434876
0.846272 -0.307744 -0.434876
0.892112 -0.336126 -0.301919
0.892112 -0.336126 -0.301919
0.892112 -0.336126 -0.301919
0.634224 -0.263644 -0.726809
0.634224 -0.263644 -0.726809
0.634224 -0.263644 -0.726809
0.520768 -0.272939 -0.808891
0.520768 -0.272939 -0.808891
0.520768 -0.272939 -0.808891
0.188877 -0.159979 -0.968882
0.188877 -0.159979 -0.968882
0.188877 -0.159979 -0.968882
0.158120 -0.173325 -0.972089
0.158120 -0.173325 -0.972089
0.158120 -0.173325 -0.972089
0.015504 0.008199 0.999846
0.015504 0.008199 0.999846
0.015504 0.008199 0.999846
0.019076 0.007580 0.999789
0.019076 0.007580 0.999789
0.019076 0.007580 0.999789
0.045824 0.686100 0.726062
0.045824 0.686100 0.726062
0.045824 0.686100 0.726062
0.039936 0.686665 0.725876
0.039936 0.686665 0.725876
0.039936 0.686665 0.725876
0.035434 0.324332 0.945279
0.035434 0.324332 0.945279
0.035434 0.324332 0.945279
0.881325 0.300980 0.364249
0.881325 0.300980 0.364249
0.881325 0.300980 0.364249
0.634620 0.205338 0.745046
0.634620 0.205338 0.745046
0.634620 0.205338 0.745046
0.684706 -0.003846 0.728809
0.684706 -0.003846 0.728809
0.684706 -0.003846 0.728809
0.679705 -0.005117 0.733467
0.679705 -0.005117 0.733467
0.679705 -0.005117 0.733467
0.546547 -0.136880 0.826166
0.546547 -0.136880 0.826166
0.546547 -0.136880 0.826166
0.726678 -0.198307 0.657733
0.726678 -0.198307 0.657733
0.726678 -0.198307 0.657733
0.674938 -0.183596 0.714668
0.674938 -0.183596 0.714668
0.674938 -0.183596 0.714668
0.867673 0.162194 0.469933
0.867673 0.162194 0.469933
0.867673 0.162194 0.469933
0.404189 -0.042106 0.913706
0.404189 -0.042106 0.913706
0.404189 -0.042106 0.913706
0.887193 -0.021252 0.460909
0.887193 -0.021252 0.460909
0.887193 -0.021252 0.460909
0.821017 -0.055367 0.568213
0.821017 -0.055367 0.568213
0.821017 -0.055367 0.568213
0.876453 -0.005871 -0.481451
0.876453 -0.005871 -0.481451
0.876453 -0.005871 -0.481451
0.919035 -0.030013 -0.393032
0.919035 -0.030013 -0.393032
0.919035 -0.030013 -0.393032
0.489730 -0.007540 -0.871842
0.489730 -0.007540 -0.871842
0.489730 -0.007540 -0.871842
0.434434 0.013155 -0.900608
0.434434 0.013155 -0.900607
0.434434 0.013155 -0.900607
0.128580 0.009205 -0.991656
0.128580 0.009205 -0.991656
0.128580 0.009205 -0.991656
0.135401 0.013707 -0.990696
0.135401 0.013707 -0.990696
0.135401 0.013707 -0.990696
0.018142 -0.995393 0.094146
0.018142 -0.995393 0.094146
0.018142 -0.995393 0.094146
0.082379 -0.990614 0.109078
0.082379 -0.990614 0.109078
0.082379 -0.990614 0.109078
0.127840 -0.024275 0.991498
0.127840 -0.024275 0.991498
0.127840 -0.024275 0.991498
0.111933 -0.029650 0.993273
0.111933 -0.029650 0.993273
0.111933 -0.029650 0.993273
0.128087 -0.013487 0.991671
0.128087 -0.013487 0.991671
0.128087 -0.013487 0.991671
0.807706 0.170898 0.564274
0.807706 0.170898 0.564274
0.807706 0.170898 0.564274
0.867725 0.125278 0.480998
0.867725 0.125278 0.480998
0.867725 0.125278 0.480998
0.972856 0.134196 -0.188525
0.972857 0.134196 -0.188525
0.972856 0.134196 -0.188525
0.932892 0.189051 -0.306548
0.932892 0.189051 -0.306548
0.932892 0.189051 -0.306548
0.860080 0.281006 0.425790
0.860080 0.281006 0.425790
0.860080 0.281006 0.425790
0.873684 0.307267 0.377179
0.873684 0.307267 0.377179
0.873684 0.307267 0.377179
0.698815 0.681907 0.216011
0.698815 0.681907 0.216011
0.698815 0.681907 0.216011
0.693013 0.717874 0.066258
0.693013 0.717874 0.066258
0.693013 0.717874 0.066258
0.479751 0.864211 0.151585
0.479751 0.864211 0.151585
0.479751 0.864211 0.151585
0.144298 0.093511 0.985106
0.144298 0.093511 0.985106
0.144298 0.093511 0.985106
0.165155 0.081698 0.982878
0.165155 0.081698 0.982878
0.165155 0.081698 0.982878
0.379237 0.074546 0.922292
0.379237 0.074546 0.922292
0.379237 0.074546 0.922292
0.358654 0.091513 0.928974
0.358654 0.091513 0.928974
0.358654 0.091513 0.928974
0.356330 0.122924 -0.926239
0.356330 0.122924 -0.926239
0.356330 0.122924 -0.926239
0.311699 0.152670 -0.937836
0.311699 0.152670 -0.937836
0.311699 0.152670 -0.937836
0.117767 0.121854 -0.985537
0.117767 0.121854 -0.985537
0.117767 0.121854 -0.985537
0.128140 0.110312 -0.985602
0.128140 0.110312 -0.985602
0.128140 0.110312 -0.985602
0.040799 0.023156 0.998899
0.040799 0.023156 0.998899
0.040799 0.023156 0.998899
0.051371 0.013436 0.998589
0.051371 0.013436 0.998589
0.051371 0.013436 0.998589
0.431848 0.659939 0.614807
0.431848 0.659939 0.614807
0.431848 0.659939 0.614808
0.371830 0.620831 0.690153
0.371830 0.620831 0.690153
0.371830 0.620831 0.690153
0.149081 0.657992 0.738120
0.149081 0.657992 0.738120
0.149081 0.657992 0.738120
0.146700 0.660122 0.736694
0.146700 0.660122 0.736694
0.146700 0.660122 0.736694
0.047213 0.662669 0.747423
0.047213 0.662669 0.747423
0.047213 0.662669 0.747423
0.026839 0.658970 0.751691
0.026839 0.658970 0.751691
0.026839 0.658970 0.751691
0.153637 0.565899 0.810033
0.153637 0.565899 0.810033
0.153637 0.565899 0.810033
0.165524 0.542555 0.823551
0.165523 0.542555 0.823551
0.165524 0.542555 0.823551
0.028038 0.534278 0.844844
0.028038 0.534278 0.844844
0.028038 0.534278 0.844844
0.023925 0.531617 0.846647
0.023925 0.531617 0.846647
0.023925 0.531617 0.846647
0.431485 0.432108 0.791899
0.431485 0.432108 0.791899
0.431485 0.432108 0.791899
0.389945 0.523402 0.757623
0.389945 0.523402 0.757623
0.389945 0.523402 0.757623
0.716287 0.491557 0.495283
0.716287 0.491557 0.495283
0.716287 0.491557 0.495283
0.773997 0.566354 0.283146
0.773997 0.566354 0.283146
0.773997 0.566354 0.283146
0.857781 0.433776 0.275772
0.857781 0.433776 0.275772
0.857781 0.433776 0.275772
0.959152 0.206937 0.192884
0.959152 0.206937 0.192884
0.959152 0.206937 0.192884
0.968526 0.180897 0.170980
0.968526 0.180897 0.170980
0.968526 0.180897 0.170980
0.979881 0.108580 0.167464
0.979881 0.108580 0.167464
0.979881 0.108580 0.167464
0.981322 0.102317 0.162909
0.981322 0.102317 0.162909
0.981322 0.102317 0.162909
0.983131 0.021992 0.181575
0.983131 0.021992 0.181575
0.983131 0.021992 0.181575
0.985567 0.042553 0.163850
0.985567 0.042553 0.163850
0.985567 0.042553 0.163850
0.980140 -0.033760 0.195411
0.980140 -0.033760 0.195411
0.980140 -0.033760 0.195411
0.983434 -0.024337 0.179626
0.983434 -0.024337 0.179626
0.983434 -0.024337 0.179626
0.969864 -0.133033 0.204123
0.969864 -0.133033 0.204123
0.969864 -0.133033 0.204123
0.971974 -0.128659 0.196758
0.971974 -0.128659 0.196758
0.971974 -0.128659 0.196758
0.956237 -0.273695 0.103447
0.956237 -0.273695 0.103447
0.956237 -0.273695 0.103447
0.927580 -0.318267 0.195708
0.927580 -0.318267 0.195708
0.927580 -0.318267 0.195708
0.932596 -0.348793 0.092784
0.932596 -0.348793 0.092784
0.932596 -0.348793 0.092784
0.937329 -0.338292 0.083508
0.937329 -0.338292 0.083508
0.937329 -0.338292 0.083508
0.913798 0.262673 -0.309799
0.913798 0.262673 -0.309799
0.913798 0.262674 -0.309799
0.936649 0.306061 -0.170339
0.936649 0.306061 -0.170339
0.936649 0.306061 -0.170339
0.935869 -0.335057 -0.109022
0.935869 -0.335057 -0.109022
0.935869 -0.335057 -0.109022
0.882401 -0.386767 -0.267918
0.882401 -0.386767 -0.267918
0.882401 -0.386767 -0.267918
0.943720 -0.327559 -0.045801
0.943720 -0.327559 -0.045801
0.943720 -0.327559 -0.045801
0.944573 -0.310096 -0.107806
0.944573 -0.310096 -0.107806
0.944573 -0.310096 -0.107806
0.985789 -0.161135 -0.047501
0.985789 -0.161135 -0.047501
0.985789 -0.161135 -0.047501
0.989607 -0.126640 0.068122
0.989607 -0.126640 0.068122
0.989607 -0.126640 0.068122
0.997968 -0.016096 0.061645
0.997968 -0.016096 0.061645
0.997968 -0.016096 0.061645
0.996713 -0.021677 0.078060
0.996713 -0.021677 0.078060
0.996713 -0.021677 0.078060
0.996972 0.044939 0.063457
0.996972 0.044939 0.063457
0.996972 0.044939 0.063457
0.996508 0.047865 0.068418
0.996508 0.047865 0.068418
0.996508 0.047865 0.068418
0.991204 0.121884 0.051561
0.991204 0.121884 0.051561
0.991204 0.121884 0.051561
0.991914 0.105574 0.070431
0.991914 0.105574 0.070431
0.991914 0.105574 0.070431
0.981196 0.186535 0.049599
0.981196 0.186535 0.049599
0.981196 0.186535 0.049599
0.981568 0.183521 0.053340
0.981567 0.183521 0.053340
0.981568 0.183521 0.053340
0.917622 0.173045 0.357807
0.917622 0.173045 0.357807
0.917622 0.173045 0.357807
0.910887 0.405202 0.078074
0.910887 0.405202 0.078074
0.910887 0.405202 0.078074
0.960851 0.276995 0.006255
0.960851 0.276995 0.006255
0.960851 0.276995 0.006255
0.901208 0.408656 -0.144308
0.901208 0.408656 -0.144308
0.901208 0.408656 -0.144308
0.935696 0.352793 0.003121
0.935696 0.352793 0.003121
0.935696 0.352793 0.003121
0.709263 0.696499 0.108789
0.709263 0.696499 0.108789
0.709263 0.696499 0.108789
0.676748 0.525523 0.515594
0.676748 0.525523 0.515594
0.676748 0.525523 0.515594
0.878454 0.385082 0.282898
0.878453 0.385082 0.282898
0.878454 0.385082 0.282898
0.836641 0.383505 0.391096
0.836641 0.383505 0.391096
0.836641 0.383505 0.391096
0.064188 0.090144 0.993858
0.064188 0.090144 0.993858
0.064188 0.090144 0.993858
0.025486 0.060837 0.997822
0.025486 0.060837 0.997822
0.025486 0.060837 0.997822
0.044707 0.078537 0.995908
0.044707 0.078538 0.995908
0.044707 0.078537 0.995908
0.068086 0.563358 0.823403
0.068086 0.563358 0.823403
0.068086 0.563358 0.823403
0.079911 0.532519 0.842637
0.079911 0.532519 0.842637
0.079911 0.532519 0.842638
0.075267 0.660371 0.747158
0.075267 0.660371 0.747158
0.075267 0.660371 0.747158
0.073358 0.662010 0.745896
0.073358 0.662010 0.745896
0.073358 0.662010 0.745896
0.072685 0.685943 0.724016
0.072685 0.685943 0.724016
0.072685 0.685943 0.724016
0.075532 0.685062 0.724559
0.075532 0.685062 0.724559
0.075532 0.685062 0.724559
0.082815 0.330003 0.940340
0.082815 0.330003 0.940340
0.082815 0.330003 0.940340
0.088650 0.328097 0.940475
0.088650 0.328097 0.940475
0.088650 0.328097 0.940475
0.086464 0.507750 0.857155
0.086464 0.507750 0.857155
0.086464 0.507750 0.857155
0.063368 0.522232 0.850446
0.063368 0.522232 0.850446
0.063368 0.522232 0.850446
0.060738 0.775264 0.628711
0.060738 0.775264 0.628711
0.060738 0.775264 0.628711
0.077537 0.765181 0.639129
0.077537 0.765181 0.639129
0.077537 0.765181 0.639129
0.049863 -0.028755 0.998342
0.049863 -0.028755 0.998342
0.049863 -0.028755 0.998342
0.041336 -0.001295 0.999144
0.041336 -0.001295 0.999144
0.041336 -0.001295 0.999144
0.988191 0.142185 0.057105
0.988191 0.142185 0.057105
0.988191 0.142185 0.057105
0.988273 0.152694 -0.000986
0.988273 0.152694 -0.000986
0.988273 0.152694 -0.000986
-0.000000 0.108756 -0.994068
-0.000000 0.108756 -0.994069
-0.000000 0.108756 -0.994068
0.000000 0.108757 -0.994068
0.000000 0.108757 -0.994068
0.000000 0.108757 -0.994068
0.000000 -0.922985 0.384836
0.000000 -0.922985 0.384836
0.000000 -0.922985 0.384836
0.000000 -0.922985 0.384836
0.000000 -0.922985 0.384836
0.000000 -0.922985 0.384836
0.000000 -0.069090 0.997610
0.000000 -0.069090 0.997610
0.000000 -0.069090 0.997610
-0.000000 -0.069091 0.997610
-0.000000 -0.069091 0.997610
-0.000000 -0.069091 0.997610
0.000000 0.989375 0.145386
0.000000 0.989375 0.145386
0.000000 0.989375 0.145386
-0.000000 0.989376 0.145380
-0.000000 0.989376 0.145380
-0.000000 0.989376 0.145380
0.994797 -0.101874 0.000658
0.994797 -0.101874 0.000658
0.994797 -0.101874 0.000658
0.993919 -0.103916 0.036428
0.993919 -0.103916 0.036428
0.993919 -0.103916 0.036428
0.000000 -0.069908 -0.997553
0.000000 -0.069908 -0.997554
0.000000 -0.069908 -0.997553
0.000000 -0.069908 -0.997553
0.000000 -0.069908 -0.997553
0.000000 -0.069908 -0.997554
-0.000000 0.051501 0.998673
-0.000000 0.051501 0.998673
-0.000000 0.051501 0.998673
0.000000 0.051502 0.998673
0.000000 0.051502 0.998673
0.000000 0.051502 0.998673
0.628275 0.156877 -0.762011
0.628275 0.156877 -0.762011
0.628275 0.156877 -0.762011
0.675967 0.169316 -0.717217
0.675967 0.169316 -0.717217
0.675967 0.169316 -0.717217
0.678892 -0.111013 -0.725797
0.678892 -0.111013 -0.725797
0.678892 -0.111013 -0.725797
0.633281 -0.115382 -0.765272
0.633281 -0.115382 -0.765272
0.633281 -0.115382 -0.765272
0.304414 -0.898907 0.315117
0.304414 -0.898907 0.315117
0.304414 -0.898907 0.315117
0.233007 -0.897580 0.374243
0.233007 -0.897580 0.374243
0.233007 -0.897580 0.374243
0.351432 -0.057627 0.934438
0.351432 -0.057627 0.934438
0.351432 -0.057627 0.934438
0.678400 -0.119899 0.724843
0.678400 -0.119899 0.724843
0.678400 -0.119899 0.724843
0.679672 0.118473 0.723886
0.679672 0.118473 0.723886
0.679672 0.118473 0.723886
0.614499 0.125816 0.778820
0.614499 0.125816 0.778820
0.614499 0.125816 0.778820
0.697413 0.665038 0.267094
0.697413 0.665038 0.267094
0.697413 0.665038 0.267094
0.574140 0.810058 0.119036
0.574140 0.810058 0.119036
0.574140 0.810058 0.119036
0.976609 -0.184854 0.109831
0.976609 -0.184854 0.109831
0.976609 -0.184854 0.109831
0.976609 -0.184855 0.109829
0.976610 -0.184855 0.109829
0.976609 -0.184855 0.109829
0.359222 -0.299100 -0.884024
0.359222 -0.299100 -0.884024
0.359222 -0.299100 -0.884024
0.359222 -0.299100 -0.884024
0.359222 -0.299100 -0.884024
0.359222 -0.299100 -0.884024
-0.754598 0.000001 -0.656188
-0.754598 0.000001 -0.656188
-0.754598 0.000001 -0.656188
-0.754598 0.000001 -0.656187
-0.754598 0.000001 -0.656187
-0.754598 0.000001 -0.656187
-0.825590 0.299100 0.478477
-0.825590 0.299100 0.478477
-0.825590 0.299100 0.478477
-0.825590 0.299100 0.478478
-0.825590 0.299100 0.478478
-0.825590 0.299100 0.478478
0.244354 0.184854 0.951903
0.244354 0.184854 0.951903
0.244354 0.184854 0.951903
0.244355 0.184853 0.951903
0.244355 0.184853 0.951903
0.244355 0.184853 0.951903
0.995522 0.000098 0.094530
0.995522 0.000098 0.094530
0.995522 0.000098 0.094530
0.996179 -0.000097 0.087339
0.996179 -0.000097 0.087339
0.996179 -0.000097 0.087339
0.397526 0.000097 -0.917591
0.397526 0.000097 -0.917591
0.397526 0.000097 -0.917591
0.390883 -0.000097 -0.920440
0.390883 -0.000097 -0.920440
0.390883 -0.000097 -0.920440
-0.749847 0.000097 -0.661611
-0.749847 0.000097 -0.661611
-0.749847 0.000097 -0.661611
-0.754608 -0.000098 -0.656176
-0.754608 -0.000098 -0.656176
-0.754608 -0.000098 -0.656176
-0.860943 0.000098 0.508701
-0.860943 0.000098 0.508701
-0.860943 0.000098 0.508701
-0.857254 -0.000098 0.514894
-0.857254 -0.000098 0.514894
-0.857254 -0.000098 0.514894
0.217743 0.000098 0.976006
0.217743 0.000098 0.976006
0.217743 0.000098 0.976006
0.224771 -0.000098 0.974412
0.224771 -0.000098 0.974412
0.224771 -0.000098 0.974412
0.996508 -0.023286 0.080181
0.996508 -0.023286 0.080181
0.996508 -0.023286 0.080181
0.995533 -0.024690 0.091127
0.995533 -0.024690 0.091127
0.995533 -0.024690 0.091127
0.387468 0.247757 -0.887967
0.387468 0.247757 -0.887967
0.387468 0.247757 -0.887967
0.397481 0.248136 -0.883424
0.397481 0.248136 -0.883424
0.397481 0.248136 -0.883424
-0.757044 0.175361 -0.629391
-0.757044 0.175361 -0.629391
-0.757044 0.175361 -0.629391
-0.749784 0.179170 -0.636963
-0.749784 0.179170 -0.636963
-0.749784 0.179170 -0.636963
-0.855246 -0.140495 0.498813
-0.855246 -0.140495 0.498813
-0.855246 -0.140495 0.498813
-0.860999 -0.136307 0.490001
-0.860999 -0.136307 0.490001
-0.860999 -0.136307 0.490001
0.228643 -0.263236 0.937245
0.228643 -0.263236 0.937245
0.228643 -0.263236 0.937245
0.217769 -0.262328 0.940085
0.217769 -0.262328 0.940085
0.217769 -0.262328 0.940085
0.945444 0.278893 0.168390
0.945444 0.278893 0.168390
0.945444 0.278893 0.168390
0.945444 0.278893 0.168389
0.945444 0.278893 0.168389
0.945444 0.278893 0.168389
0.364178 0.385377 -0.847856
0.364178 0.385377 -0.847856
0.364178 0.385377 -0.847856
0.364178 0.385377 -0.847855
0.364178 0.385377 -0.847855
0.364179 0.385377 -0.847855
-0.720369 -0.040716 -0.692395
-0.720369 -0.040716 -0.692395
-0.720369 -0.040716 -0.692395
-0.720370 -0.040717 -0.692394
-0.720370 -0.040717 -0.692394
-0.720370 -0.040717 -0.692394
-0.809389 -0.410541 0.419935
-0.809389 -0.410541 0.419935
-0.809389 -0.410541 0.419935
-0.809391 -0.410540 0.419932
-0.809391 -0.410540 0.419932
-0.809391 -0.410540 0.419932
0.220138 -0.213012 0.951927
0.220138 -0.213012 0.951927
0.220138 -0.213012 0.951927
0.220139 -0.213012 0.951927
0.220139 -0.213012 0.951927
0.220139 -0.213012 0.951927
-0.206366 -0.949260 0.237316
-0.206365 -0.949260 0.237316
-0.206365 -0.949260 0.237316
-0.206366 -0.949260 0.237316
-0.206366 -0.949260 0.237316
-0.206366 -0.949260 0.237316
-0.206365 -0.949260 0.237315
-0.206365 -0.949260 0.237315
-0.206365 -0.949260 0.237315
-0.316859 0.907333 0.276309
-0.316859 0.907333 0.276309
-0.316859 0.907333 0.276309
-0.316867 0.907330 0.276312
-0.316867 0.907330 0.276312
-0.316867 0.907330 0.276312
-0.316863 0.907333 0.276304
-0.316863 0.907333 0.276304
-0.316863 0.907333 0.276304
0.430744 -0.697195 0.573043
0.430744 -0.697195 0.573043
0.430744 -0.697195 0.573043
0.430743 -0.697197 0.573042
0.430743 -0.697197 0.573042
0.430743 -0.697197 0.573042
-0.221384 -0.697194 -0.681843
-0.221384 -0.697194 -0.681843
-0.221384 -0.697194 -0.681843
-0.221381 -0.697198 -0.681840
-0.221381 -0.697198 -0.681840
-0.221381 -0.697198 -0.681840
-0.430744 0.697196 -0.573042
-0.430744 0.697196 -0.573042
-0.430744 0.697196 -0.573042
-0.430744 0.697195 -0.573043
-0.430744 0.697195 -0.573043
-0.430744 0.697195 -0.573043
0.221383 0.697193 0.681844
0.221383 0.697193 0.681844
0.221383 0.697193 0.681844
0.221382 0.697196 0.681841
0.221382 0.697196 0.681841
0.221382 0.697196 0.681841
0.551081 -0.681776 0.481135
0.551081 -0.681776 0.481135
0.551081 -0.681776 0.481135
0.549134 -0.683857 0.480408
0.549134 -0.683857 0.480408
0.549134 -0.683857 0.480408
-0.507038 -0.731535 -0.455818
-0.507038 -0.731535 -0.455818
-0.507038 -0.731535 -0.455818
-0.509128 -0.729616 -0.456562
-0.509128 -0.729616 -0.456562
-0.509128 -0.729616 -0.456562
-0.550622 0.681698 -0.481772
-0.550622 0.681698 -0.481772
-0.550622 0.681698 -0.481772
-0.549721 0.683747 -0.479893
-0.549721 0.683747 -0.479893
-0.549721 0.683747 -0.479893
0.507512 0.731591 0.455200
0.507512 0.731591 0.455200
0.507512 0.731591 0.455200
0.508578 0.729652 0.457118
0.508578 0.729652 0.457118
0.508578 0.729652 0.457118
0.647268 -0.688869 0.326351
0.647268 -0.688869 0.326351
0.647268 -0.688869 0.326351
0.647274 -0.688863 0.326350
0.647274 -0.688863 0.326350
0.647274 -0.688863 0.326350
-0.662858 -0.720069 -0.205234
-0.662858 -0.720069 -0.205234
-0.662858 -0.720069 -0.205234
-0.662860 -0.720066 -0.205234
-0.662860 -0.720066 -0.205234
-0.662860 -0.720066 -0.205234
-0.647272 0.688865 -0.326351
-0.647272 0.688865 -0.326350
-0.647272 0.688865 -0.326350
-0.647272 0.688864 -0.326351
-0.647272 0.688864 -0.326351
-0.647272 0.688864 -0.326351
0.662859 0.720068 0.205234
0.662859 0.720068 0.205234
0.662859 0.720068 0.205234
0.662859 0.720068 0.205234
0.662859 0.720068 0.205234
0.662859 0.720068 0.205234
0.582300 -0.677633 0.449155
0.582300 -0.677633 0.449155
0.582300 -0.677633 0.449155
0.582300 -0.677634 0.449154
0.582300 -0.677633 0.449155
0.582300 -0.677633 0.449154
-0.257127 -0.677632 -0.688985
-0.257127 -0.677632 -0.688985
-0.257127 -0.677632 -0.688985
-0.257125 -0.677633 -0.688984
-0.257125 -0.677633 -0.688984
-0.257125 -0.677633 -0.688984
-0.582300 0.677632 -0.449156
-0.582300 0.677632 -0.449156
-0.582300 0.677632 -0.449156
-0.582300 0.677633 -0.449154
-0.582300 0.677633 -0.449154
-0.582300 0.677633 -0.449154
0.257126 0.677633 0.688985
0.257126 0.677633 0.688985
0.257126 0.677633 0.688985
0.257125 0.677633 0.688984
0.257125 0.677633 0.688984
0.257125 0.677633 0.688984
0.676384 -0.651442 0.343697
0.676384 -0.651442 0.343697
0.676384 -0.651442 0.343697
0.676384 -0.651442 0.343697
0.676384 -0.651442 0.343697
0.676384 -0.651442 0.343697
-0.536929 -0.755524 -0.375353
-0.536929 -0.755524 -0.375353
-0.536929 -0.755524 -0.375353
-0.536932 -0.755522 -0.375354
-0.536932 -0.755522 -0.375354
-0.536932 -0.755522 -0.375354
-0.676384 0.651442 -0.343697
-0.676384 0.651442 -0.343697
-0.676384 0.651442 -0.343697
-0.676384 0.651442 -0.343698
-0.676384 0.651442 -0.343698
-0.676384 0.651442 -0.343698
0.536930 0.755524 0.375353
0.536930 0.755524 0.375353
0.536930 0.755524 0.375353
0.536931 0.755522 0.375354
0.536932 0.755522 0.375354
0.536931 0.755522 0.375354
0.271104 0.951004 -0.148638
0.271104 0.951004 -0.148638
0.271104 0.951005 -0.148638
0.290339 0.943837 -0.157721
0.290339 0.943837 -0.157721
0.290339 0.943837 -0.157721
0.272986 0.954398 -0.120841
0.272986 0.954398 -0.120841
0.272986 0.954398 -0.120841
0.217115 0.976144 -0.002226
0.217115 0.976144 -0.002226
0.217115 0.976144 -0.002226
0.040194 -0.051336 0.997872
0.040194 -0.051336 0.997872
0.040194 -0.051336 0.997872
0.015159 -0.056571 0.998284
0.015159 -0.056571 0.998284
0.015159 -0.056571 0.998284
0.023938 -0.001974 0.999711
0.023938 -0.001974 0.999711
0.023938 -0.001974 0.999711
0.024181 -0.002057 0.999705
0.024181 -0.002057 0.999705
0.024181 -0.002057 0.999705
0.011039 0.006888 0.999915
0.011039 0.006888 0.999915
0.011039 0.006888 0.999915
0.085004 0.606134 0.790807
0.085004 0.606134 0.790807
0.085004 0.606134 0.790807
0.082552 0.622123 0.778555
0.082552 0.622123 0.778555
0.082552 0.622124 0.778555
0.794919 -0.606630 -0.010204
0.794919 -0.606630 -0.010204
0.794919 -0.606630 -0.010204
0.710781 -0.701167 -0.056161
0.710782 -0.701167 -0.056161
0.710781 -0.701167 -0.056161
0.139856 -0.990137 0.008368
0.139856 -0.990137 0.008368
0.139856 -0.990137 0.008368
0.164040 -0.986184 0.023086
0.164040 -0.986183 0.023086
0.164040 -0.986183 0.023086
0.180806 -0.226012 0.957198
0.180806 -0.226012 0.957198
0.180806 -0.226012 0.957198
0.000884 -0.187024 0.982355
0.000884 -0.187024 0.982355
0.000884 -0.187024 0.982355
0.024729 -0.149882 0.988395
0.024729 -0.149882 0.988395
0.024729 -0.149882 0.988394
0.027390 -0.000000 -0.999625
0.027390 -0.000000 -0.999625
0.027390 -0.000000 -0.999625
-0.789417 0.084553 -0.608006
-0.789417 0.084553 -0.608006
-0.789417 0.084553 -0.608006
-0.383277 0.207532 -0.900016
-0.383276 0.207532 -0.900016
-0.383276 0.207532 -0.900016
-0.123503 0.000000 -0.992344
-0.123503 0.000000 -0.992344
-0.123503 0.000000 -0.992344
0.123503 -0.000000 -0.992344
0.123503 -0.000000 -0.992344
0.123503 -0.000000 -0.992344
0.123503 0.000000 -0.992344
0.123503 0.000000 -0.992344
0.123503 0.000000 -0.992344
0.792255 0.000000 -0.610190
0.792255 0.000000 -0.610190
0.792255 0.000000 -0.610190
0.792255 0.000000 -0.610190
0.792255 0.000000 -0.610190
0.792255 0.000000 -0.610190
0.792257 -0.000001 0.610188
0.792257 -0.000001 0.610188
0.792257 -0.000001 0.610188
0.792257 -0.000001 0.610188
0.792257 -0.000001 0.610188
0.792257 -0.000001 0.610188
0.123500 -0.000001 0.992345
0.123500 -0.000001 0.992345
0.123500 -0.000001 0.992345
0.123501 -0.000000 0.992344
0.123501 -0.000000 0.992344
0.123501 -0.000000 0.992344
-0.123500 0.000000 0.992345
-0.123500 0.000000 0.992345
-0.123500 0.000000 0.992345
-0.123501 -0.000001 0.992344
-0.123501 -0.000001 0.992344
-0.123501 -0.000001 0.992344
-0.982147 0.000000 0.188117
-0.982147 0.000000 0.188117
-0.982147 0.000000 0.188117
-0.768410 0.243505 0.591821
-0.768410 0.243505 0.591821
-0.768410 0.243505 0.591821
0.000000 -1.000000 0.000000
0.000000 -1.000000 0.000000
0.000000 -1.000000 0.000000
-0.000002 -1.000000 -0.000001
-0.000002 -1.000000 -0.000001
-0.000002 -1.000000 -0.000001
0.000002 -1.000000 -0.000002
0.000002 -1.000000 -0.000002
0.000002 -1.000000 -0.000002
0.000000 -1.000000 0.000003
0.000000 -1.000000 0.000003
0.000000 -1.000000 0.000003
0.000000 -1.000000 0.000000
0.000000 -1.000000 0.000000
0.000000 -1.000000 0.000000
0.000002 -1.000000 0.000001
0.000002 -1.000000 0.000001
0.000002 -1.000000 0.000001
-0.000000 -1.000000 -0.000003
-0.000000 -1.000000 -0.000003
-0.000000 -1.000000 -0.000003
-0.000002 -1.000000 0.000002
-0.000002 -1.000000 0.000002
-0.000002 -1.000000 0.000002
-1.000000 0.000000 0.000000
-1.000000 0.000000 0.000000
-1.000000 0.000000 0.000000
-0.026389 0.267867 0.963095
-0.026389 0.267867 0.963095
-0.026389 0.267867 0.963095
1.000000 -0.000001 0.000002
1.000000 -0.000001 0.000002
1.000000 -0.000001 0.000002
1.000000 -0.000000 0.000000
1.000000 -0.000000 0.000000
1.000000 -0.000000 0.000000
0.000000 -1.000000 0.000000
0.000000 -1.000000 0.000000
0.000000 -1.000000 0.000000
0.000012 -1.000000 0.000004
0.000012 -1.000000 0.000004
0.000012 -1.000000 0.000004
0.000012 -1.000000 0.000000
0.000012 -1.000000 0.000000
0.000012 -1.000000 0.000000
0.000012 -1.000000 -0.000000
0.000012 -1.000000 -0.000000
0.000012 -1.000000 -0.000000
0.000011 -1.000000 -0.000009
0.000011 -1.000000 -0.000009
0.000011 -1.000000 -0.000009
0.000011 -1.000000 -0.000009
0.000011 -1.000000 -0.000009
0.000011 -1.000000 -0.000009
0.000003 -1.000000 -0.000025
0.000003 -1.000000 -0.000025
0.000003 -1.000000 -0.000025
0.000002 -1.000000 0.000000
0.000002 -1.000000 0.000000
0.000002 -1.000000 0.000000
0.000000 -1.000000 0.000000
0.000000 -1.000000 0.000000
0.000000 -1.000000 0.000000
0.000000 -1.000000 0.000000
0.000000 -1.000000 0.000000
0.000000 -1.000000 0.000000
0.000000 -1.000000 0.000000
0.000000 -1.000000 0.000000
0.000000 -1.000000 0.000000
0.000000 -1.000000 0.000000
0.000000 -1.000000 0.000000
0.000000 -1.000000 0.000000
0.000000 -1.000000 0.000000
0.000000 -1.000000 0.000000
0.000000 -1.000000 0.000000
0.000000 -1.000000 0.000000
0.000000 -1.000000 0.000000
0.000000 -1.000000 0.000000
0.000000 -1.000000 0.000000
0.000000 -1.000000 0.000000
0.000000 -1.000000 0.000000
0.000000 -1.000000 0.000000
0.000000 -1.000000 0.000000
0.000000 -1.000000 0.000000
0.000000 -1.000000 0.000000
0.000000 -1.000000 0.000000
0.000000 -1.000000 0.000000
0.000000 -1.000000 0.000000
0.000000 -1.000000 0.000000
0.000000 -1.000000 0.000000
0.000000 -1.000000 0.000000
0.000000 -1.000000 0.000000
0.000000 -1.000000 0.000000
0.000000 -1.000000 0.000000
0.000000 -1.000000 0.000000
0.000000 -1.000000 0.000000
0.772749 -0.220550 0.595161
0.772749 -0.220550 0.595161
0.772749 -0.220550 0.595161
0.772746 -0.220553 0.595164
0.772746 -0.220553 0.595164
0.772746 -0.220553 0.595164
0.965797 -0.259301 0.000000
0.965797 -0.259301 0.000000
0.965797 -0.259301 0.000000
0.965797 -0.259300 0.000000
0.965797 -0.259300 0.000000
0.965797 -0.259300 0.000000
0.772745 -0.220553 -0.595165
0.772745 -0.220553 -0.595165
0.772745 -0.220553 -0.595165
0.772744 -0.220551 -0.595167
0.772744 -0.220551 -0.595167
0.772744 -0.220551 -0.595167
0.122487 -0.128032 -0.984177
0.122487 -0.128032 -0.984177
0.122487 -0.128032 -0.984177
0.122489 -0.128037 -0.984176
0.122489 -0.128037 -0.984176
0.122489 -0.128037 -0.984176
-0.122487 -0.128037 -0.984177
-0.122487 -0.128037 -0.984177
-0.122487 -0.128037 -0.984177
-0.122489 -0.128033 -0.984177
-0.122489 -0.128033 -0.984177
-0.122489 -0.128033 -0.984177
-0.772746 -0.220550 -0.595165
-0.772746 -0.220550 -0.595165
-0.772746 -0.220550 -0.595165
-0.772744 -0.220551 -0.595167
-0.772744 -0.220551 -0.595167
-0.772744 -0.220552 -0.595167
-0.965797 -0.259300 -0.000001
-0.965797 -0.259300 -0.000001
-0.965797 -0.259300 -0.000001
-0.965797 -0.259300 -0.000001
-0.965797 -0.259300 -0.000001
-0.965797 -0.259300 -0.000001
-0.772749 -0.220553 0.595160
-0.772749 -0.220553 0.595160
-0.772749 -0.220553 0.595160
-0.772747 -0.220550 0.595163
-0.772747 -0.220550 0.595163
-0.772747 -0.220550 0.595163
-0.122481 -0.128031 0.984178
-0.122481 -0.128031 0.984178
-0.122481 -0.128031 0.984178
-0.122482 -0.128034 0.984177
-0.122482 -0.128034 0.984177
-0.122482 -0.128034 0.984178
0.122481 -0.128034 0.984178
0.122481 -0.128034 0.984178
0.122481 -0.128034 0.984178
0.122482 -0.128031 0.984178
0.122482 -0.128031 0.984178
0.122482 -0.128031 0.984178
0.081848 0.975669 -0.203399
0.081848 0.975669 -0.203399
0.081848 0.975669 -0.203399
0.304740 0.942889 -0.134510
0.304740 0.942890 -0.134510
0.304740 0.942890 -0.134510
0.281264 0.954116 -0.102725
0.281264 0.954116 -0.102725
0.281264 0.954116 -0.102725
0.298457 0.951369 -0.076289
0.298457 0.951369 -0.076289
0.298457 0.951369 -0.076289
0.224879 0.972817 -0.055277
0.224879 0.972818 -0.055277
0.224879 0.972817 -0.055277
0.228259 0.968129 -0.103073
0.228259 0.968129 -0.103073
0.228259 0.968129 -0.103073
0.298810 0.954304 0.004164
0.298810 0.954304 0.004164
0.298810 0.954304 0.004164
0.168817 0.980813 -0.097501
0.168817 0.980813 -0.097501
0.168817 0.980813 -0.097501
0.169869 0.972527 -0.159170
0.169869 0.972527 -0.159170
0.169869 0.972527 -0.159170
0.258724 0.956443 -0.135201
0.258724 0.956443 -0.135201
0.258724 0.956443 -0.135201
0.286781 0.944983 -0.157366
0.286781 0.944983 -0.157366
0.286781 0.944983 -0.157366
0.271365 0.962456 -0.006254
0.271365 0.962456 -0.006254
0.271365 0.962456 -0.006254
0.286460 0.943425 -0.167004
0.286460 0.943425 -0.167004
0.286460 0.943425 -0.167004
-0.892116 0.369771 -0.259611
-0.892116 0.369771 -0.259611
-0.892116 0.369771 -0.259611
-0.899457 0.349521 -0.262320
-0.899457 0.349521 -0.262320
-0.899457 0.349521 -0.262320
-0.605452 0.229879 -0.761960
-0.605452 0.229879 -0.761960
-0.605452 0.229879 -0.761960
-0.613171 0.267148 -0.743406
-0.613171 0.267148 -0.743406
-0.613171 0.267148 -0.743406
0.032132 0.131164 -0.990840
0.032132 0.131164 -0.990840
0.032132 0.131164 -0.990840
0.020377 0.164077 -0.986237
0.020377 0.164077 -0.986237
0.020377 0.164077 -0.986237
0.933739 0.056678 0.353439
0.933739 0.056678 0.353439
0.933739 0.056678 0.353439
0.881345 -0.047085 0.470122
0.881345 -0.047085 0.470122
0.881345 -0.047085 0.470122
0.985013 -0.024279 0.170761
0.985013 -0.024279 0.170761
0.985013 -0.024279 0.170761
0.986403 -0.010351 0.164017
0.986403 -0.010351 0.164017
0.986403 -0.010351 0.164017
0.149369 0.317553 0.936402
0.149369 0.317553 0.936402
0.149369 0.317553 0.936402
0.165863 0.337330 0.926660
0.165863 0.337330 0.926660
0.165863 0.337330 0.926660
0.126221 -0.011024 0.991941
0.126221 -0.011024 0.991941
0.126221 -0.011024 0.991941
-0.024570 -0.101173 0.994565
-0.024570 -0.101173 0.994565
-0.024570 -0.101173 0.994565
0.801734 -0.365138 0.473177
0.801734 -0.365138 0.473177
0.801734 -0.365138 0.473177
0.800548 -0.365973 0.474538
0.800548 -0.365973 0.474538
0.800548 -0.365973 0.474538
0.680495 -0.518081 0.518188
0.680495 -0.518081 0.518188
0.680495 -0.518081 0.518188
0.651399 -0.680058 0.336452
0.651399 -0.680058 0.336452
0.651399 -0.680058 0.336452
0.960820 0.245023 0.129571
0.960820 0.245023 0.129571
0.960820 0.245023 0.129571
0.960782 0.246316 0.127382
0.960782 0.246316 0.127382
0.960782 0.246316 0.127382
0.929791 -0.295579 0.219367
0.929791 -0.295579 0.219367
0.929791 -0.295579 0.219367
0.943438 -0.279674 0.178064
0.943438 -0.279674 0.178064
0.943438 -0.279674 0.178064
0.140197 0.989984 -0.016626
0.140197 0.989984 -0.016626
0.140197 0.989984 -0.016626
0.115168 0.993344 -0.002166
0.115168 0.993344 -0.002166
0.115168 0.993344 -0.002166
0.083146 -0.265253 -0.960587
0.083146 -0.265253 -0.960587
0.083146 -0.265253 -0.960587
0.113304 -0.260964 -0.958676
0.113304 -0.260964 -0.958676
0.113304 -0.260964 -0.958676
0.059344 -0.472843 -0.879146
0.059344 -0.472843 -0.879146
0.059344 -0.472843 -0.879146
0.190085 -0.460487 -0.867075
0.190085 -0.460487 -0.867075
0.190085 -0.460487 -0.867076
0.011744 -0.996738 -0.079851
0.011744 -0.996738 -0.079851
0.011744 -0.996738 -0.079851
-0.010459 -0.994753 -0.101768
-0.010459 -0.994753 -0.101768
-0.010459 -0.994753 -0.101768
0.298669 -0.199338 0.933307
0.298669 -0.199338 0.933307
0.298669 -0.199338 0.933307
0.206652 -0.142045 0.968049
0.206652 -0.142045 0.968049
0.206652 -0.142045 0.968049
0.237095 0.006921 0.971462
0.237095 0.006921 0.971462
0.237095 0.006921 0.971462
0.181565 0.054395 0.981873
0.181565 0.054395 0.981873
0.181565 0.054395 0.981873
0.877678 -0.437644 -0.195317
0.877678 -0.437644 -0.195317
0.877678 -0.437644 -0.195317
0.879089 -0.438857 -0.186028
0.879089 -0.438857 -0.186028
0.879089 -0.438857 -0.186028
0.141127 0.989852 -0.016629
0.141127 0.989852 -0.016629
0.141127 0.989852 -0.016629
0.140914 0.989882 -0.016618
0.140914 0.989882 -0.016618
0.140914 0.989882 -0.016618
0.141477 0.989792 -0.017231
0.141477 0.989792 -0.017231
0.141477 0.989792 -0.017231
0.141267 0.989835 -0.016417
0.141267 0.989835 -0.016417
0.141267 0.989835 -0.016417
0.126115 0.991479 -0.032627
0.126115 0.991479 -0.032627
0.126115 0.991479 -0.032627
0.140646 0.989437 -0.035115
0.140646 0.989437 -0.035115
0.140646 0.989437 -0.035115
0.140457 0.989951 -0.016363
0.140457 0.989951 -0.016363
0.140457 0.989951 -0.016363
0.140430 0.989941 -0.017191
0.140430 0.989941 -0.017191
0.140430 0.989941 -0.017191
0.973423 0.225697 0.038842
0.973423 0.225697 0.038842
0.973423 0.225697 0.038842
0.973498 0.225389 0.038745
0.973498 0.225389 0.038745
0.973498 0.225389 0.038745
-0.059247 0.396202 0.916250
-0.059247 0.396203 0.916250
-0.059247 0.396203 0.916250
-0.059091 0.396410 0.916170
-0.059091 0.396410 0.916170
-0.059091 0.396410 0.916170
-0.879624 0.473664 0.043636
-0.879624 0.473664 0.043636
-0.879624 0.473664 0.043636
-0.896222 0.439556 0.059798
-0.896222 0.439556 0.059798
-0.896222 0.439556 0.059798
-0.109465 0.370052 -0.922539
-0.109465 0.370052 -0.922539
-0.109465 0.370052 -0.922539
-0.109544 0.370296 -0.922432
-0.109544 0.370296 -0.922432
-0.109544 0.370296 -0.922432
0.917837 -0.335866 -0.211587
0.917837 -0.335866 -0.211587
0.917837 -0.335866 -0.211587
0.915712 -0.400190 -0.036333
0.915712 -0.400190 -0.036333
0.915712 -0.400190 -0.036333
0.114876 0.993220 -0.017845
0.114876 0.993220 -0.017845
0.114876 0.993219 -0.017845
0.144101 0.988848 -0.037606
0.144101 0.988848 -0.037606
0.144101 0.988848 -0.037606
0.004504 -0.968362 0.249509
0.004504 -0.968362 0.249509
0.004504 -0.968362 0.249509
0.095379 -0.944115 0.315516
0.095379 -0.944115 0.315516
0.095379 -0.944115 0.315516
0.908401 -0.417859 -0.014216
0.908401 -0.417859 -0.014216
0.908401 -0.417859 -0.014216
0.923006 -0.316285 0.219143
0.923006 -0.316285 0.219143
0.923006 -0.316285 0.219143
0.140914 0.989882 -0.016618
0.140914 0.989882 -0.016618
0.140914 0.989882 -0.016618
0.140709 0.989911 -0.016648
0.140709 0.989911 -0.016648
0.140709 0.989911 -0.016648
0.141169 0.989985 0.001170
0.141169 0.989985 0.001170
0.141169 0.989985 0.001170
0.126834 0.991919 -0.003237
0.126834 0.991919 -0.003237
0.126834 0.991919 -0.003237
0.973498 0.225389 0.038745
0.973498 0.225389 0.038745
0.973498 0.225389 0.038745
0.973565 0.225081 0.038863
0.973565 0.225081 0.038863
0.973565 0.225081 0.038863
-0.882715 0.427157 -0.195833
-0.882715 0.427157 -0.195833
-0.882715 0.427157 -0.195833
-0.868477 0.461789 -0.180274
-0.868477 0.461789 -0.180274
-0.868477 0.461789 -0.180274
0.023986 0.001142 0.999712
0.023986 0.001142 0.999712
0.023986 0.001142 0.999712
0.030521 -0.002040 0.999532
0.030521 -0.002040 0.999532
0.030521 -0.002040 0.999532
0.019088 0.008139 0.999785
0.019088 0.008139 0.999785
0.019088 0.008139 0.999785
0.020100 0.007668 0.999769
0.020100 0.007668 0.999769
0.020100 0.007668 0.999769
0.684706 -0.003845 0.728809
0.684706 -0.003845 0.728809
0.684706 -0.003845 0.728809
0.687432 -0.005306 0.726229
0.687432 -0.005306 0.726229
0.687432 -0.005306 0.726229
0.038620 0.001146 0.999253
0.038620 0.001146 0.999253
0.038620 0.001146 0.999253
0.023775 0.007984 0.999685
0.023775 0.007984 0.999685
0.023775 0.007984 0.999685
0.022406 0.877192 0.479617
0.022406 0.877192 0.479617
0.022406 0.877192 0.479617
0.022366 0.876958 0.480046
0.022366 0.876958 0.480046
0.022366 0.876958 0.480046
0.877516 0.000817 0.479547
0.877516 0.000817 0.479546
0.877516 0.000817 0.479547
0.877515 0.000817 0.479549
0.877515 0.000817 0.479549
0.877515 0.000817 0.479549
0.013072 -0.878309 0.477915
0.013072 -0.878309 0.477915
0.013072 -0.878309 0.477915
0.013038 -0.878446 0.477664
0.013038 -0.878446 0.477664
0.013038 -0.878446 0.477664
0.072623 0.194695 0.978172
0.072623 0.194695 0.978172
0.072623 0.194695 0.978172
1.000000 -0.000000 -0.000000
1.000000 -0.000000 -0.000000
1.000000 -0.000000 -0.000000
1.000000 -0.000000 -0.000000
1.000000 -0.000000 -0.000000
1.000000 -0.000000 -0.000000
0.096462 0.389326 -0.916035
0.096462 0.389326 -0.916035
0.096462 0.389326 -0.916035
0.096462 0.389326 -0.916035
0.096462 0.389326 -0.916035
0.096462 0.389326 -0.916035
0.255404 -0.790395 -0.556816
0.255404 -0.790395 -0.556816
0.255404 -0.790395 -0.556816
0.255406 -0.790397 -0.556813
0.255406 -0.790397 -0.556813
0.255406 -0.790397 -0.556813
0.104939 -0.812718 0.573129
0.104939 -0.812718 0.573129
0.104939 -0.812718 0.573129
0.104950 -0.812716 0.573131
0.104950 -0.812716 0.573130
0.104950 -0.812716 0.573130
0.250784 0.630137 0.734870
0.250784 0.630137 0.734870
0.250784 0.630137 0.734870
0.250794 0.630138 0.734867
0.250794 0.630138 0.734866
0.250794 0.630138 0.734866
-0.753779 0.460867 0.468421
-0.753779 0.460867 0.468421
-0.753779 0.460867 0.468421
-0.879974 0.400575 0.255314
-0.879974 0.400575 0.255314
-0.879974 0.400575 0.255314
-0.808232 0.525511 0.265706
-0.808232 0.525511 0.265706
-0.808232 0.525511 0.265706
0.749196 0.434349 0.500046
0.749196 0.434349 0.500046
0.749196 0.434349 0.500046
0.748277 0.440982 0.495596
0.748277 0.440982 0.495596
0.748277 0.440982 0.495596
0.885572 0.410418 0.217531
0.885572 0.410418 0.217531
0.885572 0.410418 0.217531
0.814782 0.513080 0.269963
0.814782 0.513080 0.269963
0.814782 0.513080 0.269963
0.995355 -0.000000 0.096275
0.995355 -0.000000 0.096275
0.995355 -0.000000 0.096275
0.995355 -0.000000 0.096276
0.995355 -0.000000 0.096276
0.995355 -0.000000 0.096276
-0.995355 0.000000 0.096275
-0.995355 0.000000 0.096275
-0.995355 0.000000 0.096275
-0.995355 0.000000 0.096275
-0.995355 0.000000 0.096275
-0.995355 0.000000 0.096275
0.000000 -0.824779 0.565455
0.000000 -0.824779 0.565455
0.000000 -0.824779 0.565455
0.000000 -0.824779 0.565455
0.000000 -0.824779 0.565455
0.000000 -0.824779 0.565455
0.000000 -0.040828 0.999166
0.000000 -0.040828 0.999166
0.000000 -0.040828 0.999166
-0.000001 -0.040828 0.999166
-0.000001 -0.040828 0.999166
-0.000001 -0.040828 0.999166
0.000001 0.996760 0.080435
0.000001 0.996760 0.080435
0.000001 0.996760 0.080435
0.000000 0.996760 0.080435
0.000000 0.996760 0.080435
0.000000 0.996760 0.080435
0.999788 -0.000840 0.020560
0.999788 -0.000840 0.020560
0.999788 -0.000840 0.020560
0.999800 -0.000000 0.020015
0.999800 -0.000000 0.020015
0.999800 -0.000000 0.020015
-0.999801 -0.000815 0.019950
-0.999801 -0.000815 0.019950
-0.999801 -0.000815 0.019950
-0.999791 0.000000 0.020427
-0.999791 0.000000 0.020427
-0.999791 0.000000 0.020427
-0.000034 -0.987769 0.155921
-0.000034 -0.987769 0.155921
-0.000034 -0.987769 0.155921
0.000000 -0.987770 0.155920
0.000000 -0.987770 0.155920
0.000000 -0.987770 0.155920
0.000000 0.359219 0.933253
0.000000 0.359219 0.933253
0.000000 0.359219 0.933253
0.000008 0.359217 0.933254
0.000008 0.359217 0.933254
0.000008 0.359217 0.933254
-0.054968 0.940389 0.335630
-0.054968 0.940389 0.335630
-0.054968 0.940389 0.335630
-0.054599 0.934535 0.351659
-0.054599 0.934535 0.351659
-0.054599 0.934535 0.351659
-0.253521 0.942680 0.216982
-0.253521 0.942680 0.216982
-0.253521 0.942680 0.216982
-0.259970 0.922767 0.284459
-0.259970 0.922767 0.284459
-0.259970 0.922767 0.284459
-0.637892 0.769806 0.022202
-0.637892 0.769806 0.022202
-0.637892 0.769806 0.022202
-0.652506 0.751089 0.100506
-0.652506 0.751089 0.100506
-0.652506 0.751089 0.100506
-0.871655 0.489308 -0.028208
-0.871655 0.489308 -0.028208
-0.871655 0.489308 -0.028208
-0.871427 0.489598 -0.030133
-0.871427 0.489598 -0.030133
-0.871427 0.489598 -0.030133
-0.968772 0.184028 0.166176
-0.968772 0.184028 0.166176
-0.968772 0.184028 0.166176
-0.968743 0.184149 0.166209
-0.968743 0.184149 0.166209
-0.968743 0.184149 0.166209
-0.873360 0.125247 0.470697
-0.873360 0.125247 0.470697
-0.873360 0.125247 0.470697
-0.877536 0.066795 0.474836
-0.877536 0.066795 0.474836
-0.877536 0.066795 0.474836
-0.381809 0.242308 0.891913
-0.381809 0.242308 0.891913
-0.381809 0.242308 0.891913
-0.356594 0.121293 0.926353
-0.356594 0.121293 0.926353
-0.356594 0.121293 0.926353
-0.162068 0.279260 0.946440
-0.162068 0.279260 0.946440
-0.162068 0.279260 0.946440
-0.162354 0.282368 0.945468
-0.162354 0.282368 0.945468
-0.162354 0.282368 0.945468
-0.083154 0.291163 0.953053
-0.083154 0.291163 0.953053
-0.083154 0.291163 0.953053
-0.083191 0.291599 0.952916
-0.083191 0.291599 0.952916
-0.083191 0.291599 0.952916
0.306423 0.627378 0.715893
0.306423 0.627378 0.715893
0.306423 0.627378 0.715893
0.307481 0.627218 0.715579
0.307481 0.627218 0.715579
0.307481 0.627218 0.715579
0.307944 0.650973 0.693834
0.307943 0.650973 0.693834
0.307944 0.650973 0.693834
0.307687 0.651024 0.693900
0.307687 0.651024 0.693900
0.307687 0.651024 0.693900
-0.284337 -0.403216 0.869810
-0.284337 -0.403216 0.869810
-0.284337 -0.403216 0.869810
-0.298519 -0.374593 0.877819
-0.298519 -0.374593 0.877819
-0.298519 -0.374593 0.877819
-0.105541 -0.390436 0.914560
-0.105541 -0.390436 0.914560
-0.105541 -0.390436 0.914560
-0.106942 -0.380364 0.918633
-0.106942 -0.380364 0.918633
-0.106942 -0.380364 0.918633
0.282417 0.000199 0.959292
0.282417 0.000199 0.959292
0.282417 0.000199 0.959292
0.279083 0.000143 0.960267
0.279083 0.000143 0.960267
0.279083 0.000143 0.960267
0.272849 0.073193 0.959269
0.272849 0.073193 0.959269
0.272849 0.073193 0.959269
0.285306 0.073111 0.955644
0.285306 0.073111 0.955644
0.285306 0.073111 0.955644
-0.165534 0.538790 0.826017
-0.165534 0.538790 0.826017
-0.165534 0.538790 0.826017
-0.162245 0.508004 0.845936
-0.162245 0.508004 0.845937
-0.162245 0.508004 0.845937
-0.438837 0.495407 0.749663
-0.438837 0.495407 0.749663
-0.438837 0.495407 0.749663
-0.436630 0.484274 0.758177
-0.436630 0.484274 0.758177
-0.436630 0.484274 0.758177
-0.735503 0.113296 0.667981
-0.735503 0.113296 0.667981
-0.735503 0.113296 0.667982
-0.731770 0.113240 0.672078
-0.731770 0.113240 0.672078
-0.731770 0.113240 0.672078
-0.730981 0.044270 0.680961
-0.730981 0.044270 0.680961
-0.730981 0.044270 0.680961
-0.742227 0.044475 0.668671
-0.742227 0.044475 0.668671
-0.742227 0.044475 0.668671
-0.249129 0.737801 -0.627363
-0.249129 0.737801 -0.627363
-0.249129 0.737801 -0.627363
-0.238124 0.755061 -0.610884
-0.238124 0.755061 -0.610884
-0.238124 0.755061 -0.610884
0.015464 0.236085 -0.971609
0.015464 0.236085 -0.971609
0.015464 0.236085 -0.971609
0.054545 0.227280 -0.972301
0.054545 0.227280 -0.972301
0.054545 0.227280 -0.972301
-0.312110 -0.143534 -0.939141
-0.312110 -0.143534 -0.939141
-0.312110 -0.143534 -0.939141
-0.306023 -0.059413 -0.950169
-0.306023 -0.059413 -0.950168
-0.306023 -0.059413 -0.950168
-0.958270 0.012403 -0.285595
-0.958270 0.012403 -0.285595
-0.958270 0.012403 -0.285594
-0.961517 -0.034261 -0.272601
-0.961517 -0.034261 -0.272601
-0.961517 -0.034261 -0.272601
-0.993143 0.116066 0.013993
-0.993143 0.116066 0.013993
-0.993143 0.116066 0.013993
-0.993655 0.111485 0.014878
-0.993655 0.111485 0.014878
-0.993655 0.111485 0.014878
-0.914760 0.332309 0.229750
-0.914760 0.332309 0.229750
-0.914760 0.332309 0.229750
-0.920598 0.334396 0.201690
-0.920598 0.334396 0.201690
-0.920598 0.334396 0.201690
-0.765064 0.641573 0.055326
-0.765064 0.641573 0.055326
-0.765064 0.641573 0.055326
-0.720246 0.688192 0.087395
-0.720246 0.688192 0.087395
-0.720246 0.688192 0.087395
-0.582290 0.741970 -0.332292
-0.582290 0.741970 -0.332292
-0.582290 0.741970 -0.332292
-0.503688 0.821419 -0.267524
-0.503688 0.821419 -0.267524
-0.503688 0.821419 -0.267524
0.264843 0.921976 0.282522
0.264843 0.921976 0.282522
0.264843 0.921976 0.282522
0.248587 0.943882 0.217464
0.248587 0.943882 0.217464
0.248587 0.943882 0.217464
0.055872 0.935319 0.349366
0.055872 0.935319 0.349366
0.055872 0.935319 0.349366
0.053523 0.940655 0.335118
0.053523 0.940655 0.335118
0.053522 0.940655 0.335118
-0.308508 0.650843 0.693704
-0.308508 0.650843 0.693704
-0.308508 0.650843 0.693704
-0.308750 0.650780 0.693655
-0.308750 0.650780 0.693655
-0.308750 0.650780 0.693655
-0.308164 0.626985 0.715490
-0.308164 0.626985 0.715490
-0.308164 0.626985 0.715490
-0.307220 0.627275 0.715641
-0.307220 0.627275 0.715641
-0.307220 0.627275 0.715641
0.083154 0.291664 0.952900
0.083154 0.291664 0.952899
0.083154 0.291664 0.952899
0.083189 0.291213 0.953034
0.083189 0.291213 0.953035
0.083189 0.291213 0.953034
0.162064 0.282609 0.945446
0.162064 0.282609 0.945446
0.162064 0.282608 0.945446
0.162360 0.279389 0.946351
0.162360 0.279389 0.946351
0.162360 0.279389 0.946351
0.370514 0.140420 0.918151
0.370514 0.140420 0.918151
0.370514 0.140420 0.918151
0.371843 0.245008 0.895379
0.371843 0.245008 0.895379
0.371843 0.245008 0.895379
0.856758 0.089058 0.507971
0.856758 0.089058 0.507971
0.856758 0.089058 0.507971
0.843291 0.142900 0.518111
0.843291 0.142900 0.518111
0.843291 0.142900 0.518111
0.959006 0.214600 0.185080
0.959006 0.214600 0.185080
0.959006 0.214600 0.185080
0.960259 0.210269 0.183548
0.960259 0.210269 0.183548
0.960259 0.210269 0.183548
0.849813 0.526681 -0.020601
0.849813 0.526681 -0.020601
0.849813 0.526681 -0.020601
0.850789 0.525265 -0.015959
0.850789 0.525265 -0.015959
0.850789 0.525265 -0.015959
0.656787 0.747548 0.099002
0.656788 0.747549 0.099002
0.656787 0.747548 0.099002
0.634616 0.772385 0.026160
0.634616 0.772385 0.026160
0.634616 0.772384 0.026160
0.105949 -0.380201 0.918815
0.105949 -0.380201 0.918815
0.105949 -0.380201 0.918815
0.106499 -0.391298 0.914081
0.106499 -0.391298 0.914081
0.106499 -0.391298 0.914081
0.295621 -0.376615 0.877935
0.295621 -0.376615 0.877935
0.295621 -0.376615 0.877935
0.286291 -0.403396 0.869085
0.286291 -0.403396 0.869085
0.286291 -0.403396 0.869085
0.742150 0.045494 0.668687
0.742150 0.045494 0.668687
0.742150 0.045494 0.668687
0.730199 0.043148 0.681871
0.730199 0.043148 0.681871
0.730199 0.043148 0.681871
0.731923 0.112942 0.671962
0.731923 0.112942 0.671962
0.731923 0.112942 0.671962
0.735462 0.113604 0.667975
0.735462 0.113604 0.667975
0.735462 0.113604 0.667975
0.437675 0.483960 0.757776
0.437675 0.483960 0.757776
0.437675 0.483960 0.757775
0.437858 0.496325 0.749628
0.437858 0.496325 0.749628
0.437858 0.496325 0.749628
0.165508 0.510714 0.843670
0.165508 0.510714 0.843670
0.165508 0.510714 0.843670
0.162345 0.539152 0.826413
0.162345 0.539152 0.826413
0.162345 0.539152 0.826413
-0.285275 0.072368 0.955710
-0.285275 0.072368 0.955710
-0.285275 0.072368 0.955710
-0.272172 0.073989 0.959400
-0.272172 0.073989 0.959400
-0.272172 0.073989 0.959400
-0.279245 0.000330 0.960220
-0.279245 0.000330 0.960220
-0.279245 0.000330 0.960220
-0.282398 0.000005 0.959297
-0.282398 0.000005 0.959297
-0.282398 0.000005 0.959297
0.515830 0.817561 -0.255955
0.515830 0.817561 -0.255955
0.515830 0.817562 -0.255955
0.570134 0.745458 -0.345311
0.570134 0.745458 -0.345311
0.570134 0.745458 -0.345311
0.727818 0.679600 0.091783
0.727818 0.679600 0.091783
0.727818 0.679600 0.091783
0.760665 0.647385 0.047769
0.760665 0.647385 0.047769
0.760665 0.647385 0.047769
0.919751 0.335916 0.203023
0.919751 0.335916 0.203023
0.919751 0.335916 0.203023
0.915259 0.330550 0.230300
0.915259 0.330550 0.230300
0.915259 0.330550 0.230300
0.993688 0.111276 0.014214
0.993688 0.111276 0.014214
0.993688 0.111276 0.014214
0.993045 0.116825 0.014631
0.993045 0.116825 0.014631
0.993045 0.116825 0.014631
0.959675 -0.035254 -0.278893
0.959675 -0.035254 -0.278893
0.959675 -0.035254 -0.278893
0.960097 0.014597 -0.279287
0.960097 0.014597 -0.279287
0.960097 0.014597 -0.279287
0.310783 -0.064135 -0.948315
0.310783 -0.064135 -0.948315
0.310783 -0.064135 -0.948315
0.307667 -0.143786 -0.940567
0.307667 -0.143786 -0.940567
0.307667 -0.143786 -0.940567
-0.053544 0.229222 -0.971900
-0.053544 0.229222 -0.971900
-0.053544 0.229222 -0.971900
-0.013727 0.234608 -0.971993
-0.013727 0.234608 -0.971993
-0.013727 0.234608 -0.971993
0.240418 0.755442 -0.609514
0.240418 0.755442 -0.609514
0.240418 0.755442 -0.609514
0.247609 0.735708 -0.630415
0.247609 0.735708 -0.630415
0.247609 0.735708 -0.630415
0.934662 -0.336113 0.115907
0.934662 -0.336113 0.115907
0.934662 -0.336113 0.115907
0.971124 -0.237629 -0.021217
0.971124 -0.237629 -0.021217
0.971124 -0.237629 -0.021217
-0.969778 -0.223764 0.097264
-0.969778 -0.223764 0.097264
-0.969778 -0.223764 0.097264
-0.946531 -0.318298 -0.052585
-0.946531 -0.318298 -0.052585
-0.946531 -0.318298 -0.052585
0.810295 -0.467825 -0.352933
0.810295 -0.467825 -0.352933
0.810295 -0.467825 -0.352933
0.810295 -0.467824 -0.352934
0.810295 -0.467824 -0.352934
0.810295 -0.467824 -0.352934
0.000000 -0.935649 -0.352932
0.000000 -0.935649 -0.352932
0.000000 -0.935649 -0.352932
0.000000 -0.935649 -0.352933
0.000000 -0.935649 -0.352933
0.000000 -0.935649 -0.352933
-0.810295 -0.467824 -0.352933
-0.810295 -0.467824 -0.352933
-0.810295 -0.467824 -0.352933
-0.810296 -0.467824 -0.352933
-0.810296 -0.467824 -0.352933
-0.810296 -0.467824 -0.352933
-0.810295 0.467824 -0.352933
-0.810295 0.467824 -0.352933
-0.810295 0.467824 -0.352933
-0.810295 0.467824 -0.352934
-0.810295 0.467824 -0.352934
-0.810295 0.467824 -0.352934
0.000000 0.935649 -0.352933
0.000000 0.935649 -0.352933
0.000000 0.935649 -0.352933
0.000000 0.935649 -0.352933
0.000000 0.935649 -0.352933
0.000000 0.935649 -0.352933
0.810295 0.467824 -0.352934
0.810295 0.467824 -0.352934
0.810295 0.467824 -0.352934
0.810296 0.467824 -0.352933
0.810296 0.467824 -0.352933
0.810296 0.467824 -0.352933
0.000000 0.000000 1.000000
0.000000 0.000000 1.000000
0.000000 0.000000 1.000000
0.000000 -0.000007 1.000000
0.000000 -0.000007 1.000000
0.000000 -0.000007 1.000000
-0.000004 0.000000 1.000000
-0.000004 0.000000 1.000000
-0.000004 0.000000 1.000000
0.000000 0.000007 1.000000
0.000000 0.000007 1.000000
0.000000 0.000007 1.000000
0.188058 -0.108575 0.976138
0.188058 -0.108575 0.976138
0.188058 -0.108575 0.976138
0.188057 -0.108575 0.976138
0.188057 -0.108575 0.976138
0.188057 -0.108575 0.976138
0.188058 0.108575 0.976138
0.188058 0.108575 0.976138
0.188058 0.108575 0.976138
0.188058 0.108575 0.976138
0.188058 0.108575 0.976138
0.188058 0.108575 0.976138
0.000000 0.217150 0.976138
0.000000 0.217150 0.976138
0.000000 0.217150 0.976138
0.000000 0.217150 0.976138
0.000000 0.217150 0.976138
0.000000 0.217150 0.976138
-0.188058 0.108575 0.976138
-0.188058 0.108575 0.976138
-0.188058 0.108575 0.976138
-0.188058 0.108575 0.976138
-0.188058 0.108575 0.976138
-0.188058 0.108575 0.976138
-0.188058 -0.108575 0.976138
-0.188058 -0.108575 0.976138
-0.188058 -0.108575 0.976138
-0.188058 -0.108575 0.976138
-0.188058 -0.108575 0.976138
-0.188058 -0.108575 0.976138
0.000000 -0.217150 0.976138
0.000000 -0.217150 0.976138
0.000000 -0.217150 0.976138
0.000000 -0.217150 0.976138
0.000000 -0.217150 0.976138
0.000000 -0.217150 0.976138
0.866025 -0.500001 0.000000
0.866025 -0.500001 0.000000
0.866025 -0.500001 0.000000
0.866025 -0.500001 0.000000
0.866025 -0.500001 0.000000
0.866025 -0.500001 0.000000
0.866026 0.499999 0.000000
0.866026 0.499999 0.000000
0.866026 0.499999 0.000000
0.866026 0.499999 0.000000
0.866026 0.499999 0.000000
0.866026 0.499999 0.000000
0.000000 1.000000 0.000000
0.000000 1.000000 0.000000
0.000000 1.000000 0.000000
0.000000 1.000000 0.000000
0.000000 1.000000 0.000000
0.000000 1.000000 0.000000
-0.866026 0.499999 -0.000000
-0.866026 0.499999 -0.000000
-0.866026 0.499999 -0.000000
-0.866026 0.499999 -0.000000
-0.866026 0.499999 -0.000000
-0.866026 0.499999 -0.000000
-0.866025 -0.500001 -0.000000
-0.866025 -0.500001 -0.000000
-0.866025 -0.500001 -0.000000
-0.866025 -0.500001 -0.000000
-0.866025 -0.500001 -0.000000
-0.866025 -0.500001 -0.000000
0.000000 -1.000000 0.000000
0.000000 -1.000000 0.000000
0.000000 -1.000000 0.000000
0.000000 -1.000000 0.000000
0.000000 -1.000000 0.000000
0.000000 -1.000000 0.000000
0.704888 -0.405675 -0.581859
0.704888 -0.405675 -0.581859
0.704888 -0.405675 -0.581859
0.704774 -0.406894 -0.581146
0.704774 -0.406894 -0.581146
0.704774 -0.406894 -0.581146
0.705143 0.405820 -0.581450
0.705143 0.405820 -0.581450
0.705143 0.405820 -0.581450
0.704144 0.406528 -0.582166
0.704144 0.406528 -0.582165
0.704144 0.406528 -0.582166
0.000000 0.813069 -0.582168
0.000000 0.813069 -0.582168
0.000000 0.813069 -0.582168
0.000000 0.813069 -0.582167
0.000000 0.813069 -0.582168
0.000000 0.813069 -0.582168
-0.704139 0.406533 -0.582167
-0.704139 0.406533 -0.582167
-0.704139 0.406533 -0.582167
-0.704139 0.406534 -0.582166
-0.704139 0.406534 -0.582166
-0.704139 0.406534 -0.582166
-0.704139 -0.406536 -0.582166
-0.704139 -0.406536 -0.582166
-0.704139 -0.406536 -0.582166
-0.704139 -0.406535 -0.582166
-0.704139 -0.406536 -0.582166
-0.704139 -0.406536 -0.582166
0.000000 -0.813071 -0.582165
0.000000 -0.813071 -0.582165
0.000000 -0.813071 -0.582165
0.000000 -0.813071 -0.582165
0.000000 -0.813071 -0.582165
0.000000 -0.813071 -0.582165
0.503143 -0.290497 0.813916
0.503143 -0.290497 0.813916
0.503143 -0.290497 0.813916
0.501142 -0.291147 0.814917
0.501142 -0.291147 0.814917
0.501142 -0.291147 0.814917
0.501405 0.289492 0.815345
0.501405 0.289492 0.815345
0.501405 0.289492 0.815345
0.501845 0.291552 0.814340
0.501845 0.291552 0.814340
0.501845 0.291552 0.814340
0.000000 0.580988 0.813912
0.000000 0.580988 0.813912
0.000000 0.580988 0.813912
0.000000 0.580988 0.813912
0.000000 0.580988 0.813912
0.000000 0.580988 0.813912
-0.503150 0.290493 0.813912
-0.503150 0.290493 0.813912
-0.503150 0.290493 0.813912
-0.503147 0.290494 0.813914
-0.503147 0.290494 0.813914
-0.503147 0.290494 0.813914
-0.503148 -0.290493 0.813914
-0.503148 -0.290493 0.813914
-0.503148 -0.290493 0.813914
-0.503148 -0.290493 0.813914
-0.503148 -0.290493 0.813914
-0.503148 -0.290493 0.813914
0.000000 -0.580986 0.813914
0.000000 -0.580986 0.813914
0.000000 -0.580986 0.813914
0.000000 -0.580986 0.813914
0.000000 -0.580986 0.813914
0.000000 -0.580986 0.813914
0.866025 -0.476643 0.151039
0.866025 -0.476643 0.151039
0.866025 -0.476643 0.151039
0.866026 -0.476640 0.151038
0.866026 -0.476640 0.151038
0.866026 -0.476640 0.151038
0.000000 0.953283 -0.302077
0.000000 0.953283 -0.302077
0.000000 0.953283 -0.302077
0.000000 0.953283 -0.302078
0.000000 0.953283 -0.302077
0.000000 0.953283 -0.302078
-0.866025 -0.476643 0.151039
-0.866025 -0.476643 0.151039
-0.866025 -0.476643 0.151039
-0.866026 -0.476640 0.151038
-0.866026 -0.476640 0.151038
-0.866026 -0.476640 0.151038
0.866026 0.472527 0.163454
0.866026 0.472527 0.163454
0.866026 0.472527 0.163454
0.866028 0.472524 0.163453
0.866028 0.472524 0.163453
0.866028 0.472524 0.163453
0.000000 -0.945056 -0.326909
0.000000 -0.945056 -0.326909
0.000000 -0.945056 -0.326909
0.000000 -0.945056 -0.326909
0.000000 -0.945056 -0.326909
0.000000 -0.945056 -0.326909
-0.866026 0.472528 0.163454
-0.866026 0.472528 0.163454
-0.866026 0.472528 0.163454
-0.866028 0.472524 0.163453
-0.866028 0.472524 0.163453
-0.866028 0.472524 0.163453
0.000000 0.302077 0.953283
0.000000 0.302077 0.953283
0.000000 0.302077 0.953283
0.000000 -0.326937 0.945046
0.000000 -0.326937 0.945046
0.000000 -0.326937 0.945046
-0.352949 -0.467820 -0.810291
-0.352949 -0.467820 -0.810291
-0.352949 -0.467820 -0.810291
-0.352938 -0.467827 -0.810292
-0.352938 -0.467827 -0.810292
-0.352938 -0.467827 -0.810292
-0.352955 -0.935640 0.000000
-0.352955 -0.935640 0.000000
-0.352955 -0.935640 0.000000
-0.352955 -0.935640 0.000000
-0.352955 -0.935640 0.000000
-0.352955 -0.935640 0.000000
-0.352934 -0.467823 0.810296
-0.352934 -0.467823 0.810296
-0.352934 -0.467823 0.810296
-0.352951 -0.467828 0.810286
-0.352951 -0.467828 0.810286
-0.352951 -0.467827 0.810286
-0.352938 0.467827 0.810292
-0.352938 0.467827 0.810292
-0.352938 0.467827 0.810292
-0.352932 0.467831 0.810292
-0.352932 0.467831 0.810292
-0.352932 0.467831 0.810292
-0.352931 0.935649 0.000000
-0.352931 0.935649 0.000000
-0.352931 0.935649 0.000000
-0.352931 0.935649 0.000000
-0.352931 0.935649 0.000000
-0.352931 0.935649 0.000000
-0.352938 0.467827 -0.810292
-0.352938 0.467827 -0.810292
-0.352938 0.467827 -0.810292
-0.352938 0.467827 -0.810292
-0.352938 0.467827 -0.810292
-0.352938 0.467827 -0.810292
1.000000 -0.000001 0.000001
1.000000 -0.000001 0.000001
1.000000 -0.000001 0.000001
1.000000 -0.000002 0.000000
1.000000 -0.000002 0.000000
1.000000 -0.000002 0.000000
1.000000 -0.000001 0.000000
1.000000 -0.000001 0.000000
1.000000 -0.000001 0.000000
1.000000 0.000000 0.000000
1.000000 0.000000 0.000000
1.000000 0.000000 0.000000
0.976139 -0.108574 -0.188056
0.976139 -0.108574 -0.188056
0.976139 -0.108574 -0.188056
0.976139 -0.108574 -0.188054
0.976139 -0.108574 -0.188054
0.976139 -0.108574 -0.188054
0.976138 0.108575 -0.188056
0.976139 0.108575 -0.188056
0.976139 0.108575 -0.188056
0.976139 0.108575 -0.188056
0.976139 0.108575 -0.188056
0.976139 0.108575 -0.188056
0.976138 0.217150 -0.000000
0.976138 0.217150 -0.000000
0.976138 0.217150 -0.000000
0.976138 0.217149 -0.000001
0.976138 0.217149 -0.000001
0.976138 0.217149 -0.000001
0.976139 0.108575 0.188056
0.976139 0.108575 0.188056
0.976139 0.108575 0.188056
0.976139 0.108576 0.188051
0.976139 0.108576 0.188051
0.976139 0.108576 0.188051
0.976139 -0.108572 0.188054
0.976139 -0.108572 0.188054
0.976139 -0.108572 0.188054
0.976138 -0.108580 0.188056
0.976138 -0.108580 0.188056
0.976138 -0.108580 0.188056
0.976139 -0.217145 0.000000
0.976139 -0.217145 0.000000
0.976139 -0.217145 0.000000
0.976139 -0.217145 0.000000
0.976139 -0.217145 0.000000
0.976139 -0.217145 0.000000
-0.000003 -0.500012 -0.866019
-0.000003 -0.500012 -0.866019
-0.000003 -0.500012 -0.866019
0.000000 -0.500004 -0.866023
0.000000 -0.500004 -0.866023
0.000000 -0.500004 -0.866023
0.000000 0.500012 -0.866019
0.000000 0.500012 -0.866019
0.000000 0.500012 -0.866019
-0.000003 0.500004 -0.866023
-0.000003 0.500004 -0.866023
-0.000003 0.500004 -0.866023
0.000000 1.000000 0.000000
0.000000 1.000000 0.000000
0.000000 1.000000 0.000000
0.000000 1.000000 0.000000
0.000000 1.000000 0.000000
0.000000 1.000000 0.000000
0.000000 0.500020 0.866014
0.000000 0.500020 0.866014
0.000000 0.500020 0.866014
0.000000 0.500020 0.866014
0.000000 0.500020 0.866014
0.000000 0.500020 0.866014
0.000000 -0.500020 0.866014
0.000000 -0.500020 0.866014
0.000000 -0.500020 0.866014
0.000000 -0.500020 0.866014
0.000000 -0.500020 0.866014
0.000000 -0.500020 0.866014
0.000000 -1.000000 0.000000
0.000000 -1.000000 0.000000
0.000000 -1.000000 0.000000
0.000000 -1.000000 0.000000
0.000000 -1.000000 0.000000
0.000000 -1.000000 0.000000
-0.637139 -0.659998 -0.398066
-0.637139 -0.659998 -0.398066
-0.637139 -0.659998 -0.398066
-0.966618 -0.128113 -0.221893
-0.966618 -0.128113 -0.221893
-0.966618 -0.128113 -0.221893
-0.765809 0.618573 -0.175796
-0.765809 0.618573 -0.175796
-0.765809 0.618573 -0.175796
-0.582164 0.406544 -0.704136
-0.582164 0.406544 -0.704136
-0.582164 0.406544 -0.704136
-0.582154 0.813078 -0.000000
-0.582154 0.813078 -0.000000
-0.582154 0.813078 -0.000000
-0.582155 0.813078 0.000000
-0.582155 0.813078 0.000000
-0.582155 0.813078 0.000000
-0.582165 0.406546 0.704134
-0.582165 0.406546 0.704134
-0.582165 0.406546 0.704134
-0.582161 0.406552 0.704133
-0.582161 0.406552 0.704133
-0.582161 0.406552 0.704133
-0.582167 -0.406533 0.704140
-0.582167 -0.406533 0.704140
-0.582167 -0.406533 0.704140
-0.582179 -0.406546 0.704122
-0.582179 -0.406546 0.704122
-0.582179 -0.406546 0.704122
-0.582180 -0.813060 0.000000
-0.582180 -0.813060 0.000000
-0.582180 -0.813060 0.000000
-0.582180 -0.813060 -0.000001
-0.582180 -0.813060 -0.000001
-0.582180 -0.813060 -0.000001
0.813919 -0.290492 -0.503140
0.813919 -0.290492 -0.503140
0.813919 -0.290492 -0.503140
0.525925 -0.130164 -0.840512
0.525925 -0.130164 -0.840512
0.525925 -0.130164 -0.840512
0.476433 0.439609 -0.761417
0.476433 0.439609 -0.761417
0.476433 0.439609 -0.761417
0.639217 0.012344 -0.768927
0.639217 0.012344 -0.768927
0.639217 0.012344 -0.768927
0.813904 0.580999 0.000000
0.813904 0.580999 0.000000
0.813904 0.580999 0.000000
0.813904 0.581000 0.000000
0.813904 0.581000 0.000000
0.813904 0.581000 0.000000
0.813911 0.290501 0.503149
0.813911 0.290501 0.503149
0.813911 0.290501 0.503149
0.813912 0.290502 0.503146
0.813912 0.290502 0.503146
0.813912 0.290502 0.503146
0.813912 -0.290501 0.503147
0.813912 -0.290501 0.503147
0.813912 -0.290501 0.503147
0.813918 -0.290489 0.503144
0.813918 -0.290489 0.503144
0.813918 -0.290489 0.503144
0.813922 -0.580974 0.000000
0.813922 -0.580974 0.000000
0.813922 -0.580974 0.000000
0.813922 -0.580974 0.000000
0.813922 -0.580974 0.000000
0.813922 -0.580974 0.000000
</float_array>
          <technique_common>
            <accessor source="#hull-Normal0-array" count="4074" stride="3">
              <param name="X" type="float"/>
              <param name="Y" type="float"/>
              <param name="Z" type="float"/>
            </accessor>
          </technique_common>
        </source>
        <source id="hull-UV0">
          <float_array id="hull-UV0-array" count="3394">
0.500818 0.709095
0.502506 0.743534
0.454194 0.742723
0.452516 0.705970
0.734573 0.085742
0.733510 0.074535
0.902708 0.110106
0.953213 0.920183
0.954334 0.971161
0.927720 0.974170
0.923591 0.927368
0.803975 0.728758
0.689232 0.741389
0.690078 0.712971
0.804558 0.706929
0.569156 0.712747
0.563798 0.744960
0.962364 0.886681
0.963570 0.867430
0.947720 0.867344
0.946745 0.887454
0.502646 0.863394
0.462489 0.864105
0.461416 0.848090
0.506366 0.847482
0.149963 0.350315
0.152679 0.358072
0.143527 0.372640
0.137242 0.364987
0.243781 0.644207
0.249643 0.674939
0.232410 0.665462
0.229700 0.644283
0.572362 0.845689
0.577195 0.861419
0.245926 0.795074
0.310587 0.808864
0.288342 0.827059
0.234592 0.807745
0.819048 0.870570
0.829806 0.868947
0.830096 0.904366
0.818236 0.902648
0.847920 0.906872
0.841635 0.870188
0.219928 0.792454
0.213482 0.799849
0.243552 0.690719
0.275968 0.693848
0.273138 0.716480
0.278335 0.680336
0.204859 0.795575
0.608725 0.143059
0.558431 0.143059
0.562239 0.108887
0.608898 0.118192
0.926016 0.755817
0.990038 0.765816
0.926352 0.765325
0.983675 0.678899
0.920401 0.696277
0.920538 0.681890
0.983551 0.660934
0.692561 0.857527
0.695064 0.839674
0.808411 0.834733
0.806341 0.849645
0.184122 0.987019
0.177028 0.985166
0.161675 0.467194
0.169007 0.471150
0.159253 0.984420
0.129514 0.987327
0.144076 0.468992
0.161675 0.467194
0.113928 0.988983
0.106170 0.989827
0.130174 0.469908
0.045051 0.329633
0.044812 0.321686
0.068839 0.321029
0.068876 0.329005
0.143527 0.372640
0.152679 0.358072
0.122742 0.469295
0.137242 0.364987
0.040649 0.129246
0.047829 0.126339
0.044812 0.321686
0.044812 0.321686
0.045051 0.329633
0.040649 0.129246
0.047829 0.126339
0.092890 0.207167
0.068839 0.321029
0.044812 0.321686
0.092890 0.207167
0.097737 0.211183
0.068876 0.329005
0.068839 0.321029
0.227601 0.784651
0.263681 0.781912
0.333670 0.792825
0.978373 0.907936
0.977884 0.965733
0.979934 0.882664
0.981969 0.863297
0.579040 0.896422
0.492535 0.899295
0.803499 0.861716
0.692111 0.868364
0.978040 0.838902
0.973477 0.846702
0.955513 0.839797
0.177028 0.985166
0.504979 0.767572
0.454874 0.766042
0.568156 0.765940
0.808216 0.745356
0.808494 0.762255
0.693630 0.764522
0.272484 0.644090
0.330168 0.644719
0.335015 0.688045
0.504782 0.644301
0.453429 0.644301
0.562421 0.644301
0.690876 0.644301
0.809089 0.644301
0.921424 0.644301
0.983384 0.644301
0.099878 0.990576
0.331572 0.719969
0.394944 0.697073
0.396415 0.733426
0.393185 0.643959
0.492712 0.929239
0.578487 0.926930
0.576106 0.976794
0.494628 0.976411
0.520623 0.143059
0.519976 0.103115
0.552184 0.105764
0.552270 0.143059
0.743625 0.013945
0.733294 0.061844
0.661282 0.061079
0.622916 0.060672
0.632784 0.021699
0.902836 0.143059
0.902708 0.110106
0.929213 0.111161
0.929257 0.143059
0.818252 0.081673
0.823795 0.035032
0.936314 0.066209
0.930334 0.101783
0.903209 0.101502
0.873899 0.855431
0.943439 0.828550
0.660783 0.091933
0.661175 0.073361
0.352477 0.976541
0.265751 0.975362
0.266751 0.969292
0.353124 0.969869
0.272747 0.844822
0.269399 0.848626
0.218407 0.826342
0.562239 0.108887
0.552184 0.105764
0.576303 0.071789
0.585539 0.077174
0.733294 0.061844
0.733510 0.074535
0.661175 0.073361
0.661282 0.061079
0.818252 0.081673
0.903209 0.101502
0.902708 0.110106
0.903209 0.101502
0.930334 0.101783
0.602025 0.930726
0.421634 0.863288
0.416339 0.848366
0.394818 0.763228
0.276044 0.766100
0.323455 0.768744
0.234147 0.773071
0.235346 0.764100
0.222356 0.767855
0.960863 0.906774
0.945681 0.907854
0.976713 0.902367
0.450946 0.931080
0.448032 0.976477
0.977364 0.979047
0.954668 0.987570
0.929193 0.991627
0.389005 0.969579
0.387930 0.976648
0.393526 0.907153
0.407503 0.905517
0.406652 0.933933
0.392498 0.935935
0.404262 0.969141
0.404147 0.976709
0.391510 0.879043
0.408624 0.871912
0.374106 0.867308
0.382384 0.855490
0.289041 0.846388
0.299190 0.825463
0.401638 0.799666
0.456398 0.798543
0.506633 0.797702
0.569392 0.795416
0.697068 0.792729
0.808566 0.790042
0.928598 0.786035
0.990249 0.785399
0.990390 0.822756
0.327770 0.740330
0.806397 0.902128
0.808921 0.875361
0.275974 0.747956
0.342097 0.801940
0.373013 0.800759
0.898606 0.994103
0.898188 0.976191
0.897536 0.929399
0.198199 0.817391
0.189878 0.813705
0.592108 0.976872
0.674138 0.978647
0.674114 0.982002
0.655665 0.982515
0.654952 0.980928
0.666867 0.931545
0.673941 0.931092
0.674016 0.976294
0.666867 0.974792
0.705385 0.930640
0.707358 0.930640
0.707358 0.974611
0.705414 0.974706
0.657952 0.931092
0.657952 0.976156
0.626641 0.974611
0.626641 0.930640
0.664390 0.931545
0.666867 0.931545
0.666867 0.974792
0.664390 0.974792
0.703667 0.976578
0.703574 0.978430
0.705385 0.930640
0.705414 0.974706
0.664390 0.931545
0.664390 0.974792
0.652823 0.979372
0.674016 0.976294
0.674138 0.978647
0.654952 0.980928
0.705414 0.974706
0.703667 0.976578
0.703574 0.978430
0.703667 0.976578
0.707358 0.974611
0.674090 0.984217
0.674114 0.982002
0.703574 0.978430
0.653597 0.984080
0.655665 0.982515
0.653597 0.984080
0.652823 0.979372
0.654952 0.980928
0.655665 0.982515
0.211806 0.522909
0.193311 0.527323
0.194679 0.532279
0.212508 0.528023
0.212074 0.520902
0.193833 0.525255
0.193311 0.527323
0.211806 0.522909
0.212942 0.524776
0.195525 0.528933
0.193833 0.525255
0.212074 0.520902
0.213210 0.529177
0.196047 0.533274
0.195525 0.528933
0.212942 0.524776
0.212508 0.528023
0.194679 0.532279
0.196047 0.533274
0.213210 0.529177
0.410573 0.522936
0.409837 0.528047
0.410866 0.520895
0.410573 0.522936
0.410313 0.524745
0.410866 0.520895
0.409677 0.529165
0.410313 0.524745
0.409837 0.528047
0.409677 0.529165
0.447072 0.532647
0.445500 0.537540
0.446880 0.530531
0.447072 0.532647
0.445189 0.534115
0.446880 0.530531
0.444336 0.538447
0.445189 0.534115
0.445500 0.537540
0.444336 0.538447
0.470888 0.539571
0.469196 0.544429
0.469984 0.537248
0.470888 0.539571
0.467734 0.540670
0.469984 0.537248
0.467246 0.545108
0.467734 0.540670
0.469196 0.544429
0.467246 0.545108
0.195525 0.528933
0.196047 0.533274
0.194679 0.532279
0.193833 0.525255
0.193311 0.527323
0.469984 0.537248
0.470888 0.539571
0.469196 0.544429
0.467734 0.540670
0.467246 0.545108
0.337255 0.537052
0.363436 0.546376
0.365116 0.542910
0.337882 0.533211
0.337358 0.541152
0.363104 0.550322
0.363436 0.546376
0.337255 0.537052
0.337985 0.537312
0.364784 0.546856
0.363104 0.550322
0.337358 0.541152
0.337882 0.533211
0.365116 0.542910
0.364784 0.546856
0.337985 0.537312
0.316532 0.536976
0.315194 0.533141
0.317630 0.541091
0.316532 0.536976
0.316291 0.537255
0.317630 0.541091
0.315194 0.533141
0.316291 0.537255
0.296640 0.543925
0.294514 0.540365
0.298225 0.547870
0.296640 0.543925
0.296099 0.544309
0.298225 0.547870
0.294514 0.540365
0.296099 0.544309
0.401587 0.536877
0.437082 0.544105
0.438632 0.540462
0.401904 0.532982
0.402821 0.541087
0.437902 0.548231
0.437082 0.544105
0.401587 0.536877
0.403138 0.537193
0.439452 0.544588
0.437902 0.548231
0.402821 0.541087
0.401904 0.532982
0.438632 0.540462
0.439452 0.544588
0.403138 0.537193
0.368921 0.543123
0.368014 0.539462
0.370567 0.547254
0.368921 0.543123
0.369660 0.543594
0.370567 0.547254
0.368014 0.539462
0.369660 0.543594
0.918434 0.021603
0.919903 0.044930
0.891388 0.038690
0.890343 0.016440
0.884983 0.030365
0.884676 0.013896
0.738487 0.143059
0.902836 0.143059
0.661693 0.143059
0.661591 0.118176
0.948246 0.079893
0.947451 0.114957
0.986747 0.121042
0.990813 0.143059
0.951433 0.143059
0.947451 0.114957
0.930334 0.101783
0.947451 0.114957
0.929213 0.111161
0.951433 0.143059
0.929257 0.143059
0.972066 0.173028
0.971045 0.173028
0.971045 0.181466
0.971045 0.181466
0.972066 0.181466
0.972066 0.173028
0.967419 0.173028
0.967419 0.181466
0.963792 0.173028
0.963792 0.181466
0.983989 0.173028
0.982969 0.173028
0.982969 0.181466
0.983989 0.181466
0.982165 0.173028
0.981144 0.173028
0.981144 0.181466
0.982165 0.181466
0.981144 0.173028
0.977517 0.173028
0.977517 0.181466
0.981144 0.181466
0.973891 0.173028
0.973891 0.181466
0.973891 0.173028
0.972870 0.173028
0.971045 0.181466
0.971045 0.181466
0.973891 0.181466
0.973891 0.173028
0.963067 0.235746
0.959973 0.238853
0.959973 0.242501
0.974761 0.234620
0.963067 0.245608
0.974761 0.246734
0.986455 0.245608
0.989549 0.242501
0.989549 0.238853
0.986455 0.235746
0.972066 0.181466
0.971045 0.181466
0.972870 0.173028
0.972870 0.173028
0.972066 0.173028
0.972066 0.181466
0.982969 0.173028
0.982165 0.173028
0.982165 0.181466
0.982969 0.181466
0.993117 0.250489
0.998150 0.243994
0.994276 0.243298
0.990128 0.248119
0.998150 0.237361
0.994276 0.238056
0.993117 0.230865
0.990128 0.233235
0.974761 0.228594
0.974761 0.231523
0.956405 0.230865
0.959394 0.233235
0.951371 0.237361
0.955245 0.238056
0.951371 0.243994
0.955245 0.243298
0.956405 0.250489
0.959394 0.248119
0.974761 0.252759
0.974761 0.249832
0.990128 0.248119
0.994276 0.243298
0.989549 0.242501
0.986455 0.245608
0.994276 0.243298
0.994276 0.238056
0.989549 0.238853
0.989549 0.242501
0.994276 0.238056
0.990128 0.233235
0.986455 0.235746
0.989549 0.238853
0.990128 0.233235
0.974761 0.231523
0.974761 0.234620
0.986455 0.235746
0.959394 0.233235
0.963067 0.235746
0.959394 0.233235
0.955245 0.238056
0.959973 0.238853
0.963067 0.235746
0.955245 0.238056
0.955245 0.243298
0.959973 0.242501
0.959973 0.238853
0.955245 0.243298
0.959394 0.248119
0.963067 0.245608
0.959973 0.242501
0.959394 0.248119
0.974761 0.249832
0.974761 0.246734
0.963067 0.245608
0.990128 0.248119
0.986455 0.245608
0.930787 0.055524
0.888568 0.044756
0.890470 0.042057
0.926160 0.050191
0.878724 0.032409
0.881869 0.031478
0.877689 0.003433
0.881050 0.008374
0.887714 0.009053
0.888354 0.012910
0.926856 0.016773
0.923906 0.019265
0.929866 0.017526
0.926160 0.050191
0.890470 0.042057
0.891388 0.038690
0.919903 0.044930
0.890470 0.042057
0.881869 0.031478
0.884983 0.030365
0.891388 0.038690
0.881869 0.031478
0.881050 0.008374
0.884676 0.013896
0.884983 0.030365
0.881050 0.008374
0.888354 0.012910
0.890343 0.016440
0.884676 0.013896
0.923906 0.019265
0.918434 0.021603
0.923906 0.019265
0.926160 0.050191
0.919903 0.044930
0.918434 0.021603
0.681993 0.906084
0.986207 0.845801
0.544093 0.052746
0.576303 0.071789
0.552184 0.105764
0.519976 0.103115
0.598025 0.047581
0.598561 0.037531
0.580453 0.038942
0.580200 0.047931
0.606982 0.037372
0.617133 0.038512
0.615538 0.026279
0.607459 0.024209
0.595555 0.017023
0.578233 0.022039
0.580465 0.029680
0.599030 0.027424
0.560113 0.030907
0.562539 0.036533
0.555007 0.040299
0.561535 0.040957
0.562539 0.036533
0.560113 0.030907
0.559828 0.049819
0.577248 0.055099
0.580200 0.047931
0.562810 0.044879
0.595451 0.057889
0.598025 0.047581
0.562539 0.036533
0.561535 0.040957
0.580465 0.029680
0.601315 0.036995
0.602945 0.037206
0.603489 0.022133
0.601928 0.020011
0.600701 0.053978
0.616019 0.053720
0.614406 0.052077
0.602400 0.052279
0.617996 0.038905
0.616361 0.038732
0.616440 0.023731
0.614784 0.025028
0.602945 0.037206
0.606982 0.037372
0.607459 0.024209
0.603489 0.022133
0.602400 0.052279
0.614406 0.052077
0.615197 0.050387
0.606504 0.050535
0.616361 0.038732
0.617133 0.038512
0.615197 0.050387
0.614406 0.052077
0.614784 0.025028
0.603489 0.022133
0.607459 0.024209
0.615538 0.026279
0.599030 0.027424
0.606504 0.050535
0.615197 0.050387
0.559828 0.049819
0.562810 0.044879
0.562810 0.044879
0.602400 0.052279
0.606504 0.050535
0.614784 0.025028
0.615538 0.026279
0.660212 0.143059
0.610280 0.143059
0.610439 0.119541
0.660113 0.119526
0.612632 0.095972
0.618321 0.072666
0.618321 0.072666
0.622916 0.060672
0.608725 0.143059
0.608898 0.118192
0.610439 0.119541
0.610280 0.143059
0.608898 0.118192
0.661591 0.118176
0.660113 0.119526
0.610439 0.119541
0.661591 0.118176
0.661693 0.143059
0.660212 0.143059
0.660113 0.119526
0.678816 0.348767
0.727119 0.345642
0.725440 0.382395
0.677128 0.383206
0.734681 0.200376
0.902816 0.176012
0.733618 0.211583
0.829473 0.920183
0.859095 0.927368
0.854966 0.974170
0.828352 0.971161
0.375659 0.368430
0.375076 0.346601
0.489556 0.352643
0.490402 0.381061
0.610478 0.352419
0.615837 0.384632
0.919043 0.888056
0.934662 0.888830
0.933688 0.868720
0.917838 0.868806
0.676988 0.503066
0.673268 0.487154
0.718218 0.487762
0.717146 0.503777
0.057094 0.352144
0.044373 0.366817
0.050658 0.374470
0.059810 0.359901
0.927191 0.283879
0.949934 0.283955
0.947224 0.305134
0.929991 0.314611
0.607272 0.485361
0.602440 0.501091
0.933708 0.434746
0.945042 0.447417
0.891292 0.466731
0.869047 0.448536
0.881871 0.870046
0.882683 0.902123
0.870823 0.903842
0.871113 0.868423
0.852999 0.906348
0.859284 0.869664
0.959706 0.432126
0.966152 0.439521
0.936083 0.330391
0.906497 0.356152
0.903666 0.333520
0.901299 0.320008
0.974775 0.435247
0.609006 0.167926
0.562348 0.177231
0.253618 0.395489
0.253282 0.404997
0.189596 0.405488
0.195959 0.318570
0.196083 0.300606
0.259096 0.321562
0.259233 0.335949
0.487074 0.497199
0.373293 0.489317
0.371223 0.474405
0.484570 0.479345
0.091254 0.988848
0.076138 0.472979
0.068806 0.469023
0.084160 0.986996
0.066384 0.986250
0.068806 0.469023
0.051207 0.470821
0.036646 0.989157
0.021060 0.990812
0.037305 0.471737
0.013301 0.991657
0.110166 0.331060
0.133992 0.330432
0.133954 0.322456
0.109927 0.323113
0.059810 0.359901
0.050658 0.374470
0.044373 0.366817
0.029873 0.471124
0.105764 0.130673
0.110166 0.331060
0.109927 0.323113
0.109927 0.323113
0.112945 0.127767
0.105764 0.130673
0.112945 0.127767
0.109927 0.323113
0.133954 0.322456
0.158006 0.208594
0.158006 0.208594
0.133954 0.322456
0.133992 0.330432
0.162853 0.212610
0.952034 0.424323
0.915953 0.421584
0.845964 0.432497
0.804802 0.965733
0.804313 0.907936
0.901473 0.884039
0.899438 0.864672
0.687100 0.538967
0.600594 0.536094
0.487523 0.508036
0.376135 0.501388
0.201594 0.478574
0.224122 0.479469
0.206157 0.486374
0.084160 0.986996
0.724761 0.405714
0.674655 0.407244
0.611479 0.405612
0.371419 0.385028
0.486004 0.404194
0.371140 0.401927
0.898488 0.283762
0.844619 0.327717
0.840804 0.284391
0.674852 0.283973
0.726205 0.283973
0.617213 0.283973
0.488758 0.283973
0.370545 0.283972
0.258211 0.283973
0.196250 0.283973
0.007009 0.992406
0.848062 0.359641
0.783219 0.373098
0.784690 0.336745
0.786449 0.283631
0.686922 0.568911
0.685006 0.616083
0.603528 0.616466
0.601147 0.566602
0.552292 0.180354
0.520085 0.183003
0.632893 0.264419
0.623024 0.225446
0.661390 0.225039
0.733402 0.224274
0.743733 0.272173
0.929321 0.174957
0.902816 0.176012
0.930255 0.184310
0.936047 0.219857
0.824705 0.250538
0.903318 0.185079
0.812679 0.206007
0.305735 0.495103
0.236195 0.468222
0.661283 0.212757
0.660891 0.194185
0.827158 0.616213
0.826510 0.609541
0.912884 0.608964
0.913883 0.615034
0.906887 0.484494
0.961227 0.466014
0.910235 0.488298
0.562348 0.177231
0.585648 0.208944
0.576411 0.214329
0.552292 0.180354
0.733402 0.224274
0.661390 0.225039
0.661283 0.212757
0.733618 0.211583
0.902816 0.176012
0.903318 0.185079
0.812679 0.206007
0.930255 0.184310
0.903318 0.185079
0.577609 0.570398
0.763295 0.488038
0.758000 0.502960
0.784817 0.402900
0.856179 0.408416
0.903590 0.405772
0.944288 0.403772
0.945487 0.412743
0.957278 0.407527
0.920544 0.908149
0.935727 0.909230
0.904694 0.903742
0.728688 0.570752
0.731602 0.616149
0.805323 0.979047
0.828019 0.987570
0.853493 0.991627
0.790630 0.609250
0.791704 0.616320
0.786108 0.546825
0.787137 0.575607
0.772982 0.573605
0.772131 0.545189
0.775372 0.608812
0.775487 0.616381
0.771010 0.511584
0.788124 0.518715
0.796962 0.964444
0.789501 0.899914
0.777996 0.439338
0.723237 0.438215
0.673001 0.437374
0.610242 0.435088
0.482566 0.432401
0.371068 0.429714
0.251036 0.425707
0.189245 0.462428
0.189385 0.425071
0.851864 0.380002
0.891998 0.874837
0.894521 0.901604
0.903661 0.387628
0.837538 0.441612
0.803101 0.440297
0.884080 0.994103
0.884499 0.976191
0.885151 0.929399
0.981435 0.457063
0.989756 0.453377
0.587526 0.616544
0.505496 0.618319
0.524682 0.620600
0.523969 0.622187
0.505521 0.621674
0.512767 0.571217
0.512767 0.614463
0.505619 0.615965
0.505693 0.570764
0.474249 0.570312
0.474220 0.614378
0.472276 0.614283
0.472276 0.570312
0.521682 0.570764
0.552993 0.570312
0.552993 0.614283
0.521682 0.615828
0.515244 0.571217
0.515244 0.614463
0.512767 0.614463
0.512767 0.571217
0.475968 0.616250
0.476060 0.618102
0.474220 0.614378
0.474249 0.570312
0.515244 0.571217
0.515244 0.614463
0.526811 0.619044
0.524682 0.620600
0.505496 0.618319
0.505619 0.615965
0.475968 0.616250
0.474220 0.614378
0.475968 0.616250
0.476060 0.618102
0.472276 0.614283
0.476060 0.618102
0.505521 0.621674
0.505545 0.623889
0.523969 0.622187
0.526037 0.623752
0.526037 0.623752
0.523969 0.622187
0.524682 0.620600
0.526811 0.619044
0.211638 0.522963
0.212340 0.528078
0.194510 0.532333
0.193142 0.527378
0.211906 0.520956
0.211638 0.522963
0.193142 0.527378
0.193665 0.525310
0.212774 0.524831
0.211906 0.520956
0.193665 0.525310
0.195356 0.528988
0.213042 0.529232
0.212774 0.524831
0.195356 0.528988
0.195879 0.533328
0.212340 0.528078
0.213042 0.529232
0.195879 0.533328
0.194510 0.532333
0.410404 0.522990
0.409669 0.528102
0.410698 0.520950
0.410404 0.522990
0.410144 0.524799
0.410698 0.520950
0.409508 0.529219
0.410144 0.524799
0.409669 0.528102
0.409508 0.529219
0.446904 0.532702
0.445332 0.537595
0.446711 0.530585
0.446904 0.532702
0.445020 0.534170
0.446711 0.530585
0.444167 0.538502
0.445020 0.534170
0.445332 0.537595
0.444167 0.538502
0.470719 0.539626
0.469027 0.544484
0.469815 0.537302
0.470719 0.539626
0.467565 0.540724
0.469815 0.537302
0.467078 0.545163
0.467565 0.540724
0.469027 0.544484
0.467078 0.545163
0.194510 0.532333
0.195879 0.533328
0.195356 0.528988
0.193665 0.525310
0.193142 0.527378
0.469815 0.537302
0.469027 0.544484
0.470719 0.539626
0.467565 0.540724
0.467078 0.545163
0.337086 0.537107
0.337713 0.533265
0.364947 0.542964
0.363267 0.546430
0.337189 0.541207
0.337086 0.537107
0.363267 0.546430
0.362935 0.550376
0.337816 0.537366
0.337189 0.541207
0.362935 0.550376
0.364615 0.546910
0.337713 0.533265
0.337816 0.537366
0.364615 0.546910
0.364947 0.542964
0.316364 0.537031
0.315025 0.533195
0.317461 0.541145
0.316364 0.537031
0.316122 0.537310
0.317461 0.541145
0.315025 0.533195
0.316122 0.537310
0.296471 0.543980
0.294346 0.540419
0.298056 0.547924
0.296471 0.543980
0.295931 0.544364
0.298056 0.547924
0.294346 0.540419
0.295931 0.544364
0.401418 0.536931
0.401735 0.533037
0.438463 0.540517
0.436913 0.544160
0.402652 0.541142
0.401418 0.536931
0.436913 0.544160
0.437733 0.548286
0.402969 0.537247
0.402652 0.541142
0.437733 0.548286
0.439283 0.544643
0.401735 0.533037
0.402969 0.537247
0.439283 0.544643
0.438463 0.540517
0.368753 0.543177
0.367845 0.539517
0.370398 0.547309
0.368753 0.543177
0.369491 0.543649
0.370398 0.547309
0.367845 0.539517
0.369491 0.543649
0.956361 0.020659
0.984452 0.015496
0.983407 0.037745
0.954892 0.043986
0.989812 0.029421
0.990119 0.012952
0.661700 0.167942
0.947862 0.171241
0.948960 0.206384
0.986855 0.165076
0.947862 0.171241
0.930255 0.184310
0.929321 0.174957
0.947862 0.171241
0.975686 0.186315
0.975686 0.194753
0.976707 0.194753
0.976707 0.194753
0.976707 0.186315
0.975686 0.186315
0.980334 0.194753
0.980334 0.186315
0.983961 0.194753
0.983961 0.186315
0.963763 0.186315
0.963763 0.194753
0.964784 0.194753
0.964784 0.186315
0.965588 0.186315
0.965588 0.194753
0.966608 0.194753
0.966608 0.186315
0.966608 0.186315
0.966608 0.194753
0.970235 0.194753
0.970235 0.186315
0.973862 0.194753
0.973862 0.186315
0.973862 0.186315
0.973862 0.194753
0.976707 0.194753
0.976707 0.194753
0.974883 0.186315
0.973862 0.186315
0.960025 0.212809
0.960025 0.216456
0.963118 0.219564
0.974812 0.220690
0.986507 0.219564
0.989600 0.216456
0.989600 0.212809
0.986507 0.209701
0.974812 0.208575
0.963118 0.209701
0.975686 0.194753
0.975686 0.186315
0.974883 0.186315
0.974883 0.186315
0.976707 0.194753
0.975686 0.194753
0.964784 0.186315
0.964784 0.194753
0.965588 0.194753
0.965588 0.186315
0.956457 0.224445
0.959445 0.222075
0.955297 0.217253
0.951423 0.217949
0.955297 0.212012
0.951423 0.211316
0.959445 0.207190
0.956457 0.204821
0.974812 0.205478
0.974812 0.202550
0.990179 0.207190
0.993168 0.204821
0.994328 0.212012
0.998202 0.211316
0.994328 0.217253
0.998202 0.217949
0.990179 0.222075
0.993168 0.224445
0.974812 0.223787
0.974812 0.226715
0.959445 0.222075
0.963118 0.219564
0.960025 0.216456
0.955297 0.217253
0.955297 0.217253
0.960025 0.216456
0.960025 0.212809
0.955297 0.212012
0.955297 0.212012
0.960025 0.212809
0.963118 0.209701
0.959445 0.207190
0.959445 0.207190
0.963118 0.209701
0.974812 0.208575
0.974812 0.205478
0.986507 0.209701
0.990179 0.207190
0.990179 0.207190
0.986507 0.209701
0.989600 0.212809
0.994328 0.212012
0.994328 0.212012
0.989600 0.212809
0.989600 0.216456
0.994328 0.217253
0.994328 0.217253
0.989600 0.216456
0.986507 0.219564
0.990179 0.222075
0.990179 0.222075
0.986507 0.219564
0.974812 0.220690
0.974812 0.223787
0.963118 0.219564
0.959445 0.222075
0.944008 0.054579
0.948634 0.049246
0.984325 0.041113
0.986227 0.043812
0.992926 0.030534
0.996071 0.031465
0.993745 0.007430
0.997106 0.002489
0.986441 0.011966
0.987081 0.008109
0.950889 0.018321
0.947939 0.015829
0.944928 0.016582
0.948634 0.049246
0.954892 0.043986
0.983407 0.037745
0.984325 0.041113
0.984325 0.041113
0.983407 0.037745
0.989812 0.029421
0.992926 0.030534
0.992926 0.030534
0.989812 0.029421
0.990119 0.012952
0.993745 0.007430
0.993745 0.007430
0.990119 0.012952
0.984452 0.015496
0.986441 0.011966
0.956361 0.020659
0.950889 0.018321
0.950889 0.018321
0.956361 0.020659
0.954892 0.043986
0.948634 0.049246
0.497641 0.545756
0.193427 0.485473
0.544201 0.233372
0.520085 0.183003
0.552292 0.180354
0.576411 0.214329
0.599690 0.241429
0.581865 0.241079
0.582118 0.250068
0.600225 0.251479
0.608646 0.251638
0.609124 0.264801
0.617203 0.262731
0.618798 0.250498
0.597219 0.271987
0.600695 0.261586
0.582130 0.259330
0.579897 0.266971
0.564204 0.252477
0.561778 0.258103
0.556672 0.248711
0.561778 0.258103
0.564204 0.252477
0.563199 0.248053
0.561493 0.239191
0.564475 0.244131
0.581865 0.241079
0.578913 0.233911
0.599690 0.241429
0.597115 0.231121
0.564204 0.252477
0.582130 0.259330
0.563199 0.248053
0.602979 0.252015
0.603593 0.268999
0.605154 0.266877
0.604610 0.251804
0.602366 0.235032
0.604065 0.236731
0.616071 0.236933
0.617684 0.235290
0.619660 0.250105
0.618026 0.250278
0.618104 0.265279
0.616449 0.263982
0.604610 0.251804
0.605154 0.266877
0.609124 0.264801
0.608646 0.251638
0.604065 0.236731
0.608169 0.238475
0.616861 0.238623
0.616071 0.236933
0.618026 0.250278
0.616071 0.236933
0.616861 0.238623
0.618798 0.250498
0.616449 0.263982
0.617203 0.262731
0.609124 0.264801
0.605154 0.266877
0.600695 0.261586
0.608169 0.238475
0.616861 0.238623
0.561493 0.239191
0.564475 0.244131
0.564475 0.244131
0.608169 0.238475
0.604065 0.236731
0.617203 0.262731
0.616449 0.263982
0.660222 0.166592
0.610547 0.166577
0.618429 0.213452
0.612741 0.190146
0.623024 0.225446
0.618429 0.213452
0.610547 0.166577
0.609006 0.167926
0.609006 0.167926
0.610547 0.166577
0.660222 0.166592
0.661700 0.167942
0.661700 0.167942
0.660222 0.166592
0.129580 0.309128
0.131632 0.319735
0.114960 0.318620
0.114160 0.316945
0.129580 0.309128
0.114160 0.316945
0.110856 0.317079
0.130795 0.307363
0.114160 0.316945
0.114960 0.318620
0.111945 0.319254
0.110856 0.317079
0.114960 0.318620
0.131632 0.319735
0.133756 0.321078
0.111945 0.319254
0.131632 0.319735
0.129580 0.309128
0.130795 0.307363
0.133756 0.321078
0.984857 0.964451
0.991672 0.899932
0.797250 0.495162
0.804619 0.505682
0.880444 0.465135
0.889345 0.483487
0.231707 0.560892
0.265919 0.560892
0.271914 0.551007
0.208986 0.551007
0.181771 0.635394
0.188400 0.624465
0.226226 0.624465
0.251345 0.635394
0.265919 0.560892
0.267600 0.562899
0.274229 0.551970
0.271914 0.551007
0.258661 0.617654
0.235493 0.618725
0.233961 0.621543
0.259576 0.620360
0.231707 0.560892
0.229775 0.562899
0.233961 0.621543
0.235493 0.618725
0.235493 0.618725
0.258661 0.617654
0.196424 0.567003
0.222039 0.565820
0.258661 0.617654
0.259576 0.620360
0.208986 0.551007
0.204655 0.551970
0.229775 0.562899
0.231707 0.560892
0.891574 0.947304
0.891599 0.959489
0.891573 0.959698
0.891550 0.948439
0.891687 0.973341
0.891660 0.973507
0.891838 0.985107
0.891807 0.985215
0.891936 0.991326
0.891898 0.990930
0.891143 0.988139
0.891133 0.987858
0.890963 0.984635
0.890966 0.984526
0.890859 0.974021
0.890867 0.974129
0.890809 0.962109
0.890817 0.962243
0.890778 0.947805
0.890789 0.948916
0.890998 0.947609
0.890992 0.948736
0.890900 0.990924
0.890725 0.976573
0.890715 0.976801
0.890877 0.990069
0.890688 0.964210
0.890680 0.965238
0.890694 0.963450
0.890686 0.964514
0.890741 0.962619
0.890731 0.963725
0.890786 0.974462
0.890770 0.974429
0.890901 0.986824
0.890879 0.986165
0.890887 0.989336
0.890866 0.988601
0.891245 0.968677
0.891190 0.957420
0.891176 0.958663
0.891226 0.968967
0.890992 0.960193
0.890992 0.961249
0.891033 0.979744
0.891029 0.979685
0.891215 0.984164
0.891207 0.983959
0.891433 0.986498
0.891403 0.986048
0.891511 0.979643
0.891475 0.979676
0.891364 0.975328
0.891341 0.975635
0.891687 0.973258
0.891599 0.959405
0.891573 0.959613
0.891660 0.973422
0.891574 0.947221
0.891550 0.948354
0.890998 0.947526
0.890992 0.948650
0.890778 0.947721
0.890789 0.948831
0.890809 0.962025
0.890817 0.962157
0.890859 0.973938
0.890867 0.974044
0.890963 0.984551
0.890967 0.984434
0.891143 0.988461
0.891134 0.988148
0.891936 0.991950
0.891898 0.991504
0.891838 0.985023
0.891807 0.985128
0.890688 0.964126
0.890725 0.976489
0.890715 0.976718
0.890680 0.965155
0.890900 0.990840
0.890877 0.989985
0.890887 0.989253
0.890866 0.988517
0.890901 0.986740
0.890879 0.986081
0.890786 0.974378
0.890770 0.974345
0.890741 0.962535
0.890731 0.963641
0.890694 0.963366
0.890686 0.964430
0.891247 0.968645
0.891366 0.975296
0.891343 0.975602
0.891228 0.968935
0.891513 0.979611
0.891477 0.979643
0.891435 0.986466
0.891405 0.986015
0.891217 0.984132
0.891209 0.983926
0.891035 0.979712
0.891031 0.979653
0.890994 0.960160
0.890994 0.961216
0.891192 0.957387
0.891178 0.958631
0.195382 0.138244
0.214051 0.127960
0.220606 0.131571
0.195382 0.145466
0.214051 0.127960
0.214051 0.107393
0.220606 0.103782
0.220606 0.131571
0.214051 0.107393
0.195382 0.097109
0.195382 0.089887
0.220606 0.103782
0.195382 0.097109
0.176714 0.107393
0.170158 0.103782
0.195382 0.089887
0.176714 0.107393
0.176714 0.127960
0.170158 0.131571
0.170158 0.103782
0.176714 0.127960
0.195382 0.138244
0.195382 0.145466
0.170158 0.131571
0.234801 0.118725
0.241311 0.114811
0.247820 0.118725
0.247820 0.126552
0.241311 0.130466
0.234801 0.126552
0.214051 0.127960
0.195382 0.138244
0.195382 0.123913
0.201043 0.120795
0.176714 0.127960
0.189721 0.120795
0.176714 0.107393
0.189721 0.114558
0.195382 0.097109
0.195382 0.111440
0.214051 0.107393
0.201043 0.114558
0.163846 0.097968
0.044384 0.097968
0.044384 0.107914
0.163846 0.107914
0.163846 0.088022
0.044384 0.088022
0.044384 0.097968
0.163846 0.097968
0.163846 0.088022
0.044384 0.088022
0.044384 0.088022
0.163846 0.088022
0.163846 0.097968
0.044384 0.097968
0.044384 0.088022
0.163846 0.088022
0.163846 0.107914
0.044384 0.107914
0.044384 0.097968
0.163846 0.097968
0.163846 0.107914
0.044384 0.107914
0.044384 0.107914
0.163846 0.107914
0.041038 0.097968
0.026752 0.122628
0.044384 0.107914
0.044384 0.097968
0.026752 0.073308
0.041038 0.097968
0.044384 0.097968
0.044384 0.088022
0.026752 0.073308
0.026752 0.073308
0.044384 0.088022
0.044384 0.088022
0.026752 0.097968
0.026752 0.073308
0.044384 0.088022
0.044384 0.097968
0.026752 0.122628
0.026752 0.097968
0.044384 0.097968
0.044384 0.107914
0.026752 0.122628
0.026752 0.122628
0.044384 0.107914
0.044384 0.107914
0.241311 0.130466
0.247820 0.126552
0.257450 0.132343
0.241311 0.142047
0.234801 0.126552
0.241311 0.130466
0.241311 0.142047
0.225171 0.132343
0.234801 0.118725
0.234801 0.126552
0.225171 0.132343
0.225171 0.112934
0.241311 0.114811
0.234801 0.118725
0.225171 0.112934
0.241311 0.103230
0.247820 0.118725
0.241311 0.114811
0.241311 0.103230
0.257450 0.112934
0.247820 0.126552
0.247820 0.118725
0.257450 0.112934
0.257450 0.132343
0.172080 0.052948
0.027025 0.052322
0.029032 0.055997
0.163285 0.056576
0.172080 0.052948
0.027025 0.052322
0.027025 0.052322
0.172080 0.052948
0.163285 0.056576
0.029032 0.055997
0.027025 0.052322
0.172080 0.052948
0.028106 0.063194
0.176637 0.063980
0.167869 0.060322
0.030305 0.059594
0.028106 0.063194
0.176637 0.063980
0.176637 0.063980
0.028106 0.063194
0.030305 0.059594
0.167869 0.060322
0.176637 0.063980
0.028106 0.063194
0.027025 0.052322
0.027025 0.052322
0.029032 0.055997
0.028106 0.063194
0.028106 0.063194
0.030305 0.059594
0.115154 0.075357
0.115154 0.082035
0.124818 0.080777
0.124818 0.075357
0.115154 0.082035
0.115154 0.082035
0.124818 0.080777
0.124818 0.080777
0.115154 0.082035
0.115154 0.075357
0.124818 0.075357
0.124818 0.080777
0.115154 0.075357
0.115154 0.068678
0.124818 0.069936
0.124818 0.075357
0.115154 0.068678
0.115154 0.068678
0.124818 0.069936
0.124818 0.069936
0.115154 0.068678
0.115154 0.075357
0.124818 0.075357
0.124818 0.069936
0.069271 0.073331
0.069271 0.075357
0.069271 0.077382
0.069271 0.077382
0.069271 0.075357
0.069271 0.073331
0.115154 0.082035
0.115154 0.075357
0.112156 0.075357
0.112156 0.077382
0.115154 0.068678
0.112156 0.073331
0.115154 0.068678
0.112156 0.073331
0.115154 0.075357
0.112156 0.075357
0.115154 0.082035
0.112156 0.077382
0.112156 0.075357
0.087584 0.075357
0.087584 0.077382
0.112156 0.077382
0.112156 0.073331
0.087584 0.073331
0.087584 0.075357
0.112156 0.075357
0.112156 0.073331
0.087584 0.073331
0.087584 0.073331
0.112156 0.073331
0.112156 0.075357
0.087584 0.075357
0.087584 0.073331
0.112156 0.073331
0.112156 0.077382
0.087584 0.077382
0.087584 0.075357
0.112156 0.075357
0.112156 0.077382
0.087584 0.077382
0.087584 0.077382
0.112156 0.077382
0.085284 0.075357
0.075465 0.080378
0.087584 0.077382
0.087584 0.077382
0.087584 0.075357
0.085284 0.075357
0.075465 0.070335
0.085284 0.075357
0.087584 0.075357
0.087584 0.075357
0.087584 0.073331
0.075465 0.070335
0.075465 0.070335
0.075465 0.070335
0.087584 0.073331
0.087584 0.073331
0.075465 0.075357
0.075465 0.070335
0.087584 0.073331
0.087584 0.075357
0.075465 0.080378
0.075465 0.075357
0.087584 0.075357
0.087584 0.077382
0.075465 0.080378
0.087584 0.077382
0.069271 0.075357
0.069271 0.077382
0.075465 0.080378
0.085284 0.075357
0.069271 0.073331
0.069271 0.075357
0.085284 0.075357
0.075465 0.070335
0.069271 0.073331
0.069271 0.073331
0.075465 0.070335
0.075465 0.070335
0.069271 0.075357
0.069271 0.073331
0.075465 0.070335
0.075465 0.075357
0.069271 0.077382
0.069271 0.075357
0.075465 0.075357
0.075465 0.080378
0.069271 0.077382
0.069271 0.077382
0.075465 0.080378
0.075465 0.080378
</float_array>
          <technique_common>
            <accessor source="#hull-UV0-array" count="1697" stride="2">
              <param name="S" type="float"/>
              <param name="T" type="float"/>
            </accessor>
          </technique_common>
        </source>
        <vertices id="hull-VERTEX">
          <input semantic="POSITION" source="#hull-POSITION"/>
        </vertices>
        <triangles count="1358" material="uh1n"><input semantic="VERTEX" offset="0" source="#hull-VERTEX"/><input semantic="NORMAL" offset="1" source="#hull-Normal0"/><input semantic="TEXCOORD" offset="2" set="0" source="#hull-UV0"/><p> 0 0 0 1 1 1 2 2 2 2 3 2 3 4 3 0 5 0 4 6 4 5 7 5 6 8 6 7 9 7 8 10 8 9 11 9 9 12 9 10 13 10 7 14 7 11 15 11 12 16 12 13 17 13 13 18 13 14 19 14 11 20 11 15 21 15 16 22 16 1 23 1 1 24 1 0 25 0 15 26 15 17 27 17 18 28 18 19 29 19 19 30 19 20 31 20 17 32 17 21 33 21 22 34 22 23 35 23 23 36 23 24 37 24 21 38 21 25 39 25 26 40 26 27 41 27 27 42 27 28 43 28 25 44 25 29 45 29 30 46 30 31 47 31 31 48 31 32 49 32 29 50 29 33 51 33 34 52 34 21 53 21 21 54 21 24 55 24 33 56 33 35 57 35 36 58 36 37 59 37 37 60 37 38 61 38 35 62 35 39 63 39 40 64 40 41 65 41 41 66 41 42 67 42 39 68 39 43 69 43 41 70 41 40 71 40 40 72 40 44 73 44 43 74 43 45 75 45 35 76 35 38 77 38 38 78 38 46 79 46 45 80 45 47 81 47 30 82 30 48 83 48 48 84 48 49 85 49 47 86 47 50 87 50 48 88 48 30 89 30 31 90 51 45 91 45 46 92 46 31 93 31 30 94 30 47 95 47 51 96 52 52 97 53 53 98 54 53 99 54 54 100 55 51 101 52 55 102 56 56 103 57 57 104 58 56 105 59 55 106 60 58 107 61 58 108 61 59 109 62 56 110 59 60 111 63 61 112 64 62 113 65 62 114 65 63 115 66 60 116 63 64 117 67 65 118 68 66 119 69 66 120 69 67 121 70 64 122 67 68 123 71 69 124 72 70 125 73 70 126 73 66 127 74 68 128 71 56 129 75 59 130 76 71 131 77 72 132 78 73 133 79 74 134 80 74 135 80 75 136 81 72 137 78 66 138 74 70 139 73 27 140 82 27 141 82 26 142 83 66 143 74 70 144 73 71 145 77 27 146 82 71 147 77 76 148 84 28 149 85 28 150 85 27 151 82 71 152 77 67 153 86 66 154 87 73 155 88 73 156 89 72 157 90 67 158 91 66 159 92 26 160 93 74 161 94 74 162 94 73 163 95 66 164 92 26 165 96 25 166 97 75 167 98 75 168 98 74 169 99 26 170 96 31 171 51 77 172 100 45 173 45 77 174 100 78 175 101 35 176 35 35 177 35 45 178 45 77 179 100 78 180 101 79 181 102 36 182 36 36 183 36 35 184 35 78 185 101 7 186 7 80 187 103 81 188 104 81 189 104 8 190 8 7 191 7 82 192 105 83 193 106 18 194 18 18 195 18 17 196 17 82 197 105 21 198 21 34 199 34 84 200 107 84 201 107 85 202 108 21 203 21 60 204 63 63 205 66 86 206 109 86 207 109 87 208 110 60 209 63 88 210 111 89 211 112 90 212 113 65 213 114 68 214 71 66 215 74 1 216 1 91 217 115 92 218 116 92 219 116 2 220 2 1 221 1 1 222 1 16 223 16 93 224 117 93 225 117 91 226 115 1 227 1 11 228 118 94 229 119 95 230 120 95 231 120 12 232 12 11 233 118 96 234 121 50 235 50 30 236 30 30 237 30 29 238 29 96 239 121 50 240 50 96 241 121 97 242 122 97 243 122 98 244 123 50 245 50 99 246 124 0 247 0 3 248 3 3 249 3 100 250 125 99 251 124 0 252 0 99 253 124 101 254 126 101 255 126 15 256 15 0 257 0 102 258 127 103 259 128 14 260 14 14 261 14 13 262 13 102 263 127 104 264 129 105 265 130 59 266 62 59 267 62 58 268 61 104 269 129 105 270 131 76 271 84 71 272 77 71 273 77 59 274 76 105 275 131 106 276 132 98 277 123 107 278 133 107 279 133 108 280 134 106 281 132 107 282 133 98 283 123 97 284 122 97 285 122 109 286 135 107 287 133 69 288 72 56 289 75 71 290 77 71 291 77 70 292 73 69 293 72 110 294 136 111 295 137 112 296 138 112 297 138 113 298 139 110 299 136 114 300 140 115 301 141 116 302 142 116 303 142 117 304 143 114 305 140 86 306 144 118 307 145 119 308 146 119 309 146 120 310 147 87 311 148 86 312 144 119 313 146 87 314 148 121 315 149 6 316 150 122 317 151 122 318 151 123 319 152 121 320 149 124 321 153 125 322 154 89 323 155 124 324 153 89 325 155 126 326 156 127 327 157 124 328 153 126 329 156 63 330 66 90 331 113 89 332 112 63 333 66 89 334 112 125 335 158 86 336 109 63 337 66 125 338 158 128 339 159 90 340 113 63 341 66 63 342 66 62 343 65 128 344 159 94 345 119 11 346 118 55 347 56 55 348 56 57 349 58 94 350 119 55 351 60 11 352 11 14 353 14 14 354 14 58 355 61 55 356 60 58 357 61 14 358 14 103 359 128 103 360 128 104 361 129 58 362 61 4 363 4 129 364 160 130 365 161 130 366 161 5 367 5 4 368 4 131 369 162 132 370 163 133 371 164 133 372 164 134 373 165 131 374 162 133 375 166 132 376 167 135 377 168 53 378 169 116 379 170 136 380 171 136 381 171 137 382 172 53 383 169 118 384 173 5 385 174 130 386 175 130 387 175 119 388 176 118 389 173 124 390 177 127 391 178 6 392 179 118 393 173 124 394 177 6 395 179 5 396 174 118 397 173 6 398 179 84 399 107 34 400 34 60 401 63 60 402 63 87 403 110 84 404 107 34 405 34 33 406 33 61 407 64 61 408 64 60 409 63 34 410 34 93 411 117 16 412 16 12 413 12 12 414 12 95 415 120 93 416 117 16 417 16 15 418 15 13 419 13 13 420 13 12 421 12 16 422 16 13 423 13 15 424 15 101 425 126 101 426 126 102 427 127 13 428 13 6 429 150 127 430 180 126 431 181 126 432 181 122 433 151 6 434 150 110 435 136 85 436 108 84 437 107 84 438 107 111 439 137 110 440 136 84 441 107 115 442 182 111 443 137 22 444 22 138 445 183 139 446 184 139 447 184 23 448 23 22 449 22 2 450 2 92 451 116 140 452 185 140 453 185 108 454 134 2 455 2 78 456 101 141 457 186 142 458 187 142 459 187 79 460 102 78 461 101 141 462 186 78 463 101 77 464 188 77 465 188 47 466 189 141 467 186 47 468 189 77 469 188 31 470 190 143 471 191 17 472 17 20 473 20 20 474 20 144 475 192 143 476 191 17 477 17 143 478 191 145 479 193 145 480 193 82 481 105 17 482 17 108 483 134 107 484 133 3 485 3 3 486 3 2 487 2 108 488 134 107 489 133 109 490 135 100 491 125 100 492 125 3 493 3 107 494 133 146 495 194 110 496 136 113 497 139 113 498 139 147 499 195 146 500 194 148 501 196 149 502 197 8 503 8 8 504 8 81 505 104 148 506 196 8 507 8 149 508 197 150 509 198 150 510 198 9 511 9 8 512 8 151 513 199 152 514 200 131 515 162 131 516 162 134 517 165 151 518 199 153 519 201 154 520 202 155 521 203 155 522 203 156 523 204 153 524 201 157 525 205 158 526 206 152 527 200 152 528 200 151 529 199 157 530 205 154 531 202 153 532 201 159 533 207 159 534 207 138 535 208 154 536 202 159 537 207 160 538 209 139 539 210 139 540 210 138 541 208 159 542 207 161 543 211 162 544 212 139 545 210 139 546 210 160 547 209 161 548 211 162 549 213 163 550 214 23 551 23 23 552 23 139 553 184 162 554 213 163 555 214 164 556 215 24 557 24 24 558 24 23 559 23 163 560 214 24 561 24 164 562 215 165 563 216 165 564 216 33 565 33 24 566 24 33 567 33 165 568 216 166 569 217 166 570 217 61 571 64 33 572 33 61 573 64 166 574 217 167 575 218 167 576 218 62 577 65 61 578 64 62 579 65 167 580 218 168 581 219 168 582 219 128 583 159 62 584 65 128 585 159 168 586 219 69 587 220 69 588 220 68 589 221 128 590 159 106 591 132 108 592 134 140 593 185 140 594 185 169 595 222 106 596 132 57 597 58 56 598 57 69 599 220 69 600 220 168 601 219 57 602 58 57 603 58 168 604 219 167 605 218 167 606 218 94 607 119 57 608 58 167 609 218 166 610 217 95 611 120 95 612 120 94 613 119 167 614 218 95 615 120 166 616 217 165 617 216 165 618 216 93 619 117 95 620 120 165 621 216 164 622 215 91 623 115 91 624 115 93 625 117 165 626 216 91 627 115 164 628 215 163 629 214 163 630 214 92 631 116 91 632 115 92 633 116 163 634 214 162 635 213 162 636 213 140 637 185 92 638 116 140 639 185 162 640 213 79 641 102 79 642 102 142 643 187 140 644 185 140 645 185 142 646 187 169 647 222 42 648 42 170 649 223 171 650 224 171 651 224 39 652 39 42 653 42 49 654 225 141 655 186 47 656 189 36 657 36 79 658 102 172 659 226 161 660 227 172 661 226 79 662 102 79 663 102 162 664 213 161 665 227 146 666 194 147 667 195 158 668 206 146 669 194 158 670 206 157 671 205 146 672 194 157 673 205 155 674 203 157 675 205 151 676 199 156 677 204 156 678 204 155 679 203 157 680 205 173 681 228 174 682 229 9 683 9 9 684 9 150 685 198 173 686 228 174 687 229 175 688 230 10 689 10 10 690 10 9 691 9 174 692 229 133 693 166 135 694 168 38 695 38 38 696 38 37 697 37 133 698 166 135 699 168 176 700 231 46 701 46 46 702 46 38 703 38 135 704 168 176 705 231 32 706 232 31 707 51 31 708 51 46 709 46 176 710 231 111 711 137 115 712 182 114 713 233 114 714 233 112 715 138 111 716 137 177 717 234 178 718 235 179 719 236 179 720 236 180 721 237 177 722 234 181 723 238 182 724 239 183 725 240 183 726 240 184 727 241 181 728 238 185 729 242 186 730 243 187 731 244 187 732 244 188 733 245 185 734 242 189 735 246 190 736 247 187 737 248 187 738 248 186 739 249 189 740 246 191 741 250 181 742 251 184 743 252 184 744 252 192 745 253 191 746 250 193 747 254 194 748 255 178 749 235 178 750 235 177 751 234 193 752 254 182 753 239 185 754 256 188 755 257 188 756 257 183 757 240 182 758 239 191 759 258 192 760 259 190 761 247 190 762 247 189 763 246 191 764 258 184 765 260 183 766 261 177 767 262 177 768 262 180 769 263 184 770 260 183 771 261 188 772 264 193 773 265 193 774 265 177 775 262 183 776 261 188 777 245 187 778 244 194 779 266 194 780 266 193 781 267 188 782 245 187 783 268 190 784 269 178 785 270 178 786 270 194 787 271 187 788 268 190 789 269 192 790 272 179 791 273 179 792 273 178 793 270 190 794 269 192 795 274 184 796 275 180 797 276 180 798 276 179 799 277 192 800 274 195 801 278 196 802 279 197 803 280 197 804 280 198 805 281 195 806 278 199 807 282 200 808 283 196 809 284 196 810 284 195 811 285 199 812 282 201 813 286 202 814 287 200 815 288 200 816 288 199 817 289 201 818 286 203 819 290 204 820 291 202 821 292 202 822 292 201 823 293 203 824 290 198 825 294 197 826 295 204 827 296 204 828 296 203 829 297 198 830 294 205 831 298 195 832 278 198 833 281 198 834 281 206 835 299 205 836 298 207 837 300 199 838 282 195 839 285 195 840 285 205 841 301 207 842 300 208 843 302 201 844 286 199 845 289 199 846 289 207 847 303 208 848 302 209 849 304 203 850 290 201 851 293 201 852 293 208 853 305 209 854 304 206 855 306 198 856 294 203 857 297 203 858 297 209 859 307 206 860 306 210 861 308 205 862 298 206 863 299 206 864 299 211 865 309 210 866 308 212 867 310 207 868 300 205 869 301 205 870 301 210 871 311 212 872 310 213 873 312 208 874 302 207 875 303 207 876 303 212 877 313 213 878 312 214 879 314 209 880 304 208 881 305 208 882 305 213 883 315 214 884 314 211 885 316 206 886 306 209 887 307 209 888 307 214 889 317 211 890 316 215 891 318 210 892 308 211 893 309 211 894 309 216 895 319 215 896 318 217 897 320 212 898 310 210 899 311 210 900 311 215 901 321 217 902 320 218 903 322 213 904 312 212 905 313 212 906 313 217 907 323 218 908 322 219 909 324 214 910 314 213 911 315 213 912 315 218 913 325 219 914 324 216 915 326 211 916 316 214 917 317 214 918 317 219 919 327 216 920 326 202 921 328 204 922 329 197 923 330 200 924 331 202 925 328 197 926 330 196 927 332 200 928 331 197 929 330 217 930 333 215 931 334 216 932 335 218 933 336 217 934 333 216 935 335 219 936 337 218 937 336 216 938 335 220 939 338 221 940 339 222 941 340 222 942 340 223 943 341 220 944 338 224 945 342 225 946 343 221 947 344 221 948 344 220 949 345 224 950 342 226 951 346 227 952 347 225 953 348 225 954 348 224 955 349 226 956 346 223 957 350 222 958 351 227 959 352 227 960 352 226 961 353 223 962 350 228 963 354 220 964 338 223 965 341 223 966 341 229 967 355 228 968 354 230 969 356 224 970 342 220 971 345 220 972 345 228 973 357 230 974 356 231 975 358 226 976 346 224 977 349 224 978 349 230 979 359 231 980 358 229 981 360 223 982 350 226 983 353 226 984 353 231 985 361 229 986 360 232 987 362 228 988 354 229 989 355 229 990 355 233 991 363 232 992 362 234 993 364 230 994 356 228 995 357 228 996 357 232 997 365 234 998 364 235 999 366 231 1000 358 230 1001 359 230 1002 359 234 1003 367 235 1004 366 233 1005 368 229 1006 360 231 1007 361 231 1008 361 235 1009 369 233 1010 368 236 1011 370 237 1012 371 238 1013 372 238 1014 372 239 1015 373 236 1016 370 240 1017 374 241 1018 375 237 1019 376 237 1020 376 236 1021 377 240 1022 374 242 1023 378 243 1024 379 241 1025 380 241 1026 380 240 1027 381 242 1028 378 239 1029 382 238 1030 383 243 1031 384 243 1032 384 242 1033 385 239 1034 382 244 1035 386 236 1036 370 239 1037 373 239 1038 373 245 1039 387 244 1040 386 246 1041 388 240 1042 374 236 1043 377 236 1044 377 244 1045 389 246 1046 388 247 1047 390 242 1048 378 240 1049 381 240 1050 381 246 1051 391 247 1052 390 245 1053 392 239 1054 382 242 1055 385 242 1056 385 247 1057 393 245 1058 392 248 1059 394 249 1060 395 250 1061 396 250 1062 396 251 1063 397 248 1064 394 252 1065 398 253 1066 399 251 1067 397 251 1068 397 250 1069 396 252 1070 398 254 1071 400 4 1072 4 6 1073 6 6 1074 6 121 1075 401 254 1076 400 254 1077 400 255 1078 402 256 1079 403 254 1080 400 256 1081 403 129 1082 160 4 1083 4 254 1084 400 129 1085 160 52 1086 53 117 1087 143 116 1088 142 116 1089 142 53 1090 54 52 1091 53 89 1092 155 65 1093 404 257 1094 405 257 1095 405 126 1096 156 89 1097 155 65 1098 406 64 1099 407 258 1100 408 258 1101 408 257 1102 409 65 1103 406 126 1104 410 257 1105 411 122 1106 412 257 1107 411 258 1108 413 123 1109 414 123 1110 414 122 1111 412 257 1112 411 259 1113 415 260 1114 416 261 1115 417 261 1116 418 262 1117 419 259 1118 420 260 1119 416 263 1120 421 264 1121 422 264 1122 422 261 1123 417 260 1124 416 263 1125 421 265 1126 423 266 1127 424 266 1128 424 264 1129 422 263 1130 421 265 1131 425 267 1132 426 268 1133 427 268 1134 427 266 1135 428 265 1136 425 269 1137 429 270 1138 430 271 1139 431 271 1140 431 272 1141 432 269 1142 429 270 1143 433 273 1144 434 274 1145 435 274 1146 435 271 1147 436 270 1148 433 273 1149 434 275 1150 437 276 1151 438 276 1152 438 274 1153 435 273 1154 434 275 1155 439 277 1156 440 261 1157 441 261 1158 442 276 1159 443 275 1160 444 278 1161 445 279 1162 446 280 1163 447 281 1164 448 278 1165 445 280 1166 447 280 1167 447 282 1168 449 283 1169 450 284 1170 451 285 1171 452 286 1172 453 283 1173 450 284 1174 451 286 1175 453 280 1176 447 283 1177 450 286 1178 453 281 1179 448 280 1180 447 286 1181 453 287 1182 454 281 1183 448 286 1184 453 262 1185 455 261 1186 456 277 1187 457 277 1188 458 259 1189 459 262 1190 460 267 1191 461 269 1192 462 272 1193 463 272 1194 463 268 1195 464 267 1196 461 260 1197 465 259 1198 466 288 1199 467 288 1200 467 289 1201 468 260 1202 465 259 1203 466 277 1204 469 290 1205 470 290 1206 470 288 1207 467 259 1208 466 277 1209 469 275 1210 471 291 1211 472 291 1212 472 290 1213 470 277 1214 469 275 1215 471 273 1216 473 292 1217 474 292 1218 474 291 1219 472 275 1220 471 273 1221 473 270 1222 475 293 1223 476 293 1224 476 292 1225 474 273 1226 473 270 1227 475 269 1228 477 294 1229 478 294 1230 478 293 1231 476 270 1232 475 269 1233 477 267 1234 479 295 1235 480 295 1236 480 294 1237 478 269 1238 477 267 1239 479 265 1240 481 296 1241 482 296 1242 482 295 1243 480 267 1244 479 265 1245 481 263 1246 483 297 1247 484 297 1248 484 296 1249 482 265 1250 481 263 1251 483 260 1252 465 289 1253 468 289 1254 468 297 1255 484 263 1256 483 289 1257 485 288 1258 486 285 1259 487 285 1260 487 284 1261 488 289 1262 485 288 1263 489 290 1264 490 286 1265 491 286 1266 491 285 1267 492 288 1268 489 290 1269 493 291 1270 494 287 1271 495 287 1272 495 286 1273 496 290 1274 493 291 1275 497 292 1276 498 281 1277 499 281 1278 499 287 1279 500 291 1280 497 292 1281 498 293 1282 501 278 1283 502 278 1284 502 281 1285 499 292 1286 498 293 1287 503 294 1288 504 279 1289 505 279 1290 505 278 1291 506 293 1292 503 294 1293 507 295 1294 508 280 1295 509 280 1296 509 279 1297 510 294 1298 507 295 1299 511 296 1300 512 282 1301 513 282 1302 513 280 1303 514 295 1304 511 296 1305 515 297 1306 516 283 1307 517 283 1308 517 282 1309 518 296 1310 515 297 1311 516 289 1312 519 284 1313 520 284 1314 520 283 1315 517 297 1316 516 87 1317 521 120 1318 522 298 1319 523 298 1320 523 299 1321 524 87 1322 521 120 1323 522 300 1324 525 301 1325 526 301 1326 526 298 1327 523 120 1328 522 300 1329 525 137 1330 527 302 1331 528 302 1332 528 301 1333 526 300 1334 525 137 1335 527 136 1336 529 303 1337 530 303 1338 530 302 1339 528 137 1340 527 136 1341 529 304 1342 531 305 1343 532 305 1344 532 303 1345 530 136 1346 529 306 1347 533 87 1348 521 299 1349 524 304 1350 531 306 1351 533 299 1352 524 304 1353 531 299 1354 524 305 1355 532 299 1356 534 298 1357 535 250 1358 536 250 1359 536 249 1360 537 299 1361 534 298 1362 538 301 1363 539 252 1364 540 252 1365 540 250 1366 541 298 1367 538 301 1368 542 302 1369 543 253 1370 544 253 1371 544 252 1372 545 301 1373 542 302 1374 546 303 1375 547 251 1376 548 251 1377 548 253 1378 549 302 1379 546 303 1380 547 305 1381 550 248 1382 551 248 1383 551 251 1384 548 303 1385 547 305 1386 552 299 1387 553 249 1388 554 249 1389 554 248 1390 555 305 1391 552 87 1392 110 306 1393 556 115 1394 182 115 1395 182 84 1396 107 87 1397 110 90 1398 113 128 1399 159 68 1400 221 68 1401 221 88 1402 111 90 1403 113 68 1404 221 65 1405 557 88 1406 111 88 1407 111 65 1408 557 89 1409 112 306 1410 558 136 1411 559 116 1412 560 116 1413 560 115 1414 561 306 1415 558 307 1416 562 308 1417 563 309 1418 564 309 1419 564 310 1420 565 307 1421 562 311 1422 566 312 1423 567 313 1424 568 313 1425 568 314 1426 569 311 1427 566 315 1428 570 316 1429 571 317 1430 572 317 1431 572 318 1432 573 315 1433 570 316 1434 571 319 1435 574 320 1436 575 320 1437 575 317 1438 572 316 1439 571 321 1440 576 322 1441 577 320 1442 578 320 1443 578 319 1444 579 321 1445 576 323 1446 580 324 1447 581 310 1448 582 310 1449 582 325 1450 583 323 1451 580 324 1452 581 326 1453 584 307 1454 585 307 1455 585 310 1456 582 324 1457 581 320 1458 586 322 1459 587 309 1460 564 309 1461 564 317 1462 588 320 1463 586 327 1464 589 328 1465 590 329 1466 591 329 1467 591 326 1468 592 327 1469 589 315 1470 593 318 1471 594 330 1472 595 330 1473 595 331 1474 596 315 1475 593 308 1476 597 332 1477 598 330 1478 595 330 1479 595 318 1480 594 308 1481 597 307 1482 599 326 1483 592 329 1484 591 329 1485 591 333 1486 600 307 1487 599 328 1488 601 311 1489 602 314 1490 603 314 1491 603 329 1492 604 328 1493 601 331 1494 605 330 1495 606 334 1496 607 334 1497 607 335 1498 608 331 1499 605 332 1500 609 312 1501 610 334 1502 611 334 1503 611 330 1504 612 332 1505 609 333 1506 613 329 1507 614 314 1508 615 314 1509 615 313 1510 616 333 1511 613 308 1512 563 318 1513 617 317 1514 588 317 1515 588 309 1516 564 308 1517 563 335 1518 618 334 1519 619 312 1520 567 312 1521 567 311 1522 566 335 1523 618 323 1524 620 325 1525 621 322 1526 577 322 1527 577 321 1528 576 323 1529 620 325 1530 622 310 1531 565 309 1532 564 309 1533 564 322 1534 587 325 1535 622 327 1536 589 315 1537 593 331 1538 596 331 1539 596 328 1540 590 327 1541 589 308 1542 597 307 1543 599 333 1544 600 333 1545 600 332 1546 598 308 1547 597 328 1548 601 331 1549 623 335 1550 624 335 1551 624 311 1552 602 328 1553 601 332 1554 609 333 1555 625 313 1556 626 313 1557 626 312 1558 610 332 1559 609 336 1560 627 337 1561 628 338 1562 629 338 1563 629 339 1564 630 336 1565 627 129 1566 160 137 1567 631 300 1568 632 300 1569 632 130 1570 161 129 1571 160 130 1572 175 300 1573 633 120 1574 634 120 1575 634 119 1576 176 130 1577 175 137 1578 631 129 1579 160 256 1580 403 256 1581 403 54 1582 55 137 1583 631 51 1584 635 54 1585 636 338 1586 637 338 1587 637 337 1588 638 51 1589 635 54 1590 639 256 1591 640 339 1592 641 339 1593 641 338 1594 642 54 1595 639 256 1596 643 255 1597 644 336 1598 645 336 1599 645 339 1600 646 256 1601 643 53 1602 54 137 1603 631 54 1604 55 340 1605 647 341 1606 648 342 1607 649 342 1608 649 343 1609 650 340 1610 647 344 1611 651 345 1612 652 346 1613 653 347 1614 654 348 1615 655 349 1616 656 349 1617 656 350 1618 657 347 1619 654 351 1620 658 352 1621 659 353 1622 660 353 1623 660 354 1624 661 351 1625 658 355 1626 662 340 1627 647 343 1628 650 343 1629 650 356 1630 663 355 1631 662 357 1632 664 358 1633 665 359 1634 666 359 1635 666 360 1636 667 357 1637 664 361 1638 668 362 1639 669 363 1640 670 363 1641 670 364 1642 671 361 1643 668 25 1644 672 28 1645 673 365 1646 674 365 1647 674 366 1648 675 25 1649 672 29 1650 676 32 1651 677 367 1652 678 367 1653 678 368 1654 679 29 1655 676 369 1656 680 362 1657 669 361 1658 668 361 1659 668 370 1660 681 369 1661 680 371 1662 682 372 1663 683 373 1664 684 373 1665 684 374 1666 685 371 1667 682 375 1668 686 376 1669 687 377 1670 688 377 1671 688 378 1672 689 375 1673 686 379 1674 690 380 1675 691 378 1676 689 378 1677 689 377 1678 688 379 1679 690 381 1680 692 382 1681 693 372 1682 683 372 1683 683 371 1684 682 381 1685 692 383 1686 694 384 1687 695 385 1688 696 385 1689 696 368 1690 679 383 1691 694 386 1692 697 368 1693 679 385 1694 696 367 1695 698 382 1696 693 381 1697 692 367 1698 678 383 1699 694 368 1700 679 51 1701 52 387 1702 699 388 1703 700 388 1704 700 52 1705 53 51 1706 52 389 1707 701 390 1708 702 391 1709 703 391 1710 704 392 1711 705 393 1712 706 393 1713 706 389 1714 707 391 1715 704 394 1716 708 395 1717 709 396 1718 710 396 1719 710 397 1720 711 394 1721 708 64 1722 712 67 1723 713 398 1724 714 398 1725 714 399 1726 715 64 1727 712 400 1728 716 398 1729 717 401 1730 718 401 1731 718 402 1732 719 400 1733 716 391 1734 720 403 1735 721 392 1736 722 72 1737 723 75 1738 724 404 1739 725 404 1740 725 405 1741 726 72 1742 723 398 1743 717 366 1744 727 365 1745 728 365 1746 728 401 1747 718 398 1748 717 401 1749 718 365 1750 728 403 1751 721 403 1752 721 365 1753 728 28 1754 729 28 1755 729 76 1756 730 403 1757 721 67 1758 731 72 1759 732 405 1760 733 405 1761 734 398 1762 735 67 1763 736 398 1764 737 405 1765 738 404 1766 739 404 1767 739 366 1768 740 398 1769 737 366 1770 741 404 1771 742 75 1772 743 75 1773 743 25 1774 744 366 1775 741 367 1776 698 381 1777 692 406 1778 745 406 1779 745 381 1780 692 371 1781 682 371 1782 682 407 1783 746 406 1784 745 407 1785 746 371 1786 682 374 1787 685 374 1788 685 408 1789 747 407 1790 746 347 1791 654 350 1792 657 409 1793 748 409 1794 748 410 1795 749 347 1796 654 411 1797 750 357 1798 664 360 1799 667 360 1800 667 412 1801 751 411 1802 750 361 1803 668 413 1804 752 414 1805 753 414 1806 753 370 1807 681 361 1808 668 394 1809 708 415 1810 754 416 1811 755 416 1812 755 395 1813 709 394 1814 708 417 1815 756 418 1816 757 419 1817 758 399 1818 759 398 1819 717 400 1820 716 343 1821 650 342 1822 649 420 1823 760 420 1824 760 421 1825 761 343 1826 650 343 1827 650 421 1828 761 422 1829 762 422 1830 762 356 1831 663 343 1832 650 351 1833 763 354 1834 661 423 1835 764 423 1836 764 424 1837 765 351 1838 763 96 1839 766 29 1840 676 368 1841 679 368 1842 679 386 1843 697 96 1844 766 386 1845 697 425 1846 767 97 1847 768 97 1848 768 96 1849 766 386 1850 697 99 1851 769 100 1852 770 341 1853 648 341 1854 648 340 1855 647 99 1856 769 340 1857 647 355 1858 662 101 1859 771 101 1860 771 99 1861 769 340 1862 647 102 1863 772 353 1864 660 352 1865 659 352 1866 659 103 1867 773 102 1868 772 104 1869 774 393 1870 706 392 1871 705 392 1872 705 105 1873 775 104 1874 774 105 1875 776 392 1876 722 403 1877 721 403 1878 721 76 1879 730 105 1880 776 426 1881 777 427 1882 778 428 1883 779 428 1884 779 425 1885 767 426 1886 777 428 1887 779 109 1888 780 97 1889 768 97 1890 768 425 1891 767 428 1892 779 402 1893 719 401 1894 718 403 1895 721 403 1896 721 391 1897 720 402 1898 719 429 1899 781 113 1900 782 112 1901 783 112 1902 783 430 1903 784 429 1904 781 114 1905 140 117 1906 143 431 1907 785 431 1908 785 432 1909 786 114 1910 140 415 1911 787 433 1912 788 434 1913 789 415 1914 787 434 1915 789 435 1916 790 416 1917 791 415 1918 787 435 1919 790 121 1920 149 123 1921 152 436 1922 792 436 1923 792 345 1924 793 121 1925 149 437 1926 794 419 1927 795 438 1928 796 439 1929 797 437 1930 794 438 1931 796 439 1932 797 438 1933 796 440 1934 798 419 1935 758 418 1936 757 395 1937 709 438 1938 799 419 1939 758 395 1940 709 416 1941 755 438 1942 799 395 1943 709 441 1944 800 396 1945 710 395 1946 709 395 1947 709 418 1948 757 441 1949 800 424 1950 765 390 1951 702 389 1952 701 389 1953 701 351 1954 763 424 1955 765 389 1956 707 393 1957 706 352 1958 659 352 1959 659 351 1960 658 389 1961 707 393 1962 706 104 1963 774 103 1964 773 103 1965 773 352 1966 659 393 1967 706 344 1968 651 346 1969 653 442 1970 801 442 1971 801 443 1972 802 344 1973 651 131 1974 803 444 1975 804 445 1976 805 445 1977 805 132 1978 806 131 1979 803 445 1980 807 135 1981 808 132 1982 809 388 1983 810 446 1984 811 447 1985 812 447 1986 812 431 1987 813 388 1988 810 435 1989 814 434 1990 815 442 1991 816 442 1992 816 346 1993 817 435 1994 814 345 1995 818 439 1996 819 440 1997 820 345 1998 818 440 1999 820 435 2000 814 346 2001 817 345 2002 818 435 2003 814 414 2004 753 415 2005 754 394 2006 708 394 2007 708 370 2008 681 414 2009 753 370 2010 681 394 2011 708 397 2012 711 397 2013 711 369 2014 680 370 2015 681 422 2016 762 423 2017 764 354 2018 661 354 2019 661 356 2020 663 422 2021 762 356 2022 663 354 2023 661 353 2024 660 353 2025 660 355 2026 662 356 2027 663 353 2028 660 102 2029 772 101 2030 771 101 2031 771 355 2032 662 353 2033 660 345 2034 793 436 2035 792 437 2036 821 437 2037 821 439 2038 822 345 2039 793 429 2040 781 430 2041 784 414 2042 753 414 2043 753 413 2044 752 429 2045 781 414 2046 753 430 2047 784 432 2048 823 364 2049 671 363 2050 670 448 2051 824 448 2052 824 449 2053 825 364 2054 671 342 2055 649 427 2056 778 450 2057 826 450 2058 826 420 2059 760 342 2060 649 407 2061 746 408 2062 747 451 2063 827 451 2064 827 452 2065 828 407 2066 746 452 2067 828 383 2068 829 406 2069 830 406 2070 830 407 2071 746 452 2072 828 383 2073 829 367 2074 831 406 2075 830 453 2076 832 454 2077 833 358 2078 665 358 2079 665 357 2080 664 453 2081 832 357 2082 664 411 2083 750 455 2084 834 455 2085 834 453 2086 832 357 2087 664 427 2088 778 342 2089 649 341 2090 648 341 2091 648 428 2092 779 427 2093 778 428 2094 779 341 2095 648 100 2096 770 100 2097 770 109 2098 780 428 2099 779 456 2100 835 147 2101 836 113 2102 782 113 2103 782 429 2104 781 456 2105 835 457 2106 837 409 2107 748 350 2108 657 350 2109 657 458 2110 838 457 2111 837 350 2112 657 349 2113 656 459 2114 839 459 2115 839 458 2116 838 350 2117 657 460 2118 840 444 2119 804 131 2120 803 131 2121 803 152 2122 841 460 2123 840 461 2124 842 462 2125 843 463 2126 844 463 2127 844 464 2128 845 461 2129 842 465 2130 846 460 2131 840 152 2132 841 152 2133 841 158 2134 847 465 2135 846 464 2136 845 449 2137 848 466 2138 849 466 2139 849 461 2140 842 464 2141 845 467 2142 850 409 2143 748 457 2144 837 409 2145 748 467 2146 850 468 2147 851 468 2148 851 410 2149 749 409 2150 748 469 2151 852 448 2152 824 363 2153 670 363 2154 670 470 2155 853 469 2156 852 470 2157 853 363 2158 670 362 2159 669 362 2160 669 471 2161 854 470 2162 853 362 2163 669 369 2164 680 472 2165 855 472 2166 855 471 2167 854 362 2168 669 369 2169 680 397 2170 711 473 2171 856 473 2172 856 472 2173 855 369 2174 680 397 2175 711 396 2176 710 474 2177 857 474 2178 857 473 2179 856 397 2180 711 396 2181 710 441 2182 800 475 2183 858 475 2184 858 474 2185 857 396 2186 710 441 2187 800 400 2188 859 402 2189 860 402 2190 860 475 2191 858 441 2192 800 426 2193 777 476 2194 861 450 2195 826 450 2196 826 427 2197 778 426 2198 777 390 2199 702 475 2200 858 402 2201 860 402 2202 860 391 2203 703 390 2204 702 390 2205 702 424 2206 765 474 2207 857 474 2208 857 475 2209 858 390 2210 702 474 2211 857 424 2212 765 423 2213 764 423 2214 764 473 2215 856 474 2216 857 423 2217 764 422 2218 762 472 2219 855 472 2220 855 473 2221 856 423 2222 764 472 2223 855 422 2224 762 421 2225 761 421 2226 761 471 2227 854 472 2228 855 421 2229 761 420 2230 760 470 2231 853 470 2232 853 471 2233 854 421 2234 761 420 2235 760 450 2236 826 469 2237 852 469 2238 852 470 2239 853 420 2240 760 450 2241 826 451 2242 827 408 2243 747 408 2244 747 469 2245 852 450 2246 826 450 2247 826 476 2248 861 451 2249 827 376 2250 687 375 2251 686 477 2252 862 477 2253 862 478 2254 863 376 2255 687 384 2256 864 383 2257 829 452 2258 828 374 2259 685 479 2260 865 408 2261 747 480 2262 866 469 2263 852 408 2264 747 408 2265 747 479 2266 865 480 2267 866 456 2268 835 463 2269 844 465 2270 846 456 2271 835 465 2272 846 158 2273 847 456 2274 835 158 2275 847 147 2276 836 465 2277 846 463 2278 844 462 2279 843 462 2280 843 460 2281 840 465 2282 846 481 2283 867 459 2284 839 349 2285 656 349 2286 656 482 2287 868 481 2288 867 482 2289 868 349 2290 656 348 2291 655 348 2292 655 483 2293 869 482 2294 868 445 2295 807 373 2296 684 372 2297 683 372 2298 683 135 2299 808 445 2300 807 135 2301 808 372 2302 683 382 2303 693 382 2304 693 176 2305 870 135 2306 808 176 2307 870 382 2308 693 367 2309 698 367 2310 698 32 2311 871 176 2312 870 430 2313 784 112 2314 783 114 2315 872 114 2316 872 432 2317 823 430 2318 784 484 2319 873 485 2320 874 486 2321 875 486 2322 875 487 2323 876 484 2324 873 488 2325 877 489 2326 878 490 2327 879 490 2328 879 491 2329 880 488 2330 877 492 2331 881 493 2332 882 494 2333 883 494 2334 883 495 2335 884 492 2336 881 496 2337 885 495 2338 886 494 2339 887 494 2340 887 497 2341 888 496 2342 885 498 2343 889 499 2344 890 489 2345 891 489 2346 891 488 2347 892 498 2348 889 500 2349 893 484 2350 873 487 2351 876 487 2352 876 501 2353 894 500 2354 893 491 2355 880 490 2356 879 493 2357 895 493 2358 895 492 2359 896 491 2360 880 498 2361 897 496 2362 885 497 2363 888 497 2364 888 499 2365 898 498 2366 897 489 2367 899 485 2368 900 484 2369 901 484 2370 901 490 2371 902 489 2372 899 490 2373 902 484 2374 901 500 2375 903 500 2376 903 493 2377 904 490 2378 902 493 2379 882 500 2380 905 501 2381 906 501 2382 906 494 2383 883 493 2384 882 494 2385 907 501 2386 908 487 2387 909 487 2388 909 497 2389 910 494 2390 907 497 2391 910 487 2392 909 486 2393 911 486 2394 911 499 2395 912 497 2396 910 499 2397 913 486 2398 914 485 2399 915 485 2400 915 489 2401 916 499 2402 913 502 2403 917 503 2404 918 504 2405 919 504 2406 919 505 2407 920 502 2408 917 506 2409 921 502 2410 922 505 2411 923 505 2412 923 507 2413 924 506 2414 921 508 2415 925 506 2416 926 507 2417 927 507 2418 927 509 2419 928 508 2420 925 510 2421 929 508 2422 930 509 2423 931 509 2424 931 511 2425 932 510 2426 929 503 2427 933 510 2428 934 511 2429 935 511 2430 935 504 2431 936 503 2432 933 512 2433 937 513 2434 938 503 2435 918 503 2436 918 502 2437 917 512 2438 937 514 2439 939 512 2440 940 502 2441 922 502 2442 922 506 2443 921 514 2444 939 515 2445 941 514 2446 942 506 2447 926 506 2448 926 508 2449 925 515 2450 941 516 2451 943 515 2452 944 508 2453 930 508 2454 930 510 2455 929 516 2456 943 513 2457 945 516 2458 946 510 2459 934 510 2460 934 503 2461 933 513 2462 945 517 2463 947 518 2464 948 513 2465 938 513 2466 938 512 2467 937 517 2468 947 519 2469 949 517 2470 950 512 2471 940 512 2472 940 514 2473 939 519 2474 949 520 2475 951 519 2476 952 514 2477 942 514 2478 942 515 2479 941 520 2480 951 521 2481 953 520 2482 954 515 2483 944 515 2484 944 516 2485 943 521 2486 953 518 2487 955 521 2488 956 516 2489 946 516 2490 946 513 2491 945 518 2492 955 522 2493 957 523 2494 958 518 2495 948 518 2496 948 517 2497 947 522 2498 957 524 2499 959 522 2500 960 517 2501 950 517 2502 950 519 2503 949 524 2504 959 525 2505 961 524 2506 962 519 2507 952 519 2508 952 520 2509 951 525 2510 961 526 2511 963 525 2512 964 520 2513 954 520 2514 954 521 2515 953 526 2516 963 523 2517 965 526 2518 966 521 2519 956 521 2520 956 518 2521 955 523 2522 965 504 2523 967 511 2524 968 509 2525 969 504 2526 967 509 2527 969 507 2528 970 505 2529 971 504 2530 967 507 2531 970 524 2532 972 523 2533 973 522 2534 974 525 2535 975 523 2536 973 524 2537 972 526 2538 976 523 2539 973 525 2540 975 527 2541 977 528 2542 978 529 2543 979 529 2544 979 530 2545 980 527 2546 977 531 2547 981 527 2548 982 530 2549 983 530 2550 983 532 2551 984 531 2552 981 533 2553 985 531 2554 986 532 2555 987 532 2556 987 534 2557 988 533 2558 985 528 2559 989 533 2560 990 534 2561 991 534 2562 991 529 2563 992 528 2564 989 535 2565 993 536 2566 994 528 2567 978 528 2568 978 527 2569 977 535 2570 993 537 2571 995 535 2572 996 527 2573 982 527 2574 982 531 2575 981 537 2576 995 538 2577 997 537 2578 998 531 2579 986 531 2580 986 533 2581 985 538 2582 997 536 2583 999 538 2584 1000 533 2585 990 533 2586 990 528 2587 989 536 2588 999 539 2589 1001 540 2590 1002 536 2591 994 536 2592 994 535 2593 993 539 2594 1001 541 2595 1003 539 2596 1004 535 2597 996 535 2598 996 537 2599 995 541 2600 1003 542 2601 1005 541 2602 1006 537 2603 998 537 2604 998 538 2605 997 542 2606 1005 540 2607 1007 542 2608 1008 538 2609 1000 538 2610 1000 536 2611 999 540 2612 1007 543 2613 1009 544 2614 1010 545 2615 1011 545 2616 1011 546 2617 1012 543 2618 1009 547 2619 1013 543 2620 1014 546 2621 1015 546 2622 1015 548 2623 1016 547 2624 1013 549 2625 1017 547 2626 1018 548 2627 1019 548 2628 1019 550 2629 1020 549 2630 1017 544 2631 1021 549 2632 1022 550 2633 1023 550 2634 1023 545 2635 1024 544 2636 1021 551 2637 1025 552 2638 1026 544 2639 1010 544 2640 1010 543 2641 1009 551 2642 1025 553 2643 1027 551 2644 1028 543 2645 1014 543 2646 1014 547 2647 1013 553 2648 1027 554 2649 1029 553 2650 1030 547 2651 1018 547 2652 1018 549 2653 1017 554 2654 1029 552 2655 1031 554 2656 1032 549 2657 1022 549 2658 1022 544 2659 1021 552 2660 1031 555 2661 1033 556 2662 1034 557 2663 1035 557 2664 1035 558 2665 1036 555 2666 1033 559 2667 1037 557 2668 1035 556 2669 1034 556 2670 1034 560 2671 1038 559 2672 1037 254 2673 400 121 2674 401 345 2675 652 345 2676 652 344 2677 651 254 2678 400 561 2679 1039 255 2680 402 254 2681 400 443 2682 802 561 2683 1039 254 2684 400 344 2685 651 443 2686 802 254 2687 400 52 2688 53 388 2689 700 431 2690 785 431 2691 785 117 2692 143 52 2693 53 419 2694 795 437 2695 794 562 2696 1040 562 2697 1040 399 2698 1041 419 2699 795 399 2700 1042 562 2701 1043 258 2702 408 258 2703 408 64 2704 407 399 2705 1042 437 2706 1044 436 2707 1045 562 2708 1046 562 2709 1046 436 2710 1045 123 2711 414 123 2712 414 258 2713 413 562 2714 1046 563 2715 1047 564 2716 1048 565 2717 1049 565 2718 1050 566 2719 1051 563 2720 1052 566 2721 1051 565 2722 1050 567 2723 1053 567 2724 1053 568 2725 1054 566 2726 1051 568 2727 1054 567 2728 1053 569 2729 1055 569 2730 1055 570 2731 1056 568 2732 1054 570 2733 1057 569 2734 1058 571 2735 1059 571 2736 1059 572 2737 1060 570 2738 1057 573 2739 1061 574 2740 1062 575 2741 1063 575 2742 1063 576 2743 1064 573 2744 1061 576 2745 1065 575 2746 1066 577 2747 1067 577 2748 1067 578 2749 1068 576 2750 1065 578 2751 1068 577 2752 1067 579 2753 1069 579 2754 1069 580 2755 1070 578 2756 1068 580 2757 1071 579 2758 1072 565 2759 1073 565 2760 1074 581 2761 1075 580 2762 1076 582 2763 1077 583 2764 1078 584 2765 1079 582 2766 1077 584 2767 1079 585 2768 1080 585 2769 1080 586 2770 1081 587 2771 1082 582 2772 1077 585 2773 1080 587 2774 1082 587 2775 1082 588 2776 1083 589 2777 1084 587 2778 1082 589 2779 1084 590 2780 1085 582 2781 1077 587 2782 1082 590 2783 1085 591 2784 1086 582 2785 1077 590 2786 1085 564 2787 1087 563 2788 1088 581 2789 1089 581 2790 1090 565 2791 1091 564 2792 1092 572 2793 1093 571 2794 1094 574 2795 1095 574 2796 1095 573 2797 1096 572 2798 1093 566 2799 1097 592 2800 1098 593 2801 1099 593 2802 1099 563 2803 1100 566 2804 1097 563 2805 1100 593 2806 1099 594 2807 1101 594 2808 1101 581 2809 1102 563 2810 1100 581 2811 1102 594 2812 1101 595 2813 1103 595 2814 1103 580 2815 1104 581 2816 1102 580 2817 1104 595 2818 1103 596 2819 1105 596 2820 1105 578 2821 1106 580 2822 1104 578 2823 1106 596 2824 1105 597 2825 1107 597 2826 1107 576 2827 1108 578 2828 1106 576 2829 1108 597 2830 1107 598 2831 1109 598 2832 1109 573 2833 1110 576 2834 1108 573 2835 1110 598 2836 1109 599 2837 1111 599 2838 1111 572 2839 1112 573 2840 1110 572 2841 1112 599 2842 1111 600 2843 1113 600 2844 1113 570 2845 1114 572 2846 1112 570 2847 1114 600 2848 1113 601 2849 1115 601 2850 1115 568 2851 1116 570 2852 1114 568 2853 1116 601 2854 1115 592 2855 1098 592 2856 1098 566 2857 1097 568 2858 1116 592 2859 1117 584 2860 1118 583 2861 1119 583 2862 1119 593 2863 1120 592 2864 1117 593 2865 1121 583 2866 1122 582 2867 1123 582 2868 1123 594 2869 1124 593 2870 1121 594 2871 1125 582 2872 1126 591 2873 1127 591 2874 1127 595 2875 1128 594 2876 1125 595 2877 1129 591 2878 1130 590 2879 1131 590 2880 1131 596 2881 1132 595 2882 1129 596 2883 1132 590 2884 1131 589 2885 1133 589 2886 1133 597 2887 1134 596 2888 1132 597 2889 1135 589 2890 1136 588 2891 1137 588 2892 1137 598 2893 1138 597 2894 1135 598 2895 1139 588 2896 1140 587 2897 1141 587 2898 1141 599 2899 1142 598 2900 1139 599 2901 1143 587 2902 1144 586 2903 1145 586 2904 1145 600 2905 1146 599 2906 1143 600 2907 1147 586 2908 1148 585 2909 1149 585 2910 1149 601 2911 1150 600 2912 1147 601 2913 1150 585 2914 1149 584 2915 1151 584 2916 1151 592 2917 1152 601 2918 1150 415 2919 1153 602 2920 1154 603 2921 1155 603 2922 1155 433 2923 1156 415 2924 1153 433 2925 1156 603 2926 1155 604 2927 1157 604 2928 1157 605 2929 1158 433 2930 1156 605 2931 1158 604 2932 1157 606 2933 1159 606 2934 1159 446 2935 1160 605 2936 1158 446 2937 1160 606 2938 1159 607 2939 1161 607 2940 1161 447 2941 1162 446 2942 1160 447 2943 1162 607 2944 1161 608 2945 1163 608 2946 1163 609 2947 1164 447 2948 1162 609 2949 1164 608 2950 1163 602 2951 1154 602 2952 1154 415 2953 1153 610 2954 1165 609 2955 1164 602 2956 1154 610 2957 1165 602 2958 1166 558 2959 1167 557 2960 1168 557 2961 1168 603 2962 1169 602 2963 1166 603 2964 1170 557 2965 1171 559 2966 1172 559 2967 1172 604 2968 1173 603 2969 1170 604 2970 1174 559 2971 1175 560 2972 1176 560 2973 1176 606 2974 1177 604 2975 1174 606 2976 1178 560 2977 1179 556 2978 1180 556 2979 1180 607 2980 1181 606 2981 1178 607 2982 1181 556 2983 1180 555 2984 1182 555 2985 1182 608 2986 1183 607 2987 1181 608 2988 1184 555 2989 1185 558 2990 1186 558 2991 1186 602 2992 1187 608 2993 1184 415 2994 754 414 2995 753 432 2996 823 432 2997 823 610 2998 1188 415 2999 754 418 3000 757 417 3001 756 400 3002 859 400 3003 859 441 3004 800 418 3005 757 400 3006 859 417 3007 756 399 3008 1189 417 3009 756 419 3010 758 399 3011 1189 610 3012 1190 432 3013 1191 431 3014 1192 431 3015 1192 447 3016 1193 610 3017 1190 611 3018 1194 612 3019 1195 613 3020 1196 613 3021 1196 614 3022 1197 611 3023 1194 615 3024 1198 616 3025 1199 617 3026 1200 617 3027 1200 618 3028 1201 615 3029 1198 619 3030 1202 620 3031 1203 621 3032 1204 621 3033 1204 622 3034 1205 619 3035 1202 622 3036 1205 621 3037 1204 623 3038 1206 623 3039 1206 624 3040 1207 622 3041 1205 625 3042 1208 624 3043 1209 623 3044 1210 623 3045 1210 626 3046 1211 625 3047 1208 627 3048 1212 628 3049 1213 612 3050 1214 612 3051 1214 629 3052 1215 627 3053 1212 629 3054 1215 612 3055 1214 611 3056 1216 611 3057 1216 630 3058 1217 629 3059 1215 623 3060 1218 621 3061 1219 613 3062 1196 613 3063 1196 626 3064 1220 623 3065 1218 631 3066 1221 630 3067 1222 632 3068 1223 632 3069 1223 633 3070 1224 631 3071 1221 619 3072 1225 634 3073 1226 635 3074 1227 635 3075 1227 620 3076 1228 619 3077 1225 614 3078 1229 620 3079 1228 635 3080 1227 635 3081 1227 636 3082 1230 614 3083 1229 611 3084 1231 637 3085 1232 632 3086 1223 632 3087 1223 630 3088 1222 611 3089 1231 633 3090 1233 632 3091 1234 616 3092 1235 616 3093 1235 615 3094 1236 633 3095 1233 634 3096 1237 638 3097 1238 639 3098 1239 639 3099 1239 635 3100 1240 634 3101 1237 636 3102 1241 635 3103 1242 639 3104 1243 639 3105 1243 618 3106 1244 636 3107 1241 637 3108 1245 617 3109 1246 616 3110 1247 616 3111 1247 632 3112 1248 637 3113 1245 614 3114 1197 613 3115 1196 621 3116 1219 621 3117 1219 620 3118 1249 614 3119 1197 638 3120 1250 615 3121 1198 618 3122 1201 618 3123 1201 639 3124 1251 638 3125 1250 627 3126 1252 625 3127 1208 626 3128 1211 626 3129 1211 628 3130 1253 627 3131 1252 628 3132 1254 626 3133 1220 613 3134 1196 613 3135 1196 612 3136 1195 628 3137 1254 631 3138 1221 633 3139 1224 634 3140 1226 634 3141 1226 619 3142 1225 631 3143 1221 614 3144 1229 636 3145 1230 637 3146 1232 637 3147 1232 611 3148 1231 614 3149 1229 633 3150 1233 615 3151 1236 638 3152 1255 638 3153 1255 634 3154 1256 633 3155 1233 636 3156 1241 618 3157 1244 617 3158 1257 617 3159 1257 637 3160 1258 636 3161 1241 336 3162 627 640 3163 1259 641 3164 1260 641 3165 1260 337 3166 628 336 3167 627 443 3168 802 442 3169 801 605 3170 1261 605 3171 1261 446 3172 1262 443 3173 802 442 3174 816 434 3175 815 433 3176 1263 433 3177 1263 605 3178 1264 442 3179 816 446 3180 1262 387 3181 699 561 3182 1039 561 3183 1039 443 3184 802 446 3185 1262 51 3186 635 337 3187 638 641 3188 1265 641 3189 1265 387 3190 1266 51 3191 635 387 3192 1267 641 3193 1268 640 3194 1269 640 3195 1269 561 3196 1270 387 3197 1267 561 3198 1271 640 3199 1272 336 3200 645 336 3201 645 255 3202 644 561 3203 1271 388 3204 700 387 3205 699 446 3206 1262 642 3207 1273 643 3208 1274 644 3209 1275 644 3210 1275 645 3211 1276 642 3212 1273 642 3213 1277 645 3214 1278 646 3215 1279 646 3216 1279 647 3217 1280 642 3218 1277 645 3219 1281 644 3220 1282 648 3221 1283 648 3222 1283 646 3223 1284 645 3224 1281 644 3225 1285 643 3226 1286 649 3227 1287 649 3228 1287 648 3229 1288 644 3230 1285 643 3231 1289 642 3232 1290 647 3233 1291 647 3234 1291 649 3235 1292 643 3236 1289 148 3237 196 81 3238 104 650 3239 1293 81 3240 104 80 3241 103 651 3242 1294 651 3243 1294 650 3244 1293 81 3245 104 466 3246 849 449 3247 848 448 3248 1295 448 3249 1295 652 3250 1296 466 3251 849 448 3252 1295 469 3253 1297 480 3254 1298 480 3255 1298 652 3256 1296 448 3257 1295 653 3258 1299 654 3259 1300 655 3260 1301 655 3261 1301 656 3262 1302 653 3263 1299 657 3264 1303 658 3265 1304 659 3266 1305 659 3267 1305 660 3268 1306 657 3269 1303 654 3270 1307 658 3271 1308 657 3272 1309 657 3273 1309 655 3274 1310 654 3275 1307 661 3276 1311 662 3277 1312 663 3278 1313 663 3279 1313 664 3280 1314 661 3281 1311 653 3282 1315 659 3283 1316 663 3284 1317 663 3285 1317 662 3286 1318 653 3287 1315 662 3288 1319 661 3289 1320 654 3290 1300 654 3291 1300 653 3292 1299 662 3293 1319 664 3294 1321 663 3295 1322 659 3296 1305 659 3297 1305 658 3298 1304 664 3299 1321 661 3300 1323 664 3301 1324 658 3302 1308 658 3303 1308 654 3304 1307 661 3305 1323 656 3306 1325 660 3307 1326 659 3308 1327 659 3309 1327 653 3310 1328 656 3311 1325 133 3312 1329 37 3313 1330 10 3314 1331 10 3315 1331 175 3316 1332 133 3317 1329 37 3318 1330 36 3319 1333 7 3320 1334 7 3321 1334 10 3322 1331 37 3323 1330 36 3324 1333 172 3325 1335 80 3326 1336 80 3327 1336 7 3328 1334 36 3329 1333 172 3330 1335 161 3331 1337 651 3332 1338 651 3333 1338 80 3334 1336 172 3335 1335 161 3336 1337 160 3337 1339 650 3338 1340 650 3339 1340 651 3340 1338 161 3341 1337 160 3342 1339 159 3343 1341 148 3344 1342 148 3345 1342 650 3346 1340 160 3347 1339 159 3348 1341 153 3349 1343 149 3350 1344 149 3351 1344 148 3352 1342 159 3353 1341 153 3354 1343 156 3355 1345 150 3356 1346 150 3357 1346 149 3358 1344 153 3359 1343 156 3360 1345 151 3361 1347 173 3362 1348 173 3363 1348 150 3364 1346 156 3365 1345 151 3366 1347 134 3367 1349 174 3368 1350 174 3369 1350 173 3370 1348 151 3371 1347 134 3372 1349 133 3373 1329 175 3374 1332 175 3375 1332 174 3376 1350 134 3377 1349 21 3378 1351 85 3379 1352 18 3380 1353 18 3381 1353 83 3382 1354 21 3383 1351 85 3384 1352 110 3385 1355 19 3386 1356 19 3387 1356 18 3388 1353 85 3389 1352 110 3390 1355 146 3391 1357 20 3392 1358 20 3393 1358 19 3394 1356 110 3395 1355 146 3396 1357 155 3397 1359 144 3398 1360 144 3399 1360 20 3400 1358 146 3401 1357 155 3402 1359 154 3403 1361 143 3404 1362 143 3405 1362 144 3406 1360 155 3407 1359 154 3408 1361 138 3409 1363 145 3410 1364 145 3411 1364 143 3412 1362 154 3413 1361 138 3414 1363 22 3415 1365 82 3416 1366 82 3417 1366 145 3418 1364 138 3419 1363 22 3420 1365 21 3421 1351 83 3422 1354 83 3423 1354 82 3424 1366 22 3425 1365 48 3426 1367 50 3427 1368 44 3428 1369 44 3429 1369 40 3430 1370 48 3431 1367 50 3432 1368 98 3433 1371 43 3434 1372 43 3435 1372 44 3436 1369 50 3437 1368 98 3438 1371 106 3439 1373 41 3440 1374 41 3441 1374 43 3442 1372 98 3443 1371 106 3444 1373 169 3445 1375 42 3446 1376 42 3447 1376 41 3448 1374 106 3449 1373 169 3450 1375 142 3451 1377 170 3452 1378 170 3453 1378 42 3454 1376 169 3455 1375 142 3456 1377 141 3457 1379 171 3458 1380 171 3459 1380 170 3460 1378 142 3461 1377 141 3462 1379 49 3463 1381 39 3464 1382 39 3465 1382 171 3466 1380 141 3467 1379 49 3468 1381 48 3469 1367 40 3470 1370 40 3471 1370 39 3472 1382 49 3473 1381 374 3474 1383 373 3475 1384 348 3476 1385 348 3477 1385 347 3478 1386 374 3479 1383 373 3480 1384 445 3481 1387 483 3482 1388 483 3483 1388 348 3484 1385 373 3485 1384 445 3486 1387 444 3487 1389 482 3488 1390 482 3489 1390 483 3490 1388 445 3491 1387 444 3492 1389 460 3493 1391 481 3494 1392 481 3495 1392 482 3496 1390 444 3497 1389 460 3498 1391 462 3499 1393 459 3500 1394 459 3501 1394 481 3502 1392 460 3503 1391 462 3504 1393 461 3505 1395 458 3506 1396 458 3507 1396 459 3508 1394 462 3509 1393 461 3510 1395 466 3511 1397 457 3512 1398 457 3513 1398 458 3514 1396 461 3515 1395 466 3516 1397 652 3517 1399 467 3518 1400 467 3519 1400 457 3520 1398 466 3521 1397 652 3522 1399 480 3523 1401 468 3524 1402 468 3525 1402 467 3526 1400 652 3527 1399 480 3528 1401 479 3529 1403 410 3530 1404 410 3531 1404 468 3532 1402 480 3533 1401 479 3534 1403 374 3535 1383 347 3536 1386 347 3537 1386 410 3538 1404 479 3539 1403 429 3540 1405 413 3541 1406 360 3542 1407 360 3543 1407 359 3544 1408 429 3545 1405 413 3546 1406 361 3547 1409 412 3548 1410 412 3549 1410 360 3550 1407 413 3551 1406 361 3552 1409 364 3553 1411 411 3554 1412 411 3555 1412 412 3556 1410 361 3557 1409 364 3558 1411 449 3559 1413 455 3560 1414 455 3561 1414 411 3562 1412 364 3563 1411 449 3564 1413 464 3565 1415 453 3566 1416 453 3567 1416 455 3568 1414 449 3569 1413 464 3570 1415 463 3571 1417 454 3572 1418 454 3573 1418 453 3574 1416 464 3575 1415 463 3576 1417 456 3577 1419 358 3578 1420 358 3579 1420 454 3580 1418 463 3581 1417 456 3582 1419 429 3583 1405 359 3584 1408 359 3585 1408 358 3586 1420 456 3587 1419 385 3588 1421 384 3589 1422 375 3590 1423 375 3591 1423 378 3592 1424 385 3593 1421 384 3594 1422 452 3595 1425 477 3596 1426 477 3597 1426 375 3598 1423 384 3599 1422 452 3600 1425 451 3601 1427 478 3602 1428 478 3603 1428 477 3604 1426 452 3605 1425 451 3606 1427 476 3607 1429 376 3608 1430 376 3609 1430 478 3610 1428 451 3611 1427 476 3612 1429 426 3613 1431 377 3614 1432 377 3615 1432 376 3616 1430 476 3617 1429 426 3618 1431 425 3619 1433 379 3620 1434 379 3621 1434 377 3622 1432 426 3623 1431 425 3624 1433 386 3625 1435 380 3626 1436 380 3627 1436 379 3628 1434 425 3629 1433 386 3630 1435 385 3631 1421 378 3632 1424 378 3633 1424 380 3634 1436 386 3635 1435 438 3636 796 416 3637 791 435 3638 790 435 3639 790 440 3640 798 438 3641 796 124 3642 153 118 3643 145 86 3644 144 86 3645 144 125 3646 154 124 3647 153 665 3648 1437 666 3649 1438 667 3650 1439 667 3651 1439 668 3652 1440 665 3653 1437 666 3654 1441 669 3655 1442 670 3656 1443 670 3657 1443 667 3658 1444 666 3659 1441 669 3660 1445 671 3661 1446 672 3662 1447 672 3663 1447 670 3664 1448 669 3665 1445 671 3666 1449 673 3667 1450 674 3668 1451 674 3669 1451 672 3670 1452 671 3671 1449 673 3672 1453 675 3673 1454 676 3674 1455 676 3675 1455 674 3676 1456 673 3677 1453 675 3678 1457 665 3679 1458 668 3680 1459 668 3681 1459 676 3682 1460 675 3683 1457 677 3684 1461 678 3685 1462 679 3686 1463 679 3687 1463 680 3688 1464 681 3689 1465 677 3690 1461 679 3691 1463 681 3692 1465 682 3693 1466 677 3694 1461 681 3695 1465 666 3696 1467 665 3697 1468 683 3698 1469 683 3699 1469 684 3700 1470 666 3701 1467 665 3702 1468 675 3703 1471 685 3704 1472 685 3705 1472 683 3706 1469 665 3707 1468 675 3708 1471 673 3709 1473 686 3710 1474 686 3711 1474 685 3712 1472 675 3713 1471 673 3714 1473 671 3715 1475 687 3716 1476 687 3717 1476 686 3718 1474 673 3719 1473 671 3720 1475 669 3721 1477 688 3722 1478 688 3723 1478 687 3724 1476 671 3725 1475 669 3726 1477 666 3727 1467 684 3728 1470 684 3729 1470 688 3730 1478 669 3731 1477 683 3732 1479 689 3733 1480 690 3734 1481 690 3735 1481 684 3736 1482 683 3737 1479 685 3738 1483 691 3739 1484 689 3740 1485 689 3741 1485 683 3742 1486 685 3743 1483 686 3744 1487 692 3745 1488 691 3746 1489 691 3747 1489 685 3748 1490 686 3749 1487 687 3750 1491 693 3751 1492 692 3752 1493 692 3753 1493 686 3754 1494 687 3755 1491 688 3756 1495 694 3757 1496 693 3758 1497 693 3759 1497 687 3760 1498 688 3761 1495 684 3762 1499 690 3763 1500 694 3764 1501 694 3765 1501 688 3766 1502 684 3767 1499 695 3768 1503 696 3769 1504 690 3770 1505 690 3771 1505 689 3772 1506 695 3773 1503 697 3774 1507 695 3775 1508 689 3776 1509 689 3777 1509 691 3778 1510 697 3779 1507 698 3780 1511 697 3781 1512 691 3782 1513 691 3783 1513 692 3784 1514 698 3785 1511 699 3786 1515 698 3787 1516 692 3788 1517 692 3789 1517 693 3790 1518 699 3791 1515 700 3792 1519 699 3793 1520 693 3794 1521 693 3795 1521 694 3796 1522 700 3797 1519 696 3798 1523 700 3799 1524 694 3800 1525 694 3801 1525 690 3802 1526 696 3803 1523 681 3804 1527 680 3805 1528 696 3806 1529 696 3807 1529 695 3808 1530 681 3809 1527 682 3810 1531 681 3811 1532 695 3812 1533 695 3813 1533 697 3814 1534 682 3815 1531 677 3816 1535 682 3817 1536 697 3818 1537 697 3819 1537 698 3820 1538 677 3821 1535 678 3822 1539 677 3823 1540 698 3824 1541 698 3825 1541 699 3826 1542 678 3827 1539 679 3828 1543 678 3829 1544 699 3830 1545 699 3831 1545 700 3832 1546 679 3833 1543 680 3834 1547 679 3835 1548 700 3836 1549 700 3837 1549 696 3838 1550 680 3839 1547 701 3840 1551 702 3841 1552 703 3842 1553 703 3843 1553 704 3844 1554 701 3845 1551 705 3846 1555 706 3847 1556 702 3848 1557 702 3849 1557 701 3850 1558 705 3851 1555 704 3852 1559 703 3853 1560 706 3854 1561 706 3855 1561 705 3856 1562 704 3857 1559 707 3858 1563 701 3859 1564 704 3860 1565 704 3861 1565 708 3862 1566 707 3863 1563 709 3864 1567 705 3865 1568 701 3866 1569 701 3867 1569 707 3868 1570 709 3869 1567 708 3870 1571 704 3871 1572 705 3872 1573 705 3873 1573 709 3874 1574 708 3875 1571 702 3876 1575 706 3877 1576 703 3878 1577 709 3879 1578 707 3880 1579 708 3881 1580 710 3882 1581 711 3883 1582 712 3884 1583 712 3885 1583 713 3886 1584 710 3887 1581 711 3888 1585 714 3889 1586 715 3890 1587 715 3891 1587 712 3892 1588 711 3893 1585 714 3894 1589 716 3895 1590 717 3896 1591 717 3897 1591 715 3898 1592 714 3899 1589 716 3900 1593 718 3901 1594 719 3902 1595 719 3903 1595 717 3904 1596 716 3905 1593 718 3906 1597 720 3907 1598 721 3908 1599 721 3909 1599 719 3910 1600 718 3911 1597 720 3912 1601 710 3913 1602 713 3914 1603 713 3915 1603 721 3916 1604 720 3917 1601 722 3918 1605 723 3919 1606 724 3920 1607 724 3921 1607 725 3922 1608 726 3923 1609 722 3924 1605 724 3925 1607 726 3926 1609 727 3927 1610 722 3928 1605 726 3929 1609 711 3930 1611 710 3931 1612 728 3932 1613 728 3933 1613 729 3934 1614 711 3935 1611 710 3936 1612 720 3937 1615 730 3938 1616 730 3939 1616 728 3940 1613 710 3941 1612 720 3942 1615 718 3943 1617 731 3944 1618 731 3945 1618 730 3946 1616 720 3947 1615 718 3948 1617 716 3949 1619 732 3950 1620 732 3951 1620 731 3952 1618 718 3953 1617 716 3954 1619 714 3955 1621 733 3956 1622 733 3957 1622 732 3958 1620 716 3959 1619 714 3960 1621 711 3961 1611 729 3962 1614 729 3963 1614 733 3964 1622 714 3965 1621 728 3966 1623 734 3967 1624 735 3968 1625 735 3969 1625 729 3970 1626 728 3971 1623 730 3972 1627 736 3973 1628 734 3974 1629 734 3975 1629 728 3976 1630 730 3977 1627 731 3978 1631 737 3979 1632 736 3980 1633 736 3981 1633 730 3982 1634 731 3983 1631 732 3984 1635 738 3985 1636 737 3986 1637 737 3987 1637 731 3988 1638 732 3989 1635 733 3990 1639 739 3991 1640 738 3992 1641 738 3993 1641 732 3994 1642 733 3995 1639 729 3996 1643 735 3997 1644 739 3998 1645 739 3999 1645 733 4000 1646 729 4001 1643 740 4002 1647 741 4003 1648 735 4004 1649 735 4005 1650 734 4006 1651 740 4007 1652 742 4008 1653 740 4009 1654 734 4010 1655 734 4011 1656 736 4012 1657 742 4013 1658 743 4014 1659 742 4015 1660 736 4016 1661 736 4017 1661 737 4018 1662 743 4019 1659 744 4020 1663 743 4021 1664 737 4022 1665 737 4023 1665 738 4024 1666 744 4025 1663 745 4026 1667 744 4027 1668 738 4028 1669 738 4029 1669 739 4030 1670 745 4031 1667 741 4032 1648 745 4033 1671 739 4034 1672 739 4035 1672 735 4036 1649 741 4037 1648 726 4038 1673 725 4039 1674 741 4040 1675 741 4041 1675 740 4042 1676 726 4043 1673 727 4044 1677 726 4045 1678 740 4046 1679 740 4047 1679 742 4048 1680 727 4049 1677 722 4050 1681 727 4051 1682 742 4052 1683 742 4053 1683 743 4054 1684 722 4055 1681 723 4056 1685 722 4057 1686 743 4058 1687 743 4059 1687 744 4060 1688 723 4061 1685 724 4062 1689 723 4063 1690 744 4064 1691 744 4065 1691 745 4066 1692 724 4067 1689 725 4068 1693 724 4069 1694 745 4070 1695 745 4071 1695 741 4072 1696 725 4073 1693</p></triangles>
      </mesh>
    </geometry>
    <geometry id="rotor_blade_rear-lib" name="rotor_blade_rearMesh">
      <mesh>
        <source id="rotor_blade_rear-POSITION">
          <float_array id="rotor_blade_rear-POSITION-array" count="27">
0.145917 -9.189472 2.202952
0.145917 -10.435172 2.202952
0.255682 -10.435172 3.448652
0.145917 -9.189472 3.448652
0.145917 -11.680872 2.202952
0.145917 -11.680872 3.448652
0.145917 -10.435172 4.694352
0.145917 -9.189472 4.694352
0.145916 -11.680872 4.694352
</float_array>
          <technique_common>
            <accessor source="#rotor_blade_rear-POSITION-array" count="9" stride="3">
              <param name="X" type="float"/>
              <param name="Y" type="float"/>
              <param name="Z" type="float"/>
            </accessor>
          </technique_common>
        </source>
        <source id="rotor_blade_rear-Normal0">
          <float_array id="rotor_blade_rear-Normal0-array" count="72">
-0.998065 -0.043972 0.043972
-0.997586 0.021972 0.065869
-1.000000 0.000000 -0.000000
-1.000000 0.000000 -0.000000
-0.997586 -0.065869 -0.021972
-0.998065 -0.043972 0.043972
-0.997586 0.021972 0.065869
-1.000000 0.000000 -0.000000
-0.997586 0.065869 0.021972
-0.997586 0.065869 0.021972
-1.000000 0.000000 -0.000000
-0.997586 0.021972 0.065869
-0.997586 -0.065869 -0.021972
-1.000000 0.000000 -0.000000
-0.997586 -0.021972 -0.065869
-0.997586 -0.021972 -0.065869
-1.000000 0.000000 -0.000000
-0.997586 -0.065869 -0.021972
-1.000000 0.000000 -0.000000
-0.997586 0.065869 0.021972
-0.998065 0.043973 -0.043973
-0.998065 0.043973 -0.043973
-0.997586 -0.021972 -0.065869
-1.000000 0.000000 -0.000000
</float_array>
          <technique_common>
            <accessor source="#rotor_blade_rear-Normal0-array" count="24" stride="3">
              <param name="X" type="float"/>
              <param name="Y" type="float"/>
              <param name="Z" type="float"/>
            </accessor>
          </technique_common>
        </source>
        <source id="rotor_blade_rear-UV0">
          <float_array id="rotor_blade_rear-UV0-array" count="18">
0.000000 0.000000
0.500000 0.000000
0.500000 0.500000
0.000000 0.500000
1.000000 0.000000
1.000000 0.500000
0.500000 1.000000
0.000000 1.000000
1.000000 1.000000
</float_array>
          <technique_common>
            <accessor source="#rotor_blade_rear-UV0-array" count="9" stride="2">
              <param name="S" type="float"/>
              <param name="T" type="float"/>
            </accessor>
          </technique_common>
        </source>
        <vertices id="rotor_blade_rear-VERTEX">
          <input semantic="POSITION" source="#rotor_blade_rear-POSITION"/>
        </vertices>
        <triangles count="8" material="rotor_blade_rear"><input semantic="VERTEX" offset="0" source="#rotor_blade_rear-VERTEX"/><input semantic="NORMAL" offset="1" source="#rotor_blade_rear-Normal0"/><input semantic="TEXCOORD" offset="2" set="0" source="#rotor_blade_rear-UV0"/><p> 0 0 0 1 1 1 2 2 2 2 3 2 3 4 3 0 5 0 1 6 1 4 7 4 5 8 5 5 9 5 2 10 2 1 11 1 3 12 3 2 13 2 6 14 6 6 15 6 7 16 7 3 17 3 2 18 2 5 19 5 8 20 8 8 21 8 6 22 6 2 23 2</p></triangles>
      </mesh>
    </geometry>
  </library_geometries>
  <library_visual_scenes>
    <visual_scene id="uh-1" name="uh-1">
      <node name="rotor_blade" id="rotor_blade" sid="rotor_blade"><matrix sid="matrix">1.000000 0.000000 0.000000 0.000000 0.000000 0.000000 1.000000 0.000000 0.000000 -1.000000 0.000000 0.000000 0.000000 0.000000 0.000000 1.000000</matrix><instance_geometry url="#rotor_blade-lib"><bind_material><technique_common><instance_material symbol="rotor_blade" target="#rotor_blade"/></technique_common></bind_material></instance_geometry><extra><technique profile="FCOLLADA"><visibility>1.000000</visibility></technique></extra></node>
      <node name="hull" id="hull" sid="hull"><matrix sid="matrix">1.000000 0.000000 0.000000 0.000000 0.000000 0.000000 1.000000 0.000000 0.000000 -1.000000 0.000000 0.000000 0.000000 0.000000 0.000000 1.000000</matrix><instance_geometry url="#hull-lib"><bind_material><technique_common><instance_material symbol="uh1n" target="#uh1n"/></technique_common></bind_material></instance_geometry><extra><technique profile="FCOLLADA"><visibility>1.000000</visibility></technique></extra></node>
      <node name="rotor_blade_rear" id="rotor_blade_rear" sid="rotor_blade_rear"><matrix sid="matrix">1.000000 0.000000 0.000000 0.000000 0.000000 0.000000 1.000000 0.000000 0.000000 -1.000000 0.000000 0.000000 0.000000 0.000000 0.000000 1.000000</matrix><instance_geometry url="#rotor_blade_rear-lib"><bind_material><technique_common><instance_material symbol="rotor_blade_rear" target="#rotor_blade_rear"/></technique_common></bind_material></instance_geometry><extra><technique profile="FCOLLADA"><visibility>1.000000</visibility></technique></extra></node>
      <extra><technique profile="MAX3D"><frame_rate>30.000000</frame_rate></technique><technique profile="FCOLLADA"><start_time>0.000000</start_time><end_time>3.333333</end_time></technique></extra>
    </visual_scene>
  </library_visual_scenes>
  <scene>
    <instance_visual_scene url="#uh-1"></instance_visual_scene>
  </scene>
</COLLADA>
