<?xml version="1.0" encoding="utf-8"?>
<COLLADA xmlns="http://www.collada.org/2005/11/COLLADASchema" version="1.4.1">
  <asset><contributor><author></author><authoring_tool>FBX COLLADA exporter</authoring_tool><comments></comments></contributor><created>2020-08-31T17:18:51Z</created><keywords></keywords><modified>2020-08-31T17:18:51Z</modified><revision></revision><subject></subject><title></title><unit meter="1.000000" name="centimeter"></unit><up_axis>Y_UP</up_axis></asset>
  <library_images>
    <image id="Map #2-image" name="Map #2"><init_from>file://c-208.dds.png</init_from></image>
    <image id="Map #3-image" name="Map #3"><init_from>file://prop_1.dds.png</init_from></image>
  </library_images>
  <library_materials>
    <material id="c-208" name="c-208">
      <instance_effect url="#c-208-fx"/>
    </material>
    <material id="prop_1" name="prop_1">
      <instance_effect url="#prop_1-fx"/>
    </material>
  </library_materials>
  <library_effects>
    <effect id="c-208-fx" name="c-208">
      <profile_COMMON>
        <technique sid="standard">
          <phong>
            <emission>
              <color sid="emission">0.000000  0.000000 0.000000 1.000000</color>
            </emission>
            <ambient>
              <color sid="ambient">0.588000  0.588000 0.588000 1.000000</color>
            </ambient>
            <diffuse>
              <texture texture="Map #2-image" texcoord="CHANNEL0">
                <extra>
                  <technique profile="MAYA">
                    <wrapU sid="wrapU0">TRUE</wrapU>
                    <wrapV sid="wrapV0">TRUE</wrapV>
                    <blend_mode>ADD</blend_mode>
                  </technique>
                </extra>
              </texture>
            </diffuse>
            <specular>
              <color sid="specular">0.000000  0.000000 0.000000 1.000000</color>
            </specular>
            <shininess>
              <float sid="shininess">2.000000</float>
            </shininess>
            <reflective>
              <color sid="reflective">0.000000  0.000000 0.000000 1.000000</color>
            </reflective>
            <reflectivity>
              <float sid="reflectivity">1.000000</float>
            </reflectivity>
            <transparent opaque="RGB_ZERO">
              <color sid="transparent">1.000000  1.000000 1.000000 1.000000</color>
            </transparent>
            <transparency>
              <float sid="transparency">0.000000</float>
            </transparency>
          </phong>
        </technique>
      </profile_COMMON>
    </effect>
    <effect id="prop_1-fx" name="prop_1">
      <profile_COMMON>
        <technique sid="standard">
          <phong>
            <emission>
              <color sid="emission">0.000000  0.000000 0.000000 1.000000</color>
            </emission>
            <ambient>
              <color sid="ambient">0.588000  0.588000 0.588000 1.000000</color>
            </ambient>
            <diffuse>
              <texture texture="Map #3-image" texcoord="CHANNEL0">
                <extra>
                  <technique profile="MAYA">
                    <wrapU sid="wrapU0">TRUE</wrapU>
                    <wrapV sid="wrapV0">TRUE</wrapV>
                    <blend_mode>ADD</blend_mode>
                  </technique>
                </extra>
              </texture>
            </diffuse>
            <specular>
              <color sid="specular">0.000000  0.000000 0.000000 1.000000</color>
            </specular>
            <shininess>
              <float sid="shininess">2.000000</float>
            </shininess>
            <reflective>
              <color sid="reflective">0.000000  0.000000 0.000000 1.000000</color>
            </reflective>
            <reflectivity>
              <float sid="reflectivity">1.000000</float>
            </reflectivity>
            <transparent opaque="RGB_ZERO">
              <color sid="transparent">1.000000  1.000000 1.000000 1.000000</color>
            </transparent>
            <transparency>
              <float sid="transparency">0.000000</float>
            </transparency>
          </phong>
        </technique>
      </profile_COMMON>
    </effect>
  </library_effects>
  <library_geometries>
    <geometry id="hull-lib" name="hullMesh">
      <mesh>
        <source id="hull-POSITION">
          <float_array id="hull-POSITION-array" count="2841">
0.679928 1.635448 -2.244956
0.662663 1.880248 -2.244956
0.520204 2.222345 -2.244956
0.240479 2.258174 -2.244956
-0.000000 2.275143 -2.244956
-0.240479 2.258174 -2.244956
-0.520205 2.222345 -2.244956
-0.662663 1.880248 -2.244956
-0.679929 1.635448 -2.244956
-0.662663 1.390647 -2.244956
-0.520205 1.048551 -2.244956
-0.240480 1.012722 -2.244956
-0.000000 0.995753 -2.244956
0.240479 1.012722 -2.244956
0.520205 1.048551 -2.244956
0.662663 1.390648 -2.244956
0.826807 1.629914 0.452063
0.805811 1.922342 0.452063
0.632579 2.330994 0.452063
0.292427 2.373793 0.452063
-0.000000 2.394064 0.452063
-0.292427 2.373793 0.452063
-0.632580 2.330994 0.452063
-0.805812 1.922342 0.452063
-0.826807 1.629914 0.452063
-0.805812 1.337487 0.452063
-0.632580 0.928835 0.452063
-0.292428 0.886035 0.452063
-0.000000 0.865765 0.452063
0.292428 0.886035 0.452063
0.632579 0.928835 0.452063
0.805812 1.337487 0.452063
0.639929 2.051297 -2.244956
-0.639929 2.051297 -2.244956
-0.639929 1.219599 -2.244956
0.639929 1.219599 -2.244956
0.778167 2.126668 0.452063
-0.778167 2.126668 0.452063
-0.778167 1.133161 0.452063
0.778167 1.133161 0.452063
0.826807 1.629914 2.347032
0.805812 1.922342 2.347032
0.632580 2.330994 2.347032
0.292428 2.373793 2.347032
0.000000 2.394064 2.347032
-0.292427 2.373793 2.347032
-0.632579 2.330994 2.347032
-0.805811 1.922342 2.347032
-0.826807 1.629914 2.347032
-0.805811 1.337487 2.347032
-0.632580 0.928835 2.347032
-0.292427 0.886035 2.347032
0.000000 0.865765 2.347032
0.292428 0.886035 2.347032
0.632580 0.928835 2.347032
0.805812 1.337487 2.347032
0.778167 2.126668 2.347032
-0.778167 2.126668 2.347032
-0.778167 1.133161 2.347032
0.778167 1.133161 2.347032
0.748494 1.417018 3.659134
0.729487 1.614402 3.659134
0.572663 1.890237 3.659134
0.264730 1.919126 3.659135
0.000001 1.932809 3.659134
-0.264729 1.919126 3.659134
-0.572663 1.890237 3.659134
-0.729486 1.614402 3.659134
-0.748493 1.417018 3.659135
-0.729486 1.219633 3.659134
-0.572663 0.943798 3.659134
-0.264729 0.914909 3.659134
0.000001 0.901227 3.659135
0.264730 0.914909 3.659135
0.572663 0.943798 3.659135
0.729487 1.219633 3.659134
0.704461 1.752320 3.659134
-0.704460 1.752320 3.659135
-0.704460 1.081716 3.659134
0.704461 1.081716 3.659134
-0.282761 2.221332 3.107725
0.000000 2.239551 3.107725
0.282762 2.221332 3.107725
0.611671 2.182864 3.107724
0.752446 1.999219 3.107724
0.779177 1.815575 3.107724
0.799479 1.552746 3.107725
0.779177 1.289917 3.107725
0.752446 1.106272 3.107725
0.611671 0.922627 3.107725
0.282762 0.884160 3.107725
0.000000 0.865941 3.107725
-0.282761 0.884160 3.107725
-0.611670 0.922627 3.107725
-0.752446 1.106272 3.107725
-0.779176 1.289917 3.107725
-0.799478 1.552746 3.107725
-0.779176 1.815575 3.107724
-0.752445 1.999219 3.107725
-0.611670 2.182864 3.107725
0.464899 1.378712 5.112189
0.453094 1.502359 5.112189
0.355688 1.675150 5.112188
0.164427 1.693247 5.112190
0.000001 1.701818 5.112189
-0.164426 1.693247 5.112189
-0.355687 1.675150 5.112189
-0.453092 1.502359 5.112189
-0.464898 1.378712 5.112191
-0.453092 1.255065 5.112189
-0.355687 1.082275 5.112190
-0.164426 1.064178 5.112189
0.000001 1.055607 5.112190
0.164427 1.064178 5.112190
0.355689 1.082275 5.112190
0.453094 1.255065 5.112189
0.437549 1.588755 5.112189
-0.437548 1.588755 5.112190
-0.437548 1.168670 5.112189
0.437550 1.168670 5.112189
-0.661151 1.585405 4.260219
-0.638469 1.713341 4.260220
-0.519018 1.841278 4.260219
-0.239930 1.868077 4.260219
0.000001 1.880769 4.260219
0.239931 1.868077 4.260220
0.519019 1.841278 4.260218
0.638470 1.713341 4.260219
0.661152 1.585405 4.260219
0.678379 1.402304 4.260219
0.661152 1.219204 4.260219
0.638470 1.091267 4.260219
0.519019 0.963331 4.260219
0.239931 0.936532 4.260220
0.000001 0.923840 4.260220
-0.239930 0.936532 4.260219
-0.519018 0.963331 4.260219
-0.638469 1.091267 4.260219
-0.661151 1.219204 4.260219
-0.678378 1.402304 4.260220
-0.573845 1.670660 4.697927
-0.466484 1.786252 4.697926
-0.215645 1.810465 4.697926
0.000001 1.821933 4.697926
0.215646 1.810465 4.697927
0.466485 1.786252 4.697925
0.573846 1.670660 4.697926
0.594232 1.555067 4.697926
0.609715 1.389633 4.697926
0.594232 1.224199 4.697926
0.573846 1.108607 4.697926
0.466485 0.993014 4.697927
0.215646 0.968801 4.697927
0.000001 0.957333 4.697927
-0.215645 0.968801 4.697926
-0.466484 0.993014 4.697927
-0.573845 1.108606 4.697926
-0.594231 1.224199 4.697926
-0.609714 1.389633 4.697927
-0.594231 1.555067 4.697926
0.195537 1.839152 -4.793329
0.190572 1.954063 -4.793329
0.149603 2.114645 -4.793329
0.069158 2.131463 -4.793329
-0.000001 2.139428 -4.793329
-0.069159 2.131463 -4.793329
-0.149604 2.114645 -4.793329
-0.190573 1.954063 -4.793329
-0.195538 1.839152 -4.793329
-0.190573 1.707534 -4.793329
-0.149604 1.546951 -4.793329
-0.069159 1.530133 -4.793329
-0.000001 1.522168 -4.793329
0.069158 1.530133 -4.793329
0.149603 1.546952 -4.793329
0.190572 1.707534 -4.793329
0.184034 2.034354 -4.793329
-0.184035 2.034354 -4.793329
-0.184035 1.627243 -4.793329
0.184034 1.627243 -4.793329
0.106311 2.000876 -5.707547
0.103612 2.033163 -5.707547
0.081337 2.078282 -5.707547
0.037600 2.083008 -5.707547
-0.000001 2.085246 -5.707547
-0.037602 2.083008 -5.707547
-0.081339 2.078282 -5.707547
-0.103613 2.033163 -5.707547
-0.106313 2.000876 -5.707547
-0.103613 1.968589 -5.707547
-0.081339 1.923470 -5.707547
-0.037602 1.918745 -5.707547
-0.000001 1.916506 -5.707547
0.037600 1.918745 -5.707547
0.081337 1.923470 -5.707547
0.103612 1.968589 -5.707547
0.100057 2.055723 -5.707547
-0.100059 2.055723 -5.707547
-0.100059 1.946030 -5.707547
0.100057 1.946030 -5.707547
-0.000001 2.016798 -5.787221
-0.137626 1.895732 -5.386705
-0.134132 1.807290 -5.386705
-0.129530 1.749455 -5.386705
-0.105296 1.691620 -5.386705
-0.048677 1.679505 -5.386705
-0.000001 1.673767 -5.386705
0.048675 1.679505 -5.386705
0.105295 1.691620 -5.386705
0.129529 1.749455 -5.386705
0.134130 1.807291 -5.386705
0.137625 1.895732 -5.386705
0.134130 1.981393 -5.386705
0.129529 2.039229 -5.386705
0.105295 2.097064 -5.386705
0.048675 2.109179 -5.386705
-0.000001 2.114917 -5.386705
-0.048677 2.109179 -5.386705
-0.105296 2.097064 -5.386705
-0.129530 2.039229 -5.386705
-0.134132 1.981393 -5.386705
0.388429 1.378712 5.182937
0.378566 1.482021 5.182937
0.297182 1.626390 5.182937
0.137381 1.641510 5.182938
0.000001 1.648671 5.182937
-0.137380 1.641510 5.182937
-0.297181 1.626390 5.182937
-0.378564 1.482021 5.182937
-0.388428 1.378712 5.182939
-0.378564 1.275404 5.182937
-0.297181 1.131035 5.182938
-0.137380 1.115915 5.182937
0.000001 1.108754 5.182938
0.137381 1.115915 5.182938
0.297182 1.131035 5.182938
0.378566 1.275404 5.182937
0.365578 1.554205 5.182937
-0.365577 1.554205 5.182938
-0.365577 1.203219 5.182937
0.365578 1.203219 5.182937
0.322773 1.378712 5.196805
0.314577 1.456084 5.196805
0.246950 1.564208 5.196804
0.114160 1.575532 5.196806
0.000001 1.580896 5.196805
-0.114159 1.575532 5.196805
-0.246949 1.564208 5.196805
-0.314576 1.456084 5.196805
-0.322772 1.378712 5.196807
-0.314576 1.301340 5.196805
-0.246949 1.193217 5.196806
-0.114159 1.181892 5.196805
0.000001 1.176529 5.196807
0.114160 1.181892 5.196806
0.246950 1.193217 5.196805
0.314577 1.301340 5.196805
0.303785 1.510146 5.196805
-0.303784 1.510146 5.196807
-0.303784 1.247278 5.196805
0.303785 1.247278 5.196805
0.257619 1.378712 5.125324
0.251077 1.440466 5.125324
0.197101 1.526764 5.125323
0.091116 1.535803 5.125325
0.000001 1.540083 5.125324
-0.091115 1.535803 5.125324
-0.197100 1.526764 5.125324
-0.251076 1.440466 5.125324
-0.257618 1.378712 5.125326
-0.251076 1.316958 5.125324
-0.197100 1.230660 5.125325
-0.091115 1.221622 5.125324
0.000001 1.217341 5.125326
0.091116 1.221622 5.125325
0.197101 1.230660 5.125324
0.251077 1.316958 5.125324
0.242464 1.483615 5.125324
-0.242463 1.483615 5.125326
-0.242463 1.273809 5.125324
0.242464 1.273809 5.125324
0.175922 1.378712 5.066402
0.171454 1.420882 5.066401
0.134595 1.479813 5.066401
0.062221 1.485985 5.066402
0.000001 1.488908 5.066402
-0.062220 1.485985 5.066402
-0.134594 1.479813 5.066402
-0.171453 1.420882 5.066402
-0.175920 1.378712 5.066403
-0.171453 1.336542 5.066402
-0.134594 1.277612 5.066402
-0.062220 1.271440 5.066402
0.000001 1.268516 5.066403
0.062221 1.271440 5.066402
0.134595 1.277612 5.066402
0.171454 1.336542 5.066402
0.165572 1.450348 5.066401
-0.165571 1.450348 5.066403
-0.165571 1.307077 5.066402
0.165572 1.307077 5.066402
0.000001 1.378712 5.066404
-7.224444 2.518439 0.561967
-7.224446 2.600593 1.691031
-0.739016 2.460134 1.991323
-0.739017 2.431323 0.444581
-7.405009 2.518439 1.509858
-4.473532 2.542895 1.841177
-4.473532 2.410074 0.373794
-0.814573 2.105972 1.991323
-4.473532 2.277253 1.841177
-7.224447 2.436285 1.691031
-0.776795 2.283053 2.084181
-4.473532 2.410074 1.934035
-7.224446 2.518439 1.783888
-0.776795 2.283053 0.185622
-0.814573 2.105972 0.752938
-4.473532 2.277252 0.839645
-7.224445 2.436284 0.926351
-7.405006 2.518439 0.981062
-7.224445 2.600593 0.926351
-4.473532 2.542895 0.839645
-0.739017 2.460134 0.752938
-0.922247 2.464194 0.757192
-0.958172 2.289285 0.194854
-0.994097 2.114376 0.757192
-0.994096 2.114376 1.983956
-0.958172 2.289285 2.076814
-0.922247 2.464194 1.983956
-2.833463 2.080524 -4.982291
-2.833464 2.080524 -4.556676
-0.075290 2.080524 -4.240759
-2.833463 1.987414 -4.982290
-2.833464 1.987414 -4.556675
-0.075290 1.987414 -4.240759
-0.075290 2.080524 -4.975528
-0.075290 1.987414 -4.975528
-2.643610 2.080524 -4.981746
-2.643610 1.987414 -4.981745
-2.643611 1.987414 -4.531229
-2.643611 2.080524 -4.531230
-2.833463 2.033969 -5.247604
-2.833464 2.033969 -4.496008
-0.075291 2.033969 -4.180092
-0.075290 2.033969 -5.410945
-2.914660 2.033969 -4.982290
-2.643611 2.033969 -4.470562
-2.643610 2.033969 -5.260760
-2.914660 2.033969 -4.556676
0.000000 4.226068 -5.204980
0.000000 4.144872 -5.108263
0.000000 2.053964 -1.836895
0.000000 4.144871 -5.784095
0.000000 4.226068 -5.445882
-0.095447 2.053963 -5.021793
-0.095447 2.053964 -1.897563
0.000000 2.053963 -5.642220
-0.071515 4.144872 -5.168930
-0.071515 4.144871 -5.445882
0.000000 2.759103 -5.690646
-0.095447 2.759103 -5.172321
-0.095447 2.759103 -4.428548
0.000000 2.795847 -4.361131
0.739017 2.431323 0.444581
0.739017 2.460134 0.752938
0.922247 2.464194 0.757192
7.224446 2.600593 1.691031
7.224445 2.600593 0.926351
7.405006 2.518439 0.981062
7.405009 2.518439 1.509858
4.473532 2.410074 0.373794
7.224444 2.518439 0.561967
4.473532 2.542895 0.839645
0.776795 2.283053 0.185622
0.814573 2.105972 0.752938
0.994097 2.114376 0.757192
0.958172 2.289285 0.194854
7.224447 2.436285 1.691031
7.224445 2.436285 0.926351
4.473532 2.277252 0.839645
4.473532 2.277253 1.841177
0.994096 2.114376 1.983956
0.958172 2.289285 2.076814
4.473532 2.410074 1.934035
7.224446 2.518439 1.783888
0.776795 2.283053 2.084181
0.739016 2.460134 1.991323
0.922247 2.464194 1.983956
4.473532 2.542895 1.841177
0.814573 2.105973 1.991323
2.833464 2.080524 -4.556676
2.914660 2.033969 -4.556676
2.833464 2.033969 -4.496008
0.075290 2.080524 -4.240759
2.643611 2.080524 -4.531230
2.643611 2.033969 -4.470562
0.075291 2.033969 -4.180092
2.833463 2.080524 -4.982291
2.643610 2.080524 -4.981746
2.643610 2.033969 -5.260760
2.833463 2.033969 -5.247604
2.914660 2.033969 -4.982290
0.075290 1.987414 -4.975528
0.075290 1.987414 -4.240759
2.643611 1.987414 -4.531229
2.643610 1.987414 -4.981745
0.075290 2.080524 -4.975528
0.075290 2.033969 -5.410945
2.833464 1.987414 -4.556675
2.833463 1.987414 -4.982290
0.095447 2.053963 -5.021793
0.095447 2.053964 -1.897563
0.095447 2.759103 -4.428548
0.095447 2.759103 -5.172321
0.071515 4.144871 -5.445882
0.071515 4.144872 -5.168930
0.285161 1.404254 5.214213
0.263455 1.513380 5.214213
0.201640 1.605893 5.214213
0.109127 1.667708 5.214213
0.000001 1.689415 5.214213
-0.109125 1.667708 5.214213
-0.201638 1.605893 5.214213
-0.263453 1.513380 5.214213
-0.285159 1.404254 5.214213
-0.263453 1.295128 5.214213
-0.201638 1.202615 5.214213
-0.109125 1.140800 5.214213
0.000001 1.119094 5.214213
0.109127 1.140800 5.214213
0.201640 1.202615 5.214213
0.263455 1.295128 5.214213
0.000001 1.404254 5.764235
0.225136 1.404254 5.488389
0.207999 1.490409 5.488389
0.159196 1.563449 5.488389
0.086156 1.612252 5.488389
0.000001 1.629389 5.488389
-0.086155 1.612252 5.488389
-0.159194 1.563449 5.488389
-0.207997 1.490409 5.488389
-0.225135 1.404254 5.488389
-0.207997 1.318098 5.488389
-0.159194 1.245059 5.488389
-0.086155 1.196256 5.488389
0.000001 1.179119 5.488389
0.086156 1.196256 5.488389
0.159196 1.245059 5.488389
0.207999 1.318098 5.488389
0.153942 1.404254 5.634399
0.142224 1.463165 5.634399
0.108854 1.513107 5.634399
0.058911 1.546477 5.634399
0.000001 1.558195 5.634399
-0.058910 1.546477 5.634399
-0.108852 1.513107 5.634399
-0.142222 1.463165 5.634399
-0.153940 1.404254 5.634399
-0.142222 1.345343 5.634399
-0.108852 1.295401 5.634399
-0.058910 1.262031 5.634399
0.000001 1.250313 5.634399
0.058911 1.262031 5.634399
0.108854 1.295401 5.634399
0.142224 1.345343 5.634399
0.134923 1.404254 5.214212
0.124653 1.455887 5.214212
0.095406 1.499659 5.214212
0.051634 1.528906 5.214212
0.000001 1.539176 5.214212
-0.051632 1.528906 5.214212
-0.095404 1.499659 5.214213
-0.124651 1.455887 5.214213
-0.134921 1.404254 5.214213
-0.124651 1.352622 5.214213
-0.095404 1.308849 5.214213
-0.051632 1.279602 5.214213
0.000001 1.269332 5.214213
0.051634 1.279602 5.214213
0.095406 1.308849 5.214212
0.124653 1.352622 5.214212
0.134923 1.404254 4.983669
0.124653 1.455887 4.983669
0.095405 1.499659 4.983669
0.051633 1.528906 4.983669
0.000001 1.539176 4.983669
-0.051632 1.528906 4.983669
-0.095404 1.499659 4.983669
-0.124651 1.455887 4.983669
-0.134921 1.404254 4.983669
-0.124651 1.352622 4.983669
-0.095404 1.308849 4.983669
-0.051632 1.279602 4.983669
0.000001 1.269332 4.983669
0.051634 1.279602 4.983669
0.095406 1.308849 4.983669
0.124653 1.352622 4.983669
0.824208 1.606888 2.727378
0.803279 1.892337 2.727378
0.630591 2.291238 2.727378
0.291508 2.333016 2.727378
0.000000 2.352803 2.727378
-0.291508 2.333016 2.727378
-0.630591 2.291238 2.727378
-0.803278 1.892337 2.727378
-0.824208 1.606888 2.727378
-0.803278 1.321439 2.727378
-0.630591 0.922538 2.727378
-0.291508 0.880760 2.727378
0.000000 0.860973 2.727379
0.291509 0.880760 2.727379
0.630591 0.922538 2.727378
0.803279 1.321439 2.727378
0.775721 2.091788 2.727378
-0.775721 2.091788 2.727379
-0.775721 1.121988 2.727378
0.775721 1.121989 2.727378
-0.047360 0.513322 4.530232
-0.033488 0.513322 4.563721
0.000001 0.513322 4.577592
0.033490 0.513322 4.563721
0.047362 0.513322 4.530232
0.033490 0.513322 4.496743
0.000001 0.513322 4.482870
-0.033488 0.513322 4.496743
-0.047360 0.986841 4.530232
-0.033488 0.986841 4.563721
0.000001 0.986841 4.577593
0.033490 0.986841 4.563721
0.047362 0.986841 4.530232
0.033490 0.986841 4.496743
0.000001 0.986841 4.482870
-0.033488 0.986841 4.496743
-0.161403 0.443207 4.530232
-0.147531 0.443207 4.563721
-0.114042 0.443207 4.577593
0.147622 0.443207 4.563721
0.161494 0.443207 4.530232
0.147622 0.443207 4.496743
0.114133 0.443207 4.482870
-0.147531 0.443207 4.496743
0.114133 0.443207 4.577592
-0.114042 0.443207 4.482870
-0.196743 0.259007 4.530232
-0.182871 0.259007 4.563721
-0.149382 0.259007 4.577593
0.182622 0.259007 4.563721
0.196494 0.259007 4.530232
0.182622 0.259007 4.496743
0.149133 0.259007 4.482870
-0.182871 0.259007 4.496743
0.149133 0.259007 4.577592
-0.149382 0.259007 4.482870
-0.092726 0.219262 4.749393
-0.092726 0.301877 4.732960
-0.125722 0.271533 4.659704
-0.125722 0.219262 4.670102
-0.092726 0.371914 4.686163
-0.125722 0.315847 4.630095
-0.092726 0.418712 4.616125
-0.125722 0.345456 4.585781
-0.092726 0.435145 4.533510
-0.125722 0.355853 4.533510
-0.092726 0.418712 4.450895
-0.125722 0.345456 4.481239
-0.092726 0.371914 4.380858
-0.125722 0.315847 4.436925
-0.092726 0.301877 4.334060
-0.125722 0.271533 4.407316
-0.092726 0.219262 4.317627
-0.125722 0.219262 4.396918
-0.092726 0.136647 4.334060
-0.125722 0.166990 4.407316
-0.092726 0.066609 4.380857
-0.125722 0.122677 4.436925
-0.092726 0.019811 4.450895
-0.125722 0.093067 4.481239
-0.092726 0.003378 4.533510
-0.125722 0.082670 4.533510
-0.092726 0.019812 4.616125
-0.125722 0.093067 4.585781
-0.092726 0.066609 4.686163
-0.125722 0.122677 4.630095
-0.092726 0.136647 4.732960
-0.125722 0.166990 4.659704
-0.083451 0.262921 4.638913
-0.083451 0.219262 4.647598
-0.083451 0.299934 4.614182
-0.083451 0.324665 4.577169
-0.083451 0.333349 4.533510
-0.083451 0.324665 4.489850
-0.083451 0.299934 4.452838
-0.083451 0.262921 4.428106
-0.083451 0.219262 4.419422
-0.083451 0.175602 4.428106
-0.083451 0.138590 4.452838
-0.083451 0.113858 4.489850
-0.083451 0.105174 4.533510
-0.083451 0.113858 4.577169
-0.083451 0.138589 4.614182
-0.083451 0.175602 4.638913
-0.083451 0.219262 4.533510
0.092728 0.219262 4.749393
0.092728 0.301877 4.732960
0.125723 0.271533 4.659704
0.125723 0.219262 4.670102
0.092728 0.371914 4.686163
0.125723 0.315847 4.630095
0.092728 0.418712 4.616125
0.125723 0.345456 4.585781
0.092728 0.435145 4.533510
0.125723 0.355853 4.533510
0.092728 0.418712 4.450895
0.125723 0.345456 4.481239
0.092728 0.371914 4.380858
0.125723 0.315847 4.436925
0.092728 0.301877 4.334060
0.125723 0.271533 4.407316
0.092728 0.219262 4.317627
0.125723 0.219262 4.396918
0.092728 0.136647 4.334060
0.125723 0.166990 4.407316
0.092728 0.066609 4.380857
0.125723 0.122677 4.436925
0.092728 0.019812 4.450895
0.125723 0.093067 4.481239
0.092728 0.003378 4.533510
0.125723 0.082670 4.533510
0.092728 0.019812 4.616125
0.125723 0.093067 4.585781
0.092728 0.066609 4.686163
0.125723 0.122677 4.630095
0.092728 0.136647 4.732960
0.125723 0.166990 4.659704
0.000001 0.309870 4.752257
0.000001 0.219262 4.770279
0.000001 0.386683 4.700931
0.000001 0.438008 4.624118
0.000001 0.456032 4.533510
0.000001 0.438009 4.442902
0.000001 0.386683 4.366088
0.000001 0.309870 4.314763
0.000001 0.219262 4.296740
0.000001 0.128654 4.314763
0.000001 0.051840 4.366088
0.000001 0.000515 4.442902
0.000001 -0.017508 4.533510
0.000001 0.000515 4.624118
0.000001 0.051840 4.700931
0.000001 0.128654 4.752257
0.083452 0.262921 4.638913
0.083453 0.219262 4.647598
0.083452 0.299934 4.614182
0.083453 0.324665 4.577169
0.083453 0.333349 4.533510
0.083453 0.324665 4.489850
0.083453 0.299934 4.452838
0.083453 0.262921 4.428106
0.083453 0.219262 4.419422
0.083453 0.175602 4.428106
0.083453 0.138590 4.452838
0.083452 0.113858 4.489850
0.083453 0.105174 4.533510
0.083453 0.113858 4.577169
0.083452 0.138589 4.614182
0.083452 0.175602 4.638913
0.083453 0.219262 4.533510
-0.433848 1.212128 0.730971
-0.826281 1.142835 0.730971
-0.826282 1.142834 1.294444
-0.433849 1.212128 1.294443
-0.433848 1.050853 0.458983
-0.826281 0.981560 0.458983
-0.826282 1.026920 1.385094
-0.433849 1.096213 1.385093
-0.826282 0.894284 1.279142
-0.433849 0.963577 1.279142
-0.826282 0.894284 0.512990
-0.433849 0.963577 0.512989
-0.826282 0.928060 0.464540
-0.433849 0.997353 0.464539
-0.896163 1.066099 0.874365
-0.896163 1.066099 1.156138
-0.896163 0.985451 0.738354
-0.896164 1.008134 1.201469
-0.896163 0.941807 1.148486
-0.896163 0.941808 0.765360
-0.896163 0.958698 0.741132
-0.966723 1.066099 0.874365
-0.966724 1.066099 1.156138
-0.966724 0.985451 0.738354
-0.966724 1.008134 1.201469
-0.966724 0.941807 1.148486
-0.966724 0.941808 0.765360
-0.966724 0.958698 0.741132
-1.101409 0.991379 0.885060
-1.101409 0.991379 1.125040
-1.057258 0.938763 0.769222
-1.069676 0.953561 1.163648
-1.033366 0.910288 1.118523
-1.033366 0.910288 0.792223
-1.042612 0.921308 0.771588
-1.619271 0.393790 0.951841
-1.619272 0.393790 1.070222
-1.586868 0.355174 0.894699
-1.595983 0.366035 1.089266
-1.569334 0.334276 1.067007
-1.569334 0.334276 0.906045
-1.576120 0.342364 0.895866
-1.592106 0.253718 1.271576
-1.592106 0.350132 1.252398
-1.592106 0.431868 1.197785
-1.592106 0.486482 1.116049
-1.592106 0.505659 1.019635
-1.592106 0.486482 0.923221
-1.592106 0.431868 0.841486
-1.592106 0.350132 0.786872
-1.592106 0.253718 0.767694
-1.592106 0.157305 0.786872
-1.592106 0.075569 0.841486
-1.592106 0.020955 0.923221
-1.592106 0.001777 1.019635
-1.592106 0.020955 1.116049
-1.592106 0.075569 1.197785
-1.592106 0.157305 1.252399
-1.793580 0.253718 1.271577
-1.793580 0.350132 1.252399
-1.793580 0.431868 1.197785
-1.793581 0.486482 1.116049
-1.793581 0.505659 1.019635
-1.793581 0.486482 0.923221
-1.793581 0.431868 0.841486
-1.793581 0.350132 0.786872
-1.793581 0.253718 0.767694
-1.793581 0.157305 0.786872
-1.793581 0.075569 0.841486
-1.793581 0.020955 0.923221
-1.793580 0.001777 1.019635
-1.793580 0.020955 1.116049
-1.793580 0.075569 1.197785
-1.793580 0.157305 1.252399
-1.559110 0.253718 1.179041
-1.559111 0.314720 1.166907
-1.559111 0.366435 1.132352
-1.559111 0.400990 1.080637
-1.559111 0.413124 1.019635
-1.559111 0.400990 0.958633
-1.559111 0.366435 0.906918
-1.559111 0.314720 0.872363
-1.559111 0.253718 0.860229
-1.559111 0.192716 0.872363
-1.559111 0.141001 0.906918
-1.559111 0.106446 0.958633
-1.559111 0.094312 1.019635
-1.559111 0.106446 1.080637
-1.559110 0.141001 1.132352
-1.559110 0.192716 1.166907
-1.826576 0.253718 1.179041
-1.826576 0.314720 1.166907
-1.826576 0.366435 1.132352
-1.826576 0.400990 1.080637
-1.826576 0.413124 1.019635
-1.826576 0.400990 0.958633
-1.826576 0.366435 0.906918
-1.826576 0.314720 0.872363
-1.826576 0.253718 0.860229
-1.826576 0.192716 0.872363
-1.826576 0.141001 0.906918
-1.826576 0.106446 0.958633
-1.826576 0.094312 1.019635
-1.826576 0.106446 1.080637
-1.826576 0.141001 1.132352
-1.826576 0.192716 1.166907
-1.692843 0.253718 1.295952
-1.692843 0.359460 1.274918
-1.692843 0.449104 1.215021
-1.692843 0.509001 1.125377
-1.692843 0.530035 1.019635
-1.692843 0.509001 0.913893
-1.692843 0.449103 0.824250
-1.692843 0.359460 0.764352
-1.692843 0.253718 0.743319
-1.692843 0.147977 0.764352
-1.692843 0.058333 0.824250
-1.692843 -0.001565 0.913893
-1.692843 -0.022598 1.019635
-1.692843 -0.001565 1.125377
-1.692843 0.058333 1.215021
-1.692843 0.147977 1.274918
-1.559111 0.253718 1.019635
-1.784305 0.253718 1.152778
-1.784305 0.304670 1.142644
-1.784305 0.347865 1.113782
-1.784305 0.376727 1.070587
-1.784305 0.386862 1.019635
-1.784305 0.376727 0.968683
-1.784305 0.347865 0.925489
-1.784305 0.304670 0.896627
-1.784305 0.253718 0.886492
-1.784305 0.202767 0.896627
-1.784305 0.159572 0.925489
-1.784305 0.130710 0.968683
-1.784305 0.120575 1.019635
-1.784305 0.130710 1.070587
-1.784305 0.159572 1.113782
-1.784305 0.202767 1.142644
-1.784305 0.253718 1.019635
0.433848 1.212128 0.730971
0.826281 1.142835 0.730971
0.826282 1.142834 1.294444
0.433849 1.212128 1.294443
0.433848 1.050853 0.458983
0.826281 0.981560 0.458983
0.826282 1.026920 1.385094
0.433849 1.096213 1.385093
0.826282 0.894284 1.279142
0.433849 0.963577 1.279142
0.826282 0.894284 0.512990
0.433849 0.963577 0.512989
0.826282 0.928060 0.464540
0.433849 0.997353 0.464539
0.896162 1.066099 0.874365
0.896163 1.066099 1.156138
0.896162 0.985451 0.738354
0.896164 1.008134 1.201469
0.896163 0.941807 1.148486
0.896163 0.941808 0.765360
0.896163 0.958698 0.741132
0.966723 1.066099 0.874365
0.966724 1.066099 1.156138
0.966723 0.985451 0.738354
0.966724 1.008134 1.201469
0.966724 0.941807 1.148486
0.966724 0.941808 0.765360
0.966724 0.958698 0.741132
1.101409 0.991379 0.885060
1.101409 0.991379 1.125040
1.057258 0.938763 0.769222
1.069676 0.953561 1.163648
1.033366 0.910288 1.118523
1.033366 0.910288 0.792223
1.042612 0.921308 0.771588
1.619271 0.393790 0.951841
1.619272 0.393790 1.070222
1.586868 0.355174 0.894699
1.595983 0.366035 1.089266
1.569334 0.334276 1.067007
1.569334 0.334276 0.906045
1.576120 0.342364 0.895866
1.592106 0.253718 1.271576
1.592106 0.350132 1.252398
1.692843 0.359460 1.274918
1.692843 0.253718 1.295952
1.592106 0.431868 1.197785
1.692843 0.449104 1.215021
1.592106 0.486482 1.116049
1.692843 0.509001 1.125377
1.592106 0.505659 1.019635
1.692843 0.530035 1.019635
1.592106 0.486482 0.923221
1.692843 0.509001 0.913893
1.592106 0.431868 0.841486
1.692843 0.449103 0.824250
1.592106 0.350132 0.786872
1.692843 0.359460 0.764352
1.592106 0.253718 0.767694
1.692843 0.253718 0.743319
1.592106 0.157305 0.786872
1.692843 0.147977 0.764352
1.592106 0.075569 0.841486
1.692843 0.058333 0.824250
1.592106 0.020955 0.923221
1.692843 -0.001565 0.913893
1.592106 0.001777 1.019635
1.692843 -0.022598 1.019635
1.592106 0.020955 1.116049
1.692843 -0.001565 1.125377
1.592106 0.075569 1.197785
1.692843 0.058333 1.215021
1.592106 0.157305 1.252399
1.692843 0.147977 1.274918
1.559110 0.253718 1.179041
1.559111 0.314720 1.166907
1.559111 0.366435 1.132352
1.559111 0.400990 1.080637
1.559111 0.413124 1.019635
1.559111 0.400990 0.958633
1.559111 0.366435 0.906918
1.559111 0.314720 0.872363
1.559111 0.253718 0.860229
1.559111 0.192716 0.872363
1.559111 0.141001 0.906918
1.559111 0.106446 0.958633
1.559111 0.094312 1.019635
1.559111 0.106446 1.080637
1.559110 0.141001 1.132352
1.559110 0.192716 1.166907
1.793580 0.253718 1.271577
1.793580 0.350132 1.252399
1.826576 0.314720 1.166907
1.826576 0.253718 1.179041
1.793580 0.431868 1.197785
1.826576 0.366435 1.132352
1.793581 0.486482 1.116049
1.826576 0.400990 1.080637
1.793581 0.505659 1.019635
1.826576 0.413124 1.019635
1.793581 0.486482 0.923221
1.826576 0.400990 0.958633
1.793581 0.431868 0.841486
1.826576 0.366435 0.906918
1.793581 0.350132 0.786872
1.826576 0.314720 0.872363
1.793581 0.253718 0.767694
1.826576 0.253718 0.860229
1.793581 0.157305 0.786872
1.826576 0.192716 0.872363
1.793581 0.075569 0.841486
1.826576 0.141001 0.906918
1.793581 0.020955 0.923221
1.826576 0.106446 0.958633
1.793580 0.001777 1.019635
1.826576 0.094312 1.019635
1.793580 0.020955 1.116049
1.826576 0.106446 1.080637
1.793580 0.075569 1.197785
1.826576 0.141001 1.132352
1.793580 0.157305 1.252399
1.826576 0.192716 1.166907
1.559111 0.253718 1.019635
1.784305 0.304670 1.142644
1.784305 0.253718 1.152778
1.784305 0.347865 1.113782
1.784305 0.376727 1.070587
1.784305 0.386862 1.019635
1.784305 0.376727 0.968683
1.784305 0.347865 0.925489
1.784305 0.304670 0.896627
1.784305 0.253718 0.886492
1.784305 0.202767 0.896627
1.784305 0.159572 0.925489
1.784305 0.130710 0.968683
1.784305 0.120575 1.019635
1.784305 0.130710 1.070587
1.784305 0.159572 1.113782
1.784305 0.202767 1.142644
1.784305 0.253718 1.019635
</float_array>
          <technique_common>
            <accessor source="#hull-POSITION-array" count="947" stride="3">
              <param name="X" type="float"/>
              <param name="Y" type="float"/>
              <param name="Z" type="float"/>
            </accessor>
          </technique_common>
        </source>
        <source id="hull-Normal0">
          <float_array id="hull-Normal0-array" count="16146">
0.999632 -0.000046 -0.027135
0.988676 0.094319 -0.116720
0.994358 0.102548 -0.027148
0.988676 0.094319 -0.116720
0.999632 -0.000046 -0.027135
0.992767 -0.000744 -0.120056
0.994358 0.102548 -0.027148
0.933530 0.340569 -0.111955
0.929720 0.367143 -0.028738
0.933530 0.340569 -0.111955
0.994358 0.102548 -0.027148
0.988676 0.094319 -0.116720
0.515233 0.856597 -0.027845
0.539296 0.837642 -0.086688
0.097532 0.994983 -0.022268
0.097532 0.994983 -0.022268
0.539296 0.837642 -0.086688
0.105514 0.993108 -0.051024
0.097532 0.994983 -0.022268
0.105514 0.993108 -0.051024
0.000000 0.999757 -0.022039
0.000000 0.999757 -0.022039
0.105514 0.993108 -0.051024
0.000000 0.998794 -0.049102
0.000000 0.999757 -0.022039
-0.105514 0.993108 -0.051024
-0.097532 0.994983 -0.022268
-0.105514 0.993108 -0.051024
0.000000 0.999757 -0.022039
0.000000 0.998794 -0.049102
-0.097532 0.994983 -0.022268
-0.539296 0.837642 -0.086688
-0.515233 0.856597 -0.027845
-0.539296 0.837642 -0.086688
-0.097532 0.994983 -0.022268
-0.105514 0.993108 -0.051024
-0.539296 0.837642 -0.086688
-0.929720 0.367143 -0.028738
-0.515233 0.856597 -0.027845
-0.929720 0.367143 -0.028738
-0.539296 0.837642 -0.086688
-0.933530 0.340569 -0.111955
-0.994358 0.102548 -0.027147
-0.988676 0.094319 -0.116720
-0.999632 -0.000046 -0.027135
-0.999632 -0.000046 -0.027135
-0.988676 0.094319 -0.116720
-0.992767 -0.000744 -0.120056
-0.999632 -0.000046 -0.027135
-0.987809 -0.094840 -0.123442
-0.994348 -0.102587 -0.027357
-0.987809 -0.094840 -0.123442
-0.999632 -0.000046 -0.027135
-0.992767 -0.000744 -0.120056
-0.994348 -0.102587 -0.027357
-0.927652 -0.347746 -0.136145
-0.929596 -0.367399 -0.029483
-0.927652 -0.347746 -0.136145
-0.994348 -0.102587 -0.027357
-0.987809 -0.094840 -0.123442
-0.514980 -0.856692 -0.029564
-0.526880 -0.837362 -0.145679
-0.097524 -0.994936 -0.024303
-0.097524 -0.994936 -0.024303
-0.526880 -0.837362 -0.145679
-0.104541 -0.986348 -0.127234
-0.097524 -0.994936 -0.024303
-0.104541 -0.986348 -0.127234
0.000000 -0.999710 -0.024082
0.000000 -0.999710 -0.024082
-0.104541 -0.986348 -0.127234
0.000000 -0.992079 -0.125613
0.000000 -0.999710 -0.024082
0.104541 -0.986348 -0.127234
0.097524 -0.994936 -0.024303
0.104541 -0.986348 -0.127234
0.000000 -0.999710 -0.024082
0.000000 -0.992079 -0.125613
0.097524 -0.994936 -0.024303
0.526880 -0.837362 -0.145679
0.514980 -0.856692 -0.029564
0.526880 -0.837362 -0.145679
0.097524 -0.994936 -0.024303
0.104541 -0.986348 -0.127234
0.526880 -0.837362 -0.145679
0.929596 -0.367400 -0.029483
0.514980 -0.856692 -0.029564
0.929596 -0.367400 -0.029483
0.526880 -0.837362 -0.145679
0.927651 -0.347746 -0.136145
0.994348 -0.102587 -0.027357
0.987809 -0.094840 -0.123443
0.999632 -0.000046 -0.027135
0.999632 -0.000046 -0.027135
0.987809 -0.094840 -0.123443
0.992767 -0.000744 -0.120056
0.929720 0.367143 -0.028738
0.539296 0.837642 -0.086688
0.515233 0.856597 -0.027845
0.539296 0.837642 -0.086688
0.929720 0.367143 -0.028738
0.933530 0.340569 -0.111955
-0.994358 0.102548 -0.027147
-0.933530 0.340569 -0.111955
-0.988676 0.094319 -0.116720
-0.933530 0.340569 -0.111955
-0.994358 0.102548 -0.027147
-0.929720 0.367143 -0.028738
-0.929596 -0.367399 -0.029483
-0.526880 -0.837362 -0.145679
-0.514980 -0.856692 -0.029564
-0.526880 -0.837362 -0.145679
-0.929596 -0.367399 -0.029483
-0.927652 -0.347746 -0.136145
0.927651 -0.347746 -0.136145
0.994348 -0.102587 -0.027357
0.929596 -0.367400 -0.029483
0.994348 -0.102587 -0.027357
0.927651 -0.347746 -0.136145
0.987809 -0.094840 -0.123443
0.999992 0.001392 0.003789
0.994358 0.102548 -0.027148
0.994527 0.104204 0.007532
0.994358 0.102548 -0.027148
0.999992 0.001392 0.003789
0.999632 -0.000046 -0.027135
0.926733 0.375127 0.021124
0.929720 0.367143 -0.028738
0.505883 0.861408 0.045373
0.505883 0.861408 0.045373
0.929720 0.367143 -0.028738
0.515233 0.856597 -0.027845
0.505883 0.861408 0.045373
0.097532 0.994983 -0.022268
0.096334 0.993934 0.053049
0.097532 0.994983 -0.022268
0.505883 0.861408 0.045373
0.515233 0.856597 -0.027845
0.096334 0.993934 0.053049
0.097532 0.994983 -0.022268
-0.000000 0.998562 0.053605
-0.000000 0.998562 0.053605
0.097532 0.994983 -0.022268
0.000000 0.999757 -0.022039
-0.000000 0.998562 0.053605
0.000000 0.999757 -0.022039
-0.096334 0.993934 0.053049
-0.096334 0.993934 0.053049
0.000000 0.999757 -0.022039
-0.097532 0.994983 -0.022268
-0.096334 0.993934 0.053049
-0.097532 0.994983 -0.022268
-0.505883 0.861408 0.045373
-0.505883 0.861408 0.045373
-0.097532 0.994983 -0.022268
-0.515233 0.856597 -0.027845
-0.926733 0.375126 0.021124
-0.929720 0.367143 -0.028738
-0.994528 0.104203 0.007533
-0.994528 0.104203 0.007533
-0.929720 0.367143 -0.028738
-0.994358 0.102548 -0.027147
-0.994528 0.104203 0.007533
-0.994358 0.102548 -0.027147
-0.999992 0.001392 0.003790
-0.999992 0.001392 0.003790
-0.994358 0.102548 -0.027147
-0.999632 -0.000046 -0.027135
-0.999992 0.001392 0.003790
-0.999632 -0.000046 -0.027135
-0.994681 -0.102999 0.001173
-0.994681 -0.102999 0.001173
-0.999632 -0.000046 -0.027135
-0.994348 -0.102587 -0.027357
-0.930110 -0.367276 -0.001767
-0.929596 -0.367399 -0.029483
-0.512871 -0.858442 -0.006358
-0.512871 -0.858442 -0.006358
-0.929596 -0.367399 -0.029483
-0.514980 -0.856692 -0.029564
-0.512871 -0.858442 -0.006358
-0.097524 -0.994936 -0.024303
-0.096567 -0.995302 -0.006940
-0.097524 -0.994936 -0.024303
-0.512871 -0.858442 -0.006358
-0.514980 -0.856692 -0.029564
-0.096567 -0.995302 -0.006940
0.000000 -0.999710 -0.024082
0.000000 -0.999978 -0.006577
0.000000 -0.999710 -0.024082
-0.096567 -0.995302 -0.006940
-0.097524 -0.994936 -0.024303
0.000000 -0.999978 -0.006577
0.097524 -0.994936 -0.024303
0.096567 -0.995302 -0.006940
0.097524 -0.994936 -0.024303
0.000000 -0.999978 -0.006577
0.000000 -0.999710 -0.024082
0.096567 -0.995302 -0.006940
0.514980 -0.856692 -0.029564
0.512872 -0.858442 -0.006358
0.514980 -0.856692 -0.029564
0.096567 -0.995302 -0.006940
0.097524 -0.994936 -0.024303
0.930110 -0.367277 -0.001768
0.994348 -0.102587 -0.027357
0.994681 -0.102999 0.001172
0.994348 -0.102587 -0.027357
0.930110 -0.367277 -0.001768
0.929596 -0.367400 -0.029483
0.994681 -0.102999 0.001172
0.999632 -0.000046 -0.027135
0.999992 0.001392 0.003789
0.999632 -0.000046 -0.027135
0.994681 -0.102999 0.001172
0.994348 -0.102587 -0.027357
0.994527 0.104204 0.007532
0.929720 0.367143 -0.028738
0.926733 0.375127 0.021124
0.929720 0.367143 -0.028738
0.994527 0.104204 0.007532
0.994358 0.102548 -0.027148
-0.505883 0.861408 0.045373
-0.929720 0.367143 -0.028738
-0.926733 0.375126 0.021124
-0.929720 0.367143 -0.028738
-0.505883 0.861408 0.045373
-0.515233 0.856597 -0.027845
-0.994681 -0.102999 0.001173
-0.994348 -0.102587 -0.027357
-0.930110 -0.367276 -0.001767
-0.930110 -0.367276 -0.001767
-0.994348 -0.102587 -0.027357
-0.929596 -0.367399 -0.029483
0.512872 -0.858442 -0.006358
0.514980 -0.856692 -0.029564
0.930110 -0.367277 -0.001768
0.930110 -0.367277 -0.001768
0.514980 -0.856692 -0.029564
0.929596 -0.367400 -0.029483
0.993004 0.106886 0.050177
0.999306 0.001945 0.037201
0.999992 0.001392 0.003789
0.993004 0.106886 0.050177
0.999992 0.001392 0.003789
0.994527 0.104204 0.007532
0.919154 0.381552 0.097846
0.926733 0.375127 0.021124
0.495115 0.851409 0.173101
0.495115 0.851409 0.173101
0.926733 0.375127 0.021124
0.505883 0.861408 0.045373
0.495115 0.851409 0.173101
0.096334 0.993934 0.053049
0.092634 0.976529 0.194447
0.096334 0.993934 0.053049
0.495115 0.851409 0.173101
0.505883 0.861408 0.045373
0.092634 0.976529 0.194447
-0.000000 0.998562 0.053605
-0.000000 0.980638 0.195830
-0.000000 0.998562 0.053605
0.092634 0.976529 0.194447
0.096334 0.993934 0.053049
-0.092634 0.976529 0.194447
-0.000000 0.998562 0.053605
-0.096334 0.993934 0.053049
-0.000000 0.998562 0.053605
-0.092634 0.976529 0.194447
-0.000000 0.980638 0.195830
-0.495114 0.851409 0.173101
-0.092634 0.976529 0.194447
-0.096334 0.993934 0.053049
-0.495114 0.851409 0.173101
-0.096334 0.993934 0.053049
-0.505883 0.861408 0.045373
-0.919154 0.381551 0.097846
-0.994528 0.104203 0.007533
-0.993005 0.106885 0.050177
-0.994528 0.104203 0.007533
-0.919154 0.381551 0.097846
-0.926733 0.375126 0.021124
-0.993005 0.106885 0.050177
-0.999992 0.001392 0.003790
-0.999306 0.001944 0.037201
-0.999992 0.001392 0.003790
-0.993005 0.106885 0.050177
-0.994528 0.104203 0.007533
-0.999306 0.001944 0.037201
-0.994681 -0.102999 0.001173
-0.994038 -0.105296 0.028290
-0.994681 -0.102999 0.001173
-0.999306 0.001944 0.037201
-0.999992 0.001392 0.003790
-0.927381 -0.373574 0.020198
-0.512871 -0.858442 -0.006358
-0.508680 -0.860942 0.004947
-0.512871 -0.858442 -0.006358
-0.927381 -0.373574 0.020198
-0.930110 -0.367276 -0.001767
-0.508680 -0.860942 0.004947
-0.096567 -0.995302 -0.006940
-0.094517 -0.995522 -0.001789
-0.096567 -0.995302 -0.006940
-0.508680 -0.860942 0.004947
-0.512871 -0.858442 -0.006358
-0.094517 -0.995522 -0.001789
0.000000 -0.999978 -0.006577
0.000000 -1.000000 -0.000694
0.000000 -0.999978 -0.006577
-0.094517 -0.995522 -0.001789
-0.096567 -0.995302 -0.006940
0.094517 -0.995522 -0.001789
0.000000 -1.000000 -0.000694
0.000000 -0.999978 -0.006577
0.094517 -0.995522 -0.001789
0.000000 -0.999978 -0.006577
0.096567 -0.995302 -0.006940
0.508680 -0.860941 0.004946
0.094517 -0.995522 -0.001789
0.096567 -0.995302 -0.006940
0.508680 -0.860941 0.004946
0.096567 -0.995302 -0.006940
0.512872 -0.858442 -0.006358
0.927380 -0.373574 0.020197
0.930110 -0.367277 -0.001768
0.994038 -0.105297 0.028289
0.994038 -0.105297 0.028289
0.930110 -0.367277 -0.001768
0.994681 -0.102999 0.001172
0.999306 0.001945 0.037201
0.994038 -0.105297 0.028289
0.994681 -0.102999 0.001172
0.999306 0.001945 0.037201
0.994681 -0.102999 0.001172
0.999992 0.001392 0.003789
0.993004 0.106886 0.050177
0.994527 0.104204 0.007532
0.919154 0.381552 0.097846
0.919154 0.381552 0.097846
0.994527 0.104204 0.007532
0.926733 0.375127 0.021124
-0.495114 0.851409 0.173101
-0.926733 0.375126 0.021124
-0.919154 0.381551 0.097846
-0.926733 0.375126 0.021124
-0.495114 0.851409 0.173101
-0.505883 0.861408 0.045373
-0.994038 -0.105296 0.028290
-0.930110 -0.367276 -0.001767
-0.927381 -0.373574 0.020198
-0.930110 -0.367276 -0.001767
-0.994038 -0.105296 0.028290
-0.994681 -0.102999 0.001173
0.508680 -0.860941 0.004946
0.512872 -0.858442 -0.006358
0.927380 -0.373574 0.020197
0.927380 -0.373574 0.020197
0.512872 -0.858442 -0.006358
0.930110 -0.367277 -0.001768
0.994553 -0.005850 0.104072
0.996617 0.003013 0.082126
0.984441 0.124449 0.124050
0.984441 0.124449 0.124050
0.996617 0.003013 0.082126
0.987096 0.116058 0.110324
0.897917 0.398975 0.185912
0.892329 0.398093 0.212772
0.457359 0.841174 0.288530
0.457359 0.841174 0.288530
0.892329 0.398093 0.212772
0.455578 0.819713 0.347159
0.457359 0.841174 0.288530
0.080781 0.920400 0.382541
0.074231 0.953934 0.290687
0.080781 0.920400 0.382541
0.457359 0.841174 0.288530
0.455578 0.819713 0.347159
0.074231 0.953934 0.290687
-0.000000 0.922983 0.384840
-0.000000 0.955950 0.293530
-0.000000 0.922983 0.384840
0.074231 0.953934 0.290687
0.080781 0.920400 0.382541
-0.000000 0.955950 0.293530
-0.000000 0.922983 0.384840
-0.074231 0.953934 0.290687
-0.074231 0.953934 0.290687
-0.000000 0.922983 0.384840
-0.080781 0.920401 0.382541
-0.074231 0.953934 0.290687
-0.080781 0.920401 0.382541
-0.457358 0.841174 0.288530
-0.457358 0.841174 0.288530
-0.080781 0.920401 0.382541
-0.455577 0.819713 0.347159
-0.897918 0.398974 0.185912
-0.987097 0.116057 0.110323
-0.984441 0.124448 0.124050
-0.987097 0.116057 0.110323
-0.897918 0.398974 0.185912
-0.892329 0.398092 0.212772
-0.984441 0.124448 0.124050
-0.996617 0.003012 0.082126
-0.994552 -0.005850 0.104072
-0.996617 0.003012 0.082126
-0.984441 0.124448 0.124050
-0.987097 0.116057 0.110323
-0.994552 -0.005850 0.104072
-0.991405 -0.113987 0.064216
-0.987175 -0.129778 0.092969
-0.991405 -0.113987 0.064216
-0.994552 -0.005850 0.104072
-0.996617 0.003012 0.082126
-0.895919 -0.435861 0.085755
-0.483611 -0.874340 0.040624
-0.453735 -0.888799 0.064506
-0.483611 -0.874340 0.040624
-0.895919 -0.435861 0.085755
-0.915868 -0.397562 0.055954
-0.453735 -0.888799 0.064506
-0.087173 -0.995635 0.033337
-0.077476 -0.995849 0.047776
-0.087173 -0.995635 0.033337
-0.453735 -0.888799 0.064506
-0.483611 -0.874340 0.040624
-0.077476 -0.995849 0.047776
0.000000 -0.999344 0.036218
0.000000 -0.998784 0.049304
0.000000 -0.999344 0.036218
-0.077476 -0.995849 0.047776
-0.087173 -0.995635 0.033337
0.000000 -0.998784 0.049304
0.000000 -0.999344 0.036218
0.077476 -0.995849 0.047776
0.077476 -0.995849 0.047776
0.000000 -0.999344 0.036218
0.087174 -0.995635 0.033337
0.077476 -0.995849 0.047776
0.087174 -0.995635 0.033337
0.453735 -0.888799 0.064506
0.453735 -0.888799 0.064506
0.087174 -0.995635 0.033337
0.483611 -0.874340 0.040624
0.895919 -0.435861 0.085755
0.915868 -0.397562 0.055954
0.987175 -0.129779 0.092969
0.987175 -0.129779 0.092969
0.915868 -0.397562 0.055954
0.991405 -0.113987 0.064216
0.987175 -0.129779 0.092969
0.991405 -0.113987 0.064216
0.994553 -0.005850 0.104072
0.994553 -0.005850 0.104072
0.991405 -0.113987 0.064216
0.996617 0.003013 0.082126
0.984441 0.124449 0.124050
0.987096 0.116058 0.110324
0.897917 0.398975 0.185912
0.897917 0.398975 0.185912
0.987096 0.116058 0.110324
0.892329 0.398093 0.212772
-0.457358 0.841174 0.288530
-0.892329 0.398092 0.212772
-0.897918 0.398974 0.185912
-0.892329 0.398092 0.212772
-0.457358 0.841174 0.288530
-0.455577 0.819713 0.347159
-0.987175 -0.129778 0.092969
-0.915868 -0.397562 0.055954
-0.895919 -0.435861 0.085755
-0.915868 -0.397562 0.055954
-0.987175 -0.129778 0.092969
-0.991405 -0.113987 0.064216
0.453735 -0.888799 0.064506
0.483611 -0.874340 0.040624
0.895919 -0.435861 0.085755
0.895919 -0.435861 0.085755
0.483611 -0.874340 0.040624
0.915868 -0.397562 0.055954
0.990835 0.000081 0.135076
0.994553 -0.005850 0.104072
0.981290 0.133751 0.138491
0.981290 0.133751 0.138491
0.994553 -0.005850 0.104072
0.984441 0.124449 0.124050
0.897917 0.398975 0.185912
0.436378 0.889225 0.137306
0.883494 0.444240 0.148621
0.436378 0.889225 0.137306
0.897917 0.398975 0.185912
0.457359 0.841174 0.288530
0.436378 0.889225 0.137306
0.074231 0.953934 0.290687
0.073481 0.991116 0.110862
0.074231 0.953934 0.290687
0.436378 0.889225 0.137306
0.457359 0.841174 0.288530
0.073481 0.991116 0.110862
-0.000000 0.955950 0.293530
-0.000000 0.993949 0.109842
-0.000000 0.955950 0.293530
0.073481 0.991116 0.110862
0.074231 0.953934 0.290687
-0.000000 0.993949 0.109842
-0.000000 0.955950 0.293530
-0.073481 0.991116 0.110862
-0.073481 0.991116 0.110862
-0.000000 0.955950 0.293530
-0.074231 0.953934 0.290687
-0.073481 0.991116 0.110862
-0.074231 0.953934 0.290687
-0.436378 0.889225 0.137306
-0.436378 0.889225 0.137306
-0.074231 0.953934 0.290687
-0.457358 0.841174 0.288530
-0.883495 0.444239 0.148621
-0.984441 0.124448 0.124050
-0.981291 0.133750 0.138491
-0.984441 0.124448 0.124050
-0.883495 0.444239 0.148621
-0.897918 0.398974 0.185912
-0.981291 0.133750 0.138491
-0.994552 -0.005850 0.104072
-0.990835 0.000080 0.135076
-0.994552 -0.005850 0.104072
-0.981291 0.133750 0.138491
-0.984441 0.124448 0.124050
-0.990835 0.000080 0.135076
-0.987175 -0.129778 0.092969
-0.982249 -0.133795 0.131476
-0.987175 -0.129778 0.092969
-0.990835 0.000080 0.135076
-0.994552 -0.005850 0.104072
-0.439194 -0.893794 0.090778
-0.895919 -0.435861 0.085755
-0.453735 -0.888799 0.064506
-0.895919 -0.435861 0.085755
-0.439194 -0.893794 0.090778
-0.886422 -0.445557 0.125437
-0.439194 -0.893794 0.090778
-0.077476 -0.995849 0.047776
-0.073821 -0.995570 0.058232
-0.077476 -0.995849 0.047776
-0.439194 -0.893794 0.090778
-0.453735 -0.888799 0.064506
-0.073821 -0.995570 0.058232
0.000000 -0.998784 0.049304
0.000000 -0.998370 0.057082
0.000000 -0.998784 0.049304
-0.073821 -0.995570 0.058232
-0.077476 -0.995849 0.047776
0.000000 -0.998370 0.057082
0.000000 -0.998784 0.049304
0.073821 -0.995570 0.058232
0.073821 -0.995570 0.058232
0.000000 -0.998784 0.049304
0.077476 -0.995849 0.047776
0.073821 -0.995570 0.058232
0.077476 -0.995849 0.047776
0.439195 -0.893794 0.090778
0.439195 -0.893794 0.090778
0.077476 -0.995849 0.047776
0.453735 -0.888799 0.064506
0.886422 -0.445558 0.125437
0.987175 -0.129779 0.092969
0.982249 -0.133797 0.131476
0.987175 -0.129779 0.092969
0.886422 -0.445558 0.125437
0.895919 -0.435861 0.085755
0.982249 -0.133797 0.131476
0.987175 -0.129779 0.092969
0.990835 0.000081 0.135076
0.990835 0.000081 0.135076
0.987175 -0.129779 0.092969
0.994553 -0.005850 0.104072
0.981290 0.133751 0.138491
0.984441 0.124449 0.124050
0.883494 0.444240 0.148621
0.984441 0.124449 0.124050
0.897917 0.398975 0.185912
0.883494 0.444240 0.148621
-0.436378 0.889225 0.137306
-0.897918 0.398974 0.185912
-0.883495 0.444239 0.148621
-0.897918 0.398974 0.185912
-0.436378 0.889225 0.137306
-0.457358 0.841174 0.288530
-0.886422 -0.445557 0.125437
-0.987175 -0.129778 0.092969
-0.895919 -0.435861 0.085755
-0.987175 -0.129778 0.092969
-0.886422 -0.445557 0.125437
-0.982249 -0.133795 0.131476
0.439195 -0.893794 0.090778
0.895919 -0.435861 0.085755
0.886422 -0.445558 0.125437
0.895919 -0.435861 0.085755
0.439195 -0.893794 0.090778
0.453735 -0.888799 0.064506
0.970200 -0.000191 0.242304
0.990835 0.000081 0.135076
0.960187 0.130407 0.247054
0.960187 0.130407 0.247054
0.990835 0.000081 0.135076
0.981290 0.133751 0.138491
0.883494 0.444240 0.148621
0.431586 0.867475 0.247428
0.863237 0.431314 0.262279
0.431586 0.867475 0.247428
0.883494 0.444240 0.148621
0.436378 0.889225 0.137306
0.431586 0.867475 0.247428
0.073481 0.991116 0.110862
0.072910 0.975558 0.207295
0.073481 0.991116 0.110862
0.431586 0.867475 0.247428
0.436378 0.889225 0.137306
0.072910 0.975558 0.207295
-0.000000 0.993949 0.109842
-0.000001 0.978585 0.205843
-0.000000 0.993949 0.109842
0.072910 0.975558 0.207295
0.073481 0.991116 0.110862
-0.000001 0.978585 0.205843
-0.000000 0.993949 0.109842
-0.072909 0.975558 0.207294
-0.072909 0.975558 0.207294
-0.000000 0.993949 0.109842
-0.073481 0.991116 0.110862
-0.072909 0.975558 0.207294
-0.073481 0.991116 0.110862
-0.431585 0.867476 0.247428
-0.431585 0.867476 0.247428
-0.073481 0.991116 0.110862
-0.436378 0.889225 0.137306
-0.863238 0.431313 0.262279
-0.981291 0.133750 0.138491
-0.960187 0.130405 0.247054
-0.981291 0.133750 0.138491
-0.863238 0.431313 0.262279
-0.883495 0.444239 0.148621
-0.960187 0.130405 0.247054
-0.990835 0.000080 0.135076
-0.970200 -0.000191 0.242304
-0.990835 0.000080 0.135076
-0.960187 0.130405 0.247054
-0.981291 0.133750 0.138491
-0.970200 -0.000191 0.242304
-0.982249 -0.133795 0.131476
-0.961851 -0.130777 0.240294
-0.982249 -0.133795 0.131476
-0.970200 -0.000191 0.242304
-0.990835 0.000080 0.135076
-0.886422 -0.445557 0.125437
-0.435749 -0.876928 0.202781
-0.867590 -0.435401 0.240238
-0.435749 -0.876928 0.202781
-0.886422 -0.445557 0.125437
-0.439194 -0.893794 0.090778
-0.435749 -0.876928 0.202781
-0.073821 -0.995570 0.058232
-0.073632 -0.985146 0.155128
-0.073821 -0.995570 0.058232
-0.435749 -0.876928 0.202781
-0.439194 -0.893794 0.090778
-0.073632 -0.985146 0.155128
0.000000 -0.998370 0.057082
0.000000 -0.988140 0.153555
0.000000 -0.998370 0.057082
-0.073632 -0.985146 0.155128
-0.073821 -0.995570 0.058232
0.000000 -0.988140 0.153555
0.000000 -0.998370 0.057082
0.073632 -0.985146 0.155128
0.073632 -0.985146 0.155128
0.000000 -0.998370 0.057082
0.073821 -0.995570 0.058232
0.073632 -0.985146 0.155128
0.073821 -0.995570 0.058232
0.435750 -0.876927 0.202781
0.435750 -0.876927 0.202781
0.073821 -0.995570 0.058232
0.439195 -0.893794 0.090778
0.867589 -0.435402 0.240237
0.982249 -0.133797 0.131476
0.961850 -0.130778 0.240293
0.982249 -0.133797 0.131476
0.867589 -0.435402 0.240237
0.886422 -0.445558 0.125437
0.961850 -0.130778 0.240293
0.982249 -0.133797 0.131476
0.970200 -0.000191 0.242304
0.970200 -0.000191 0.242304
0.982249 -0.133797 0.131476
0.990835 0.000081 0.135076
0.960187 0.130407 0.247054
0.981290 0.133751 0.138491
0.863237 0.431314 0.262279
0.863237 0.431314 0.262279
0.981290 0.133751 0.138491
0.883494 0.444240 0.148621
-0.431585 0.867476 0.247428
-0.883495 0.444239 0.148621
-0.863238 0.431313 0.262279
-0.883495 0.444239 0.148621
-0.431585 0.867476 0.247428
-0.436378 0.889225 0.137306
-0.961851 -0.130777 0.240294
-0.982249 -0.133795 0.131476
-0.867590 -0.435401 0.240238
-0.867590 -0.435401 0.240238
-0.982249 -0.133795 0.131476
-0.886422 -0.445557 0.125437
0.435750 -0.876927 0.202781
0.886422 -0.445558 0.125437
0.867589 -0.435402 0.240237
0.886422 -0.445558 0.125437
0.435750 -0.876927 0.202781
0.439195 -0.893794 0.090778
0.840542 -0.000767 0.541746
0.970200 -0.000191 0.242304
0.829027 0.113068 0.547659
0.829027 0.113068 0.547659
0.970200 -0.000191 0.242304
0.960187 0.130407 0.247054
0.863237 0.431314 0.262279
0.379463 0.769465 0.513743
0.747849 0.371990 0.549859
0.379463 0.769465 0.513743
0.863237 0.431314 0.262279
0.431586 0.867475 0.247428
0.379463 0.769465 0.513743
0.072910 0.975558 0.207295
0.066496 0.891362 0.448388
0.072910 0.975558 0.207295
0.379463 0.769465 0.513743
0.431586 0.867475 0.247428
0.066496 0.891362 0.448388
-0.000001 0.978585 0.205843
-0.000001 0.895836 0.444385
-0.000001 0.978585 0.205843
0.066496 0.891362 0.448388
0.072910 0.975558 0.207295
-0.000001 0.895836 0.444385
-0.000001 0.978585 0.205843
-0.066495 0.891363 0.448387
-0.066495 0.891363 0.448387
-0.000001 0.978585 0.205843
-0.072909 0.975558 0.207294
-0.066495 0.891363 0.448387
-0.072909 0.975558 0.207294
-0.379460 0.769466 0.513743
-0.379460 0.769466 0.513743
-0.072909 0.975558 0.207294
-0.431585 0.867476 0.247428
-0.747849 0.371988 0.549860
-0.960187 0.130405 0.247054
-0.829028 0.113066 0.547657
-0.960187 0.130405 0.247054
-0.747849 0.371988 0.549860
-0.863238 0.431313 0.262279
-0.829028 0.113066 0.547657
-0.970200 -0.000191 0.242304
-0.840541 -0.000769 0.541748
-0.970200 -0.000191 0.242304
-0.829028 0.113066 0.547657
-0.960187 0.130405 0.247054
-0.830629 -0.113930 0.545046
-0.970200 -0.000191 0.242304
-0.961851 -0.130777 0.240294
-0.970200 -0.000191 0.242304
-0.830629 -0.113930 0.545046
-0.840541 -0.000769 0.541748
-0.867590 -0.435401 0.240238
-0.381937 -0.781290 0.493671
-0.751071 -0.378808 0.540738
-0.381937 -0.781290 0.493671
-0.867590 -0.435401 0.240238
-0.435749 -0.876928 0.202781
-0.381937 -0.781290 0.493671
-0.073632 -0.985146 0.155128
-0.067253 -0.902118 0.426217
-0.073632 -0.985146 0.155128
-0.381937 -0.781290 0.493671
-0.435749 -0.876928 0.202781
-0.067253 -0.902118 0.426217
0.000000 -0.988140 0.153555
-0.000001 -0.906601 0.421989
0.000000 -0.988140 0.153555
-0.067253 -0.902118 0.426217
-0.073632 -0.985146 0.155128
-0.000001 -0.906601 0.421989
0.000000 -0.988140 0.153555
0.067253 -0.902117 0.426218
0.067253 -0.902117 0.426218
0.000000 -0.988140 0.153555
0.073632 -0.985146 0.155128
0.067253 -0.902117 0.426218
0.073632 -0.985146 0.155128
0.381938 -0.781289 0.493670
0.381938 -0.781289 0.493670
0.073632 -0.985146 0.155128
0.435750 -0.876927 0.202781
0.751071 -0.378809 0.540737
0.961850 -0.130778 0.240293
0.830629 -0.113928 0.545046
0.961850 -0.130778 0.240293
0.751071 -0.378809 0.540737
0.867589 -0.435402 0.240237
0.830629 -0.113928 0.545046
0.970200 -0.000191 0.242304
0.840542 -0.000767 0.541746
0.970200 -0.000191 0.242304
0.830629 -0.113928 0.545046
0.961850 -0.130778 0.240293
0.829027 0.113068 0.547659
0.960187 0.130407 0.247054
0.747849 0.371990 0.549859
0.747849 0.371990 0.549859
0.960187 0.130407 0.247054
0.863237 0.431314 0.262279
-0.379460 0.769466 0.513743
-0.863238 0.431313 0.262279
-0.747849 0.371988 0.549860
-0.863238 0.431313 0.262279
-0.379460 0.769466 0.513743
-0.431585 0.867476 0.247428
-0.830629 -0.113930 0.545046
-0.961851 -0.130777 0.240294
-0.751071 -0.378808 0.540738
-0.751071 -0.378808 0.540738
-0.961851 -0.130777 0.240294
-0.867590 -0.435401 0.240238
0.381938 -0.781289 0.493670
0.867589 -0.435402 0.240237
0.751071 -0.378809 0.540737
0.867589 -0.435402 0.240237
0.381938 -0.781289 0.493670
0.435750 -0.876927 0.202781
0.992767 -0.000744 -0.120056
0.989920 0.001911 -0.141613
0.988676 0.094319 -0.116720
0.988676 0.094319 -0.116720
0.989920 0.001911 -0.141613
0.987984 0.074280 -0.135537
0.988676 0.094319 -0.116720
0.987984 0.074280 -0.135537
0.933530 0.340569 -0.111955
0.933530 0.340569 -0.111955
0.987984 0.074280 -0.135537
0.950904 0.282113 -0.127255
0.539296 0.837642 -0.086688
0.583966 0.806401 -0.093281
0.105514 0.993108 -0.051024
0.105514 0.993108 -0.051024
0.583966 0.806401 -0.093281
0.136499 0.989377 -0.050004
0.105514 0.993108 -0.051024
0.136499 0.989377 -0.050004
0.000000 0.998794 -0.049102
0.000000 0.998794 -0.049102
0.136499 0.989377 -0.050004
0.000000 0.998857 -0.047794
0.000000 0.998794 -0.049102
-0.136499 0.989377 -0.050004
-0.105514 0.993108 -0.051024
-0.136499 0.989377 -0.050004
0.000000 0.998794 -0.049102
0.000000 0.998857 -0.047794
-0.105514 0.993108 -0.051024
-0.583965 0.806401 -0.093280
-0.539296 0.837642 -0.086688
-0.583965 0.806401 -0.093280
-0.105514 0.993108 -0.051024
-0.136499 0.989377 -0.050004
-0.539296 0.837642 -0.086688
-0.583965 0.806401 -0.093280
-0.933530 0.340569 -0.111955
-0.933530 0.340569 -0.111955
-0.583965 0.806401 -0.093280
-0.950904 0.282113 -0.127254
-0.988676 0.094319 -0.116720
-0.989920 0.001911 -0.141612
-0.992767 -0.000744 -0.120056
-0.989920 0.001911 -0.141612
-0.988676 0.094319 -0.116720
-0.987984 0.074280 -0.135537
-0.992767 -0.000744 -0.120056
-0.986267 -0.072586 -0.148353
-0.987809 -0.094840 -0.123442
-0.986267 -0.072586 -0.148353
-0.992767 -0.000744 -0.120056
-0.989920 0.001911 -0.141612
-0.987809 -0.094840 -0.123442
-0.943617 -0.279663 -0.177134
-0.927652 -0.347746 -0.136145
-0.943617 -0.279663 -0.177134
-0.987809 -0.094840 -0.123442
-0.986267 -0.072586 -0.148353
-0.526880 -0.837362 -0.145679
-0.565522 -0.790466 -0.235263
-0.104541 -0.986348 -0.127234
-0.104541 -0.986348 -0.127234
-0.565522 -0.790466 -0.235263
-0.132658 -0.965111 -0.225749
-0.132658 -0.965111 -0.225749
0.000000 -0.992079 -0.125613
-0.104541 -0.986348 -0.127234
0.000000 -0.992079 -0.125613
-0.132658 -0.965111 -0.225749
0.000000 -0.974341 -0.225075
0.000000 -0.992079 -0.125613
0.132659 -0.965111 -0.225749
0.104541 -0.986348 -0.127234
0.132659 -0.965111 -0.225749
0.000000 -0.992079 -0.125613
0.000000 -0.974341 -0.225075
0.104541 -0.986348 -0.127234
0.565522 -0.790466 -0.235263
0.526880 -0.837362 -0.145679
0.565522 -0.790466 -0.235263
0.104541 -0.986348 -0.127234
0.132659 -0.965111 -0.225749
0.526880 -0.837362 -0.145679
0.565522 -0.790466 -0.235263
0.927651 -0.347746 -0.136145
0.927651 -0.347746 -0.136145
0.565522 -0.790466 -0.235263
0.943616 -0.279663 -0.177134
0.987809 -0.094840 -0.123443
0.986267 -0.072586 -0.148353
0.992767 -0.000744 -0.120056
0.992767 -0.000744 -0.120056
0.986267 -0.072586 -0.148353
0.989920 0.001911 -0.141613
0.933530 0.340569 -0.111955
0.583966 0.806401 -0.093281
0.539296 0.837642 -0.086688
0.583966 0.806401 -0.093281
0.933530 0.340569 -0.111955
0.950904 0.282113 -0.127255
-0.933530 0.340569 -0.111955
-0.987984 0.074280 -0.135537
-0.988676 0.094319 -0.116720
-0.987984 0.074280 -0.135537
-0.933530 0.340569 -0.111955
-0.950904 0.282113 -0.127254
-0.927652 -0.347746 -0.136145
-0.565522 -0.790466 -0.235263
-0.526880 -0.837362 -0.145679
-0.565522 -0.790466 -0.235263
-0.927652 -0.347746 -0.136145
-0.943617 -0.279663 -0.177134
0.927651 -0.347746 -0.136145
0.943616 -0.279663 -0.177134
0.987809 -0.094840 -0.123443
0.987809 -0.094840 -0.123443
0.943616 -0.279663 -0.177134
0.986267 -0.072586 -0.148353
0.989920 0.001911 -0.141613
0.994978 -0.002689 -0.100060
0.987984 0.074280 -0.135537
0.987984 0.074280 -0.135537
0.994978 -0.002689 -0.100060
0.993883 0.067773 -0.087196
0.987984 0.074280 -0.135537
0.993883 0.067773 -0.087196
0.950904 0.282113 -0.127255
0.950904 0.282113 -0.127255
0.993883 0.067773 -0.087196
0.961641 0.261320 -0.083418
0.583966 0.806401 -0.093281
0.606052 0.791657 -0.077326
0.136499 0.989377 -0.050004
0.136499 0.989377 -0.050004
0.606052 0.791657 -0.077326
0.144650 0.987491 -0.062745
0.000000 0.998857 -0.047794
0.144650 0.987491 -0.062745
0.000000 0.997900 -0.064769
0.144650 0.987491 -0.062745
0.000000 0.998857 -0.047794
0.136499 0.989377 -0.050004
-0.144651 0.987491 -0.062745
-0.136499 0.989377 -0.050004
0.000000 0.998857 -0.047794
0.000000 0.998857 -0.047794
0.000000 0.997900 -0.064769
-0.144651 0.987491 -0.062745
-0.606052 0.791657 -0.077325
-0.583965 0.806401 -0.093280
-0.136499 0.989377 -0.050004
-0.136499 0.989377 -0.050004
-0.144651 0.987491 -0.062745
-0.606052 0.791657 -0.077325
-0.950904 0.282113 -0.127254
-0.606052 0.791657 -0.077325
-0.961641 0.261321 -0.083418
-0.606052 0.791657 -0.077325
-0.950904 0.282113 -0.127254
-0.583965 0.806401 -0.093280
-0.994978 -0.002689 -0.100060
-0.989920 0.001911 -0.141612
-0.987984 0.074280 -0.135537
-0.987984 0.074280 -0.135537
-0.993883 0.067774 -0.087195
-0.994978 -0.002689 -0.100060
-0.990282 -0.069741 -0.120323
-0.986267 -0.072586 -0.148353
-0.989920 0.001911 -0.141612
-0.989920 0.001911 -0.141612
-0.994978 -0.002689 -0.100060
-0.990282 -0.069741 -0.120323
-0.937015 -0.275871 -0.214239
-0.943617 -0.279663 -0.177134
-0.986267 -0.072586 -0.148353
-0.986267 -0.072586 -0.148353
-0.990282 -0.069741 -0.120323
-0.937015 -0.275871 -0.214239
-0.132658 -0.965111 -0.225749
-0.558799 -0.738330 -0.377641
-0.132183 -0.894502 -0.427076
-0.558799 -0.738330 -0.377641
-0.132658 -0.965111 -0.225749
-0.565522 -0.790466 -0.235263
0.000000 -0.974341 -0.225075
-0.132183 -0.894502 -0.427076
0.000000 -0.904039 -0.427450
-0.132183 -0.894502 -0.427076
0.000000 -0.974341 -0.225075
-0.132658 -0.965111 -0.225749
0.132184 -0.894502 -0.427076
0.132659 -0.965111 -0.225749
0.000000 -0.974341 -0.225075
0.000000 -0.974341 -0.225075
0.000000 -0.904039 -0.427450
0.132184 -0.894502 -0.427076
0.558800 -0.738329 -0.377641
0.565522 -0.790466 -0.235263
0.132659 -0.965111 -0.225749
0.132659 -0.965111 -0.225749
0.132184 -0.894502 -0.427076
0.558800 -0.738329 -0.377641
0.565522 -0.790466 -0.235263
0.558800 -0.738329 -0.377641
0.943616 -0.279663 -0.177134
0.943616 -0.279663 -0.177134
0.558800 -0.738329 -0.377641
0.937015 -0.275870 -0.214239
0.986267 -0.072586 -0.148353
0.990282 -0.069741 -0.120324
0.989920 0.001911 -0.141613
0.989920 0.001911 -0.141613
0.990282 -0.069741 -0.120324
0.994978 -0.002689 -0.100060
0.950904 0.282113 -0.127255
0.606052 0.791657 -0.077326
0.583966 0.806401 -0.093281
0.606052 0.791657 -0.077326
0.950904 0.282113 -0.127255
0.961641 0.261320 -0.083418
-0.993883 0.067774 -0.087195
-0.987984 0.074280 -0.135537
-0.950904 0.282113 -0.127254
-0.950904 0.282113 -0.127254
-0.961641 0.261321 -0.083418
-0.993883 0.067774 -0.087195
-0.558799 -0.738330 -0.377641
-0.565522 -0.790466 -0.235263
-0.943617 -0.279663 -0.177134
-0.943617 -0.279663 -0.177134
-0.937015 -0.275871 -0.214239
-0.558799 -0.738330 -0.377641
0.943616 -0.279663 -0.177134
0.937015 -0.275870 -0.214239
0.986267 -0.072586 -0.148353
0.986267 -0.072586 -0.148353
0.937015 -0.275870 -0.214239
0.990282 -0.069741 -0.120324
0.874927 0.083138 -0.477065
0.876706 0.004234 -0.481009
-0.000001 0.090023 -0.995940
0.838370 0.300525 -0.454776
0.874927 0.083138 -0.477065
-0.000001 0.090023 -0.995940
0.102306 0.916282 -0.387247
0.503258 0.747618 -0.433359
-0.000001 0.090023 -0.995940
0.000002 0.922991 -0.384823
0.102306 0.916282 -0.387247
-0.000001 0.090023 -0.995940
-0.102308 0.916280 -0.387252
0.000002 0.922991 -0.384823
-0.000001 0.090023 -0.995940
-0.503258 0.747620 -0.433354
-0.102308 0.916280 -0.387252
-0.000001 0.090023 -0.995940
-0.838368 0.300525 -0.454779
-0.503258 0.747620 -0.433354
-0.000001 0.090023 -0.995940
-0.876705 0.004236 -0.481009
-0.874930 0.083137 -0.477060
-0.000001 0.090023 -0.995940
-0.859868 -0.077493 -0.504601
-0.876705 0.004236 -0.481009
-0.000001 0.090023 -0.995940
-0.801004 -0.251435 -0.543298
-0.859868 -0.077493 -0.504601
-0.000001 0.090023 -0.995940
-0.079871 -0.714077 -0.695496
-0.455041 -0.591449 -0.665677
-0.000001 0.090023 -0.995940
0.000000 -0.718526 -0.695500
-0.079871 -0.714077 -0.695496
-0.000001 0.090023 -0.995940
0.079871 -0.714077 -0.695496
0.000000 -0.718526 -0.695500
-0.000001 0.090023 -0.995940
0.455044 -0.591446 -0.665678
0.079871 -0.714077 -0.695496
-0.000001 0.090023 -0.995940
0.801006 -0.251435 -0.543295
0.455044 -0.591446 -0.665678
-0.000001 0.090023 -0.995940
0.876706 0.004234 -0.481009
0.859866 -0.077498 -0.504604
-0.000001 0.090023 -0.995940
0.503258 0.747618 -0.433359
0.838370 0.300525 -0.454776
-0.000001 0.090023 -0.995940
-0.874930 0.083137 -0.477060
-0.838368 0.300525 -0.454779
-0.000001 0.090023 -0.995940
-0.455041 -0.591449 -0.665677
-0.801004 -0.251435 -0.543298
-0.000001 0.090023 -0.995940
0.859866 -0.077498 -0.504604
0.801006 -0.251435 -0.543295
-0.000001 0.090023 -0.995940
0.874927 0.083138 -0.477065
0.993883 0.067773 -0.087196
0.876706 0.004234 -0.481009
0.994978 -0.002689 -0.100060
0.876706 0.004234 -0.481009
0.993883 0.067773 -0.087196
0.993883 0.067773 -0.087196
0.874927 0.083138 -0.477065
0.961641 0.261320 -0.083418
0.874927 0.083138 -0.477065
0.838370 0.300525 -0.454776
0.961641 0.261320 -0.083418
0.606052 0.791657 -0.077326
0.503258 0.747618 -0.433359
0.144650 0.987491 -0.062745
0.144650 0.987491 -0.062745
0.503258 0.747618 -0.433359
0.102306 0.916282 -0.387247
0.144650 0.987491 -0.062745
0.102306 0.916282 -0.387247
0.000000 0.997900 -0.064769
0.000000 0.997900 -0.064769
0.102306 0.916282 -0.387247
0.000002 0.922991 -0.384823
0.000000 0.997900 -0.064769
-0.102308 0.916280 -0.387252
-0.144651 0.987491 -0.062745
-0.102308 0.916280 -0.387252
0.000000 0.997900 -0.064769
0.000002 0.922991 -0.384823
-0.503258 0.747620 -0.433354
-0.606052 0.791657 -0.077325
-0.144651 0.987491 -0.062745
-0.144651 0.987491 -0.062745
-0.102308 0.916280 -0.387252
-0.503258 0.747620 -0.433354
-0.961641 0.261321 -0.083418
-0.503258 0.747620 -0.433354
-0.838368 0.300525 -0.454779
-0.503258 0.747620 -0.433354
-0.961641 0.261321 -0.083418
-0.606052 0.791657 -0.077325
-0.876705 0.004236 -0.481009
-0.994978 -0.002689 -0.100060
-0.993883 0.067774 -0.087195
-0.993883 0.067774 -0.087195
-0.874930 0.083137 -0.477060
-0.876705 0.004236 -0.481009
-0.859868 -0.077493 -0.504601
-0.990282 -0.069741 -0.120323
-0.994978 -0.002689 -0.100060
-0.994978 -0.002689 -0.100060
-0.876705 0.004236 -0.481009
-0.859868 -0.077493 -0.504601
-0.801004 -0.251435 -0.543298
-0.937015 -0.275871 -0.214239
-0.990282 -0.069741 -0.120323
-0.990282 -0.069741 -0.120323
-0.859868 -0.077493 -0.504601
-0.801004 -0.251435 -0.543298
-0.558799 -0.738330 -0.377641
-0.455041 -0.591449 -0.665677
-0.132183 -0.894502 -0.427076
-0.132183 -0.894502 -0.427076
-0.455041 -0.591449 -0.665677
-0.079871 -0.714077 -0.695496
-0.132183 -0.894502 -0.427076
-0.079871 -0.714077 -0.695496
0.000000 -0.904039 -0.427450
0.000000 -0.904039 -0.427450
-0.079871 -0.714077 -0.695496
0.000000 -0.718526 -0.695500
0.000000 -0.904039 -0.427450
0.079871 -0.714077 -0.695496
0.132184 -0.894502 -0.427076
0.079871 -0.714077 -0.695496
0.000000 -0.904039 -0.427450
0.000000 -0.718526 -0.695500
0.132184 -0.894502 -0.427076
0.455044 -0.591446 -0.665678
0.558800 -0.738329 -0.377641
0.455044 -0.591446 -0.665678
0.132184 -0.894502 -0.427076
0.079871 -0.714077 -0.695496
0.801006 -0.251435 -0.543295
0.937015 -0.275870 -0.214239
0.455044 -0.591446 -0.665678
0.558800 -0.738329 -0.377641
0.455044 -0.591446 -0.665678
0.937015 -0.275870 -0.214239
0.876706 0.004234 -0.481009
0.994978 -0.002689 -0.100060
0.859866 -0.077498 -0.504604
0.990282 -0.069741 -0.120324
0.859866 -0.077498 -0.504604
0.994978 -0.002689 -0.100060
0.961641 0.261320 -0.083418
0.503258 0.747618 -0.433359
0.606052 0.791657 -0.077326
0.503258 0.747618 -0.433359
0.961641 0.261320 -0.083418
0.838370 0.300525 -0.454776
-0.874930 0.083137 -0.477060
-0.993883 0.067774 -0.087195
-0.961641 0.261321 -0.083418
-0.961641 0.261321 -0.083418
-0.838368 0.300525 -0.454779
-0.874930 0.083137 -0.477060
-0.455041 -0.591449 -0.665677
-0.558799 -0.738330 -0.377641
-0.937015 -0.275871 -0.214239
-0.937015 -0.275871 -0.214239
-0.801004 -0.251435 -0.543298
-0.455041 -0.591449 -0.665677
0.859866 -0.077498 -0.504604
0.990282 -0.069741 -0.120324
0.801006 -0.251435 -0.543295
0.937015 -0.275870 -0.214239
0.801006 -0.251435 -0.543295
0.990282 -0.069741 -0.120324
0.458150 0.063321 0.886617
0.840542 -0.000767 0.541746
0.829027 0.113068 0.547659
0.840542 -0.000767 0.541746
0.458150 0.063321 0.886617
0.471371 0.000002 0.881935
0.422608 0.218205 0.879653
0.379463 0.769465 0.513743
0.196899 0.490210 0.849073
0.379463 0.769465 0.513743
0.422608 0.218205 0.879653
0.747849 0.371990 0.549859
0.196899 0.490210 0.849073
0.066496 0.891362 0.448388
0.037834 0.536082 0.843318
0.066496 0.891362 0.448388
0.196899 0.490210 0.849073
0.379463 0.769465 0.513743
0.037834 0.536082 0.843318
-0.000001 0.895836 0.444385
-0.000002 0.543387 0.839482
-0.000001 0.895836 0.444385
0.037834 0.536082 0.843318
0.066496 0.891362 0.448388
-0.037831 0.536087 0.843314
-0.000002 0.543387 0.839482
-0.000001 0.895836 0.444385
-0.000001 0.895836 0.444385
-0.066495 0.891363 0.448387
-0.037831 0.536087 0.843314
-0.196894 0.490215 0.849071
-0.037831 0.536087 0.843314
-0.066495 0.891363 0.448387
-0.066495 0.891363 0.448387
-0.379460 0.769466 0.513743
-0.196894 0.490215 0.849071
-0.422611 0.218202 0.879652
-0.829028 0.113066 0.547657
-0.458154 0.063318 0.886615
-0.829028 0.113066 0.547657
-0.422611 0.218202 0.879652
-0.747849 0.371988 0.549860
-0.458154 0.063318 0.886615
-0.840541 -0.000769 0.541748
-0.471369 0.000000 0.881936
-0.840541 -0.000769 0.541748
-0.458154 0.063318 0.886615
-0.829028 0.113066 0.547657
-0.471369 0.000000 0.881936
-0.840541 -0.000769 0.541748
-0.458150 -0.063324 0.886617
-0.840541 -0.000769 0.541748
-0.830629 -0.113930 0.545046
-0.458150 -0.063324 0.886617
-0.381937 -0.781290 0.493671
-0.422612 -0.218202 0.879652
-0.751071 -0.378808 0.540738
-0.422612 -0.218202 0.879652
-0.381937 -0.781290 0.493671
-0.196897 -0.490210 0.849074
-0.196897 -0.490210 0.849074
-0.067253 -0.902118 0.426217
-0.037833 -0.536088 0.843314
-0.067253 -0.902118 0.426217
-0.196897 -0.490210 0.849074
-0.381937 -0.781290 0.493671
-0.037833 -0.536088 0.843314
-0.000001 -0.906601 0.421989
-0.000002 -0.543386 0.839483
-0.000001 -0.906601 0.421989
-0.037833 -0.536088 0.843314
-0.067253 -0.902118 0.426217
0.037833 -0.536085 0.843316
-0.000002 -0.543386 0.839483
-0.000001 -0.906601 0.421989
-0.000001 -0.906601 0.421989
0.067253 -0.902117 0.426218
0.037833 -0.536085 0.843316
0.196899 -0.490208 0.849074
0.037833 -0.536085 0.843316
0.067253 -0.902117 0.426218
0.067253 -0.902117 0.426218
0.381938 -0.781289 0.493670
0.196899 -0.490208 0.849074
0.830629 -0.113928 0.545046
0.422611 -0.218202 0.879652
0.751071 -0.378809 0.540737
0.422611 -0.218202 0.879652
0.830629 -0.113928 0.545046
0.458150 -0.063319 0.886617
0.840542 -0.000767 0.541746
0.458150 -0.063319 0.886617
0.830629 -0.113928 0.545046
0.458150 -0.063319 0.886617
0.840542 -0.000767 0.541746
0.471371 0.000002 0.881935
0.829027 0.113068 0.547659
0.422608 0.218205 0.879653
0.458150 0.063321 0.886617
0.422608 0.218205 0.879653
0.829027 0.113068 0.547659
0.747849 0.371990 0.549859
-0.379460 0.769466 0.513743
-0.422611 0.218202 0.879652
-0.196894 0.490215 0.849071
-0.422611 0.218202 0.879652
-0.379460 0.769466 0.513743
-0.747849 0.371988 0.549860
-0.751071 -0.378808 0.540738
-0.422612 -0.218202 0.879652
-0.830629 -0.113930 0.545046
-0.830629 -0.113930 0.545046
-0.422612 -0.218202 0.879652
-0.458150 -0.063324 0.886617
0.381938 -0.781289 0.493670
0.751071 -0.378809 0.540737
0.422611 -0.218202 0.879652
0.381938 -0.781289 0.493670
0.422611 -0.218202 0.879652
0.196899 -0.490208 0.849074
0.201105 0.027524 0.979183
0.471371 0.000002 0.881935
0.458150 0.063321 0.886617
0.471371 0.000002 0.881935
0.201105 0.027524 0.979183
0.205275 0.000003 0.978704
0.162954 0.078160 0.983533
0.196899 0.490210 0.849073
0.064910 0.168486 0.983564
0.196899 0.490210 0.849073
0.162954 0.078160 0.983533
0.422608 0.218205 0.879653
0.037834 0.536082 0.843318
0.064910 0.168486 0.983564
0.196899 0.490210 0.849073
0.064910 0.168486 0.983564
0.037834 0.536082 0.843318
0.013433 0.201418 0.979413
-0.000002 0.543387 0.839482
0.013433 0.201418 0.979413
0.037834 0.536082 0.843318
0.013433 0.201418 0.979413
-0.000002 0.543387 0.839482
-0.000003 0.201375 0.979514
-0.013431 0.201425 0.979412
-0.000002 0.543387 0.839482
-0.037831 0.536087 0.843314
-0.000002 0.543387 0.839482
-0.013431 0.201425 0.979412
-0.000003 0.201375 0.979514
-0.064903 0.168497 0.983563
-0.037831 0.536087 0.843314
-0.196894 0.490215 0.849071
-0.037831 0.536087 0.843314
-0.064903 0.168497 0.983563
-0.013431 0.201425 0.979412
-0.162962 0.078155 0.983532
-0.458154 0.063318 0.886615
-0.201109 0.027523 0.979182
-0.458154 0.063318 0.886615
-0.162962 0.078155 0.983532
-0.422611 0.218202 0.879652
-0.201109 0.027523 0.979182
-0.471369 0.000000 0.881936
-0.205273 0.000000 0.978705
-0.471369 0.000000 0.881936
-0.201109 0.027523 0.979182
-0.458154 0.063318 0.886615
-0.205273 0.000000 0.978705
-0.471369 0.000000 0.881936
-0.201104 -0.027530 0.979183
-0.471369 0.000000 0.881936
-0.458150 -0.063324 0.886617
-0.201104 -0.027530 0.979183
-0.196897 -0.490210 0.849074
-0.162960 -0.078156 0.983532
-0.422612 -0.218202 0.879652
-0.162960 -0.078156 0.983532
-0.196897 -0.490210 0.849074
-0.064906 -0.168492 0.983564
-0.064906 -0.168492 0.983564
-0.037833 -0.536088 0.843314
-0.013436 -0.201426 0.979412
-0.037833 -0.536088 0.843314
-0.064906 -0.168492 0.983564
-0.196897 -0.490210 0.849074
-0.013436 -0.201426 0.979412
-0.000002 -0.543386 0.839483
-0.000003 -0.201377 0.979514
-0.000002 -0.543386 0.839483
-0.013436 -0.201426 0.979412
-0.037833 -0.536088 0.843314
0.013435 -0.201421 0.979413
-0.000003 -0.201377 0.979514
-0.000002 -0.543386 0.839483
-0.000002 -0.543386 0.839483
0.037833 -0.536085 0.843316
0.013435 -0.201421 0.979413
0.064908 -0.168486 0.983565
0.013435 -0.201421 0.979413
0.037833 -0.536085 0.843316
0.037833 -0.536085 0.843316
0.196899 -0.490208 0.849074
0.064908 -0.168486 0.983565
0.458150 -0.063319 0.886617
0.162958 -0.078157 0.983533
0.422611 -0.218202 0.879652
0.162958 -0.078157 0.983533
0.458150 -0.063319 0.886617
0.201105 -0.027521 0.979183
0.471371 0.000002 0.881935
0.201105 -0.027521 0.979183
0.458150 -0.063319 0.886617
0.201105 -0.027521 0.979183
0.471371 0.000002 0.881935
0.205275 0.000003 0.978704
0.162954 0.078160 0.983533
0.201105 0.027524 0.979183
0.458150 0.063321 0.886617
0.162954 0.078160 0.983533
0.458150 0.063321 0.886617
0.422608 0.218205 0.879653
-0.196894 0.490215 0.849071
-0.162962 0.078155 0.983532
-0.064903 0.168497 0.983563
-0.162962 0.078155 0.983532
-0.196894 0.490215 0.849071
-0.422611 0.218202 0.879652
-0.422612 -0.218202 0.879652
-0.162960 -0.078156 0.983532
-0.458150 -0.063324 0.886617
-0.458150 -0.063324 0.886617
-0.162960 -0.078156 0.983532
-0.201104 -0.027530 0.979183
0.196899 -0.490208 0.849074
0.422611 -0.218202 0.879652
0.162958 -0.078157 0.983533
0.196899 -0.490208 0.849074
0.162958 -0.078157 0.983533
0.064908 -0.168486 0.983565
-0.731005 -0.110083 0.673434
-0.739058 0.000002 0.673642
-0.730506 -0.112648 0.673552
-0.739058 0.000002 0.673642
-0.731005 -0.110083 0.673434
-0.739058 0.000002 0.673642
-0.636088 -0.363541 0.680610
-0.363024 -0.697072 0.618307
-0.269343 -0.763053 0.587540
-0.363024 -0.697072 0.618307
-0.636088 -0.363541 0.680610
-0.644564 -0.346463 0.681542
-0.059655 -0.864219 0.499567
-0.269343 -0.763053 0.587540
-0.363024 -0.697072 0.618307
-0.269343 -0.763053 0.587540
-0.059655 -0.864219 0.499567
-0.054616 -0.865180 0.498478
-0.000001 -0.868422 0.495826
-0.054616 -0.865180 0.498478
-0.059655 -0.864219 0.499567
-0.054616 -0.865180 0.498478
-0.000001 -0.868422 0.495826
-0.000001 -0.868422 0.495826
0.054617 -0.865180 0.498479
-0.000001 -0.868422 0.495826
0.059658 -0.864217 0.499569
-0.000001 -0.868422 0.495826
0.054617 -0.865180 0.498479
-0.000001 -0.868422 0.495826
0.363030 -0.697068 0.618309
0.269348 -0.763051 0.587541
0.059658 -0.864217 0.499569
0.059658 -0.864217 0.499569
0.269348 -0.763051 0.587541
0.054617 -0.865180 0.498479
0.730505 -0.112653 0.673552
0.636087 -0.363545 0.680609
0.644562 -0.346471 0.681541
0.636087 -0.363545 0.680609
0.730505 -0.112653 0.673552
0.731004 -0.110086 0.673435
0.739059 -0.000000 0.673641
0.731004 -0.110086 0.673435
0.730505 -0.112653 0.673552
0.731004 -0.110086 0.673435
0.739059 -0.000000 0.673641
0.739059 -0.000000 0.673641
0.731006 0.110077 0.673434
0.739059 -0.000000 0.673641
0.730507 0.112643 0.673551
0.739059 -0.000000 0.673641
0.731006 0.110077 0.673434
0.739059 -0.000000 0.673641
0.363022 0.697075 0.618305
0.636086 0.363545 0.680610
0.644561 0.346469 0.681542
0.636086 0.363545 0.680610
0.363022 0.697075 0.618305
0.269345 0.763053 0.587540
0.059657 0.864217 0.499569
0.269345 0.763053 0.587540
0.363022 0.697075 0.618305
0.269345 0.763053 0.587540
0.059657 0.864217 0.499569
0.054614 0.865180 0.498479
-0.000002 0.868422 0.495825
0.054614 0.865180 0.498479
0.059657 0.864217 0.499569
0.054614 0.865180 0.498479
-0.000002 0.868422 0.495825
-0.000002 0.868422 0.495825
-0.054614 0.865180 0.498478
-0.000002 0.868422 0.495825
-0.059655 0.864218 0.499568
-0.000002 0.868422 0.495825
-0.054614 0.865180 0.498478
-0.000002 0.868422 0.495825
-0.363022 0.697074 0.618306
-0.269344 0.763053 0.587540
-0.059655 0.864218 0.499568
-0.059655 0.864218 0.499568
-0.269344 0.763053 0.587540
-0.054614 0.865180 0.498478
-0.730505 0.112650 0.673552
-0.636086 0.363544 0.680610
-0.644562 0.346468 0.681542
-0.636086 0.363544 0.680610
-0.730505 0.112650 0.673552
-0.731004 0.110085 0.673434
-0.739058 0.000002 0.673642
-0.731004 0.110085 0.673434
-0.730505 0.112650 0.673552
-0.731004 0.110085 0.673434
-0.739058 0.000002 0.673642
-0.739058 0.000002 0.673642
-0.644564 -0.346463 0.681542
-0.636088 -0.363541 0.680610
-0.730506 -0.112648 0.673552
-0.730506 -0.112648 0.673552
-0.636088 -0.363541 0.680610
-0.731005 -0.110083 0.673434
0.636087 -0.363545 0.680609
0.269348 -0.763051 0.587541
0.363030 -0.697068 0.618309
0.636087 -0.363545 0.680609
0.363030 -0.697068 0.618309
0.644562 -0.346471 0.681541
0.644561 0.346469 0.681542
0.636086 0.363545 0.680610
0.730507 0.112643 0.673551
0.730507 0.112643 0.673551
0.636086 0.363545 0.680610
0.731006 0.110077 0.673434
-0.644562 0.346468 0.681542
-0.636086 0.363544 0.680610
-0.363022 0.697074 0.618306
-0.363022 0.697074 0.618306
-0.636086 0.363544 0.680610
-0.269344 0.763053 0.587540
-0.312050 -0.046866 0.948909
-0.584958 0.000003 0.811063
-0.578177 -0.089356 0.811004
-0.584958 0.000003 0.811063
-0.312050 -0.046866 0.948909
-0.325812 0.000005 0.945435
-0.307381 -0.177312 0.934921
-0.301207 -0.563958 0.768912
-0.132333 -0.406620 0.903962
-0.301207 -0.563958 0.768912
-0.307381 -0.177312 0.934921
-0.508348 -0.272132 0.817023
-0.052407 -0.749774 0.659616
-0.132333 -0.406620 0.903962
-0.301207 -0.563958 0.768912
-0.132333 -0.406620 0.903962
-0.052407 -0.749774 0.659616
-0.025922 -0.416733 0.908659
-0.000002 -0.754997 0.655728
-0.025922 -0.416733 0.908659
-0.052407 -0.749774 0.659616
-0.025922 -0.416733 0.908659
-0.000002 -0.754997 0.655728
-0.000003 -0.425045 0.905172
0.025928 -0.416727 0.908662
-0.000002 -0.754997 0.655728
0.052413 -0.749771 0.659618
-0.000002 -0.754997 0.655728
0.025928 -0.416727 0.908662
-0.000003 -0.425045 0.905172
0.301217 -0.563950 0.768914
0.132347 -0.406611 0.903964
0.052413 -0.749771 0.659618
0.052413 -0.749771 0.659618
0.132347 -0.406611 0.903964
0.025928 -0.416727 0.908662
0.307383 -0.177326 0.934918
0.578174 -0.089364 0.811005
0.312046 -0.046876 0.948910
0.578174 -0.089364 0.811005
0.307383 -0.177326 0.934918
0.508345 -0.272143 0.817021
0.312046 -0.046876 0.948910
0.584960 -0.000000 0.811062
0.325818 -0.000000 0.945432
0.584960 -0.000000 0.811062
0.312046 -0.046876 0.948910
0.578174 -0.089364 0.811005
0.578178 0.089348 0.811004
0.312052 0.046856 0.948909
0.584960 -0.000000 0.811062
0.325818 -0.000000 0.945432
0.584960 -0.000000 0.811062
0.312052 0.046856 0.948909
0.301206 0.563964 0.768908
0.307377 0.177321 0.934921
0.508344 0.272140 0.817022
0.307377 0.177321 0.934921
0.301206 0.563964 0.768908
0.132338 0.406626 0.903959
0.052410 0.749771 0.659618
0.132338 0.406626 0.903959
0.301206 0.563964 0.768908
0.132338 0.406626 0.903959
0.052410 0.749771 0.659618
0.025923 0.416726 0.908662
-0.000003 0.754998 0.655727
0.025923 0.416726 0.908662
0.052410 0.749771 0.659618
0.025923 0.416726 0.908662
-0.000003 0.754998 0.655727
-0.000003 0.425054 0.905168
-0.025920 0.416731 0.908660
-0.000003 0.754998 0.655727
-0.052407 0.749773 0.659617
-0.000003 0.754998 0.655727
-0.025920 0.416731 0.908660
-0.000003 0.425054 0.905168
-0.301206 0.563962 0.768909
-0.132336 0.406624 0.903960
-0.052407 0.749773 0.659617
-0.052407 0.749773 0.659617
-0.132336 0.406624 0.903960
-0.025920 0.416731 0.908660
-0.578176 0.089360 0.811004
-0.307379 0.177318 0.934921
-0.508346 0.272138 0.817022
-0.307379 0.177318 0.934921
-0.578176 0.089360 0.811004
-0.312051 0.046871 0.948908
-0.584958 0.000003 0.811063
-0.312051 0.046871 0.948908
-0.578176 0.089360 0.811004
-0.312051 0.046871 0.948908
-0.584958 0.000003 0.811063
-0.325812 0.000005 0.945435
-0.578177 -0.089356 0.811004
-0.307381 -0.177312 0.934921
-0.312050 -0.046866 0.948909
-0.307381 -0.177312 0.934921
-0.578177 -0.089356 0.811004
-0.508348 -0.272132 0.817023
0.301217 -0.563950 0.768914
0.508345 -0.272143 0.817021
0.307383 -0.177326 0.934918
0.301217 -0.563950 0.768914
0.307383 -0.177326 0.934918
0.132347 -0.406611 0.903964
0.508344 0.272140 0.817022
0.307377 0.177321 0.934921
0.578178 0.089348 0.811004
0.312052 0.046856 0.948909
0.578178 0.089348 0.811004
0.307377 0.177321 0.934921
-0.508346 0.272138 0.817022
-0.307379 0.177318 0.934921
-0.301206 0.563962 0.768909
-0.301206 0.563962 0.768909
-0.307379 0.177318 0.934921
-0.132336 0.406624 0.903960
-0.325812 0.000005 0.945435
-0.312050 -0.046866 0.948909
0.000002 0.000003 1.000000
-0.307381 -0.177312 0.934921
-0.132333 -0.406620 0.903962
0.000002 0.000003 1.000000
-0.132333 -0.406620 0.903962
-0.025922 -0.416733 0.908659
0.000002 0.000003 1.000000
-0.025922 -0.416733 0.908659
-0.000003 -0.425045 0.905172
0.000002 0.000003 1.000000
-0.000003 -0.425045 0.905172
0.025928 -0.416727 0.908662
0.000002 0.000003 1.000000
0.025928 -0.416727 0.908662
0.132347 -0.406611 0.903964
0.000002 0.000003 1.000000
0.307383 -0.177326 0.934918
0.312046 -0.046876 0.948910
0.000002 0.000003 1.000000
0.312046 -0.046876 0.948910
0.325818 -0.000000 0.945432
0.000002 0.000003 1.000000
0.325818 -0.000000 0.945432
0.312052 0.046856 0.948909
0.000002 0.000003 1.000000
0.307377 0.177321 0.934921
0.132338 0.406626 0.903959
0.000002 0.000003 1.000000
0.132338 0.406626 0.903959
0.025923 0.416726 0.908662
0.000002 0.000003 1.000000
0.025923 0.416726 0.908662
-0.000003 0.425054 0.905168
0.000002 0.000003 1.000000
-0.000003 0.425054 0.905168
-0.025920 0.416731 0.908660
0.000002 0.000003 1.000000
-0.025920 0.416731 0.908660
-0.132336 0.406624 0.903960
0.000002 0.000003 1.000000
-0.307379 0.177318 0.934921
-0.312051 0.046871 0.948908
0.000002 0.000003 1.000000
-0.312051 0.046871 0.948908
-0.325812 0.000005 0.945435
0.000002 0.000003 1.000000
-0.312050 -0.046866 0.948909
-0.307381 -0.177312 0.934921
0.000002 0.000003 1.000000
0.132347 -0.406611 0.903964
0.307383 -0.177326 0.934918
0.000002 0.000003 1.000000
0.312052 0.046856 0.948909
0.307377 0.177321 0.934921
0.000002 0.000003 1.000000
-0.132336 0.406624 0.903960
-0.307379 0.177318 0.934921
0.000002 0.000003 1.000000
0.003047 0.951452 -0.307783
0.021621 0.999507 -0.022777
0.010521 0.998843 -0.046921
-0.288083 0.954602 -0.075785
-0.467370 0.881592 0.066031
-0.328717 0.856721 0.397459
-0.467370 0.881592 0.066031
-0.288083 0.954602 -0.075785
-0.429837 0.900457 -0.066460
0.016694 0.967939 -0.250632
0.016694 0.967939 -0.250632
0.016694 0.967939 -0.250632
0.016694 0.967939 -0.250632
0.016694 0.967939 -0.250632
0.016694 0.967939 -0.250632
-0.048247 -0.994014 -0.098022
-0.049846 -0.952612 -0.300077
-0.024900 -0.988052 -0.152097
-0.024900 -0.988052 -0.152097
-0.049846 -0.952612 -0.300077
-0.023604 -0.953944 -0.299055
-0.313579 -0.946580 -0.075190
-0.467373 -0.881591 0.066031
-0.429839 -0.900456 -0.066460
-0.467373 -0.881591 0.066031
-0.313579 -0.946580 -0.075190
-0.361911 -0.843941 0.395959
-0.059468 -0.966360 -0.250223
-0.059468 -0.966360 -0.250223
-0.059468 -0.966360 -0.250223
-0.059468 -0.966360 -0.250223
-0.059468 -0.966360 -0.250223
-0.059468 -0.966360 -0.250223
-0.064576 -0.583935 0.809228
-0.059160 -0.861099 0.504984
-0.055235 -0.481367 0.874777
-0.059160 -0.861099 0.504984
-0.064576 -0.583935 0.809228
-0.065445 -0.888204 0.454765
-0.064576 -0.583935 0.809228
-0.361911 -0.843941 0.395959
-0.065445 -0.888204 0.454765
-0.361911 -0.843941 0.395959
-0.064576 -0.583935 0.809228
-0.321680 -0.645885 0.692355
-0.361911 -0.843941 0.395959
-0.321680 -0.645885 0.692355
-0.467373 -0.881591 0.066031
0.000519 0.863877 0.503702
-0.012364 0.467633 0.883836
0.000387 0.852547 0.522651
-0.012364 0.467633 0.883836
0.000519 0.863877 0.503702
-0.021055 0.496426 0.867824
0.000376 0.891254 0.453503
-0.328717 0.856721 0.397459
-0.283749 0.653445 0.701781
0.000376 0.891254 0.453503
-0.283749 0.653445 0.701781
-0.020784 0.585506 0.810402
-0.283749 0.653445 0.701781
-0.328717 0.856721 0.397459
-0.467370 0.881592 0.066031
0.000376 0.891254 0.453503
0.000519 0.863877 0.503702
0.021621 0.999507 -0.022777
0.000376 0.891254 0.453503
0.021621 0.999507 -0.022777
0.021573 0.999767 -0.000000
-0.328717 0.856721 0.397459
0.000376 0.891254 0.453503
0.021573 0.999767 -0.000000
-0.328717 0.856721 0.397459
0.021573 0.999767 -0.000000
-0.288083 0.954602 -0.075785
-0.059160 -0.861099 0.504984
-0.024900 -0.988052 -0.152097
-0.031344 -0.853288 0.520497
-0.024900 -0.988052 -0.152097
-0.059160 -0.861099 0.504984
-0.048247 -0.994014 -0.098022
-0.361911 -0.843941 0.395959
-0.052142 -0.998640 0.000000
-0.065445 -0.888204 0.454765
-0.052142 -0.998640 0.000000
-0.361911 -0.843941 0.395959
-0.313579 -0.946580 -0.075190
0.016412 0.957726 -0.287215
0.016412 0.957726 -0.287215
0.016412 0.957726 -0.287215
0.016412 0.957726 -0.287215
0.016412 0.957726 -0.287215
0.016412 0.957726 -0.287215
-0.049545 -0.956359 -0.287963
-0.049545 -0.956359 -0.287963
-0.049545 -0.956359 -0.287963
-0.049545 -0.956359 -0.287963
-0.049545 -0.956359 -0.287963
-0.049545 -0.956359 -0.287963
-0.055235 -0.481367 0.874777
-0.031344 -0.853288 0.520497
-0.024257 -0.461280 0.886923
-0.031344 -0.853288 0.520497
-0.055235 -0.481367 0.874777
-0.059160 -0.861099 0.504984
-0.020784 0.585506 0.810402
-0.021055 0.496426 0.867824
0.000376 0.891254 0.453503
0.000519 0.863877 0.503702
0.000376 0.891254 0.453503
-0.021055 0.496426 0.867824
0.004491 0.867528 -0.497368
0.003047 0.951452 -0.307783
0.002385 0.867667 -0.497140
0.000519 0.863877 0.503702
0.010521 0.998843 -0.046921
0.021621 0.999507 -0.022777
0.010521 0.998843 -0.046921
0.000519 0.863877 0.503702
0.000387 0.852547 0.522651
-0.052142 -0.998640 0.000000
-0.048247 -0.994014 -0.098022
-0.065445 -0.888204 0.454765
-0.059160 -0.861099 0.504984
-0.065445 -0.888204 0.454765
-0.048247 -0.994014 -0.098022
-0.290984 0.918672 -0.267153
-0.290984 0.918672 -0.267153
-0.290984 0.918672 -0.267153
-0.288083 0.954602 -0.075785
-0.454676 0.868848 -0.195891
-0.429837 0.900457 -0.066460
-0.429839 -0.900456 -0.066460
-0.454677 -0.868847 -0.195891
-0.313579 -0.946580 -0.075190
-0.003047 0.951452 -0.307783
0.002385 0.867667 -0.497140
0.003047 0.951452 -0.307783
0.002385 0.867667 -0.497140
-0.003047 0.951452 -0.307783
-0.002385 0.867667 -0.497140
-0.255894 0.923538 0.285651
-0.487874 0.850897 0.194816
-0.214436 0.774881 0.594623
-0.074614 0.791124 0.607088
-0.038629 0.939068 0.341553
-0.040071 0.945679 0.322623
-0.038629 0.939068 0.341553
-0.074614 0.791124 0.607088
-0.068690 0.791461 0.607348
-0.254539 0.963594 -0.081835
-0.001870 0.998412 -0.056308
-0.091351 0.981451 -0.168550
-0.001870 0.998412 -0.056308
-0.005600 0.985668 -0.168604
-0.091351 0.981451 -0.168550
-0.040071 0.945679 0.322623
-0.001870 0.998412 -0.056308
-0.255894 0.923538 0.285651
-0.255894 0.923538 0.285651
-0.001870 0.998412 -0.056308
-0.254539 0.963594 -0.081835
-0.254539 0.963594 -0.081835
-0.091351 0.981451 -0.168550
-0.496227 0.865467 -0.068746
-0.040071 -0.945678 0.322626
-0.000000 -1.000000 0.000000
-0.038629 -0.939067 0.341555
-0.000000 -1.000000 0.000000
-0.040071 -0.945678 0.322626
-0.001870 -0.998412 -0.056307
-0.214436 0.774881 0.594623
-0.040071 0.945679 0.322623
-0.255894 0.923538 0.285651
-0.040071 0.945679 0.322623
-0.214436 0.774881 0.594623
-0.074614 0.791124 0.607088
-0.003622 0.991608 -0.129234
-0.003622 0.991607 -0.129234
-0.003622 0.991607 -0.129234
-0.003622 0.991607 -0.129234
-0.003622 0.991608 -0.129234
-0.003622 0.991608 -0.129234
-0.040071 0.945679 0.322623
-0.038629 0.939068 0.341553
0.000000 1.000000 -0.000000
-0.040071 0.945679 0.322623
0.000000 1.000000 -0.000000
-0.001870 0.998412 -0.056308
-0.001870 -0.998412 -0.056307
-0.040071 -0.945678 0.322626
-0.255895 -0.923536 0.285656
-0.255895 -0.923536 0.285656
-0.254538 -0.963594 -0.081834
-0.001870 -0.998412 -0.056307
-0.487876 -0.850896 0.194816
-0.254538 -0.963594 -0.081834
-0.255895 -0.923536 0.285656
-0.254538 -0.963594 -0.081834
-0.487876 -0.850896 0.194816
-0.496226 -0.865467 -0.068745
-0.074615 -0.791120 0.607093
-0.038629 -0.939067 0.341555
-0.068690 -0.791458 0.607351
-0.038629 -0.939067 0.341555
-0.074615 -0.791120 0.607093
-0.040071 -0.945678 0.322626
-0.091351 -0.981451 -0.168549
-0.001870 -0.998412 -0.056307
-0.254538 -0.963594 -0.081834
-0.001870 -0.998412 -0.056307
-0.091351 -0.981451 -0.168549
-0.005600 -0.985668 -0.168603
-0.091351 -0.981451 -0.168549
-0.254538 -0.963594 -0.081834
-0.496226 -0.865467 -0.068745
-0.214438 -0.774876 0.594629
-0.040071 -0.945678 0.322626
-0.074615 -0.791120 0.607093
-0.040071 -0.945678 0.322626
-0.214438 -0.774876 0.594629
-0.255895 -0.923536 0.285656
-0.003622 -0.991608 -0.129233
-0.003622 -0.991608 -0.129233
-0.003622 -0.991608 -0.129233
-0.003622 -0.991608 -0.129233
-0.003622 -0.991608 -0.129233
-0.003622 -0.991608 -0.129233
-0.255894 0.923538 0.285651
-0.496227 0.865467 -0.068746
-0.487874 0.850897 0.194816
-0.496227 0.865467 -0.068746
-0.255894 0.923538 0.285651
-0.254539 0.963594 -0.081835
-0.255895 -0.923536 0.285656
-0.214438 -0.774876 0.594629
-0.487876 -0.850896 0.194816
-1.000000 0.000000 0.000000
-0.452019 0.857567 0.245473
-0.929105 0.282392 0.238788
-1.000000 0.000000 0.000000
-0.929105 0.282392 0.238788
-0.999952 0.009753 0.000000
0.000000 0.969802 0.243894
-0.874058 0.482779 -0.054293
-0.848897 0.427638 0.310645
-0.874058 0.482779 -0.054293
0.000000 0.969802 0.243894
0.000000 0.993768 -0.111468
-0.848897 0.427638 0.310645
-0.000000 0.833954 0.551835
-0.000000 0.600841 0.799369
-0.000000 0.833954 0.551835
-0.848897 0.427638 0.310645
-0.929105 0.282392 0.238788
-0.981387 -0.016858 -0.191299
-0.983672 -0.019952 -0.178861
-0.984060 -0.020501 -0.176651
-0.983672 -0.019952 -0.178861
-0.981387 -0.016858 -0.191299
-0.981387 -0.016858 -0.191299
0.000000 0.972371 -0.233441
-0.874058 0.482779 -0.054293
0.000000 0.993768 -0.111468
-0.984060 -0.020501 -0.176651
-0.985970 -0.023317 -0.165283
-0.985970 -0.023317 -0.165283
-0.985970 -0.023317 -0.165283
-0.984060 -0.020501 -0.176651
-0.983672 -0.019952 -0.178861
-0.848897 0.427638 0.310645
-0.000000 0.600841 0.799369
0.000000 0.969802 0.243894
-0.874058 0.482779 -0.054293
-0.999952 0.009753 0.000000
-0.848897 0.427638 0.310645
-0.929105 0.282392 0.238788
-0.848897 0.427638 0.310645
-0.999952 0.009753 0.000000
-0.000000 0.961389 0.275191
-0.000000 0.833954 0.551835
-0.452019 0.857567 0.245473
-0.929105 0.282392 0.238788
-0.452019 0.857567 0.245473
-0.000000 0.833954 0.551835
0.010521 0.998843 -0.046921
-0.010521 0.998843 -0.046921
-0.003047 0.951452 -0.307783
0.010521 0.998843 -0.046921
-0.003047 0.951452 -0.307783
0.003047 0.951452 -0.307783
-0.003047 0.951452 -0.307783
-0.010521 0.998843 -0.046921
-0.021622 0.999507 -0.022777
0.288082 0.954602 -0.075785
0.467370 0.881593 0.066031
0.429837 0.900457 -0.066460
0.467370 0.881593 0.066031
0.288082 0.954602 -0.075785
0.328717 0.856721 0.397459
-0.016694 0.967939 -0.250632
-0.016694 0.967939 -0.250632
-0.016694 0.967938 -0.250632
-0.016694 0.967939 -0.250632
-0.016694 0.967938 -0.250632
-0.016694 0.967939 -0.250632
0.024900 -0.988052 -0.152097
0.049846 -0.952612 -0.300077
0.048247 -0.994014 -0.098022
0.049846 -0.952612 -0.300077
0.024900 -0.988052 -0.152097
0.023604 -0.953944 -0.299055
0.313579 -0.946581 -0.075190
0.467373 -0.881591 0.066031
0.361911 -0.843941 0.395959
0.467373 -0.881591 0.066031
0.313579 -0.946581 -0.075190
0.429838 -0.900457 -0.066460
0.059468 -0.966360 -0.250223
0.059468 -0.966360 -0.250223
0.059468 -0.966360 -0.250223
0.059468 -0.966360 -0.250223
0.059468 -0.966360 -0.250223
0.059468 -0.966360 -0.250223
0.059160 -0.861099 0.504984
0.064576 -0.583935 0.809228
0.055235 -0.481367 0.874777
0.064576 -0.583935 0.809228
0.059160 -0.861099 0.504984
0.065445 -0.888204 0.454765
0.064576 -0.583935 0.809228
0.361911 -0.843941 0.395959
0.321680 -0.645885 0.692355
0.361911 -0.843941 0.395959
0.064576 -0.583935 0.809228
0.065445 -0.888204 0.454765
0.361911 -0.843941 0.395959
0.467373 -0.881591 0.066031
0.321680 -0.645885 0.692355
-0.000519 0.863877 0.503702
-0.000387 0.852547 0.522651
0.012364 0.467633 0.883836
0.012364 0.467633 0.883836
0.021055 0.496426 0.867824
-0.000519 0.863877 0.503702
-0.000376 0.891255 0.453503
0.283748 0.653446 0.701780
0.328717 0.856721 0.397459
0.283748 0.653446 0.701780
-0.000376 0.891255 0.453503
0.020784 0.585506 0.810401
0.283748 0.653446 0.701780
0.467370 0.881593 0.066031
0.328717 0.856721 0.397459
-0.000387 0.852547 0.522651
0.010521 0.998843 -0.046921
0.000387 0.852547 0.522651
0.010521 0.998843 -0.046921
-0.000387 0.852547 0.522651
-0.010521 0.998843 -0.046921
-0.000376 0.891255 0.453503
-0.021622 0.999507 -0.022777
-0.000519 0.863877 0.503702
-0.021622 0.999507 -0.022777
-0.000376 0.891255 0.453503
-0.021573 0.999767 0.000000
0.328717 0.856721 0.397459
-0.021573 0.999767 0.000000
-0.000376 0.891255 0.453503
-0.021573 0.999767 0.000000
0.328717 0.856721 0.397459
0.288082 0.954602 -0.075785
0.059160 -0.861099 0.504984
0.024900 -0.988052 -0.152097
0.048247 -0.994014 -0.098022
0.024900 -0.988052 -0.152097
0.059160 -0.861099 0.504984
0.031344 -0.853288 0.520497
0.361911 -0.843941 0.395959
0.065445 -0.888204 0.454765
0.052142 -0.998640 0.000000
0.361911 -0.843941 0.395959
0.052142 -0.998640 0.000000
0.313579 -0.946581 -0.075190
-0.016412 0.957726 -0.287215
-0.016412 0.957726 -0.287215
-0.016412 0.957726 -0.287215
-0.016412 0.957726 -0.287215
-0.016412 0.957726 -0.287215
-0.016412 0.957726 -0.287215
0.049545 -0.956359 -0.287963
0.049545 -0.956359 -0.287963
0.049545 -0.956359 -0.287963
0.049545 -0.956359 -0.287963
0.049545 -0.956359 -0.287963
0.049545 -0.956359 -0.287963
0.024257 -0.461280 0.886923
0.031344 -0.853288 0.520497
0.055235 -0.481367 0.874777
0.055235 -0.481367 0.874777
0.031344 -0.853288 0.520497
0.059160 -0.861099 0.504984
-0.000376 0.891255 0.453503
-0.000519 0.863877 0.503702
0.021055 0.496426 0.867824
-0.000376 0.891255 0.453503
0.021055 0.496426 0.867824
0.020784 0.585506 0.810401
-0.004492 0.867528 -0.497368
-0.002385 0.867667 -0.497140
-0.003047 0.951452 -0.307783
-0.000519 0.863877 0.503702
-0.010521 0.998843 -0.046921
-0.000387 0.852547 0.522651
-0.010521 0.998843 -0.046921
-0.000519 0.863877 0.503702
-0.021622 0.999507 -0.022777
0.065445 -0.888204 0.454765
0.059160 -0.861099 0.504984
0.048247 -0.994014 -0.098022
0.065445 -0.888204 0.454765
0.048247 -0.994014 -0.098022
0.052142 -0.998640 0.000000
0.290983 0.918672 -0.267153
0.290983 0.918672 -0.267153
0.290983 0.918672 -0.267153
0.288082 0.954602 -0.075785
0.429837 0.900457 -0.066460
0.454676 0.868848 -0.195891
0.429838 -0.900457 -0.066460
0.313579 -0.946581 -0.075190
0.454676 -0.868848 -0.195891
0.024257 -0.461280 0.886923
-0.024257 -0.461280 0.886923
-0.031344 -0.853288 0.520497
0.024257 -0.461280 0.886923
-0.031344 -0.853288 0.520497
0.031344 -0.853288 0.520497
-0.000387 0.852547 0.522651
0.000387 0.852547 0.522651
-0.012364 0.467633 0.883836
-0.000387 0.852547 0.522651
-0.012364 0.467633 0.883836
0.012364 0.467633 0.883836
0.024900 -0.988052 -0.152097
-0.024900 -0.988052 -0.152097
-0.023604 -0.953944 -0.299055
0.024900 -0.988052 -0.152097
-0.023604 -0.953944 -0.299055
0.023604 -0.953944 -0.299055
-0.031344 -0.853288 0.520497
-0.024900 -0.988052 -0.152097
0.031344 -0.853288 0.520497
0.031344 -0.853288 0.520497
-0.024900 -0.988052 -0.152097
0.024900 -0.988052 -0.152097
0.255894 0.923538 0.285651
0.214436 0.774882 0.594621
0.487875 0.850897 0.194816
0.074614 0.791124 0.607087
0.038629 0.939068 0.341553
0.068690 0.791461 0.607348
0.038629 0.939068 0.341553
0.074614 0.791124 0.607087
0.040071 0.945679 0.322622
0.001870 0.998412 -0.056308
0.254539 0.963594 -0.081835
0.091351 0.981451 -0.168550
0.001870 0.998412 -0.056308
0.091351 0.981451 -0.168550
0.005600 0.985668 -0.168604
0.255894 0.923538 0.285651
0.001870 0.998412 -0.056308
0.040071 0.945679 0.322622
0.001870 0.998412 -0.056308
0.255894 0.923538 0.285651
0.254539 0.963594 -0.081835
0.254539 0.963594 -0.081835
0.496228 0.865466 -0.068745
0.091351 0.981451 -0.168550
0.040071 -0.945678 0.322626
0.038629 -0.939067 0.341556
0.000000 -1.000000 0.000000
0.040071 -0.945678 0.322626
0.000000 -1.000000 0.000000
0.001870 -0.998412 -0.056307
0.214436 0.774882 0.594621
0.040071 0.945679 0.322622
0.074614 0.791124 0.607087
0.040071 0.945679 0.322622
0.214436 0.774882 0.594621
0.255894 0.923538 0.285651
0.003622 0.991607 -0.129234
0.003622 0.991608 -0.129234
0.003622 0.991607 -0.129234
0.003622 0.991608 -0.129234
0.003622 0.991607 -0.129234
0.003622 0.991608 -0.129234
0.001870 0.998412 -0.056308
0.000000 1.000000 0.000000
0.040071 0.945679 0.322622
0.038629 0.939068 0.341553
0.040071 0.945679 0.322622
0.000000 1.000000 0.000000
0.040071 -0.945678 0.322626
0.001870 -0.998412 -0.056307
0.255894 -0.923536 0.285656
0.255894 -0.923536 0.285656
0.001870 -0.998412 -0.056307
0.254538 -0.963594 -0.081834
0.255894 -0.923536 0.285656
0.254538 -0.963594 -0.081834
0.487875 -0.850896 0.194817
0.487875 -0.850896 0.194817
0.254538 -0.963594 -0.081834
0.496226 -0.865468 -0.068746
0.038629 -0.939067 0.341556
0.074615 -0.791120 0.607093
0.068690 -0.791458 0.607351
0.074615 -0.791120 0.607093
0.038629 -0.939067 0.341556
0.040071 -0.945678 0.322626
0.001870 -0.998412 -0.056307
0.091351 -0.981451 -0.168549
0.254538 -0.963594 -0.081834
0.091351 -0.981451 -0.168549
0.001870 -0.998412 -0.056307
0.005600 -0.985668 -0.168603
0.091351 -0.981451 -0.168549
0.496226 -0.865468 -0.068746
0.254538 -0.963594 -0.081834
0.040071 -0.945678 0.322626
0.214438 -0.774876 0.594629
0.074615 -0.791120 0.607093
0.214438 -0.774876 0.594629
0.040071 -0.945678 0.322626
0.255894 -0.923536 0.285656
0.003622 -0.991608 -0.129234
0.003622 -0.991608 -0.129234
0.003622 -0.991608 -0.129234
0.003622 -0.991608 -0.129234
0.003622 -0.991608 -0.129234
0.003622 -0.991608 -0.129234
0.255894 0.923538 0.285651
0.496228 0.865466 -0.068745
0.254539 0.963594 -0.081835
0.496228 0.865466 -0.068745
0.255894 0.923538 0.285651
0.487875 0.850897 0.194816
0.255894 -0.923536 0.285656
0.487875 -0.850896 0.194817
0.214438 -0.774876 0.594629
0.929105 0.282392 0.238788
0.452019 0.857568 0.245473
1.000000 0.000000 0.000000
0.929105 0.282392 0.238788
1.000000 0.000000 0.000000
0.999952 0.009753 0.000000
0.848897 0.427638 0.310645
0.874058 0.482779 -0.054293
0.000000 0.969802 0.243894
0.000000 0.969802 0.243894
0.874058 0.482779 -0.054293
0.000000 0.993768 -0.111468
0.848897 0.427638 0.310645
-0.000000 0.833954 0.551835
0.929105 0.282392 0.238788
-0.000000 0.833954 0.551835
0.848897 0.427638 0.310645
-0.000000 0.600841 0.799369
0.981387 -0.016858 -0.191299
0.983672 -0.019952 -0.178861
0.981387 -0.016858 -0.191299
0.983672 -0.019952 -0.178861
0.981387 -0.016858 -0.191299
0.984060 -0.020501 -0.176651
0.000000 0.972371 -0.233441
0.000000 0.993768 -0.111468
0.874058 0.482779 -0.054293
0.984060 -0.020501 -0.176651
0.985970 -0.023317 -0.165283
0.985970 -0.023317 -0.165283
0.984060 -0.020501 -0.176651
0.985970 -0.023317 -0.165283
0.983672 -0.019952 -0.178861
0.848897 0.427638 0.310645
0.000000 0.969802 0.243894
-0.000000 0.600841 0.799369
0.848897 0.427638 0.310645
0.929105 0.282392 0.238788
0.999952 0.009753 0.000000
0.848897 0.427638 0.310645
0.999952 0.009753 0.000000
0.874058 0.482779 -0.054293
0.452019 0.857568 0.245473
-0.000000 0.833954 0.551835
-0.000000 0.961389 0.275191
0.452019 0.857568 0.245473
0.929105 0.282392 0.238788
-0.000000 0.833954 0.551835
0.976863 -0.000000 0.213864
0.874074 0.362053 0.323903
0.946090 -0.000000 0.323903
0.874074 0.362053 0.323903
0.976863 -0.000000 0.213864
0.902504 0.373830 0.213864
0.902504 0.373830 0.213864
0.668987 0.668987 0.323903
0.874074 0.362053 0.323903
0.668987 0.668987 0.323903
0.902504 0.373830 0.213864
0.690747 0.690747 0.213864
0.668987 0.668987 0.323903
0.373830 0.902504 0.213864
0.362053 0.874074 0.323902
0.373830 0.902504 0.213864
0.668987 0.668987 0.323903
0.690747 0.690747 0.213864
0.362053 0.874074 0.323902
0.000000 0.976863 0.213864
-0.000000 0.946091 0.323902
0.000000 0.976863 0.213864
0.362053 0.874074 0.323902
0.373830 0.902504 0.213864
0.000000 0.976863 0.213864
-0.362053 0.874074 0.323902
-0.000000 0.946091 0.323902
-0.362053 0.874074 0.323902
0.000000 0.976863 0.213864
-0.373830 0.902504 0.213864
-0.373830 0.902504 0.213864
-0.668987 0.668987 0.323902
-0.362053 0.874074 0.323902
-0.668987 0.668987 0.323902
-0.373830 0.902504 0.213864
-0.690747 0.690747 0.213863
-0.668987 0.668987 0.323902
-0.902504 0.373830 0.213863
-0.874074 0.362053 0.323902
-0.902504 0.373830 0.213863
-0.668987 0.668987 0.323902
-0.690747 0.690747 0.213863
-0.874074 0.362053 0.323902
-0.976864 0.000000 0.213863
-0.946091 -0.000000 0.323902
-0.976864 0.000000 0.213863
-0.874074 0.362053 0.323902
-0.902504 0.373830 0.213863
-0.976864 0.000000 0.213863
-0.874074 -0.362054 0.323902
-0.946091 -0.000000 0.323902
-0.874074 -0.362054 0.323902
-0.976864 0.000000 0.213863
-0.902504 -0.373830 0.213863
-0.902504 -0.373830 0.213863
-0.668987 -0.668987 0.323901
-0.874074 -0.362054 0.323902
-0.668987 -0.668987 0.323901
-0.902504 -0.373830 0.213863
-0.690747 -0.690747 0.213863
-0.668987 -0.668987 0.323901
-0.373829 -0.902505 0.213863
-0.362053 -0.874074 0.323901
-0.373829 -0.902505 0.213863
-0.668987 -0.668987 0.323901
-0.690747 -0.690747 0.213863
-0.362053 -0.874074 0.323901
0.000000 -0.976864 0.213863
-0.000000 -0.946091 0.323902
0.000000 -0.976864 0.213863
-0.362053 -0.874074 0.323901
-0.373829 -0.902505 0.213863
0.000000 -0.976864 0.213863
0.362053 -0.874074 0.323902
-0.000000 -0.946091 0.323902
0.362053 -0.874074 0.323902
0.000000 -0.976864 0.213863
0.373829 -0.902504 0.213864
0.373829 -0.902504 0.213864
0.668987 -0.668987 0.323902
0.362053 -0.874074 0.323902
0.668987 -0.668987 0.323902
0.373829 -0.902504 0.213864
0.690747 -0.690747 0.213864
0.668987 -0.668987 0.323902
0.902504 -0.373829 0.213864
0.874074 -0.362053 0.323902
0.902504 -0.373829 0.213864
0.668987 -0.668987 0.323902
0.690747 -0.690747 0.213864
0.874074 -0.362053 0.323902
0.976863 -0.000000 0.213864
0.946090 -0.000000 0.323903
0.976863 -0.000000 0.213864
0.874074 -0.362053 0.323902
0.902504 -0.373829 0.213864
0.946090 -0.000000 0.323903
0.737411 0.305445 0.602436
0.798167 -0.000000 0.602436
0.737411 0.305445 0.602436
0.946090 -0.000000 0.323903
0.874074 0.362053 0.323903
0.874074 0.362053 0.323903
0.564390 0.564389 0.602436
0.737411 0.305445 0.602436
0.564390 0.564389 0.602436
0.874074 0.362053 0.323903
0.668987 0.668987 0.323903
0.564390 0.564389 0.602436
0.362053 0.874074 0.323902
0.305445 0.737410 0.602436
0.362053 0.874074 0.323902
0.564390 0.564389 0.602436
0.668987 0.668987 0.323903
0.305445 0.737410 0.602436
-0.000000 0.946091 0.323902
-0.000000 0.798167 0.602436
-0.000000 0.946091 0.323902
0.305445 0.737410 0.602436
0.362053 0.874074 0.323902
-0.000000 0.946091 0.323902
-0.305445 0.737411 0.602436
-0.000000 0.798167 0.602436
-0.305445 0.737411 0.602436
-0.000000 0.946091 0.323902
-0.362053 0.874074 0.323902
-0.362053 0.874074 0.323902
-0.564390 0.564389 0.602436
-0.305445 0.737411 0.602436
-0.564390 0.564389 0.602436
-0.362053 0.874074 0.323902
-0.668987 0.668987 0.323902
-0.564390 0.564389 0.602436
-0.874074 0.362053 0.323902
-0.737411 0.305445 0.602436
-0.874074 0.362053 0.323902
-0.564390 0.564389 0.602436
-0.668987 0.668987 0.323902
-0.737411 0.305445 0.602436
-0.946091 -0.000000 0.323902
-0.798167 0.000000 0.602436
-0.946091 -0.000000 0.323902
-0.737411 0.305445 0.602436
-0.874074 0.362053 0.323902
-0.946091 -0.000000 0.323902
-0.737410 -0.305446 0.602436
-0.798167 0.000000 0.602436
-0.737410 -0.305446 0.602436
-0.946091 -0.000000 0.323902
-0.874074 -0.362054 0.323902
-0.874074 -0.362054 0.323902
-0.564389 -0.564390 0.602436
-0.737410 -0.305446 0.602436
-0.564389 -0.564390 0.602436
-0.874074 -0.362054 0.323902
-0.668987 -0.668987 0.323901
-0.564389 -0.564390 0.602436
-0.362053 -0.874074 0.323901
-0.305445 -0.737411 0.602436
-0.362053 -0.874074 0.323901
-0.564389 -0.564390 0.602436
-0.668987 -0.668987 0.323901
-0.305445 -0.737411 0.602436
-0.000000 -0.946091 0.323902
-0.000000 -0.798167 0.602436
-0.000000 -0.946091 0.323902
-0.305445 -0.737411 0.602436
-0.362053 -0.874074 0.323901
-0.000000 -0.946091 0.323902
0.305445 -0.737411 0.602436
-0.000000 -0.798167 0.602436
0.305445 -0.737411 0.602436
-0.000000 -0.946091 0.323902
0.362053 -0.874074 0.323902
0.362053 -0.874074 0.323902
0.564389 -0.564389 0.602436
0.305445 -0.737411 0.602436
0.564389 -0.564389 0.602436
0.362053 -0.874074 0.323902
0.668987 -0.668987 0.323902
0.564389 -0.564389 0.602436
0.874074 -0.362053 0.323902
0.737410 -0.305445 0.602436
0.874074 -0.362053 0.323902
0.564389 -0.564389 0.602436
0.668987 -0.668987 0.323902
0.737410 -0.305445 0.602436
0.946090 -0.000000 0.323903
0.798167 -0.000000 0.602436
0.946090 -0.000000 0.323903
0.737410 -0.305445 0.602436
0.874074 -0.362053 0.323902
0.737411 0.305445 0.602436
-0.000000 0.000001 1.000000
0.798167 -0.000000 0.602436
0.564390 0.564389 0.602436
-0.000000 0.000001 1.000000
0.737411 0.305445 0.602436
0.305445 0.737410 0.602436
-0.000000 0.000001 1.000000
0.564390 0.564389 0.602436
-0.000000 0.798167 0.602436
-0.000000 0.000001 1.000000
0.305445 0.737410 0.602436
-0.305445 0.737411 0.602436
-0.000000 0.000001 1.000000
-0.000000 0.798167 0.602436
-0.564390 0.564389 0.602436
-0.000000 0.000001 1.000000
-0.305445 0.737411 0.602436
-0.737411 0.305445 0.602436
-0.000000 0.000001 1.000000
-0.564390 0.564389 0.602436
-0.798167 0.000000 0.602436
-0.000000 0.000001 1.000000
-0.737411 0.305445 0.602436
-0.737410 -0.305446 0.602436
-0.000000 0.000001 1.000000
-0.798167 0.000000 0.602436
-0.564389 -0.564390 0.602436
-0.000000 0.000001 1.000000
-0.737410 -0.305446 0.602436
-0.305445 -0.737411 0.602436
-0.000000 0.000001 1.000000
-0.564389 -0.564390 0.602436
-0.000000 -0.798167 0.602436
-0.000000 0.000001 1.000000
-0.305445 -0.737411 0.602436
0.305445 -0.737411 0.602436
-0.000000 0.000001 1.000000
-0.000000 -0.798167 0.602436
0.564389 -0.564389 0.602436
-0.000000 0.000001 1.000000
0.305445 -0.737411 0.602436
0.737410 -0.305445 0.602436
-0.000000 0.000001 1.000000
0.564389 -0.564389 0.602436
0.798167 -0.000000 0.602436
-0.000000 0.000001 1.000000
0.737410 -0.305445 0.602436
0.000003 0.000001 -1.000000
0.000003 0.000001 -1.000000
0.000003 0.000001 -1.000000
0.000003 0.000001 -1.000000
0.000003 0.000001 -1.000000
0.000003 0.000001 -1.000000
0.000003 0.000002 -1.000000
0.000003 0.000002 -1.000000
0.000003 0.000002 -1.000000
0.000003 0.000002 -1.000000
0.000003 0.000002 -1.000000
0.000003 0.000002 -1.000000
0.000002 0.000003 -1.000000
0.000002 0.000003 -1.000000
0.000002 0.000003 -1.000000
0.000002 0.000003 -1.000000
0.000002 0.000003 -1.000000
0.000002 0.000003 -1.000000
0.000001 0.000003 -1.000000
0.000001 0.000003 -1.000000
0.000001 0.000003 -1.000000
0.000001 0.000003 -1.000000
0.000001 0.000003 -1.000000
0.000001 0.000003 -1.000000
-0.000001 0.000003 -1.000000
-0.000001 0.000003 -1.000000
-0.000001 0.000003 -1.000000
-0.000001 0.000003 -1.000000
-0.000001 0.000003 -1.000000
-0.000001 0.000003 -1.000000
-0.000003 -0.000000 -1.000000
-0.000003 -0.000000 -1.000000
-0.000003 -0.000000 -1.000000
-0.000003 -0.000000 -1.000000
-0.000003 -0.000000 -1.000000
-0.000003 -0.000000 -1.000000
0.000000 0.000000 -1.000000
0.000000 0.000000 -1.000000
0.000000 0.000000 -1.000000
0.000000 0.000000 -1.000000
0.000000 0.000000 -1.000000
0.000000 0.000000 -1.000000
0.000000 0.000000 -1.000000
0.000000 0.000000 -1.000000
0.000000 0.000000 -1.000000
0.000000 0.000000 -1.000000
0.000000 0.000000 -1.000000
0.000000 0.000000 -1.000000
0.000000 0.000000 -1.000000
0.000000 0.000000 -1.000000
0.000000 0.000000 -1.000000
0.000000 0.000000 -1.000000
0.000000 0.000000 -1.000000
0.000000 0.000000 -1.000000
0.000000 0.000000 -1.000000
0.000000 0.000000 -1.000000
0.000000 0.000000 -1.000000
0.000000 0.000000 -1.000000
0.000000 0.000000 -1.000000
0.000000 0.000000 -1.000000
0.000000 0.000000 -1.000000
0.000000 0.000000 -1.000000
0.000000 0.000000 -1.000000
0.000000 0.000000 -1.000000
0.000000 0.000000 -1.000000
0.000000 0.000000 -1.000000
0.000000 0.000000 -1.000000
0.000000 0.000000 -1.000000
0.000000 0.000000 -1.000000
0.000000 0.000000 -1.000000
0.000000 0.000000 -1.000000
0.000000 0.000000 -1.000000
0.000000 0.000000 -1.000000
0.000000 0.000000 -1.000000
0.000000 0.000000 -1.000000
0.000000 0.000000 -1.000000
0.000000 0.000000 -1.000000
0.000000 0.000000 -1.000000
-0.000002 -0.000003 -1.000000
-0.000002 -0.000003 -1.000000
-0.000002 -0.000003 -1.000000
-0.000002 -0.000003 -1.000000
-0.000002 -0.000003 -1.000000
-0.000002 -0.000003 -1.000000
0.000003 -0.000002 -1.000000
0.000003 -0.000002 -1.000000
0.000003 -0.000002 -1.000000
0.000003 -0.000002 -1.000000
0.000003 -0.000002 -1.000000
0.000003 -0.000002 -1.000000
0.000003 -0.000001 -1.000000
0.000003 -0.000001 -1.000000
0.000003 -0.000001 -1.000000
0.000003 -0.000001 -1.000000
0.000003 -0.000001 -1.000000
0.000003 -0.000001 -1.000000
1.000000 -0.000000 -0.000000
1.000000 -0.000000 -0.000000
0.923880 0.382684 -0.000000
0.923880 0.382684 -0.000000
1.000000 -0.000000 -0.000000
0.923880 0.382684 -0.000000
0.923880 0.382684 -0.000000
0.923880 0.382684 -0.000000
0.707106 0.707107 -0.000000
0.707106 0.707107 -0.000000
0.923880 0.382684 -0.000000
0.707106 0.707107 -0.000000
0.707106 0.707107 -0.000000
0.707106 0.707107 -0.000000
0.382684 0.923879 -0.000000
0.382684 0.923879 -0.000000
0.707106 0.707107 -0.000000
0.382684 0.923879 -0.000000
0.382684 0.923879 -0.000000
0.382684 0.923879 -0.000000
0.000000 1.000000 -0.000000
0.000000 1.000000 -0.000000
0.382684 0.923879 -0.000000
0.000000 1.000000 -0.000000
0.000000 1.000000 -0.000000
0.000000 1.000000 -0.000000
-0.382684 0.923879 0.000000
-0.382684 0.923879 0.000000
0.000000 1.000000 -0.000000
-0.382683 0.923880 0.000000
-0.382684 0.923879 0.000000
-0.707106 0.707107 0.000000
-0.707107 0.707107 0.000000
-0.707106 0.707107 0.000000
-0.382684 0.923879 0.000000
-0.382683 0.923880 0.000000
-0.707107 0.707107 0.000000
-0.923879 0.382684 0.000000
-0.923879 0.382684 0.000000
-0.923879 0.382684 0.000000
-0.707107 0.707107 0.000000
-0.707106 0.707107 0.000000
-0.923879 0.382684 0.000000
-1.000000 0.000000 0.000000
-1.000000 0.000000 0.000000
-1.000000 0.000000 0.000000
-0.923879 0.382684 0.000000
-0.923879 0.382684 0.000000
-1.000000 0.000000 0.000000
-0.923880 -0.382683 0.000000
-0.923880 -0.382683 0.000000
-0.923880 -0.382683 0.000000
-1.000000 0.000000 0.000000
-1.000000 0.000000 0.000000
-0.923880 -0.382683 0.000000
-0.707107 -0.707106 0.000000
-0.707107 -0.707106 0.000000
-0.707107 -0.707106 0.000000
-0.923880 -0.382683 0.000000
-0.923880 -0.382683 0.000000
-0.707107 -0.707106 0.000000
-0.382683 -0.923880 0.000000
-0.382683 -0.923880 0.000000
-0.382683 -0.923880 0.000000
-0.707107 -0.707106 0.000000
-0.707107 -0.707106 0.000000
-0.382683 -0.923880 0.000000
-0.000000 -1.000000 -0.000000
0.000000 -1.000000 -0.000000
-0.000000 -1.000000 -0.000000
-0.382683 -0.923880 0.000000
-0.382683 -0.923880 0.000000
0.000000 -1.000000 -0.000000
0.382683 -0.923880 -0.000000
0.382682 -0.923880 -0.000000
0.382683 -0.923880 -0.000000
0.000000 -1.000000 -0.000000
-0.000000 -1.000000 -0.000000
0.382682 -0.923880 -0.000000
0.382683 -0.923880 -0.000000
0.707107 -0.707107 -0.000000
0.707107 -0.707107 -0.000000
0.382683 -0.923880 -0.000000
0.707108 -0.707106 -0.000000
0.707107 -0.707107 -0.000000
0.707108 -0.707106 -0.000000
0.923880 -0.382682 -0.000000
0.923880 -0.382682 -0.000000
0.707108 -0.707106 -0.000000
0.923880 -0.382682 -0.000000
0.923880 -0.382682 -0.000000
0.923880 -0.382682 -0.000000
1.000000 -0.000000 -0.000000
1.000000 -0.000000 -0.000000
0.923880 -0.382682 -0.000000
1.000000 -0.000000 -0.000000
0.996617 0.003013 0.082126
0.999306 0.001945 0.037201
0.987096 0.116058 0.110324
0.987096 0.116058 0.110324
0.999306 0.001945 0.037201
0.993004 0.106886 0.050177
0.892329 0.398093 0.212772
0.919154 0.381552 0.097846
0.455578 0.819713 0.347159
0.455578 0.819713 0.347159
0.919154 0.381552 0.097846
0.495115 0.851409 0.173101
0.455578 0.819713 0.347159
0.092634 0.976529 0.194447
0.080781 0.920400 0.382541
0.092634 0.976529 0.194447
0.455578 0.819713 0.347159
0.495115 0.851409 0.173101
0.080781 0.920400 0.382541
-0.000000 0.980638 0.195830
-0.000000 0.922983 0.384840
-0.000000 0.980638 0.195830
0.080781 0.920400 0.382541
0.092634 0.976529 0.194447
-0.000000 0.922983 0.384840
-0.000000 0.980638 0.195830
-0.080781 0.920401 0.382541
-0.080781 0.920401 0.382541
-0.000000 0.980638 0.195830
-0.092634 0.976529 0.194447
-0.080781 0.920401 0.382541
-0.092634 0.976529 0.194447
-0.455577 0.819713 0.347159
-0.455577 0.819713 0.347159
-0.092634 0.976529 0.194447
-0.495114 0.851409 0.173101
-0.892329 0.398092 0.212772
-0.993005 0.106885 0.050177
-0.987097 0.116057 0.110323
-0.993005 0.106885 0.050177
-0.892329 0.398092 0.212772
-0.919154 0.381551 0.097846
-0.987097 0.116057 0.110323
-0.999306 0.001944 0.037201
-0.996617 0.003012 0.082126
-0.999306 0.001944 0.037201
-0.987097 0.116057 0.110323
-0.993005 0.106885 0.050177
-0.996617 0.003012 0.082126
-0.994038 -0.105296 0.028290
-0.991405 -0.113987 0.064216
-0.994038 -0.105296 0.028290
-0.996617 0.003012 0.082126
-0.999306 0.001944 0.037201
-0.915868 -0.397562 0.055954
-0.508680 -0.860942 0.004947
-0.483611 -0.874340 0.040624
-0.508680 -0.860942 0.004947
-0.915868 -0.397562 0.055954
-0.927381 -0.373574 0.020198
-0.483611 -0.874340 0.040624
-0.094517 -0.995522 -0.001789
-0.087173 -0.995635 0.033337
-0.094517 -0.995522 -0.001789
-0.483611 -0.874340 0.040624
-0.508680 -0.860942 0.004947
-0.087173 -0.995635 0.033337
0.000000 -1.000000 -0.000694
0.000000 -0.999344 0.036218
0.000000 -1.000000 -0.000694
-0.087173 -0.995635 0.033337
-0.094517 -0.995522 -0.001789
0.000000 -0.999344 0.036218
0.000000 -1.000000 -0.000694
0.087174 -0.995635 0.033337
0.087174 -0.995635 0.033337
0.000000 -1.000000 -0.000694
0.094517 -0.995522 -0.001789
0.087174 -0.995635 0.033337
0.094517 -0.995522 -0.001789
0.483611 -0.874340 0.040624
0.483611 -0.874340 0.040624
0.094517 -0.995522 -0.001789
0.508680 -0.860941 0.004946
0.915868 -0.397562 0.055954
0.927380 -0.373574 0.020197
0.991405 -0.113987 0.064216
0.991405 -0.113987 0.064216
0.927380 -0.373574 0.020197
0.994038 -0.105297 0.028289
0.991405 -0.113987 0.064216
0.994038 -0.105297 0.028289
0.996617 0.003013 0.082126
0.996617 0.003013 0.082126
0.994038 -0.105297 0.028289
0.999306 0.001945 0.037201
0.987096 0.116058 0.110324
0.993004 0.106886 0.050177
0.892329 0.398093 0.212772
0.892329 0.398093 0.212772
0.993004 0.106886 0.050177
0.919154 0.381552 0.097846
-0.455577 0.819713 0.347159
-0.919154 0.381551 0.097846
-0.892329 0.398092 0.212772
-0.919154 0.381551 0.097846
-0.455577 0.819713 0.347159
-0.495114 0.851409 0.173101
-0.991405 -0.113987 0.064216
-0.927381 -0.373574 0.020198
-0.915868 -0.397562 0.055954
-0.927381 -0.373574 0.020198
-0.991405 -0.113987 0.064216
-0.994038 -0.105296 0.028290
0.483611 -0.874340 0.040624
0.508680 -0.860941 0.004946
0.915868 -0.397562 0.055954
0.915868 -0.397562 0.055954
0.508680 -0.860941 0.004946
0.927380 -0.373574 0.020197
-0.583540 0.391154 0.711673
-0.707108 -0.000000 0.707106
-1.000000 0.000000 0.000003
-0.583540 0.391154 0.711673
-1.000000 0.000000 0.000003
-0.837212 0.546878 0.000002
-0.707108 -0.000000 0.707106
-0.000034 0.175359 0.984505
0.000001 -0.000001 1.000000
-0.000034 0.175359 0.984505
-0.707108 -0.000000 0.707106
-0.583540 0.391154 0.711673
0.000001 -0.000001 1.000000
0.583472 0.391337 0.711629
0.707107 -0.000000 0.707106
0.583472 0.391337 0.711629
0.000001 -0.000001 1.000000
-0.000034 0.175359 0.984505
0.707107 -0.000000 0.707106
0.583472 0.391337 0.711629
0.837092 0.547062 0.000002
0.707107 -0.000000 0.707106
0.837092 0.547062 0.000002
1.000000 0.000000 0.000003
1.000000 0.000000 0.000003
0.837092 0.547062 0.000002
0.583478 0.391342 -0.711622
1.000000 0.000000 0.000003
0.583478 0.391342 -0.711622
0.707111 0.000000 -0.707103
0.707111 0.000000 -0.707103
0.583478 0.391342 -0.711622
-0.000033 0.175363 -0.984504
-0.000033 0.175363 -0.984504
0.000001 0.000000 -1.000000
0.707111 0.000000 -0.707103
0.000001 0.000000 -1.000000
-0.000033 0.175363 -0.984504
-0.583545 0.391156 -0.711669
-0.583545 0.391156 -0.711669
-0.707112 0.000000 -0.707102
0.000001 0.000000 -1.000000
-0.837212 0.546878 0.000002
-1.000000 0.000000 0.000003
-0.707112 0.000000 -0.707102
-0.837212 0.546878 0.000002
-0.707112 0.000000 -0.707102
-0.583545 0.391156 -0.711669
-0.837212 0.546878 0.000002
-0.639211 0.461583 0.615102
-0.583540 0.391154 0.711673
-0.639211 0.461583 0.615102
-0.837212 0.546878 0.000002
-0.850214 0.526437 0.000002
-0.583540 0.391154 0.711673
-0.354857 0.374393 0.856684
-0.000034 0.175359 0.984505
-0.354857 0.374393 0.856684
-0.583540 0.391154 0.711673
-0.639211 0.461583 0.615102
0.639490 0.461184 0.615111
0.583472 0.391337 0.711629
0.354872 0.374256 0.856737
-0.000034 0.175359 0.984505
0.354872 0.374256 0.856737
0.583472 0.391337 0.711629
0.639490 0.461184 0.615111
0.837092 0.547062 0.000002
0.583472 0.391337 0.711629
0.837092 0.547062 0.000002
0.639490 0.461184 0.615111
0.850619 0.525783 0.000002
0.639494 0.461186 -0.615105
0.837092 0.547062 0.000002
0.850619 0.525783 0.000002
0.837092 0.547062 0.000002
0.639494 0.461186 -0.615105
0.583478 0.391342 -0.711622
0.354881 0.374264 -0.856730
0.583478 0.391342 -0.711622
0.639494 0.461186 -0.615105
0.583478 0.391342 -0.711622
0.354881 0.374264 -0.856730
-0.000033 0.175363 -0.984504
-0.000033 0.175363 -0.984504
-0.354859 0.374395 -0.856681
-0.583545 0.391156 -0.711669
-0.639213 0.461583 -0.615100
-0.583545 0.391156 -0.711669
-0.354859 0.374395 -0.856681
-0.583545 0.391156 -0.711669
-0.639213 0.461583 -0.615100
-0.837212 0.546878 0.000002
-0.850214 0.526437 0.000002
-0.837212 0.546878 0.000002
-0.639213 0.461583 -0.615100
0.523740 -0.851878 0.000000
0.523740 -0.851878 0.000000
0.523740 -0.851878 0.000000
0.523740 -0.851878 0.000000
0.523740 -0.851878 0.000000
0.523740 -0.851878 0.000000
-0.523444 -0.852060 0.000000
-0.523444 -0.852060 0.000000
-0.523444 -0.852060 0.000000
-0.523444 -0.852060 0.000000
-0.523444 -0.852060 0.000000
-0.523444 -0.852060 0.000000
-0.850214 0.526437 0.000002
-0.982088 0.188421 0.000002
-0.639211 0.461583 0.615102
-0.721699 0.138463 0.678217
-0.639211 0.461583 0.615102
-0.982088 0.188421 0.000002
-0.639211 0.461583 0.615102
-0.381666 0.073225 0.921395
-0.354857 0.374393 0.856684
-0.381666 0.073225 0.921395
-0.639211 0.461583 0.615102
-0.721699 0.138463 0.678217
0.354872 0.374256 0.856737
0.381675 0.072523 0.921447
0.639490 0.461184 0.615111
0.639490 0.461184 0.615111
0.381675 0.072523 0.921447
0.721643 0.137120 0.678549
0.721643 0.137120 0.678549
0.850619 0.525783 0.000002
0.639490 0.461184 0.615111
0.850619 0.525783 0.000002
0.721643 0.137120 0.678549
0.982422 0.186671 0.000002
0.982422 0.186671 0.000002
0.639494 0.461186 -0.615105
0.850619 0.525783 0.000002
0.639494 0.461186 -0.615105
0.982422 0.186671 0.000002
0.721649 0.137121 -0.678543
0.381686 0.072525 -0.921442
0.639494 0.461186 -0.615105
0.721649 0.137121 -0.678543
0.639494 0.461186 -0.615105
0.381686 0.072525 -0.921442
0.354881 0.374264 -0.856730
-0.354859 0.374395 -0.856681
-0.381666 0.073225 -0.921395
-0.639213 0.461583 -0.615100
-0.721701 0.138464 -0.678215
-0.639213 0.461583 -0.615100
-0.381666 0.073225 -0.921395
-0.639213 0.461583 -0.615100
-0.721701 0.138464 -0.678215
-0.850214 0.526437 0.000002
-0.982088 0.188421 0.000002
-0.850214 0.526437 0.000002
-0.721701 0.138464 -0.678215
0.982088 -0.188421 0.000000
0.982088 -0.188421 0.000000
0.982088 -0.188421 0.000000
0.982088 -0.188421 0.000000
0.982088 -0.188421 0.000000
0.982088 -0.188421 0.000000
-0.982422 -0.186671 0.000000
-0.982422 -0.186671 0.000000
-0.982422 -0.186671 0.000000
-0.982422 -0.186671 0.000000
-0.982422 -0.186671 0.000000
-0.982422 -0.186671 0.000000
0.000000 -1.000000 0.000000
0.000000 -1.000000 0.000000
0.000000 -1.000000 0.000000
0.000000 -1.000000 0.000000
0.000000 -1.000000 0.000000
0.000000 -1.000000 0.000000
0.000000 -1.000000 0.000000
0.000000 -1.000000 0.000000
0.000000 -1.000000 0.000000
0.000000 -1.000000 0.000000
0.000000 -1.000000 0.000000
0.000000 -1.000000 0.000000
0.000000 -1.000000 0.000000
0.000000 -1.000000 0.000000
0.000000 -1.000000 0.000000
0.000000 -1.000000 0.000000
0.000000 -1.000000 0.000000
0.000000 -1.000000 0.000000
-0.923253 0.147023 0.354947
-0.616621 -0.000000 0.787260
-0.616620 0.301270 0.727335
-0.616621 -0.000000 0.787260
-0.923253 0.147023 0.354947
-0.923253 -0.000001 0.384191
-0.616620 0.556677 0.556678
-0.923253 0.147023 0.354947
-0.616620 0.301270 0.727335
-0.923253 0.147023 0.354947
-0.616620 0.556677 0.556678
-0.923253 0.271664 0.271665
-0.923253 0.271664 0.271665
-0.616621 0.727334 0.301271
-0.923253 0.354947 0.147023
-0.616621 0.727334 0.301271
-0.923253 0.271664 0.271665
-0.616620 0.556677 0.556678
-0.923253 0.354947 0.147023
-0.616621 0.787260 -0.000000
-0.923253 0.384192 -0.000000
-0.616621 0.787260 -0.000000
-0.923253 0.354947 0.147023
-0.616621 0.727334 0.301271
-0.616621 0.727333 -0.301272
-0.923253 0.354947 -0.147024
-0.616621 0.787260 -0.000000
-0.616621 0.787260 -0.000000
-0.923253 0.354947 -0.147024
-0.923253 0.384192 -0.000000
-0.923253 0.271665 -0.271665
-0.616621 0.727333 -0.301272
-0.616622 0.556676 -0.556677
-0.616621 0.727333 -0.301272
-0.923253 0.271665 -0.271665
-0.923253 0.354947 -0.147024
-0.616621 0.301272 -0.727333
-0.923253 0.271665 -0.271665
-0.616622 0.556676 -0.556677
-0.923253 0.271665 -0.271665
-0.616621 0.301272 -0.727333
-0.923253 0.147024 -0.354947
-0.616621 0.301272 -0.727333
-0.923253 0.000000 -0.384192
-0.923253 0.147024 -0.354947
-0.923253 0.000000 -0.384192
-0.616621 0.301272 -0.727333
-0.616622 0.000001 -0.787260
-0.923253 0.000000 -0.384192
-0.616623 -0.301270 -0.727333
-0.923253 -0.147024 -0.354947
-0.616623 -0.301270 -0.727333
-0.923253 0.000000 -0.384192
-0.616622 0.000001 -0.787260
-0.923253 -0.147024 -0.354947
-0.616623 -0.301270 -0.727333
-0.923253 -0.271664 -0.271665
-0.616623 -0.301270 -0.727333
-0.616622 -0.556676 -0.556677
-0.923253 -0.271664 -0.271665
-0.616621 -0.727334 -0.301272
-0.923253 -0.271664 -0.271665
-0.616622 -0.556676 -0.556677
-0.923253 -0.271664 -0.271665
-0.616621 -0.727334 -0.301272
-0.923253 -0.354947 -0.147024
-0.616621 -0.787260 -0.000000
-0.923253 -0.354947 -0.147024
-0.616621 -0.727334 -0.301272
-0.923253 -0.354947 -0.147024
-0.616621 -0.787260 -0.000000
-0.923253 -0.384192 -0.000000
-0.616621 -0.787260 -0.000000
-0.923253 -0.354948 0.147024
-0.923253 -0.384192 -0.000000
-0.923253 -0.354948 0.147024
-0.616621 -0.787260 -0.000000
-0.616621 -0.727334 0.301271
-0.923254 -0.271663 0.271665
-0.923253 -0.354948 0.147024
-0.616621 -0.727334 0.301271
-0.616621 -0.727334 0.301271
-0.616620 -0.556676 0.556678
-0.923254 -0.271663 0.271665
-0.923254 -0.271663 0.271665
-0.616621 -0.301269 0.727335
-0.923254 -0.147023 0.354946
-0.616621 -0.301269 0.727335
-0.923254 -0.271663 0.271665
-0.616620 -0.556676 0.556678
-0.616621 -0.000000 0.787260
-0.923253 -0.000001 0.384191
-0.616621 -0.301269 0.727335
-0.616621 -0.301269 0.727335
-0.923253 -0.000001 0.384191
-0.923254 -0.147023 0.354946
0.000000 0.382681 0.923881
-0.616620 0.301270 0.727335
-0.000000 -0.000000 1.000000
-0.616620 0.301270 0.727335
-0.616621 -0.000000 0.787260
-0.000000 -0.000000 1.000000
0.000000 0.707107 0.707106
-0.616620 0.556677 0.556678
0.000000 0.382681 0.923881
-0.616620 0.556677 0.556678
-0.616620 0.301270 0.727335
0.000000 0.382681 0.923881
-0.616620 0.556677 0.556678
0.000000 0.923880 0.382683
-0.616621 0.727334 0.301271
0.000000 0.923880 0.382683
-0.616620 0.556677 0.556678
0.000000 0.707107 0.707106
-0.616621 0.727334 0.301271
-0.000000 1.000000 -0.000000
-0.616621 0.787260 -0.000000
-0.000000 1.000000 -0.000000
-0.616621 0.727334 0.301271
0.000000 0.923880 0.382683
-0.000000 1.000000 -0.000000
-0.616621 0.727333 -0.301272
-0.616621 0.787260 -0.000000
-0.616621 0.727333 -0.301272
-0.000000 1.000000 -0.000000
0.000000 0.923879 -0.382684
0.000000 0.923879 -0.382684
-0.616622 0.556676 -0.556677
-0.616621 0.727333 -0.301272
-0.616622 0.556676 -0.556677
0.000000 0.923879 -0.382684
-0.000000 0.707105 -0.707108
0.000000 0.382684 -0.923879
-0.616622 0.556676 -0.556677
-0.000000 0.707105 -0.707108
-0.616622 0.556676 -0.556677
0.000000 0.382684 -0.923879
-0.616621 0.301272 -0.727333
-0.000000 0.000001 -1.000000
-0.616621 0.301272 -0.727333
0.000000 0.382684 -0.923879
-0.616621 0.301272 -0.727333
-0.000000 0.000001 -1.000000
-0.616622 0.000001 -0.787260
-0.000000 -0.382682 -0.923880
-0.616623 -0.301270 -0.727333
-0.000000 0.000001 -1.000000
-0.616623 -0.301270 -0.727333
-0.616622 0.000001 -0.787260
-0.000000 0.000001 -1.000000
0.000000 -0.707105 -0.707108
-0.616622 -0.556676 -0.556677
-0.000000 -0.382682 -0.923880
-0.616622 -0.556676 -0.556677
-0.616623 -0.301270 -0.727333
-0.000000 -0.382682 -0.923880
0.000000 -0.923880 -0.382683
-0.616622 -0.556676 -0.556677
0.000000 -0.707105 -0.707108
-0.616622 -0.556676 -0.556677
0.000000 -0.923880 -0.382683
-0.616621 -0.727334 -0.301272
0.000000 -1.000000 -0.000001
-0.616621 -0.727334 -0.301272
0.000000 -0.923880 -0.382683
-0.616621 -0.727334 -0.301272
0.000000 -1.000000 -0.000001
-0.616621 -0.787260 -0.000000
0.000000 -0.923880 0.382683
-0.616621 -0.727334 0.301271
0.000000 -1.000000 -0.000001
-0.616621 -0.727334 0.301271
-0.616621 -0.787260 -0.000000
0.000000 -1.000000 -0.000001
0.000000 -0.707107 0.707107
-0.616620 -0.556676 0.556678
0.000000 -0.923880 0.382683
-0.616620 -0.556676 0.556678
-0.616621 -0.727334 0.301271
0.000000 -0.923880 0.382683
-0.000000 -0.382681 0.923881
-0.616620 -0.556676 0.556678
0.000000 -0.707107 0.707107
-0.616620 -0.556676 0.556678
-0.000000 -0.382681 0.923881
-0.616621 -0.301269 0.727335
-0.000000 -0.000000 1.000000
-0.616621 -0.301269 0.727335
-0.000000 -0.382681 0.923881
-0.616621 -0.301269 0.727335
-0.000000 -0.000000 1.000000
-0.616621 -0.000000 0.787260
-0.469929 0.000003 -0.882704
-0.469929 0.000002 -0.882704
-0.469933 -0.337796 -0.815510
-0.469929 0.000002 -0.882704
-0.469933 -0.337796 -0.815510
-0.469933 -0.337796 -0.815510
-0.469933 -0.337796 -0.815510
-0.469933 -0.337796 -0.815510
-0.469935 -0.624164 -0.624164
-0.469933 -0.337796 -0.815510
-0.469935 -0.624163 -0.624164
-0.469935 -0.624164 -0.624164
-0.469935 -0.624164 -0.624164
-0.469935 -0.815509 -0.337795
-0.469935 -0.815510 -0.337795
-0.469935 -0.815509 -0.337795
-0.469935 -0.624164 -0.624164
-0.469935 -0.624163 -0.624164
-0.469935 -0.815510 -0.337795
-0.469933 -0.882702 0.000001
-0.469933 -0.882702 0.000001
-0.469933 -0.882702 0.000001
-0.469935 -0.815510 -0.337795
-0.469935 -0.815509 -0.337795
-0.469933 -0.882702 0.000001
-0.469933 -0.882702 0.000001
-0.469933 -0.815510 0.337796
-0.469933 -0.882702 0.000001
-0.469933 -0.815511 0.337795
-0.469933 -0.815510 0.337796
-0.469933 -0.815510 0.337796
-0.469933 -0.815511 0.337795
-0.469932 -0.624167 0.624163
-0.469933 -0.815511 0.337795
-0.469932 -0.624166 0.624164
-0.469932 -0.624167 0.624163
-0.469932 -0.624167 0.624163
-0.469932 -0.337795 0.815511
-0.469932 -0.337794 0.815512
-0.469932 -0.337795 0.815511
-0.469932 -0.624167 0.624163
-0.469932 -0.624166 0.624164
-0.469932 -0.337794 0.815512
-0.469931 0.000000 0.882703
-0.469931 0.000000 0.882703
-0.469931 0.000000 0.882703
-0.469932 -0.337794 0.815512
-0.469932 -0.337795 0.815511
-0.469931 0.000000 0.882703
-0.469931 0.000000 0.882703
-0.469932 0.337793 0.815512
-0.469931 0.000000 0.882703
-0.469932 0.337794 0.815511
-0.469932 0.337793 0.815512
-0.469932 0.337793 0.815512
-0.469932 0.337794 0.815511
-0.469932 0.624166 0.624164
-0.469932 0.337794 0.815511
-0.469932 0.624165 0.624165
-0.469932 0.624166 0.624164
-0.469932 0.815511 0.337796
-0.469932 0.624166 0.624164
-0.469932 0.624165 0.624165
-0.469932 0.624166 0.624164
-0.469932 0.815511 0.337796
-0.469933 0.815510 0.337797
-0.469934 0.882702 0.000001
-0.469933 0.815510 0.337797
-0.469932 0.815511 0.337796
-0.469933 0.815510 0.337797
-0.469934 0.882702 0.000001
-0.469934 0.882702 0.000001
-0.469936 0.815509 -0.337794
-0.469934 0.882702 0.000001
-0.469936 0.815509 -0.337795
-0.469934 0.882702 0.000001
-0.469936 0.815509 -0.337794
-0.469934 0.882702 0.000001
-0.469933 0.624162 -0.624167
-0.469936 0.815509 -0.337795
-0.469933 0.624162 -0.624167
-0.469936 0.815509 -0.337795
-0.469933 0.624162 -0.624167
-0.469936 0.815509 -0.337794
-0.469933 0.624162 -0.624167
-0.469928 0.337797 -0.815513
-0.469928 0.337796 -0.815513
-0.469928 0.337797 -0.815513
-0.469933 0.624162 -0.624167
-0.469933 0.624162 -0.624167
-0.469928 0.337796 -0.815513
-0.469929 0.000002 -0.882704
-0.469929 0.000003 -0.882704
-0.469929 0.000002 -0.882704
-0.469928 0.337796 -0.815513
-0.469928 0.337797 -0.815513
-1.000000 0.000003 0.000000
-1.000000 0.000003 0.000000
-1.000000 0.000003 0.000000
-1.000000 0.000001 0.000001
-1.000000 0.000001 0.000001
-1.000000 0.000001 0.000001
-1.000000 -0.000001 0.000003
-1.000000 -0.000001 0.000003
-1.000000 -0.000001 0.000003
-1.000000 0.000000 0.000000
-1.000000 0.000000 0.000000
-1.000000 0.000000 0.000000
-1.000000 0.000000 0.000000
-1.000000 0.000000 0.000000
-1.000000 0.000000 0.000000
-1.000000 0.000000 0.000000
-1.000000 0.000000 0.000000
-1.000000 0.000000 0.000000
-1.000000 0.000000 0.000000
-1.000000 0.000000 0.000000
-1.000000 0.000000 0.000000
-1.000000 0.000000 0.000000
-1.000000 0.000000 0.000000
-1.000000 0.000000 0.000000
-1.000000 0.000000 0.000000
-1.000000 0.000000 0.000000
-1.000000 0.000000 0.000000
-1.000000 0.000000 0.000000
-1.000000 0.000000 0.000000
-1.000000 0.000000 0.000000
-1.000000 -0.000002 0.000002
-1.000000 -0.000002 0.000002
-1.000000 -0.000002 0.000002
-1.000000 0.000000 -0.000003
-1.000000 0.000000 -0.000003
-1.000000 0.000000 -0.000003
-1.000000 0.000000 0.000000
-1.000000 0.000000 0.000000
-1.000000 0.000000 0.000000
-1.000000 0.000001 0.000003
-1.000000 0.000001 0.000003
-1.000000 0.000001 0.000003
-1.000000 -0.000001 0.000001
-1.000000 -0.000001 0.000001
-1.000000 -0.000001 0.000001
-1.000000 -0.000003 -0.000000
-1.000000 -0.000003 -0.000000
-1.000000 -0.000003 -0.000000
0.616620 0.301270 0.727335
0.616621 -0.000000 0.787260
0.923253 0.147023 0.354947
0.616621 -0.000000 0.787260
0.923253 -0.000001 0.384191
0.923253 0.147023 0.354947
0.616620 0.556677 0.556678
0.923253 0.147023 0.354947
0.923253 0.271664 0.271664
0.923253 0.147023 0.354947
0.616620 0.556677 0.556678
0.616620 0.301270 0.727335
0.616621 0.727334 0.301271
0.923253 0.271664 0.271664
0.923253 0.354947 0.147023
0.923253 0.271664 0.271664
0.616621 0.727334 0.301271
0.616620 0.556677 0.556678
0.923253 0.354947 0.147023
0.616621 0.787260 -0.000000
0.616621 0.727334 0.301271
0.616621 0.787260 -0.000000
0.923253 0.354947 0.147023
0.923253 0.384192 -0.000000
0.923253 0.354947 -0.147025
0.616621 0.787260 -0.000000
0.923253 0.384192 -0.000000
0.616621 0.787260 -0.000000
0.923253 0.354947 -0.147025
0.616621 0.727333 -0.301273
0.616621 0.556676 -0.556678
0.616621 0.727333 -0.301273
0.923252 0.271666 -0.271667
0.616621 0.727333 -0.301273
0.923253 0.354947 -0.147025
0.923252 0.271666 -0.271667
0.616620 0.301272 -0.727334
0.923252 0.271666 -0.271667
0.923252 0.147025 -0.354949
0.923252 0.271666 -0.271667
0.616620 0.301272 -0.727334
0.616621 0.556676 -0.556678
0.616620 0.301272 -0.727334
0.923252 0.000000 -0.384194
0.616621 0.000001 -0.787260
0.923252 0.000000 -0.384194
0.616620 0.301272 -0.727334
0.923252 0.147025 -0.354949
0.923252 0.000000 -0.384194
0.616622 -0.301270 -0.727334
0.616621 0.000001 -0.787260
0.616622 -0.301270 -0.727334
0.923252 0.000000 -0.384194
0.923252 -0.147024 -0.354949
0.923253 -0.271664 -0.271666
0.616622 -0.301270 -0.727334
0.923252 -0.147024 -0.354949
0.616622 -0.301270 -0.727334
0.923253 -0.271664 -0.271666
0.616622 -0.556676 -0.556678
0.616621 -0.727333 -0.301272
0.923253 -0.271664 -0.271666
0.923253 -0.354947 -0.147024
0.923253 -0.271664 -0.271666
0.616621 -0.727333 -0.301272
0.616622 -0.556676 -0.556678
0.616621 -0.787260 -0.000001
0.923253 -0.354947 -0.147024
0.923253 -0.384192 -0.000000
0.923253 -0.354947 -0.147024
0.616621 -0.787260 -0.000001
0.616621 -0.727333 -0.301272
0.616621 -0.787260 -0.000001
0.923253 -0.354947 0.147023
0.616621 -0.727334 0.301271
0.923253 -0.354947 0.147023
0.616621 -0.787260 -0.000001
0.923253 -0.384192 -0.000000
0.923254 -0.271663 0.271665
0.616621 -0.727334 0.301271
0.923253 -0.354947 0.147023
0.616621 -0.727334 0.301271
0.923254 -0.271663 0.271665
0.616620 -0.556676 0.556678
0.923254 -0.271663 0.271665
0.616621 -0.301269 0.727335
0.616620 -0.556676 0.556678
0.616621 -0.301269 0.727335
0.923254 -0.271663 0.271665
0.923254 -0.147023 0.354946
0.616621 -0.000000 0.787260
0.616621 -0.301269 0.727335
0.923253 -0.000001 0.384191
0.616621 -0.301269 0.727335
0.923254 -0.147023 0.354946
0.923253 -0.000001 0.384191
0.616620 0.301270 0.727335
0.000000 0.382681 0.923881
-0.000000 -0.000000 1.000000
0.616620 0.301270 0.727335
-0.000000 -0.000000 1.000000
0.616621 -0.000000 0.787260
0.616620 0.556677 0.556678
0.000000 0.707107 0.707106
0.000000 0.382681 0.923881
0.616620 0.556677 0.556678
0.000000 0.382681 0.923881
0.616620 0.301270 0.727335
0.616620 0.556677 0.556678
0.000000 0.923880 0.382683
0.000000 0.707107 0.707106
0.000000 0.923880 0.382683
0.616620 0.556677 0.556678
0.616621 0.727334 0.301271
0.616621 0.727334 0.301271
-0.000000 1.000000 -0.000000
0.000000 0.923880 0.382683
-0.000000 1.000000 -0.000000
0.616621 0.727334 0.301271
0.616621 0.787260 -0.000000
0.616621 0.787260 -0.000000
0.616621 0.727333 -0.301273
-0.000000 1.000000 -0.000000
-0.000000 1.000000 -0.000000
0.616621 0.727333 -0.301273
0.000000 0.923879 -0.382684
0.616621 0.727333 -0.301273
0.616621 0.556676 -0.556678
0.000000 0.923879 -0.382684
0.000000 0.923879 -0.382684
0.616621 0.556676 -0.556678
-0.000000 0.707105 -0.707108
0.000000 0.382684 -0.923879
0.616621 0.556676 -0.556678
0.616620 0.301272 -0.727334
0.616621 0.556676 -0.556678
0.000000 0.382684 -0.923879
-0.000000 0.707105 -0.707108
-0.000000 0.000001 -1.000000
0.616620 0.301272 -0.727334
0.616621 0.000001 -0.787260
0.616620 0.301272 -0.727334
-0.000000 0.000001 -1.000000
0.000000 0.382684 -0.923879
0.616622 -0.301270 -0.727334
-0.000000 -0.382682 -0.923880
-0.000000 0.000001 -1.000000
0.616622 -0.301270 -0.727334
-0.000000 0.000001 -1.000000
0.616621 0.000001 -0.787260
0.616622 -0.556676 -0.556678
0.000000 -0.707105 -0.707108
-0.000000 -0.382682 -0.923880
0.616622 -0.556676 -0.556678
-0.000000 -0.382682 -0.923880
0.616622 -0.301270 -0.727334
0.000000 -0.923880 -0.382683
0.616622 -0.556676 -0.556678
0.616621 -0.727333 -0.301272
0.616622 -0.556676 -0.556678
0.000000 -0.923880 -0.382683
0.000000 -0.707105 -0.707108
0.000000 -1.000000 -0.000001
0.616621 -0.727333 -0.301272
0.616621 -0.787260 -0.000001
0.616621 -0.727333 -0.301272
0.000000 -1.000000 -0.000001
0.000000 -0.923880 -0.382683
0.616621 -0.727334 0.301271
0.000000 -0.923880 0.382683
0.000000 -1.000000 -0.000001
0.616621 -0.727334 0.301271
0.000000 -1.000000 -0.000001
0.616621 -0.787260 -0.000001
0.616620 -0.556676 0.556678
0.000000 -0.707107 0.707107
0.000000 -0.923880 0.382683
0.616620 -0.556676 0.556678
0.000000 -0.923880 0.382683
0.616621 -0.727334 0.301271
-0.000000 -0.382681 0.923881
0.616620 -0.556676 0.556678
0.616621 -0.301269 0.727335
0.616620 -0.556676 0.556678
-0.000000 -0.382681 0.923881
0.000000 -0.707107 0.707107
-0.000000 -0.000000 1.000000
0.616621 -0.301269 0.727335
0.616621 -0.000000 0.787260
0.616621 -0.301269 0.727335
-0.000000 -0.000000 1.000000
-0.000000 -0.382681 0.923881
0.469929 0.000003 -0.882704
0.469933 -0.337796 -0.815510
0.469929 0.000002 -0.882704
0.469929 0.000002 -0.882704
0.469933 -0.337796 -0.815510
0.469933 -0.337796 -0.815510
0.469933 -0.337796 -0.815510
0.469935 -0.624164 -0.624164
0.469933 -0.337796 -0.815510
0.469933 -0.337796 -0.815510
0.469935 -0.624164 -0.624164
0.469935 -0.624163 -0.624164
0.469935 -0.624164 -0.624164
0.469935 -0.815509 -0.337795
0.469935 -0.624163 -0.624164
0.469935 -0.815509 -0.337795
0.469935 -0.624164 -0.624164
0.469935 -0.815510 -0.337795
0.469935 -0.815510 -0.337795
0.469933 -0.882702 0.000001
0.469935 -0.815509 -0.337795
0.469933 -0.882702 0.000001
0.469935 -0.815510 -0.337795
0.469933 -0.882702 0.000001
0.469933 -0.882702 0.000001
0.469933 -0.815510 0.337796
0.469933 -0.882702 0.000001
0.469933 -0.882702 0.000001
0.469933 -0.815510 0.337796
0.469933 -0.815511 0.337795
0.469933 -0.815510 0.337796
0.469932 -0.624167 0.624163
0.469933 -0.815511 0.337795
0.469933 -0.815511 0.337795
0.469932 -0.624167 0.624163
0.469932 -0.624166 0.624164
0.469932 -0.624167 0.624163
0.469932 -0.337795 0.815511
0.469932 -0.624166 0.624164
0.469932 -0.337795 0.815511
0.469932 -0.624167 0.624163
0.469932 -0.337794 0.815512
0.469932 -0.337794 0.815512
0.469931 0.000000 0.882703
0.469932 -0.337795 0.815511
0.469931 0.000000 0.882703
0.469932 -0.337794 0.815512
0.469931 0.000000 0.882703
0.469931 0.000000 0.882703
0.469932 0.337793 0.815512
0.469931 0.000000 0.882703
0.469931 0.000000 0.882703
0.469932 0.337793 0.815512
0.469932 0.337794 0.815511
0.469932 0.337793 0.815512
0.469932 0.624166 0.624164
0.469932 0.337794 0.815511
0.469932 0.337794 0.815511
0.469932 0.624166 0.624164
0.469932 0.624165 0.624165
0.469932 0.815511 0.337795
0.469932 0.624166 0.624164
0.469932 0.815511 0.337796
0.469932 0.624166 0.624164
0.469932 0.815511 0.337795
0.469932 0.624165 0.624165
0.469933 0.882702 0.000000
0.469932 0.815511 0.337796
0.469933 0.882702 0.000001
0.469932 0.815511 0.337796
0.469933 0.882702 0.000000
0.469932 0.815511 0.337795
0.469934 0.815510 -0.337794
0.469934 0.815510 -0.337795
0.469933 0.882702 0.000000
0.469934 0.815510 -0.337794
0.469933 0.882702 0.000000
0.469933 0.882702 0.000001
0.469933 0.624163 -0.624167
0.469933 0.624163 -0.624167
0.469934 0.815510 -0.337795
0.469933 0.624163 -0.624167
0.469934 0.815510 -0.337795
0.469934 0.815510 -0.337794
0.469933 0.624163 -0.624167
0.469928 0.337797 -0.815513
0.469933 0.624163 -0.624167
0.469928 0.337797 -0.815513
0.469933 0.624163 -0.624167
0.469928 0.337796 -0.815513
0.469928 0.337796 -0.815513
0.469929 0.000002 -0.882704
0.469928 0.337797 -0.815513
0.469929 0.000002 -0.882704
0.469928 0.337796 -0.815513
0.469929 0.000003 -0.882704
1.000000 0.000003 0.000000
1.000000 0.000003 0.000000
1.000000 0.000003 0.000000
1.000000 0.000001 0.000001
1.000000 0.000001 0.000001
1.000000 0.000001 0.000001
1.000000 -0.000001 0.000003
1.000000 -0.000001 0.000003
1.000000 -0.000001 0.000003
1.000000 0.000000 0.000000
1.000000 0.000000 0.000000
1.000000 0.000000 0.000000
1.000000 0.000000 0.000000
1.000000 0.000000 0.000000
1.000000 0.000000 0.000000
1.000000 0.000000 0.000000
1.000000 0.000000 0.000000
1.000000 0.000000 0.000000
1.000000 0.000000 0.000000
1.000000 0.000000 0.000000
1.000000 0.000000 0.000000
1.000000 0.000000 0.000000
1.000000 0.000000 0.000000
1.000000 0.000000 0.000000
1.000000 0.000000 0.000000
1.000000 0.000000 0.000000
1.000000 0.000000 0.000000
1.000000 0.000000 0.000000
1.000000 0.000000 0.000000
1.000000 0.000000 0.000000
1.000000 -0.000002 0.000002
1.000000 -0.000002 0.000002
1.000000 -0.000002 0.000002
1.000000 0.000000 -0.000003
1.000000 0.000000 -0.000003
1.000000 0.000000 -0.000003
1.000000 0.000000 0.000000
1.000000 0.000000 0.000000
1.000000 0.000000 0.000000
1.000000 0.000001 0.000003
1.000000 0.000001 0.000003
1.000000 0.000001 0.000003
1.000000 -0.000001 0.000001
1.000000 -0.000001 0.000001
1.000000 -0.000001 0.000001
1.000000 -0.000003 -0.000000
1.000000 -0.000003 -0.000000
1.000000 -0.000003 -0.000000
-0.158218 0.896045 0.414815
-0.543146 0.801181 -0.251199
-0.535572 0.741092 0.404902
-0.543146 0.801181 -0.251199
-0.158218 0.896045 0.414815
-0.168200 0.952577 -0.253585
-0.168200 0.952577 -0.253585
-0.087014 0.492790 -0.865787
-0.543146 0.801181 -0.251199
-0.543146 0.801181 -0.251199
-0.087014 0.492790 -0.865787
-0.552401 0.326041 -0.767171
-0.535572 0.741092 0.404902
-0.011224 0.063575 0.997914
-0.158218 0.896045 0.414815
-0.011224 0.063575 0.997914
-0.535572 0.741092 0.404902
-0.476565 -0.047512 0.877854
-0.476565 -0.047512 0.877854
0.155465 -0.880450 0.447928
-0.011224 0.063575 0.997914
0.155465 -0.880450 0.447928
-0.476565 -0.047512 0.877854
-0.366925 -0.825507 0.428840
-0.366925 -0.825507 0.428840
-0.429505 -0.851330 -0.301268
0.155465 -0.880450 0.447928
0.155465 -0.880450 0.447928
-0.429505 -0.851330 -0.301268
0.165577 -0.937724 -0.305383
0.165577 -0.937724 -0.305383
-0.429505 -0.851330 -0.301268
-0.502590 -0.452248 -0.736801
0.165577 -0.937724 -0.305383
-0.502590 -0.452248 -0.736801
0.083049 -0.470337 -0.878570
-0.552401 0.326041 -0.767171
-0.087014 0.492790 -0.865787
0.083049 -0.470337 -0.878570
0.083049 -0.470337 -0.878570
-0.502590 -0.452248 -0.736801
-0.552401 0.326041 -0.767171
-0.535572 0.741092 0.404902
-0.543146 0.801181 -0.251199
-0.481159 0.858232 -0.178670
-0.535572 0.741092 0.404902
-0.481159 0.858232 -0.178670
-0.542000 0.788043 0.291932
-0.552401 0.326041 -0.767171
-0.700519 0.383830 -0.601621
-0.543146 0.801181 -0.251199
-0.543146 0.801181 -0.251199
-0.700519 0.383830 -0.601621
-0.481159 0.858232 -0.178670
-0.702735 -0.027672 0.710913
-0.535572 0.741092 0.404902
-0.542000 0.788043 0.291932
-0.535572 0.741092 0.404902
-0.702735 -0.027672 0.710913
-0.476565 -0.047512 0.877854
-0.476565 -0.047512 0.877854
-0.702735 -0.027672 0.710913
-0.366925 -0.825507 0.428840
-0.435356 -0.853377 0.286728
-0.366925 -0.825507 0.428840
-0.702735 -0.027672 0.710913
-0.429505 -0.851330 -0.301268
-0.366925 -0.825507 0.428840
-0.392069 -0.902682 -0.177332
-0.392069 -0.902682 -0.177332
-0.366925 -0.825507 0.428840
-0.435356 -0.853377 0.286728
-0.429505 -0.851330 -0.301268
-0.686523 -0.399384 -0.607600
-0.502590 -0.452248 -0.736801
-0.686523 -0.399384 -0.607600
-0.429505 -0.851330 -0.301268
-0.392069 -0.902682 -0.177332
-0.700519 0.383830 -0.601621
-0.502590 -0.452248 -0.736801
-0.686523 -0.399384 -0.607600
-0.502590 -0.452248 -0.736801
-0.700519 0.383830 -0.601621
-0.552401 0.326041 -0.767171
-0.248385 0.933428 -0.258875
-0.255062 0.863715 0.434672
-0.542000 0.788043 0.291932
-0.542000 0.788043 0.291932
-0.481159 0.858232 -0.178670
-0.248385 0.933428 -0.258875
-0.248385 0.933428 -0.258875
-0.700519 0.383830 -0.601621
-0.215058 0.445532 -0.869052
-0.700519 0.383830 -0.601621
-0.248385 0.933428 -0.258875
-0.481159 0.858232 -0.178670
-0.255062 0.863715 0.434672
-0.702735 -0.027672 0.710913
-0.542000 0.788043 0.291932
-0.702735 -0.027672 0.710913
-0.255062 0.863715 0.434672
-0.173408 0.036738 0.984165
-0.702735 -0.027672 0.710913
0.100131 -0.866930 0.488268
-0.435356 -0.853377 0.286728
0.100131 -0.866930 0.488268
-0.702735 -0.027672 0.710913
-0.173408 0.036738 0.984165
-0.435356 -0.853377 0.286728
0.146253 -0.930752 -0.335128
-0.392069 -0.902682 -0.177332
0.146253 -0.930752 -0.335128
-0.435356 -0.853377 0.286728
0.100131 -0.866930 0.488268
0.146253 -0.930752 -0.335128
-0.686523 -0.399384 -0.607600
-0.392069 -0.902682 -0.177332
-0.686523 -0.399384 -0.607600
0.146253 -0.930752 -0.335128
-0.058568 -0.476160 -0.877406
-0.686523 -0.399384 -0.607600
-0.215058 0.445532 -0.869052
-0.700519 0.383830 -0.601621
-0.215058 0.445532 -0.869052
-0.686523 -0.399384 -0.607600
-0.058568 -0.476160 -0.877406
-0.615388 0.677055 0.403601
-0.248385 0.933428 -0.258875
-0.629178 0.730264 -0.266174
-0.248385 0.933428 -0.258875
-0.615388 0.677055 0.403601
-0.255062 0.863715 0.434672
-0.629178 0.730264 -0.266174
-0.248385 0.933428 -0.258875
-0.443522 0.314258 -0.839363
-0.248385 0.933428 -0.258875
-0.215058 0.445532 -0.869052
-0.443522 0.314258 -0.839363
-0.615388 0.677055 0.403601
-0.173408 0.036738 0.984165
-0.255062 0.863715 0.434672
-0.211484 -0.038122 0.976638
-0.173408 0.036738 0.984165
-0.615388 0.677055 0.403601
-0.211484 -0.038122 0.976638
0.100131 -0.866930 0.488268
-0.173408 0.036738 0.984165
-0.211484 -0.038122 0.976638
0.451140 -0.777862 0.437497
0.100131 -0.866930 0.488268
0.451140 -0.777862 0.437497
0.146253 -0.930752 -0.335128
0.100131 -0.866930 0.488268
0.146253 -0.930752 -0.335128
0.451140 -0.777862 0.437497
0.494681 -0.811561 -0.310900
0.146253 -0.930752 -0.335128
0.076738 -0.480948 -0.873385
-0.058568 -0.476160 -0.877406
0.076738 -0.480948 -0.873385
0.146253 -0.930752 -0.335128
0.494681 -0.811561 -0.310900
-0.058568 -0.476160 -0.877406
-0.443522 0.314258 -0.839363
-0.215058 0.445532 -0.869052
-0.443522 0.314258 -0.839363
-0.058568 -0.476160 -0.877406
0.076738 -0.480948 -0.873385
-0.629178 0.730264 -0.266174
-0.743204 0.604207 -0.287369
-0.615388 0.677055 0.403601
-0.690590 0.551317 0.468119
-0.615388 0.677055 0.403601
-0.743204 0.604207 -0.287369
-0.743204 0.604207 -0.287369
-0.629178 0.730264 -0.266174
-0.443522 0.314258 -0.839363
-0.443522 0.314258 -0.839363
-0.402403 0.181105 -0.897370
-0.743204 0.604207 -0.287369
-0.615388 0.677055 0.403601
-0.690590 0.551317 0.468119
-0.211484 -0.038122 0.976638
-0.020693 -0.097533 0.995017
-0.211484 -0.038122 0.976638
-0.690590 0.551317 0.468119
0.451140 -0.777862 0.437497
-0.020693 -0.097533 0.995017
0.637234 -0.636517 0.434487
-0.020693 -0.097533 0.995017
0.451140 -0.777862 0.437497
-0.211484 -0.038122 0.976638
0.451140 -0.777862 0.437497
0.667905 -0.681885 -0.298222
0.494681 -0.811561 -0.310900
0.667905 -0.681885 -0.298222
0.451140 -0.777862 0.437497
0.637234 -0.636517 0.434487
0.494681 -0.811561 -0.310900
0.274478 -0.435386 -0.857380
0.076738 -0.480948 -0.873385
0.274478 -0.435386 -0.857380
0.494681 -0.811561 -0.310900
0.667905 -0.681885 -0.298222
0.076738 -0.480948 -0.873385
-0.402403 0.181105 -0.897370
-0.443522 0.314258 -0.839363
-0.402403 0.181105 -0.897370
0.076738 -0.480948 -0.873385
0.274478 -0.435386 -0.857380
0.000000 0.382683 0.923880
0.000000 0.000000 1.000000
0.640902 0.293757 0.709191
0.640902 0.293757 0.709191
0.000000 0.000000 1.000000
0.640902 0.000000 0.767623
0.000000 0.707107 0.707107
0.000000 0.382683 0.923880
0.640901 0.542792 0.542791
0.640901 0.542792 0.542791
0.000000 0.382683 0.923880
0.640902 0.293757 0.709191
0.640901 0.542792 0.542791
-0.000000 0.923880 0.382683
0.000000 0.707107 0.707107
-0.000000 0.923880 0.382683
0.640901 0.542792 0.542791
0.640901 0.709192 0.293757
0.640901 0.709192 0.293757
-0.000000 1.000000 0.000000
-0.000000 0.923880 0.382683
-0.000000 1.000000 0.000000
0.640901 0.709192 0.293757
0.640901 0.767623 0.000000
-0.000000 1.000000 0.000000
0.640901 0.767623 0.000000
0.640901 0.709192 -0.293757
-0.000000 1.000000 0.000000
0.640901 0.709192 -0.293757
-0.000000 0.923879 -0.382684
-0.000000 0.923879 -0.382684
0.640901 0.709192 -0.293757
0.640901 0.542792 -0.542792
-0.000000 0.923879 -0.382684
0.640901 0.542792 -0.542792
-0.000000 0.707107 -0.707107
-0.000000 0.382683 -0.923880
0.640901 0.542792 -0.542792
0.640901 0.293757 -0.709191
0.640901 0.542792 -0.542792
-0.000000 0.382683 -0.923880
-0.000000 0.707107 -0.707107
-0.000000 0.000000 -1.000000
0.640901 0.293757 -0.709191
0.640901 -0.000000 -0.767623
0.640901 0.293757 -0.709191
-0.000000 0.000000 -1.000000
-0.000000 0.382683 -0.923880
0.000000 -0.382683 -0.923880
-0.000000 0.000000 -1.000000
0.640901 -0.293756 -0.709192
0.640901 -0.293756 -0.709192
-0.000000 0.000000 -1.000000
0.640901 -0.000000 -0.767623
0.000000 -0.707107 -0.707107
0.000000 -0.382683 -0.923880
0.640901 -0.542791 -0.542792
0.640901 -0.542791 -0.542792
0.000000 -0.382683 -0.923880
0.640901 -0.293756 -0.709192
-0.000000 -0.923880 -0.382683
0.640901 -0.542791 -0.542792
0.640901 -0.709191 -0.293757
0.640901 -0.542791 -0.542792
-0.000000 -0.923880 -0.382683
0.000000 -0.707107 -0.707107
0.000000 -1.000000 -0.000000
0.640901 -0.709191 -0.293757
0.640901 -0.767623 -0.000000
0.640901 -0.709191 -0.293757
0.000000 -1.000000 -0.000000
-0.000000 -0.923880 -0.382683
0.000000 -0.923879 0.382684
0.000000 -1.000000 -0.000000
0.640902 -0.709191 0.293756
0.640902 -0.709191 0.293756
0.000000 -1.000000 -0.000000
0.640901 -0.767623 -0.000000
0.000000 -0.707106 0.707107
0.000000 -0.923879 0.382684
0.640901 -0.542791 0.542792
0.640901 -0.542791 0.542792
0.000000 -0.923879 0.382684
0.640902 -0.709191 0.293756
0.000000 -0.382683 0.923880
0.640901 -0.542791 0.542792
0.640901 -0.293756 0.709192
0.640901 -0.542791 0.542792
0.000000 -0.382683 0.923880
0.000000 -0.707106 0.707107
0.000000 0.000000 1.000000
0.640901 -0.293756 0.709192
0.640902 0.000000 0.767623
0.640901 -0.293756 0.709192
0.000000 0.000000 1.000000
0.000000 -0.382683 0.923880
0.640902 0.000000 0.767623
0.941912 0.000000 0.335860
0.640902 0.293757 0.709191
0.640902 0.293757 0.709191
0.941912 0.000000 0.335860
0.941912 0.128529 0.310294
0.941912 0.237489 0.237489
0.640901 0.542792 0.542791
0.941912 0.128529 0.310294
0.640901 0.542792 0.542791
0.640902 0.293757 0.709191
0.941912 0.128529 0.310294
0.941912 0.310295 0.128528
0.640901 0.542792 0.542791
0.941912 0.237489 0.237489
0.640901 0.542792 0.542791
0.941912 0.310295 0.128528
0.640901 0.709192 0.293757
0.941912 0.335861 0.000000
0.640901 0.709192 0.293757
0.941912 0.310295 0.128528
0.640901 0.709192 0.293757
0.941912 0.335861 0.000000
0.640901 0.767623 0.000000
0.640901 0.767623 0.000000
0.941912 0.310295 -0.128528
0.640901 0.709192 -0.293757
0.941912 0.310295 -0.128528
0.640901 0.767623 0.000000
0.941912 0.335861 0.000000
0.640901 0.709192 -0.293757
0.941912 0.310295 -0.128528
0.640901 0.542792 -0.542792
0.640901 0.542792 -0.542792
0.941912 0.310295 -0.128528
0.941912 0.237489 -0.237489
0.941912 0.128528 -0.310295
0.640901 0.293757 -0.709191
0.941912 0.237489 -0.237489
0.640901 0.293757 -0.709191
0.640901 0.542792 -0.542792
0.941912 0.237489 -0.237489
0.941912 0.000000 -0.335861
0.640901 -0.000000 -0.767623
0.941912 0.128528 -0.310295
0.640901 -0.000000 -0.767623
0.640901 0.293757 -0.709191
0.941912 0.128528 -0.310295
0.941912 -0.128528 -0.310295
0.640901 -0.000000 -0.767623
0.941912 0.000000 -0.335861
0.640901 -0.000000 -0.767623
0.941912 -0.128528 -0.310295
0.640901 -0.293756 -0.709192
0.640901 -0.293756 -0.709192
0.941912 -0.237489 -0.237489
0.640901 -0.542791 -0.542792
0.941912 -0.237489 -0.237489
0.640901 -0.293756 -0.709192
0.941912 -0.128528 -0.310295
0.941912 -0.237489 -0.237489
0.640901 -0.709191 -0.293757
0.640901 -0.542791 -0.542792
0.640901 -0.709191 -0.293757
0.941912 -0.237489 -0.237489
0.941912 -0.310295 -0.128528
0.640901 -0.709191 -0.293757
0.941912 -0.335860 -0.000000
0.640901 -0.767623 -0.000000
0.941912 -0.335860 -0.000000
0.640901 -0.709191 -0.293757
0.941912 -0.310295 -0.128528
0.941912 -0.310294 0.128528
0.640902 -0.709191 0.293756
0.941912 -0.335860 -0.000000
0.640902 -0.709191 0.293756
0.640901 -0.767623 -0.000000
0.941912 -0.335860 -0.000000
0.640901 -0.542791 0.542792
0.941912 -0.310294 0.128528
0.941912 -0.237489 0.237489
0.941912 -0.310294 0.128528
0.640901 -0.542791 0.542792
0.640902 -0.709191 0.293756
0.941912 -0.237489 0.237489
0.640901 -0.293756 0.709192
0.640901 -0.542791 0.542792
0.640901 -0.293756 0.709192
0.941912 -0.237489 0.237489
0.941912 -0.128528 0.310295
0.640901 -0.293756 0.709192
0.941912 0.000000 0.335860
0.640902 0.000000 0.767623
0.941912 0.000000 0.335860
0.640901 -0.293756 0.709192
0.941912 -0.128528 0.310295
-0.640901 0.293757 0.709192
-0.941912 -0.000000 0.335860
-0.640901 -0.000000 0.767624
-0.941912 -0.000000 0.335860
-0.640901 0.293757 0.709192
-0.941912 0.128528 0.310295
-0.941912 0.237489 0.237489
-0.640901 0.293757 0.709192
-0.640901 0.542792 0.542792
-0.640901 0.293757 0.709192
-0.941912 0.237489 0.237489
-0.941912 0.128528 0.310295
-0.941912 0.237489 0.237489
-0.640902 0.709191 0.293757
-0.941912 0.310294 0.128528
-0.640902 0.709191 0.293757
-0.941912 0.237489 0.237489
-0.640901 0.542792 0.542792
-0.941912 0.310294 0.128528
-0.640902 0.709191 0.293757
-0.941912 0.335859 0.000000
-0.640902 0.709191 0.293757
-0.640902 0.767623 0.000000
-0.941912 0.335859 0.000000
-0.640902 0.709191 -0.293757
-0.941912 0.335859 0.000000
-0.640902 0.767623 0.000000
-0.941912 0.335859 0.000000
-0.640902 0.709191 -0.293757
-0.941912 0.310294 -0.128528
-0.941912 0.237488 -0.237488
-0.640902 0.709191 -0.293757
-0.640902 0.542792 -0.542791
-0.640902 0.709191 -0.293757
-0.941912 0.237488 -0.237488
-0.941912 0.310294 -0.128528
-0.640902 0.293757 -0.709191
-0.941912 0.237488 -0.237488
-0.640902 0.542792 -0.542791
-0.941912 0.237488 -0.237488
-0.640902 0.293757 -0.709191
-0.941912 0.128528 -0.310294
-0.640902 0.293757 -0.709191
-0.941912 0.000000 -0.335859
-0.941912 0.128528 -0.310294
-0.941912 0.000000 -0.335859
-0.640902 0.293757 -0.709191
-0.640902 0.000000 -0.767623
-0.941912 0.000000 -0.335859
-0.640902 0.000000 -0.767623
-0.941912 -0.128528 -0.310294
-0.640902 0.000000 -0.767623
-0.640902 -0.293756 -0.709191
-0.941912 -0.128528 -0.310294
-0.941912 -0.128528 -0.310294
-0.640902 -0.293756 -0.709191
-0.941912 -0.237488 -0.237488
-0.640902 -0.293756 -0.709191
-0.640902 -0.542791 -0.542791
-0.941912 -0.237488 -0.237488
-0.640902 -0.709191 -0.293756
-0.941912 -0.310294 -0.128528
-0.640902 -0.542791 -0.542791
-0.640902 -0.542791 -0.542791
-0.941912 -0.310294 -0.128528
-0.941912 -0.237488 -0.237488
-0.941912 -0.335860 0.000000
-0.640902 -0.709191 -0.293756
-0.640901 -0.767623 0.000000
-0.640902 -0.709191 -0.293756
-0.941912 -0.335860 0.000000
-0.941912 -0.310294 -0.128528
-0.640901 -0.767623 0.000000
-0.941912 -0.310294 0.128528
-0.941912 -0.335860 0.000000
-0.941912 -0.310294 0.128528
-0.640901 -0.767623 0.000000
-0.640901 -0.709192 0.293757
-0.941912 -0.310294 0.128528
-0.640901 -0.542791 0.542792
-0.941912 -0.237489 0.237489
-0.640901 -0.542791 0.542792
-0.941912 -0.310294 0.128528
-0.640901 -0.709192 0.293757
-0.941912 -0.237489 0.237489
-0.640901 -0.293757 0.709192
-0.941912 -0.128528 0.310295
-0.640901 -0.293757 0.709192
-0.941912 -0.237489 0.237489
-0.640901 -0.542791 0.542792
-0.640901 -0.000000 0.767624
-0.941912 -0.000000 0.335860
-0.640901 -0.293757 0.709192
-0.640901 -0.293757 0.709192
-0.941912 -0.000000 0.335860
-0.941912 -0.128528 0.310295
0.000000 0.382683 0.923880
-0.640901 0.293757 0.709192
0.000000 0.000000 1.000000
-0.640901 0.293757 0.709192
-0.640901 -0.000000 0.767624
0.000000 0.000000 1.000000
0.000000 0.707107 0.707107
-0.640901 0.542792 0.542792
0.000000 0.382683 0.923880
-0.640901 0.542792 0.542792
-0.640901 0.293757 0.709192
0.000000 0.382683 0.923880
-0.640901 0.542792 0.542792
-0.000000 0.923880 0.382683
-0.640902 0.709191 0.293757
-0.000000 0.923880 0.382683
-0.640901 0.542792 0.542792
0.000000 0.707107 0.707107
-0.640902 0.709191 0.293757
-0.000000 1.000000 0.000000
-0.640902 0.767623 0.000000
-0.000000 1.000000 0.000000
-0.640902 0.709191 0.293757
-0.000000 0.923880 0.382683
-0.000000 1.000000 0.000000
-0.640902 0.709191 -0.293757
-0.640902 0.767623 0.000000
-0.640902 0.709191 -0.293757
-0.000000 1.000000 0.000000
-0.000000 0.923879 -0.382684
-0.000000 0.923879 -0.382684
-0.640902 0.542792 -0.542791
-0.640902 0.709191 -0.293757
-0.640902 0.542792 -0.542791
-0.000000 0.923879 -0.382684
-0.000000 0.707107 -0.707107
-0.000000 0.382683 -0.923880
-0.640902 0.542792 -0.542791
-0.000000 0.707107 -0.707107
-0.640902 0.542792 -0.542791
-0.000000 0.382683 -0.923880
-0.640902 0.293757 -0.709191
-0.000000 0.000000 -1.000000
-0.640902 0.293757 -0.709191
-0.000000 0.382683 -0.923880
-0.640902 0.293757 -0.709191
-0.000000 0.000000 -1.000000
-0.640902 0.000000 -0.767623
0.000000 -0.382683 -0.923880
-0.640902 -0.293756 -0.709191
-0.000000 0.000000 -1.000000
-0.640902 -0.293756 -0.709191
-0.640902 0.000000 -0.767623
-0.000000 0.000000 -1.000000
0.000000 -0.707107 -0.707107
-0.640902 -0.542791 -0.542791
0.000000 -0.382683 -0.923880
-0.640902 -0.542791 -0.542791
-0.640902 -0.293756 -0.709191
0.000000 -0.382683 -0.923880
-0.000000 -0.923880 -0.382683
-0.640902 -0.542791 -0.542791
0.000000 -0.707107 -0.707107
-0.640902 -0.542791 -0.542791
-0.000000 -0.923880 -0.382683
-0.640902 -0.709191 -0.293756
0.000000 -1.000000 -0.000000
-0.640902 -0.709191 -0.293756
-0.000000 -0.923880 -0.382683
-0.640902 -0.709191 -0.293756
0.000000 -1.000000 -0.000000
-0.640901 -0.767623 0.000000
0.000000 -0.923879 0.382684
-0.640901 -0.709192 0.293757
0.000000 -1.000000 -0.000000
-0.640901 -0.709192 0.293757
-0.640901 -0.767623 0.000000
0.000000 -1.000000 -0.000000
0.000000 -0.707106 0.707107
-0.640901 -0.542791 0.542792
0.000000 -0.923879 0.382684
-0.640901 -0.542791 0.542792
-0.640901 -0.709192 0.293757
0.000000 -0.923879 0.382684
0.000000 -0.382683 0.923880
-0.640901 -0.542791 0.542792
0.000000 -0.707106 0.707107
-0.640901 -0.542791 0.542792
0.000000 -0.382683 0.923880
-0.640901 -0.293757 0.709192
0.000000 0.000000 1.000000
-0.640901 -0.293757 0.709192
0.000000 -0.382683 0.923880
-0.640901 -0.293757 0.709192
0.000000 0.000000 1.000000
-0.640901 -0.000000 0.767624
1.000000 0.000001 -0.000000
1.000000 0.000001 -0.000001
1.000000 0.000000 -0.000000
1.000000 0.000000 0.000000
1.000000 0.000001 -0.000000
1.000000 0.000000 -0.000000
1.000000 0.000000 0.000000
1.000000 0.000000 0.000000
1.000000 0.000000 -0.000000
1.000000 0.000000 0.000000
1.000000 0.000000 0.000000
1.000000 0.000000 -0.000000
1.000000 0.000000 0.000000
1.000000 0.000000 0.000000
1.000000 0.000000 -0.000000
1.000000 0.000000 0.000000
1.000000 0.000000 0.000000
1.000000 0.000000 -0.000000
1.000000 0.000000 0.000000
1.000000 0.000000 0.000000
1.000000 0.000000 -0.000000
1.000000 0.000000 0.000000
1.000000 0.000000 0.000000
1.000000 0.000000 -0.000000
1.000000 0.000000 0.000000
1.000000 0.000000 0.000000
1.000000 0.000000 -0.000000
1.000000 0.000000 0.000000
1.000000 0.000000 0.000000
1.000000 0.000000 -0.000000
1.000000 0.000000 0.000000
1.000000 0.000000 0.000000
1.000000 0.000000 -0.000000
1.000000 0.000000 0.000000
1.000000 0.000000 0.000000
1.000000 0.000000 -0.000000
1.000000 -0.000000 -0.000001
1.000000 0.000000 0.000000
1.000000 0.000000 -0.000000
1.000000 -0.000000 -0.000001
1.000000 -0.000000 -0.000001
1.000000 0.000000 -0.000000
1.000000 0.000000 -0.000001
1.000000 -0.000000 -0.000001
1.000000 0.000000 -0.000000
1.000000 0.000001 -0.000001
1.000000 0.000000 -0.000001
1.000000 0.000000 -0.000000
-0.527736 -0.000000 -0.849408
-0.527736 -0.000000 -0.849408
-0.527737 -0.325055 -0.784750
-0.527736 -0.000000 -0.849408
-0.527737 -0.325055 -0.784751
-0.527737 -0.325055 -0.784750
-0.527737 -0.325055 -0.784750
-0.527737 -0.325055 -0.784751
-0.527737 -0.600622 -0.600622
-0.527737 -0.325055 -0.784751
-0.527737 -0.600622 -0.600622
-0.527737 -0.600622 -0.600622
-0.527737 -0.600622 -0.600622
-0.527736 -0.784751 -0.325055
-0.527736 -0.784751 -0.325054
-0.527736 -0.784751 -0.325055
-0.527737 -0.600622 -0.600622
-0.527737 -0.600622 -0.600622
-0.527736 -0.784751 -0.325054
-0.527735 -0.849409 0.000000
-0.527735 -0.849409 0.000000
-0.527735 -0.849409 0.000000
-0.527736 -0.784751 -0.325054
-0.527736 -0.784751 -0.325055
-0.527735 -0.849409 0.000000
-0.527735 -0.849409 0.000000
-0.527736 -0.784751 0.325055
-0.527735 -0.849409 0.000000
-0.527736 -0.784751 0.325055
-0.527736 -0.784751 0.325055
-0.527736 -0.784751 0.325055
-0.527736 -0.784751 0.325055
-0.527736 -0.600622 0.600622
-0.527736 -0.784751 0.325055
-0.527736 -0.600622 0.600622
-0.527736 -0.600622 0.600622
-0.527736 -0.600622 0.600622
-0.527737 -0.325054 0.784751
-0.527737 -0.325055 0.784751
-0.527737 -0.325054 0.784751
-0.527736 -0.600622 0.600622
-0.527736 -0.600622 0.600622
-0.527737 -0.325055 0.784751
-0.527737 -0.000000 0.849408
-0.527737 -0.000000 0.849408
-0.527737 -0.000000 0.849408
-0.527737 -0.325055 0.784751
-0.527737 -0.325054 0.784751
-0.527737 -0.000000 0.849408
-0.527737 -0.000000 0.849408
-0.527737 0.325054 0.784751
-0.527737 -0.000000 0.849408
-0.527737 0.325054 0.784751
-0.527737 0.325054 0.784751
-0.527737 0.325054 0.784751
-0.527737 0.325054 0.784751
-0.527736 0.600622 0.600623
-0.527737 0.325054 0.784751
-0.527736 0.600622 0.600623
-0.527736 0.600622 0.600623
-0.527736 0.784751 0.325055
-0.527736 0.600622 0.600623
-0.527736 0.600622 0.600623
-0.527736 0.600622 0.600623
-0.527736 0.784751 0.325055
-0.527736 0.784751 0.325055
-0.527736 0.849408 0.000000
-0.527736 0.784751 0.325055
-0.527736 0.784751 0.325055
-0.527736 0.784751 0.325055
-0.527736 0.849408 0.000000
-0.527736 0.849408 0.000000
-0.527736 0.784751 -0.325054
-0.527736 0.849408 0.000000
-0.527736 0.784751 -0.325055
-0.527736 0.849408 0.000000
-0.527736 0.784751 -0.325054
-0.527736 0.849408 0.000000
-0.527736 0.600622 -0.600623
-0.527736 0.784751 -0.325055
-0.527736 0.600622 -0.600623
-0.527736 0.784751 -0.325055
-0.527736 0.600622 -0.600623
-0.527736 0.784751 -0.325054
-0.527736 0.600622 -0.600623
-0.527736 0.325054 -0.784751
-0.527736 0.325055 -0.784751
-0.527736 0.325054 -0.784751
-0.527736 0.600622 -0.600623
-0.527736 0.600622 -0.600623
-0.527736 0.325055 -0.784751
-0.527736 -0.000000 -0.849408
-0.527736 -0.000000 -0.849408
-0.527736 -0.000000 -0.849408
-0.527736 0.325055 -0.784751
-0.527736 0.325054 -0.784751
-1.000000 -0.000002 0.000001
-1.000000 -0.000002 0.000001
-1.000000 -0.000002 0.000001
-1.000000 0.000000 0.000000
-1.000000 0.000000 0.000000
-1.000000 0.000000 0.000000
-1.000000 0.000000 0.000000
-1.000000 0.000000 0.000000
-1.000000 0.000000 0.000000
-1.000000 0.000000 0.000000
-1.000000 0.000000 0.000000
-1.000000 0.000000 0.000000
-1.000000 0.000000 0.000000
-1.000000 0.000000 0.000000
-1.000000 0.000000 0.000000
-1.000000 0.000000 0.000000
-1.000000 0.000000 0.000000
-1.000000 0.000000 0.000000
-1.000000 0.000000 0.000000
-1.000000 0.000000 0.000000
-1.000000 0.000000 0.000000
-1.000000 0.000000 0.000000
-1.000000 0.000000 0.000000
-1.000000 0.000000 0.000000
-1.000000 0.000000 0.000000
-1.000000 0.000000 0.000000
-1.000000 0.000000 0.000000
-1.000000 0.000000 0.000000
-1.000000 0.000000 0.000000
-1.000000 0.000000 0.000000
-1.000000 -0.000002 0.000002
-1.000000 -0.000002 0.000002
-1.000000 -0.000002 0.000002
-1.000000 0.000000 -0.000002
-1.000000 0.000000 -0.000002
-1.000000 0.000000 -0.000002
-1.000000 0.000000 0.000002
-1.000000 0.000000 0.000002
-1.000000 0.000000 0.000002
-1.000000 -0.000001 0.000001
-1.000000 -0.000001 0.000001
-1.000000 -0.000001 0.000001
-1.000000 -0.000001 0.000001
-1.000000 -0.000001 0.000001
-1.000000 -0.000001 0.000001
-1.000000 -0.000000 0.000001
-1.000000 -0.000000 0.000001
-1.000000 -0.000000 0.000001
0.158218 0.896044 0.414815
0.543146 0.801181 -0.251199
0.168200 0.952577 -0.253585
0.543146 0.801181 -0.251199
0.158218 0.896044 0.414815
0.535572 0.741092 0.404902
0.168200 0.952577 -0.253585
0.543146 0.801181 -0.251199
0.087014 0.492790 -0.865787
0.543146 0.801181 -0.251199
0.552401 0.326041 -0.767171
0.087014 0.492790 -0.865787
0.011224 0.063575 0.997914
0.535572 0.741092 0.404902
0.158218 0.896044 0.414815
0.535572 0.741092 0.404902
0.011224 0.063575 0.997914
0.476565 -0.047512 0.877854
-0.155465 -0.880450 0.447928
0.476565 -0.047512 0.877854
0.011224 0.063575 0.997914
0.476565 -0.047512 0.877854
-0.155465 -0.880450 0.447928
0.366925 -0.825507 0.428840
0.429505 -0.851330 -0.301268
0.366925 -0.825507 0.428840
-0.155465 -0.880450 0.447928
-0.155465 -0.880450 0.447928
-0.165577 -0.937724 -0.305383
0.429505 -0.851330 -0.301268
-0.083049 -0.470337 -0.878570
0.502590 -0.452248 -0.736801
-0.165577 -0.937724 -0.305383
0.429505 -0.851330 -0.301268
-0.165577 -0.937724 -0.305383
0.502590 -0.452248 -0.736801
0.087014 0.492790 -0.865787
0.552401 0.326041 -0.767171
-0.083049 -0.470337 -0.878570
0.502590 -0.452248 -0.736801
-0.083049 -0.470337 -0.878570
0.552401 0.326041 -0.767171
0.481159 0.858232 -0.178670
0.535572 0.741092 0.404902
0.542000 0.788043 0.291932
0.543146 0.801181 -0.251199
0.535572 0.741092 0.404902
0.481159 0.858232 -0.178670
0.700519 0.383830 -0.601621
0.552401 0.326041 -0.767171
0.543146 0.801181 -0.251199
0.543146 0.801181 -0.251199
0.481159 0.858232 -0.178670
0.700519 0.383830 -0.601621
0.535572 0.741092 0.404902
0.702735 -0.027673 0.710913
0.542000 0.788043 0.291932
0.702735 -0.027673 0.710913
0.535572 0.741092 0.404902
0.476565 -0.047512 0.877854
0.476565 -0.047512 0.877854
0.366925 -0.825507 0.428840
0.702735 -0.027673 0.710913
0.366925 -0.825507 0.428840
0.435356 -0.853377 0.286728
0.702735 -0.027673 0.710913
0.366925 -0.825507 0.428840
0.392069 -0.902682 -0.177332
0.435356 -0.853377 0.286728
0.366925 -0.825507 0.428840
0.429505 -0.851330 -0.301268
0.392069 -0.902682 -0.177332
0.686523 -0.399384 -0.607600
0.429505 -0.851330 -0.301268
0.502590 -0.452248 -0.736801
0.429505 -0.851330 -0.301268
0.686523 -0.399384 -0.607600
0.392069 -0.902682 -0.177332
0.700519 0.383830 -0.601621
0.502590 -0.452248 -0.736801
0.552401 0.326041 -0.767171
0.502590 -0.452248 -0.736801
0.700519 0.383830 -0.601621
0.686523 -0.399384 -0.607600
0.255062 0.863715 0.434672
0.248384 0.933428 -0.258875
0.542000 0.788043 0.291932
0.542000 0.788043 0.291932
0.248384 0.933428 -0.258875
0.481159 0.858232 -0.178670
0.248384 0.933428 -0.258875
0.700519 0.383830 -0.601621
0.481159 0.858232 -0.178670
0.700519 0.383830 -0.601621
0.248384 0.933428 -0.258875
0.215058 0.445533 -0.869052
0.255062 0.863715 0.434672
0.542000 0.788043 0.291932
0.702735 -0.027673 0.710913
0.255062 0.863715 0.434672
0.702735 -0.027673 0.710913
0.173408 0.036738 0.984165
0.702735 -0.027673 0.710913
-0.100131 -0.866930 0.488268
0.173408 0.036738 0.984165
-0.100131 -0.866930 0.488268
0.702735 -0.027673 0.710913
0.435356 -0.853377 0.286728
0.435356 -0.853377 0.286728
-0.146253 -0.930752 -0.335128
-0.100131 -0.866930 0.488268
-0.146253 -0.930752 -0.335128
0.435356 -0.853377 0.286728
0.392069 -0.902682 -0.177332
-0.146253 -0.930752 -0.335128
0.392069 -0.902682 -0.177332
0.686523 -0.399384 -0.607600
-0.146253 -0.930752 -0.335128
0.686523 -0.399384 -0.607600
0.058568 -0.476160 -0.877406
0.686523 -0.399384 -0.607600
0.215058 0.445533 -0.869052
0.058568 -0.476160 -0.877406
0.215058 0.445533 -0.869052
0.686523 -0.399384 -0.607600
0.700519 0.383830 -0.601621
0.615388 0.677055 0.403601
0.248384 0.933428 -0.258875
0.255062 0.863715 0.434672
0.248384 0.933428 -0.258875
0.615388 0.677055 0.403601
0.629178 0.730264 -0.266174
0.629178 0.730264 -0.266174
0.443522 0.314258 -0.839363
0.248384 0.933428 -0.258875
0.248384 0.933428 -0.258875
0.443522 0.314258 -0.839363
0.215058 0.445533 -0.869052
0.615388 0.677055 0.403601
0.173408 0.036738 0.984165
0.211483 -0.038122 0.976638
0.615388 0.677055 0.403601
0.255062 0.863715 0.434672
0.173408 0.036738 0.984165
0.211483 -0.038122 0.976638
-0.100131 -0.866930 0.488268
-0.451140 -0.777862 0.437497
0.211483 -0.038122 0.976638
0.173408 0.036738 0.984165
-0.100131 -0.866930 0.488268
-0.100131 -0.866930 0.488268
-0.146253 -0.930752 -0.335128
-0.451140 -0.777862 0.437497
-0.451140 -0.777862 0.437497
-0.146253 -0.930752 -0.335128
-0.494681 -0.811561 -0.310900
-0.146253 -0.930752 -0.335128
-0.076738 -0.480948 -0.873384
-0.494681 -0.811561 -0.310900
-0.076738 -0.480948 -0.873384
-0.146253 -0.930752 -0.335128
0.058568 -0.476160 -0.877406
0.058568 -0.476160 -0.877406
0.443522 0.314258 -0.839363
-0.076738 -0.480948 -0.873384
0.443522 0.314258 -0.839363
0.058568 -0.476160 -0.877406
0.215058 0.445533 -0.869052
0.743204 0.604207 -0.287369
0.615388 0.677055 0.403601
0.690590 0.551317 0.468119
0.615388 0.677055 0.403601
0.743204 0.604207 -0.287369
0.629178 0.730264 -0.266174
0.402403 0.181105 -0.897370
0.443522 0.314258 -0.839363
0.743204 0.604207 -0.287369
0.629178 0.730264 -0.266174
0.743204 0.604207 -0.287369
0.443522 0.314258 -0.839363
0.690590 0.551317 0.468119
0.211483 -0.038122 0.976638
0.020693 -0.097533 0.995017
0.211483 -0.038122 0.976638
0.690590 0.551317 0.468119
0.615388 0.677055 0.403601
0.020693 -0.097533 0.995017
-0.451140 -0.777862 0.437497
-0.637234 -0.636517 0.434487
-0.451140 -0.777862 0.437497
0.020693 -0.097533 0.995017
0.211483 -0.038122 0.976638
-0.451140 -0.777862 0.437497
-0.667905 -0.681885 -0.298222
-0.637234 -0.636517 0.434487
-0.667905 -0.681885 -0.298222
-0.451140 -0.777862 0.437497
-0.494681 -0.811561 -0.310900
-0.494681 -0.811561 -0.310900
-0.274478 -0.435386 -0.857380
-0.667905 -0.681885 -0.298222
-0.274478 -0.435386 -0.857380
-0.494681 -0.811561 -0.310900
-0.076738 -0.480948 -0.873384
-0.076738 -0.480948 -0.873384
0.402403 0.181105 -0.897370
-0.274478 -0.435386 -0.857380
0.402403 0.181105 -0.897370
-0.076738 -0.480948 -0.873384
0.443522 0.314258 -0.839363
-0.640902 0.293757 0.709191
-0.000000 0.000000 1.000000
-0.000000 0.382683 0.923880
-0.000000 0.000000 1.000000
-0.640902 0.293757 0.709191
-0.640902 0.000000 0.767623
-0.640901 0.542792 0.542791
-0.000000 0.382683 0.923880
-0.000000 0.707107 0.707107
-0.000000 0.382683 0.923880
-0.640901 0.542792 0.542791
-0.640902 0.293757 0.709191
-0.640901 0.542792 0.542791
0.000000 0.923880 0.382683
-0.640901 0.709192 0.293757
0.000000 0.923880 0.382683
-0.640901 0.542792 0.542791
-0.000000 0.707107 0.707107
-0.640901 0.709192 0.293757
0.000000 1.000000 0.000000
-0.640901 0.767623 0.000000
0.000000 1.000000 0.000000
-0.640901 0.709192 0.293757
0.000000 0.923880 0.382683
-0.640901 0.767623 0.000000
0.000000 1.000000 0.000000
-0.640901 0.709192 -0.293757
0.000000 1.000000 0.000000
0.000000 0.923879 -0.382684
-0.640901 0.709192 -0.293757
-0.640901 0.709192 -0.293757
0.000000 0.923879 -0.382684
-0.640901 0.542792 -0.542792
0.000000 0.923879 -0.382684
0.000000 0.707107 -0.707107
-0.640901 0.542792 -0.542792
0.000000 0.382683 -0.923880
-0.640901 0.542792 -0.542792
0.000000 0.707107 -0.707107
-0.640901 0.542792 -0.542792
0.000000 0.382683 -0.923880
-0.640901 0.293757 -0.709191
0.000000 0.000000 -1.000000
-0.640901 0.293757 -0.709191
0.000000 0.382683 -0.923880
-0.640901 0.293757 -0.709191
0.000000 0.000000 -1.000000
-0.640901 -0.000000 -0.767623
-0.640901 -0.293756 -0.709192
0.000000 0.000000 -1.000000
0.000000 -0.382683 -0.923880
0.000000 0.000000 -1.000000
-0.640901 -0.293756 -0.709192
-0.640901 -0.000000 -0.767623
-0.640901 -0.542792 -0.542792
0.000000 -0.382683 -0.923880
-0.000000 -0.707107 -0.707107
0.000000 -0.382683 -0.923880
-0.640901 -0.542792 -0.542792
-0.640901 -0.293756 -0.709192
0.000000 -0.923880 -0.382683
-0.640901 -0.542792 -0.542792
-0.000000 -0.707107 -0.707107
-0.640901 -0.542792 -0.542792
0.000000 -0.923880 -0.382683
-0.640901 -0.709191 -0.293757
-0.000000 -1.000000 -0.000000
-0.640901 -0.709191 -0.293757
0.000000 -0.923880 -0.382683
-0.640901 -0.709191 -0.293757
-0.000000 -1.000000 -0.000000
-0.640901 -0.767623 -0.000000
-0.640902 -0.709191 0.293756
-0.000000 -1.000000 -0.000000
-0.000000 -0.923879 0.382684
-0.000000 -1.000000 -0.000000
-0.640902 -0.709191 0.293756
-0.640901 -0.767623 -0.000000
-0.640901 -0.542791 0.542792
-0.000000 -0.923879 0.382684
-0.000000 -0.707106 0.707107
-0.000000 -0.923879 0.382684
-0.640901 -0.542791 0.542792
-0.640902 -0.709191 0.293756
-0.000000 -0.382683 0.923880
-0.640901 -0.542791 0.542792
-0.000000 -0.707106 0.707107
-0.640901 -0.542791 0.542792
-0.000000 -0.382683 0.923880
-0.640901 -0.293756 0.709192
-0.000000 0.000000 1.000000
-0.640901 -0.293756 0.709192
-0.000000 -0.382683 0.923880
-0.640901 -0.293756 0.709192
-0.000000 0.000000 1.000000
-0.640902 0.000000 0.767623
-0.640902 0.000000 0.767623
-0.640902 0.293757 0.709191
-0.941912 0.000000 0.335860
-0.640902 0.293757 0.709191
-0.941912 0.128529 0.310294
-0.941912 0.000000 0.335860
-0.941912 0.128529 0.310294
-0.640901 0.542792 0.542791
-0.941912 0.237489 0.237489
-0.640901 0.542792 0.542791
-0.941912 0.128529 0.310294
-0.640902 0.293757 0.709191
-0.941912 0.310295 0.128528
-0.640901 0.542792 0.542791
-0.640901 0.709192 0.293757
-0.640901 0.542792 0.542791
-0.941912 0.310295 0.128528
-0.941912 0.237489 0.237489
-0.640901 0.709192 0.293757
-0.941912 0.335861 0.000000
-0.941912 0.310295 0.128528
-0.941912 0.335861 0.000000
-0.640901 0.709192 0.293757
-0.640901 0.767623 0.000000
-0.640901 0.767623 0.000000
-0.941912 0.310295 -0.128528
-0.941912 0.335861 0.000000
-0.941912 0.310295 -0.128528
-0.640901 0.767623 0.000000
-0.640901 0.709192 -0.293757
-0.640901 0.709192 -0.293757
-0.640901 0.542792 -0.542792
-0.941912 0.310295 -0.128528
-0.640901 0.542792 -0.542792
-0.941912 0.237489 -0.237489
-0.941912 0.310295 -0.128528
-0.941912 0.237489 -0.237489
-0.640901 0.293757 -0.709191
-0.941912 0.128528 -0.310295
-0.640901 0.293757 -0.709191
-0.941912 0.237489 -0.237489
-0.640901 0.542792 -0.542792
-0.941912 0.128528 -0.310295
-0.640901 -0.000000 -0.767623
-0.941912 -0.000000 -0.335861
-0.640901 -0.000000 -0.767623
-0.941912 0.128528 -0.310295
-0.640901 0.293757 -0.709191
-0.640901 -0.000000 -0.767623
-0.941912 -0.128528 -0.310295
-0.941912 -0.000000 -0.335861
-0.941912 -0.128528 -0.310295
-0.640901 -0.000000 -0.767623
-0.640901 -0.293756 -0.709192
-0.640901 -0.293756 -0.709192
-0.941912 -0.237489 -0.237489
-0.941912 -0.128528 -0.310295
-0.941912 -0.237489 -0.237489
-0.640901 -0.293756 -0.709192
-0.640901 -0.542792 -0.542792
-0.640901 -0.542792 -0.542792
-0.640901 -0.709191 -0.293757
-0.941912 -0.237489 -0.237489
-0.640901 -0.709191 -0.293757
-0.941912 -0.310295 -0.128528
-0.941912 -0.237489 -0.237489
-0.941912 -0.335860 -0.000000
-0.640901 -0.709191 -0.293757
-0.640901 -0.767623 -0.000000
-0.640901 -0.709191 -0.293757
-0.941912 -0.335860 -0.000000
-0.941912 -0.310295 -0.128528
-0.941912 -0.335860 -0.000000
-0.640902 -0.709191 0.293756
-0.941912 -0.310294 0.128528
-0.640902 -0.709191 0.293756
-0.941912 -0.335860 -0.000000
-0.640901 -0.767623 -0.000000
-0.640901 -0.542791 0.542792
-0.941912 -0.310294 0.128528
-0.640902 -0.709191 0.293756
-0.941912 -0.310294 0.128528
-0.640901 -0.542791 0.542792
-0.941912 -0.237489 0.237489
-0.941912 -0.237489 0.237489
-0.640901 -0.542791 0.542792
-0.640901 -0.293756 0.709192
-0.941912 -0.237489 0.237489
-0.640901 -0.293756 0.709192
-0.941912 -0.128528 0.310295
-0.640901 -0.293756 0.709192
-0.941912 0.000000 0.335860
-0.941912 -0.128528 0.310295
-0.941912 0.000000 0.335860
-0.640901 -0.293756 0.709192
-0.640902 0.000000 0.767623
0.640901 0.293757 0.709192
0.941912 -0.000000 0.335860
0.941912 0.128528 0.310295
0.941912 -0.000000 0.335860
0.640901 0.293757 0.709192
0.640901 -0.000000 0.767624
0.941912 0.237489 0.237489
0.640901 0.542792 0.542792
0.640901 0.293757 0.709192
0.941912 0.237489 0.237489
0.640901 0.293757 0.709192
0.941912 0.128528 0.310295
0.640902 0.709191 0.293757
0.941912 0.237489 0.237489
0.941912 0.310294 0.128528
0.941912 0.237489 0.237489
0.640902 0.709191 0.293757
0.640901 0.542792 0.542792
0.941912 0.335859 0.000000
0.640902 0.709191 0.293757
0.941912 0.310294 0.128528
0.640902 0.709191 0.293757
0.941912 0.335859 0.000000
0.640902 0.767623 0.000000
0.941912 0.335859 0.000000
0.640902 0.709191 -0.293757
0.640902 0.767623 0.000000
0.640902 0.709191 -0.293757
0.941912 0.335859 0.000000
0.941912 0.310294 -0.128528
0.640902 0.542792 -0.542791
0.640902 0.709191 -0.293757
0.941912 0.237488 -0.237488
0.640902 0.709191 -0.293757
0.941912 0.310294 -0.128528
0.941912 0.237488 -0.237488
0.640902 0.293757 -0.709191
0.941912 0.237488 -0.237488
0.941912 0.128528 -0.310294
0.941912 0.237488 -0.237488
0.640902 0.293757 -0.709191
0.640902 0.542792 -0.542791
0.640902 0.293757 -0.709191
0.941912 0.000000 -0.335860
0.640902 0.000000 -0.767623
0.941912 0.000000 -0.335860
0.640902 0.293757 -0.709191
0.941912 0.128528 -0.310294
0.941912 -0.128528 -0.310294
0.640902 0.000000 -0.767623
0.941912 0.000000 -0.335860
0.640902 0.000000 -0.767623
0.941912 -0.128528 -0.310294
0.640902 -0.293756 -0.709191
0.941912 -0.237488 -0.237489
0.640902 -0.293756 -0.709191
0.941912 -0.128528 -0.310294
0.640902 -0.293756 -0.709191
0.941912 -0.237488 -0.237489
0.640902 -0.542791 -0.542791
0.640902 -0.709191 -0.293756
0.640902 -0.542791 -0.542791
0.941912 -0.310294 -0.128528
0.640902 -0.542791 -0.542791
0.941912 -0.237488 -0.237489
0.941912 -0.310294 -0.128528
0.941912 -0.335860 0.000000
0.640901 -0.767623 0.000000
0.640902 -0.709191 -0.293756
0.640902 -0.709191 -0.293756
0.941912 -0.310294 -0.128528
0.941912 -0.335860 0.000000
0.640901 -0.767623 0.000000
0.941912 -0.310294 0.128528
0.640901 -0.709192 0.293757
0.941912 -0.310294 0.128528
0.640901 -0.767623 0.000000
0.941912 -0.335860 0.000000
0.941912 -0.310294 0.128528
0.640901 -0.542791 0.542792
0.640901 -0.709192 0.293757
0.640901 -0.542791 0.542792
0.941912 -0.310294 0.128528
0.941912 -0.237489 0.237489
0.941912 -0.237489 0.237489
0.640901 -0.293757 0.709192
0.640901 -0.542791 0.542792
0.640901 -0.293757 0.709192
0.941912 -0.237489 0.237489
0.941912 -0.128528 0.310295
0.640901 -0.000000 0.767624
0.640901 -0.293757 0.709192
0.941912 -0.000000 0.335860
0.640901 -0.293757 0.709192
0.941912 -0.128528 0.310295
0.941912 -0.000000 0.335860
0.640901 0.293757 0.709192
-0.000000 0.382683 0.923880
-0.000000 0.000000 1.000000
0.640901 0.293757 0.709192
-0.000000 0.000000 1.000000
0.640901 -0.000000 0.767624
0.640901 0.542792 0.542792
-0.000000 0.707107 0.707107
-0.000000 0.382683 0.923880
0.640901 0.542792 0.542792
-0.000000 0.382683 0.923880
0.640901 0.293757 0.709192
0.640901 0.542792 0.542792
0.000000 0.923880 0.382683
-0.000000 0.707107 0.707107
0.000000 0.923880 0.382683
0.640901 0.542792 0.542792
0.640902 0.709191 0.293757
0.640902 0.709191 0.293757
0.000000 1.000000 0.000000
0.000000 0.923880 0.382683
0.000000 1.000000 0.000000
0.640902 0.709191 0.293757
0.640902 0.767623 0.000000
0.640902 0.767623 0.000000
0.640902 0.709191 -0.293757
0.000000 1.000000 0.000000
0.000000 1.000000 0.000000
0.640902 0.709191 -0.293757
0.000000 0.923879 -0.382684
0.640902 0.709191 -0.293757
0.640902 0.542792 -0.542791
0.000000 0.923879 -0.382684
0.000000 0.923879 -0.382684
0.640902 0.542792 -0.542791
0.000000 0.707107 -0.707107
0.000000 0.382683 -0.923880
0.640902 0.542792 -0.542791
0.640902 0.293757 -0.709191
0.640902 0.542792 -0.542791
0.000000 0.382683 -0.923880
0.000000 0.707107 -0.707107
0.000000 0.000000 -1.000000
0.640902 0.293757 -0.709191
0.640902 0.000000 -0.767623
0.640902 0.293757 -0.709191
0.000000 0.000000 -1.000000
0.000000 0.382683 -0.923880
0.640902 -0.293756 -0.709191
0.000000 -0.382683 -0.923880
0.000000 0.000000 -1.000000
0.640902 -0.293756 -0.709191
0.000000 0.000000 -1.000000
0.640902 0.000000 -0.767623
0.640902 -0.542791 -0.542791
-0.000000 -0.707107 -0.707107
0.000000 -0.382683 -0.923880
0.640902 -0.542791 -0.542791
0.000000 -0.382683 -0.923880
0.640902 -0.293756 -0.709191
0.000000 -0.923880 -0.382683
0.640902 -0.542791 -0.542791
0.640902 -0.709191 -0.293756
0.640902 -0.542791 -0.542791
0.000000 -0.923880 -0.382683
-0.000000 -0.707107 -0.707107
-0.000000 -1.000000 -0.000000
0.640902 -0.709191 -0.293756
0.640901 -0.767623 0.000000
0.640902 -0.709191 -0.293756
-0.000000 -1.000000 -0.000000
0.000000 -0.923880 -0.382683
0.640901 -0.709192 0.293757
-0.000000 -0.923879 0.382684
-0.000000 -1.000000 -0.000000
0.640901 -0.709192 0.293757
-0.000000 -1.000000 -0.000000
0.640901 -0.767623 0.000000
0.640901 -0.542791 0.542792
-0.000000 -0.707106 0.707107
-0.000000 -0.923879 0.382684
0.640901 -0.542791 0.542792
-0.000000 -0.923879 0.382684
0.640901 -0.709192 0.293757
-0.000000 -0.382683 0.923880
0.640901 -0.542791 0.542792
0.640901 -0.293757 0.709192
0.640901 -0.542791 0.542792
-0.000000 -0.382683 0.923880
-0.000000 -0.707106 0.707107
-0.000000 0.000000 1.000000
0.640901 -0.293757 0.709192
0.640901 -0.000000 0.767624
0.640901 -0.293757 0.709192
-0.000000 0.000000 1.000000
-0.000000 -0.382683 0.923880
-1.000000 0.000001 -0.000000
-1.000000 0.000000 -0.000000
-1.000000 0.000001 -0.000001
-1.000000 0.000000 0.000000
-1.000000 0.000000 -0.000000
-1.000000 0.000001 -0.000000
-1.000000 0.000000 0.000000
-1.000000 0.000000 -0.000000
-1.000000 0.000000 0.000000
-1.000000 0.000000 0.000000
-1.000000 0.000000 -0.000000
-1.000000 0.000000 0.000000
-1.000000 0.000000 0.000000
-1.000000 0.000000 -0.000000
-1.000000 0.000000 0.000000
-1.000000 0.000000 0.000000
-1.000000 0.000000 -0.000000
-1.000000 0.000000 0.000000
-1.000000 0.000000 0.000000
-1.000000 0.000000 -0.000000
-1.000000 0.000000 0.000000
-1.000000 0.000000 0.000000
-1.000000 0.000000 -0.000000
-1.000000 0.000000 0.000000
-1.000000 0.000000 0.000000
-1.000000 0.000000 -0.000000
-1.000000 0.000000 0.000000
-1.000000 0.000000 0.000000
-1.000000 0.000000 -0.000000
-1.000000 0.000000 0.000000
-1.000000 0.000000 0.000000
-1.000000 0.000000 -0.000000
-1.000000 0.000000 0.000000
-1.000000 0.000000 0.000000
-1.000000 0.000000 -0.000000
-1.000000 0.000000 0.000000
-1.000000 -0.000000 -0.000001
-1.000000 0.000000 -0.000000
-1.000000 0.000000 0.000000
-1.000000 -0.000000 -0.000001
-1.000000 0.000000 -0.000000
-1.000000 -0.000000 -0.000001
-1.000000 0.000000 -0.000001
-1.000000 0.000000 -0.000000
-1.000000 -0.000000 -0.000001
-1.000000 0.000001 -0.000001
-1.000000 0.000000 -0.000000
-1.000000 0.000000 -0.000001
0.527736 -0.000000 -0.849408
0.527737 -0.325055 -0.784750
0.527736 -0.000000 -0.849408
0.527736 -0.000000 -0.849408
0.527737 -0.325055 -0.784750
0.527737 -0.325055 -0.784751
0.527737 -0.325055 -0.784750
0.527737 -0.600622 -0.600622
0.527737 -0.325055 -0.784751
0.527737 -0.600622 -0.600622
0.527737 -0.325055 -0.784751
0.527737 -0.600622 -0.600622
0.527737 -0.600622 -0.600622
0.527736 -0.784751 -0.325055
0.527737 -0.600622 -0.600622
0.527736 -0.784751 -0.325055
0.527737 -0.600622 -0.600622
0.527736 -0.784751 -0.325054
0.527736 -0.784751 -0.325054
0.527735 -0.849409 0.000000
0.527736 -0.784751 -0.325055
0.527735 -0.849409 0.000000
0.527736 -0.784751 -0.325054
0.527735 -0.849409 0.000000
0.527735 -0.849409 0.000000
0.527736 -0.784751 0.325055
0.527735 -0.849409 0.000000
0.527735 -0.849409 0.000000
0.527736 -0.784751 0.325055
0.527736 -0.784751 0.325055
0.527736 -0.784751 0.325055
0.527736 -0.600622 0.600622
0.527736 -0.784751 0.325055
0.527736 -0.600622 0.600622
0.527736 -0.784751 0.325055
0.527736 -0.600622 0.600622
0.527736 -0.600622 0.600622
0.527737 -0.325054 0.784751
0.527736 -0.600622 0.600622
0.527737 -0.325054 0.784751
0.527736 -0.600622 0.600622
0.527737 -0.325055 0.784751
0.527737 -0.325055 0.784751
0.527737 -0.000000 0.849408
0.527737 -0.325054 0.784751
0.527737 -0.000000 0.849408
0.527737 -0.325055 0.784751
0.527737 -0.000000 0.849408
0.527737 -0.000000 0.849408
0.527737 0.325054 0.784751
0.527737 -0.000000 0.849408
0.527737 -0.000000 0.849408
0.527737 0.325054 0.784751
0.527737 0.325054 0.784751
0.527737 0.325054 0.784751
0.527736 0.600622 0.600623
0.527737 0.325054 0.784751
0.527736 0.600622 0.600623
0.527737 0.325054 0.784751
0.527736 0.600622 0.600623
0.527736 0.784751 0.325055
0.527736 0.600622 0.600623
0.527736 0.784751 0.325055
0.527736 0.600622 0.600623
0.527736 0.784751 0.325055
0.527736 0.600622 0.600623
0.527736 0.849408 0.000000
0.527736 0.784751 0.325055
0.527736 0.849408 0.000000
0.527736 0.784751 0.325055
0.527736 0.849408 0.000000
0.527736 0.784751 0.325055
0.527736 0.784751 -0.325054
0.527736 0.784751 -0.325055
0.527736 0.849408 0.000000
0.527736 0.784751 -0.325054
0.527736 0.849408 0.000000
0.527736 0.849408 0.000000
0.527736 0.600622 -0.600623
0.527736 0.600622 -0.600623
0.527736 0.784751 -0.325055
0.527736 0.600622 -0.600623
0.527736 0.784751 -0.325055
0.527736 0.784751 -0.325054
0.527736 0.600622 -0.600623
0.527736 0.325054 -0.784751
0.527736 0.600622 -0.600623
0.527736 0.325054 -0.784751
0.527736 0.600622 -0.600623
0.527736 0.325055 -0.784751
0.527736 0.325055 -0.784751
0.527736 -0.000000 -0.849408
0.527736 0.325054 -0.784751
0.527736 -0.000000 -0.849408
0.527736 0.325055 -0.784751
0.527736 -0.000000 -0.849408
1.000000 -0.000002 0.000001
1.000000 -0.000002 0.000001
1.000000 -0.000002 0.000001
1.000000 0.000000 0.000000
1.000000 0.000000 0.000000
1.000000 0.000000 0.000000
1.000000 0.000000 0.000000
1.000000 0.000000 0.000000
1.000000 0.000000 0.000000
1.000000 0.000000 0.000000
1.000000 0.000000 0.000000
1.000000 0.000000 0.000000
1.000000 0.000000 0.000000
1.000000 0.000000 0.000000
1.000000 0.000000 0.000000
1.000000 0.000000 0.000000
1.000000 0.000000 0.000000
1.000000 0.000000 0.000000
1.000000 0.000000 0.000000
1.000000 0.000000 0.000000
1.000000 0.000000 0.000000
1.000000 0.000000 0.000000
1.000000 0.000000 0.000000
1.000000 0.000000 0.000000
1.000000 0.000000 0.000000
1.000000 0.000000 0.000000
1.000000 0.000000 0.000000
1.000000 0.000000 0.000000
1.000000 0.000000 0.000000
1.000000 0.000000 0.000000
1.000000 -0.000002 0.000002
1.000000 -0.000002 0.000002
1.000000 -0.000002 0.000002
1.000000 0.000000 -0.000002
1.000000 0.000000 -0.000002
1.000000 0.000000 -0.000002
1.000000 0.000000 0.000002
1.000000 0.000000 0.000002
1.000000 0.000000 0.000002
1.000000 -0.000001 0.000001
1.000000 -0.000001 0.000001
1.000000 -0.000001 0.000001
1.000000 -0.000001 0.000001
1.000000 -0.000001 0.000001
1.000000 -0.000001 0.000001
1.000000 -0.000000 0.000001
1.000000 -0.000000 0.000001
1.000000 -0.000000 0.000001
</float_array>
          <technique_common>
            <accessor source="#hull-Normal0-array" count="5382" stride="3">
              <param name="X" type="float"/>
              <param name="Y" type="float"/>
              <param name="Z" type="float"/>
            </accessor>
          </technique_common>
        </source>
        <source id="hull-UV0">
          <float_array id="hull-UV0-array" count="2470">
0.322177 0.303065
0.299906 0.302763
0.296334 0.500491
0.318008 0.500852
0.285141 0.302552
0.282280 0.500239
0.266909 0.302341
0.241742 0.302297
0.240224 0.499934
0.264743 0.499987
0.212844 0.302276
0.212844 0.499909
0.183322 0.302297
0.184901 0.499934
0.156912 0.302341
0.159193 0.499987
0.137789 0.302552
0.140774 0.500239
0.122529 0.302763
0.100105 0.303065
0.104245 0.500852
0.126195 0.500491
0.079113 0.303367
0.083046 0.501213
0.066246 0.303578
0.069702 0.501465
0.050076 0.303789
0.027550 0.303833
0.029421 0.501770
0.052934 0.501717
0.004189 0.303854
0.004189 0.501795
0.397723 0.303833
0.395786 0.501770
0.374179 0.303789
0.371170 0.501717
0.357160 0.303578
0.353535 0.501465
0.343710 0.303367
0.339630 0.501213
0.294143 0.639454
0.315622 0.639815
0.263232 0.638950
0.280414 0.639202
0.239180 0.638897
0.212844 0.638872
0.185985 0.638897
0.160785 0.638950
0.128452 0.639454
0.142726 0.639202
0.106626 0.639815
0.085178 0.640176
0.054366 0.640680
0.071497 0.640428
0.030382 0.640733
0.004189 0.640758
0.394789 0.640733
0.369662 0.640680
0.337427 0.640176
0.351655 0.640428
0.295702 0.667383
0.316870 0.667735
0.264712 0.666891
0.281991 0.667137
0.240233 0.666839
0.212844 0.666815
0.184892 0.666839
0.159226 0.666891
0.126846 0.667383
0.141077 0.667137
0.105379 0.667735
0.084463 0.668088
0.054269 0.668580
0.071134 0.668334
0.030344 0.668631
0.004189 0.668656
0.394828 0.668631
0.369764 0.668580
0.338165 0.668088
0.352035 0.668334
0.300249 0.695370
0.302962 0.736201
0.323179 0.736535
0.320606 0.695694
0.269090 0.694916
0.270821 0.735733
0.287856 0.735967
0.286583 0.695143
0.243520 0.694869
0.243262 0.735685
0.212844 0.694846
0.212844 0.735661
0.181471 0.694869
0.180335 0.735685
0.154616 0.694916
0.151896 0.735733
0.122177 0.695370
0.119310 0.736201
0.134493 0.735967
0.136287 0.695143
0.101662 0.695694
0.099288 0.736535
0.082118 0.696018
0.080717 0.736869
0.053584 0.696472
0.052899 0.737336
0.067476 0.737103
0.069717 0.696245
0.029945 0.696519
0.029718 0.737385
0.004189 0.696542
0.004189 0.737408
0.395242 0.696519
0.395478 0.737385
0.370485 0.696472
0.371206 0.737336
0.340592 0.696018
0.342233 0.736869
0.355902 0.737103
0.353520 0.696245
0.304212 0.796738
0.323368 0.797049
0.271784 0.796305
0.289062 0.796522
0.244162 0.796260
0.212844 0.796238
0.179387 0.796260
0.150895 0.796305
0.118062 0.796738
0.133265 0.796522
0.099151 0.797049
0.078836 0.797359
0.051199 0.797792
0.066797 0.797575
0.028560 0.797837
0.004189 0.797859
0.396678 0.797837
0.372997 0.797792
0.344196 0.797359
0.356677 0.797575
0.305318 0.840837
0.324117 0.841118
0.272398 0.840446
0.289337 0.840642
0.245381 0.840405
0.212845 0.840385
0.178011 0.840405
0.150199 0.840446
0.116967 0.840837
0.132958 0.840642
0.098467 0.841118
0.077763 0.841398
0.049704 0.841789
0.065851 0.841593
0.027582 0.841830
0.004189 0.841850
0.397689 0.841830
0.374570 0.841789
0.345360 0.841398
0.357716 0.841593
0.307587 0.882615
0.327247 0.882824
0.274377 0.882322
0.289610 0.882469
0.245942 0.882292
0.212845 0.882277
0.176999 0.882292
0.148005 0.882322
0.114777 0.882615
0.132643 0.882469
0.095523 0.882824
0.076288 0.883034
0.046668 0.883326
0.063823 0.883180
0.025690 0.883357
0.004189 0.883372
0.399644 0.883357
0.377763 0.883326
0.347056 0.883034
0.359945 0.883180
0.289675 0.115935
0.264616 0.115793
0.252872 0.115693
0.240277 0.115594
0.225625 0.115574
0.212844 0.115564
0.199936 0.115574
0.184846 0.115594
0.171683 0.115693
0.192159 0.036516
0.191618 0.030048
0.212934 0.032579
0.192872 0.041035
0.205395 0.046501
0.196626 0.045555
0.212934 0.046950
0.220473 0.046501
0.229243 0.045555
0.232996 0.041035
0.234250 0.030048
0.233709 0.036516
0.233709 0.023580
0.232996 0.019060
0.220473 0.013594
0.229243 0.014541
0.212934 0.013146
0.205395 0.013594
0.196626 0.014541
0.192872 0.019060
0.192159 0.023580
0.283401 0.941757
0.159327 0.115793
0.133074 0.115935
0.092557 0.116097
0.069806 0.116196
0.047617 0.116295
0.025432 0.116316
0.004189 0.116326
0.399911 0.116316
0.376766 0.116295
0.353425 0.116196
0.329848 0.116097
0.267460 0.072351
0.250953 0.072245
0.243411 0.072174
0.234299 0.072102
0.222738 0.072087
0.212844 0.072080
0.202874 0.072087
0.191037 0.072102
0.181584 0.072174
0.173697 0.072245
0.281616 0.923060
0.270035 0.927754
0.271519 0.941757
0.279266 0.909996
0.266887 0.896932
0.257796 0.908186
0.268082 0.917970
0.237966 0.894196
0.233764 0.906136
0.213103 0.892900
0.213103 0.905166
0.188239 0.894196
0.192442 0.906136
0.159318 0.896932
0.168409 0.908186
0.146940 0.909996
0.144589 0.923060
0.156170 0.927754
0.158123 0.917970
0.142804 0.941757
0.154687 0.941757
0.144589 0.960454
0.156170 0.955760
0.146940 0.973518
0.159318 0.986582
0.168409 0.975329
0.158123 0.965544
0.188239 0.989319
0.192442 0.977378
0.213103 0.990615
0.213103 0.978349
0.237966 0.989319
0.233764 0.977378
0.266887 0.986582
0.257796 0.975329
0.279266 0.973518
0.281616 0.960454
0.270035 0.955760
0.268082 0.965544
0.258543 0.930581
0.259727 0.941757
0.248774 0.914963
0.256984 0.922772
0.229593 0.913327
0.213103 0.912552
0.196613 0.913327
0.177431 0.914963
0.167663 0.930581
0.169221 0.922772
0.166479 0.941757
0.167663 0.952934
0.177431 0.968552
0.169221 0.960743
0.196613 0.970188
0.213103 0.970962
0.229593 0.970188
0.248774 0.968552
0.258543 0.952934
0.256984 0.960743
0.244133 0.934125
0.244941 0.941757
0.237462 0.923460
0.243068 0.928792
0.224364 0.922343
0.213103 0.921814
0.201842 0.922343
0.188744 0.923460
0.182073 0.934125
0.183137 0.928792
0.181264 0.941757
0.182073 0.949389
0.188744 0.960055
0.183137 0.954722
0.201842 0.961172
0.213103 0.961701
0.224364 0.961172
0.237462 0.960055
0.244133 0.949389
0.243068 0.954722
0.213103 0.941757
0.989829 0.969465
0.994585 0.969465
0.989829 0.972984
0.828264 0.987787
0.978708 0.970941
0.430265 0.491615
0.565414 0.489989
0.585311 0.478619
0.585040 0.489989
0.463399 0.489464
0.644747 0.087565
0.463647 0.479242
0.430805 0.481287
0.518187 0.124492
0.507606 0.114211
0.476722 0.114211
0.473527 0.124492
0.441255 0.281126
0.468463 0.281126
0.452245 0.124492
0.526956 0.281126
0.535295 0.479242
0.540719 0.481287
0.596077 0.087565
0.599559 0.076361
0.633216 0.076361
0.560909 0.258260
0.532380 0.281126
0.523610 0.124492
0.535725 0.489464
0.541149 0.491615
0.572885 0.087565
0.978708 0.974460
0.828264 0.991306
0.989829 0.944781
0.827688 0.876692
0.827688 0.913820
0.958450 0.899142
0.978708 0.944813
0.958450 0.876378
0.978708 0.928631
0.968116 0.897857
0.968116 0.876350
0.989829 0.929394
0.972250 0.876350
0.972250 0.897857
0.958450 0.902208
0.827688 0.916885
0.958450 0.862279
0.968116 0.862944
0.968116 0.900922
0.827688 0.854690
0.677555 0.521624
0.677555 0.303519
0.725093 0.480209
0.725093 0.532132
0.823992 0.551229
0.818518 0.551229
0.818518 0.531895
0.823992 0.534412
0.818518 0.527660
0.727571 0.475502
0.725093 0.568317
0.818518 0.574840
0.677555 0.564936
0.677555 0.299284
0.590559 0.258260
0.669770 0.487644
0.663860 0.489989
0.663391 0.478619
0.669301 0.476390
0.430265 0.580075
0.430805 0.590402
0.463647 0.592448
0.463399 0.582226
0.660213 0.258260
0.518187 0.947198
0.473527 0.947198
0.476722 0.957479
0.507606 0.957479
0.441255 0.790564
0.452245 0.947198
0.468463 0.790564
0.526956 0.790564
0.532380 0.790564
0.540719 0.590402
0.535295 0.592448
0.523611 0.947198
0.535725 0.582226
0.654303 0.258260
0.650657 0.087565
0.549520 0.476390
0.541149 0.580075
0.994585 0.944781
0.825133 0.876692
0.694370 0.876378
0.828264 0.945174
0.828264 0.919921
0.694370 0.899142
0.825133 0.913820
0.662992 0.969465
0.662992 0.972984
0.684704 0.876350
0.684704 0.897857
0.680570 0.876350
0.680570 0.897857
0.694370 0.902208
0.825133 0.916885
0.694370 0.862279
0.658236 0.969465
0.684704 0.862944
0.684704 0.900922
0.825133 0.854690
0.677555 0.630303
0.725095 0.619794
0.725095 0.671718
0.677555 0.848407
0.823997 0.600697
0.823997 0.617514
0.818523 0.620031
0.818523 0.600697
0.818523 0.624266
0.727572 0.676424
0.725095 0.583610
0.818523 0.577086
0.677555 0.586990
0.677555 0.852643
0.873006 0.334847
0.862968 0.334847
0.862968 0.377359
0.873006 0.377359
0.852931 0.334847
0.852931 0.377359
0.842894 0.334847
0.842894 0.377359
0.832857 0.334847
0.832857 0.377359
0.822819 0.334847
0.822819 0.377359
0.812782 0.334847
0.812782 0.377359
0.802745 0.334847
0.802745 0.377359
0.792708 0.334847
0.792708 0.377359
0.782670 0.334847
0.782670 0.377359
0.772633 0.334847
0.772633 0.377359
0.762596 0.334847
0.762596 0.377359
0.752559 0.334847
0.752559 0.377359
0.903117 0.334847
0.903117 0.377359
0.893080 0.334847
0.893080 0.377359
0.883043 0.334847
0.883043 0.377359
0.862968 0.399999
0.873006 0.399999
0.852931 0.399999
0.842894 0.399999
0.832857 0.399999
0.822819 0.399999
0.812782 0.399999
0.802745 0.399999
0.792708 0.399999
0.782670 0.399999
0.772633 0.399999
0.762596 0.399999
0.752559 0.399999
0.903117 0.399999
0.893080 0.399999
0.883043 0.399999
0.830292 0.420130
0.873006 0.334847
0.862968 0.334847
0.852931 0.334847
0.842894 0.334847
0.832857 0.334847
0.822819 0.334847
0.812782 0.334847
0.802745 0.334847
0.792708 0.334847
0.782670 0.334847
0.772633 0.334847
0.762596 0.334847
0.752559 0.334847
0.903117 0.334847
0.893080 0.334847
0.883043 0.334847
0.873006 0.299101
0.862968 0.299101
0.852931 0.299101
0.842894 0.299101
0.832857 0.299101
0.822819 0.299101
0.812782 0.299101
0.802745 0.299101
0.792708 0.299101
0.782670 0.299101
0.772633 0.299101
0.762596 0.299101
0.752559 0.299101
0.903117 0.299101
0.893080 0.299101
0.883043 0.299101
0.156333 0.072351
0.127033 0.072460
0.100675 0.072531
0.070160 0.072603
0.041080 0.072618
0.022771 0.072625
0.383628 0.072618
0.353055 0.072603
0.321601 0.072531
0.295520 0.072460
0.250947 0.048693
0.241445 0.048653
0.236347 0.048625
0.230924 0.048597
0.221274 0.048591
0.212844 0.048589
0.204359 0.048591
0.194513 0.048597
0.188922 0.048625
0.183729 0.048653
0.174076 0.048693
0.827849 0.193939
0.831160 0.194521
0.809353 0.179209
0.811336 0.195914
0.812707 0.194511
0.812707 0.236919
0.809353 0.192494
0.831160 0.236918
0.827849 0.236336
0.832531 0.195926
0.811336 0.238323
0.816019 0.193930
0.816019 0.236338
0.819330 0.194511
0.819330 0.236919
0.832531 0.238323
0.823166 0.195926
0.824537 0.194521
0.844188 0.179156
0.824538 0.236918
0.823166 0.238323
0.820702 0.195914
0.799779 0.192494
0.820702 0.238323
0.799779 0.179209
0.827849 0.182879
0.811336 0.184853
0.831160 0.183461
0.844188 0.192355
0.834669 0.192355
0.834669 0.179156
0.799779 0.169390
0.809353 0.169390
0.807951 0.166218
0.804566 0.164905
0.801181 0.166218
0.834669 0.169364
0.844188 0.169364
0.836063 0.166211
0.839429 0.164905
0.811831 0.154045
0.801180 0.154045
0.842794 0.166211
0.801180 0.157357
0.811831 0.157357
0.790530 0.154045
0.790530 0.157357
0.779879 0.154045
0.779879 0.157357
0.769229 0.154045
0.769229 0.157357
0.758578 0.154045
0.758579 0.157357
0.747928 0.154045
0.747928 0.157357
0.737278 0.154045
0.737278 0.157357
0.726627 0.154045
0.726627 0.157357
0.715977 0.154045
0.715977 0.157357
0.705326 0.154045
0.705327 0.157357
0.794516 0.236421
0.792581 0.246150
0.694676 0.154045
0.788711 0.244547
0.694676 0.157357
0.790328 0.236421
0.684026 0.154045
0.684026 0.157357
0.787070 0.254398
0.784108 0.251436
0.843782 0.154045
0.778822 0.259909
0.843782 0.157357
0.777219 0.256039
0.833131 0.154045
0.769093 0.261844
0.833131 0.157357
0.769093 0.257656
0.822481 0.154045
0.759364 0.259909
0.822481 0.157357
0.760967 0.256039
0.801180 0.144738
0.751116 0.254398
0.811831 0.144738
0.754078 0.251436
0.790530 0.144738
0.745605 0.246150
0.779879 0.144738
0.749475 0.244547
0.769229 0.144738
0.743670 0.236421
0.747859 0.236421
0.745605 0.226692
0.749475 0.228295
0.751116 0.218444
0.754078 0.221406
0.759364 0.212933
0.760967 0.216803
0.769093 0.210998
0.769093 0.215186
0.778822 0.212933
0.777219 0.216803
0.787070 0.218444
0.784108 0.221406
0.792581 0.226692
0.788711 0.228295
0.769093 0.236421
0.743670 0.184397
0.747859 0.184397
0.758579 0.144738
0.747928 0.144738
0.749475 0.192523
0.745605 0.194126
0.737278 0.144738
0.754078 0.199412
0.726627 0.144738
0.751116 0.202374
0.715977 0.144738
0.705327 0.144738
0.760967 0.204015
0.759364 0.207885
0.694676 0.144738
0.769093 0.205632
0.684026 0.144738
0.769093 0.209820
0.843782 0.144738
0.777220 0.204015
0.833131 0.144738
0.778822 0.207885
0.822481 0.144738
0.784108 0.199412
0.811831 0.135430
0.787070 0.202374
0.811831 0.132118
0.788712 0.192523
0.801180 0.132118
0.792581 0.194126
0.801180 0.135430
0.790328 0.184397
0.790530 0.132118
0.794517 0.184397
0.790530 0.135430
0.788712 0.176271
0.779879 0.132118
0.779879 0.135430
0.769229 0.132118
0.769229 0.135430
0.758579 0.132118
0.758578 0.135430
0.747928 0.132118
0.747928 0.135430
0.737278 0.132118
0.737278 0.135430
0.726627 0.132118
0.726627 0.135430
0.715977 0.132118
0.715977 0.135430
0.705327 0.132118
0.705326 0.135430
0.694676 0.132118
0.792581 0.174668
0.784108 0.169382
0.787070 0.166420
0.777220 0.164779
0.778822 0.160909
0.769093 0.163162
0.769093 0.158974
0.760967 0.164779
0.759364 0.160909
0.754078 0.169382
0.751116 0.166420
0.749475 0.176271
0.745606 0.174668
0.769093 0.184397
0.161422 0.048733
0.151204 0.048760
0.139546 0.048788
0.131940 0.048794
0.121870 0.048797
0.293519 0.048794
0.285319 0.048788
0.273567 0.048760
0.263458 0.048733
0.308429 0.889769
0.328483 0.889944
0.274676 0.889524
0.289689 0.889647
0.245252 0.889499
0.212846 0.889487
0.177443 0.889499
0.147619 0.889525
0.114024 0.889769
0.132579 0.889647
0.094438 0.889944
0.076528 0.890119
0.045976 0.890363
0.063152 0.890241
0.025982 0.890389
0.004189 0.890401
0.399396 0.890389
0.378572 0.890363
0.346979 0.890119
0.360765 0.890241
0.303801 0.048797
0.548932 0.487644
0.565414 0.581701
0.548932 0.584045
0.585040 0.581701
0.585311 0.593071
0.644747 0.984125
0.633216 0.995329
0.599560 0.995329
0.596077 0.984125
0.560909 0.813430
0.590559 0.813430
0.572886 0.984125
0.669770 0.584045
0.669301 0.595300
0.663391 0.593071
0.663860 0.581701
0.660213 0.813430
0.650657 0.984125
0.654303 0.813430
0.549520 0.595300
0.824556 0.987787
0.824556 0.991306
0.674112 0.974460
0.674112 0.970941
0.662992 0.944782
0.662992 0.929394
0.674112 0.928631
0.674112 0.944813
0.658236 0.944782
0.824556 0.919921
0.824556 0.945174
0.832531 0.184865
0.823166 0.184865
0.824537 0.183461
0.827849 0.164905
0.831160 0.165486
0.832531 0.166891
0.823166 0.166891
0.824537 0.165486
0.812707 0.183449
0.816019 0.182868
0.819330 0.183449
0.820702 0.184853
0.811336 0.166889
0.812707 0.165486
0.816019 0.164905
0.819330 0.165486
0.820702 0.166889
0.694676 0.135430
0.684026 0.132118
0.684026 0.135430
0.843782 0.132118
0.843782 0.135430
0.833131 0.132118
0.833131 0.135430
0.822481 0.132118
0.822481 0.135430
0.421499 0.303854
0.421499 0.501795
0.421499 0.501795
0.421499 0.640758
0.421499 0.640758
0.421499 0.668656
0.421499 0.737408
0.421499 0.696542
0.421499 0.737408
0.421499 0.797859
0.421499 0.841850
0.421499 0.797859
0.421499 0.883372
0.421499 0.841850
0.421499 0.303854
0.421499 0.116326
0.421499 0.116326
0.402917 0.072625
0.402917 0.072625
0.421499 0.883372
0.421499 0.890401
0.421499 0.696542
0.421499 0.668656
0.854432 0.154045
0.854432 0.157357
0.854432 0.154045
0.854432 0.144738
0.854432 0.135430
0.854432 0.132118
0.854432 0.144738
0.854432 0.135430
0.963957 0.509937
0.939019 0.514898
0.933063 0.476585
0.958001 0.471623
0.964511 0.593930
0.937484 0.593930
0.931792 0.587408
0.958818 0.587408
0.931792 0.540245
0.958818 0.540245
0.933242 0.537263
0.960268 0.537262
0.935538 0.536920
0.962564 0.536920
0.960712 0.528431
0.935774 0.533392
0.932395 0.582626
0.929549 0.579365
0.929549 0.555780
0.930274 0.554289
0.931422 0.554118
0.927706 0.470421
0.952644 0.465459
0.928070 0.582626
0.925224 0.579365
0.925224 0.555780
0.925949 0.554289
0.927097 0.554118
0.930619 0.506032
0.927641 0.486872
0.919419 0.580298
0.919787 0.577520
0.919787 0.557434
0.919693 0.556164
0.919545 0.556018
0.928996 0.515280
0.924962 0.483790
0.861947 0.575719
0.862217 0.574349
0.862217 0.564440
0.862149 0.563814
0.862040 0.563742
0.839190 0.518715
0.839190 0.528804
0.846492 0.528804
0.846492 0.518715
0.839190 0.538893
0.846492 0.538893
0.839190 0.548982
0.846492 0.548982
0.839190 0.559071
0.846492 0.559071
0.839190 0.569160
0.846492 0.569160
0.839190 0.579249
0.846492 0.579249
0.839190 0.589338
0.846492 0.589338
0.839190 0.599426
0.846492 0.599426
0.839190 0.609515
0.846492 0.609515
0.839190 0.619604
0.846492 0.619604
0.839190 0.629693
0.846492 0.629693
0.839190 0.639782
0.846492 0.639782
0.839190 0.488448
0.846492 0.488448
0.839190 0.498537
0.846492 0.498537
0.839190 0.508626
0.846492 0.508626
0.836798 0.518715
0.836798 0.528804
0.939587 0.640845
0.931107 0.642532
0.931107 0.620373
0.946776 0.636042
0.951579 0.628853
0.953266 0.620373
0.951579 0.611893
0.946776 0.604704
0.939587 0.599901
0.931107 0.598214
0.922627 0.599901
0.915439 0.604704
0.910635 0.611893
0.908949 0.620373
0.910635 0.628853
0.915439 0.636042
0.922627 0.640845
0.836798 0.538893
0.836798 0.548982
0.836798 0.559071
0.836798 0.569160
0.836798 0.579249
0.836798 0.589338
0.836798 0.599426
0.836798 0.609515
0.836798 0.619604
0.836798 0.629693
0.836798 0.639782
0.836798 0.488448
0.836798 0.498537
0.836798 0.508626
0.853793 0.518715
0.853793 0.528804
0.856185 0.528804
0.856185 0.518715
0.853793 0.538893
0.856185 0.538893
0.853793 0.548982
0.856185 0.548982
0.853793 0.559071
0.856185 0.559071
0.853793 0.569160
0.856185 0.569160
0.853793 0.579249
0.856185 0.579249
0.853793 0.589338
0.856185 0.589338
0.853793 0.599426
0.856185 0.599426
0.853793 0.609515
0.856185 0.609515
0.885529 0.598109
0.894009 0.599796
0.892612 0.603169
0.885529 0.601760
0.901198 0.604599
0.898617 0.607181
0.906001 0.611788
0.902629 0.613185
0.907688 0.620268
0.904037 0.620268
0.906001 0.628748
0.902629 0.627351
0.901198 0.635937
0.898617 0.633355
0.894009 0.640740
0.892612 0.637367
0.885529 0.642427
0.885529 0.638776
0.877050 0.640740
0.878447 0.637367
0.869861 0.635937
0.872442 0.633355
0.926608 0.506924
0.923630 0.487765
0.924985 0.516172
0.920951 0.484682
0.916003 0.507900
0.913467 0.491582
0.917741 0.515218
0.913427 0.488555
0.863181 0.509906
0.861930 0.501857
0.864162 0.513382
0.861999 0.500268
0.865057 0.628748
0.868430 0.627351
0.863371 0.620268
0.867021 0.620268
0.865057 0.611788
0.868430 0.613185
0.869861 0.604599
0.872442 0.607181
0.877050 0.599796
0.878447 0.603169
0.885529 0.620268
0.853793 0.619604
0.856185 0.619604
0.853793 0.629693
0.856185 0.629693
0.853793 0.639782
0.856185 0.639782
0.853793 0.488448
0.856185 0.488448
0.853793 0.498537
0.856185 0.498537
0.853793 0.508626
0.856185 0.508626
0.839190 0.478359
0.846492 0.478359
0.839190 0.478359
0.836798 0.478359
0.853793 0.478359
0.856185 0.478359
0.853793 0.478359
0.846492 0.478359
0.963957 0.698224
0.939019 0.703185
0.933063 0.664872
0.958001 0.659910
0.960712 0.716718
0.935774 0.721679
0.927706 0.658708
0.952644 0.653746
0.964511 0.782217
0.937484 0.782217
0.931792 0.775695
0.958818 0.775695
0.931792 0.728532
0.958818 0.728532
0.933242 0.725550
0.960268 0.725550
0.935538 0.725208
0.962564 0.725208
0.930619 0.694319
0.927641 0.675160
0.928996 0.703567
0.924962 0.672077
0.932395 0.770913
0.929549 0.767652
0.929549 0.744067
0.930274 0.742576
0.931422 0.742405
0.926608 0.695211
0.923630 0.676052
0.924985 0.704459
0.920951 0.672969
0.928070 0.770913
0.925224 0.767652
0.925224 0.744067
0.925949 0.742576
0.927097 0.742405
0.916003 0.696187
0.913467 0.679869
0.917741 0.703505
0.913427 0.676843
0.919418 0.768585
0.919787 0.765807
0.919787 0.745721
0.919693 0.744451
0.919545 0.744305
0.863181 0.698193
0.861930 0.690144
0.864162 0.701669
0.861999 0.688555
0.861947 0.764006
0.862217 0.762636
0.862217 0.752728
0.862149 0.752101
0.862040 0.752029
0.839190 0.707002
0.839190 0.717091
0.846492 0.717091
0.846492 0.707002
0.839190 0.727180
0.846492 0.727180
0.839190 0.737269
0.846492 0.737269
0.839190 0.747358
0.846492 0.747358
0.839190 0.757447
0.846492 0.757447
0.839190 0.767536
0.846492 0.767536
0.839190 0.777625
0.846492 0.777625
0.839190 0.787714
0.846492 0.787714
0.839190 0.797803
0.846492 0.797803
0.839190 0.807891
0.846492 0.807891
0.839190 0.817980
0.846492 0.817980
0.839190 0.828069
0.846492 0.828069
0.839190 0.666647
0.839190 0.676736
0.846492 0.676736
0.846492 0.666647
0.839190 0.686824
0.846492 0.686824
0.839190 0.696913
0.846492 0.696913
0.836798 0.707002
0.836798 0.717091
0.836798 0.727180
0.836798 0.737269
0.836798 0.747358
0.836798 0.757447
0.836798 0.767536
0.836798 0.777625
0.836798 0.787714
0.836798 0.797803
0.836798 0.807891
0.836798 0.817980
0.836798 0.828069
0.839190 0.666647
0.836798 0.666647
0.836798 0.676736
0.836798 0.686825
0.836798 0.696913
0.853793 0.707002
0.853793 0.717091
0.856185 0.717091
0.856185 0.707002
0.853793 0.727180
0.856185 0.727180
0.853793 0.737269
0.856185 0.737269
0.853793 0.747358
0.856185 0.747358
0.853793 0.757447
0.856185 0.757447
0.853793 0.767536
0.856185 0.767536
0.853793 0.777625
0.856185 0.777625
0.853793 0.787714
0.856185 0.787714
0.853793 0.797803
0.856185 0.797803
0.853793 0.807891
0.856185 0.807891
0.853793 0.817980
0.856185 0.817980
0.853793 0.828069
0.856185 0.828069
0.853793 0.666647
0.853793 0.676736
0.856185 0.676736
0.856185 0.666647
0.853793 0.686824
0.856185 0.686825
0.853793 0.696913
0.856185 0.696913
0.853793 0.666647
0.846492 0.666647
0.939587 0.829132
0.931107 0.830819
0.931107 0.808660
0.946776 0.824329
0.951579 0.817140
0.953266 0.808660
0.951579 0.800180
0.946776 0.792991
0.939587 0.788188
0.931107 0.786501
0.922627 0.788188
0.915439 0.792991
0.910635 0.800180
0.908948 0.808660
0.910635 0.817140
0.915439 0.824329
0.922627 0.829132
0.885529 0.786396
0.894009 0.788083
0.892612 0.791456
0.885529 0.790047
0.901198 0.792887
0.898617 0.795468
0.906001 0.800075
0.902629 0.801473
0.907688 0.808555
0.904037 0.808555
0.906001 0.817035
0.902629 0.815638
0.901198 0.824224
0.898617 0.821642
0.894009 0.829027
0.892612 0.825654
0.885529 0.830714
0.885529 0.827063
0.877050 0.829027
0.878447 0.825654
0.869861 0.824224
0.872442 0.821642
0.865057 0.817035
0.868430 0.815638
0.863371 0.808555
0.867021 0.808555
0.865057 0.800075
0.868430 0.801473
0.869861 0.792887
0.872442 0.795468
0.877050 0.788083
0.878447 0.791456
0.885529 0.808555
0.913154 0.334847
0.913154 0.377359
0.913154 0.399999
0.913154 0.377359
0.890947 0.420130
0.890947 0.420130
0.913154 0.399999
0.890947 0.420130
0.890947 0.420130
0.890947 0.420130
0.913154 0.334847
0.913154 0.334847
0.913154 0.334847
0.913154 0.299101
</float_array>
          <technique_common>
            <accessor source="#hull-UV0-array" count="1235" stride="2">
              <param name="S" type="float"/>
              <param name="T" type="float"/>
            </accessor>
          </technique_common>
        </source>
        <vertices id="hull-VERTEX">
          <input semantic="POSITION" source="#hull-POSITION"/>
        </vertices>
        <triangles count="1794" material="c-208"><input semantic="VERTEX" offset="0" source="#hull-VERTEX"/><input semantic="NORMAL" offset="1" source="#hull-Normal0"/><input semantic="TEXCOORD" offset="2" set="0" source="#hull-UV0"/><p> 16 0 3 1 1 1 17 2 2 1 3 1 16 4 3 0 5 0 17 6 2 32 7 4 36 8 5 32 9 4 17 10 2 1 11 1 18 12 9 2 13 6 19 14 8 19 15 8 2 16 6 3 17 7 19 18 8 3 19 7 20 20 11 20 21 11 3 22 7 4 23 10 20 24 11 5 25 12 21 26 13 5 27 12 20 28 11 4 29 10 21 30 13 6 31 14 22 32 15 6 33 14 21 34 13 5 35 12 6 36 14 37 37 17 22 38 15 37 39 17 6 40 14 33 41 16 23 42 21 7 43 18 24 44 20 24 45 20 7 46 18 8 47 19 24 48 20 9 49 22 25 50 23 9 51 22 24 52 20 8 53 19 25 54 23 34 55 24 38 56 25 34 57 24 25 58 23 9 59 22 26 60 29 10 61 26 27 62 28 27 63 28 10 64 26 11 65 27 27 66 28 11 67 27 28 68 31 28 69 31 11 70 27 12 71 30 28 72 807 13 73 32 29 74 33 13 75 32 28 76 807 12 77 806 29 78 33 14 79 34 30 80 35 14 81 34 29 82 33 13 83 32 14 84 34 39 85 37 30 86 35 39 87 37 14 88 34 35 89 36 31 90 39 15 91 38 16 92 3 16 93 3 15 94 38 0 95 0 36 96 5 2 97 6 18 98 9 2 99 6 36 100 5 32 101 4 23 102 21 33 103 16 7 104 18 33 105 16 23 106 21 37 107 17 38 108 25 10 109 26 26 110 29 10 111 26 38 112 25 34 113 24 35 114 36 31 115 39 39 116 37 31 117 39 35 118 36 15 119 38 40 120 41 17 121 2 41 122 40 17 123 2 40 124 41 16 125 3 56 126 43 36 127 5 42 128 42 42 129 42 36 130 5 18 131 9 42 132 42 19 133 8 43 134 44 19 135 8 42 136 42 18 137 9 43 138 44 19 139 8 44 140 45 44 141 45 19 142 8 20 143 11 44 144 45 20 145 11 45 146 46 45 147 46 20 148 11 21 149 13 45 150 46 21 151 13 46 152 47 46 153 47 21 154 13 22 155 15 57 156 49 37 157 17 47 158 48 47 159 48 37 160 17 23 161 21 47 162 48 23 163 21 48 164 50 48 165 50 23 166 21 24 167 20 48 168 50 24 169 20 49 170 51 49 171 51 24 172 20 25 173 23 58 174 53 38 175 25 50 176 52 50 177 52 38 178 25 26 179 29 50 180 52 27 181 28 51 182 54 27 183 28 50 184 52 26 185 29 51 186 54 28 187 31 52 188 55 28 189 31 51 190 54 27 191 28 52 192 809 29 193 33 53 194 56 29 195 33 52 196 809 28 197 808 53 198 56 30 199 35 54 200 57 30 201 35 53 202 56 29 203 33 59 204 59 31 205 39 55 206 58 31 207 39 59 208 59 39 209 37 55 210 58 16 211 3 40 212 41 16 213 3 55 214 58 31 215 39 41 216 40 36 217 5 56 218 43 36 219 5 41 220 40 17 221 2 46 222 47 37 223 17 57 224 49 37 225 17 46 226 47 22 227 15 49 228 51 25 229 23 58 230 53 58 231 53 25 232 23 38 233 25 54 234 57 30 235 35 59 236 59 59 237 59 30 238 35 39 239 37 498 240 60 497 241 61 40 242 41 498 243 60 40 244 41 41 245 40 513 246 63 56 247 43 499 248 62 499 249 62 56 250 43 42 251 42 499 252 62 43 253 44 500 254 64 43 255 44 499 256 62 42 257 42 500 258 64 44 259 45 501 260 65 44 261 45 500 262 64 43 263 44 502 264 66 44 265 45 45 266 46 44 267 45 502 268 66 501 269 65 503 270 67 502 271 66 45 272 46 503 273 67 45 274 46 46 275 47 514 276 69 47 277 48 504 278 68 47 279 48 514 280 69 57 281 49 504 282 68 48 283 50 505 284 70 48 285 50 504 286 68 47 287 48 505 288 70 49 289 51 506 290 71 49 291 51 505 292 70 48 293 50 515 294 73 50 295 52 507 296 72 50 297 52 515 298 73 58 299 53 507 300 72 51 301 54 508 302 74 51 303 54 507 304 72 50 305 52 508 306 74 52 307 55 509 308 75 52 309 55 508 310 74 51 311 54 510 312 76 509 313 811 52 314 810 510 315 76 52 316 810 53 317 56 511 318 77 510 319 76 53 320 56 511 321 77 53 322 56 54 323 57 516 324 79 59 325 59 512 326 78 512 327 78 59 328 59 55 329 58 497 330 61 512 331 78 55 332 58 497 333 61 55 334 58 40 335 41 498 336 60 41 337 40 513 338 63 513 339 63 41 340 40 56 341 43 503 342 67 57 343 49 514 344 69 57 345 49 503 346 67 46 347 47 506 348 71 58 349 53 515 350 73 58 351 53 506 352 71 49 353 51 511 354 77 54 355 57 516 356 79 516 357 79 54 358 57 59 359 59 60 360 82 86 361 83 61 362 81 61 363 81 86 364 83 85 365 80 76 366 86 84 367 87 62 368 85 62 369 85 84 370 87 83 371 84 62 372 85 82 373 88 63 374 89 82 375 88 62 376 85 83 377 84 63 378 89 81 379 90 64 380 91 81 381 90 63 382 89 82 383 88 64 384 91 81 385 90 65 386 93 65 387 93 81 388 90 80 389 92 65 390 93 80 391 92 66 392 95 66 393 95 80 394 92 99 395 94 77 396 98 97 397 96 67 398 97 97 399 96 77 400 98 98 401 99 67 402 97 96 403 100 68 404 101 96 405 100 67 406 97 97 407 96 68 408 101 95 409 102 69 410 103 95 411 102 68 412 101 96 413 100 78 414 106 93 415 104 70 416 105 93 417 104 78 418 106 94 419 107 70 420 105 92 421 108 71 422 109 92 423 108 70 424 105 93 425 104 71 426 109 91 427 110 72 428 111 91 429 110 71 430 109 92 431 108 72 432 812 91 433 813 73 434 113 73 435 113 91 436 813 90 437 112 73 438 113 90 439 112 74 440 115 74 441 115 90 442 112 89 443 114 79 444 118 88 445 119 75 446 117 75 447 117 88 448 119 87 449 116 75 450 117 87 451 116 60 452 82 60 453 82 87 454 116 86 455 83 61 456 81 85 457 80 76 458 86 76 459 86 85 460 80 84 461 87 66 462 95 98 463 99 77 464 98 98 465 99 66 466 95 99 467 94 69 468 103 94 469 107 78 470 106 94 471 107 69 472 103 95 473 102 74 474 115 89 475 114 79 476 118 79 477 118 89 478 114 88 479 119 129 480 121 60 481 82 128 482 120 128 483 120 60 484 82 61 485 81 76 486 86 126 487 122 127 488 123 126 489 122 76 490 86 62 491 85 126 492 122 63 493 89 125 494 124 63 495 89 126 496 122 62 497 85 125 498 124 64 499 91 124 500 125 64 501 91 125 502 124 63 503 89 124 504 125 64 505 91 123 506 126 123 507 126 64 508 91 65 509 93 123 510 126 65 511 93 122 512 127 122 513 127 65 514 93 66 515 95 121 516 129 67 517 97 120 518 128 67 519 97 121 520 129 77 521 98 120 522 128 68 523 101 139 524 130 68 525 101 120 526 128 67 527 97 139 528 130 69 529 103 138 530 131 69 531 103 139 532 130 68 533 101 136 534 132 78 535 106 70 536 105 78 537 106 136 538 132 137 539 133 136 540 132 71 541 109 135 542 134 71 543 109 136 544 132 70 545 105 135 546 134 72 547 111 134 548 135 72 549 111 135 550 134 71 551 109 134 552 815 72 553 814 133 554 136 133 555 136 72 556 814 73 557 113 133 558 136 73 559 113 132 560 137 132 561 137 73 562 113 74 563 115 131 564 139 75 565 117 130 566 138 75 567 117 131 568 139 79 569 118 130 570 138 75 571 117 129 572 121 129 573 121 75 574 117 60 575 82 128 576 120 61 577 81 127 578 123 61 579 81 76 580 86 127 581 123 122 582 127 77 583 98 121 584 129 77 585 98 122 586 127 66 587 95 137 588 133 69 589 103 78 590 106 69 591 103 137 592 133 138 593 131 132 594 137 79 595 118 131 596 139 79 597 118 132 598 137 74 599 115 148 600 141 129 601 121 147 602 140 147 603 140 129 604 121 128 605 120 127 606 123 145 607 142 146 608 143 145 609 142 127 610 123 126 611 122 145 612 142 125 613 124 144 614 144 125 615 124 145 616 142 126 617 122 144 618 144 124 619 125 143 620 145 124 621 125 144 622 144 125 623 124 143 624 145 124 625 125 142 626 146 142 627 146 124 628 125 123 629 126 142 630 146 123 631 126 141 632 147 141 633 147 123 634 126 122 635 127 140 636 149 120 637 128 159 638 148 120 639 128 140 640 149 121 641 129 159 642 148 139 643 130 158 644 150 139 645 130 159 646 148 120 647 128 158 648 150 138 649 131 157 650 151 138 651 131 158 652 150 139 653 130 137 654 133 155 655 152 156 656 153 155 657 152 137 658 133 136 659 132 155 660 152 135 661 134 154 662 154 135 663 134 155 664 152 136 665 132 154 666 154 134 667 135 153 668 155 134 669 135 154 670 154 135 671 134 153 672 816 134 673 817 152 674 156 152 675 156 134 676 817 133 677 136 152 678 156 133 679 136 151 680 157 151 681 157 133 682 136 132 683 137 150 684 159 130 685 138 149 686 158 130 687 138 150 688 159 131 689 139 149 690 158 130 691 138 148 692 141 148 693 141 130 694 138 129 695 121 147 696 140 128 697 120 146 698 143 146 699 143 128 700 120 127 701 123 141 702 147 121 703 129 140 704 149 121 705 129 141 706 147 122 707 127 157 708 151 138 709 131 156 710 153 156 711 153 138 712 131 137 713 133 151 714 157 131 715 139 150 716 159 131 717 139 151 718 157 132 719 137 100 720 161 148 721 141 101 722 160 101 723 160 148 724 141 147 725 140 146 726 143 102 727 162 116 728 163 102 729 162 146 730 143 145 731 142 102 732 162 144 733 144 103 734 164 144 735 144 102 736 162 145 737 142 103 738 164 143 739 145 104 740 165 143 741 145 103 742 164 144 743 144 104 744 165 143 745 145 105 746 166 105 747 166 143 748 145 142 749 146 105 750 166 142 751 146 106 752 167 106 753 167 142 754 146 141 755 147 117 756 169 159 757 148 107 758 168 159 759 148 117 760 169 140 761 149 107 762 168 158 763 150 108 764 170 158 765 150 107 766 168 159 767 148 109 768 171 158 769 150 157 770 151 158 771 150 109 772 171 108 773 170 156 774 153 110 775 172 118 776 173 110 777 172 156 778 153 155 779 152 110 780 172 154 781 154 111 782 174 154 783 154 110 784 172 155 785 152 111 786 174 153 787 155 112 788 175 153 789 155 111 790 174 154 791 154 112 792 818 153 793 819 113 794 176 113 795 176 153 796 819 152 797 156 113 798 176 152 799 156 114 800 177 114 801 177 152 802 156 151 803 157 119 804 179 149 805 158 115 806 178 149 807 158 119 808 179 150 809 159 115 810 178 148 811 141 100 812 161 148 813 141 115 814 178 149 815 158 101 816 160 147 817 140 116 818 163 116 819 163 147 820 140 146 821 143 106 822 167 140 823 149 117 824 169 140 825 149 106 826 167 141 827 147 109 828 171 157 829 151 118 830 173 118 831 173 157 832 151 156 833 153 114 834 177 150 835 159 119 836 179 150 837 159 114 838 177 151 839 157 0 840 0 160 841 180 1 842 1 1 843 1 160 844 180 161 845 181 1 846 1 161 847 181 32 848 4 32 849 4 161 850 181 176 851 182 2 852 6 162 853 183 3 854 7 3 855 7 162 856 183 163 857 184 3 858 7 163 859 184 4 860 10 4 861 10 163 862 184 164 863 185 4 864 10 165 865 186 5 866 12 165 867 186 4 868 10 164 869 185 5 870 12 166 871 187 6 872 14 166 873 187 5 874 12 165 875 186 6 876 14 166 877 187 33 878 16 33 879 16 166 880 187 177 881 188 7 882 18 168 883 212 8 884 19 168 885 212 7 886 18 167 887 211 8 888 19 169 889 213 9 890 22 169 891 213 8 892 19 168 893 212 9 894 22 178 895 214 34 896 24 178 897 214 9 898 22 169 899 213 10 900 26 170 901 215 11 902 27 11 903 27 170 904 215 171 905 216 171 906 216 12 907 30 11 908 27 12 909 30 171 910 216 172 911 217 12 912 820 173 913 218 13 914 32 173 915 218 12 916 820 172 917 821 13 918 32 174 919 219 14 920 34 174 921 219 13 922 32 173 923 218 14 924 34 174 925 219 35 926 36 35 927 36 174 928 219 179 929 220 15 930 38 175 931 221 0 932 0 0 933 0 175 934 221 160 935 180 32 936 4 162 937 183 2 938 6 162 939 183 32 940 4 176 941 182 33 942 16 167 943 211 7 944 18 167 945 211 33 946 16 177 947 188 34 948 24 170 949 215 10 950 26 170 951 215 34 952 24 178 953 214 35 954 36 179 955 220 15 956 38 15 957 38 179 958 220 175 959 221 160 960 180 211 961 222 161 962 181 161 963 181 211 964 222 212 965 223 161 966 181 212 967 223 176 968 182 176 969 182 212 970 223 213 971 224 162 972 183 214 973 225 163 974 184 163 975 184 214 976 225 215 977 226 164 978 185 215 979 226 216 980 227 215 981 226 164 982 185 163 983 184 217 984 228 165 985 186 164 986 185 164 987 185 216 988 227 217 989 228 218 990 229 166 991 187 165 992 186 165 993 186 217 994 228 218 995 229 177 996 188 218 997 229 219 998 230 218 999 229 177 1000 188 166 1001 187 201 1002 520 168 1003 212 167 1004 211 167 1005 211 220 1006 231 201 1007 520 202 1008 521 169 1009 213 168 1010 212 168 1011 212 201 1012 520 202 1013 521 203 1014 522 178 1015 214 169 1016 213 169 1017 213 202 1018 521 203 1019 522 171 1020 216 204 1021 523 205 1022 524 204 1023 523 171 1024 216 170 1025 215 172 1026 217 205 1027 524 206 1028 525 205 1029 524 172 1030 217 171 1031 216 207 1032 526 173 1033 218 172 1034 822 172 1035 822 206 1036 823 207 1037 526 208 1038 527 174 1039 219 173 1040 218 173 1041 218 207 1042 526 208 1043 527 174 1044 219 208 1045 527 179 1046 220 179 1047 220 208 1048 527 209 1049 528 175 1050 221 210 1051 529 160 1052 180 160 1053 180 210 1054 529 211 1055 222 176 1056 182 214 1057 225 162 1058 183 214 1059 225 176 1060 182 213 1061 224 220 1062 231 167 1063 211 177 1064 188 177 1065 188 219 1066 230 220 1067 231 204 1068 523 170 1069 215 178 1070 214 178 1071 214 203 1072 522 204 1073 523 179 1074 220 209 1075 528 175 1076 221 175 1077 221 209 1078 528 210 1079 529 181 1080 189 180 1081 190 200 1082 191 196 1083 192 181 1084 189 200 1085 191 183 1086 193 182 1087 194 200 1088 191 184 1089 195 183 1090 193 200 1091 191 185 1092 196 184 1093 195 200 1094 191 186 1095 197 185 1096 196 200 1097 191 197 1098 198 186 1099 197 200 1100 191 188 1101 199 187 1102 200 200 1103 191 189 1104 201 188 1105 199 200 1106 191 198 1107 202 189 1108 201 200 1109 191 191 1110 203 190 1111 204 200 1112 191 192 1113 205 191 1114 203 200 1115 191 193 1116 206 192 1117 205 200 1118 191 194 1119 207 193 1120 206 200 1121 191 199 1122 208 194 1123 207 200 1124 191 180 1125 190 195 1126 209 200 1127 191 182 1128 194 196 1129 192 200 1130 191 187 1131 200 197 1132 198 200 1133 191 190 1134 204 198 1135 202 200 1136 191 195 1137 209 199 1138 208 200 1139 191 181 1140 531 212 1141 223 180 1142 530 211 1143 222 180 1144 530 212 1145 223 212 1146 223 181 1147 531 213 1148 224 181 1149 531 196 1150 532 213 1151 224 214 1152 225 182 1153 533 215 1154 226 215 1155 226 182 1156 533 183 1157 534 215 1158 226 183 1159 534 216 1160 227 216 1161 227 183 1162 534 184 1163 535 216 1164 227 185 1165 536 217 1166 228 185 1167 536 216 1168 227 184 1169 535 186 1170 537 218 1171 229 217 1172 228 217 1173 228 185 1174 536 186 1175 537 219 1176 230 186 1177 537 197 1178 538 186 1179 537 219 1180 230 218 1181 229 188 1182 540 201 1183 520 220 1184 231 220 1185 231 187 1186 539 188 1187 540 189 1188 719 202 1189 521 201 1190 520 201 1191 520 188 1192 540 189 1193 719 198 1194 720 203 1195 522 202 1196 521 202 1197 521 189 1198 719 198 1199 720 204 1200 523 190 1201 721 205 1202 524 205 1203 524 190 1204 721 191 1205 722 205 1206 524 191 1207 722 206 1208 525 206 1209 525 191 1210 722 192 1211 723 206 1212 824 193 1213 724 207 1214 526 193 1215 724 206 1216 824 192 1217 748 207 1218 526 194 1219 725 208 1220 527 194 1221 725 207 1222 526 193 1223 724 199 1224 726 209 1225 528 194 1226 725 208 1227 527 194 1228 725 209 1229 528 180 1230 530 211 1231 222 195 1232 727 210 1233 529 195 1234 727 211 1235 222 213 1236 224 182 1237 533 214 1238 225 182 1239 533 213 1240 224 196 1241 532 187 1242 539 220 1243 231 219 1244 230 219 1245 230 197 1246 538 187 1247 539 190 1248 721 204 1249 523 203 1250 522 203 1251 522 198 1252 720 190 1253 721 195 1254 727 210 1255 529 199 1256 726 209 1257 528 199 1258 726 210 1259 529 222 1260 728 100 1261 161 101 1262 160 100 1263 161 222 1264 728 221 1265 729 237 1266 731 102 1267 162 223 1268 730 102 1269 162 237 1270 731 116 1271 163 223 1272 730 103 1273 164 224 1274 732 103 1275 164 223 1276 730 102 1277 162 224 1278 732 104 1279 165 225 1280 733 104 1281 165 224 1282 732 103 1283 164 226 1284 734 225 1285 733 104 1286 165 104 1287 165 105 1288 166 226 1289 734 227 1290 735 226 1291 734 105 1292 166 105 1293 166 106 1294 167 227 1295 735 238 1296 737 107 1297 168 228 1298 736 107 1299 168 238 1300 737 117 1301 169 228 1302 736 108 1303 170 229 1304 738 108 1305 170 228 1306 736 107 1307 168 229 1308 738 108 1309 170 230 1310 739 108 1311 170 109 1312 171 230 1313 739 110 1314 172 239 1315 741 118 1316 173 239 1317 741 110 1318 172 231 1319 740 231 1320 740 111 1321 174 232 1322 742 111 1323 174 231 1324 740 110 1325 172 232 1326 742 112 1327 175 233 1328 743 112 1329 175 232 1330 742 111 1331 174 234 1332 744 233 1333 826 112 1334 825 112 1335 825 113 1336 176 234 1337 744 235 1338 745 234 1339 744 113 1340 176 113 1341 176 114 1342 177 235 1343 745 115 1344 178 240 1345 747 119 1346 179 240 1347 747 115 1348 178 236 1349 746 100 1350 161 236 1351 746 115 1352 178 236 1353 746 100 1354 161 221 1355 729 101 1356 160 237 1357 731 222 1358 728 237 1359 731 101 1360 160 116 1361 163 106 1362 167 238 1363 737 227 1364 735 238 1365 737 106 1366 167 117 1367 169 118 1368 173 239 1369 741 109 1370 171 109 1371 171 239 1372 741 230 1373 739 114 1374 177 119 1375 179 240 1376 747 114 1377 177 240 1378 747 235 1379 745 242 1380 233 221 1381 210 222 1382 232 221 1383 210 242 1384 233 241 1385 234 257 1386 238 223 1387 236 243 1388 237 223 1389 236 257 1390 238 237 1391 235 224 1392 239 243 1393 237 223 1394 236 243 1395 237 224 1396 239 244 1397 240 225 1398 241 244 1399 240 224 1400 239 244 1401 240 225 1402 241 245 1403 242 246 1404 244 225 1405 241 226 1406 243 225 1407 241 246 1408 244 245 1409 242 247 1410 246 226 1411 243 227 1412 245 226 1413 243 247 1414 246 246 1415 244 258 1416 250 228 1417 248 248 1418 249 228 1419 248 258 1420 250 238 1421 247 248 1422 249 229 1423 251 249 1424 252 229 1425 251 248 1426 249 228 1427 248 249 1428 252 229 1429 251 250 1430 254 229 1431 251 230 1432 253 250 1433 254 231 1434 256 259 1435 258 239 1436 255 259 1437 258 231 1438 256 251 1439 257 251 1440 257 232 1441 259 252 1442 260 232 1443 259 251 1444 257 231 1445 256 252 1446 260 233 1447 261 253 1448 262 233 1449 261 252 1450 260 232 1451 259 254 1452 264 253 1453 262 233 1454 261 233 1455 261 234 1456 263 254 1457 264 255 1458 266 254 1459 264 234 1460 263 234 1461 263 235 1462 265 255 1463 266 236 1464 268 260 1465 270 240 1466 267 260 1467 270 236 1468 268 256 1469 269 221 1470 210 256 1471 269 236 1472 268 256 1473 269 221 1474 210 241 1475 234 257 1476 238 242 1477 233 222 1478 232 257 1479 238 222 1480 232 237 1481 235 227 1482 245 258 1483 250 247 1484 246 258 1485 250 227 1486 245 238 1487 247 239 1488 255 259 1489 258 230 1490 253 230 1491 253 259 1492 258 250 1493 254 235 1494 265 240 1495 267 260 1496 270 235 1497 265 260 1498 270 255 1499 266 262 1500 271 241 1501 234 242 1502 233 241 1503 234 262 1504 271 261 1505 272 277 1506 274 243 1507 237 263 1508 273 243 1509 237 277 1510 274 257 1511 238 244 1512 240 263 1513 273 243 1514 237 263 1515 273 244 1516 240 264 1517 275 245 1518 242 264 1519 275 244 1520 240 264 1521 275 245 1522 242 265 1523 276 266 1524 277 245 1525 242 246 1526 244 245 1527 242 266 1528 277 265 1529 276 247 1530 246 267 1531 278 246 1532 244 246 1533 244 267 1534 278 266 1535 277 248 1536 249 278 1537 280 258 1538 250 278 1539 280 248 1540 249 268 1541 279 249 1542 252 268 1543 279 248 1544 249 268 1545 279 249 1546 252 269 1547 281 270 1548 282 249 1549 252 250 1550 254 249 1551 252 270 1552 282 269 1553 281 251 1554 257 279 1555 284 259 1556 258 279 1557 284 251 1558 257 271 1559 283 252 1560 260 271 1561 283 251 1562 257 271 1563 283 252 1564 260 272 1565 285 253 1566 262 272 1567 285 252 1568 260 272 1569 285 253 1570 262 273 1571 286 274 1572 287 253 1573 262 254 1574 264 253 1575 262 274 1576 287 273 1577 286 255 1578 266 275 1579 288 254 1580 264 254 1581 264 275 1582 288 274 1583 287 256 1584 269 280 1585 290 260 1586 270 280 1587 290 256 1588 269 276 1589 289 241 1590 234 276 1591 289 256 1592 269 276 1593 289 241 1594 234 261 1595 272 257 1596 238 277 1597 274 242 1598 233 242 1599 233 277 1600 274 262 1601 271 278 1602 280 267 1603 278 247 1604 246 278 1605 280 247 1606 246 258 1607 250 259 1608 258 279 1609 284 250 1610 254 250 1611 254 279 1612 284 270 1613 282 260 1614 270 280 1615 290 255 1616 266 255 1617 266 280 1618 290 275 1619 288 282 1620 291 261 1621 272 262 1622 271 261 1623 272 282 1624 291 281 1625 292 297 1626 294 263 1627 273 283 1628 293 263 1629 273 297 1630 294 277 1631 274 264 1632 275 283 1633 293 263 1634 273 283 1635 293 264 1636 275 284 1637 295 265 1638 276 284 1639 295 264 1640 275 284 1641 295 265 1642 276 285 1643 296 286 1644 297 265 1645 276 266 1646 277 265 1647 276 286 1648 297 285 1649 296 267 1650 278 287 1651 298 266 1652 277 266 1653 277 287 1654 298 286 1655 297 298 1656 300 268 1657 279 288 1658 299 268 1659 279 298 1660 300 278 1661 280 288 1662 299 269 1663 281 289 1664 301 269 1665 281 288 1666 299 268 1667 279 270 1668 282 290 1669 302 269 1670 281 289 1671 301 269 1672 281 290 1673 302 271 1674 283 299 1675 304 279 1676 284 299 1677 304 271 1678 283 291 1679 303 272 1680 285 291 1681 303 271 1682 283 291 1683 303 272 1684 285 292 1685 305 273 1686 286 292 1687 305 272 1688 285 292 1689 305 273 1690 286 293 1691 306 294 1692 307 273 1693 286 274 1694 287 273 1695 286 294 1696 307 293 1697 306 275 1698 288 295 1699 308 274 1700 287 274 1701 287 295 1702 308 294 1703 307 276 1704 289 300 1705 310 280 1706 290 300 1707 310 276 1708 289 296 1709 309 261 1710 272 296 1711 309 276 1712 289 296 1713 309 261 1714 272 281 1715 292 262 1716 271 297 1717 294 282 1718 291 297 1719 294 262 1720 271 277 1721 274 267 1722 278 278 1723 280 298 1724 300 267 1725 278 298 1726 300 287 1727 298 279 1728 284 299 1729 304 270 1730 282 290 1731 302 270 1732 282 299 1733 304 280 1734 290 300 1735 310 275 1736 288 275 1737 288 300 1738 310 295 1739 308 281 1740 292 282 1741 291 301 1742 311 297 1743 294 283 1744 293 301 1745 311 283 1746 293 284 1747 295 301 1748 311 284 1749 295 285 1750 296 301 1751 311 285 1752 296 286 1753 297 301 1754 311 286 1755 297 287 1756 298 301 1757 311 298 1758 300 288 1759 299 301 1760 311 288 1761 299 289 1762 301 301 1763 311 289 1764 301 290 1765 302 301 1766 311 299 1767 304 291 1768 303 301 1769 311 291 1770 303 292 1771 305 301 1772 311 292 1773 305 293 1774 306 301 1775 311 293 1776 306 294 1777 307 301 1778 311 294 1779 307 295 1780 308 301 1781 311 300 1782 310 296 1783 309 301 1784 311 296 1785 309 281 1786 292 301 1787 311 282 1788 291 297 1789 294 301 1790 311 287 1791 298 298 1792 300 301 1793 311 290 1794 302 299 1795 304 301 1796 311 295 1797 308 300 1798 310 301 1799 311 305 1800 318 323 1801 319 322 1802 320 320 1803 335 306 1804 337 303 1805 322 306 1806 337 320 1807 335 319 1808 336 321 1809 378 302 1810 343 320 1811 335 302 1812 343 321 1813 378 308 1814 338 325 1815 323 324 1816 324 316 1817 321 316 1818 321 324 1819 324 315 1820 317 318 1821 328 306 1822 326 319 1823 327 306 1824 326 318 1825 328 311 1826 325 317 1827 330 318 1828 328 302 1829 331 317 1830 330 302 1831 331 308 1832 329 313 1833 339 326 1834 333 327 1835 334 326 1836 333 313 1837 339 310 1838 332 313 1839 339 311 1840 325 310 1841 332 311 1842 325 313 1843 339 314 1844 340 311 1845 325 314 1846 340 306 1847 326 328 1848 381 312 1849 379 304 1850 380 312 1851 379 328 1852 381 327 1853 382 307 1854 401 303 1855 322 314 1856 402 307 1857 401 314 1858 402 313 1859 387 314 1860 402 303 1861 322 306 1862 337 307 1863 401 328 1864 381 323 1865 319 307 1866 401 323 1867 319 321 1868 378 303 1869 322 307 1870 401 321 1871 378 303 1872 322 321 1873 378 320 1874 335 326 1875 333 316 1876 321 309 1877 341 316 1878 321 326 1879 333 325 1880 323 311 1881 325 317 1882 330 310 1883 332 317 1884 330 311 1885 325 318 1886 328 323 1887 319 308 1888 338 321 1889 378 308 1890 338 323 1891 319 324 1892 403 325 1893 323 317 1894 330 308 1895 329 325 1896 323 308 1897 329 324 1898 324 327 1899 334 309 1900 341 312 1901 342 309 1902 341 327 1903 334 326 1904 333 313 1905 387 327 1906 382 307 1907 401 328 1908 381 307 1909 401 327 1910 382 324 1911 403 305 1912 318 315 1913 749 328 1914 381 322 1915 320 323 1916 319 322 1917 320 328 1918 381 304 1919 380 317 1920 330 325 1921 323 310 1922 332 326 1923 333 310 1924 332 325 1925 323 305 1926 318 324 1927 403 323 1928 319 320 1929 335 302 1930 343 319 1931 336 319 1932 327 302 1933 331 318 1934 328 363 1935 750 315 1936 749 305 1937 318 315 1938 749 363 1939 750 373 1940 751 330 1941 312 348 1942 313 342 1943 314 346 1944 344 331 1945 315 340 1946 316 331 1947 315 346 1948 344 343 1949 345 329 1950 346 337 1951 350 341 1952 355 337 1953 350 347 1954 352 341 1955 355 340 1956 316 337 1957 350 330 1958 312 330 1959 312 337 1960 350 329 1961 346 329 1962 346 341 1963 355 345 1964 405 339 1965 349 336 1966 347 334 1967 348 336 1968 347 339 1969 349 338 1970 351 342 1971 314 340 1972 316 330 1973 312 340 1974 316 342 1975 314 346 1976 344 335 1977 408 347 1978 352 337 1979 350 347 1980 352 335 1981 408 344 1982 409 340 1983 316 331 1984 315 335 1985 408 340 1986 316 335 1987 408 337 1988 350 338 1989 351 339 1990 349 333 1991 353 333 1992 353 332 1993 354 338 1994 351 348 1995 357 332 1996 354 333 1997 353 332 1998 354 348 1999 357 345 2000 356 346 2001 358 334 2002 348 343 2003 359 334 2004 348 346 2005 358 339 2006 349 341 2007 361 338 2008 351 332 2009 354 338 2010 351 341 2011 361 347 2012 360 341 2013 361 332 2014 354 345 2015 356 342 2016 362 339 2017 349 346 2018 358 339 2019 349 342 2020 362 333 2021 353 336 2022 347 347 2023 360 344 2024 363 347 2025 360 336 2026 347 338 2027 351 330 2028 312 345 2029 405 348 2030 313 345 2031 405 330 2032 312 329 2033 346 333 2034 353 342 2035 362 348 2036 357 354 2037 364 355 2038 365 361 2039 366 354 2040 364 361 2041 366 360 2042 367 349 2043 371 358 2044 369 357 2045 370 358 2046 369 349 2047 371 353 2048 368 357 2049 370 362 2050 373 350 2051 372 362 2052 373 357 2053 370 361 2054 366 358 2055 369 359 2056 374 360 2057 367 359 2058 374 358 2059 369 352 2060 375 352 2061 375 358 2062 369 353 2063 368 360 2064 367 356 2065 376 354 2066 364 356 2067 376 360 2068 367 359 2069 374 357 2070 370 350 2071 372 349 2072 371 358 2073 369 360 2074 367 357 2075 370 361 2076 366 357 2077 370 360 2078 367 351 2079 377 362 2080 373 355 2081 365 361 2082 366 355 2083 365 362 2084 373 322 2085 320 364 2086 752 363 2087 750 322 2088 320 363 2089 750 305 2090 318 363 2091 750 364 2092 752 365 2093 753 367 2094 757 369 2095 755 368 2096 756 369 2097 755 367 2098 757 366 2099 754 372 2100 759 367 2101 757 371 2102 760 372 2103 759 371 2104 760 370 2105 758 374 2106 386 376 2107 384 375 2108 385 376 2109 384 374 2110 386 373 2111 383 378 2112 389 369 2113 391 377 2114 388 369 2115 391 378 2116 389 368 2117 390 379 2118 394 371 2119 393 378 2120 389 371 2121 393 379 2122 394 370 2123 392 381 2124 398 383 2125 396 382 2126 397 383 2127 396 381 2128 398 380 2129 395 383 2130 396 377 2131 388 384 2132 399 377 2133 388 383 2134 396 380 2135 395 377 2136 388 369 2137 391 384 2138 399 387 2139 763 386 2140 764 385 2141 761 385 2142 761 382 2143 762 387 2144 763 388 2145 767 384 2146 766 366 2147 754 384 2148 766 388 2149 767 383 2150 765 384 2151 766 369 2152 755 366 2153 754 386 2154 764 322 2155 320 304 2156 380 322 2157 320 386 2158 764 364 2159 752 388 2160 767 365 2161 753 387 2162 763 365 2163 753 388 2164 767 372 2165 759 366 2166 754 372 2167 759 388 2168 767 372 2169 759 366 2170 754 367 2171 757 381 2172 398 374 2173 386 375 2174 385 374 2175 386 381 2176 398 389 2177 400 377 2178 388 380 2179 395 379 2180 394 377 2181 388 379 2182 394 378 2183 389 365 2184 753 372 2185 759 370 2186 758 365 2187 753 370 2188 758 376 2189 768 376 2190 384 370 2191 392 375 2192 385 379 2193 394 375 2194 385 370 2195 392 385 2196 404 389 2197 400 382 2198 397 382 2199 397 389 2200 400 381 2201 398 388 2202 767 387 2203 763 382 2204 762 388 2205 767 382 2206 762 383 2207 765 376 2208 768 373 2209 751 363 2210 750 387 2211 763 364 2212 752 386 2213 764 364 2214 752 387 2215 763 365 2216 753 380 2217 395 381 2218 398 375 2219 385 380 2220 395 375 2221 385 379 2222 394 363 2223 750 365 2224 753 376 2225 768 367 2226 757 368 2227 756 371 2228 760 368 2229 390 378 2230 389 371 2231 393 385 2232 404 312 2233 342 309 2234 341 385 2235 404 309 2236 341 389 2237 400 386 2238 764 304 2239 380 312 2240 379 386 2241 764 312 2242 379 385 2243 761 374 2244 386 316 2245 321 315 2246 317 374 2247 386 315 2248 317 373 2249 383 309 2250 341 316 2251 321 389 2252 400 389 2253 400 316 2254 321 374 2255 386 390 2256 412 392 2257 413 391 2258 421 395 2259 771 393 2260 769 396 2261 770 393 2262 769 395 2263 771 394 2264 772 398 2265 776 397 2266 773 400 2267 774 398 2268 776 400 2269 774 399 2270 775 390 2271 412 398 2272 776 394 2273 772 398 2274 776 390 2275 412 397 2276 773 397 2277 773 401 2278 777 400 2279 774 404 2280 410 403 2281 411 402 2282 406 404 2283 410 402 2284 406 405 2285 407 392 2286 413 394 2287 772 395 2288 771 394 2289 772 392 2290 413 390 2291 412 399 2292 775 406 2293 779 398 2294 776 406 2295 779 399 2296 775 407 2297 778 398 2298 776 406 2299 779 394 2300 772 393 2301 769 394 2302 772 406 2303 779 404 2304 410 405 2305 407 408 2306 415 408 2307 415 405 2308 407 409 2309 414 408 2310 415 409 2311 414 391 2312 417 391 2313 417 409 2314 414 401 2315 416 403 2316 411 395 2317 418 396 2318 419 395 2319 418 403 2320 411 404 2321 410 405 2322 407 400 2323 422 409 2324 414 400 2325 422 405 2326 407 399 2327 420 400 2328 422 401 2329 416 409 2330 414 404 2331 410 392 2332 423 395 2333 418 392 2334 423 404 2335 410 408 2336 415 402 2337 406 399 2338 420 405 2339 407 399 2340 420 402 2341 406 407 2342 424 390 2343 412 401 2344 777 397 2345 773 401 2346 777 390 2347 412 391 2348 421 408 2349 415 391 2350 417 392 2351 423 412 2352 427 411 2353 428 410 2354 425 412 2355 427 410 2356 425 413 2357 426 415 2358 431 414 2359 432 349 2360 430 349 2361 430 414 2362 432 353 2363 429 415 2364 431 362 2365 434 412 2366 427 362 2367 434 415 2368 431 350 2369 433 414 2370 432 359 2371 435 352 2372 436 359 2373 435 414 2374 432 413 2375 426 352 2376 436 353 2377 429 414 2378 432 413 2379 426 410 2380 425 356 2381 437 413 2382 426 356 2383 437 359 2384 435 415 2385 431 349 2386 430 350 2387 433 415 2388 431 412 2389 427 413 2390 426 415 2391 431 413 2392 426 414 2393 432 411 2394 428 362 2395 434 351 2396 438 411 2397 428 412 2398 427 362 2399 434 416 2400 439 434 2401 441 433 2402 442 434 2403 441 416 2404 439 417 2405 440 417 2406 440 435 2407 444 434 2408 441 435 2409 444 417 2410 440 418 2411 443 435 2412 444 419 2413 445 436 2414 446 419 2415 445 435 2416 444 418 2417 443 436 2418 446 420 2419 447 437 2420 448 420 2421 447 436 2422 446 419 2423 445 420 2424 447 438 2425 450 437 2426 448 438 2427 450 420 2428 447 421 2429 449 421 2430 449 439 2431 452 438 2432 450 439 2433 452 421 2434 449 422 2435 451 439 2436 452 423 2437 453 440 2438 454 423 2439 453 439 2440 452 422 2441 451 440 2442 454 424 2443 455 441 2444 456 424 2445 455 440 2446 454 423 2447 453 424 2448 455 442 2449 458 441 2450 456 442 2451 458 424 2452 455 425 2453 457 425 2454 457 443 2455 460 442 2456 458 443 2457 460 425 2458 457 426 2459 459 443 2460 460 427 2461 461 444 2462 462 427 2463 461 443 2464 460 426 2465 459 444 2466 462 428 2467 463 445 2468 464 428 2469 463 444 2470 462 427 2471 461 428 2472 1221 446 2473 466 445 2474 1222 446 2475 466 428 2476 1221 429 2477 465 429 2478 465 447 2479 468 446 2480 466 447 2481 468 429 2482 465 430 2483 467 447 2484 468 431 2485 469 448 2486 470 431 2487 469 447 2488 468 430 2489 467 448 2490 470 416 2491 439 433 2492 442 416 2493 439 448 2494 470 431 2495 469 433 2496 442 450 2497 471 449 2498 472 450 2499 471 433 2500 442 434 2501 441 434 2502 441 451 2503 473 450 2504 471 451 2505 473 434 2506 441 435 2507 444 451 2508 473 436 2509 446 452 2510 474 436 2511 446 451 2512 473 435 2513 444 452 2514 474 437 2515 448 453 2516 475 437 2517 448 452 2518 474 436 2519 446 437 2520 448 454 2521 476 453 2522 475 454 2523 476 437 2524 448 438 2525 450 438 2526 450 455 2527 477 454 2528 476 455 2529 477 438 2530 450 439 2531 452 455 2532 477 440 2533 454 456 2534 478 440 2535 454 455 2536 477 439 2537 452 456 2538 478 441 2539 456 457 2540 479 441 2541 456 456 2542 478 440 2543 454 441 2544 456 458 2545 480 457 2546 479 458 2547 480 441 2548 456 442 2549 458 442 2550 458 459 2551 481 458 2552 480 459 2553 481 442 2554 458 443 2555 460 459 2556 481 444 2557 462 460 2558 482 444 2559 462 459 2560 481 443 2561 460 460 2562 482 445 2563 464 461 2564 483 445 2565 464 460 2566 482 444 2567 462 445 2568 1224 462 2569 484 461 2570 1223 462 2571 484 445 2572 1224 446 2573 466 446 2574 466 463 2575 485 462 2576 484 463 2577 485 446 2578 466 447 2579 468 463 2580 485 448 2581 470 464 2582 486 448 2583 470 463 2584 485 447 2585 468 464 2586 486 433 2587 442 449 2588 472 433 2589 442 464 2590 486 448 2591 470 450 2592 471 432 2593 1225 449 2594 472 451 2595 473 432 2596 487 450 2597 471 452 2598 474 432 2599 487 451 2600 473 453 2601 475 432 2602 487 452 2603 474 454 2604 476 432 2605 487 453 2606 475 455 2607 477 432 2608 487 454 2609 476 456 2610 478 432 2611 487 455 2612 477 457 2613 479 432 2614 487 456 2615 478 458 2616 480 432 2617 487 457 2618 479 459 2619 481 432 2620 487 458 2621 480 460 2622 482 432 2623 487 459 2624 481 461 2625 483 432 2626 487 460 2627 482 462 2628 484 432 2629 1226 461 2630 1227 463 2631 485 432 2632 1228 462 2633 484 464 2634 486 432 2635 1229 463 2636 485 449 2637 472 432 2638 1230 464 2639 486 416 2640 439 466 2641 489 417 2642 440 466 2643 489 416 2644 439 465 2645 488 417 2646 440 466 2647 489 418 2648 443 418 2649 443 466 2650 489 467 2651 490 418 2652 443 468 2653 491 419 2654 445 468 2655 491 418 2656 443 467 2657 490 469 2658 492 419 2659 445 468 2660 491 419 2661 445 469 2662 492 420 2663 447 421 2664 449 469 2665 492 470 2666 493 469 2667 492 421 2668 449 420 2669 447 470 2670 493 422 2671 451 421 2672 449 422 2673 451 470 2674 493 471 2675 494 422 2676 451 472 2677 495 423 2678 453 472 2679 495 422 2680 451 471 2681 494 423 2682 453 473 2683 496 424 2684 455 473 2685 496 423 2686 453 472 2687 495 474 2688 497 425 2689 457 473 2690 496 425 2691 457 424 2692 455 473 2693 496 425 2694 457 475 2695 498 426 2696 459 475 2697 498 425 2698 457 474 2699 497 475 2700 498 427 2701 461 426 2702 459 427 2703 461 475 2704 498 476 2705 499 476 2706 499 428 2707 463 427 2708 461 428 2709 463 476 2710 499 477 2711 500 428 2712 1231 478 2713 501 429 2714 465 478 2715 501 428 2716 1231 477 2717 1232 479 2718 502 429 2719 465 478 2720 501 429 2721 465 479 2722 502 430 2723 467 480 2724 503 431 2725 469 479 2726 502 431 2727 469 430 2728 467 479 2729 502 416 2730 439 480 2731 503 465 2732 488 480 2733 503 416 2734 439 431 2735 469 465 2736 488 481 2737 504 466 2738 489 466 2739 489 481 2740 504 482 2741 505 466 2742 489 482 2743 505 467 2744 490 467 2745 490 482 2746 505 483 2747 506 467 2748 490 483 2749 506 468 2750 491 468 2751 491 483 2752 506 484 2753 507 468 2754 491 484 2755 507 469 2756 492 469 2757 492 484 2758 507 485 2759 508 469 2760 492 485 2761 508 470 2762 493 470 2763 493 485 2764 508 486 2765 509 470 2766 493 487 2767 510 471 2768 494 487 2769 510 470 2770 493 486 2771 509 471 2772 494 488 2773 511 472 2774 495 488 2775 511 471 2776 494 487 2777 510 472 2778 495 489 2779 512 473 2780 496 489 2781 512 472 2782 495 488 2783 511 473 2784 496 490 2785 513 474 2786 497 490 2787 513 473 2788 496 489 2789 512 474 2790 497 491 2791 514 475 2792 498 491 2793 514 474 2794 497 490 2795 513 475 2796 498 492 2797 515 476 2798 499 492 2799 515 475 2800 498 491 2801 514 476 2802 499 493 2803 516 477 2804 500 493 2805 516 476 2806 499 492 2807 515 477 2808 1233 494 2809 517 478 2810 501 494 2811 517 477 2812 1233 493 2813 1234 478 2814 501 494 2815 517 479 2816 502 479 2817 502 494 2818 517 495 2819 518 479 2820 502 495 2821 518 480 2822 503 480 2823 503 495 2824 518 496 2825 519 480 2826 503 496 2827 519 465 2828 488 465 2829 488 496 2830 519 481 2831 504 86 2832 83 497 2833 61 85 2834 80 85 2835 80 497 2836 61 498 2837 60 84 2838 87 513 2839 63 83 2840 84 83 2841 84 513 2842 63 499 2843 62 83 2844 84 500 2845 64 82 2846 88 500 2847 64 83 2848 84 499 2849 62 82 2850 88 501 2851 65 81 2852 90 501 2853 65 82 2854 88 500 2855 64 81 2856 90 501 2857 65 80 2858 92 80 2859 92 501 2860 65 502 2861 66 80 2862 92 502 2863 66 99 2864 94 99 2865 94 502 2866 66 503 2867 67 98 2868 99 504 2869 68 97 2870 96 504 2871 68 98 2872 99 514 2873 69 97 2874 96 505 2875 70 96 2876 100 505 2877 70 97 2878 96 504 2879 68 96 2880 100 506 2881 71 95 2882 102 506 2883 71 96 2884 100 505 2885 70 94 2886 107 507 2887 72 93 2888 104 507 2889 72 94 2890 107 515 2891 73 93 2892 104 508 2893 74 92 2894 108 508 2895 74 93 2896 104 507 2897 72 92 2898 108 509 2899 75 91 2900 110 509 2901 75 92 2902 108 508 2903 74 91 2904 827 509 2905 828 90 2906 112 90 2907 112 509 2908 828 510 2909 76 90 2910 112 510 2911 76 89 2912 114 89 2913 114 510 2914 76 511 2915 77 88 2916 119 516 2917 79 87 2918 116 87 2919 116 516 2920 79 512 2921 78 87 2922 116 512 2923 78 86 2924 83 86 2925 83 512 2926 78 497 2927 61 85 2928 80 498 2929 60 84 2930 87 84 2931 87 498 2932 60 513 2933 63 99 2934 94 514 2935 69 98 2936 99 514 2937 69 99 2938 94 503 2939 67 95 2940 102 515 2941 73 94 2942 107 515 2943 73 95 2944 102 506 2945 71 89 2946 114 511 2947 77 88 2948 119 88 2949 119 511 2950 77 516 2951 79 518 2952 542 526 2953 548 525 2954 549 518 2955 542 525 2956 549 517 2957 541 526 2958 548 519 2959 550 527 2960 556 519 2961 550 526 2962 548 518 2963 542 527 2964 551 520 2965 545 528 2966 546 520 2967 545 527 2968 551 519 2969 544 528 2970 546 520 2971 545 521 2972 552 528 2973 546 521 2974 552 529 2975 553 529 2976 553 521 2977 552 522 2978 554 529 2979 553 522 2980 554 530 2981 555 530 2982 555 522 2983 554 523 2984 562 523 2985 562 531 2986 564 530 2987 555 531 2988 561 523 2989 557 524 2990 558 524 2991 558 532 2992 560 531 2993 561 517 2994 541 525 2995 549 532 2996 560 517 2997 541 532 2998 560 524 2999 558 517 3000 541 534 3001 568 518 3002 542 534 3003 568 517 3004 541 533 3005 566 518 3006 542 535 3007 780 519 3008 550 535 3009 780 518 3010 542 534 3011 568 536 3012 788 520 3013 545 541 3014 567 519 3015 544 541 3016 567 520 3017 545 536 3018 788 521 3019 552 520 3020 545 521 3021 552 536 3022 788 537 3023 789 538 3024 790 521 3025 552 537 3026 789 521 3027 552 538 3028 790 522 3029 554 539 3030 791 522 3031 554 538 3032 790 522 3033 554 539 3034 791 523 3035 562 523 3036 557 542 3037 781 524 3038 558 540 3039 782 524 3040 558 542 3041 781 524 3042 558 540 3043 782 517 3044 541 533 3045 566 517 3046 541 540 3047 782 519 3048 570 542 3049 559 523 3050 569 542 3051 559 519 3052 570 535 3053 571 541 3054 543 519 3055 547 539 3056 565 519 3057 547 523 3058 563 539 3059 565 533 3060 566 543 3061 783 534 3062 568 544 3063 784 534 3064 568 543 3065 783 534 3066 568 545 3067 785 535 3068 780 545 3069 785 534 3070 568 544 3071 784 541 3072 567 551 3073 792 536 3074 788 536 3075 788 551 3076 792 546 3077 793 546 3078 793 537 3079 789 536 3080 788 537 3081 789 546 3082 793 547 3083 794 547 3084 794 538 3085 790 537 3086 789 538 3087 790 547 3088 794 548 3089 795 549 3090 796 538 3091 790 548 3092 795 538 3093 790 549 3094 796 539 3095 791 542 3096 781 552 3097 786 540 3098 782 550 3099 787 540 3100 782 552 3101 786 540 3102 782 550 3103 787 533 3104 566 543 3105 783 533 3106 566 550 3107 787 545 3108 577 542 3109 559 535 3110 571 542 3111 559 545 3112 577 552 3113 578 539 3114 565 549 3115 572 541 3116 543 551 3117 573 541 3118 543 549 3119 572 545 3120 577 544 3121 579 543 3122 580 546 3123 574 551 3124 573 547 3125 575 549 3126 572 548 3127 576 547 3128 575 550 3129 583 552 3130 578 543 3131 580 552 3132 578 545 3133 577 543 3134 580 551 3135 573 549 3136 572 547 3137 575 555 3138 584 553 3139 581 554 3140 582 553 3141 581 555 3142 584 556 3143 585 557 3144 586 555 3145 584 554 3146 582 555 3147 584 557 3148 586 558 3149 587 558 3150 587 559 3151 588 560 3152 589 559 3153 588 558 3154 587 557 3155 586 560 3156 589 561 3157 590 562 3158 591 561 3159 590 560 3160 589 559 3161 588 563 3162 592 564 3163 593 561 3164 590 561 3165 590 564 3166 593 562 3167 591 566 3168 595 563 3169 592 565 3170 594 563 3171 592 566 3172 595 564 3173 593 567 3174 596 566 3175 595 565 3176 594 566 3177 595 567 3178 596 568 3179 597 567 3180 596 570 3181 599 568 3182 597 570 3183 599 567 3184 596 569 3185 598 570 3186 599 571 3187 600 572 3188 601 571 3189 600 570 3190 599 569 3191 598 572 3192 601 571 3193 600 574 3194 603 571 3195 600 573 3196 602 574 3197 603 575 3198 606 574 3199 603 573 3200 602 574 3201 603 575 3202 606 576 3203 608 577 3204 610 576 3205 608 575 3206 606 576 3207 608 577 3208 610 578 3209 611 577 3210 829 580 3211 616 578 3212 830 580 3213 616 577 3214 829 579 3215 614 582 3216 620 580 3217 616 579 3218 614 579 3219 614 581 3220 618 582 3221 620 582 3222 620 583 3223 622 584 3224 624 583 3225 622 582 3226 620 581 3227 618 553 3228 581 556 3229 585 583 3230 622 583 3231 622 556 3232 585 584 3233 624 634 3234 626 554 3235 582 635 3236 628 554 3237 582 553 3238 581 635 3239 628 636 3240 630 557 3241 586 634 3242 626 557 3243 586 554 3244 582 634 3245 626 557 3246 586 637 3247 632 559 3248 588 637 3249 632 557 3250 586 636 3251 630 559 3252 588 638 3253 634 561 3254 590 638 3255 634 559 3256 588 637 3257 632 638 3258 634 563 3259 592 561 3260 590 563 3261 592 638 3262 634 639 3263 654 639 3264 654 565 3265 594 563 3266 592 565 3267 594 639 3268 654 640 3269 655 641 3270 658 565 3271 594 640 3272 655 565 3273 594 641 3274 658 567 3275 596 642 3276 660 567 3277 596 641 3278 658 567 3279 596 642 3280 660 569 3281 598 643 3282 662 571 3283 600 642 3284 660 571 3285 600 569 3286 598 642 3287 660 644 3288 663 573 3289 602 643 3290 662 573 3291 602 571 3292 600 643 3293 662 645 3294 666 573 3295 602 644 3296 663 573 3297 602 645 3298 666 575 3299 606 646 3300 668 575 3301 606 645 3302 666 575 3303 606 646 3304 668 577 3305 610 647 3306 670 579 3307 614 646 3308 832 579 3309 614 577 3310 831 646 3311 832 648 3312 672 581 3313 618 647 3314 670 581 3315 618 579 3316 614 647 3317 670 649 3318 674 581 3319 618 648 3320 672 581 3321 618 649 3322 674 583 3323 622 635 3324 628 583 3325 622 649 3326 674 583 3327 622 635 3328 628 553 3329 581 586 3330 609 556 3331 604 585 3332 607 556 3333 604 555 3334 605 585 3335 607 585 3336 607 555 3337 605 587 3338 613 555 3339 605 558 3340 612 587 3341 613 587 3342 613 560 3343 615 588 3344 617 560 3345 615 587 3346 613 558 3347 612 588 3348 617 562 3349 619 589 3350 621 562 3351 619 588 3352 617 560 3353 615 589 3354 621 562 3355 619 590 3356 625 562 3357 619 564 3358 623 590 3359 625 590 3360 625 564 3361 623 591 3362 629 564 3363 623 566 3364 627 591 3365 629 591 3366 629 568 3367 631 592 3368 633 568 3369 631 591 3370 629 566 3371 627 592 3372 633 570 3373 635 593 3374 636 570 3375 635 592 3376 633 568 3377 631 593 3378 636 570 3379 635 594 3380 638 570 3381 635 572 3382 637 594 3383 638 594 3384 638 572 3385 637 595 3386 640 572 3387 637 574 3388 639 595 3389 640 576 3390 641 595 3391 640 574 3392 639 595 3393 640 576 3394 641 596 3395 642 578 3396 643 596 3397 642 576 3398 641 596 3399 642 578 3400 643 597 3401 644 598 3402 646 578 3403 643 580 3404 645 578 3405 643 598 3406 646 597 3407 644 599 3408 648 580 3409 645 582 3410 647 580 3411 645 599 3412 648 598 3413 646 599 3414 648 584 3415 649 600 3416 650 584 3417 649 599 3418 648 582 3419 647 600 3420 650 556 3421 604 586 3422 609 556 3423 604 600 3424 650 584 3425 649 586 3426 609 585 3427 607 601 3428 651 585 3429 607 587 3430 613 601 3431 651 587 3432 613 588 3433 617 601 3434 651 588 3435 617 589 3436 621 601 3437 651 589 3438 621 590 3439 625 601 3440 651 590 3441 625 591 3442 629 601 3443 651 591 3444 629 592 3445 633 601 3446 651 592 3447 633 593 3448 636 601 3449 651 593 3450 636 594 3451 638 601 3452 651 594 3453 638 595 3454 640 601 3455 651 595 3456 640 596 3457 642 601 3458 651 596 3459 642 597 3460 644 601 3461 651 597 3462 644 598 3463 646 601 3464 651 598 3465 646 599 3466 648 601 3467 651 599 3468 648 600 3469 650 601 3470 651 600 3471 650 586 3472 609 601 3473 651 603 3474 682 602 3475 676 604 3476 680 602 3477 676 605 3478 678 604 3479 680 606 3480 686 604 3481 680 607 3482 684 604 3483 680 606 3484 686 603 3485 682 608 3486 689 607 3487 684 609 3488 688 607 3489 684 608 3490 689 606 3491 686 609 3492 688 610 3493 691 608 3494 689 610 3495 691 609 3496 688 611 3497 690 613 3498 692 610 3499 691 611 3500 690 610 3501 691 613 3502 692 612 3503 693 614 3504 695 612 3505 693 615 3506 694 612 3507 693 613 3508 692 615 3509 694 616 3510 697 615 3511 694 617 3512 696 615 3513 694 616 3514 697 614 3515 695 616 3516 697 619 3517 698 618 3518 699 619 3519 698 616 3520 697 617 3521 696 619 3522 698 620 3523 701 618 3524 699 620 3525 701 619 3526 698 621 3527 700 623 3528 702 620 3529 701 621 3530 700 620 3531 701 623 3532 702 622 3533 703 624 3534 797 623 3535 702 625 3536 704 623 3537 702 624 3538 797 622 3539 703 626 3540 799 625 3541 704 627 3542 798 625 3543 704 626 3544 799 624 3545 797 626 3546 833 629 3547 800 628 3548 801 629 3549 800 626 3550 833 627 3551 834 631 3552 802 628 3553 801 629 3554 800 628 3555 801 631 3556 802 630 3557 803 631 3558 802 632 3559 805 630 3560 803 632 3561 805 631 3562 802 633 3563 804 602 3564 676 632 3565 805 605 3566 678 632 3567 805 633 3568 804 605 3569 678 603 3570 682 634 3571 626 635 3572 628 603 3573 682 635 3574 628 602 3575 676 606 3576 686 636 3577 630 634 3578 626 606 3579 686 634 3580 626 603 3581 682 606 3582 686 637 3583 632 636 3584 630 637 3585 632 606 3586 686 608 3587 689 608 3588 689 638 3589 634 637 3590 632 638 3591 634 608 3592 689 610 3593 691 610 3594 691 612 3595 693 638 3596 634 638 3597 634 612 3598 693 639 3599 654 612 3600 693 614 3601 695 639 3602 654 639 3603 654 614 3604 695 640 3605 655 641 3606 658 614 3607 695 616 3608 697 614 3609 695 641 3610 658 640 3611 655 642 3612 660 616 3613 697 618 3614 699 616 3615 697 642 3616 660 641 3617 658 620 3618 701 643 3619 662 642 3620 660 620 3621 701 642 3622 660 618 3623 699 622 3624 703 644 3625 663 643 3626 662 622 3627 703 643 3628 662 620 3629 701 645 3630 666 622 3631 703 624 3632 797 622 3633 703 645 3634 666 644 3635 663 646 3636 668 624 3637 797 626 3638 799 624 3639 797 646 3640 668 645 3641 666 628 3642 801 647 3643 670 646 3644 835 628 3645 801 646 3646 835 626 3647 836 630 3648 803 648 3649 672 647 3650 670 630 3651 803 647 3652 670 628 3653 801 649 3654 674 630 3655 803 632 3656 805 630 3657 803 649 3658 674 648 3659 672 635 3660 628 632 3661 805 602 3662 676 632 3663 805 635 3664 628 649 3665 674 651 3666 653 650 3667 656 605 3668 652 605 3669 652 650 3670 656 604 3671 657 650 3672 656 652 3673 659 604 3674 657 604 3675 657 652 3676 659 607 3677 661 652 3678 659 609 3679 665 607 3680 661 609 3681 665 652 3682 659 653 3683 664 653 3684 664 611 3685 669 609 3686 665 611 3687 669 653 3688 664 654 3689 667 654 3690 667 655 3691 671 611 3692 669 611 3693 669 655 3694 671 613 3695 673 655 3696 671 656 3697 675 613 3698 673 613 3699 673 656 3700 675 615 3701 677 656 3702 675 617 3703 681 615 3704 677 617 3705 681 656 3706 675 657 3707 679 657 3708 679 619 3709 685 617 3710 681 619 3711 685 657 3712 679 658 3713 683 658 3714 683 659 3715 687 619 3716 685 619 3717 685 659 3718 687 621 3719 705 659 3720 687 660 3721 706 621 3722 705 621 3723 705 660 3724 706 623 3725 707 625 3726 709 660 3727 706 661 3728 708 660 3729 706 625 3730 709 623 3731 707 627 3732 711 661 3733 708 662 3734 710 661 3735 708 627 3736 711 625 3737 709 663 3738 712 629 3739 713 627 3740 711 663 3741 712 627 3742 711 662 3743 710 664 3744 714 631 3745 715 629 3746 713 664 3747 714 629 3748 713 663 3749 712 664 3750 714 633 3751 717 631 3752 715 633 3753 717 664 3754 714 665 3755 716 665 3756 716 605 3757 652 633 3758 717 605 3759 652 665 3760 716 651 3761 653 651 3762 653 666 3763 718 650 3764 656 650 3765 656 666 3766 718 652 3767 659 652 3768 659 666 3769 718 653 3770 664 653 3771 664 666 3772 718 654 3773 667 654 3774 667 666 3775 718 655 3776 671 655 3777 671 666 3778 718 656 3779 675 656 3780 675 666 3781 718 657 3782 679 657 3783 679 666 3784 718 658 3785 683 658 3786 683 666 3787 718 659 3788 687 659 3789 687 666 3790 718 660 3791 706 660 3792 706 666 3793 718 661 3794 708 661 3795 708 666 3796 718 662 3797 710 662 3798 710 666 3799 718 663 3800 712 663 3801 712 666 3802 718 664 3803 714 664 3804 714 666 3805 718 665 3806 716 665 3807 716 666 3808 718 651 3809 653 670 3810 840 668 3811 838 669 3812 839 668 3813 838 670 3814 840 667 3815 837 667 3816 837 671 3817 851 668 3818 838 668 3819 838 671 3820 851 672 3821 852 669 3822 839 674 3823 859 670 3824 840 674 3825 859 669 3826 839 673 3827 858 673 3828 842 676 3829 844 674 3830 841 676 3831 844 673 3832 842 675 3833 843 675 3834 843 677 3835 845 676 3836 844 676 3837 844 677 3838 845 678 3839 846 678 3840 846 677 3841 845 679 3842 847 678 3843 846 679 3844 847 680 3845 848 672 3846 849 671 3847 850 680 3848 848 680 3849 848 679 3850 847 672 3851 849 669 3852 839 668 3853 838 681 3854 865 669 3855 839 681 3856 865 682 3857 866 672 3858 852 683 3859 872 668 3860 838 668 3861 838 683 3862 872 681 3863 865 684 3864 873 669 3865 839 682 3866 866 669 3867 839 684 3868 873 673 3869 858 673 3870 842 684 3871 853 675 3872 843 685 3873 854 675 3874 843 684 3875 853 677 3876 845 675 3877 843 686 3878 855 686 3879 855 675 3880 843 685 3881 854 677 3882 845 687 3883 856 679 3884 847 687 3885 856 677 3886 845 686 3887 855 683 3888 857 679 3889 847 687 3890 856 679 3891 847 683 3892 857 672 3893 849 688 3894 986 689 3895 987 682 3896 866 682 3897 866 681 3898 865 688 3899 986 688 3900 986 683 3901 872 690 3902 988 683 3903 872 688 3904 986 681 3905 865 689 3906 987 684 3907 873 682 3908 866 684 3909 873 689 3910 987 691 3911 989 684 3912 853 692 3913 861 685 3914 854 692 3915 861 684 3916 853 691 3917 860 685 3918 854 693 3919 862 686 3920 855 693 3921 862 685 3922 854 692 3923 861 693 3924 862 687 3925 856 686 3926 855 687 3927 856 693 3928 862 694 3929 863 687 3930 856 690 3931 864 683 3932 857 690 3933 864 687 3934 856 694 3935 863 696 3936 991 688 3937 986 695 3938 990 688 3939 986 696 3940 991 689 3941 987 695 3942 990 688 3943 986 697 3944 992 688 3945 986 690 3946 988 697 3947 992 696 3948 991 691 3949 989 689 3950 987 698 3951 993 691 3952 989 696 3953 991 698 3954 867 692 3955 861 691 3956 860 698 3957 867 699 3958 868 692 3959 861 699 3960 868 693 3961 862 692 3962 861 693 3963 862 699 3964 868 700 3965 869 693 3966 862 701 3967 870 694 3968 863 701 3969 870 693 3970 862 700 3971 869 694 3972 863 697 3973 871 690 3974 864 697 3975 871 694 3976 863 701 3977 870 695 3978 990 702 3979 994 696 3980 991 703 3981 995 696 3982 991 702 3983 994 702 3984 994 695 3985 990 697 3986 992 697 3987 992 704 3988 996 702 3989 994 696 3990 991 703 3991 995 698 3992 993 705 3993 997 698 3994 993 703 3995 995 699 3996 868 705 3997 874 706 3998 875 705 3999 874 699 4000 868 698 4001 867 699 4002 868 707 4003 876 700 4004 869 707 4005 876 699 4006 868 706 4007 875 700 4008 869 708 4009 877 701 4010 870 708 4011 877 700 4012 869 707 4013 876 701 4014 870 704 4015 878 697 4016 871 704 4017 878 701 4018 870 708 4019 877 774 4020 881 773 4021 882 710 4022 880 710 4023 880 773 4024 882 709 4025 879 775 4026 884 774 4027 881 711 4028 883 711 4029 883 774 4030 881 710 4031 880 711 4032 883 776 4033 886 775 4034 884 776 4035 886 711 4036 883 712 4037 885 712 4038 885 777 4039 888 776 4040 886 777 4041 888 712 4042 885 713 4043 887 777 4044 888 713 4045 887 714 4046 889 777 4047 888 714 4048 889 778 4049 890 778 4050 890 714 4051 889 715 4052 891 778 4053 890 715 4054 891 779 4055 892 780 4056 894 715 4057 891 716 4058 893 715 4059 891 780 4060 894 779 4061 892 781 4062 896 716 4063 893 717 4064 895 716 4065 893 781 4066 896 780 4067 894 782 4068 898 781 4069 896 718 4070 897 718 4071 897 781 4072 896 717 4073 895 783 4074 900 782 4075 898 719 4076 899 719 4077 899 782 4078 898 718 4079 897 784 4080 902 719 4081 899 720 4082 901 719 4083 899 784 4084 902 783 4085 900 785 4086 904 720 4087 901 721 4088 903 720 4089 901 785 4090 904 784 4091 902 786 4092 906 785 4093 1022 722 4094 905 722 4095 905 785 4096 1022 721 4097 1021 787 4098 908 786 4099 906 723 4100 907 723 4101 907 786 4102 906 722 4103 905 788 4104 910 723 4105 907 724 4106 909 723 4107 907 788 4108 910 787 4109 908 773 4110 882 724 4111 909 709 4112 879 724 4113 909 773 4114 882 788 4115 910 709 4116 879 741 4117 911 710 4118 880 710 4119 880 741 4120 911 742 4121 912 743 4122 930 711 4123 883 742 4124 912 711 4125 883 710 4126 880 742 4127 912 744 4128 931 711 4129 883 743 4130 930 711 4131 883 744 4132 931 712 4133 885 745 4134 932 712 4135 885 744 4136 931 712 4137 885 745 4138 932 713 4139 887 713 4140 887 746 4141 933 714 4142 889 746 4143 933 713 4144 887 745 4145 932 714 4146 889 746 4147 933 715 4148 891 715 4149 891 746 4150 933 747 4151 934 748 4152 935 716 4153 893 747 4154 934 716 4155 893 715 4156 891 747 4157 934 749 4158 936 717 4159 895 748 4160 935 717 4161 895 716 4162 893 748 4163 935 750 4164 937 717 4165 895 749 4166 936 717 4167 895 750 4168 937 718 4169 897 718 4170 897 751 4171 938 719 4172 899 751 4173 938 718 4174 897 750 4175 937 751 4176 938 720 4177 901 719 4178 899 720 4179 901 751 4180 938 752 4181 939 720 4182 901 753 4183 940 721 4184 903 753 4185 940 720 4186 901 752 4187 939 754 4188 941 722 4189 905 753 4190 1024 722 4191 905 721 4192 1023 753 4193 1024 723 4194 907 754 4195 941 755 4196 942 754 4197 941 723 4198 907 722 4199 905 755 4200 942 724 4201 909 723 4202 907 724 4203 909 755 4204 942 756 4205 943 724 4206 909 741 4207 911 709 4208 879 741 4209 911 724 4210 909 756 4211 943 726 4212 945 757 4213 947 725 4214 944 757 4215 947 726 4216 945 758 4217 946 759 4218 949 726 4219 945 727 4220 948 726 4221 945 759 4222 949 758 4223 946 759 4224 949 728 4225 950 760 4226 951 728 4227 950 759 4228 949 727 4229 948 760 4230 951 728 4231 950 761 4232 953 728 4233 950 729 4234 952 761 4235 953 730 4236 954 761 4237 953 729 4238 952 761 4239 953 730 4240 954 762 4241 955 763 4242 957 730 4243 954 731 4244 956 730 4245 954 763 4246 957 762 4247 955 732 4248 958 763 4249 957 731 4250 956 763 4251 957 732 4252 958 764 4253 959 732 4254 958 765 4255 961 764 4256 959 765 4257 961 732 4258 958 733 4259 960 765 4260 961 733 4261 960 766 4262 963 733 4263 960 734 4264 962 766 4265 963 766 4266 963 734 4267 962 767 4268 1010 734 4269 962 735 4270 1009 767 4271 1010 736 4272 1011 768 4273 1012 735 4274 1009 735 4275 1009 768 4276 1012 767 4277 1010 769 4278 1014 736 4279 1011 737 4280 1013 736 4281 1011 769 4282 1014 768 4283 1012 737 4284 1025 770 4285 1016 769 4286 1026 770 4287 1016 737 4288 1025 738 4289 1015 770 4290 1016 739 4291 1017 771 4292 1018 739 4293 1017 770 4294 1016 738 4295 1015 771 4296 1018 740 4297 1019 772 4298 1020 740 4299 1019 771 4300 1018 739 4301 1017 725 4302 944 757 4303 947 740 4304 1019 740 4305 1019 757 4306 947 772 4307 1020 774 4308 881 726 4309 945 773 4310 882 726 4311 945 725 4312 944 773 4313 882 775 4314 884 727 4315 948 774 4316 881 727 4317 948 726 4318 945 774 4319 881 727 4320 948 776 4321 886 728 4322 950 776 4323 886 727 4324 948 775 4325 884 728 4326 950 777 4327 888 729 4328 952 777 4329 888 728 4330 950 776 4331 886 777 4332 888 730 4333 954 729 4334 952 730 4335 954 777 4336 888 778 4337 890 778 4338 890 731 4339 956 730 4340 954 731 4341 956 778 4342 890 779 4343 892 780 4344 894 731 4345 956 779 4346 892 731 4347 956 780 4348 894 732 4349 958 781 4350 896 732 4351 958 780 4352 894 732 4353 958 781 4354 896 733 4355 960 782 4356 898 734 4357 962 781 4358 896 734 4359 962 733 4360 960 781 4361 896 783 4362 900 735 4363 1009 782 4364 898 735 4365 1009 734 4366 962 782 4367 898 784 4368 902 735 4369 1009 783 4370 900 735 4371 1009 784 4372 902 736 4373 1011 785 4374 904 736 4375 1011 784 4376 902 736 4377 1011 785 4378 904 737 4379 1013 786 4380 906 738 4381 1015 785 4382 1028 738 4383 1015 737 4384 1027 785 4385 1028 787 4386 908 739 4387 1017 786 4388 906 739 4389 1017 738 4390 1015 786 4391 906 788 4392 910 739 4393 1017 787 4394 908 739 4395 1017 788 4396 910 740 4397 1019 773 4398 882 740 4399 1019 788 4400 910 740 4401 1019 773 4402 882 725 4403 944 742 4404 913 741 4405 914 789 4406 915 743 4407 916 742 4408 913 789 4409 915 744 4410 917 743 4411 916 789 4412 915 745 4413 918 744 4414 917 789 4415 915 746 4416 919 745 4417 918 789 4418 915 747 4419 920 746 4420 919 789 4421 915 748 4422 921 747 4423 920 789 4424 915 749 4425 922 748 4426 921 789 4427 915 750 4428 923 749 4429 922 789 4430 915 751 4431 924 750 4432 923 789 4433 915 752 4434 925 751 4435 924 789 4436 915 753 4437 926 752 4438 925 789 4439 915 754 4440 927 753 4441 926 789 4442 915 755 4443 928 754 4444 927 789 4445 915 756 4446 929 755 4447 928 789 4448 915 741 4449 914 756 4450 929 789 4451 915 790 4452 967 757 4453 964 791 4454 966 757 4455 964 758 4456 965 791 4457 966 791 4458 966 758 4459 965 792 4460 969 758 4461 965 759 4462 968 792 4463 969 792 4464 969 760 4465 970 793 4466 971 760 4467 970 792 4468 969 759 4469 968 793 4470 971 761 4471 972 794 4472 973 761 4473 972 793 4474 971 760 4475 970 794 4476 973 761 4477 972 795 4478 975 761 4479 972 762 4480 974 795 4481 975 795 4482 975 762 4483 974 796 4484 977 762 4485 974 763 4486 976 796 4487 977 796 4488 977 764 4489 978 797 4490 979 764 4491 978 796 4492 977 763 4493 976 797 4494 979 765 4495 980 798 4496 981 765 4497 980 797 4498 979 764 4499 978 798 4500 981 765 4501 980 799 4502 983 765 4503 980 766 4504 982 799 4505 983 799 4506 983 766 4507 982 800 4508 985 766 4509 982 767 4510 984 800 4511 985 768 4512 998 800 4513 985 767 4514 984 800 4515 985 768 4516 998 801 4517 999 769 4518 1000 801 4519 999 768 4520 998 801 4521 999 769 4522 1000 802 4523 1001 803 4524 1003 769 4525 1000 770 4526 1002 769 4527 1000 803 4528 1003 802 4529 1001 804 4530 1005 770 4531 1002 771 4532 1004 770 4533 1002 804 4534 1005 803 4535 1003 804 4536 1005 772 4537 1006 805 4538 1007 772 4539 1006 804 4540 1005 771 4541 1004 805 4542 1007 757 4543 964 790 4544 967 757 4545 964 805 4546 1007 772 4547 1006 790 4548 967 791 4549 966 806 4550 1008 791 4551 966 792 4552 969 806 4553 1008 792 4554 969 793 4555 971 806 4556 1008 793 4557 971 794 4558 973 806 4559 1008 794 4560 973 795 4561 975 806 4562 1008 795 4563 975 796 4564 977 806 4565 1008 796 4566 977 797 4567 979 806 4568 1008 797 4569 979 798 4570 981 806 4571 1008 798 4572 981 799 4573 983 806 4574 1008 799 4575 983 800 4576 985 806 4577 1008 800 4578 985 801 4579 999 806 4580 1008 801 4581 999 802 4582 1001 806 4583 1008 802 4584 1001 803 4585 1003 806 4586 1008 803 4587 1003 804 4588 1005 806 4589 1008 804 4590 1005 805 4591 1007 806 4592 1008 805 4593 1007 790 4594 967 806 4595 1008 810 4596 1032 808 4597 1030 807 4598 1029 808 4599 1030 810 4600 1032 809 4601 1031 807 4602 1029 808 4603 1030 811 4604 1033 808 4605 1030 812 4606 1034 811 4607 1033 814 4608 1036 809 4609 1031 810 4610 1032 809 4611 1031 814 4612 1036 813 4613 1035 816 4614 1040 813 4615 1038 814 4616 1037 813 4617 1038 816 4618 1040 815 4619 1039 817 4620 1041 815 4621 1039 816 4622 1040 816 4623 1040 818 4624 1042 817 4625 1041 820 4626 1044 819 4627 1043 818 4628 1042 817 4629 1041 818 4630 1042 819 4631 1043 811 4632 1046 812 4633 1045 820 4634 1044 819 4635 1043 820 4636 1044 812 4637 1045 821 4638 1047 809 4639 1031 822 4640 1048 808 4641 1030 809 4642 1031 821 4643 1047 823 4644 1049 812 4645 1034 808 4646 1030 808 4647 1030 821 4648 1047 823 4649 1049 809 4650 1031 824 4651 1050 822 4652 1048 824 4653 1050 809 4654 1031 813 4655 1035 813 4656 1038 815 4657 1039 824 4658 1051 815 4659 1039 825 4660 1052 824 4661 1051 815 4662 1039 826 4663 1053 825 4664 1052 815 4665 1039 817 4666 1041 826 4667 1053 827 4668 1054 817 4669 1041 819 4670 1043 817 4671 1041 827 4672 1054 826 4673 1053 823 4674 1055 819 4675 1043 812 4676 1045 819 4677 1043 823 4678 1055 827 4679 1054 829 4680 1057 828 4681 1056 822 4682 1048 822 4683 1048 828 4684 1056 821 4685 1047 828 4686 1056 823 4687 1049 821 4688 1047 823 4689 1049 828 4690 1056 830 4691 1058 829 4692 1057 822 4693 1048 824 4694 1050 829 4695 1057 824 4696 1050 831 4697 1059 824 4698 1051 832 4699 1061 831 4700 1060 832 4701 1061 824 4702 1051 825 4703 1052 825 4704 1052 833 4705 1062 832 4706 1061 833 4707 1062 825 4708 1052 826 4709 1053 833 4710 1062 826 4711 1053 827 4712 1054 833 4713 1062 827 4714 1054 834 4715 1063 827 4716 1054 830 4717 1064 834 4718 1063 830 4719 1064 827 4720 1054 823 4721 1055 836 4722 1066 828 4723 1056 829 4724 1057 828 4725 1056 836 4726 1066 835 4727 1065 835 4728 1065 837 4729 1067 828 4730 1056 828 4731 1056 837 4732 1067 830 4733 1058 836 4734 1066 831 4735 1059 838 4736 1068 836 4737 1066 829 4738 1057 831 4739 1059 838 4740 1069 832 4741 1061 839 4742 1070 838 4743 1069 831 4744 1060 832 4745 1061 832 4746 1061 833 4747 1062 839 4748 1070 839 4749 1070 833 4750 1062 840 4751 1071 833 4752 1062 841 4753 1072 840 4754 1071 841 4755 1072 833 4756 1062 834 4757 1063 834 4758 1063 837 4759 1073 841 4760 1072 837 4761 1073 834 4762 1063 830 4763 1064 842 4764 1074 836 4765 1066 843 4766 1075 836 4767 1066 842 4768 1074 835 4769 1065 844 4770 1076 837 4771 1067 842 4772 1074 835 4773 1065 842 4774 1074 837 4775 1067 843 4776 1075 838 4777 1068 845 4778 1077 838 4779 1068 843 4780 1075 836 4781 1066 845 4782 1078 839 4783 1070 846 4784 1079 839 4785 1070 845 4786 1078 838 4787 1069 839 4788 1070 847 4789 1080 846 4790 1079 847 4791 1080 839 4792 1070 840 4793 1071 840 4794 1071 848 4795 1081 847 4796 1080 848 4797 1081 840 4798 1071 841 4799 1072 841 4800 1072 844 4801 1082 848 4802 1081 844 4803 1082 841 4804 1072 837 4805 1073 850 4806 1084 852 4807 1086 851 4808 1085 852 4809 1086 850 4810 1084 849 4811 1083 853 4812 1087 851 4813 1085 854 4814 1088 851 4815 1085 853 4816 1087 850 4817 1084 853 4818 1087 856 4819 1090 855 4820 1089 856 4821 1090 853 4822 1087 854 4823 1088 855 4824 1089 858 4825 1092 857 4826 1091 858 4827 1092 855 4828 1089 856 4829 1090 857 4830 1091 858 4831 1092 859 4832 1093 858 4833 1092 860 4834 1094 859 4835 1093 859 4836 1093 860 4837 1094 861 4838 1095 860 4839 1094 862 4840 1096 861 4841 1095 864 4842 1098 861 4843 1095 862 4844 1096 861 4845 1095 864 4846 1098 863 4847 1097 866 4848 1100 863 4849 1097 864 4850 1098 863 4851 1097 866 4852 1100 865 4853 1099 867 4854 1101 866 4855 1100 868 4856 1102 866 4857 1100 867 4858 1101 865 4859 1099 869 4860 1103 868 4861 1102 870 4862 1104 868 4863 1102 869 4864 1103 867 4865 1101 872 4866 1106 869 4867 1103 870 4868 1104 869 4869 1103 872 4870 1106 871 4871 1105 874 4872 1108 871 4873 1105 872 4874 1106 871 4875 1105 874 4876 1108 873 4877 1107 875 4878 1110 874 4879 1112 876 4880 1111 874 4881 1112 875 4882 1110 873 4883 1109 877 4884 1113 876 4885 1111 878 4886 1114 876 4887 1111 877 4888 1113 875 4889 1110 880 4890 1116 877 4891 1113 878 4892 1114 877 4893 1113 880 4894 1116 879 4895 1115 852 4896 1086 879 4897 1115 880 4898 1116 879 4899 1115 852 4900 1086 849 4901 1083 849 4902 1083 850 4903 1084 881 4904 1117 850 4905 1084 882 4906 1118 881 4907 1117 882 4908 1118 853 4909 1087 883 4910 1119 853 4911 1087 882 4912 1118 850 4913 1084 884 4914 1120 853 4915 1087 855 4916 1089 853 4917 1087 884 4918 1120 883 4919 1119 855 4920 1089 885 4921 1121 884 4922 1120 885 4923 1121 855 4924 1089 857 4925 1091 857 4926 1091 886 4927 1122 885 4928 1121 886 4929 1122 857 4930 1091 859 4931 1093 859 4932 1093 861 4933 1095 886 4934 1122 861 4935 1095 887 4936 1123 886 4937 1122 887 4938 1123 863 4939 1097 888 4940 1124 863 4941 1097 887 4942 1123 861 4943 1095 888 4944 1124 865 4945 1099 889 4946 1125 865 4947 1099 888 4948 1124 863 4949 1097 865 4950 1099 890 4951 1126 889 4952 1125 890 4953 1126 865 4954 1099 867 4955 1101 867 4956 1101 891 4957 1127 890 4958 1126 891 4959 1127 867 4960 1101 869 4961 1103 869 4962 1103 871 4963 1105 891 4964 1127 871 4965 1105 892 4966 1128 891 4967 1127 893 4968 1129 871 4969 1105 873 4970 1107 871 4971 1105 893 4972 1129 892 4973 1128 893 4974 1131 875 4975 1110 894 4976 1132 875 4977 1110 893 4978 1131 873 4979 1130 877 4980 1113 894 4981 1132 875 4982 1110 894 4983 1132 877 4984 1113 895 4985 1133 895 4986 1133 877 4987 1113 879 4988 1115 895 4989 1133 879 4990 1115 896 4991 1134 879 4992 1115 881 4993 1117 896 4994 1134 881 4995 1117 879 4996 1115 849 4997 1083 898 4998 1136 900 4999 1138 899 5000 1137 900 5001 1138 898 5002 1136 897 5003 1135 902 5004 1140 901 5005 1139 898 5006 1136 902 5007 1140 898 5008 1136 899 5009 1137 903 5010 1141 902 5011 1140 904 5012 1142 902 5013 1140 903 5014 1141 901 5015 1139 906 5016 1144 903 5017 1141 904 5018 1142 903 5019 1141 906 5020 1144 905 5021 1143 906 5022 1144 907 5023 1145 905 5024 1143 907 5025 1145 906 5026 1144 908 5027 1146 909 5028 1147 907 5029 1145 910 5030 1148 907 5031 1145 908 5032 1146 910 5033 1148 911 5034 1149 910 5035 1148 912 5036 1150 910 5037 1148 911 5038 1149 909 5039 1147 911 5040 1149 914 5041 1152 913 5042 1151 914 5043 1152 911 5044 1149 912 5045 1150 916 5046 1154 913 5047 1151 914 5048 1152 913 5049 1151 916 5050 1154 915 5051 1153 918 5052 1156 915 5053 1153 916 5054 1154 915 5055 1153 918 5056 1156 917 5057 1155 919 5058 1157 917 5059 1155 920 5060 1158 917 5061 1155 918 5062 1156 920 5063 1158 922 5064 1160 921 5065 1159 919 5066 1157 919 5067 1157 920 5068 1158 922 5069 1160 921 5070 1161 924 5071 1163 923 5072 1162 924 5073 1163 921 5074 1161 922 5075 1164 924 5076 1163 925 5077 1165 923 5078 1162 925 5079 1165 924 5080 1163 926 5081 1166 926 5082 1166 927 5083 1167 925 5084 1165 927 5085 1167 926 5086 1166 928 5087 1168 897 5088 1135 927 5089 1167 900 5090 1138 927 5091 1167 928 5092 1168 900 5093 1138 898 5094 1136 851 5095 1085 852 5096 1086 898 5097 1136 852 5098 1086 897 5099 1135 901 5100 1139 854 5101 1088 851 5102 1085 901 5103 1139 851 5104 1085 898 5105 1136 901 5106 1139 856 5107 1090 854 5108 1088 856 5109 1090 901 5110 1139 903 5111 1141 903 5112 1141 858 5113 1092 856 5114 1090 858 5115 1092 903 5116 1141 905 5117 1143 905 5118 1143 907 5119 1145 858 5120 1092 858 5121 1092 907 5122 1145 860 5123 1094 907 5124 1145 909 5125 1147 860 5126 1094 860 5127 1094 909 5128 1147 862 5129 1096 864 5130 1098 909 5131 1147 911 5132 1149 909 5133 1147 864 5134 1098 862 5135 1096 866 5136 1100 911 5137 1149 913 5138 1151 911 5139 1149 866 5140 1100 864 5141 1098 915 5142 1153 868 5143 1102 866 5144 1100 915 5145 1153 866 5146 1100 913 5147 1151 917 5148 1155 870 5149 1104 868 5150 1102 917 5151 1155 868 5152 1102 915 5153 1153 872 5154 1106 917 5155 1155 919 5156 1157 917 5157 1155 872 5158 1106 870 5159 1104 874 5160 1108 919 5161 1157 921 5162 1159 919 5163 1157 874 5164 1108 872 5165 1106 923 5166 1162 876 5167 1111 874 5168 1170 923 5169 1162 874 5170 1170 921 5171 1169 925 5172 1165 878 5173 1114 876 5174 1111 925 5175 1165 876 5176 1111 923 5177 1162 880 5178 1116 925 5179 1165 927 5180 1167 925 5181 1165 880 5182 1116 878 5183 1114 852 5184 1086 927 5185 1167 897 5186 1135 927 5187 1167 852 5188 1086 880 5189 1116 882 5190 1171 929 5191 1173 881 5192 1172 883 5193 1174 929 5194 1173 882 5195 1171 884 5196 1175 929 5197 1173 883 5198 1174 885 5199 1176 929 5200 1173 884 5201 1175 886 5202 1177 929 5203 1173 885 5204 1176 887 5205 1178 929 5206 1173 886 5207 1177 888 5208 1179 929 5209 1173 887 5210 1178 889 5211 1180 929 5212 1173 888 5213 1179 890 5214 1181 929 5215 1173 889 5216 1180 891 5217 1182 929 5218 1173 890 5219 1181 892 5220 1183 929 5221 1173 891 5222 1182 893 5223 1184 929 5224 1173 892 5225 1183 894 5226 1185 929 5227 1173 893 5228 1184 895 5229 1186 929 5230 1173 894 5231 1185 896 5232 1187 929 5233 1173 895 5234 1186 881 5235 1172 929 5236 1173 896 5237 1187 931 5238 1191 930 5239 1190 900 5240 1188 900 5241 1188 930 5242 1190 899 5243 1189 930 5244 1190 932 5245 1193 899 5246 1189 902 5247 1192 899 5248 1189 932 5249 1193 932 5250 1193 904 5251 1194 902 5252 1192 904 5253 1194 932 5254 1193 933 5255 1195 933 5256 1195 906 5257 1196 904 5258 1194 906 5259 1196 933 5260 1195 934 5261 1197 934 5262 1197 935 5263 1199 906 5264 1196 906 5265 1196 935 5266 1199 908 5267 1198 935 5268 1199 936 5269 1201 908 5270 1198 910 5271 1200 908 5272 1198 936 5273 1201 936 5274 1201 912 5275 1202 910 5276 1200 912 5277 1202 936 5278 1201 937 5279 1203 937 5280 1203 914 5281 1204 912 5282 1202 914 5283 1204 937 5284 1203 938 5285 1205 938 5286 1205 939 5287 1207 914 5288 1204 914 5289 1204 939 5290 1207 916 5291 1206 939 5292 1207 940 5293 1209 916 5294 1206 918 5295 1208 916 5296 1206 940 5297 1209 920 5298 1210 940 5299 1209 941 5300 1211 940 5301 1209 920 5302 1210 918 5303 1208 922 5304 1212 941 5305 1211 942 5306 1213 941 5307 1211 922 5308 1212 920 5309 1210 943 5310 1215 924 5311 1214 922 5312 1212 943 5313 1215 922 5314 1212 942 5315 1213 944 5316 1217 926 5317 1216 924 5318 1214 944 5319 1217 924 5320 1214 943 5321 1215 944 5322 1217 928 5323 1218 926 5324 1216 928 5325 1218 944 5326 1217 945 5327 1219 945 5328 1219 900 5329 1188 928 5330 1218 900 5331 1188 945 5332 1219 931 5333 1191 931 5334 1191 946 5335 1220 930 5336 1190 930 5337 1190 946 5338 1220 932 5339 1193 932 5340 1193 946 5341 1220 933 5342 1195 933 5343 1195 946 5344 1220 934 5345 1197 934 5346 1197 946 5347 1220 935 5348 1199 935 5349 1199 946 5350 1220 936 5351 1201 936 5352 1201 946 5353 1220 937 5354 1203 937 5355 1203 946 5356 1220 938 5357 1205 938 5358 1205 946 5359 1220 939 5360 1207 939 5361 1207 946 5362 1220 940 5363 1209 940 5364 1209 946 5365 1220 941 5366 1211 941 5367 1211 946 5368 1220 942 5369 1213 942 5370 1213 946 5371 1220 943 5372 1215 943 5373 1215 946 5374 1220 944 5375 1217 944 5376 1217 946 5377 1220 945 5378 1219 945 5379 1219 946 5380 1220 931 5381 1191</p></triangles>
      </mesh>
    </geometry>
    <geometry id="props01-lib" name="props01Mesh">
      <mesh>
        <source id="props01-POSITION">
          <float_array id="props01-POSITION-array" count="12">
-1.130384 0.273870 5.572333
1.130386 0.273870 5.572333
-1.130384 2.534639 5.572333
1.130386 2.534639 5.572336
</float_array>
          <technique_common>
            <accessor source="#props01-POSITION-array" count="4" stride="3">
              <param name="X" type="float"/>
              <param name="Y" type="float"/>
              <param name="Z" type="float"/>
            </accessor>
          </technique_common>
        </source>
        <source id="props01-Normal0">
          <float_array id="props01-Normal0-array" count="18">
-0.000000 -0.000001 1.000000
-0.000000 -0.000001 1.000000
-0.000000 -0.000001 1.000000
-0.000000 -0.000001 1.000000
-0.000000 -0.000001 1.000000
-0.000000 -0.000001 1.000000
</float_array>
          <technique_common>
            <accessor source="#props01-Normal0-array" count="6" stride="3">
              <param name="X" type="float"/>
              <param name="Y" type="float"/>
              <param name="Z" type="float"/>
            </accessor>
          </technique_common>
        </source>
        <source id="props01-UV0">
          <float_array id="props01-UV0-array" count="8">
0.000000 0.000000
1.000000 0.000000
0.000000 1.000000
1.000000 1.000000
</float_array>
          <technique_common>
            <accessor source="#props01-UV0-array" count="4" stride="2">
              <param name="S" type="float"/>
              <param name="T" type="float"/>
            </accessor>
          </technique_common>
        </source>
        <vertices id="props01-VERTEX">
          <input semantic="POSITION" source="#props01-POSITION"/>
        </vertices>
        <triangles count="2" material="prop_1"><input semantic="VERTEX" offset="0" source="#props01-VERTEX"/><input semantic="NORMAL" offset="1" source="#props01-Normal0"/><input semantic="TEXCOORD" offset="2" set="0" source="#props01-UV0"/><p> 3 0 3 2 1 2 0 2 0 3 3 3 0 4 0 1 5 1</p></triangles>
      </mesh>
    </geometry>
  </library_geometries>
  <library_visual_scenes>
    <visual_scene id="c-208" name="c-208">
      <node name="hull" id="hull" sid="hull"><matrix sid="matrix">-1.000000 0.000000 0.000000 0.000000 0.000000 1.000000 -0.000000 0.000000 -0.000000 -0.000000 -1.000000 0.000000 0.000000 0.000000 0.000000 1.000000</matrix><instance_geometry url="#hull-lib"><bind_material><technique_common><instance_material symbol="c-208" target="#c-208"/></technique_common></bind_material></instance_geometry><extra><technique profile="FCOLLADA"><visibility>1.000000</visibility></technique></extra></node>
      <node name="props01" id="props01" sid="props01"><matrix sid="matrix">-1.000000 0.000000 0.000000 0.000000 0.000000 1.000000 -0.000000 0.000000 -0.000000 -0.000000 -1.000000 0.000000 0.000000 0.000000 0.000000 1.000000</matrix><instance_geometry url="#props01-lib"><bind_material><technique_common><instance_material symbol="prop_1" target="#prop_1"/></technique_common></bind_material></instance_geometry><extra><technique profile="FCOLLADA"><visibility>1.000000</visibility></technique></extra></node>
      <extra><technique profile="MAX3D"><frame_rate>30.000000</frame_rate></technique><technique profile="FCOLLADA"><start_time>0.000000</start_time><end_time>3.333333</end_time></technique></extra>
    </visual_scene>
  </library_visual_scenes>
  <scene>
    <instance_visual_scene url="#c-208"></instance_visual_scene>
  </scene>
</COLLADA>
