<?xml version="1.0" encoding="utf-8"?>
<COLLADA xmlns="http://www.collada.org/2005/11/COLLADASchema" version="1.4.1">
  <asset><contributor><author></author><authoring_tool>FBX COLLADA exporter</authoring_tool><comments></comments></contributor><created>2019-12-05T14:56:47Z</created><keywords></keywords><modified>2019-12-05T14:56:47Z</modified><revision></revision><subject></subject><title></title><unit meter="1.000000" name="centimeter"></unit><up_axis>Y_UP</up_axis></asset>
  <library_images>
    <image id="Bitmaptexture-image" name="Bitmaptexture"><init_from>file://kc135.dds.png</init_from></image>
  </library_images>
  <library_materials>
    <material id="kc135" name="kc135">
      <instance_effect url="#kc135-fx"/>
    </material>
  </library_materials>
  <library_effects>
    <effect id="kc135-fx" name="kc135">
      <profile_COMMON>
        <technique sid="standard">
          <phong>
            <emission>
              <color sid="emission">0.000000  0.000000 0.000000 1.000000</color>
            </emission>
            <ambient>
              <color sid="ambient">0.000000  0.000000 0.000000 1.000000</color>
            </ambient>
            <diffuse>
              <texture texture="Bitmaptexture-image" texcoord="CHANNEL0">
                <extra>
                  <technique profile="MAYA">
                    <wrapU sid="wrapU0">TRUE</wrapU>
                    <wrapV sid="wrapV0">TRUE</wrapV>
                    <blend_mode>ADD</blend_mode>
                  </technique>
                </extra>
              </texture>
            </diffuse>
            <specular>
              <color sid="specular">0.000000  0.000000 0.000000 1.000000</color>
            </specular>
            <shininess>
              <float sid="shininess">2.000000</float>
            </shininess>
            <reflective>
              <color sid="reflective">0.000000  0.000000 0.000000 1.000000</color>
            </reflective>
            <reflectivity>
              <float sid="reflectivity">1.000000</float>
            </reflectivity>
            <transparent opaque="RGB_ZERO">
              <color sid="transparent">1.000000  1.000000 1.000000 1.000000</color>
            </transparent>
            <transparency>
              <float sid="transparency">0.000000</float>
            </transparency>
          </phong>
        </technique>
      </profile_COMMON>
    </effect>
  </library_effects>
  <library_geometries>
    <geometry id="hull-lib" name="hullMesh">
      <mesh>
        <source id="hull-POSITION">
          <float_array id="hull-POSITION-array" count="2361">
1.475856 19.386284 4.657054
1.001921 20.291729 4.615310
0.817497 20.294304 5.253267
1.209154 19.399982 5.424224
1.801566 18.636412 4.873235
1.494679 18.633837 3.539191
1.209154 19.372587 3.640306
2.030487 17.480898 4.964593
1.696867 17.480898 3.359667
2.227255 15.021969 4.980552
1.865295 15.021969 3.177694
2.255592 6.722736 4.929049
1.893632 6.722736 3.060908
2.227251 -1.877314 4.951381
1.865291 -1.877314 3.100161
2.030482 -6.169321 5.186645
1.696862 -6.169321 3.497519
1.782741 -8.837149 5.554218
1.475854 -8.837149 4.119314
1.362934 -12.396149 5.972343
1.475854 -8.837149 6.989122
1.115051 -12.396149 7.097482
1.007506 -16.068272 6.343824
0.798669 -16.068275 5.622117
1.115051 -12.396149 4.847205
0.311578 -19.340847 6.521603
0.259593 -19.306431 6.157879
0.230148 21.246208 4.427417
0.246571 21.308224 4.626356
0.817496 20.289154 3.977352
0.322526 19.366720 3.234361
0.264661 20.288330 3.721253
0.264661 20.295128 5.509366
0.322526 19.405849 5.830171
0.328770 19.352169 5.893909
1.380415 18.943527 5.893909
0.362711 18.633013 3.006754
0.694385 18.639595 6.600711
0.411630 18.639809 6.739716
0.687482 17.480898 7.210173
1.694262 17.480900 6.600711
0.389444 17.480898 2.719014
0.978512 15.021969 7.504067
1.967658 15.021969 6.783411
1.778141 17.122322 6.600711
0.417782 15.021969 2.457037
1.031953 6.722736 7.542675
1.995995 6.722736 6.797189
0.417780 6.722736 2.315422
0.978508 -1.877314 7.542675
1.967654 -1.877314 6.802601
0.417778 -1.877314 2.360086
0.687477 -6.169321 7.550274
1.745781 -6.169321 6.875770
0.860874 -6.166945 2.836617
0.549822 -8.837149 7.561691
0.836289 -8.840935 3.525032
0.774237 -12.391193 4.425496
0.441897 -12.396149 7.547555
0.264653 -16.068272 7.352844
0.798669 -16.068272 7.065533
0.264653 -16.068275 5.334806
0.109863 -19.306431 7.001649
0.259594 -19.306431 6.885326
0.109863 -19.306431 6.041555
0.230149 21.246208 4.825294
1.566768 18.638380 5.893909
1.918068 17.490276 5.569309
1.984974 16.791901 5.569310
1.819648 16.782528 6.600711
1.894611 16.782524 6.146541
0.062717 21.246208 4.825294
0.062717 20.292263 5.536256
0.062716 19.342863 3.186209
0.062716 20.288853 3.691029
0.062716 18.668568 2.982203
0.062717 19.390539 5.841623
0.062717 19.351303 5.893909
0.062715 17.544399 2.672651
0.062716 18.673203 6.797565
0.062716 17.558622 7.276613
0.062715 15.034801 2.395252
0.062715 15.038481 7.602694
0.062713 6.723562 7.610388
0.062712 6.723371 2.251857
0.062709 -1.890846 2.268122
0.062710 -1.894728 7.609710
0.062708 -6.170633 2.767375
0.062709 -6.175293 7.606344
0.062706 -12.391155 4.369453
0.062707 -8.837339 3.459590
0.062708 -8.833111 7.606070
0.062707 -12.395859 7.597702
0.062705 -16.104988 5.339017
0.062706 -16.104988 7.380213
0.062704 -19.306431 6.041555
0.062705 -19.306431 7.001649
0.062717 21.246208 4.427417
0.062717 21.308226 4.626356
0.110716 -19.506046 6.521603
0.062704 -19.506046 6.521603
-1.350423 19.386284 4.657055
-1.083722 19.399982 5.424225
-0.692063 20.294304 5.253268
-0.876488 20.291729 4.615310
-1.083722 19.372587 3.640307
-1.369247 18.633837 3.539191
-1.676134 18.636412 4.873236
-1.571436 17.480898 3.359668
-1.905056 17.480898 4.964594
-1.739866 15.021971 3.177694
-2.101825 15.021971 4.980553
-1.768208 6.722736 3.060909
-2.130167 6.722736 4.929049
-1.739872 -1.877313 3.100162
-2.101831 -1.877313 4.951381
-1.571446 -6.169321 3.497519
-1.905065 -6.169321 5.186645
-1.350439 -8.837149 4.119314
-1.657326 -8.837149 5.554218
-1.237520 -12.396149 5.972344
-0.989638 -12.396149 7.097483
-1.350438 -8.837149 6.989122
-0.989638 -12.396149 4.847206
-0.673258 -16.068275 5.622117
-0.882095 -16.068272 6.343825
-0.134185 -19.306431 6.157879
-0.186169 -19.340847 6.521603
-0.104715 21.246208 4.427417
-0.692064 20.289154 3.977352
-0.121137 21.308224 4.626356
-0.139228 20.288332 3.721253
-0.197094 19.366720 3.234361
-0.139228 20.295128 5.509367
-0.197093 19.405849 5.830171
-1.254983 18.943527 5.893910
-0.203337 19.352169 5.893909
-0.237280 18.633013 3.006754
-0.562049 17.480898 7.210173
-0.286198 18.639809 6.739716
-0.568952 18.639595 6.600712
-1.568828 17.480900 6.600712
-0.264013 17.480898 2.719014
-1.842227 15.021971 6.783411
-0.853081 15.021969 7.504067
-1.652710 17.122313 6.600712
-0.292353 15.021969 2.457037
-1.870570 6.722736 6.797189
-0.906528 6.722736 7.542675
-0.292356 6.722736 2.315422
-1.842234 -1.877313 6.802601
-0.853088 -1.877314 7.542676
-0.292360 -1.877314 2.360086
-1.620364 -6.169321 6.875771
-0.562059 -6.169321 7.550274
-0.735458 -6.166945 2.836617
-0.424406 -8.837149 7.561691
-0.710875 -8.840935 3.525032
-0.648824 -12.391193 4.425496
-0.316483 -12.396149 7.547555
-0.673258 -16.068272 7.065534
-0.139242 -16.068272 7.352844
-0.139242 -16.068275 5.334806
-0.134185 -19.306431 6.885326
0.015546 -19.306431 7.001649
0.015546 -19.306431 6.041555
-0.104715 21.246208 4.825294
-1.441335 18.638382 5.893910
-1.782197 17.488350 5.634014
-1.620354 17.480900 6.569520
-1.369247 18.638988 6.207279
0.014693 -19.506046 6.521603
3.930449 5.723134 5.323282
1.293648 7.196526 6.130987
2.313962 1.758671 5.473278
3.930448 0.611222 5.323282
1.293646 0.128433 4.522907
1.293647 7.196524 4.522906
3.930449 5.723135 4.522906
3.930448 0.611224 4.522906
1.293648 8.655977 4.790344
1.293648 8.655977 5.210664
3.930449 6.857253 5.142194
3.930449 6.857253 4.790344
23.673721 -7.755199 5.678412
23.673725 -5.637482 5.677595
23.676847 -5.637791 6.006509
23.676846 -7.755508 6.007326
23.675072 -10.098820 5.841093
23.675812 -10.098892 5.872405
3.930448 -2.230233 5.138597
3.930448 -2.230233 5.062403
23.674770 -5.001434 5.787253
23.676144 -5.001570 5.931846
1.293646 -3.038357 5.062403
1.293646 -3.038357 5.138597
5.364099 4.977459 3.932759
5.050223 6.917315 4.246635
4.525511 6.917315 2.979868
4.969398 4.977455 2.979868
6.316988 4.977449 4.327458
6.316990 6.917315 4.771346
7.269881 4.977449 3.932759
7.583755 6.917315 4.246634
7.664578 4.977449 2.979868
8.108469 6.917315 2.979867
7.269878 4.977449 2.026978
7.583757 6.917315 1.713101
6.316988 4.977449 1.632277
6.316989 6.917315 1.188390
5.364098 4.977455 2.026977
5.050223 6.917315 1.713101
6.316988 2.990207 2.746385
6.482085 2.990207 2.814771
6.550470 2.990207 2.979868
6.482085 2.990207 3.144966
6.316989 2.990207 3.213351
6.151890 2.990207 3.144966
6.083505 2.990207 2.979869
6.151890 2.990207 2.814771
5.576499 8.857178 3.720357
6.316991 8.857178 4.027079
7.057478 8.857176 3.720357
7.364198 8.857176 2.979868
7.057477 8.857176 2.239378
6.316990 8.857178 1.932658
5.576498 8.857178 2.239378
5.269777 8.857178 2.979867
4.749852 8.857178 2.979868
5.208855 8.857178 4.088002
5.395983 9.330332 3.900876
5.014487 9.330332 2.979867
6.316989 8.857180 4.547006
6.316991 9.330332 4.282370
7.425123 8.857178 4.088002
7.237999 9.330330 3.900876
7.884126 8.857178 2.979867
7.619492 9.330330 2.979868
7.425123 8.857178 1.871734
7.237998 9.330330 2.058860
6.316990 8.857180 1.412731
6.316990 9.330332 1.677366
5.208855 8.857178 1.871734
5.395983 9.330332 2.058860
5.576501 9.330332 3.720357
5.269779 9.330332 2.979867
6.316991 9.330332 4.027079
7.057480 9.330330 3.720357
7.364200 9.330330 2.979868
7.057478 9.330330 2.239378
6.316990 9.330332 1.932658
5.576499 9.330332 2.239378
5.086346 4.977459 2.979868
5.446793 4.977459 3.850064
5.446792 4.977459 2.109672
6.316988 4.977449 1.749226
7.187183 4.977449 2.109672
7.547631 4.977449 2.979868
7.187184 4.977449 3.850064
6.316988 4.977449 4.210511
5.539930 4.220416 2.979868
5.767527 4.220416 3.529331
5.767524 4.220416 2.430405
6.316988 4.220403 2.202811
6.866452 4.220403 2.430405
7.094047 4.220403 2.979868
6.866454 4.220403 3.529331
6.316989 4.220403 3.756926
5.807961 4.220416 2.979868
5.957053 4.220403 3.339805
5.957051 4.220403 2.619931
6.316988 4.220403 2.470841
6.676925 4.220403 2.619931
6.826016 4.220403 2.979869
6.676926 4.220403 3.339805
6.316990 4.220403 3.488895
5.815826 3.605315 2.979869
5.962614 3.605308 3.334243
5.962613 3.605308 2.625493
6.316989 3.605308 2.478706
6.671363 3.605308 2.625493
6.818151 3.605308 2.979869
6.671365 3.605308 3.334243
6.316991 3.605308 3.481030
6.477293 8.337725 3.817096
6.373730 4.582290 3.817096
6.285321 4.582290 3.817096
6.181758 8.334856 3.817096
6.181758 8.044325 4.931819
6.240271 6.326905 4.931818
6.418778 6.328153 4.931818
6.477290 8.047190 4.931819
6.181758 8.334856 4.731496
6.477291 8.337725 4.731496
6.285319 4.048860 4.931819
6.373729 4.048860 4.931819
12.344877 0.251814 4.279310
12.031002 2.191673 4.593186
11.506296 2.191673 3.326420
11.950177 0.251814 3.326420
13.297770 0.251814 4.674010
13.297771 2.191675 5.117898
14.250657 0.251814 4.279310
14.564540 2.191675 4.593185
14.645357 0.251814 3.326419
15.089251 2.191675 3.326419
14.250657 0.251814 2.373529
14.564541 2.191675 2.059652
13.297769 0.251814 1.978829
13.297771 2.191673 1.534941
12.344880 0.251814 2.373529
12.031008 2.191673 2.059653
13.297768 -1.735428 3.092936
13.462865 -1.735428 3.161323
13.531251 -1.735428 3.326420
13.462865 -1.735428 3.491517
13.297768 -1.735428 3.559902
13.132671 -1.735428 3.491517
13.064282 -1.735428 3.326420
13.132671 -1.735428 3.161323
12.557280 4.131538 4.066909
13.297771 4.131538 4.373630
14.038258 4.131538 4.066909
14.344979 4.131538 3.326419
14.038259 4.131538 2.585929
13.297771 4.131538 2.279209
12.557280 4.131538 2.585929
12.250558 4.131538 3.326420
11.730632 4.131538 3.326419
12.189635 4.131538 4.434554
12.376760 4.604691 4.247427
11.995266 4.604691 3.326419
13.297771 4.131538 4.893558
13.297770 4.604691 4.628922
14.405902 4.131538 4.434553
14.218776 4.604691 4.247427
14.864909 4.131538 3.326420
14.600271 4.604691 3.326419
14.405907 4.131538 2.218285
14.218777 4.604691 2.405411
13.297770 4.131538 1.759282
13.297771 4.604691 2.023916
12.189635 4.131538 2.218286
12.376765 4.604691 2.405411
12.557279 4.604691 4.066909
12.250558 4.604691 3.326420
13.297770 4.604691 4.373630
14.038258 4.604691 4.066909
14.344979 4.604691 3.326419
14.038259 4.604691 2.585929
13.297770 4.604691 2.279209
12.557280 4.604691 2.585929
12.067127 0.251814 3.326420
12.427571 0.251814 4.196615
12.427574 0.251814 2.456223
13.297769 0.251814 2.095777
14.167963 0.251814 2.456223
14.528412 0.251814 3.326419
14.167962 0.251814 4.196615
13.297770 0.251814 4.557062
12.520709 -0.505232 3.326420
12.748302 -0.505232 3.875883
12.748302 -0.505232 2.776957
13.297768 -0.505232 2.549362
13.847229 -0.505232 2.776957
14.074827 -0.505232 3.326420
13.847229 -0.505232 3.875882
13.297768 -0.505232 4.103477
12.788739 -0.505232 3.326420
12.937829 -0.505232 3.686356
12.937829 -0.505232 2.966483
13.297768 -0.505232 2.817392
13.657704 -0.505232 2.966483
13.806793 -0.505232 3.326420
13.657703 -0.505232 3.686356
13.297768 -0.505232 3.835446
12.796603 -1.120331 3.326420
12.943393 -1.120331 3.680795
12.943393 -1.120331 2.972044
13.297768 -1.120331 2.825257
13.652145 -1.120331 2.972044
13.798930 -1.120331 3.326420
13.652145 -1.120331 3.680795
13.297768 -1.120331 3.827582
13.458073 3.821829 4.096750
13.340732 0.066401 4.096750
13.279884 0.066401 4.096750
13.162542 3.818964 4.096750
13.162539 3.528431 5.227874
13.228838 2.015007 5.198688
13.391772 2.016253 5.198688
13.458071 3.531296 5.227874
13.162542 3.818964 5.022167
13.458071 3.821829 5.022166
13.279881 -0.105980 5.176217
13.340729 -0.105980 5.176217
-3.930443 5.723137 5.323282
-3.930444 0.611224 5.323282
-2.313956 1.758669 5.473278
-1.293640 7.196525 6.130987
-1.293642 0.128433 4.522907
-3.930444 0.611224 4.522906
-3.930443 5.723137 4.522906
-1.293641 7.196524 4.522906
-1.293640 8.655977 4.790344
-3.930443 6.857256 4.790344
-3.930443 6.857256 5.142194
-1.293640 8.655977 5.210664
-23.673717 -7.755192 5.678412
-23.676842 -7.755501 6.007326
-23.676847 -5.637783 6.006509
-23.673725 -5.637474 5.677595
-23.675070 -10.098812 5.841093
-3.930444 -2.230234 5.062403
-3.930444 -2.230234 5.138597
-23.675812 -10.098885 5.872405
-23.674770 -5.001427 5.787253
-23.676144 -5.001564 5.931846
-1.293642 -3.038358 5.062403
-1.293642 -3.038357 5.138597
-5.364092 4.977446 3.932759
-4.969394 4.977446 2.979868
-4.525506 6.917310 2.979869
-5.050218 6.917310 4.246634
-6.316984 4.977451 4.327459
-6.316985 6.917310 4.771347
-7.269874 4.977451 3.932759
-7.583747 6.917310 4.246634
-7.664575 4.977451 2.979868
-8.108459 6.917310 2.979868
-7.269874 4.977451 2.026978
-7.583747 6.917310 1.713101
-6.316984 4.977451 1.632277
-6.316984 6.917310 1.188390
-5.364094 4.977446 2.026978
-5.050216 6.917310 1.713101
-6.083502 2.990212 2.979868
-6.151887 2.990212 3.144966
-6.316985 2.990212 3.213351
-6.482083 2.990212 3.144966
-6.550467 2.990212 2.979869
-6.482082 2.990212 2.814771
-6.316985 2.990212 2.746385
-6.151886 2.990212 2.814771
-5.576494 8.857170 2.239379
-6.316985 8.857172 1.932657
-7.057474 8.857172 2.239378
-7.364193 8.857172 2.979868
-7.057474 8.857172 3.720358
-6.316984 8.857172 4.027079
-5.576493 8.857170 3.720358
-5.269774 8.857170 2.979868
-4.749846 8.857172 2.979869
-5.014482 9.330324 2.979868
-5.395973 9.330324 3.900876
-5.208848 8.857172 4.088001
-6.316982 9.330326 4.282370
-6.316984 8.857172 4.547006
-7.237989 9.330326 3.900876
-7.425117 8.857172 4.088002
-7.619486 9.330326 2.979868
-7.884122 8.857172 2.979868
-7.237988 9.330326 2.058860
-7.425117 8.857172 1.871734
-6.316982 9.330326 1.677365
-6.316985 8.857172 1.412730
-5.395974 9.330324 2.058860
-5.208850 8.857172 1.871735
-5.269773 9.330324 2.979868
-5.576491 9.330324 3.720358
-6.316982 9.330326 4.027079
-7.057472 9.330326 3.720358
-7.364192 9.330326 2.979868
-7.057473 9.330326 2.239378
-6.316982 9.330326 1.932657
-5.576492 9.330324 2.239379
-5.446786 4.977446 3.850064
-5.086342 4.977446 2.979868
-5.446788 4.977446 2.109673
-6.316984 4.977451 1.749225
-7.187180 4.977451 2.109673
-7.547626 4.977451 2.979868
-7.187180 4.977451 3.850064
-6.316984 4.977451 4.210511
-5.767518 4.220401 3.529332
-5.539926 4.220399 2.979869
-5.767519 4.220401 2.430405
-6.316985 4.220408 2.202810
-6.866447 4.220408 2.430405
-7.094040 4.220408 2.979869
-6.866445 4.220408 3.529331
-6.316984 4.220409 3.756926
-5.957047 4.220408 3.339804
-5.807957 4.220408 2.979868
-5.957047 4.220408 2.619931
-6.316985 4.220408 2.470841
-6.676918 4.220408 2.619932
-6.826011 4.220408 2.979868
-6.676918 4.220408 3.339805
-6.316983 4.220409 3.488895
-5.962607 3.605309 3.334243
-5.815822 3.605309 2.979869
-5.962608 3.605309 2.625493
-6.316985 3.605309 2.478705
-6.671359 3.605309 2.625493
-6.818147 3.605309 2.979868
-6.671359 3.605309 3.334243
-6.316983 3.605309 3.481031
-6.477283 8.367512 3.880722
-6.181751 8.364647 3.880722
-6.285313 4.612086 3.880722
-6.373722 4.612086 3.880722
-6.418770 6.357947 4.995444
-6.240263 6.356701 4.995444
-6.181751 8.074112 4.995444
-6.477283 8.076977 4.995444
-6.477283 8.367512 4.795122
-6.181751 8.364647 4.795122
-6.285313 4.078662 4.995444
-6.373722 4.078662 4.995444
-12.344885 0.251814 4.279309
-11.950182 0.251814 3.326419
-11.506293 2.191677 3.326419
-12.031004 2.191677 4.593185
-13.297772 0.251814 4.674009
-13.297771 2.191677 5.117897
-14.250664 0.251814 4.279309
-14.564537 2.191677 4.593185
-14.645365 0.251814 3.326419
-15.089245 2.191677 3.326419
-14.250662 0.251814 2.373528
-14.564535 2.191677 2.059652
-13.297771 0.251814 1.978828
-13.297771 2.191677 1.534941
-12.344885 0.251814 2.373529
-12.030998 2.191677 2.059652
-13.064288 -1.735428 3.326419
-13.132677 -1.735428 3.491517
-13.297771 -1.735428 3.559902
-13.462869 -1.735428 3.491517
-13.531255 -1.735428 3.326420
-13.462869 -1.735428 3.161322
-13.297771 -1.735428 3.092935
-13.132674 -1.735428 3.161322
-12.557281 4.131540 2.585929
-13.297770 4.131540 2.279209
-14.038260 4.131540 2.585929
-14.344982 4.131540 3.326419
-14.038260 4.131540 4.066908
-13.297771 4.131540 4.373630
-12.557281 4.131540 4.066908
-12.250561 4.131540 3.326419
-11.730636 4.131540 3.326419
-11.995269 4.604692 3.326419
-12.376763 4.604692 4.247427
-12.189639 4.131540 4.434553
-13.297772 4.604692 4.628921
-13.297771 4.131540 4.893558
-14.218780 4.604692 4.247427
-14.405905 4.131540 4.434553
-14.600274 4.604692 3.326419
-14.864906 4.131540 3.326419
-14.218777 4.604692 2.405412
-14.405902 4.131540 2.218286
-13.297770 4.604692 2.023916
-13.297771 4.131540 1.759282
-12.376762 4.604692 2.405412
-12.189635 4.131540 2.218285
-12.250561 4.604692 3.326419
-12.557284 4.604692 4.066908
-13.297772 4.604692 4.373630
-14.038260 4.604692 4.066908
-14.344982 4.604692 3.326419
-14.038260 4.604692 2.585929
-13.297770 4.604692 2.279209
-12.557281 4.604692 2.585929
-12.427577 0.251814 4.196615
-12.067129 0.251814 3.326420
-12.427577 0.251814 2.456224
-13.297771 0.251814 2.095777
-14.167971 0.251814 2.456223
-14.528415 0.251814 3.326419
-14.167971 0.251814 4.196615
-13.297772 0.251814 4.557062
-12.748310 -0.505230 3.875882
-12.520716 -0.505230 3.326419
-12.748310 -0.505230 2.776956
-13.297771 -0.505230 2.549360
-13.847237 -0.505229 2.776956
-14.074831 -0.505229 3.326419
-13.847237 -0.505229 3.875882
-13.297774 -0.505230 4.103477
-12.937839 -0.505230 3.686356
-12.788748 -0.505230 3.326420
-12.937839 -0.505230 2.966483
-13.297771 -0.505230 2.817391
-13.657711 -0.505229 2.966483
-13.806800 -0.505229 3.326419
-13.657711 -0.505229 3.686356
-13.297774 -0.505230 3.835446
-12.943398 -1.120329 3.680795
-12.796610 -1.120329 3.326420
-12.943397 -1.120329 2.972043
-13.297771 -1.120329 2.825257
-13.652147 -1.120328 2.972044
-13.798935 -1.120328 3.326419
-13.652147 -1.120328 3.680795
-13.297771 -1.120329 3.827581
-13.458067 3.650894 4.086452
-13.162535 3.648027 4.086452
-13.279881 -0.104534 4.086452
-13.340728 -0.104534 4.086452
-13.391769 1.845318 5.188389
-13.228835 1.844070 5.188389
-13.162535 3.357494 5.217575
-13.458067 3.360361 5.217575
-13.458067 3.650894 5.011868
-13.162535 3.648027 5.011868
-13.279883 -0.276917 5.165918
-13.340728 -0.276917 5.165918
9.003687 -17.581066 6.355274
9.003687 -18.682392 6.355274
1.715397 -16.471619 6.294984
1.715398 -13.548138 6.294984
1.715397 -16.471619 6.623384
9.003687 -18.682392 6.558017
9.003687 -17.581066 6.558017
1.715398 -13.548138 6.623384
1.708240 -11.871075 6.358854
1.708240 -11.871075 6.532980
9.012360 -17.301258 6.502205
9.012360 -17.301258 6.394705
0.026416 -10.620842 6.358853
0.026416 -10.620842 6.532980
9.003687 -20.428112 6.423715
9.003687 -20.428112 6.473196
1.715397 -18.255836 6.485990
1.715397 -18.255836 6.405844
0.026415 -18.233673 6.405844
0.026416 -15.987358 6.294984
0.026416 -12.090584 6.623384
0.026415 -18.233673 6.485990
0.026416 -12.090584 6.294984
0.026416 -15.987358 6.623384
-8.950857 -17.581068 6.355274
-1.662566 -13.548141 6.294984
-1.662566 -16.471619 6.294984
-8.950857 -18.682394 6.355274
-1.662566 -16.471619 6.623384
-1.662566 -13.548141 6.623384
-8.950857 -17.581068 6.558017
-8.950857 -18.682394 6.558017
-1.655407 -11.871075 6.358854
-8.959528 -17.301260 6.394705
-8.959528 -17.301260 6.502205
-1.655407 -11.871075 6.532980
-8.950857 -20.428114 6.423715
-1.662567 -18.255836 6.405844
-1.662567 -18.255836 6.485990
-8.950857 -20.428114 6.473196
-0.044134 -20.352932 13.916419
-0.044133 -18.021545 13.860919
-0.044133 -14.161510 9.220533
-0.044134 -19.071102 9.244400
0.161165 -18.021545 13.860919
0.161165 -20.352932 13.916419
0.161165 -19.071106 9.244400
0.161166 -14.161510 9.220531
-0.044134 -18.488293 6.908392
-0.044132 -11.454643 7.363963
0.161166 -11.454643 7.363962
0.161165 -18.488293 6.908392
-0.044133 -12.878601 8.069393
-0.044134 -18.779697 8.076396
0.161165 -18.779697 8.076396
0.161166 -12.878605 8.069393
0.115497 -17.414730 13.838505
0.204016 -17.764080 13.739819
-0.223993 -17.751049 13.740667
-0.137734 -17.406269 13.839056
0.115497 -17.429932 14.058684
-0.137734 -17.421474 14.059235
-0.223993 -17.776699 14.112094
0.204016 -17.789730 14.111246
0.034027 -15.319733 13.994197
-0.014851 -15.318100 13.994305
-0.014851 -15.321953 14.051944
0.034027 -15.323586 14.051834
-0.085197 -20.873356 13.908604
0.070368 -20.873379 13.908603
0.070368 -20.884712 14.006580
-0.085197 -20.884686 14.006582
0.174434 -20.570957 13.828722
0.174434 -20.597542 14.079634
-0.189804 -20.569538 13.828815
-0.189804 -20.596123 14.079730
-0.060701 -17.413292 13.903316
0.038598 -17.416607 13.903099
-0.060701 -17.419621 13.994994
0.038598 -17.422939 13.994780
-0.024769 -18.426334 1.542472
-0.091967 -17.736347 2.279776
-0.236928 -17.518612 1.902647
-0.102533 -18.355362 1.419544
0.130758 -18.426334 1.542472
0.197955 -17.736347 2.279776
0.208521 -18.355362 1.419544
0.342917 -17.518612 1.902647
0.130758 -18.284389 1.296616
0.197955 -17.300880 1.525519
-0.024769 -18.284389 1.296616
-0.091967 -17.300880 1.525519
0.077494 -21.265785 -0.309782
0.101995 -21.287003 -0.273030
0.077494 -21.308224 -0.236279
0.028493 -21.308224 -0.236279
0.003992 -21.287003 -0.273030
0.028493 -21.265785 -0.309782
-0.018154 -11.350521 5.606093
0.124144 -11.350521 5.606093
0.195293 -11.288906 5.499370
0.124144 -11.227289 5.392646
-0.018154 -11.227289 5.392646
-0.089303 -11.288906 5.499370
-0.018155 -16.595985 2.577624
-0.089304 -16.534370 2.470901
-0.114538 -16.812759 2.310178
-0.030772 -16.919052 2.494282
0.124143 -16.595985 2.577624
0.136760 -16.919052 2.494282
0.195292 -16.534370 2.470901
0.220526 -16.812759 2.310178
0.124143 -16.472752 2.364178
0.136760 -16.706470 2.126075
-0.018155 -16.472752 2.364178
-0.030772 -16.706470 2.126075
-0.079108 -18.774849 1.177360
-0.013057 -18.832050 1.276436
-0.013057 -18.717648 1.078284
0.119045 -18.717648 1.078284
0.185095 -18.774849 1.177360
0.119045 -18.832050 1.276436
0.003993 -18.774849 1.177360
0.028493 -18.796066 1.214111
0.028493 -18.753632 1.140609
0.077495 -18.753632 1.140609
0.101995 -18.774849 1.177360
0.077495 -18.796066 1.214111
0.097757 -17.172276 1.982536
0.154583 -17.667839 1.762161
0.138930 -17.688953 1.805605
0.082104 -17.193390 2.025980
1.323257 -17.218185 2.401784
1.307604 -17.239300 2.445228
1.364430 -17.734863 2.224854
1.380083 -17.713749 2.181409
-0.036185 -17.172276 1.982536
-0.020532 -17.193390 2.025980
-0.077358 -17.688953 1.805605
-0.093011 -17.667839 1.762161
-1.261685 -17.218185 2.401784
-1.318511 -17.713749 2.181409
-1.302858 -17.734863 2.224854
-1.246032 -17.239300 2.445228
6.285319 3.096177 5.506617
6.373729 3.096177 5.506617
6.418777 5.375471 5.506617
6.240270 5.374223 5.506617
13.279900 -1.065170 5.750968
13.340747 -1.065170 5.750968
13.391791 1.057062 5.773439
13.228857 1.055817 5.773439
-6.373722 3.125979 5.570243
-6.285312 3.125979 5.570242
-6.240263 5.404018 5.570242
-6.418769 5.405265 5.570242
-13.340751 -1.236107 5.740669
-13.279906 -1.236107 5.740669
-13.228857 0.884880 5.763141
-13.391790 0.886127 5.763140
1.494679 18.638988 6.207279
0.398013 18.756882 6.600711
1.745786 17.480900 6.569520
0.062716 18.820921 6.600711
-0.272580 18.756882 6.600711
-1.849102 16.789978 5.634013
-1.694215 16.782528 6.600712
</float_array>
          <technique_common>
            <accessor source="#hull-POSITION-array" count="787" stride="3">
              <param name="X" type="float"/>
              <param name="Y" type="float"/>
              <param name="Z" type="float"/>
            </accessor>
          </technique_common>
        </source>
        <source id="hull-Normal0">
          <float_array id="hull-Normal0-array" count="13554">
0.854257 0.458442 0.245103
0.854257 0.458442 0.245103
0.854257 0.458442 0.245103
0.855176 0.429878 0.289620
0.855176 0.429878 0.289620
0.855176 0.429878 0.289620
0.917259 0.337396 -0.211660
0.917259 0.337396 -0.211660
0.917259 0.337396 -0.211660
0.894101 0.378366 -0.239628
0.894101 0.378366 -0.239628
0.894101 0.378366 -0.239628
0.959835 0.172671 -0.221136
0.959835 0.172671 -0.221136
0.959835 0.172671 -0.221136
0.959427 0.199307 -0.199439
0.959427 0.199307 -0.199439
0.959427 0.199307 -0.199439
0.976179 0.076799 -0.202921
0.976179 0.076799 -0.202921
0.976179 0.076799 -0.202921
0.977178 0.081452 -0.196188
0.977177 0.081452 -0.196188
0.977178 0.081452 -0.196188
0.981732 0.004532 -0.190214
0.981732 0.004532 -0.190214
0.981732 0.004532 -0.190214
0.980417 0.006117 -0.196838
0.980417 0.006117 -0.196838
0.980417 0.006117 -0.196838
0.981409 -0.003732 -0.191890
0.981409 -0.003732 -0.191890
0.981409 -0.003732 -0.191890
0.981734 -0.004103 -0.190215
0.981734 -0.004103 -0.190215
0.981734 -0.004103 -0.190215
0.979535 -0.055512 -0.193469
0.979535 -0.055512 -0.193469
0.979535 -0.055512 -0.193469
0.979866 -0.056190 -0.191588
0.979866 -0.056190 -0.191588
0.979866 -0.056190 -0.191588
0.970962 -0.118778 -0.207663
0.970962 -0.118778 -0.207663
0.970962 -0.118778 -0.207663
0.973299 -0.125435 -0.192237
0.973299 -0.125435 -0.192237
0.973299 -0.125435 -0.192237
0.973881 -0.090405 0.208287
0.973881 -0.090405 0.208287
0.973881 -0.090405 0.208287
0.972433 -0.092060 0.214240
0.972433 -0.092060 0.214239
0.972433 -0.092060 0.214240
0.953626 -0.120217 -0.275945
0.953626 -0.120217 -0.275945
0.953626 -0.120217 -0.275945
0.968488 -0.128469 -0.213371
0.968488 -0.128469 -0.213371
0.968488 -0.128469 -0.213371
0.964061 -0.213595 -0.157996
0.964061 -0.213595 -0.157996
0.964061 -0.213595 -0.157996
0.940855 -0.201674 -0.272249
0.940855 -0.201674 -0.272249
0.940855 -0.201674 -0.272249
0.776927 0.579991 -0.244937
0.776927 0.579991 -0.244937
0.776927 0.579991 -0.244937
0.778629 0.584809 -0.227451
0.778629 0.584809 -0.227451
0.778629 0.584809 -0.227451
0.368826 0.452190 -0.812091
0.368826 0.452190 -0.812091
0.368826 0.452190 -0.812091
0.373417 0.456524 -0.807555
0.373417 0.456524 -0.807555
0.373417 0.456524 -0.807555
0.394149 0.334457 0.856029
0.394149 0.334457 0.856028
0.394149 0.334457 0.856029
0.396192 0.336789 0.854169
0.396192 0.336789 0.854169
0.396192 0.336789 0.854169
0.280604 0.747516 0.602064
0.280604 0.747516 0.602064
0.280604 0.747516 0.602064
0.286450 0.737183 0.611971
0.286450 0.737183 0.611971
0.286450 0.737183 0.611971
0.407052 0.290893 -0.865847
0.407052 0.290893 -0.865847
0.407052 0.290893 -0.865847
0.398870 0.273944 -0.875133
0.398870 0.273944 -0.875133
0.398870 0.273944 -0.875133
0.399639 0.424863 0.812268
0.399639 0.424863 0.812268
0.399639 0.424863 0.812269
0.472799 0.407994 0.781026
0.472799 0.407994 0.781026
0.472799 0.407994 0.781026
0.428404 0.228289 -0.874273
0.428404 0.228289 -0.874273
0.428404 0.228289 -0.874273
0.415951 0.210692 -0.884643
0.415951 0.210692 -0.884643
0.415951 0.210692 -0.884643
0.580877 0.164044 0.797290
0.580877 0.164044 0.797290
0.580877 0.164044 0.797290
0.514103 0.120261 0.849256
0.514103 0.120261 0.849256
0.514103 0.120261 0.849256
0.514099 0.120261 0.849258
0.514099 0.120261 0.849258
0.514099 0.120261 0.849258
0.443445 0.100007 -0.890705
0.443445 0.100007 -0.890705
0.443445 0.100007 -0.890705
0.437985 0.096148 -0.893826
0.437985 0.096148 -0.893826
0.437985 0.096148 -0.893826
0.611709 0.007619 0.791046
0.611709 0.007619 0.791046
0.611709 0.007619 0.791046
0.588851 0.003352 0.808235
0.588851 0.003352 0.808235
0.588851 0.003352 0.808235
0.445627 0.015273 -0.895088
0.445627 0.015273 -0.895088
0.445627 0.015273 -0.895088
0.450823 0.014098 -0.892502
0.450823 0.014098 -0.892502
0.450823 0.014098 -0.892502
0.599071 -0.003723 0.800688
0.599071 -0.003723 0.800688
0.599071 -0.003723 0.800687
0.611727 -0.001518 0.791068
0.611727 -0.001518 0.791068
0.611727 -0.001518 0.791068
0.450863 -0.004636 -0.892581
0.450863 -0.004636 -0.892581
0.450863 -0.004636 -0.892581
0.455219 -0.005564 -0.890362
0.455219 -0.005564 -0.890362
0.455219 -0.005564 -0.890362
0.537136 -0.034930 0.842772
0.537136 -0.034930 0.842772
0.537136 -0.034930 0.842772
0.598985 -0.017316 0.800573
0.598985 -0.017316 0.800573
0.598985 -0.017316 0.800573
0.454614 -0.051819 -0.889180
0.454614 -0.051819 -0.889180
0.454614 -0.051819 -0.889180
0.617107 -0.096517 -0.780937
0.617107 -0.096517 -0.780937
0.617107 -0.096517 -0.780938
0.525752 -0.023489 0.850314
0.525752 -0.023489 0.850314
0.525752 -0.023489 0.850314
0.537372 -0.018546 0.843142
0.537372 -0.018546 0.843142
0.537372 -0.018546 0.843142
0.606852 -0.203390 -0.768351
0.606852 -0.203390 -0.768351
0.606852 -0.203390 -0.768351
0.664508 -0.221399 -0.713731
0.664508 -0.221399 -0.713731
0.664508 -0.221399 -0.713731
0.668405 -0.193817 -0.718101
0.668405 -0.193817 -0.718101
0.668405 -0.193817 -0.718101
0.760355 -0.203250 -0.616887
0.760355 -0.203250 -0.616887
0.760355 -0.203250 -0.616887
0.555701 -0.020153 0.831138
0.555701 -0.020153 0.831138
0.555701 -0.020153 0.831138
0.525699 -0.027407 0.850229
0.525700 -0.027407 0.850229
0.525700 -0.027407 0.850229
0.472656 -0.069396 0.878510
0.472656 -0.069396 0.878510
0.472656 -0.069396 0.878510
0.554972 -0.055037 0.830047
0.554972 -0.055037 0.830047
0.554972 -0.055037 0.830047
0.750626 -0.254781 -0.609629
0.750626 -0.254781 -0.609629
0.750626 -0.254781 -0.609629
0.462077 -0.221050 -0.858849
0.462077 -0.221050 -0.858849
0.462077 -0.221050 -0.858849
0.470525 -0.117341 0.874550
0.470525 -0.117341 0.874550
0.470525 -0.117341 0.874550
0.607056 -0.144546 0.781402
0.607056 -0.144546 0.781402
0.607056 -0.144546 0.781402
0.463226 -0.210059 -0.860986
0.463226 -0.210059 -0.860986
0.463226 -0.210059 -0.860986
0.597524 -0.226728 -0.769129
0.597524 -0.226728 -0.769129
0.597524 -0.226728 -0.769129
0.350264 0.555261 0.754321
0.350264 0.555261 0.754321
0.350264 0.555261 0.754321
0.346194 0.564750 -0.749137
0.346194 0.564750 -0.749137
0.346194 0.564750 -0.749137
0.860776 0.453091 -0.231893
0.860776 0.453090 -0.231893
0.860776 0.453090 -0.231893
0.862303 0.439778 -0.251055
0.862303 0.439778 -0.251055
0.862303 0.439778 -0.251055
0.837611 0.511527 0.191700
0.837610 0.511527 0.191700
0.837610 0.511527 0.191700
0.837611 0.511526 0.191700
0.837611 0.511526 0.191700
0.837611 0.511526 0.191700
0.846002 0.449937 0.286073
0.846002 0.449937 0.286073
0.846002 0.449937 0.286073
0.948806 0.228734 0.217825
0.948806 0.228734 0.217825
0.948806 0.228734 0.217825
0.962909 0.204666 0.175834
0.962909 0.204666 0.175834
0.962909 0.204666 0.175834
0.979081 0.093798 0.180560
0.979081 0.093798 0.180560
0.979081 0.093798 0.180560
0.932673 0.113927 0.342260
0.932673 0.113927 0.342260
0.932673 0.113927 0.342260
0.981769 0.099353 0.162045
0.981769 0.099353 0.162045
0.981769 0.099353 0.162045
0.983064 0.097029 0.155471
0.983064 0.097029 0.155471
0.983064 0.097029 0.155471
0.985974 0.087741 0.141972
0.985974 0.087741 0.141972
0.985974 0.087741 0.141972
0.983091 0.079739 0.164843
0.983091 0.079739 0.164843
0.983091 0.079739 0.164843
0.990476 0.003610 0.137636
0.990476 0.003610 0.137636
0.990476 0.003610 0.137636
0.989789 0.002495 0.142522
0.989789 0.002495 0.142522
0.989789 0.002495 0.142522
0.990306 -0.003176 0.138871
0.990305 -0.003176 0.138871
0.990305 -0.003176 0.138871
0.990479 -0.002907 0.137637
0.990479 -0.002907 0.137637
0.990479 -0.002907 0.137637
0.984950 -0.048086 0.166013
0.984950 -0.048086 0.166013
0.984950 -0.048086 0.166013
0.989604 -0.037762 0.138772
0.989604 -0.037762 0.138772
0.989604 -0.037762 0.138772
0.973944 -0.089692 0.208300
0.973944 -0.089692 0.208300
0.973944 -0.089692 0.208300
0.983774 -0.068510 0.165815
0.983774 -0.068510 0.165815
0.983774 -0.068510 0.165815
0.968185 -0.140502 -0.207069
0.968185 -0.140502 -0.207069
0.968185 -0.140502 -0.207069
0.967085 -0.139106 -0.213062
0.967085 -0.139106 -0.213062
0.967086 -0.139106 -0.213062
0.957126 -0.084874 0.276958
0.957126 -0.084874 0.276958
0.957126 -0.084874 0.276958
0.974006 -0.072567 0.214586
0.974006 -0.072567 0.214586
0.974006 -0.072567 0.214586
0.973035 -0.170625 0.155213
0.973035 -0.170625 0.155213
0.973035 -0.170625 0.155213
0.943852 -0.185878 0.273117
0.943852 -0.185878 0.273117
0.943852 -0.185878 0.273117
0.781388 0.582636 0.223536
0.781388 0.582636 0.223536
0.781388 0.582636 0.223536
0.779635 0.576689 0.244130
0.779635 0.576689 0.244130
0.779635 0.576689 0.244130
0.000000 0.597578 0.801811
0.000000 0.597578 0.801811
0.000000 0.597578 0.801811
0.099064 0.583402 0.806119
0.099064 0.583402 0.806119
0.099064 0.583402 0.806119
0.119418 0.467431 -0.875926
0.119418 0.467431 -0.875927
0.119418 0.467431 -0.875926
0.131878 0.469505 -0.873025
0.131878 0.469505 -0.873025
0.131878 0.469505 -0.873025
0.113077 0.300030 -0.947204
0.113077 0.300030 -0.947204
0.113077 0.300030 -0.947204
0.149117 0.286346 -0.946451
0.149117 0.286346 -0.946451
0.149117 0.286346 -0.946451
-0.016587 0.763971 0.645037
-0.016587 0.763972 0.645037
-0.016587 0.763972 0.645037
-0.002603 0.799842 0.600204
-0.002603 0.799842 0.600204
-0.002603 0.799842 0.600205
0.182300 0.242226 -0.952939
0.182300 0.242226 -0.952939
0.182300 0.242226 -0.952939
0.109701 0.263877 -0.958298
0.109701 0.263877 -0.958298
0.109701 0.263877 -0.958298
0.186771 0.387925 0.902569
0.186771 0.387925 0.902569
0.186771 0.387925 0.902569
0.146118 0.401761 0.904012
0.146118 0.401761 0.904012
0.146118 0.401761 0.904012
0.174190 0.106307 -0.978957
0.174190 0.106307 -0.978957
0.174190 0.106307 -0.978957
0.160295 0.108445 -0.981094
0.160295 0.108445 -0.981094
0.160295 0.108445 -0.981094
0.120543 0.127384 0.984501
0.120543 0.127384 0.984501
0.120543 0.127384 0.984501
0.108486 0.130626 0.985479
0.108486 0.130626 0.985478
0.108486 0.130626 0.985478
0.107092 0.000920 0.994249
0.107092 0.000920 0.994249
0.107092 0.000920 0.994249
0.069695 0.005089 0.997555
0.069695 0.005089 0.997555
0.069695 0.005089 0.997555
0.176225 0.016980 -0.984203
0.176225 0.016980 -0.984203
0.176225 0.016980 -0.984203
0.171999 0.016807 -0.984954
0.171999 0.016807 -0.984954
0.171999 0.016807 -0.984954
0.250795 -0.001828 -0.968038
0.250795 -0.001828 -0.968038
0.250795 -0.001828 -0.968038
0.176210 -0.005112 -0.984339
0.176210 -0.005112 -0.984339
0.176210 -0.005112 -0.984339
0.069692 -0.000079 0.997569
0.069692 -0.000079 0.997569
0.069692 -0.000079 0.997569
0.073011 -0.000454 0.997331
0.073011 -0.000454 0.997331
0.073011 -0.000454 0.997331
0.086447 -0.101171 -0.991106
0.086447 -0.101171 -0.991106
0.086447 -0.101171 -0.991106
0.253152 -0.112094 -0.960911
0.253152 -0.112094 -0.960911
0.253152 -0.112094 -0.960911
0.073063 -0.003188 0.997322
0.073063 -0.003188 0.997322
0.073063 -0.003188 0.997322
0.089394 -0.000783 0.995996
0.089394 -0.000783 0.995996
0.089394 -0.000783 0.995996
0.076068 -0.247306 -0.965947
0.076068 -0.247306 -0.965947
0.076068 -0.247306 -0.965947
0.080559 -0.246373 -0.965821
0.080559 -0.246373 -0.965821
0.080559 -0.246373 -0.965821
0.089390 -0.000350 0.995997
0.089390 -0.000350 0.995997
0.089390 -0.000350 0.995997
0.090728 -0.000103 0.995876
0.090728 -0.000103 0.995876
0.090728 -0.000103 0.995876
0.080453 -0.250436 -0.964785
0.080453 -0.250436 -0.964785
0.080453 -0.250436 -0.964785
0.084844 -0.249151 -0.964741
0.084844 -0.249151 -0.964741
0.084844 -0.249151 -0.964741
0.090672 -0.006705 0.995858
0.090672 -0.006705 0.995858
0.090672 -0.006705 0.995858
0.131104 -0.002328 0.991366
0.131104 -0.002328 0.991366
0.131104 -0.002328 0.991366
0.025735 -0.252518 -0.967250
0.025735 -0.252518 -0.967250
0.025735 -0.252518 -0.967250
0.076028 -0.249282 -0.965442
0.076028 -0.249282 -0.965442
0.076028 -0.249282 -0.965442
0.130835 -0.058791 0.989659
0.130835 -0.058791 0.989659
0.130835 -0.058791 0.989659
0.144404 -0.057922 0.987822
0.144404 -0.057922 0.987822
0.144404 -0.057922 0.987822
0.000000 -0.214344 -0.976758
0.000000 -0.214344 -0.976758
0.000000 -0.214344 -0.976758
0.018545 -0.214046 -0.976647
0.018545 -0.214046 -0.976647
0.018545 -0.214046 -0.976647
0.153712 -0.113801 0.981541
0.153712 -0.113801 0.981541
0.153712 -0.113801 0.981541
0.000000 -0.117430 0.993081
0.000000 -0.117430 0.993081
0.000000 -0.117430 0.993081
0.119350 0.605333 -0.786974
0.119350 0.605333 -0.786974
0.119350 0.605333 -0.786974
0.000000 0.593395 -0.804912
0.000000 0.593395 -0.804912
0.000000 0.593395 -0.804912
0.119154 0.343775 0.931462
0.119154 0.343775 0.931462
0.119154 0.343775 0.931462
0.022842 0.320670 0.946915
0.022843 0.320671 0.946915
0.022843 0.320670 0.946915
0.000000 0.954686 -0.297616
0.000000 0.954686 -0.297616
0.000000 0.954686 -0.297616
0.000010 0.954688 -0.297608
0.000010 0.954688 -0.297608
0.000010 0.954688 -0.297608
0.000010 0.954688 0.297607
0.000010 0.954688 0.297607
0.000010 0.954688 0.297607
0.000000 0.954686 0.297615
0.000000 0.954686 0.297615
0.000000 0.954686 0.297615
0.081950 -0.991038 0.105486
0.081950 -0.991038 0.105486
0.081950 -0.991038 0.105486
0.604588 -0.735104 0.306749
0.604588 -0.735104 0.306749
0.604588 -0.735104 0.306749
0.626851 -0.762173 -0.161709
0.626851 -0.762173 -0.161709
0.626851 -0.762173 -0.161709
0.286151 -0.884562 -0.368331
0.286151 -0.884562 -0.368331
0.286151 -0.884562 -0.368331
0.000000 -0.923353 0.383953
0.000000 -0.923353 0.383953
0.000000 -0.923353 0.383953
0.000000 -0.923353 0.383953
0.000000 -0.923352 0.383953
0.000000 -0.923353 0.383953
0.000000 -0.923353 -0.383953
0.000000 -0.923353 -0.383953
0.000000 -0.923353 -0.383953
0.000000 -0.923353 -0.383953
0.000000 -0.923353 -0.383953
0.000000 -0.923353 -0.383953
-0.855175 0.429878 0.289620
-0.855176 0.429878 0.289620
-0.855175 0.429878 0.289620
-0.854257 0.458442 0.245103
-0.854257 0.458442 0.245103
-0.854257 0.458442 0.245103
-0.894101 0.378367 -0.239627
-0.894101 0.378367 -0.239627
-0.894101 0.378367 -0.239627
-0.917259 0.337397 -0.211660
-0.917259 0.337397 -0.211660
-0.917259 0.337397 -0.211660
-0.959427 0.199308 -0.199438
-0.959427 0.199308 -0.199438
-0.959427 0.199308 -0.199438
-0.959835 0.172672 -0.221136
-0.959835 0.172672 -0.221136
-0.959835 0.172672 -0.221136
-0.977178 0.081453 -0.196188
-0.977178 0.081453 -0.196188
-0.977178 0.081453 -0.196188
-0.976179 0.076799 -0.202920
-0.976179 0.076799 -0.202920
-0.976179 0.076799 -0.202920
-0.980417 0.006118 -0.196838
-0.980417 0.006118 -0.196838
-0.980417 0.006118 -0.196838
-0.981732 0.004533 -0.190214
-0.981732 0.004533 -0.190214
-0.981732 0.004533 -0.190214
-0.981734 -0.004103 -0.190215
-0.981734 -0.004103 -0.190215
-0.981734 -0.004103 -0.190215
-0.981409 -0.003732 -0.191890
-0.981409 -0.003732 -0.191890
-0.981409 -0.003732 -0.191890
-0.979866 -0.056189 -0.191588
-0.979866 -0.056189 -0.191588
-0.979866 -0.056189 -0.191588
-0.979535 -0.055511 -0.193468
-0.979535 -0.055511 -0.193468
-0.979535 -0.055511 -0.193468
-0.973299 -0.125434 -0.192237
-0.973299 -0.125434 -0.192237
-0.973299 -0.125434 -0.192237
-0.970963 -0.118777 -0.207662
-0.970963 -0.118777 -0.207662
-0.970963 -0.118777 -0.207662
-0.972433 -0.092059 0.214240
-0.972433 -0.092060 0.214240
-0.972433 -0.092060 0.214240
-0.973881 -0.090405 0.208287
-0.973881 -0.090405 0.208287
-0.973881 -0.090405 0.208287
-0.968488 -0.128469 -0.213370
-0.968488 -0.128469 -0.213370
-0.968488 -0.128469 -0.213370
-0.953626 -0.120217 -0.275945
-0.953626 -0.120217 -0.275945
-0.953626 -0.120217 -0.275945
-0.940855 -0.201674 -0.272249
-0.940855 -0.201674 -0.272249
-0.940855 -0.201674 -0.272249
-0.964062 -0.213594 -0.157996
-0.964062 -0.213594 -0.157996
-0.964061 -0.213594 -0.157996
-0.778629 0.584810 -0.227451
-0.778629 0.584810 -0.227451
-0.778629 0.584810 -0.227451
-0.776927 0.579991 -0.244937
-0.776927 0.579991 -0.244937
-0.776927 0.579991 -0.244937
-0.373418 0.456524 -0.807555
-0.373418 0.456524 -0.807555
-0.373418 0.456524 -0.807555
-0.368827 0.452190 -0.812091
-0.368827 0.452190 -0.812091
-0.368827 0.452190 -0.812091
-0.396191 0.336789 0.854169
-0.396191 0.336789 0.854169
-0.396192 0.336789 0.854170
-0.394149 0.334457 0.856029
-0.394149 0.334457 0.856029
-0.394149 0.334457 0.856029
-0.286450 0.737183 0.611970
-0.286450 0.737183 0.611970
-0.286450 0.737183 0.611970
-0.280603 0.747516 0.602064
-0.280603 0.747516 0.602064
-0.280603 0.747516 0.602064
-0.398870 0.273945 -0.875132
-0.398870 0.273945 -0.875132
-0.398870 0.273945 -0.875132
-0.407052 0.290893 -0.865847
-0.407052 0.290893 -0.865847
-0.407052 0.290893 -0.865847
-0.399637 0.424863 0.812269
-0.399637 0.424863 0.812269
-0.399637 0.424863 0.812269
-0.472799 0.407994 0.781026
-0.472799 0.407994 0.781026
-0.472799 0.407994 0.781026
-0.415951 0.210692 -0.884643
-0.415951 0.210692 -0.884643
-0.415951 0.210692 -0.884643
-0.428405 0.228290 -0.874273
-0.428405 0.228290 -0.874273
-0.428405 0.228290 -0.874273
-0.580877 0.164044 0.797290
-0.580877 0.164044 0.797290
-0.580877 0.164044 0.797290
-0.514103 0.120261 0.849256
-0.514103 0.120261 0.849256
-0.514103 0.120261 0.849256
-0.514105 0.120261 0.849255
-0.514105 0.120261 0.849255
-0.514105 0.120261 0.849255
-0.437986 0.096149 -0.893826
-0.437985 0.096149 -0.893826
-0.437986 0.096149 -0.893826
-0.443445 0.100007 -0.890705
-0.443445 0.100007 -0.890705
-0.443445 0.100007 -0.890705
-0.588851 0.003353 0.808235
-0.588851 0.003353 0.808235
-0.588851 0.003353 0.808235
-0.611709 0.007619 0.791046
-0.611709 0.007619 0.791046
-0.611709 0.007619 0.791046
-0.450823 0.014099 -0.892502
-0.450823 0.014099 -0.892502
-0.450823 0.014099 -0.892502
-0.445627 0.015274 -0.895088
-0.445627 0.015274 -0.895088
-0.445627 0.015274 -0.895088
-0.611726 -0.001518 0.791068
-0.611726 -0.001518 0.791068
-0.611726 -0.001518 0.791068
-0.599071 -0.003722 0.800687
-0.599071 -0.003722 0.800687
-0.599071 -0.003722 0.800687
-0.455219 -0.005564 -0.890362
-0.455219 -0.005564 -0.890362
-0.455219 -0.005564 -0.890362
-0.450863 -0.004635 -0.892581
-0.450863 -0.004635 -0.892581
-0.450864 -0.004635 -0.892581
-0.598985 -0.017316 0.800573
-0.598985 -0.017316 0.800573
-0.598985 -0.017316 0.800573
-0.537135 -0.034930 0.842773
-0.537135 -0.034930 0.842773
-0.537135 -0.034930 0.842773
-0.617107 -0.096516 -0.780937
-0.617107 -0.096516 -0.780937
-0.617107 -0.096516 -0.780937
-0.454614 -0.051819 -0.889180
-0.454615 -0.051819 -0.889180
-0.454614 -0.051819 -0.889180
-0.537371 -0.018546 0.843142
-0.537371 -0.018546 0.843142
-0.537371 -0.018546 0.843142
-0.525752 -0.023488 0.850314
-0.525752 -0.023488 0.850314
-0.525752 -0.023488 0.850314
-0.664508 -0.221399 -0.713731
-0.664508 -0.221399 -0.713731
-0.664508 -0.221399 -0.713731
-0.606853 -0.203390 -0.768350
-0.606853 -0.203390 -0.768350
-0.606853 -0.203390 -0.768350
-0.760356 -0.203249 -0.616887
-0.760356 -0.203249 -0.616887
-0.760356 -0.203249 -0.616887
-0.668406 -0.193817 -0.718101
-0.668406 -0.193817 -0.718101
-0.668406 -0.193817 -0.718101
-0.525699 -0.027407 0.850229
-0.525699 -0.027407 0.850229
-0.525699 -0.027407 0.850229
-0.555701 -0.020152 0.831138
-0.555701 -0.020152 0.831138
-0.555701 -0.020152 0.831138
-0.554971 -0.055036 0.830047
-0.554971 -0.055036 0.830047
-0.554971 -0.055036 0.830047
-0.472654 -0.069396 0.878511
-0.472654 -0.069396 0.878511
-0.472654 -0.069396 0.878511
-0.462077 -0.221050 -0.858849
-0.462077 -0.221050 -0.858849
-0.462077 -0.221050 -0.858849
-0.750626 -0.254780 -0.609629
-0.750626 -0.254780 -0.609629
-0.750626 -0.254780 -0.609629
-0.607056 -0.144546 0.781402
-0.607056 -0.144546 0.781402
-0.607056 -0.144546 0.781402
-0.470523 -0.117341 0.874551
-0.470523 -0.117341 0.874551
-0.470523 -0.117341 0.874551
-0.597524 -0.226728 -0.769129
-0.597524 -0.226728 -0.769129
-0.597524 -0.226728 -0.769129
-0.463227 -0.210059 -0.860986
-0.463227 -0.210059 -0.860986
-0.463227 -0.210059 -0.860986
-0.350263 0.555262 0.754321
-0.350263 0.555262 0.754321
-0.350263 0.555262 0.754321
-0.346195 0.564751 -0.749136
-0.346195 0.564751 -0.749136
-0.346195 0.564751 -0.749136
-0.862303 0.439779 -0.251054
-0.862303 0.439779 -0.251054
-0.862303 0.439779 -0.251054
-0.860776 0.453091 -0.231892
-0.860776 0.453091 -0.231892
-0.860776 0.453091 -0.231892
-0.837610 0.511529 0.191699
-0.837609 0.511529 0.191699
-0.837610 0.511529 0.191699
-0.837611 0.511526 0.191700
-0.837611 0.511526 0.191700
-0.837611 0.511526 0.191700
-0.846002 0.449937 0.286073
-0.846002 0.449937 0.286073
-0.846002 0.449937 0.286073
-0.954938 0.245261 0.167157
-0.954937 0.245261 0.167157
-0.954938 0.245261 0.167157
-0.938250 0.270789 0.215314
-0.938250 0.270789 0.215314
-0.938250 0.270789 0.215314
-0.989789 0.002496 0.142522
-0.989789 0.002496 0.142522
-0.989788 0.002496 0.142522
-0.990476 0.003611 0.137637
-0.990476 0.003611 0.137637
-0.990476 0.003611 0.137637
-0.990478 -0.002906 0.137637
-0.990478 -0.002906 0.137637
-0.990478 -0.002906 0.137637
-0.990305 -0.003176 0.138871
-0.990305 -0.003176 0.138871
-0.990305 -0.003176 0.138871
-0.989604 -0.037761 0.138773
-0.989604 -0.037761 0.138773
-0.989604 -0.037761 0.138773
-0.984951 -0.048086 0.166013
-0.984950 -0.048086 0.166013
-0.984950 -0.048086 0.166013
-0.983774 -0.068509 0.165815
-0.983774 -0.068509 0.165815
-0.983774 -0.068509 0.165815
-0.973944 -0.089691 0.208300
-0.973944 -0.089691 0.208300
-0.973944 -0.089691 0.208300
-0.967086 -0.139105 -0.213061
-0.967086 -0.139105 -0.213061
-0.967086 -0.139105 -0.213061
-0.968185 -0.140502 -0.207068
-0.968185 -0.140502 -0.207068
-0.968185 -0.140502 -0.207068
-0.974006 -0.072566 0.214586
-0.974006 -0.072566 0.214586
-0.974006 -0.072566 0.214586
-0.957126 -0.084873 0.276958
-0.957126 -0.084873 0.276958
-0.957126 -0.084873 0.276958
-0.943852 -0.185877 0.273117
-0.943852 -0.185877 0.273117
-0.943852 -0.185877 0.273117
-0.973035 -0.170624 0.155213
-0.973035 -0.170624 0.155213
-0.973035 -0.170624 0.155213
-0.779635 0.576689 0.244130
-0.779635 0.576689 0.244130
-0.779635 0.576689 0.244130
-0.781387 0.582637 0.223536
-0.781387 0.582637 0.223536
-0.781387 0.582637 0.223536
-0.099062 0.583402 0.806119
-0.099062 0.583402 0.806119
-0.099062 0.583402 0.806119
0.000000 0.597578 0.801811
0.000000 0.597578 0.801811
0.000000 0.597578 0.801811
-0.131873 0.469504 -0.873026
-0.131873 0.469504 -0.873026
-0.131873 0.469504 -0.873026
-0.119418 0.467431 -0.875926
-0.119418 0.467431 -0.875927
-0.119418 0.467431 -0.875926
-0.149117 0.286346 -0.946451
-0.149117 0.286346 -0.946451
-0.149117 0.286346 -0.946451
-0.113077 0.300030 -0.947204
-0.113077 0.300030 -0.947204
-0.113077 0.300030 -0.947204
0.020673 0.799674 0.600078
0.020673 0.799674 0.600078
0.020673 0.799674 0.600078
0.002489 0.764755 0.644316
0.002489 0.764755 0.644316
0.002489 0.764755 0.644316
-0.109701 0.263877 -0.958298
-0.109701 0.263877 -0.958298
-0.109701 0.263877 -0.958298
-0.182300 0.242226 -0.952939
-0.182300 0.242226 -0.952939
-0.182300 0.242226 -0.952939
-0.146118 0.401761 0.904012
-0.146118 0.401761 0.904012
-0.146118 0.401761 0.904012
-0.186771 0.387925 0.902569
-0.186771 0.387925 0.902569
-0.186771 0.387925 0.902569
-0.160295 0.108445 -0.981094
-0.160295 0.108445 -0.981094
-0.160295 0.108445 -0.981094
-0.174190 0.106307 -0.978957
-0.174190 0.106307 -0.978957
-0.174190 0.106307 -0.978957
-0.108486 0.130626 0.985478
-0.108486 0.130626 0.985479
-0.108486 0.130626 0.985478
-0.120543 0.127385 0.984501
-0.120543 0.127385 0.984501
-0.120543 0.127385 0.984501
-0.069695 0.005089 0.997555
-0.069695 0.005089 0.997555
-0.069695 0.005089 0.997555
-0.107092 0.000920 0.994249
-0.107092 0.000920 0.994249
-0.107092 0.000920 0.994249
-0.171999 0.016807 -0.984954
-0.171999 0.016807 -0.984954
-0.171999 0.016807 -0.984954
-0.176225 0.016980 -0.984204
-0.176225 0.016980 -0.984204
-0.176225 0.016980 -0.984203
-0.176210 -0.005112 -0.984339
-0.176210 -0.005112 -0.984339
-0.176210 -0.005112 -0.984339
-0.250795 -0.001828 -0.968038
-0.250795 -0.001828 -0.968038
-0.250795 -0.001828 -0.968038
-0.073010 -0.000454 0.997331
-0.073010 -0.000454 0.997331
-0.073010 -0.000454 0.997331
-0.069692 -0.000078 0.997568
-0.069692 -0.000078 0.997569
-0.069692 -0.000078 0.997569
-0.253152 -0.112094 -0.960910
-0.253152 -0.112094 -0.960911
-0.253152 -0.112094 -0.960911
-0.086447 -0.101171 -0.991106
-0.086447 -0.101171 -0.991106
-0.086447 -0.101171 -0.991106
-0.089394 -0.000783 0.995996
-0.089394 -0.000783 0.995996
-0.089394 -0.000783 0.995996
-0.073062 -0.003189 0.997322
-0.073062 -0.003189 0.997322
-0.073062 -0.003189 0.997322
-0.080560 -0.246372 -0.965821
-0.080560 -0.246372 -0.965821
-0.080560 -0.246373 -0.965821
-0.076068 -0.247306 -0.965947
-0.076068 -0.247306 -0.965947
-0.076068 -0.247306 -0.965947
-0.090728 -0.000103 0.995876
-0.090728 -0.000103 0.995876
-0.090728 -0.000103 0.995876
-0.089390 -0.000350 0.995997
-0.089390 -0.000350 0.995997
-0.089390 -0.000350 0.995997
-0.084844 -0.249151 -0.964741
-0.084844 -0.249151 -0.964741
-0.084844 -0.249151 -0.964741
-0.080453 -0.250436 -0.964785
-0.080453 -0.250436 -0.964785
-0.080453 -0.250436 -0.964785
-0.131104 -0.002328 0.991366
-0.131104 -0.002328 0.991366
-0.131104 -0.002328 0.991366
-0.090672 -0.006705 0.995858
-0.090672 -0.006705 0.995858
-0.090672 -0.006705 0.995858
-0.076028 -0.249281 -0.965442
-0.076028 -0.249282 -0.965442
-0.076028 -0.249282 -0.965442
-0.025735 -0.252518 -0.967250
-0.025735 -0.252518 -0.967250
-0.025735 -0.252518 -0.967250
-0.144404 -0.057922 0.987822
-0.144404 -0.057922 0.987822
-0.144404 -0.057922 0.987822
-0.130835 -0.058791 0.989659
-0.130835 -0.058791 0.989659
-0.130835 -0.058791 0.989659
-0.018545 -0.214046 -0.976647
-0.018545 -0.214046 -0.976647
-0.018545 -0.214046 -0.976647
0.000000 -0.214344 -0.976758
0.000000 -0.214344 -0.976758
0.000000 -0.214344 -0.976758
0.000000 -0.117430 0.993081
0.000000 -0.117430 0.993081
0.000000 -0.117430 0.993081
-0.153712 -0.113801 0.981541
-0.153712 -0.113801 0.981541
-0.153712 -0.113801 0.981541
0.000000 0.593396 -0.804911
0.000000 0.593396 -0.804911
0.000000 0.593396 -0.804911
-0.119345 0.605333 -0.786974
-0.119345 0.605333 -0.786974
-0.119345 0.605333 -0.786974
-0.022843 0.320671 0.946915
-0.022843 0.320670 0.946915
-0.022842 0.320670 0.946915
-0.119151 0.343775 0.931462
-0.119151 0.343775 0.931462
-0.119151 0.343775 0.931462
-0.000010 0.954688 -0.297608
-0.000010 0.954688 -0.297608
-0.000010 0.954688 -0.297608
0.000000 0.954686 -0.297616
0.000000 0.954686 -0.297616
0.000000 0.954686 -0.297616
0.000000 0.954686 0.297615
0.000000 0.954686 0.297615
0.000000 0.954686 0.297615
-0.000010 0.954688 0.297607
-0.000010 0.954688 0.297607
-0.000010 0.954688 0.297607
-0.604588 -0.735104 0.306749
-0.604588 -0.735104 0.306749
-0.604588 -0.735104 0.306749
-0.081950 -0.991038 0.105486
-0.081950 -0.991038 0.105486
-0.081950 -0.991038 0.105486
-0.286151 -0.884562 -0.368331
-0.286151 -0.884562 -0.368331
-0.286151 -0.884562 -0.368331
-0.626851 -0.762173 -0.161709
-0.626851 -0.762173 -0.161709
-0.626851 -0.762173 -0.161709
0.000000 -0.923353 0.383953
0.000000 -0.923353 0.383953
0.000000 -0.923353 0.383953
0.000000 -0.923353 0.383953
0.000000 -0.923353 0.383953
0.000000 -0.923353 0.383953
0.000000 -0.923353 -0.383953
0.000000 -0.923353 -0.383953
0.000000 -0.923353 -0.383953
0.000000 -0.923353 -0.383953
0.000000 -0.923353 -0.383953
0.000000 -0.923353 -0.383953
0.257088 -0.068354 0.963968
0.257088 -0.068354 0.963968
0.257088 -0.068354 0.963968
0.092394 -0.000000 0.995723
0.092394 -0.000000 0.995722
0.092394 -0.000000 0.995723
-0.000000 -0.000000 -1.000000
-0.000000 -0.000000 -1.000000
-0.000000 -0.000000 -1.000000
-0.000000 0.000000 -1.000000
-0.000000 0.000000 -1.000000
-0.000000 0.000000 -1.000000
0.563530 0.826095 0.000000
0.563530 0.826095 0.000000
0.563530 0.826095 0.000000
0.563530 0.826095 0.000000
0.563530 0.826095 0.000000
0.563530 0.826095 0.000000
0.999955 -0.000005 -0.009492
0.999955 -0.000005 -0.009492
0.999955 -0.000005 -0.009492
0.999955 -0.000005 -0.009498
0.999955 -0.000005 -0.009498
0.999955 -0.000005 -0.009498
-0.370398 -0.928850 0.006604
-0.370398 -0.928850 0.006604
-0.370398 -0.928850 0.006604
-0.370203 -0.928951 0.000000
-0.370203 -0.928951 0.000000
-0.370203 -0.928951 0.000000
-0.681581 0.000000 0.731743
-0.681581 0.000000 0.731743
-0.681581 0.000000 0.731743
-0.982849 -0.184414 0.000000
-0.982849 -0.184414 0.000000
-0.982849 -0.184414 0.000000
-0.034579 0.000000 0.999402
-0.034579 0.000000 0.999402
-0.034579 0.000000 0.999402
-0.034458 0.000386 0.999406
-0.034458 0.000386 0.999406
-0.034458 0.000386 0.999406
0.058264 -0.000386 -0.998301
0.058264 -0.000386 -0.998301
0.058264 -0.000386 -0.998301
0.058385 -0.000000 -0.998294
0.058385 -0.000000 -0.998294
0.058385 -0.000000 -0.998294
0.514882 0.857261 0.000000
0.514882 0.857261 0.000000
0.514882 0.857261 0.000000
0.514976 0.857195 -0.004088
0.514976 0.857195 -0.004088
0.514976 0.857195 -0.004088
0.293026 -0.956105 0.000000
0.293026 -0.956104 0.000000
0.293026 -0.956105 0.000000
0.293026 -0.956105 0.000000
0.293026 -0.956104 0.000000
0.293026 -0.956105 0.000000
0.046505 -0.064790 0.996815
0.046505 -0.064790 0.996815
0.046505 -0.064790 0.996815
0.022804 -0.074407 0.996967
0.022804 -0.074407 0.996967
0.022804 -0.074407 0.996967
0.363826 0.146870 0.919815
0.363826 0.146870 0.919815
0.363826 0.146870 0.919815
0.359965 0.497642 0.789163
0.359965 0.497642 0.789163
0.359965 0.497642 0.789163
0.034134 -0.186425 -0.981876
0.034134 -0.186425 -0.981876
0.034134 -0.186425 -0.981876
0.051402 -0.167719 -0.984494
0.051402 -0.167719 -0.984494
0.051402 -0.167719 -0.984494
0.127207 0.227652 -0.965398
0.127207 0.227652 -0.965398
0.127207 0.227652 -0.965398
0.122036 0.178897 -0.976270
0.122036 0.178897 -0.976270
0.122036 0.178897 -0.976270
0.999955 -0.000083 -0.009498
0.999955 -0.000083 -0.009498
0.999955 -0.000083 -0.009498
0.999720 0.000919 -0.023626
0.999720 0.000919 -0.023626
0.999720 0.000919 -0.023626
0.999955 -0.000008 -0.009492
0.999955 -0.000008 -0.009492
0.999955 -0.000008 -0.009492
0.999955 -0.000006 -0.009497
0.999955 -0.000006 -0.009497
0.999955 -0.000006 -0.009497
-1.000000 0.000000 0.000000
-1.000000 0.000000 0.000000
-1.000000 0.000000 0.000000
-1.000000 0.000000 0.000000
-1.000000 0.000000 0.000000
-1.000000 0.000000 0.000000
-0.773203 0.121027 0.622502
-0.773203 0.121027 0.622502
-0.773203 0.121027 0.622502
-1.000000 0.000000 0.000000
-1.000000 0.000000 0.000000
-1.000000 0.000000 0.000000
-0.061931 -0.064736 0.995979
-0.061931 -0.064736 0.995979
-0.061931 -0.064736 0.995979
-0.059890 -0.057351 0.996556
-0.059890 -0.057351 0.996556
-0.059890 -0.057351 0.996556
0.032698 0.116528 0.992649
0.032698 0.116528 0.992649
0.032698 0.116528 0.992649
0.055122 0.157436 0.985990
0.055122 0.157436 0.985990
0.055122 0.157436 0.985990
0.153420 0.167644 -0.973837
0.153420 0.167644 -0.973837
0.153420 0.167644 -0.973837
0.183807 0.225606 -0.956722
0.183807 0.225606 -0.956722
0.183807 0.225606 -0.956722
-0.021541 -0.186491 -0.982221
-0.021541 -0.186491 -0.982221
-0.021541 -0.186491 -0.982221
0.011749 -0.069236 -0.997531
0.011749 -0.069236 -0.997531
0.011749 -0.069236 -0.997531
-0.903901 -0.206835 0.374409
-0.903901 -0.206835 0.374409
-0.903901 -0.206835 0.374409
-0.903901 -0.206834 0.374410
-0.903901 -0.206834 0.374410
-0.903901 -0.206834 0.374410
-0.374408 -0.206834 0.903902
-0.374408 -0.206834 0.903902
-0.374408 -0.206834 0.903902
-0.374410 -0.206835 0.903901
-0.374410 -0.206835 0.903901
-0.374410 -0.206835 0.903901
0.374408 -0.206834 0.903902
0.374408 -0.206834 0.903902
0.374408 -0.206834 0.903902
0.374407 -0.206835 0.903902
0.374407 -0.206835 0.903902
0.374407 -0.206835 0.903902
0.903901 -0.206836 0.374409
0.903901 -0.206836 0.374409
0.903901 -0.206836 0.374409
0.903903 -0.206833 0.374406
0.903903 -0.206833 0.374406
0.903903 -0.206833 0.374406
0.903901 -0.206836 -0.374408
0.903901 -0.206836 -0.374408
0.903901 -0.206836 -0.374408
0.903901 -0.206836 -0.374408
0.903901 -0.206836 -0.374408
0.903901 -0.206836 -0.374408
0.374407 -0.206834 -0.903902
0.374407 -0.206834 -0.903902
0.374407 -0.206834 -0.903902
0.374409 -0.206835 -0.903901
0.374409 -0.206835 -0.903901
0.374408 -0.206835 -0.903901
-0.374408 -0.206835 -0.903902
-0.374408 -0.206835 -0.903902
-0.374408 -0.206835 -0.903902
-0.374409 -0.206834 -0.903901
-0.374409 -0.206834 -0.903901
-0.374409 -0.206834 -0.903901
-0.903901 -0.206834 -0.374409
-0.903901 -0.206835 -0.374409
-0.903901 -0.206834 -0.374409
-0.903902 -0.206834 -0.374408
-0.903902 -0.206834 -0.374408
-0.903902 -0.206834 -0.374408
0.000000 -1.000000 0.000000
0.000000 -1.000000 0.000000
0.000000 -1.000000 0.000000
0.000000 -1.000000 0.000000
0.000000 -1.000000 0.000000
0.000000 -1.000000 0.000000
0.000000 -1.000000 0.000000
0.000000 -1.000000 0.000000
0.000000 -1.000000 0.000000
0.000000 -1.000000 0.000000
0.000000 -1.000000 0.000000
0.000000 -1.000000 0.000000
0.000000 -1.000000 0.000000
0.000000 -1.000000 0.000000
0.000000 -1.000000 0.000000
0.000000 -1.000000 0.000000
0.000000 -1.000000 0.000000
0.000000 -1.000000 0.000000
0.000001 1.000000 -0.000003
0.000001 1.000000 -0.000003
0.000001 1.000000 -0.000003
0.000000 1.000000 0.000000
0.000000 1.000000 0.000000
0.000000 1.000000 0.000000
0.000001 1.000000 0.000003
0.000001 1.000000 0.000003
0.000001 1.000000 0.000003
0.000001 1.000000 -0.000000
0.000001 1.000000 -0.000000
0.000001 1.000000 -0.000000
0.000001 1.000000 -0.000000
0.000001 1.000000 -0.000000
0.000001 1.000000 -0.000000
0.000000 1.000000 0.000000
0.000000 1.000000 0.000000
0.000000 1.000000 0.000000
-0.820777 0.459066 0.339976
-0.820777 0.459066 0.339976
-0.820777 0.459066 0.339976
-0.820778 0.459061 0.339979
-0.820778 0.459061 0.339979
-0.820778 0.459061 0.339979
-0.339977 0.459065 0.820777
-0.339977 0.459065 0.820777
-0.339977 0.459065 0.820777
-0.339977 0.459065 0.820777
-0.339977 0.459065 0.820777
-0.339977 0.459065 0.820777
0.339977 0.459064 0.820777
0.339977 0.459064 0.820777
0.339977 0.459064 0.820777
0.339979 0.459062 0.820778
0.339979 0.459062 0.820778
0.339979 0.459062 0.820778
0.820779 0.459061 0.339977
0.820779 0.459061 0.339977
0.820779 0.459061 0.339977
0.820779 0.459062 0.339977
0.820779 0.459062 0.339977
0.820779 0.459062 0.339977
0.820778 0.459063 -0.339977
0.820778 0.459063 -0.339977
0.820778 0.459063 -0.339977
0.820779 0.459061 -0.339978
0.820779 0.459061 -0.339978
0.820779 0.459061 -0.339978
0.339978 0.459064 -0.820778
0.339978 0.459064 -0.820777
0.339978 0.459064 -0.820778
0.339978 0.459064 -0.820777
0.339978 0.459064 -0.820777
0.339978 0.459064 -0.820777
-0.339977 0.459064 -0.820778
-0.339977 0.459064 -0.820778
-0.339977 0.459064 -0.820778
-0.339977 0.459064 -0.820778
-0.339976 0.459064 -0.820778
-0.339977 0.459064 -0.820778
-0.820780 0.459061 -0.339977
-0.820779 0.459061 -0.339977
-0.820779 0.459061 -0.339977
-0.820776 0.459066 -0.339978
-0.820776 0.459066 -0.339978
-0.820776 0.459066 -0.339978
0.000000 1.000000 0.000000
0.000000 1.000000 0.000000
0.000000 1.000000 0.000000
0.000000 1.000000 0.000000
0.000000 1.000000 0.000000
0.000000 1.000000 0.000000
0.000000 1.000000 0.000000
0.000000 1.000000 0.000000
0.000000 1.000000 0.000000
0.000000 1.000000 0.000000
0.000000 1.000000 0.000000
0.000000 1.000000 0.000000
0.000001 1.000000 -0.000001
0.000001 1.000000 -0.000001
0.000001 1.000000 -0.000001
0.000003 1.000000 0.000000
0.000003 1.000000 0.000000
0.000003 1.000000 0.000000
0.000000 1.000000 0.000000
0.000000 1.000000 0.000000
0.000000 1.000000 0.000000
0.000000 1.000000 0.000000
0.000000 1.000000 0.000000
0.000000 1.000000 0.000000
0.000000 1.000000 0.000000
0.000000 1.000000 0.000000
0.000000 1.000000 0.000000
0.000000 1.000000 0.000000
0.000000 1.000000 0.000000
0.000000 1.000000 0.000000
0.000002 1.000000 0.000000
0.000002 1.000000 0.000000
0.000002 1.000000 0.000000
0.000002 1.000000 0.000002
0.000002 1.000000 0.000002
0.000002 1.000000 0.000002
0.000000 1.000000 0.000000
0.000000 1.000000 0.000000
0.000000 1.000000 0.000000
0.000000 1.000000 0.000000
0.000000 1.000000 0.000000
0.000000 1.000000 0.000000
0.000000 1.000000 0.000000
0.000000 1.000000 0.000000
0.000000 1.000000 0.000000
0.000000 1.000000 0.000000
0.000000 1.000000 0.000000
0.000000 1.000000 0.000000
0.923879 -0.000004 -0.382685
0.923879 -0.000004 -0.382685
0.923879 -0.000004 -0.382685
0.923879 -0.000003 -0.382685
0.923879 -0.000003 -0.382685
0.923879 -0.000003 -0.382685
0.382684 0.000000 -0.923879
0.382684 0.000000 -0.923879
0.382684 0.000000 -0.923879
0.382683 -0.000002 -0.923880
0.382683 -0.000002 -0.923880
0.382683 -0.000002 -0.923880
-0.382684 0.000002 -0.923879
-0.382684 0.000002 -0.923879
-0.382684 0.000002 -0.923879
-0.382685 0.000000 -0.923879
-0.382685 0.000000 -0.923879
-0.382685 0.000000 -0.923879
-0.923880 0.000004 -0.382682
-0.923880 0.000004 -0.382682
-0.923880 0.000004 -0.382682
-0.923880 0.000004 -0.382682
-0.923880 0.000004 -0.382682
-0.923880 0.000004 -0.382682
-0.923879 0.000003 0.382684
-0.923879 0.000003 0.382684
-0.923879 0.000003 0.382684
-0.923879 0.000004 0.382684
-0.923880 0.000004 0.382684
-0.923879 0.000004 0.382684
-0.382684 0.000000 0.923880
-0.382684 0.000000 0.923880
-0.382684 0.000000 0.923880
-0.382684 0.000001 0.923879
-0.382684 0.000001 0.923879
-0.382684 0.000001 0.923879
0.382682 -0.000001 0.923880
0.382682 -0.000001 0.923880
0.382682 -0.000001 0.923880
0.382682 -0.000000 0.923880
0.382682 -0.000000 0.923880
0.382682 -0.000000 0.923880
0.923880 -0.000003 0.382683
0.923880 -0.000003 0.382683
0.923880 -0.000003 0.382683
0.923880 -0.000003 0.382683
0.923880 -0.000003 0.382683
0.923880 -0.000003 0.382683
-0.918651 0.106240 0.380516
-0.918651 0.106240 0.380516
-0.918651 0.106240 0.380516
-0.918651 0.106239 0.380518
-0.918651 0.106239 0.380518
-0.918651 0.106239 0.380518
-0.380517 0.106240 0.918651
-0.380517 0.106240 0.918651
-0.380517 0.106240 0.918651
-0.380517 0.106240 0.918651
-0.380517 0.106240 0.918651
-0.380517 0.106240 0.918651
0.380517 0.106240 0.918651
0.380517 0.106240 0.918651
0.380517 0.106240 0.918651
0.380518 0.106240 0.918651
0.380518 0.106240 0.918651
0.380518 0.106240 0.918651
0.918651 0.106240 0.380517
0.918651 0.106240 0.380517
0.918651 0.106240 0.380517
0.918650 0.106241 0.380518
0.918650 0.106241 0.380518
0.918650 0.106241 0.380518
0.918651 0.106241 -0.380517
0.918651 0.106241 -0.380517
0.918651 0.106241 -0.380517
0.918651 0.106241 -0.380518
0.918651 0.106241 -0.380518
0.918651 0.106241 -0.380518
0.380518 0.106240 -0.918651
0.380518 0.106240 -0.918651
0.380518 0.106240 -0.918651
0.380517 0.106240 -0.918651
0.380517 0.106240 -0.918651
0.380517 0.106240 -0.918651
-0.380517 0.106240 -0.918651
-0.380517 0.106240 -0.918651
-0.380517 0.106240 -0.918651
-0.380517 0.106240 -0.918651
-0.380517 0.106240 -0.918651
-0.380517 0.106240 -0.918651
-0.918651 0.106239 -0.380516
-0.918651 0.106239 -0.380516
-0.918651 0.106239 -0.380516
-0.918651 0.106240 -0.380518
-0.918651 0.106240 -0.380518
-0.918651 0.106240 -0.380518
0.000033 -1.000000 -0.000010
0.000033 -1.000000 -0.000010
0.000033 -1.000000 -0.000010
0.000000 -1.000000 0.000000
0.000000 -1.000000 0.000000
0.000000 -1.000000 0.000000
0.000033 -1.000000 0.000014
0.000033 -1.000000 0.000014
0.000033 -1.000000 0.000014
0.000033 -1.000000 0.000014
0.000033 -1.000000 0.000014
0.000033 -1.000000 0.000014
-0.000006 -1.000000 0.000000
-0.000006 -1.000000 0.000000
-0.000006 -1.000000 0.000000
0.000006 -1.000000 0.000040
0.000006 -1.000000 0.000040
0.000006 -1.000000 0.000040
0.000000 -1.000000 0.000000
0.000000 -1.000000 0.000000
0.000000 -1.000000 0.000000
0.000000 -1.000000 0.000000
0.000000 -1.000000 0.000000
0.000000 -1.000000 0.000000
0.000000 -1.000000 0.000000
0.000000 -1.000000 0.000000
0.000000 -1.000000 0.000000
0.000000 -1.000000 0.000000
0.000000 -1.000000 0.000000
0.000000 -1.000000 0.000000
0.000000 -1.000000 0.000000
0.000000 -1.000000 0.000000
0.000000 -1.000000 0.000000
0.000000 -1.000000 0.000000
0.000000 -1.000000 0.000000
0.000000 -1.000000 0.000000
0.000000 -1.000000 0.000000
0.000000 -1.000000 0.000000
0.000000 -1.000000 0.000000
0.000000 -1.000000 0.000000
0.000000 -1.000000 0.000000
0.000000 -1.000000 0.000000
-0.000007 -1.000000 -0.000007
-0.000007 -1.000000 -0.000007
-0.000007 -1.000000 -0.000007
-0.000011 -1.000000 0.000000
-0.000011 -1.000000 0.000000
-0.000011 -1.000000 0.000000
-0.808305 -0.484298 0.334811
-0.808305 -0.484298 0.334811
-0.808305 -0.484298 0.334811
-0.808303 -0.484300 0.334813
-0.808303 -0.484300 0.334813
-0.808303 -0.484300 0.334813
-0.808305 -0.484298 -0.334810
-0.808305 -0.484298 -0.334810
-0.808305 -0.484298 -0.334810
-0.808305 -0.484299 -0.334809
-0.808305 -0.484299 -0.334809
-0.808305 -0.484299 -0.334809
-0.334815 -0.484296 -0.808304
-0.334815 -0.484296 -0.808304
-0.334815 -0.484296 -0.808304
-0.334818 -0.484300 -0.808301
-0.334818 -0.484300 -0.808301
-0.334818 -0.484300 -0.808301
0.334811 -0.484296 -0.808306
0.334811 -0.484296 -0.808306
0.334811 -0.484296 -0.808306
0.334808 -0.484298 -0.808306
0.334808 -0.484298 -0.808306
0.334808 -0.484298 -0.808306
0.808306 -0.484296 -0.334811
0.808306 -0.484296 -0.334811
0.808306 -0.484296 -0.334811
0.808307 -0.484295 -0.334810
0.808307 -0.484295 -0.334810
0.808307 -0.484295 -0.334810
0.808307 -0.484294 0.334812
0.808307 -0.484294 0.334812
0.808307 -0.484294 0.334812
0.808307 -0.484297 0.334809
0.808307 -0.484297 0.334809
0.808307 -0.484297 0.334809
0.334811 -0.484296 0.808306
0.334811 -0.484296 0.808306
0.334811 -0.484296 0.808306
0.334811 -0.484295 0.808307
0.334811 -0.484295 0.808307
0.334811 -0.484295 0.808307
-0.334815 -0.484300 0.808302
-0.334815 -0.484300 0.808302
-0.334815 -0.484300 0.808302
-0.334822 -0.484295 0.808302
-0.334822 -0.484295 0.808302
-0.334822 -0.484295 0.808302
0.000000 -1.000000 0.000000
0.000000 -1.000000 0.000000
0.000000 -1.000000 0.000000
-0.000076 -1.000000 -0.000006
-0.000076 -1.000000 -0.000006
-0.000076 -1.000000 -0.000006
-0.000050 -1.000000 -0.000021
-0.000050 -1.000000 -0.000021
-0.000050 -1.000000 -0.000021
0.000000 -1.000000 0.000037
0.000000 -1.000000 0.000037
0.000000 -1.000000 0.000037
-0.000024 -1.000000 0.000000
-0.000024 -1.000000 0.000000
-0.000024 -1.000000 0.000000
-0.000021 -1.000000 -0.000050
-0.000021 -1.000000 -0.000050
-0.000021 -1.000000 -0.000050
0.000000 -1.000000 0.000000
0.000000 -1.000000 0.000000
0.000000 -1.000000 0.000000
0.000000 -1.000000 0.000000
0.000000 -1.000000 0.000000
0.000000 -1.000000 0.000000
0.000000 -1.000000 0.000000
0.000000 -1.000000 0.000000
0.000000 -1.000000 0.000000
0.000000 -1.000000 0.000000
0.000000 -1.000000 0.000000
0.000000 -1.000000 0.000000
0.000000 -1.000000 0.000000
0.000000 -1.000000 0.000000
0.000000 -1.000000 0.000000
0.000000 -1.000000 0.000000
0.000000 -1.000000 0.000000
0.000000 -1.000000 0.000000
0.000000 -1.000000 0.000000
0.000000 -1.000000 0.000000
0.000000 -1.000000 0.000000
0.000000 -1.000000 0.000000
0.000000 -1.000000 0.000000
0.000000 -1.000000 0.000000
-0.000038 -1.000000 0.000033
-0.000038 -1.000000 0.000033
-0.000038 -1.000000 0.000033
0.000000 -1.000000 0.000000
0.000000 -1.000000 0.000000
0.000000 -1.000000 0.000000
-0.923814 -0.011811 0.382658
-0.923814 -0.011811 0.382658
-0.923814 -0.011811 0.382658
-0.923814 -0.011812 0.382658
-0.923814 -0.011812 0.382658
-0.923814 -0.011812 0.382658
-0.923815 -0.011813 -0.382656
-0.923815 -0.011813 -0.382656
-0.923815 -0.011813 -0.382656
-0.923816 -0.011812 -0.382654
-0.923816 -0.011812 -0.382654
-0.923816 -0.011812 -0.382654
-0.382655 -0.011813 -0.923816
-0.382655 -0.011813 -0.923816
-0.382655 -0.011813 -0.923816
-0.382655 -0.011813 -0.923816
-0.382655 -0.011813 -0.923816
-0.382655 -0.011813 -0.923816
0.382656 -0.011813 -0.923815
0.382656 -0.011813 -0.923815
0.382656 -0.011813 -0.923815
0.382654 -0.011812 -0.923816
0.382654 -0.011812 -0.923816
0.382654 -0.011812 -0.923816
0.923815 -0.011812 -0.382658
0.923815 -0.011812 -0.382658
0.923814 -0.011812 -0.382658
0.923815 -0.011813 -0.382657
0.923815 -0.011813 -0.382657
0.923815 -0.011813 -0.382657
0.923816 -0.011811 0.382655
0.923816 -0.011811 0.382655
0.923816 -0.011811 0.382655
0.923815 -0.011812 0.382657
0.923815 -0.011812 0.382657
0.923815 -0.011812 0.382657
0.382658 -0.011812 0.923815
0.382658 -0.011812 0.923815
0.382658 -0.011812 0.923815
0.382658 -0.011812 0.923815
0.382658 -0.011812 0.923815
0.382658 -0.011812 0.923815
-0.382655 -0.011812 0.923816
-0.382655 -0.011812 0.923816
-0.382655 -0.011812 0.923816
-0.382656 -0.011812 0.923816
-0.382656 -0.011812 0.923815
-0.382656 -0.011812 0.923816
-0.857192 -0.373031 0.355062
-0.857192 -0.373031 0.355062
-0.857192 -0.373031 0.355062
-0.857196 -0.373029 0.355056
-0.857196 -0.373029 0.355056
-0.857196 -0.373029 0.355056
-0.857194 -0.373028 -0.355061
-0.857194 -0.373028 -0.355061
-0.857194 -0.373028 -0.355061
-0.857196 -0.373031 -0.355054
-0.857196 -0.373031 -0.355054
-0.857196 -0.373031 -0.355054
-0.355065 -0.373033 -0.857190
-0.355065 -0.373033 -0.857190
-0.355065 -0.373033 -0.857190
-0.355060 -0.373031 -0.857193
-0.355060 -0.373031 -0.857194
-0.355060 -0.373031 -0.857193
0.355063 -0.373032 -0.857192
0.355063 -0.373032 -0.857192
0.355063 -0.373032 -0.857192
0.355060 -0.373033 -0.857192
0.355060 -0.373033 -0.857192
0.355060 -0.373033 -0.857192
0.857192 -0.373033 -0.355060
0.857192 -0.373033 -0.355060
0.857192 -0.373033 -0.355060
0.857191 -0.373034 -0.355062
0.857191 -0.373034 -0.355062
0.857191 -0.373034 -0.355062
0.857191 -0.373034 0.355061
0.857191 -0.373034 0.355061
0.857191 -0.373034 0.355061
0.857192 -0.373035 0.355058
0.857192 -0.373035 0.355058
0.857192 -0.373035 0.355058
0.355062 -0.373034 0.857191
0.355062 -0.373034 0.857191
0.355062 -0.373034 0.857191
0.355062 -0.373034 0.857192
0.355062 -0.373034 0.857192
0.355061 -0.373033 0.857191
-0.355057 -0.373032 0.857194
-0.355057 -0.373032 0.857194
-0.355057 -0.373032 0.857194
-0.355059 -0.373031 0.857193
-0.355059 -0.373032 0.857193
-0.355059 -0.373032 0.857193
0.000000 0.000000 -1.000000
0.000000 0.000000 -1.000000
0.000000 0.000000 -1.000000
0.000000 0.000000 -1.000000
0.000000 0.000000 -1.000000
0.000000 0.000000 -1.000000
0.000000 -0.000000 1.000000
0.000000 -0.000000 1.000000
0.000000 -0.000000 1.000000
0.000000 -0.000000 1.000000
0.000000 -0.000000 1.000000
0.000000 -0.000000 1.000000
-0.009706 0.999953 0.000000
-0.009706 0.999953 0.000000
-0.009706 0.999953 0.000000
-0.009706 0.999953 -0.000000
-0.009706 0.999953 -0.000000
-0.009706 0.999953 -0.000000
-0.999532 -0.027585 -0.013202
-0.999532 -0.027585 -0.013202
-0.999532 -0.027585 -0.013202
-0.995430 -0.019685 0.093445
-0.995430 -0.019685 0.093445
-0.995430 -0.019685 0.093445
-0.999708 -0.024155 0.000000
-0.999708 -0.024155 0.000000
-0.999708 -0.024155 0.000000
0.000000 -0.902039 -0.431654
0.000000 -0.902039 -0.431654
0.000000 -0.902039 -0.431654
0.000000 -0.902039 -0.431654
0.000000 -0.902039 -0.431654
0.000000 -0.902039 -0.431654
1.000000 -0.000002 0.000002
1.000000 -0.000002 0.000002
1.000000 -0.000002 0.000002
0.999594 -0.027566 -0.007182
0.999594 -0.027566 -0.007182
0.999594 -0.027566 -0.007182
0.999338 -0.034015 0.012889
0.999338 -0.034015 0.012889
0.999338 -0.034015 0.012889
-0.005510 0.567635 0.823262
-0.005510 0.567635 0.823262
-0.005510 0.567635 0.823262
-0.005503 0.567640 0.823258
-0.005503 0.567640 0.823258
-0.005503 0.567640 0.823258
-0.903903 -0.206834 0.374405
-0.903903 -0.206834 0.374405
-0.903903 -0.206834 0.374405
-0.903902 -0.206832 0.374409
-0.903902 -0.206832 0.374409
-0.903902 -0.206832 0.374409
-0.374407 -0.206835 0.903902
-0.374407 -0.206835 0.903902
-0.374407 -0.206835 0.903902
-0.374408 -0.206835 0.903902
-0.374408 -0.206835 0.903902
-0.374408 -0.206835 0.903902
0.374408 -0.206836 0.903901
0.374408 -0.206836 0.903901
0.374408 -0.206836 0.903901
0.374409 -0.206835 0.903901
0.374409 -0.206835 0.903901
0.374409 -0.206835 0.903901
0.903901 -0.206837 0.374407
0.903901 -0.206837 0.374407
0.903901 -0.206837 0.374407
0.903901 -0.206838 0.374408
0.903901 -0.206838 0.374408
0.903901 -0.206838 0.374408
0.903901 -0.206838 -0.374407
0.903901 -0.206838 -0.374407
0.903901 -0.206838 -0.374407
0.903901 -0.206837 -0.374408
0.903901 -0.206837 -0.374408
0.903901 -0.206837 -0.374408
0.374407 -0.206836 -0.903902
0.374407 -0.206836 -0.903902
0.374407 -0.206836 -0.903902
0.374409 -0.206837 -0.903901
0.374409 -0.206837 -0.903901
0.374409 -0.206837 -0.903901
-0.374409 -0.206835 -0.903901
-0.374409 -0.206835 -0.903901
-0.374409 -0.206835 -0.903901
-0.374409 -0.206834 -0.903901
-0.374409 -0.206834 -0.903901
-0.374409 -0.206834 -0.903901
-0.903902 -0.206832 -0.374408
-0.903902 -0.206832 -0.374408
-0.903902 -0.206832 -0.374408
-0.903901 -0.206834 -0.374411
-0.903901 -0.206834 -0.374411
-0.903901 -0.206834 -0.374411
0.000000 -1.000000 0.000000
0.000000 -1.000000 0.000000
0.000000 -1.000000 0.000000
0.000000 -1.000000 0.000000
0.000000 -1.000000 0.000000
0.000000 -1.000000 0.000000
0.000000 -1.000000 0.000000
0.000000 -1.000000 0.000000
0.000000 -1.000000 0.000000
0.000000 -1.000000 0.000000
0.000000 -1.000000 0.000000
0.000000 -1.000000 0.000000
0.000000 -1.000000 0.000000
0.000000 -1.000000 0.000000
0.000000 -1.000000 0.000000
0.000000 -1.000000 0.000000
0.000000 -1.000000 0.000000
0.000000 -1.000000 0.000000
0.000000 1.000000 0.000000
0.000000 1.000000 0.000000
0.000000 1.000000 0.000000
0.000000 1.000000 0.000000
0.000000 1.000000 0.000000
0.000000 1.000000 0.000000
0.000000 1.000000 0.000000
0.000000 1.000000 0.000000
0.000000 1.000000 0.000000
0.000000 1.000000 0.000000
0.000000 1.000000 0.000000
0.000000 1.000000 0.000000
0.000000 1.000000 0.000000
0.000000 1.000000 0.000000
0.000000 1.000000 0.000000
0.000000 1.000000 0.000000
0.000000 1.000000 0.000000
0.000000 1.000000 0.000000
-0.820778 0.459063 0.339977
-0.820779 0.459063 0.339977
-0.820778 0.459063 0.339977
-0.820779 0.459062 0.339977
-0.820779 0.459062 0.339977
-0.820779 0.459062 0.339977
-0.339976 0.459064 0.820778
-0.339976 0.459064 0.820778
-0.339976 0.459064 0.820778
-0.339977 0.459065 0.820777
-0.339977 0.459065 0.820777
-0.339977 0.459065 0.820777
0.339978 0.459065 0.820777
0.339978 0.459065 0.820777
0.339978 0.459065 0.820777
0.339978 0.459065 0.820777
0.339978 0.459065 0.820777
0.339978 0.459065 0.820777
0.820775 0.459067 0.339979
0.820775 0.459067 0.339979
0.820775 0.459067 0.339979
0.820776 0.459065 0.339978
0.820777 0.459065 0.339978
0.820777 0.459065 0.339978
0.820775 0.459070 -0.339975
0.820775 0.459070 -0.339975
0.820775 0.459069 -0.339975
0.820776 0.459067 -0.339977
0.820776 0.459067 -0.339977
0.820776 0.459067 -0.339977
0.339976 0.459063 -0.820779
0.339976 0.459063 -0.820779
0.339976 0.459063 -0.820779
0.339978 0.459066 -0.820776
0.339978 0.459066 -0.820776
0.339978 0.459066 -0.820776
-0.339977 0.459066 -0.820777
-0.339977 0.459066 -0.820777
-0.339977 0.459066 -0.820777
-0.339979 0.459063 -0.820777
-0.339979 0.459063 -0.820777
-0.339979 0.459063 -0.820777
-0.820779 0.459062 -0.339977
-0.820779 0.459062 -0.339977
-0.820779 0.459062 -0.339977
-0.820773 0.459070 -0.339980
-0.820773 0.459070 -0.339980
-0.820773 0.459070 -0.339980
0.000000 1.000000 0.000000
0.000000 1.000000 0.000000
0.000000 1.000000 0.000000
0.000000 1.000000 0.000000
0.000000 1.000000 0.000000
0.000000 1.000000 0.000000
0.000000 1.000000 0.000000
0.000000 1.000000 0.000000
0.000000 1.000000 0.000000
0.000000 1.000000 0.000000
0.000000 1.000000 0.000000
0.000000 1.000000 0.000000
0.000000 1.000000 0.000000
0.000000 1.000000 0.000000
0.000000 1.000000 0.000000
0.000000 1.000000 0.000000
0.000000 1.000000 0.000000
0.000000 1.000000 0.000000
0.000000 1.000000 0.000000
0.000000 1.000000 0.000000
0.000000 1.000000 0.000000
0.000000 1.000000 0.000000
0.000000 1.000000 0.000000
0.000000 1.000000 0.000000
0.000000 1.000000 0.000000
0.000000 1.000000 0.000000
0.000000 1.000000 0.000000
0.000000 1.000000 0.000000
0.000000 1.000000 0.000000
0.000000 1.000000 0.000000
0.000000 1.000000 0.000000
0.000000 1.000000 0.000000
0.000000 1.000000 0.000000
0.000000 1.000000 0.000000
0.000000 1.000000 0.000000
0.000000 1.000000 0.000000
0.000000 1.000000 0.000000
0.000000 1.000000 0.000000
0.000000 1.000000 0.000000
0.000000 1.000000 0.000000
0.000000 1.000000 0.000000
0.000000 1.000000 0.000000
0.000000 1.000000 0.000000
0.000000 1.000000 0.000000
0.000000 1.000000 0.000000
0.000000 1.000000 0.000000
0.000000 1.000000 0.000000
0.000000 1.000000 0.000000
0.923879 0.000002 -0.382684
0.923879 0.000002 -0.382684
0.923880 0.000002 -0.382684
0.923879 0.000000 -0.382685
0.923879 0.000000 -0.382685
0.923879 0.000000 -0.382685
0.382683 0.000002 -0.923880
0.382683 0.000002 -0.923880
0.382683 0.000002 -0.923880
0.382683 0.000001 -0.923880
0.382683 0.000001 -0.923880
0.382683 0.000001 -0.923880
-0.382685 0.000000 -0.923879
-0.382685 0.000000 -0.923879
-0.382685 0.000000 -0.923879
-0.382684 0.000000 -0.923879
-0.382684 0.000000 -0.923879
-0.382684 0.000000 -0.923879
-0.923879 0.000000 -0.382684
-0.923879 0.000000 -0.382684
-0.923879 0.000000 -0.382684
-0.923879 0.000000 -0.382684
-0.923879 0.000000 -0.382684
-0.923879 0.000000 -0.382684
-0.923880 0.000000 0.382683
-0.923880 0.000000 0.382683
-0.923880 0.000000 0.382683
-0.923880 0.000000 0.382683
-0.923880 0.000000 0.382683
-0.923880 0.000000 0.382683
-0.382683 -0.000001 0.923880
-0.382683 -0.000001 0.923880
-0.382683 -0.000001 0.923880
-0.382683 0.000000 0.923880
-0.382683 0.000000 0.923880
-0.382683 0.000000 0.923880
0.382682 0.000000 0.923880
0.382682 0.000000 0.923880
0.382682 0.000000 0.923880
0.382682 0.000001 0.923880
0.382682 0.000001 0.923880
0.382682 0.000001 0.923880
0.923879 0.000000 0.382684
0.923879 0.000000 0.382684
0.923879 0.000000 0.382684
0.923879 0.000000 0.382684
0.923879 0.000000 0.382684
0.923879 0.000000 0.382684
-0.918651 0.106238 0.380517
-0.918651 0.106238 0.380517
-0.918651 0.106238 0.380517
-0.918652 0.106240 0.380514
-0.918652 0.106240 0.380514
-0.918652 0.106240 0.380514
-0.380517 0.106240 0.918651
-0.380517 0.106240 0.918651
-0.380517 0.106240 0.918651
-0.380517 0.106240 0.918651
-0.380517 0.106240 0.918651
-0.380517 0.106240 0.918651
0.380519 0.106240 0.918650
0.380519 0.106240 0.918650
0.380519 0.106240 0.918651
0.380517 0.106241 0.918651
0.380517 0.106241 0.918651
0.380517 0.106241 0.918651
0.918650 0.106242 0.380520
0.918650 0.106242 0.380520
0.918650 0.106242 0.380520
0.918651 0.106240 0.380517
0.918651 0.106240 0.380517
0.918651 0.106240 0.380517
0.918651 0.106240 -0.380516
0.918651 0.106240 -0.380516
0.918651 0.106240 -0.380516
0.918651 0.106240 -0.380516
0.918651 0.106240 -0.380516
0.918651 0.106240 -0.380516
0.380516 0.106240 -0.918651
0.380516 0.106240 -0.918651
0.380516 0.106240 -0.918651
0.380516 0.106240 -0.918651
0.380516 0.106240 -0.918651
0.380516 0.106240 -0.918651
-0.380518 0.106239 -0.918651
-0.380518 0.106239 -0.918651
-0.380518 0.106239 -0.918651
-0.380518 0.106239 -0.918651
-0.380518 0.106239 -0.918651
-0.380518 0.106239 -0.918651
-0.918651 0.106237 -0.380517
-0.918651 0.106237 -0.380517
-0.918651 0.106237 -0.380517
-0.918651 0.106237 -0.380517
-0.918651 0.106237 -0.380518
-0.918651 0.106237 -0.380517
0.000000 -1.000000 0.000000
0.000000 -1.000000 0.000000
0.000000 -1.000000 0.000000
0.000000 -1.000000 0.000000
0.000000 -1.000000 0.000000
0.000000 -1.000000 0.000000
0.000000 -1.000000 0.000000
0.000000 -1.000000 0.000000
0.000000 -1.000000 0.000000
0.000000 -1.000000 0.000000
0.000000 -1.000000 0.000000
0.000000 -1.000000 0.000000
0.000000 -1.000000 0.000000
0.000000 -1.000000 0.000000
0.000000 -1.000000 0.000000
0.000000 -1.000000 0.000000
0.000000 -1.000000 0.000000
0.000000 -1.000000 0.000000
0.000000 -1.000000 0.000000
0.000000 -1.000000 0.000000
0.000000 -1.000000 0.000000
0.000000 -1.000000 0.000000
0.000000 -1.000000 0.000000
0.000000 -1.000000 0.000000
0.000000 -1.000000 0.000000
0.000000 -1.000000 0.000000
0.000000 -1.000000 0.000000
0.000000 -1.000000 0.000000
0.000000 -1.000000 0.000000
0.000000 -1.000000 0.000000
0.000000 -1.000000 0.000000
0.000000 -1.000000 0.000000
0.000000 -1.000000 0.000000
0.000000 -1.000000 0.000000
0.000000 -1.000000 0.000000
0.000000 -1.000000 0.000000
0.000000 -1.000000 0.000000
0.000000 -1.000000 0.000000
0.000000 -1.000000 0.000000
0.000000 -1.000000 0.000000
0.000000 -1.000000 0.000000
0.000000 -1.000000 0.000000
0.000000 -1.000000 0.000000
0.000000 -1.000000 0.000000
0.000000 -1.000000 0.000000
0.000000 -1.000000 0.000000
0.000000 -1.000000 0.000000
0.000000 -1.000000 0.000000
-0.808307 -0.484295 0.334810
-0.808307 -0.484295 0.334810
-0.808307 -0.484295 0.334810
-0.808307 -0.484295 0.334810
-0.808307 -0.484295 0.334810
-0.808307 -0.484295 0.334810
-0.808307 -0.484294 -0.334812
-0.808307 -0.484294 -0.334812
-0.808307 -0.484294 -0.334812
-0.808307 -0.484295 -0.334810
-0.808307 -0.484295 -0.334810
-0.808307 -0.484295 -0.334810
-0.334811 -0.484297 -0.808306
-0.334811 -0.484297 -0.808306
-0.334811 -0.484297 -0.808306
-0.334811 -0.484296 -0.808306
-0.334811 -0.484296 -0.808306
-0.334811 -0.484296 -0.808306
0.334811 -0.484298 -0.808305
0.334811 -0.484298 -0.808305
0.334811 -0.484298 -0.808305
0.334812 -0.484297 -0.808305
0.334812 -0.484297 -0.808305
0.334812 -0.484297 -0.808305
0.808305 -0.484297 -0.334813
0.808305 -0.484297 -0.334813
0.808305 -0.484297 -0.334813
0.808303 -0.484299 -0.334815
0.808303 -0.484299 -0.334815
0.808303 -0.484299 -0.334815
0.808304 -0.484298 0.334813
0.808304 -0.484298 0.334813
0.808304 -0.484298 0.334813
0.808304 -0.484296 0.334816
0.808304 -0.484296 0.334816
0.808304 -0.484296 0.334816
0.334812 -0.484297 0.808305
0.334812 -0.484297 0.808305
0.334812 -0.484297 0.808305
0.334812 -0.484298 0.808305
0.334812 -0.484298 0.808305
0.334812 -0.484298 0.808305
-0.334811 -0.484296 0.808306
-0.334811 -0.484296 0.808306
-0.334811 -0.484296 0.808306
-0.334810 -0.484297 0.808306
-0.334810 -0.484297 0.808306
-0.334810 -0.484297 0.808306
0.000000 -1.000000 0.000000
0.000000 -1.000000 0.000000
0.000000 -1.000000 0.000000
0.000000 -1.000000 0.000000
0.000000 -1.000000 0.000000
0.000000 -1.000000 0.000000
0.000000 -1.000000 0.000000
0.000000 -1.000000 0.000000
0.000000 -1.000000 0.000000
0.000000 -1.000000 0.000000
0.000000 -1.000000 0.000000
0.000000 -1.000000 0.000000
0.000000 -1.000000 0.000000
0.000000 -1.000000 0.000000
0.000000 -1.000000 0.000000
0.000000 -1.000000 0.000000
0.000000 -1.000000 0.000000
0.000000 -1.000000 0.000000
0.000000 -1.000000 0.000000
0.000000 -1.000000 0.000000
0.000000 -1.000000 0.000000
0.000000 -1.000000 0.000000
0.000000 -1.000000 0.000000
0.000000 -1.000000 0.000000
0.000000 -1.000000 0.000000
0.000000 -1.000000 0.000000
0.000000 -1.000000 0.000000
0.000000 -1.000000 0.000000
0.000000 -1.000000 0.000000
0.000000 -1.000000 0.000000
0.000000 -1.000000 0.000000
0.000000 -1.000000 0.000000
0.000000 -1.000000 0.000000
0.000000 -1.000000 0.000000
0.000000 -1.000000 0.000000
0.000000 -1.000000 0.000000
0.000000 -1.000000 0.000000
0.000000 -1.000000 0.000000
0.000000 -1.000000 0.000000
0.000000 -1.000000 0.000000
0.000000 -1.000000 0.000000
0.000000 -1.000000 0.000000
0.000000 -1.000000 0.000000
0.000000 -1.000000 0.000000
0.000000 -1.000000 0.000000
0.000000 -1.000000 0.000000
0.000000 -1.000000 0.000000
0.000000 -1.000000 0.000000
-0.923813 -0.011811 0.382663
-0.923813 -0.011811 0.382663
-0.923813 -0.011811 0.382663
-0.923815 -0.011816 0.382656
-0.923815 -0.011816 0.382656
-0.923815 -0.011816 0.382656
-0.923813 -0.011816 -0.382661
-0.923813 -0.011816 -0.382661
-0.923813 -0.011816 -0.382661
-0.923816 -0.011811 -0.382654
-0.923816 -0.011811 -0.382654
-0.923816 -0.011811 -0.382654
-0.382655 -0.011812 -0.923816
-0.382655 -0.011812 -0.923816
-0.382655 -0.011812 -0.923816
-0.382654 -0.011813 -0.923816
-0.382654 -0.011813 -0.923816
-0.382654 -0.011813 -0.923816
0.382653 -0.011810 -0.923817
0.382653 -0.011810 -0.923817
0.382653 -0.011810 -0.923817
0.382656 -0.011812 -0.923815
0.382656 -0.011812 -0.923815
0.382656 -0.011812 -0.923815
0.923817 -0.011810 -0.382651
0.923818 -0.011810 -0.382651
0.923818 -0.011810 -0.382651
0.923817 -0.011808 -0.382652
0.923817 -0.011808 -0.382652
0.923817 -0.011808 -0.382652
0.923817 -0.011807 0.382652
0.923817 -0.011807 0.382652
0.923817 -0.011807 0.382652
0.923815 -0.011809 0.382656
0.923816 -0.011809 0.382656
0.923816 -0.011809 0.382656
0.382655 -0.011811 0.923816
0.382655 -0.011811 0.923816
0.382655 -0.011811 0.923816
0.382657 -0.011810 0.923815
0.382657 -0.011810 0.923815
0.382657 -0.011810 0.923815
-0.382658 -0.011813 0.923815
-0.382658 -0.011813 0.923815
-0.382658 -0.011813 0.923815
-0.382655 -0.011811 0.923816
-0.382655 -0.011811 0.923816
-0.382655 -0.011811 0.923816
-0.857184 -0.373038 0.355075
-0.857184 -0.373038 0.355075
-0.857184 -0.373038 0.355075
-0.857190 -0.373034 0.355066
-0.857190 -0.373034 0.355066
-0.857190 -0.373034 0.355066
-0.857186 -0.373032 -0.355076
-0.857186 -0.373032 -0.355076
-0.857186 -0.373032 -0.355076
-0.857189 -0.373037 -0.355064
-0.857189 -0.373037 -0.355064
-0.857189 -0.373037 -0.355064
-0.355066 -0.373037 -0.857188
-0.355066 -0.373037 -0.857188
-0.355066 -0.373037 -0.857188
-0.355059 -0.373034 -0.857192
-0.355059 -0.373034 -0.857192
-0.355059 -0.373034 -0.857192
0.355065 -0.373033 -0.857190
0.355065 -0.373033 -0.857190
0.355065 -0.373033 -0.857190
0.355056 -0.373037 -0.857192
0.355056 -0.373037 -0.857192
0.355056 -0.373037 -0.857192
0.857189 -0.373039 -0.355062
0.857189 -0.373039 -0.355062
0.857189 -0.373039 -0.355062
0.857194 -0.373035 -0.355055
0.857194 -0.373035 -0.355055
0.857194 -0.373035 -0.355055
0.857191 -0.373034 0.355063
0.857191 -0.373034 0.355063
0.857191 -0.373034 0.355063
0.857192 -0.373037 0.355056
0.857192 -0.373037 0.355056
0.857192 -0.373037 0.355056
0.355059 -0.373035 0.857192
0.355059 -0.373035 0.857192
0.355059 -0.373035 0.857192
0.355059 -0.373035 0.857192
0.355059 -0.373035 0.857192
0.355059 -0.373035 0.857192
-0.355060 -0.373035 0.857191
-0.355060 -0.373035 0.857191
-0.355060 -0.373035 0.857191
-0.355061 -0.373035 0.857191
-0.355061 -0.373035 0.857191
-0.355061 -0.373035 0.857191
0.000000 0.000000 -1.000000
0.000000 0.000000 -1.000000
0.000000 0.000000 -1.000000
0.000000 0.000000 -1.000000
0.000000 0.000000 -1.000000
0.000000 0.000000 -1.000000
0.000147 -0.019275 0.999814
0.000147 -0.019275 0.999814
0.000147 -0.019275 0.999814
0.000187 -0.019269 0.999814
0.000187 -0.019269 0.999814
0.000187 -0.019269 0.999814
-0.009693 0.999953 0.000000
-0.009693 0.999953 0.000000
-0.009693 0.999953 0.000000
-0.009693 0.999953 -0.000000
-0.009693 0.999953 -0.000000
-0.009693 0.999953 -0.000000
-0.999499 -0.031254 -0.004994
-0.999499 -0.031254 -0.004994
-0.999499 -0.031254 -0.004994
-0.992916 -0.025126 0.116134
-0.992916 -0.025126 0.116134
-0.992916 -0.025126 0.116134
-0.999554 -0.029882 0.000000
-0.999553 -0.029882 0.000000
-0.999553 -0.029882 0.000000
0.000000 -0.987488 -0.157692
0.000000 -0.987488 -0.157692
0.000000 -0.987488 -0.157692
0.000000 -0.987488 -0.157692
0.000000 -0.987488 -0.157692
0.000000 -0.987488 -0.157692
1.000000 0.000001 0.000002
1.000000 0.000001 0.000002
1.000000 0.000001 0.000002
0.999480 -0.031229 -0.008020
0.999480 -0.031229 -0.008020
0.999480 -0.031229 -0.008020
0.998500 -0.044314 0.032163
0.998500 -0.044314 0.032163
0.998500 -0.044314 0.032163
-0.005600 0.577846 0.816127
-0.005600 0.577846 0.816127
-0.005600 0.577846 0.816127
-0.005602 0.577845 0.816127
-0.005602 0.577845 0.816127
-0.005602 0.577845 0.816127
-0.092394 0.000000 0.995723
-0.092394 0.000000 0.995722
-0.092394 0.000000 0.995723
-0.257088 -0.068354 0.963968
-0.257088 -0.068354 0.963968
-0.257088 -0.068354 0.963968
0.000000 -0.000000 -1.000000
0.000000 -0.000000 -1.000000
0.000000 -0.000000 -1.000000
0.000000 -0.000000 -1.000000
0.000000 -0.000000 -1.000000
0.000000 -0.000000 -1.000000
-0.563530 0.826096 0.000000
-0.563530 0.826096 0.000000
-0.563530 0.826096 0.000000
-0.563529 0.826096 0.000000
-0.563530 0.826096 0.000000
-0.563530 0.826096 0.000000
-0.999955 -0.000006 -0.009498
-0.999955 -0.000006 -0.009498
-0.999955 -0.000006 -0.009498
-0.999955 -0.000007 -0.009492
-0.999955 -0.000007 -0.009492
-0.999955 -0.000007 -0.009492
0.370203 -0.928951 0.000000
0.370203 -0.928951 0.000000
0.370203 -0.928951 0.000000
0.370398 -0.928849 0.006627
0.370398 -0.928849 0.006627
0.370398 -0.928849 0.006627
0.982849 -0.184414 -0.000000
0.982849 -0.184414 -0.000000
0.982849 -0.184414 -0.000000
0.681581 0.000000 0.731743
0.681581 0.000000 0.731743
0.681581 0.000000 0.731743
0.034458 0.000386 0.999406
0.034458 0.000386 0.999406
0.034458 0.000386 0.999406
0.034579 -0.000000 0.999402
0.034579 -0.000000 0.999402
0.034579 -0.000000 0.999402
-0.058385 0.000000 -0.998294
-0.058385 0.000000 -0.998294
-0.058385 0.000000 -0.998294
-0.058264 -0.000385 -0.998301
-0.058264 -0.000385 -0.998301
-0.058264 -0.000385 -0.998301
-0.514975 0.857195 -0.004077
-0.514975 0.857195 -0.004077
-0.514975 0.857195 -0.004077
-0.514881 0.857261 0.000000
-0.514882 0.857261 0.000000
-0.514882 0.857261 0.000000
-0.293025 -0.956105 0.000021
-0.293025 -0.956105 0.000021
-0.293025 -0.956105 0.000021
-0.293026 -0.956104 0.000000
-0.293026 -0.956105 0.000000
-0.293026 -0.956105 0.000000
-0.022804 -0.074407 0.996967
-0.022804 -0.074407 0.996967
-0.022804 -0.074407 0.996967
-0.046505 -0.064790 0.996815
-0.046505 -0.064790 0.996815
-0.046505 -0.064790 0.996815
-0.359964 0.497642 0.789163
-0.359964 0.497642 0.789163
-0.359964 0.497642 0.789163
-0.363825 0.146870 0.919815
-0.363825 0.146870 0.919815
-0.363825 0.146870 0.919815
-0.051402 -0.167719 -0.984494
-0.051402 -0.167719 -0.984494
-0.051402 -0.167719 -0.984494
-0.034134 -0.186425 -0.981876
-0.034134 -0.186425 -0.981876
-0.034134 -0.186425 -0.981876
-0.122036 0.178897 -0.976270
-0.122036 0.178897 -0.976270
-0.122036 0.178897 -0.976270
-0.127207 0.227652 -0.965398
-0.127207 0.227652 -0.965398
-0.127207 0.227652 -0.965398
-0.999719 0.000924 -0.023687
-0.999719 0.000924 -0.023687
-0.999719 0.000924 -0.023687
-0.999955 -0.000082 -0.009498
-0.999955 -0.000082 -0.009498
-0.999955 -0.000082 -0.009498
-0.999955 -0.000006 -0.009497
-0.999955 -0.000006 -0.009497
-0.999955 -0.000006 -0.009497
-0.999955 -0.000008 -0.009492
-0.999955 -0.000008 -0.009492
-0.999955 -0.000008 -0.009492
1.000000 -0.000001 -0.000001
1.000000 -0.000001 -0.000001
1.000000 -0.000001 -0.000001
1.000000 -0.000000 -0.000000
1.000000 -0.000000 -0.000000
1.000000 -0.000000 -0.000000
1.000000 -0.000000 0.000000
1.000000 -0.000000 0.000000
1.000000 -0.000000 0.000000
0.773204 0.121027 0.622502
0.773204 0.121027 0.622502
0.773204 0.121027 0.622502
0.059890 -0.057351 0.996556
0.059890 -0.057351 0.996556
0.059890 -0.057351 0.996556
0.061931 -0.064735 0.995979
0.061931 -0.064735 0.995979
0.061931 -0.064735 0.995979
-0.055122 0.157436 0.985990
-0.055122 0.157436 0.985990
-0.055122 0.157436 0.985990
-0.032698 0.116529 0.992649
-0.032698 0.116529 0.992649
-0.032698 0.116529 0.992649
-0.183807 0.225606 -0.956722
-0.183807 0.225606 -0.956722
-0.183807 0.225606 -0.956722
-0.153420 0.167643 -0.973837
-0.153420 0.167643 -0.973837
-0.153420 0.167643 -0.973837
-0.011749 -0.069236 -0.997531
-0.011749 -0.069236 -0.997531
-0.011749 -0.069236 -0.997531
0.021541 -0.186491 -0.982221
0.021541 -0.186491 -0.982221
0.021541 -0.186491 -0.982221
0.903902 -0.206835 0.374406
0.903902 -0.206835 0.374406
0.903902 -0.206835 0.374406
0.903902 -0.206834 0.374408
0.903902 -0.206834 0.374408
0.903902 -0.206834 0.374408
0.374407 -0.206834 0.903902
0.374407 -0.206834 0.903902
0.374407 -0.206834 0.903902
0.374408 -0.206835 0.903901
0.374408 -0.206835 0.903901
0.374408 -0.206835 0.903902
-0.374408 -0.206835 0.903902
-0.374408 -0.206835 0.903901
-0.374408 -0.206835 0.903902
-0.374409 -0.206834 0.903901
-0.374410 -0.206834 0.903901
-0.374409 -0.206834 0.903901
-0.903901 -0.206834 0.374409
-0.903901 -0.206834 0.374409
-0.903901 -0.206834 0.374409
-0.903902 -0.206833 0.374408
-0.903902 -0.206833 0.374408
-0.903902 -0.206833 0.374408
-0.903901 -0.206833 -0.374409
-0.903901 -0.206833 -0.374409
-0.903902 -0.206833 -0.374409
-0.903902 -0.206834 -0.374408
-0.903902 -0.206834 -0.374408
-0.903902 -0.206834 -0.374408
-0.374409 -0.206835 -0.903901
-0.374409 -0.206835 -0.903901
-0.374409 -0.206835 -0.903901
-0.374409 -0.206834 -0.903901
-0.374409 -0.206834 -0.903901
-0.374409 -0.206834 -0.903901
0.374408 -0.206835 -0.903902
0.374408 -0.206835 -0.903901
0.374408 -0.206835 -0.903901
0.374408 -0.206835 -0.903902
0.374408 -0.206835 -0.903902
0.374408 -0.206835 -0.903902
0.903902 -0.206835 -0.374408
0.903902 -0.206835 -0.374408
0.903902 -0.206835 -0.374408
0.903902 -0.206835 -0.374407
0.903902 -0.206835 -0.374407
0.903902 -0.206835 -0.374407
0.000000 -1.000000 0.000000
0.000000 -1.000000 0.000000
0.000000 -1.000000 0.000000
0.000000 -1.000000 0.000000
0.000000 -1.000000 0.000000
0.000000 -1.000000 0.000000
0.000000 -1.000000 0.000000
0.000000 -1.000000 0.000000
0.000000 -1.000000 0.000000
0.000000 -1.000000 0.000000
0.000000 -1.000000 0.000000
0.000000 -1.000000 0.000000
0.000000 -1.000000 0.000000
0.000000 -1.000000 0.000000
0.000000 -1.000000 0.000000
0.000000 -1.000000 0.000000
0.000000 -1.000000 0.000000
0.000000 -1.000000 0.000000
0.000001 1.000000 0.000003
0.000001 1.000000 0.000003
0.000001 1.000000 0.000003
0.000000 1.000000 0.000000
0.000000 1.000000 0.000000
0.000000 1.000000 0.000000
0.000001 1.000000 -0.000000
0.000001 1.000000 -0.000000
0.000001 1.000000 -0.000000
0.000001 1.000000 -0.000003
0.000001 1.000000 -0.000003
0.000001 1.000000 -0.000003
0.000001 1.000000 -0.000000
0.000001 1.000000 -0.000000
0.000001 1.000000 -0.000000
0.000000 1.000000 0.000000
0.000000 1.000000 0.000000
0.000000 1.000000 0.000000
0.820778 0.459064 0.339975
0.820778 0.459064 0.339975
0.820778 0.459064 0.339975
0.820779 0.459063 0.339976
0.820779 0.459063 0.339976
0.820779 0.459063 0.339976
0.339978 0.459063 0.820778
0.339978 0.459063 0.820778
0.339978 0.459063 0.820778
0.339977 0.459061 0.820779
0.339977 0.459061 0.820779
0.339977 0.459061 0.820779
-0.339978 0.459063 0.820778
-0.339978 0.459063 0.820778
-0.339978 0.459063 0.820778
-0.339977 0.459064 0.820778
-0.339977 0.459064 0.820777
-0.339977 0.459064 0.820777
-0.820776 0.459066 0.339979
-0.820776 0.459066 0.339979
-0.820776 0.459066 0.339979
-0.820778 0.459062 0.339978
-0.820778 0.459062 0.339978
-0.820778 0.459062 0.339978
-0.820777 0.459062 -0.339981
-0.820777 0.459062 -0.339981
-0.820777 0.459062 -0.339981
-0.820776 0.459067 -0.339977
-0.820776 0.459067 -0.339978
-0.820776 0.459067 -0.339978
-0.339978 0.459064 -0.820777
-0.339978 0.459064 -0.820777
-0.339978 0.459064 -0.820777
-0.339978 0.459063 -0.820778
-0.339978 0.459063 -0.820778
-0.339978 0.459063 -0.820778
0.339979 0.459060 -0.820779
0.339979 0.459060 -0.820779
0.339979 0.459060 -0.820779
0.339978 0.459062 -0.820779
0.339978 0.459062 -0.820779
0.339978 0.459062 -0.820779
0.820780 0.459061 -0.339976
0.820780 0.459061 -0.339976
0.820780 0.459060 -0.339976
0.820778 0.459063 -0.339977
0.820778 0.459063 -0.339977
0.820778 0.459063 -0.339977
0.000000 1.000000 0.000000
0.000000 1.000000 0.000000
0.000000 1.000000 0.000000
0.000000 1.000000 0.000000
0.000000 1.000000 0.000000
0.000000 1.000000 0.000000
0.000002 1.000000 -0.000002
0.000002 1.000000 -0.000002
0.000002 1.000000 -0.000002
0.000002 1.000000 0.000000
0.000002 1.000000 0.000000
0.000002 1.000000 0.000000
0.000000 1.000000 0.000000
0.000000 1.000000 0.000000
0.000000 1.000000 0.000000
0.000000 1.000000 0.000000
0.000000 1.000000 0.000000
0.000000 1.000000 0.000000
0.000000 1.000000 0.000000
0.000000 1.000000 0.000000
0.000000 1.000000 0.000000
0.000000 1.000000 0.000000
0.000000 1.000000 0.000000
0.000000 1.000000 0.000000
0.000000 1.000000 0.000000
0.000000 1.000000 0.000000
0.000000 1.000000 0.000000
0.000000 1.000000 0.000000
0.000000 1.000000 0.000000
0.000000 1.000000 0.000000
0.000000 1.000000 0.000000
0.000000 1.000000 0.000000
0.000000 1.000000 0.000000
0.000000 1.000000 0.000000
0.000000 1.000000 0.000000
0.000000 1.000000 0.000000
0.000003 1.000000 0.000000
0.000003 1.000000 0.000000
0.000003 1.000000 0.000000
0.000001 1.000000 0.000001
0.000001 1.000000 0.000001
0.000001 1.000000 0.000001
0.000000 1.000000 0.000000
0.000000 1.000000 0.000000
0.000000 1.000000 0.000000
0.000000 1.000000 0.000000
0.000000 1.000000 0.000000
0.000000 1.000000 0.000000
-0.923880 0.000003 -0.382682
-0.923880 0.000003 -0.382682
-0.923880 0.000003 -0.382682
-0.923881 0.000005 -0.382681
-0.923881 0.000005 -0.382681
-0.923881 0.000005 -0.382681
-0.382683 0.000002 -0.923880
-0.382683 0.000002 -0.923880
-0.382683 0.000002 -0.923880
-0.382683 0.000002 -0.923880
-0.382683 0.000002 -0.923880
-0.382683 0.000002 -0.923880
0.382683 -0.000002 -0.923880
0.382683 -0.000002 -0.923880
0.382683 -0.000002 -0.923880
0.382683 -0.000002 -0.923880
0.382683 -0.000002 -0.923880
0.382683 -0.000002 -0.923880
0.923880 -0.000004 -0.382682
0.923880 -0.000004 -0.382682
0.923880 -0.000004 -0.382682
0.923880 -0.000002 -0.382683
0.923880 -0.000002 -0.382683
0.923880 -0.000002 -0.382683
0.923880 -0.000002 0.382682
0.923880 -0.000002 0.382682
0.923880 -0.000002 0.382682
0.923880 -0.000002 0.382682
0.923880 -0.000002 0.382682
0.923880 -0.000002 0.382682
0.382683 -0.000001 0.923880
0.382683 -0.000001 0.923880
0.382683 -0.000001 0.923880
0.382683 -0.000002 0.923880
0.382683 -0.000002 0.923880
0.382683 -0.000002 0.923880
-0.382684 0.000002 0.923879
-0.382684 0.000002 0.923879
-0.382684 0.000002 0.923879
-0.382684 0.000001 0.923879
-0.382684 0.000001 0.923879
-0.382684 0.000001 0.923879
-0.923880 0.000003 0.382683
-0.923880 0.000003 0.382683
-0.923880 0.000003 0.382683
-0.923880 0.000003 0.382683
-0.923880 0.000003 0.382683
-0.923880 0.000003 0.382683
0.918651 0.106239 0.380518
0.918651 0.106239 0.380518
0.918651 0.106239 0.380518
0.918651 0.106240 0.380516
0.918651 0.106240 0.380516
0.918651 0.106240 0.380516
0.380517 0.106240 0.918651
0.380518 0.106240 0.918651
0.380518 0.106240 0.918651
0.380517 0.106240 0.918651
0.380517 0.106240 0.918651
0.380517 0.106240 0.918651
-0.380519 0.106239 0.918650
-0.380519 0.106239 0.918650
-0.380519 0.106239 0.918650
-0.380518 0.106240 0.918651
-0.380518 0.106240 0.918651
-0.380518 0.106240 0.918651
-0.918651 0.106238 0.380517
-0.918651 0.106238 0.380517
-0.918651 0.106238 0.380517
-0.918651 0.106239 0.380519
-0.918651 0.106239 0.380519
-0.918651 0.106239 0.380518
-0.918651 0.106239 -0.380517
-0.918651 0.106239 -0.380517
-0.918651 0.106239 -0.380517
-0.918651 0.106238 -0.380519
-0.918651 0.106238 -0.380519
-0.918651 0.106238 -0.380519
-0.380518 0.106239 -0.918651
-0.380518 0.106239 -0.918651
-0.380518 0.106239 -0.918651
-0.380518 0.106240 -0.918651
-0.380518 0.106240 -0.918651
-0.380518 0.106240 -0.918651
0.380517 0.106240 -0.918651
0.380517 0.106240 -0.918651
0.380517 0.106240 -0.918651
0.380518 0.106240 -0.918651
0.380518 0.106240 -0.918651
0.380518 0.106240 -0.918651
0.918651 0.106240 -0.380516
0.918651 0.106240 -0.380516
0.918651 0.106240 -0.380516
0.918651 0.106240 -0.380517
0.918651 0.106240 -0.380517
0.918651 0.106240 -0.380517
0.000000 -1.000000 0.000000
0.000000 -1.000000 0.000000
0.000000 -1.000000 0.000000
0.000000 -1.000000 0.000000
0.000000 -1.000000 0.000000
0.000000 -1.000000 0.000000
0.000000 -1.000000 0.000000
0.000000 -1.000000 0.000000
0.000000 -1.000000 0.000000
0.000000 -1.000000 0.000000
0.000000 -1.000000 0.000000
0.000000 -1.000000 0.000000
-0.000005 -1.000000 -0.000005
-0.000005 -1.000000 -0.000005
-0.000005 -1.000000 -0.000005
-0.000006 -1.000000 0.000000
-0.000006 -1.000000 0.000000
-0.000006 -1.000000 0.000000
0.000000 -1.000000 0.000000
0.000000 -1.000000 0.000000
0.000000 -1.000000 0.000000
0.000000 -1.000000 0.000000
0.000000 -1.000000 0.000000
0.000000 -1.000000 0.000000
0.000000 -1.000000 0.000000
0.000000 -1.000000 0.000000
0.000000 -1.000000 0.000000
0.000000 -1.000000 0.000000
0.000000 -1.000000 0.000000
0.000000 -1.000000 0.000000
0.000000 -1.000000 0.000000
0.000000 -1.000000 0.000000
0.000000 -1.000000 0.000000
0.000000 -1.000000 0.000000
0.000000 -1.000000 0.000000
0.000000 -1.000000 0.000000
0.000000 -1.000000 0.000000
0.000000 -1.000000 0.000000
0.000000 -1.000000 0.000000
0.000000 -1.000000 0.000000
0.000000 -1.000000 0.000000
0.000000 -1.000000 0.000000
-0.000007 -1.000000 0.000000
-0.000007 -1.000000 0.000000
-0.000007 -1.000000 0.000000
-0.000004 -1.000000 0.000004
-0.000004 -1.000000 0.000004
-0.000004 -1.000000 0.000004
0.808307 -0.484296 0.334810
0.808307 -0.484296 0.334810
0.808307 -0.484296 0.334810
0.808307 -0.484296 0.334810
0.808307 -0.484296 0.334810
0.808307 -0.484296 0.334810
0.808306 -0.484296 -0.334811
0.808306 -0.484296 -0.334811
0.808306 -0.484296 -0.334811
0.808306 -0.484296 -0.334811
0.808306 -0.484296 -0.334811
0.808306 -0.484296 -0.334811
0.334804 -0.484295 -0.808310
0.334804 -0.484295 -0.808310
0.334804 -0.484295 -0.808310
0.334808 -0.484300 -0.808305
0.334808 -0.484300 -0.808305
0.334808 -0.484300 -0.808305
-0.334811 -0.484299 -0.808305
-0.334811 -0.484299 -0.808305
-0.334811 -0.484299 -0.808305
-0.334812 -0.484298 -0.808305
-0.334812 -0.484298 -0.808305
-0.334812 -0.484298 -0.808305
-0.808307 -0.484297 -0.334808
-0.808307 -0.484297 -0.334808
-0.808307 -0.484297 -0.334808
-0.808304 -0.484299 -0.334810
-0.808304 -0.484299 -0.334810
-0.808304 -0.484299 -0.334810
-0.808304 -0.484299 0.334812
-0.808304 -0.484299 0.334812
-0.808304 -0.484299 0.334812
-0.808304 -0.484300 0.334810
-0.808304 -0.484300 0.334810
-0.808304 -0.484300 0.334810
-0.334811 -0.484299 0.808304
-0.334811 -0.484299 0.808304
-0.334811 -0.484299 0.808304
-0.334811 -0.484299 0.808305
-0.334811 -0.484299 0.808305
-0.334811 -0.484299 0.808305
0.334802 -0.484300 0.808307
0.334802 -0.484300 0.808307
0.334802 -0.484300 0.808307
0.334808 -0.484296 0.808307
0.334808 -0.484296 0.808307
0.334808 -0.484296 0.808307
-0.000028 -1.000000 -0.000012
-0.000028 -1.000000 -0.000012
-0.000028 -1.000000 -0.000012
-0.000036 -1.000000 -0.000011
-0.000036 -1.000000 -0.000011
-0.000036 -1.000000 -0.000011
-0.000036 -1.000000 0.000015
-0.000036 -1.000000 0.000015
-0.000036 -1.000000 0.000015
-0.000031 -1.000000 0.000009
-0.000031 -1.000000 0.000009
-0.000031 -1.000000 0.000009
-0.000012 -1.000000 0.000028
-0.000012 -1.000000 0.000028
-0.000012 -1.000000 0.000028
-0.000014 -1.000000 0.000000
-0.000014 -1.000000 0.000000
-0.000014 -1.000000 0.000000
0.000000 -1.000000 0.000000
0.000000 -1.000000 0.000000
0.000000 -1.000000 0.000000
0.000000 -1.000000 0.000000
0.000000 -1.000000 0.000000
0.000000 -1.000000 0.000000
0.000000 -1.000000 0.000000
0.000000 -1.000000 0.000000
0.000000 -1.000000 0.000000
0.000000 -1.000000 0.000000
0.000000 -1.000000 0.000000
0.000000 -1.000000 0.000000
0.000000 -1.000000 0.000000
0.000000 -1.000000 0.000000
0.000000 -1.000000 0.000000
0.000000 -1.000000 0.000000
0.000000 -1.000000 0.000000
0.000000 -1.000000 0.000000
0.000001 -1.000000 0.000001
0.000001 -1.000000 0.000001
0.000001 -1.000000 0.000001
0.000001 -1.000000 0.000000
0.000001 -1.000000 0.000000
0.000001 -1.000000 0.000000
-0.000001 -1.000000 -0.000000
-0.000001 -1.000000 -0.000000
-0.000001 -1.000000 -0.000000
-0.000022 -1.000000 -0.000018
-0.000022 -1.000000 -0.000018
-0.000022 -1.000000 -0.000018
0.923816 -0.011811 0.382655
0.923816 -0.011811 0.382655
0.923816 -0.011811 0.382655
0.923816 -0.011811 0.382654
0.923816 -0.011811 0.382654
0.923816 -0.011811 0.382654
0.923816 -0.011812 -0.382654
0.923816 -0.011812 -0.382654
0.923816 -0.011812 -0.382654
0.923816 -0.011813 -0.382656
0.923815 -0.011813 -0.382656
0.923815 -0.011813 -0.382656
0.382655 -0.011813 -0.923816
0.382655 -0.011813 -0.923816
0.382655 -0.011813 -0.923816
0.382657 -0.011812 -0.923815
0.382657 -0.011812 -0.923815
0.382657 -0.011812 -0.923815
-0.382661 -0.011811 -0.923813
-0.382661 -0.011811 -0.923813
-0.382661 -0.011811 -0.923813
-0.382659 -0.011810 -0.923814
-0.382659 -0.011810 -0.923814
-0.382659 -0.011810 -0.923814
-0.923813 -0.011808 -0.382663
-0.923812 -0.011808 -0.382663
-0.923812 -0.011808 -0.382663
-0.923814 -0.011811 -0.382660
-0.923814 -0.011811 -0.382659
-0.923814 -0.011811 -0.382659
-0.923812 -0.011811 0.382663
-0.923812 -0.011811 0.382663
-0.923812 -0.011811 0.382663
-0.923814 -0.011808 0.382659
-0.923814 -0.011808 0.382659
-0.923814 -0.011808 0.382659
-0.382659 -0.011811 0.923814
-0.382659 -0.011811 0.923814
-0.382659 -0.011811 0.923814
-0.382658 -0.011811 0.923815
-0.382658 -0.011811 0.923815
-0.382658 -0.011811 0.923815
0.382658 -0.011812 0.923814
0.382658 -0.011812 0.923814
0.382658 -0.011812 0.923814
0.382658 -0.011811 0.923815
0.382658 -0.011811 0.923815
0.382658 -0.011811 0.923815
0.857192 -0.373036 0.355058
0.857192 -0.373036 0.355058
0.857192 -0.373036 0.355058
0.857191 -0.373037 0.355060
0.857191 -0.373037 0.355059
0.857191 -0.373037 0.355060
0.857192 -0.373034 -0.355059
0.857192 -0.373034 -0.355059
0.857192 -0.373034 -0.355059
0.857193 -0.373036 -0.355054
0.857193 -0.373036 -0.355054
0.857193 -0.373036 -0.355054
0.355060 -0.373035 -0.857192
0.355060 -0.373035 -0.857192
0.355060 -0.373035 -0.857192
0.355058 -0.373034 -0.857193
0.355058 -0.373034 -0.857193
0.355058 -0.373034 -0.857193
-0.355063 -0.373035 -0.857190
-0.355063 -0.373035 -0.857190
-0.355063 -0.373035 -0.857190
-0.355063 -0.373035 -0.857190
-0.355063 -0.373035 -0.857190
-0.355063 -0.373035 -0.857190
-0.857190 -0.373035 -0.355063
-0.857190 -0.373035 -0.355063
-0.857190 -0.373035 -0.355063
-0.857192 -0.373034 -0.355060
-0.857192 -0.373034 -0.355060
-0.857192 -0.373034 -0.355060
-0.857192 -0.373032 0.355063
-0.857192 -0.373032 0.355063
-0.857192 -0.373032 0.355063
-0.857194 -0.373035 0.355054
-0.857194 -0.373035 0.355054
-0.857194 -0.373035 0.355054
-0.355061 -0.373034 0.857192
-0.355061 -0.373034 0.857192
-0.355061 -0.373034 0.857192
-0.355057 -0.373032 0.857194
-0.355057 -0.373032 0.857194
-0.355057 -0.373032 0.857194
0.355061 -0.373035 0.857191
0.355061 -0.373035 0.857191
0.355061 -0.373035 0.857191
0.355060 -0.373036 0.857191
0.355060 -0.373036 0.857191
0.355060 -0.373036 0.857191
-0.000002 0.000000 -1.000000
-0.000002 0.000000 -1.000000
-0.000002 0.000000 -1.000000
-0.000005 -0.000000 -1.000000
-0.000005 -0.000000 -1.000000
-0.000005 -0.000000 -1.000000
0.000000 0.000000 1.000000
0.000000 0.000000 1.000000
0.000000 0.000000 1.000000
0.000000 0.000000 1.000000
0.000000 0.000000 1.000000
0.000000 0.000000 1.000000
0.009693 0.999953 -0.000000
0.009693 0.999953 -0.000000
0.009693 0.999953 -0.000000
0.009693 0.999953 0.000000
0.009693 0.999953 0.000000
0.009693 0.999953 0.000000
0.998204 -0.034008 -0.049323
0.998204 -0.034008 -0.049323
0.998204 -0.034008 -0.049323
0.000000 -0.902041 -0.431651
0.000000 -0.902041 -0.431650
0.000000 -0.902041 -0.431650
-0.000002 -0.902041 -0.431651
-0.000002 -0.902041 -0.431651
-0.000002 -0.902041 -0.431651
-0.999760 -0.019759 -0.009455
-0.999760 -0.019759 -0.009455
-0.999760 -0.019759 -0.009455
0.005503 0.567635 0.823262
0.005503 0.567635 0.823262
0.005503 0.567635 0.823262
0.005503 0.567635 0.823262
0.005503 0.567635 0.823262
0.005503 0.567635 0.823262
0.903900 -0.206835 0.374411
0.903900 -0.206835 0.374411
0.903901 -0.206835 0.374411
0.903901 -0.206837 0.374407
0.903901 -0.206837 0.374407
0.903901 -0.206837 0.374407
0.374409 -0.206836 0.903901
0.374409 -0.206836 0.903901
0.374409 -0.206836 0.903901
0.374408 -0.206835 0.903902
0.374408 -0.206835 0.903901
0.374408 -0.206835 0.903902
-0.374408 -0.206834 0.903902
-0.374408 -0.206834 0.903902
-0.374408 -0.206834 0.903902
-0.374408 -0.206834 0.903902
-0.374408 -0.206834 0.903902
-0.374408 -0.206834 0.903902
-0.903901 -0.206833 0.374409
-0.903901 -0.206833 0.374409
-0.903901 -0.206833 0.374409
-0.903903 -0.206831 0.374406
-0.903903 -0.206831 0.374406
-0.903903 -0.206831 0.374406
-0.903901 -0.206831 -0.374411
-0.903901 -0.206831 -0.374411
-0.903901 -0.206831 -0.374411
-0.903902 -0.206833 -0.374407
-0.903902 -0.206833 -0.374407
-0.903902 -0.206833 -0.374407
-0.374408 -0.206834 -0.903902
-0.374408 -0.206834 -0.903902
-0.374408 -0.206834 -0.903902
-0.374408 -0.206834 -0.903902
-0.374408 -0.206834 -0.903902
-0.374408 -0.206834 -0.903902
0.374411 -0.206834 -0.903901
0.374411 -0.206834 -0.903901
0.374411 -0.206834 -0.903901
0.374406 -0.206837 -0.903902
0.374406 -0.206837 -0.903902
0.374406 -0.206837 -0.903902
0.903900 -0.206840 -0.374410
0.903900 -0.206840 -0.374410
0.903900 -0.206840 -0.374410
0.903903 -0.206835 -0.374404
0.903903 -0.206835 -0.374404
0.903903 -0.206835 -0.374404
0.000000 -1.000000 0.000000
0.000000 -1.000000 0.000000
0.000000 -1.000000 0.000000
0.000000 -1.000000 0.000000
0.000000 -1.000000 0.000000
0.000000 -1.000000 0.000000
0.000000 -1.000000 0.000000
0.000000 -1.000000 0.000000
0.000000 -1.000000 0.000000
0.000000 -1.000000 0.000000
0.000000 -1.000000 0.000000
0.000000 -1.000000 0.000000
0.000000 -1.000000 0.000000
0.000000 -1.000000 0.000000
0.000000 -1.000000 0.000000
0.000000 -1.000000 0.000000
0.000000 -1.000000 0.000000
0.000000 -1.000000 0.000000
0.000000 1.000000 0.000000
0.000000 1.000000 0.000000
0.000000 1.000000 0.000000
0.000000 1.000000 0.000000
0.000000 1.000000 0.000000
0.000000 1.000000 0.000000
0.000000 1.000000 0.000000
0.000000 1.000000 0.000000
0.000000 1.000000 0.000000
0.000000 1.000000 0.000000
0.000000 1.000000 0.000000
0.000000 1.000000 0.000000
0.000000 1.000000 0.000000
0.000000 1.000000 0.000000
0.000000 1.000000 0.000000
0.000000 1.000000 0.000000
0.000000 1.000000 0.000000
0.000000 1.000000 0.000000
0.820779 0.459060 0.339979
0.820779 0.459060 0.339979
0.820779 0.459060 0.339979
0.820778 0.459062 0.339977
0.820779 0.459062 0.339977
0.820779 0.459062 0.339977
0.339977 0.459064 0.820778
0.339977 0.459064 0.820778
0.339977 0.459064 0.820778
0.339978 0.459065 0.820777
0.339978 0.459065 0.820776
0.339978 0.459065 0.820777
-0.339977 0.459064 0.820777
-0.339977 0.459064 0.820777
-0.339977 0.459064 0.820777
-0.339977 0.459064 0.820777
-0.339977 0.459064 0.820777
-0.339977 0.459064 0.820777
-0.820778 0.459064 0.339978
-0.820778 0.459064 0.339978
-0.820778 0.459064 0.339978
-0.820780 0.459059 0.339976
-0.820780 0.459059 0.339976
-0.820780 0.459059 0.339976
-0.820779 0.459059 -0.339981
-0.820779 0.459059 -0.339981
-0.820779 0.459059 -0.339981
-0.820778 0.459064 -0.339978
-0.820778 0.459064 -0.339978
-0.820778 0.459064 -0.339978
-0.339978 0.459064 -0.820777
-0.339979 0.459064 -0.820777
-0.339979 0.459064 -0.820777
-0.339978 0.459063 -0.820778
-0.339978 0.459063 -0.820778
-0.339978 0.459063 -0.820778
0.339979 0.459062 -0.820778
0.339979 0.459062 -0.820778
0.339979 0.459062 -0.820778
0.339976 0.459066 -0.820777
0.339976 0.459066 -0.820777
0.339976 0.459066 -0.820777
0.820776 0.459067 -0.339976
0.820776 0.459067 -0.339976
0.820776 0.459067 -0.339976
0.820780 0.459061 -0.339975
0.820780 0.459061 -0.339975
0.820780 0.459061 -0.339975
0.000000 1.000000 0.000000
0.000000 1.000000 0.000000
0.000000 1.000000 0.000000
0.000000 1.000000 0.000000
0.000000 1.000000 0.000000
0.000000 1.000000 0.000000
0.000000 1.000000 0.000000
0.000000 1.000000 0.000000
0.000000 1.000000 0.000000
0.000000 1.000000 0.000000
0.000000 1.000000 0.000000
0.000000 1.000000 0.000000
0.000000 1.000000 0.000000
0.000000 1.000000 0.000000
0.000000 1.000000 0.000000
0.000000 1.000000 0.000000
0.000000 1.000000 0.000000
0.000000 1.000000 0.000000
0.000000 1.000000 0.000000
0.000000 1.000000 0.000000
0.000000 1.000000 0.000000
0.000000 1.000000 0.000000
0.000000 1.000000 0.000000
0.000000 1.000000 0.000000
0.000000 1.000000 0.000000
0.000000 1.000000 0.000000
0.000000 1.000000 0.000000
0.000000 1.000000 0.000000
0.000000 1.000000 0.000000
0.000000 1.000000 0.000000
0.000000 1.000000 0.000000
0.000000 1.000000 0.000000
0.000000 1.000000 0.000000
0.000000 1.000000 0.000000
0.000000 1.000000 0.000000
0.000000 1.000000 0.000000
0.000000 1.000000 0.000000
0.000000 1.000000 0.000000
0.000000 1.000000 0.000000
0.000000 1.000000 0.000000
0.000000 1.000000 0.000000
0.000000 1.000000 0.000000
0.000000 1.000000 0.000000
0.000000 1.000000 0.000000
0.000000 1.000000 0.000000
0.000000 1.000000 0.000000
0.000000 1.000000 0.000000
0.000000 1.000000 0.000000
-0.923880 0.000000 -0.382683
-0.923880 0.000000 -0.382683
-0.923880 0.000000 -0.382683
-0.923878 -0.000006 -0.382686
-0.923878 -0.000006 -0.382686
-0.923878 -0.000006 -0.382686
-0.382684 -0.000002 -0.923879
-0.382684 -0.000002 -0.923879
-0.382684 -0.000002 -0.923879
-0.382685 -0.000001 -0.923879
-0.382685 -0.000001 -0.923879
-0.382685 -0.000001 -0.923879
0.382684 0.000002 -0.923879
0.382684 0.000002 -0.923879
0.382684 0.000002 -0.923879
0.382685 0.000000 -0.923879
0.382685 0.000000 -0.923879
0.382685 0.000000 -0.923879
0.923879 0.000000 -0.382685
0.923879 0.000000 -0.382685
0.923879 0.000000 -0.382685
0.923879 0.000000 -0.382685
0.923879 0.000000 -0.382685
0.923879 0.000000 -0.382685
0.923879 0.000000 0.382684
0.923879 0.000000 0.382684
0.923879 0.000000 0.382684
0.923879 0.000000 0.382684
0.923879 0.000000 0.382684
0.923879 0.000000 0.382684
0.382682 0.000000 0.923880
0.382682 0.000000 0.923880
0.382682 0.000000 0.923880
0.382682 0.000000 0.923880
0.382682 0.000000 0.923880
0.382682 0.000000 0.923880
-0.382684 0.000000 0.923880
-0.382683 0.000000 0.923880
-0.382683 0.000000 0.923880
-0.382684 0.000000 0.923880
-0.382683 0.000000 0.923880
-0.382683 0.000000 0.923880
-0.923880 0.000000 0.382683
-0.923880 0.000000 0.382683
-0.923880 0.000000 0.382683
-0.923880 0.000000 0.382683
-0.923880 0.000000 0.382683
-0.923880 0.000000 0.382683
0.918651 0.106241 0.380517
0.918651 0.106241 0.380517
0.918651 0.106241 0.380517
0.918651 0.106241 0.380517
0.918651 0.106241 0.380517
0.918651 0.106241 0.380517
0.380517 0.106239 0.918651
0.380518 0.106239 0.918651
0.380517 0.106239 0.918651
0.380519 0.106240 0.918650
0.380519 0.106240 0.918650
0.380519 0.106240 0.918650
-0.380517 0.106239 0.918651
-0.380517 0.106239 0.918651
-0.380518 0.106239 0.918651
-0.380518 0.106239 0.918651
-0.380518 0.106239 0.918651
-0.380518 0.106239 0.918651
-0.918652 0.106239 0.380515
-0.918652 0.106239 0.380515
-0.918652 0.106239 0.380515
-0.918652 0.106239 0.380516
-0.918652 0.106239 0.380516
-0.918652 0.106239 0.380516
-0.918652 0.106240 -0.380516
-0.918652 0.106240 -0.380516
-0.918651 0.106240 -0.380516
-0.918651 0.106239 -0.380518
-0.918651 0.106239 -0.380518
-0.918651 0.106239 -0.380518
-0.380517 0.106240 -0.918651
-0.380517 0.106240 -0.918651
-0.380517 0.106240 -0.918651
-0.380518 0.106240 -0.918651
-0.380518 0.106240 -0.918651
-0.380518 0.106240 -0.918651
0.380515 0.106240 -0.918652
0.380515 0.106240 -0.918652
0.380515 0.106240 -0.918652
0.380517 0.106240 -0.918651
0.380517 0.106240 -0.918651
0.380517 0.106240 -0.918651
0.918653 0.106241 -0.380513
0.918653 0.106241 -0.380513
0.918653 0.106241 -0.380513
0.918652 0.106242 -0.380514
0.918652 0.106242 -0.380514
0.918652 0.106242 -0.380514
0.000000 -1.000000 0.000000
0.000000 -1.000000 0.000000
0.000000 -1.000000 0.000000
0.000000 -1.000000 0.000000
0.000000 -1.000000 0.000000
0.000000 -1.000000 0.000000
0.000000 -1.000000 0.000000
0.000000 -1.000000 0.000000
0.000000 -1.000000 0.000000
0.000000 -1.000000 0.000000
0.000000 -1.000000 0.000000
0.000000 -1.000000 0.000000
0.000000 -1.000000 0.000000
0.000000 -1.000000 0.000000
0.000000 -1.000000 0.000000
0.000000 -1.000000 0.000000
0.000000 -1.000000 0.000000
0.000000 -1.000000 0.000000
0.000000 -1.000000 0.000000
0.000000 -1.000000 0.000000
0.000000 -1.000000 0.000000
0.000000 -1.000000 0.000000
0.000000 -1.000000 0.000000
0.000000 -1.000000 0.000000
0.000000 -1.000000 0.000000
0.000000 -1.000000 0.000000
0.000000 -1.000000 0.000000
0.000000 -1.000000 0.000000
0.000000 -1.000000 0.000000
0.000000 -1.000000 0.000000
0.000000 -1.000000 0.000000
0.000000 -1.000000 0.000000
0.000000 -1.000000 0.000000
0.000000 -1.000000 0.000000
0.000000 -1.000000 0.000000
0.000000 -1.000000 0.000000
0.000000 -1.000000 0.000000
0.000000 -1.000000 0.000000
0.000000 -1.000000 0.000000
0.000000 -1.000000 0.000000
0.000000 -1.000000 0.000000
0.000000 -1.000000 0.000000
0.000000 -1.000000 0.000000
0.000000 -1.000000 0.000000
0.000000 -1.000000 0.000000
0.000000 -1.000000 0.000000
0.000000 -1.000000 0.000000
0.000000 -1.000000 0.000000
0.808306 -0.484298 0.334810
0.808306 -0.484298 0.334810
0.808306 -0.484298 0.334810
0.808304 -0.484300 0.334812
0.808304 -0.484300 0.334812
0.808304 -0.484300 0.334812
0.808305 -0.484299 -0.334810
0.808305 -0.484299 -0.334810
0.808305 -0.484299 -0.334810
0.808305 -0.484298 -0.334812
0.808305 -0.484298 -0.334812
0.808305 -0.484298 -0.334812
0.334813 -0.484298 -0.808304
0.334813 -0.484298 -0.808304
0.334813 -0.484298 -0.808304
0.334812 -0.484297 -0.808305
0.334812 -0.484297 -0.808305
0.334812 -0.484297 -0.808305
-0.334812 -0.484296 -0.808306
-0.334811 -0.484296 -0.808306
-0.334811 -0.484296 -0.808306
-0.334809 -0.484298 -0.808306
-0.334809 -0.484298 -0.808306
-0.334809 -0.484298 -0.808306
-0.808305 -0.484299 -0.334810
-0.808305 -0.484299 -0.334810
-0.808305 -0.484299 -0.334810
-0.808306 -0.484298 -0.334809
-0.808306 -0.484298 -0.334809
-0.808306 -0.484298 -0.334809
-0.808306 -0.484298 0.334810
-0.808306 -0.484298 0.334810
-0.808306 -0.484298 0.334810
-0.808306 -0.484299 0.334809
-0.808306 -0.484299 0.334809
-0.808306 -0.484299 0.334809
-0.334812 -0.484299 0.808304
-0.334812 -0.484299 0.808304
-0.334812 -0.484299 0.808304
-0.334810 -0.484297 0.808306
-0.334810 -0.484297 0.808306
-0.334810 -0.484297 0.808306
0.334811 -0.484298 0.808305
0.334811 -0.484298 0.808305
0.334811 -0.484298 0.808305
0.334811 -0.484298 0.808305
0.334811 -0.484298 0.808305
0.334811 -0.484298 0.808305
0.000000 -1.000000 0.000000
0.000000 -1.000000 0.000000
0.000000 -1.000000 0.000000
0.000000 -1.000000 0.000000
0.000000 -1.000000 0.000000
0.000000 -1.000000 0.000000
0.000000 -1.000000 0.000000
0.000000 -1.000000 0.000000
0.000000 -1.000000 0.000000
0.000000 -1.000000 0.000000
0.000000 -1.000000 0.000000
0.000000 -1.000000 0.000000
0.000000 -1.000000 0.000000
0.000000 -1.000000 0.000000
0.000000 -1.000000 0.000000
0.000000 -1.000000 0.000000
0.000000 -1.000000 0.000000
0.000000 -1.000000 0.000000
-0.000001 -1.000000 0.000000
-0.000001 -1.000000 0.000000
-0.000001 -1.000000 0.000000
-0.000001 -1.000000 0.000001
-0.000001 -1.000000 0.000001
-0.000001 -1.000000 0.000001
0.000000 -1.000000 0.000000
0.000000 -1.000000 0.000000
0.000000 -1.000000 0.000000
0.000000 -1.000000 0.000000
0.000000 -1.000000 0.000000
0.000000 -1.000000 0.000000
0.000000 -1.000000 0.000000
0.000000 -1.000000 0.000000
0.000000 -1.000000 0.000000
0.000000 -1.000000 0.000000
0.000000 -1.000000 0.000000
0.000000 -1.000000 0.000000
-0.000001 -1.000000 -0.000001
-0.000001 -1.000000 -0.000001
-0.000001 -1.000000 -0.000001
-0.000001 -1.000000 0.000000
-0.000001 -1.000000 0.000000
-0.000001 -1.000000 0.000000
0.000000 -1.000000 0.000000
0.000000 -1.000000 0.000000
0.000000 -1.000000 0.000000
0.000000 -1.000000 0.000000
0.000000 -1.000000 0.000000
0.000000 -1.000000 0.000000
0.923815 -0.011808 0.382658
0.923815 -0.011808 0.382658
0.923815 -0.011808 0.382658
0.923814 -0.011808 0.382658
0.923814 -0.011808 0.382658
0.923814 -0.011808 0.382659
0.923815 -0.011808 -0.382657
0.923815 -0.011808 -0.382657
0.923815 -0.011808 -0.382657
0.923816 -0.011806 -0.382655
0.923816 -0.011806 -0.382655
0.923816 -0.011806 -0.382655
0.382663 -0.011808 -0.923813
0.382663 -0.011808 -0.923813
0.382663 -0.011808 -0.923813
0.382655 -0.011813 -0.923816
0.382655 -0.011813 -0.923816
0.382655 -0.011813 -0.923816
-0.382656 -0.011813 -0.923815
-0.382656 -0.011813 -0.923815
-0.382656 -0.011813 -0.923815
-0.382655 -0.011812 -0.923816
-0.382655 -0.011812 -0.923816
-0.382655 -0.011812 -0.923816
-0.923816 -0.011815 -0.382654
-0.923816 -0.011815 -0.382654
-0.923816 -0.011815 -0.382654
-0.923815 -0.011813 -0.382658
-0.923815 -0.011813 -0.382658
-0.923815 -0.011813 -0.382657
-0.923817 -0.011812 0.382653
-0.923817 -0.011812 0.382653
-0.923817 -0.011812 0.382653
-0.923815 -0.011816 0.382658
-0.923814 -0.011816 0.382658
-0.923814 -0.011816 0.382658
-0.382656 -0.011813 0.923815
-0.382656 -0.011813 0.923815
-0.382656 -0.011813 0.923815
-0.382655 -0.011814 0.923816
-0.382655 -0.011814 0.923816
-0.382655 -0.011814 0.923816
0.382657 -0.011810 0.923815
0.382657 -0.011810 0.923815
0.382657 -0.011810 0.923815
0.382657 -0.011810 0.923815
0.382657 -0.011810 0.923815
0.382657 -0.011810 0.923815
0.857192 -0.373032 0.355062
0.857192 -0.373032 0.355062
0.857192 -0.373032 0.355062
0.857184 -0.373038 0.355075
0.857184 -0.373038 0.355075
0.857184 -0.373038 0.355075
0.857193 -0.373033 -0.355059
0.857193 -0.373033 -0.355058
0.857193 -0.373033 -0.355059
0.857192 -0.373032 -0.355062
0.857192 -0.373032 -0.355062
0.857192 -0.373032 -0.355062
0.355059 -0.373032 -0.857193
0.355059 -0.373032 -0.857193
0.355059 -0.373032 -0.857193
0.355065 -0.373035 -0.857189
0.355065 -0.373035 -0.857190
0.355065 -0.373035 -0.857189
-0.355059 -0.373034 -0.857192
-0.355059 -0.373034 -0.857192
-0.355059 -0.373034 -0.857192
-0.355065 -0.373031 -0.857191
-0.355065 -0.373031 -0.857191
-0.355065 -0.373031 -0.857191
-0.857191 -0.373034 -0.355061
-0.857191 -0.373034 -0.355061
-0.857191 -0.373034 -0.355061
-0.857191 -0.373035 -0.355061
-0.857191 -0.373034 -0.355061
-0.857191 -0.373034 -0.355061
-0.857191 -0.373035 0.355062
-0.857191 -0.373034 0.355062
-0.857191 -0.373035 0.355062
-0.857191 -0.373034 0.355064
-0.857190 -0.373034 0.355064
-0.857190 -0.373034 0.355064
-0.355060 -0.373034 0.857192
-0.355060 -0.373034 0.857192
-0.355060 -0.373034 0.857192
-0.355059 -0.373034 0.857193
-0.355059 -0.373034 0.857193
-0.355059 -0.373034 0.857193
0.355061 -0.373035 0.857191
0.355061 -0.373035 0.857191
0.355061 -0.373035 0.857191
0.355064 -0.373033 0.857191
0.355064 -0.373033 0.857190
0.355064 -0.373033 0.857191
0.000000 0.000000 -1.000000
0.000000 0.000000 -1.000000
0.000000 0.000000 -1.000000
0.000000 0.000000 -1.000000
0.000000 0.000000 -1.000000
0.000000 0.000000 -1.000000
-0.000148 -0.019275 0.999814
-0.000148 -0.019275 0.999814
-0.000148 -0.019275 0.999814
-0.000187 -0.019269 0.999814
-0.000187 -0.019269 0.999814
-0.000187 -0.019269 0.999814
0.009700 0.999953 0.000000
0.009700 0.999953 0.000000
0.009700 0.999953 0.000000
0.009700 0.999953 0.000000
0.009700 0.999953 0.000000
0.009700 0.999953 0.000000
0.997288 -0.042531 -0.060069
0.997288 -0.042531 -0.060069
0.997288 -0.042531 -0.060069
-0.000001 -0.987488 -0.157694
-0.000001 -0.987488 -0.157694
-0.000001 -0.987488 -0.157694
0.000000 -0.987488 -0.157694
0.000000 -0.987488 -0.157694
0.000000 -0.987488 -0.157694
-0.999705 -0.024003 -0.003833
-0.999705 -0.024003 -0.003833
-0.999705 -0.024003 -0.003833
0.005605 0.577843 0.816128
0.005605 0.577843 0.816128
0.005605 0.577843 0.816128
0.005603 0.577845 0.816127
0.005603 0.577845 0.816127
0.005603 0.577845 0.816127
0.008272 0.000000 -0.999966
0.008272 0.000000 -0.999966
0.008272 0.000000 -0.999966
0.008272 -0.000000 -0.999966
0.008272 -0.000000 -0.999966
0.008272 -0.000000 -0.999966
0.008968 0.000000 0.999960
0.008968 0.000000 0.999960
0.008968 0.000000 0.999960
0.008968 -0.000000 0.999960
0.008968 -0.000000 0.999960
0.008968 -0.000000 0.999960
0.596626 0.802520 -0.000000
0.596626 0.802519 -0.000000
0.596626 0.802519 -0.000000
0.596626 0.802519 0.000000
0.596626 0.802519 0.000000
0.596626 0.802519 0.000000
1.000000 0.000000 0.000000
1.000000 0.000000 0.000000
1.000000 0.000000 0.000000
1.000000 0.000000 0.000000
1.000000 0.000000 0.000000
1.000000 0.000000 0.000000
0.596594 0.802543 -0.000000
0.596594 0.802543 -0.000000
0.596594 0.802543 -0.000000
0.596594 0.802543 -0.000000
0.596594 0.802543 -0.000000
0.596594 0.802543 -0.000000
-0.285633 -0.958339 0.000000
-0.285633 -0.958339 0.000000
-0.285633 -0.958339 0.000000
-0.285633 -0.958339 0.000000
-0.285633 -0.958339 0.000000
-0.285633 -0.958339 0.000000
-0.009225 -0.039173 -0.999190
-0.009225 -0.039173 -0.999190
-0.009225 -0.039173 -0.999190
-0.010554 -0.062011 -0.998020
-0.010554 -0.062011 -0.998020
-0.010554 -0.062011 -0.998020
0.033285 0.038178 -0.998716
0.033285 0.038178 -0.998716
0.033285 0.038178 -0.998716
0.083701 0.136508 -0.987097
0.083701 0.136508 -0.987097
0.083701 0.136508 -0.987097
-0.012710 -0.048527 0.998741
-0.012710 -0.048527 0.998741
-0.012710 -0.048527 0.998741
-0.014345 -0.076770 0.996946
-0.014345 -0.076770 0.996946
-0.014345 -0.076770 0.996946
0.044322 0.053963 0.997559
0.044322 0.053963 0.997559
0.044322 0.053963 0.997559
0.114386 0.190917 0.974919
0.114386 0.190917 0.974919
0.114386 0.190917 0.974919
0.999520 -0.030980 0.000000
0.999520 -0.030980 0.000000
0.999520 -0.030980 0.000000
0.999520 -0.030980 0.000000
0.999520 -0.030980 0.000000
0.999520 -0.030980 0.000000
1.000000 0.000000 0.000000
1.000000 0.000000 0.000000
1.000000 0.000000 0.000000
1.000000 0.000000 0.000000
1.000000 0.000000 0.000000
1.000000 0.000000 0.000000
-0.000814 -0.062014 -0.998075
-0.000814 -0.062014 -0.998075
-0.000814 -0.062014 -0.998075
-0.014131 -0.049287 -0.998685
-0.014131 -0.049287 -0.998685
-0.014131 -0.049287 -0.998685
0.045591 0.061330 0.997076
0.045591 0.061330 0.997076
0.045591 0.061330 0.997076
0.046573 0.053968 0.997456
0.046573 0.053968 0.997456
0.046573 0.053968 0.997456
-0.013121 -0.999914 0.000000
-0.013121 -0.999914 0.000000
-0.013121 -0.999914 0.000000
-0.013121 -0.999914 0.000000
-0.013121 -0.999914 0.000000
-0.013121 -0.999914 0.000000
0.000000 0.000000 -1.000000
0.000000 0.000000 -1.000000
0.000000 0.000000 -1.000000
0.000000 0.000000 -1.000000
0.000000 0.000000 -1.000000
0.000000 0.000000 -1.000000
0.000000 0.000000 1.000000
0.000000 0.000000 1.000000
0.000000 0.000000 1.000000
0.000000 0.000000 1.000000
0.000000 0.000000 1.000000
0.000000 0.000000 1.000000
0.032946 0.038177 -0.998728
0.032946 0.038177 -0.998728
0.032946 0.038177 -0.998728
0.032258 0.043393 -0.998537
0.032258 0.043393 -0.998537
0.032258 0.043393 -0.998537
-0.001008 -0.076778 0.997048
-0.001008 -0.076778 0.997048
-0.001008 -0.076778 0.997048
-0.017501 -0.061040 0.997982
-0.017501 -0.061040 0.997982
-0.017501 -0.061040 0.997982
-0.008272 -0.000000 -0.999966
-0.008272 -0.000000 -0.999966
-0.008272 -0.000000 -0.999966
-0.008272 0.000000 -0.999966
-0.008272 0.000000 -0.999966
-0.008272 0.000000 -0.999966
-0.008968 0.000000 0.999960
-0.008968 0.000000 0.999960
-0.008968 0.000000 0.999960
-0.008968 0.000000 0.999960
-0.008968 0.000000 0.999960
-0.008968 0.000000 0.999960
-0.596626 0.802519 0.000000
-0.596626 0.802519 0.000000
-0.596626 0.802519 0.000000
-0.596626 0.802519 0.000000
-0.596626 0.802519 0.000000
-0.596626 0.802519 0.000000
-1.000000 0.000000 0.000000
-1.000000 0.000000 0.000000
-1.000000 0.000000 0.000000
-1.000000 0.000000 0.000000
-1.000000 0.000000 0.000000
-1.000000 0.000000 0.000000
-0.596594 0.802543 0.000000
-0.596594 0.802543 0.000000
-0.596594 0.802543 0.000000
-0.596594 0.802543 0.000000
-0.596594 0.802543 0.000000
-0.596594 0.802543 0.000000
0.285633 -0.958339 0.000000
0.285633 -0.958339 0.000000
0.285633 -0.958339 0.000000
0.285633 -0.958339 0.000000
0.285633 -0.958339 0.000000
0.285633 -0.958339 0.000000
0.010554 -0.062011 -0.998020
0.010554 -0.062011 -0.998020
0.010554 -0.062011 -0.998020
0.009226 -0.039173 -0.999190
0.009226 -0.039173 -0.999190
0.009226 -0.039173 -0.999190
-0.083701 0.136508 -0.987097
-0.083701 0.136508 -0.987097
-0.083701 0.136508 -0.987097
-0.033285 0.038178 -0.998716
-0.033285 0.038178 -0.998717
-0.033285 0.038178 -0.998716
0.014345 -0.076770 0.996946
0.014345 -0.076770 0.996946
0.014345 -0.076770 0.996946
0.012710 -0.048527 0.998741
0.012710 -0.048527 0.998741
0.012710 -0.048527 0.998741
-0.114387 0.190917 0.974919
-0.114387 0.190917 0.974919
-0.114387 0.190917 0.974919
-0.044322 0.053963 0.997559
-0.044322 0.053963 0.997559
-0.044322 0.053963 0.997559
-0.999520 -0.030974 0.000000
-0.999520 -0.030974 0.000000
-0.999520 -0.030974 0.000000
-0.999520 -0.030974 0.000000
-0.999520 -0.030974 0.000000
-0.999520 -0.030974 0.000000
-1.000000 0.000000 0.000000
-1.000000 0.000000 0.000000
-1.000000 0.000000 0.000000
-1.000000 0.000000 0.000000
-1.000000 0.000000 0.000000
-1.000000 0.000000 0.000000
0.014131 -0.049287 -0.998685
0.014131 -0.049287 -0.998685
0.014131 -0.049287 -0.998685
0.000814 -0.062014 -0.998075
0.000814 -0.062014 -0.998075
0.000814 -0.062014 -0.998075
-0.046573 0.053967 0.997456
-0.046573 0.053967 0.997456
-0.046573 0.053967 0.997456
-0.045591 0.061330 0.997076
-0.045591 0.061330 0.997076
-0.045591 0.061330 0.997076
0.013121 -0.999914 -0.000000
0.013121 -0.999914 -0.000000
0.013121 -0.999914 -0.000000
0.013121 -0.999914 0.000000
0.013121 -0.999914 0.000000
0.013121 -0.999914 0.000000
0.000000 0.000000 -1.000000
0.000000 0.000000 -1.000000
0.000000 0.000000 -1.000000
0.000000 0.000000 -1.000000
0.000000 0.000000 -1.000000
0.000000 0.000000 -1.000000
0.000000 0.000000 1.000000
0.000000 0.000000 1.000000
0.000000 0.000000 1.000000
0.000000 0.000000 1.000000
0.000000 0.000000 1.000000
0.000000 0.000000 1.000000
-0.032258 0.043393 -0.998537
-0.032258 0.043393 -0.998537
-0.032258 0.043393 -0.998537
-0.032946 0.038177 -0.998728
-0.032946 0.038177 -0.998728
-0.032946 0.038177 -0.998728
0.017501 -0.061041 0.997982
0.017501 -0.061041 0.997982
0.017501 -0.061041 0.997982
0.001008 -0.076778 0.997048
0.001008 -0.076778 0.997048
0.001008 -0.076778 0.997048
-1.000000 0.000000 0.000000
-1.000000 0.000000 0.000000
-1.000000 0.000000 0.000000
-1.000000 0.000000 0.000000
-1.000000 0.000000 0.000000
-1.000000 0.000000 0.000000
1.000000 -0.000000 -0.000000
1.000000 -0.000000 -0.000000
1.000000 -0.000000 -0.000000
1.000000 -0.000000 -0.000000
1.000000 -0.000000 -0.000000
1.000000 -0.000000 -0.000000
-0.000005 0.064635 -0.997909
-0.000005 0.064635 -0.997909
-0.000005 0.064635 -0.997909
0.000000 0.064635 -0.997909
0.000000 0.064635 -0.997909
0.000000 0.064635 -0.997909
0.000000 0.768788 0.639504
0.000000 0.768788 0.639504
0.000000 0.768788 0.639504
0.000006 0.768788 0.639504
0.000006 0.768788 0.639504
0.000006 0.768788 0.639504
0.000000 0.023799 0.999717
0.000000 0.023799 0.999717
0.000000 0.023799 0.999717
0.000000 0.023799 0.999717
0.000000 0.023799 0.999717
0.000000 0.023799 0.999717
0.000000 -0.964362 -0.264585
0.000000 -0.964362 -0.264585
0.000000 -0.964362 -0.264585
-0.000018 -0.964362 -0.264585
-0.000018 -0.964362 -0.264585
-0.000018 -0.964362 -0.264585
-1.000000 0.000000 -0.000000
-1.000000 0.000000 -0.000000
-1.000000 0.000000 -0.000000
-1.000000 0.000000 -0.000000
-1.000000 0.000000 -0.000000
-1.000000 0.000000 -0.000000
1.000000 -0.000000 -0.000000
1.000000 -0.000000 -0.000000
1.000000 -0.000000 -0.000000
1.000000 -0.000000 -0.000000
1.000000 -0.000000 -0.000000
1.000000 -0.000000 -0.000000
0.000012 0.667849 0.744297
0.000012 0.667849 0.744297
0.000012 0.667849 0.744297
0.000007 0.667850 0.744296
0.000007 0.667850 0.744296
0.000007 0.667850 0.744296
0.000000 -0.970258 -0.242072
0.000000 -0.970258 -0.242072
0.000000 -0.970258 -0.242072
-0.000018 -0.970259 -0.242069
-0.000018 -0.970259 -0.242069
-0.000018 -0.970259 -0.242069
-1.000000 0.000000 0.000000
-1.000000 0.000000 0.000000
-1.000000 0.000000 0.000000
-1.000000 0.000000 0.000000
-1.000000 0.000000 0.000000
-1.000000 0.000000 0.000000
1.000000 -0.000000 -0.000000
1.000000 -0.000000 -0.000000
1.000000 -0.000000 -0.000000
1.000000 -0.000000 0.000000
1.000000 -0.000000 0.000000
1.000000 -0.000000 0.000000
0.000004 0.443914 0.896070
0.000004 0.443914 0.896070
0.000004 0.443914 0.896070
0.000008 0.443913 0.896070
0.000008 0.443913 0.896070
0.000008 0.443913 0.896070
0.000000 -0.970259 -0.242069
0.000000 -0.970259 -0.242069
0.000000 -0.970259 -0.242069
0.000000 -0.970259 -0.242069
0.000000 -0.970259 -0.242069
0.000000 -0.970259 -0.242069
0.006415 0.273346 -0.961894
0.006415 0.273346 -0.961894
0.006415 0.273346 -0.961894
0.007020 0.272781 -0.962051
0.007020 0.272781 -0.962051
0.007020 0.272781 -0.962051
0.007010 0.145516 0.989331
0.007010 0.145516 0.989331
0.007010 0.145516 0.989331
0.006407 0.146093 0.989250
0.006407 0.146093 0.989250
0.006407 0.146093 0.989250
0.033457 0.997215 0.066658
0.033458 0.997215 0.066658
0.033458 0.997215 0.066658
0.033460 0.997215 0.066660
0.033460 0.997215 0.066660
0.033460 0.997215 0.066660
-0.971064 0.238252 0.016453
-0.971064 0.238252 0.016453
-0.971064 0.238252 0.016453
-0.971064 0.238252 0.016453
-0.971064 0.238252 0.016453
-0.971064 0.238252 0.016453
-0.000147 -0.993376 -0.114908
-0.000147 -0.993376 -0.114908
-0.000147 -0.993376 -0.114908
-0.000172 -0.993381 -0.114869
-0.000172 -0.993381 -0.114869
-0.000172 -0.993381 -0.114869
0.942082 -0.333514 -0.035336
0.942082 -0.333514 -0.035336
0.942083 -0.333515 -0.035336
0.942566 -0.331809 -0.038382
0.942566 -0.331809 -0.038382
0.942566 -0.331809 -0.038382
-0.000380 -0.031654 -0.999499
-0.000380 -0.031654 -0.999499
-0.000380 -0.031654 -0.999499
-0.002935 -0.031295 -0.999506
-0.002935 -0.031295 -0.999506
-0.002935 -0.031295 -0.999506
0.000221 -0.011260 0.999937
0.000221 -0.011260 0.999937
0.000221 -0.011260 0.999937
0.001632 -0.011458 0.999933
0.001632 -0.011458 0.999933
0.001632 -0.011458 0.999933
-0.999926 -0.012111 -0.001283
-0.999926 -0.012111 -0.001283
-0.999926 -0.012111 -0.001283
-0.999926 -0.012156 -0.000839
-0.999926 -0.012156 -0.000839
-0.999926 -0.012156 -0.000839
0.970342 0.241160 0.016650
0.970342 0.241160 0.016650
0.970342 0.241160 0.016650
0.970342 0.241163 0.016654
0.970342 0.241163 0.016654
0.970342 0.241163 0.016654
0.033464 0.997065 0.068852
0.033464 0.997066 0.068852
0.033464 0.997065 0.068852
0.033436 0.997072 0.068776
0.033436 0.997072 0.068776
0.033436 0.997072 0.068776
0.033425 0.997066 0.068857
0.033425 0.997066 0.068857
0.033425 0.997066 0.068857
0.033484 0.997066 0.068828
0.033484 0.997066 0.068828
0.033484 0.997066 0.068828
0.033449 0.997066 0.068847
0.033449 0.997066 0.068847
0.033449 0.997066 0.068847
0.033473 0.997061 0.068913
0.033473 0.997061 0.068913
0.033473 0.997061 0.068913
0.033489 0.997066 0.068839
0.033489 0.997066 0.068839
0.033489 0.997065 0.068839
0.033432 0.997065 0.068868
0.033432 0.997065 0.068868
0.033432 0.997066 0.068868
-0.000729 0.043403 -0.999057
-0.000729 0.043403 -0.999057
-0.000729 0.043403 -0.999057
-0.000753 0.043402 -0.999057
-0.000753 0.043402 -0.999057
-0.000753 0.043402 -0.999057
-0.999761 0.021811 0.001506
-0.999761 0.021811 0.001506
-0.999761 0.021811 0.001506
-0.999761 0.021815 0.001458
-0.999761 0.021815 0.001458
-0.999761 0.021815 0.001458
0.001252 -0.027164 0.999630
0.001252 -0.027164 0.999630
0.001252 -0.027164 0.999630
0.001335 -0.027168 0.999630
0.001335 -0.027168 0.999630
0.001335 -0.027168 0.999630
0.999998 0.002174 0.000150
0.999998 0.002174 0.000150
0.999998 0.002174 0.000150
0.999998 0.002174 0.000145
0.999998 0.002174 0.000145
0.999998 0.002174 0.000145
0.999944 -0.010562 -0.000729
0.999944 -0.010562 -0.000729
0.999944 -0.010562 -0.000729
0.999944 -0.010522 -0.001115
0.999944 -0.010522 -0.001115
0.999944 -0.010522 -0.001115
-0.000043 -0.254019 -0.967199
-0.000043 -0.254019 -0.967199
-0.000043 -0.254019 -0.967199
-0.001242 -0.254979 -0.966946
-0.001242 -0.254979 -0.966946
-0.001242 -0.254979 -0.966946
-0.000030 -0.246528 0.969136
-0.000030 -0.246528 0.969136
-0.000030 -0.246528 0.969136
-0.000702 -0.245957 0.969280
-0.000702 -0.245957 0.969280
-0.000702 -0.245957 0.969280
-0.942518 -0.331943 -0.038384
-0.942518 -0.331943 -0.038384
-0.942518 -0.331943 -0.038384
-0.942039 -0.333635 -0.035349
-0.942039 -0.333635 -0.035349
-0.942039 -0.333635 -0.035349
-0.936609 -0.294333 0.190082
-0.936609 -0.294333 0.190082
-0.936609 -0.294333 0.190082
-0.870560 -0.343336 0.352485
-0.870560 -0.343336 0.352485
-0.870560 -0.343336 0.352485
0.000000 -0.730147 0.683290
0.000000 -0.730147 0.683290
0.000000 -0.730147 0.683290
0.000000 -0.730147 0.683290
0.000000 -0.730147 0.683290
0.000000 -0.730147 0.683290
0.940654 -0.269879 0.205756
0.940654 -0.269879 0.205756
0.940654 -0.269879 0.205756
0.858814 -0.410760 0.306128
0.858814 -0.410760 0.306128
0.858814 -0.410760 0.306128
0.936610 0.017452 -0.349940
0.936610 0.017452 -0.349940
0.936610 0.017452 -0.349940
0.870561 0.133597 -0.473578
0.870561 0.133597 -0.473578
0.870561 0.133597 -0.473578
0.000000 0.226683 -0.973969
0.000000 0.226683 -0.973969
0.000000 0.226683 -0.973969
0.000000 0.226683 -0.973969
0.000000 0.226683 -0.973969
0.000000 0.226683 -0.973969
-0.940654 0.043253 -0.336599
-0.940654 0.043253 -0.336599
-0.940654 0.043253 -0.336599
-0.858815 0.059738 -0.508791
-0.858815 0.059738 -0.508790
-0.858815 0.059738 -0.508791
0.000072 -0.866015 -0.500018
0.000072 -0.866015 -0.500018
0.000072 -0.866015 -0.500018
0.000000 -0.865994 -0.500054
0.000000 -0.865994 -0.500054
0.000000 -0.865994 -0.500054
-0.000024 -0.866015 -0.500018
-0.000024 -0.866015 -0.500018
-0.000024 -0.866015 -0.500018
0.000000 -0.866036 -0.499982
0.000000 -0.866036 -0.499982
0.000000 -0.866036 -0.499982
0.000000 0.866032 0.499988
0.000000 0.866032 0.499988
0.000000 0.866032 0.499988
0.000000 0.866026 0.499999
0.000000 0.866026 0.499999
0.000000 0.866026 0.499999
0.000004 0.866029 0.499994
0.000004 0.866029 0.499994
0.000004 0.866029 0.499994
-0.000012 0.866029 0.499994
-0.000012 0.866029 0.499994
-0.000012 0.866029 0.499994
-0.864029 -0.190681 0.465935
-0.864029 -0.190681 0.465935
-0.864029 -0.190682 0.465935
-0.921591 -0.062823 0.383046
-0.921591 -0.062823 0.383046
-0.921591 -0.062823 0.383046
0.000000 -0.249795 0.968299
0.000000 -0.249795 0.968299
0.000000 -0.249795 0.968299
0.000000 -0.249795 0.968299
0.000000 -0.249795 0.968299
0.000000 -0.249795 0.968299
0.853351 -0.098732 0.511902
0.853351 -0.098732 0.511902
0.853351 -0.098732 0.511902
0.927906 -0.119730 0.353065
0.927906 -0.119730 0.353065
0.927906 -0.119730 0.353065
0.864033 0.308155 -0.398104
0.864033 0.308155 -0.398104
0.864034 0.308155 -0.398104
0.921591 0.300304 -0.245942
0.921591 0.300304 -0.245942
0.921591 0.300304 -0.245942
0.000000 0.713646 -0.700506
0.000000 0.713646 -0.700506
0.000000 0.713646 -0.700506
0.000000 0.713646 -0.700506
0.000000 0.713646 -0.700506
0.000000 0.713646 -0.700506
-0.853358 0.393934 -0.341461
-0.853358 0.393934 -0.341461
-0.853358 0.393934 -0.341461
-0.927906 0.245893 -0.280229
-0.927905 0.245893 -0.280229
-0.927906 0.245893 -0.280229
-0.921429 -0.061713 0.383614
-0.921429 -0.061713 0.383614
-0.921429 -0.061713 0.383614
-0.937242 -0.021169 0.348037
-0.937242 -0.021169 0.348037
-0.937242 -0.021169 0.348037
0.000000 -0.253861 0.967241
0.000000 -0.253861 0.967241
0.000000 -0.253861 0.967241
0.000000 -0.253861 0.967241
0.000000 -0.253861 0.967241
0.000000 -0.253861 0.967241
0.917203 -0.035477 0.396838
0.917203 -0.035477 0.396838
0.917203 -0.035477 0.396838
0.939325 -0.034190 0.341320
0.939325 -0.034190 0.341320
0.939325 -0.034190 0.341320
0.921427 0.301369 -0.245253
0.921427 0.301369 -0.245253
0.921427 0.301369 -0.245253
0.937240 0.290830 -0.192350
0.937240 0.290830 -0.192350
0.937240 0.290830 -0.192350
0.000000 0.710734 -0.703461
0.000000 0.710734 -0.703461
0.000000 0.710734 -0.703461
0.000000 0.710734 -0.703461
0.000000 0.710734 -0.703461
0.000000 0.710734 -0.703461
-0.917200 0.325940 -0.229144
-0.917200 0.325940 -0.229144
-0.917200 0.325940 -0.229144
-0.939324 0.278501 -0.200269
-0.939324 0.278501 -0.200269
-0.939324 0.278501 -0.200269
-0.866024 -0.250001 0.433015
-0.866024 -0.250001 0.433015
-0.866024 -0.250001 0.433015
-0.866023 -0.250002 0.433016
-0.866023 -0.250002 0.433016
-0.866023 -0.250002 0.433016
0.000000 -0.500000 0.866026
0.000000 -0.500000 0.866025
0.000000 -0.500000 0.866026
0.000000 -0.500000 0.866026
0.000000 -0.500000 0.866026
0.000000 -0.500000 0.866026
0.866024 -0.250001 0.433015
0.866024 -0.250001 0.433015
0.866024 -0.250001 0.433015
0.866023 -0.250002 0.433016
0.866023 -0.250002 0.433016
0.866023 -0.250002 0.433016
0.866026 0.249999 -0.433012
0.866026 0.249999 -0.433012
0.866026 0.249999 -0.433012
0.866027 0.249999 -0.433011
0.866027 0.249999 -0.433011
0.866027 0.249999 -0.433011
0.000000 0.500000 -0.866025
0.000000 0.500000 -0.866025
0.000000 0.500000 -0.866025
0.000000 0.500000 -0.866025
0.000000 0.500000 -0.866025
0.000000 0.500000 -0.866025
-0.866026 0.250000 -0.433012
-0.866026 0.250000 -0.433012
-0.866026 0.250000 -0.433012
-0.866027 0.249999 -0.433010
-0.866027 0.249999 -0.433010
-0.866027 0.249999 -0.433010
-0.876227 -0.276710 0.394536
-0.876227 -0.276710 0.394536
-0.876227 -0.276710 0.394536
-0.864972 -0.292395 0.407833
-0.864972 -0.292395 0.407833
-0.864972 -0.292395 0.407833
-0.875983 0.197970 -0.439843
-0.875983 0.197970 -0.439843
-0.875983 0.197970 -0.439843
-0.865266 0.213537 -0.453559
-0.865266 0.213537 -0.453559
-0.865266 0.213537 -0.453559
0.000000 0.450020 -0.893018
0.000000 0.450020 -0.893019
0.000000 0.450020 -0.893018
0.000000 0.450020 -0.893018
0.000000 0.450020 -0.893018
0.000000 0.450020 -0.893018
0.876226 0.203312 -0.436912
0.876226 0.203312 -0.436912
0.876226 0.203312 -0.436912
0.864971 0.206985 -0.457145
0.864971 0.206985 -0.457146
0.864971 0.206985 -0.457145
0.875984 -0.281922 0.391373
0.875984 -0.281922 0.391373
0.875984 -0.281922 0.391373
0.865267 -0.286016 0.411713
0.865267 -0.286016 0.411713
0.865267 -0.286016 0.411713
0.000000 -0.548347 0.836251
0.000000 -0.548347 0.836251
0.000000 -0.548347 0.836251
0.000000 -0.548347 0.836251
0.000000 -0.548347 0.836251
0.000000 -0.548347 0.836251
0.000000 -0.866027 -0.499998
0.000000 -0.866027 -0.499998
0.000000 -0.866027 -0.499998
0.000021 -0.866028 -0.499995
0.000021 -0.866028 -0.499995
0.000021 -0.866028 -0.499995
-0.000007 -0.866024 -0.500002
-0.000007 -0.866024 -0.500002
-0.000007 -0.866024 -0.500002
0.000000 -0.866033 -0.499987
0.000000 -0.866033 -0.499987
0.000000 -0.866033 -0.499987
0.000000 -0.866022 -0.500006
0.000000 -0.866022 -0.500006
0.000000 -0.866022 -0.500006
0.000000 -0.866022 -0.500006
0.000000 -0.866022 -0.500006
0.000000 -0.866022 -0.500006
0.000000 -0.866026 -0.499999
0.000000 -0.866026 -0.499999
0.000000 -0.866026 -0.499999
0.000019 -0.866028 -0.499996
0.000019 -0.866027 -0.499996
0.000019 -0.866028 -0.499996
-0.000008 -0.866024 -0.500002
-0.000008 -0.866024 -0.500002
-0.000008 -0.866024 -0.500002
0.000000 -0.866034 -0.499985
0.000000 -0.866034 -0.499985
0.000000 -0.866034 -0.499985
0.000000 -0.866022 -0.500006
0.000000 -0.866022 -0.500006
0.000000 -0.866022 -0.500006
0.000000 -0.866022 -0.500006
0.000000 -0.866022 -0.500006
0.000000 -0.866022 -0.500006
-0.866023 -0.250001 0.433016
-0.866023 -0.250001 0.433016
-0.866023 -0.250001 0.433016
-0.866032 -0.249993 0.433003
-0.866032 -0.249994 0.433003
-0.866032 -0.249993 0.433003
-0.866022 0.250003 -0.433017
-0.866022 0.250003 -0.433017
-0.866022 0.250003 -0.433017
-0.866024 0.250001 -0.433014
-0.866024 0.250001 -0.433014
-0.866024 0.250001 -0.433014
0.000000 0.499999 -0.866026
0.000000 0.499999 -0.866026
0.000000 0.499999 -0.866026
0.000000 0.499999 -0.866026
0.000000 0.499999 -0.866026
0.000000 0.499999 -0.866026
0.866022 0.250002 -0.433018
0.866022 0.250002 -0.433018
0.866022 0.250002 -0.433018
0.866024 0.250000 -0.433014
0.866024 0.250000 -0.433014
0.866024 0.250000 -0.433014
0.866023 -0.250001 0.433016
0.866023 -0.250001 0.433016
0.866023 -0.250001 0.433016
0.866032 -0.249994 0.433003
0.866032 -0.249994 0.433003
0.866032 -0.249994 0.433003
0.000000 -0.499999 0.866026
0.000000 -0.499999 0.866026
0.000000 -0.499999 0.866026
0.000000 -0.499999 0.866026
0.000000 -0.499999 0.866026
0.000000 -0.499999 0.866026
-0.945571 0.035423 -0.323483
-0.945571 0.035423 -0.323482
-0.945571 0.035423 -0.323482
-0.945570 0.035423 -0.323484
-0.945570 0.035423 -0.323484
-0.945570 0.035423 -0.323484
0.945571 -0.035423 0.323483
0.945571 -0.035423 0.323483
0.945571 -0.035423 0.323483
0.945570 -0.035424 0.323485
0.945570 -0.035424 0.323485
0.945570 -0.035424 0.323485
-0.104206 0.908752 0.404117
-0.104206 0.908752 0.404117
-0.104206 0.908752 0.404117
-0.104206 0.908752 0.404117
-0.104206 0.908752 0.404117
-0.104206 0.908752 0.404117
-0.308281 -0.415831 0.855598
-0.308281 -0.415831 0.855598
-0.308281 -0.415831 0.855598
-0.308281 -0.415831 0.855598
-0.308281 -0.415831 0.855598
-0.308281 -0.415831 0.855598
0.104206 -0.908753 -0.404115
0.104206 -0.908753 -0.404115
0.104206 -0.908753 -0.404115
0.104206 -0.908752 -0.404117
0.104206 -0.908752 -0.404117
0.104206 -0.908752 -0.404117
0.308281 0.415831 -0.855598
0.308281 0.415831 -0.855598
0.308281 0.415831 -0.855598
0.308281 0.415831 -0.855598
0.308281 0.415831 -0.855598
0.308281 0.415831 -0.855598
0.945570 0.035423 -0.323484
0.945570 0.035423 -0.323484
0.945570 0.035423 -0.323484
0.945571 0.035423 -0.323482
0.945571 0.035423 -0.323482
0.945571 0.035423 -0.323483
-0.945570 -0.035424 0.323484
-0.945570 -0.035424 0.323484
-0.945570 -0.035424 0.323484
-0.945571 -0.035423 0.323483
-0.945571 -0.035423 0.323483
-0.945571 -0.035423 0.323483
0.104206 0.908752 0.404117
0.104206 0.908752 0.404117
0.104206 0.908752 0.404117
0.104206 0.908752 0.404117
0.104206 0.908752 0.404117
0.104206 0.908752 0.404117
0.308281 -0.415830 0.855598
0.308281 -0.415830 0.855598
0.308281 -0.415830 0.855598
0.308281 -0.415831 0.855598
0.308281 -0.415831 0.855598
0.308281 -0.415831 0.855598
-0.104205 -0.908754 -0.404114
-0.104205 -0.908754 -0.404114
-0.104205 -0.908754 -0.404114
-0.104205 -0.908753 -0.404115
-0.104205 -0.908753 -0.404115
-0.104205 -0.908753 -0.404115
-0.308281 0.415831 -0.855598
-0.308281 0.415831 -0.855598
-0.308281 0.415831 -0.855598
-0.308281 0.415831 -0.855598
-0.308281 0.415831 -0.855598
-0.308281 0.415831 -0.855598
0.000000 0.000000 1.000000
0.000000 0.000000 1.000000
0.000000 0.000000 1.000000
0.000000 0.000000 1.000000
0.000000 0.000000 1.000000
0.000000 0.000000 1.000000
0.000000 -0.010588 0.999944
0.000000 -0.010588 0.999944
0.000000 -0.010588 0.999944
0.000081 -0.010592 0.999944
0.000081 -0.010592 0.999944
0.000081 -0.010592 0.999944
0.000011 -0.000000 1.000000
0.000011 -0.000000 1.000000
0.000011 -0.000000 1.000000
0.000000 0.000000 1.000000
0.000000 0.000000 1.000000
0.000000 0.000000 1.000000
0.000000 -0.010594 0.999944
0.000000 -0.010594 0.999944
0.000000 -0.010594 0.999944
-0.000087 -0.010590 0.999944
-0.000087 -0.010590 0.999944
-0.000087 -0.010590 0.999944
0.000000 -0.516601 -0.856226
0.000000 -0.516601 -0.856226
0.000000 -0.516601 -0.856226
0.000000 -0.516601 -0.856226
0.000000 -0.516601 -0.856226
0.000000 -0.516601 -0.856226
0.999269 -0.019750 -0.032733
0.999269 -0.019750 -0.032733
0.999269 -0.019750 -0.032733
0.999269 -0.019750 -0.032734
0.999269 -0.019750 -0.032734
0.999269 -0.019750 -0.032734
-0.003610 0.516598 0.856220
-0.003610 0.516598 0.856220
-0.003610 0.516598 0.856220
-0.003610 0.516598 0.856220
-0.003610 0.516598 0.856220
-0.003610 0.516598 0.856220
-0.999268 -0.019760 -0.032751
-0.999268 -0.019760 -0.032751
-0.999268 -0.019760 -0.032751
-0.999268 -0.019761 -0.032753
-0.999268 -0.019761 -0.032753
-0.999268 -0.019761 -0.032753
0.000000 -0.513994 -0.857794
0.000000 -0.513994 -0.857794
0.000000 -0.513994 -0.857794
0.000000 -0.513994 -0.857794
0.000000 -0.513994 -0.857794
0.000000 -0.513994 -0.857794
0.998943 -0.023609 -0.039433
0.998943 -0.023609 -0.039433
0.998943 -0.023609 -0.039433
0.998943 -0.023609 -0.039433
0.998943 -0.023609 -0.039433
0.998943 -0.023609 -0.039433
-0.003929 0.513990 0.857787
-0.003929 0.513990 0.857787
-0.003929 0.513990 0.857787
-0.003929 0.513990 0.857787
-0.003929 0.513990 0.857787
-0.003929 0.513990 0.857787
-0.998945 -0.023623 -0.039393
-0.998944 -0.023623 -0.039393
-0.998945 -0.023623 -0.039393
-0.998945 -0.023623 -0.039390
-0.998945 -0.023623 -0.039390
-0.998945 -0.023623 -0.039390
0.000000 -0.516601 -0.856226
0.000000 -0.516601 -0.856226
0.000000 -0.516601 -0.856226
-0.000009 -0.516602 -0.856226
-0.000009 -0.516602 -0.856226
-0.000009 -0.516602 -0.856226
0.999268 -0.019761 -0.032753
0.999268 -0.019761 -0.032753
0.999268 -0.019761 -0.032753
0.999268 -0.019761 -0.032754
0.999268 -0.019761 -0.032754
0.999268 -0.019761 -0.032754
0.003607 0.516598 0.856221
0.003607 0.516598 0.856221
0.003607 0.516598 0.856221
0.003607 0.516598 0.856221
0.003607 0.516598 0.856221
0.003607 0.516598 0.856221
-0.999269 -0.019750 -0.032733
-0.999269 -0.019750 -0.032733
-0.999269 -0.019750 -0.032733
-0.999269 -0.019749 -0.032731
-0.999269 -0.019749 -0.032731
-0.999269 -0.019749 -0.032731
-0.000007 -0.513994 -0.857794
-0.000007 -0.513994 -0.857794
-0.000007 -0.513994 -0.857794
0.000000 -0.513994 -0.857794
0.000000 -0.513994 -0.857794
0.000000 -0.513994 -0.857794
0.998945 -0.023625 -0.039390
0.998945 -0.023625 -0.039390
0.998945 -0.023625 -0.039390
0.998945 -0.023626 -0.039389
0.998945 -0.023626 -0.039389
0.998945 -0.023626 -0.039389
0.003935 0.513990 0.857787
0.003935 0.513990 0.857787
0.003935 0.513990 0.857787
0.003930 0.513990 0.857787
0.003930 0.513990 0.857787
0.003930 0.513990 0.857787
-0.998943 -0.023608 -0.039439
-0.998943 -0.023608 -0.039439
-0.998943 -0.023608 -0.039439
-0.998943 -0.023607 -0.039434
-0.998943 -0.023607 -0.039434
-0.998943 -0.023607 -0.039434
-0.998204 -0.034009 -0.049323
-0.998204 -0.034009 -0.049323
-0.998204 -0.034009 -0.049323
0.999760 -0.019760 -0.009455
0.999760 -0.019760 -0.009455
0.999760 -0.019760 -0.009455
-0.997287 -0.042529 -0.060081
-0.997287 -0.042529 -0.060081
-0.997287 -0.042529 -0.060081
0.999705 -0.024004 -0.003831
0.999705 -0.024004 -0.003831
0.999705 -0.024004 -0.003831
0.999532 -0.027585 -0.013200
0.999532 -0.027585 -0.013200
0.999532 -0.027585 -0.013200
0.999708 -0.024156 0.000000
0.999708 -0.024156 0.000000
0.999708 -0.024156 0.000000
0.995431 -0.019685 0.093432
0.995431 -0.019685 0.093432
0.995431 -0.019685 0.093432
-1.000000 0.000000 0.000001
-1.000000 0.000000 0.000001
-1.000000 0.000000 0.000001
-0.999594 -0.027565 -0.007184
-0.999594 -0.027565 -0.007184
-0.999594 -0.027565 -0.007184
-0.999338 -0.034015 0.012889
-0.999338 -0.034015 0.012889
-0.999338 -0.034015 0.012889
0.999499 -0.031255 -0.004989
0.999499 -0.031255 -0.004989
0.999499 -0.031255 -0.004989
0.999553 -0.029885 0.000000
0.999553 -0.029885 0.000000
0.999553 -0.029885 0.000000
0.992915 -0.025128 0.116138
0.992915 -0.025128 0.116138
0.992915 -0.025128 0.116138
-1.000000 0.000000 0.000000
-1.000000 0.000000 0.000000
-1.000000 0.000000 0.000000
-0.999480 -0.031229 -0.008021
-0.999480 -0.031229 -0.008021
-0.999480 -0.031229 -0.008021
-0.998500 -0.044313 0.032161
-0.998500 -0.044313 0.032161
-0.998500 -0.044313 0.032161
0.837611 0.511528 0.191693
0.837612 0.511528 0.191693
0.837612 0.511528 0.191693
0.294792 0.744911 0.598502
0.294792 0.744911 0.598502
0.294792 0.744911 0.598502
0.980064 0.103200 0.169779
0.980064 0.103200 0.169779
0.980064 0.103200 0.169779
0.977274 0.119376 0.175171
0.977274 0.119376 0.175171
0.977274 0.119376 0.175171
0.981743 0.099619 0.162041
0.981743 0.099619 0.162041
0.981743 0.099619 0.162041
0.983339 0.094206 0.155468
0.983339 0.094206 0.155468
0.983339 0.094206 0.155468
0.951619 0.258367 0.166334
0.951619 0.258367 0.166334
0.951619 0.258367 0.166334
0.948807 0.228735 0.217822
0.948807 0.228735 0.217822
0.948807 0.228735 0.217822
0.151013 0.790675 0.593320
0.151013 0.790675 0.593320
0.151013 0.790675 0.593320
0.176312 0.761327 0.623935
0.176312 0.761327 0.623935
0.176312 0.761327 0.623935
-0.176312 0.761327 0.623935
-0.176312 0.761327 0.623935
-0.176312 0.761327 0.623935
-0.151013 0.790675 0.593320
-0.151013 0.790675 0.593320
-0.151013 0.790675 0.593320
-0.298866 0.736529 0.606798
-0.298866 0.736529 0.606798
-0.298866 0.736529 0.606798
-0.294790 0.744910 0.598504
-0.294790 0.744910 0.598504
-0.294790 0.744910 0.598504
-0.289424 0.744838 0.601207
-0.289424 0.744838 0.601207
-0.289424 0.744838 0.601207
-0.953680 0.206250 0.218989
-0.953680 0.206250 0.218989
-0.953680 0.206250 0.218989
-0.954349 0.243893 0.172438
-0.954349 0.243893 0.172438
-0.954349 0.243893 0.172438
-0.837610 0.511529 0.191696
-0.837610 0.511529 0.191696
-0.837610 0.511529 0.191696
-0.979418 0.093829 0.178709
-0.979418 0.093829 0.178709
-0.979418 0.093829 0.178709
-0.983152 0.079742 0.164481
-0.983152 0.079742 0.164481
-0.983152 0.079742 0.164481
-0.985911 0.088459 0.141964
-0.985911 0.088459 0.141964
-0.985911 0.088459 0.141964
-0.982435 0.099008 0.158171
-0.982435 0.099008 0.158171
-0.982435 0.099008 0.158171
-0.932677 0.113928 0.342249
-0.932677 0.113928 0.342249
-0.932677 0.113928 0.342249
0.484106 0.355112 0.799711
0.484105 0.355111 0.799711
0.484105 0.355112 0.799711
0.412500 0.355960 0.838532
0.412500 0.355960 0.838532
0.412500 0.355960 0.838532
0.514099 0.120260 0.849258
0.514099 0.120260 0.849258
0.514099 0.120260 0.849258
-0.294790 0.744911 0.598503
-0.294790 0.744911 0.598503
-0.294790 0.744911 0.598503
-0.514098 0.120260 0.849259
-0.514097 0.120260 0.849259
-0.514097 0.120260 0.849259
-0.484104 0.355112 0.799712
-0.484104 0.355112 0.799712
-0.484104 0.355112 0.799712
-0.412500 0.355960 0.838532
-0.412500 0.355960 0.838532
-0.412500 0.355960 0.838532
-0.002603 0.799845 0.600201
-0.002603 0.799845 0.600201
-0.002603 0.799845 0.600202
0.145857 0.763680 0.628903
0.145857 0.763680 0.628903
0.145857 0.763680 0.628903
0.298865 0.736530 0.606798
0.298865 0.736530 0.606798
0.298865 0.736530 0.606798
0.289425 0.744838 0.601207
0.289425 0.744838 0.601207
0.289425 0.744838 0.601207
0.294791 0.744910 0.598504
0.294791 0.744910 0.598504
0.294791 0.744910 0.598504
0.002603 0.799845 0.600202
0.002603 0.799845 0.600201
0.002603 0.799845 0.600202
-0.145857 0.763680 0.628903
-0.145857 0.763680 0.628903
-0.145857 0.763680 0.628903
-0.982906 0.094163 0.158209
-0.982906 0.094163 0.158209
-0.982906 0.094163 0.158209
-0.979108 0.111157 0.170271
-0.979108 0.111157 0.170271
-0.979108 0.111157 0.170271
-0.932674 0.113927 0.342257
-0.932674 0.113927 0.342257
-0.932674 0.113927 0.342257
</float_array>
          <technique_common>
            <accessor source="#hull-Normal0-array" count="4518" stride="3">
              <param name="X" type="float"/>
              <param name="Y" type="float"/>
              <param name="Z" type="float"/>
            </accessor>
          </technique_common>
        </source>
        <source id="hull-UV0">
          <float_array id="hull-UV0-array" count="3936">
0.062342 0.212583
0.040888 0.211594
0.040828 0.220872
0.062017 0.224923
0.080109 0.217705
0.080169 0.186097
0.062666 0.188492
0.107487 0.219870
0.107487 0.181843
0.165748 0.220248
0.165748 0.177532
0.362386 0.219027
0.362386 0.174764
0.566152 0.219557
0.566152 0.175694
0.667845 0.225131
0.667845 0.185109
0.731056 0.233840
0.731056 0.199842
0.815381 0.243747
0.731056 0.267837
0.815381 0.270405
0.902387 0.252549
0.902387 0.235448
0.815381 0.217088
0.979927 0.256760
0.979111 0.248142
0.018273 0.207142
0.016804 0.211855
0.040949 0.196478
0.062805 0.178875
0.040969 0.190411
0.040807 0.226940
0.061878 0.234541
0.062017 0.224923
0.040828 0.220872
0.063150 0.237964
0.072832 0.237964
0.080190 0.173482
0.080034 0.258635
0.080028 0.260082
0.107487 0.265857
0.107487 0.258635
0.107487 0.166664
0.165748 0.272318
0.165748 0.262964
0.115983 0.258635
0.165748 0.160457
0.362386 0.275896
0.362386 0.263290
0.362386 0.157102
0.566152 0.275896
0.566152 0.263419
0.566152 0.158160
0.667845 0.276077
0.667845 0.265152
0.667789 0.169450
0.731056 0.276347
0.731056 0.267837
0.731146 0.185761
0.815265 0.207097
0.815381 0.276012
0.815381 0.270405
0.902387 0.273113
0.902387 0.269649
0.902387 0.228641
0.979111 0.268135
0.979111 0.265379
0.979111 0.245386
0.018273 0.213271
0.072832 0.237964
0.080062 0.241889
0.107487 0.241889
0.124034 0.241889
0.124034 0.258635
0.115983 0.258635
0.165748 0.262964
0.124034 0.247874
0.362386 0.263290
0.566152 0.263419
0.667845 0.265152
0.902387 0.269649
0.979111 0.265379
0.018273 0.213271
0.018273 0.213271
0.040876 0.227577
0.063370 0.177733
0.040957 0.189695
0.079347 0.172900
0.062241 0.234812
0.063170 0.237964
0.105982 0.165565
0.079552 0.260745
0.105645 0.270774
0.165444 0.158993
0.165356 0.277997
0.362367 0.280844
0.362371 0.155595
0.566474 0.155980
0.566566 0.280828
0.667876 0.167810
0.667986 0.280748
0.815263 0.205769
0.731060 0.184210
0.730960 0.280742
0.815374 0.280544
0.903257 0.228741
0.903257 0.277104
0.979111 0.245386
0.979111 0.268135
0.018273 0.207142
0.018273 0.207142
0.018273 0.207142
0.016804 0.211855
0.016804 0.211855
0.018273 0.213271
0.016804 0.211855
0.016804 0.211855
0.018273 0.213271
0.979927 0.256760
0.979111 0.265379
0.979111 0.268135
0.979111 0.268135
0.983840 0.256760
0.979927 0.256760
0.979111 0.248142
0.979111 0.245386
0.979111 0.268135
0.979111 0.268135
0.983840 0.256760
0.983840 0.256760
0.983840 0.256760
0.979111 0.245386
0.941641 0.071505
0.941965 0.087281
0.963155 0.083231
0.963094 0.070516
0.941316 0.047415
0.923813 0.045019
0.923874 0.076627
0.896496 0.040765
0.896496 0.078792
0.838235 0.036454
0.838235 0.079170
0.641596 0.033687
0.641596 0.077950
0.437830 0.034617
0.437830 0.078479
0.336137 0.044031
0.336137 0.084053
0.272926 0.058764
0.272926 0.092762
0.188601 0.102669
0.188601 0.129328
0.272926 0.126760
0.188601 0.076011
0.101594 0.094371
0.101594 0.111471
0.024871 0.107065
0.024056 0.115683
0.985709 0.066064
0.963033 0.055401
0.987179 0.070778
0.963013 0.049332
0.941178 0.037796
0.963174 0.089299
0.963155 0.083231
0.941965 0.087281
0.942104 0.096899
0.931150 0.100810
0.940832 0.100810
0.923793 0.032403
0.896496 0.125226
0.923954 0.119650
0.923949 0.117558
0.896496 0.117558
0.896496 0.025586
0.838235 0.121886
0.838235 0.131675
0.887999 0.117558
0.838235 0.019379
0.641596 0.122213
0.641596 0.132590
0.641596 0.016024
0.437830 0.122341
0.437830 0.132590
0.437830 0.017081
0.336137 0.124074
0.336137 0.132770
0.336193 0.028372
0.272926 0.126760
0.272926 0.133041
0.272836 0.044683
0.188719 0.066019
0.188601 0.129328
0.188601 0.132706
0.101594 0.128571
0.101594 0.129806
0.101594 0.087564
0.024871 0.124301
0.024871 0.127057
0.024871 0.104309
0.985709 0.073090
0.923920 0.100810
0.931150 0.100810
0.912300 0.154484
0.931751 0.154484
0.932351 0.186002
0.911771 0.169103
0.838235 0.121886
0.641596 0.122213
0.437830 0.122341
0.336137 0.124074
0.101594 0.128571
0.024871 0.124301
0.985709 0.073090
0.963107 0.089935
0.985709 0.073090
0.963026 0.048616
0.940612 0.036655
0.924636 0.031822
0.940812 0.100810
0.941742 0.097171
0.898000 0.024487
0.898337 0.132371
0.924746 0.121021
0.838539 0.017915
0.838626 0.139583
0.641616 0.139766
0.641611 0.014517
0.437509 0.014902
0.437418 0.139750
0.336105 0.026732
0.335996 0.139670
0.272922 0.043134
0.188720 0.064691
0.273022 0.139663
0.188607 0.139466
0.100725 0.087663
0.100725 0.136027
0.024871 0.104309
0.024871 0.127057
0.985709 0.066064
0.985709 0.066064
0.987179 0.070778
0.987179 0.070778
0.985709 0.066064
0.985709 0.073090
0.985709 0.073090
0.987179 0.070778
0.987179 0.070778
0.024056 0.115683
0.020142 0.115683
0.024871 0.127057
0.024871 0.127057
0.024871 0.124301
0.024056 0.115683
0.024871 0.107065
0.024871 0.104309
0.024871 0.127057
0.020142 0.115683
0.020142 0.115683
0.024871 0.127057
0.024871 0.104309
0.020142 0.115683
0.663301 0.694108
0.714239 0.722948
0.703178 0.629407
0.672385 0.607594
0.281477 0.669491
0.286050 0.617224
0.311356 0.630417
0.308048 0.668218
0.549936 0.297433
0.549936 0.294529
0.579735 0.295002
0.579735 0.297433
0.599194 0.360431
0.616965 0.360426
0.616962 0.362698
0.599191 0.362703
0.802871 0.334581
0.802880 0.334797
0.579735 0.329729
0.579735 0.329202
0.708804 0.355619
0.768117 0.355619
0.754437 0.362183
0.754437 0.362183
0.708804 0.366726
0.708804 0.355619
0.282419 0.472600
0.286181 0.436759
0.500622 0.731628
0.499252 0.747288
0.802868 0.290547
0.802884 0.289549
0.549936 0.329202
0.579735 0.329202
0.579735 0.329729
0.549936 0.329729
0.677434 0.559506
0.718235 0.575071
0.661286 0.713302
0.711645 0.747647
0.306210 0.689230
0.279428 0.692909
0.312089 0.622030
0.286994 0.606432
0.579527 0.361555
0.579526 0.361771
0.622301 0.362182
0.622302 0.361184
0.696557 0.357467
0.696557 0.360369
0.533764 0.299058
0.545295 0.339313
0.533764 0.325633
0.533764 0.325633
0.533764 0.299058
0.533764 0.299058
0.290366 0.397102
0.281303 0.483368
0.501044 0.726925
0.497749 0.764620
0.233121 0.705145
0.233121 0.661206
0.201252 0.661206
0.201252 0.705145
0.264991 0.705145
0.264991 0.661206
0.233121 0.661206
0.233121 0.705145
0.041904 0.705145
0.041904 0.661206
0.010035 0.661206
0.010035 0.705145
0.073774 0.705145
0.073774 0.661206
0.041904 0.661206
0.041904 0.705145
0.105644 0.705145
0.105644 0.661206
0.073774 0.661206
0.073774 0.705145
0.137513 0.705145
0.137513 0.661206
0.105644 0.661206
0.105644 0.705145
0.169383 0.705145
0.169383 0.661206
0.137513 0.661206
0.137513 0.705145
0.201252 0.705145
0.201252 0.661206
0.169383 0.661206
0.169383 0.705145
0.058642 0.928377
0.081734 0.937943
0.091299 0.961034
0.081734 0.984124
0.058642 0.993691
0.035550 0.984124
0.025986 0.961034
0.035550 0.937943
0.134203 0.992690
0.109825 0.991626
0.093341 0.973635
0.094405 0.949259
0.112395 0.932772
0.136772 0.933837
0.153257 0.951828
0.152193 0.976205
0.201252 0.617268
0.233121 0.617268
0.233121 0.606551
0.201252 0.606551
0.233121 0.617268
0.264991 0.617268
0.264991 0.606551
0.233121 0.606551
0.010035 0.617268
0.041904 0.617268
0.041904 0.606551
0.010035 0.606551
0.041904 0.617268
0.073774 0.617268
0.073774 0.606551
0.041904 0.606551
0.073774 0.617268
0.105644 0.617268
0.105644 0.606551
0.073774 0.606551
0.105644 0.617268
0.137513 0.617268
0.137513 0.606551
0.105644 0.606551
0.137513 0.617268
0.169383 0.617268
0.169383 0.606551
0.137513 0.606551
0.169383 0.617268
0.201252 0.617268
0.201252 0.606551
0.169383 0.606551
0.201252 0.606551
0.233121 0.606551
0.233121 0.606551
0.201252 0.606551
0.264991 0.606551
0.264991 0.606551
0.010035 0.606551
0.041904 0.606551
0.041904 0.606551
0.010035 0.606551
0.073774 0.606551
0.073774 0.606551
0.105644 0.606551
0.105644 0.606551
0.137513 0.606551
0.137513 0.606551
0.169383 0.606551
0.169383 0.606551
0.201252 0.606551
0.233121 0.606551
0.233121 0.617268
0.201252 0.617268
0.233121 0.606551
0.264991 0.606551
0.264991 0.617268
0.233121 0.617268
0.010035 0.606551
0.041904 0.606551
0.041904 0.617268
0.010035 0.617268
0.041904 0.606551
0.073774 0.606551
0.073774 0.617268
0.041904 0.617268
0.073774 0.606551
0.105644 0.606551
0.105644 0.617268
0.073774 0.617268
0.105644 0.606551
0.137513 0.606551
0.137513 0.617268
0.105644 0.617268
0.137513 0.606551
0.169383 0.606551
0.169383 0.617268
0.137513 0.617268
0.169383 0.606551
0.201252 0.606551
0.201252 0.617268
0.169383 0.617268
0.233121 0.705145
0.201252 0.705145
0.201252 0.705145
0.233121 0.705145
0.169383 0.705145
0.169383 0.705145
0.137513 0.705145
0.137513 0.705145
0.105644 0.705145
0.105644 0.705145
0.073774 0.705145
0.073774 0.705145
0.041904 0.705145
0.041904 0.705145
0.010035 0.705145
0.010035 0.705145
0.264991 0.705145
0.264991 0.705145
0.233121 0.705145
0.201252 0.705145
0.201252 0.722291
0.233121 0.722291
0.201252 0.705145
0.169383 0.705145
0.169383 0.722291
0.201252 0.722291
0.169383 0.705145
0.137513 0.705145
0.137513 0.722293
0.169383 0.722291
0.137513 0.705145
0.105644 0.705145
0.105644 0.722293
0.137513 0.722293
0.105644 0.705145
0.073774 0.705145
0.073774 0.722293
0.105644 0.722293
0.073774 0.705145
0.041904 0.705145
0.041904 0.722293
0.073774 0.722293
0.041904 0.705145
0.010035 0.705145
0.010035 0.722293
0.041904 0.722293
0.264991 0.705145
0.233121 0.705145
0.233121 0.722291
0.264991 0.722293
0.233121 0.722291
0.201252 0.722291
0.201252 0.722291
0.233121 0.722293
0.169383 0.722291
0.169383 0.722293
0.137513 0.722293
0.137513 0.722293
0.105644 0.722293
0.105644 0.722293
0.073774 0.722293
0.073774 0.722293
0.041904 0.722293
0.041904 0.722293
0.010035 0.722293
0.010035 0.722293
0.264991 0.722293
0.264991 0.722293
0.203696 0.728547
0.203696 0.742479
0.235565 0.742479
0.235565 0.728547
0.171827 0.728547
0.171827 0.742479
0.203696 0.742479
0.203696 0.728547
0.139958 0.728547
0.139958 0.742479
0.171827 0.742479
0.171827 0.728547
0.108088 0.728547
0.108088 0.742479
0.139958 0.742479
0.139958 0.728547
0.076219 0.728547
0.076219 0.742479
0.108088 0.742479
0.108088 0.728547
0.044349 0.728547
0.044349 0.742479
0.076219 0.742479
0.076219 0.728547
0.012479 0.728547
0.012479 0.742479
0.044349 0.742479
0.044349 0.728547
0.235565 0.728547
0.235565 0.742479
0.267435 0.742479
0.267435 0.728547
0.203696 0.756411
0.235565 0.756411
0.171828 0.756411
0.203696 0.756411
0.139958 0.756411
0.171828 0.756411
0.108088 0.756411
0.139958 0.756411
0.076219 0.756411
0.108088 0.756411
0.044349 0.756411
0.076219 0.756411
0.012479 0.756411
0.044349 0.756411
0.235565 0.756411
0.267435 0.756411
0.600390 0.929553
0.684949 0.932693
0.684949 0.935374
0.600455 0.938515
0.596094 0.960626
0.557424 0.958851
0.557452 0.953439
0.596158 0.951664
0.718476 0.834783
0.709514 0.834783
0.709514 0.817837
0.718476 0.817837
0.484679 0.840758
0.569174 0.840758
0.581185 0.861417
0.529891 0.861417
0.484679 0.857704
0.626082 0.871831
0.626082 0.869150
0.646740 0.869150
0.646740 0.871831
0.484679 0.797973
0.484679 0.781027
0.491220 0.777315
0.569239 0.797973
0.529927 0.777315
0.596158 0.951664
0.602701 0.951664
0.602636 0.960626
0.596094 0.960626
0.231875 0.863238
0.231875 0.819299
0.200006 0.819299
0.200006 0.863238
0.263744 0.863238
0.263744 0.819299
0.231875 0.819299
0.231875 0.863238
0.040659 0.863238
0.040659 0.819299
0.008789 0.819299
0.008789 0.863238
0.072528 0.863238
0.072528 0.819299
0.040659 0.819299
0.040659 0.863238
0.104397 0.863238
0.104397 0.819299
0.072528 0.819299
0.072528 0.863238
0.136267 0.863238
0.136267 0.819299
0.104397 0.819299
0.104397 0.863238
0.168136 0.863238
0.168136 0.819299
0.136267 0.819299
0.136267 0.863238
0.200006 0.863238
0.200006 0.819299
0.168136 0.819299
0.168136 0.863238
0.058642 0.928377
0.081734 0.937943
0.091299 0.961034
0.081734 0.984124
0.058642 0.993691
0.035550 0.984124
0.025986 0.961034
0.035550 0.937943
0.134203 0.992690
0.109825 0.991626
0.093341 0.973635
0.094405 0.949259
0.112395 0.932772
0.136772 0.933837
0.153257 0.951828
0.152193 0.976205
0.200006 0.775361
0.231875 0.775361
0.231875 0.764643
0.200006 0.764643
0.231875 0.775361
0.263744 0.775361
0.263744 0.764643
0.231875 0.764643
0.008789 0.775361
0.040659 0.775361
0.040659 0.764643
0.008789 0.764643
0.040659 0.775361
0.072528 0.775361
0.072528 0.764643
0.040659 0.764643
0.072528 0.775361
0.104397 0.775361
0.104397 0.764643
0.072528 0.764643
0.104397 0.775361
0.136267 0.775361
0.136267 0.764643
0.104397 0.764643
0.136267 0.775361
0.168136 0.775361
0.168136 0.764643
0.136267 0.764643
0.168136 0.775361
0.200006 0.775361
0.200006 0.764643
0.168136 0.764643
0.200006 0.764643
0.231875 0.764643
0.231875 0.764643
0.200006 0.764643
0.263744 0.764643
0.263744 0.764643
0.008789 0.764643
0.040659 0.764643
0.040659 0.764643
0.008789 0.764643
0.072528 0.764643
0.072528 0.764643
0.104397 0.764643
0.104397 0.764643
0.136267 0.764643
0.136267 0.764643
0.168136 0.764643
0.168136 0.764643
0.200006 0.764643
0.231875 0.764643
0.231875 0.775361
0.200006 0.775361
0.231875 0.764643
0.263744 0.764643
0.263744 0.775361
0.231875 0.775361
0.008789 0.764643
0.040659 0.764643
0.040659 0.775361
0.008789 0.775361
0.040659 0.764643
0.072528 0.764643
0.072528 0.775361
0.040659 0.775361
0.072528 0.764643
0.104397 0.764643
0.104397 0.775361
0.072528 0.775361
0.104397 0.764643
0.136267 0.764643
0.136267 0.775361
0.104397 0.775361
0.136267 0.764643
0.168136 0.764643
0.168136 0.775361
0.136267 0.775361
0.168136 0.764643
0.200006 0.764643
0.200006 0.775361
0.168136 0.775361
0.231875 0.863238
0.200006 0.863238
0.200006 0.863238
0.231875 0.863238
0.168136 0.863238
0.168136 0.863238
0.136267 0.863238
0.136267 0.863238
0.104397 0.863238
0.104397 0.863238
0.072528 0.863238
0.072528 0.863238
0.040659 0.863238
0.040659 0.863238
0.008789 0.863238
0.008789 0.863238
0.263744 0.863238
0.263744 0.863238
0.231875 0.863238
0.200006 0.863238
0.200006 0.880384
0.231875 0.880384
0.200006 0.863238
0.168136 0.863238
0.168136 0.880384
0.200006 0.880384
0.168136 0.863238
0.136267 0.863238
0.136267 0.880384
0.168136 0.880384
0.136267 0.863238
0.104397 0.863238
0.104397 0.880384
0.136267 0.880384
0.104397 0.863238
0.072528 0.863238
0.072528 0.880384
0.104397 0.880384
0.072528 0.863238
0.040659 0.863238
0.040659 0.880384
0.072528 0.880384
0.040659 0.863238
0.008789 0.863238
0.008789 0.880384
0.040659 0.880384
0.263744 0.863238
0.231875 0.863238
0.231875 0.880384
0.263744 0.880384
0.231875 0.880384
0.200006 0.880384
0.200006 0.880384
0.231875 0.880384
0.168136 0.880384
0.168136 0.880384
0.136267 0.880384
0.136267 0.880384
0.104397 0.880384
0.104397 0.880384
0.072528 0.880384
0.072528 0.880384
0.040659 0.880384
0.040658 0.880384
0.008789 0.880384
0.008789 0.880384
0.263744 0.880384
0.263744 0.880384
0.200006 0.884971
0.200006 0.898903
0.231875 0.898903
0.231875 0.884971
0.168136 0.884971
0.168136 0.898903
0.200006 0.898903
0.200006 0.884971
0.136267 0.884971
0.136267 0.898903
0.168136 0.898903
0.168136 0.884971
0.104397 0.884971
0.104397 0.898903
0.136267 0.898903
0.136267 0.884971
0.072528 0.884971
0.072528 0.898903
0.104397 0.898903
0.104397 0.884971
0.040658 0.884971
0.040659 0.898903
0.072528 0.898903
0.072528 0.884971
0.008789 0.884971
0.008789 0.898903
0.040659 0.898903
0.040658 0.884971
0.231875 0.884971
0.231875 0.898903
0.263744 0.898903
0.263744 0.884971
0.200006 0.912836
0.231875 0.912836
0.168136 0.912836
0.200006 0.912836
0.136267 0.912836
0.168136 0.912836
0.104397 0.912836
0.136267 0.912836
0.072528 0.912836
0.104397 0.912836
0.040658 0.912836
0.072528 0.912836
0.008789 0.912836
0.040658 0.912836
0.231875 0.912836
0.263744 0.912836
0.484679 0.981063
0.569239 0.984620
0.569239 0.986466
0.484744 0.990023
0.588110 0.975325
0.554034 0.973314
0.554062 0.968373
0.588175 0.966363
0.718347 0.858637
0.709386 0.858637
0.709386 0.841487
0.718347 0.841487
0.608373 0.840758
0.692869 0.840758
0.696750 0.860763
0.648992 0.861180
0.608373 0.857908
0.626823 0.797735
0.626823 0.795890
0.646828 0.795890
0.646828 0.797735
0.608438 0.834783
0.608438 0.817634
0.614979 0.813821
0.692997 0.834783
0.649093 0.814361
0.588175 0.966363
0.594717 0.966363
0.594652 0.975325
0.588110 0.975325
0.669170 0.522259
0.660838 0.442901
0.692826 0.458518
0.720699 0.541550
0.280163 0.570359
0.308560 0.573976
0.319128 0.534533
0.294776 0.515823
0.802884 0.317260
0.773085 0.317260
0.773085 0.314830
0.802884 0.314357
0.553432 0.362698
0.553429 0.360426
0.571200 0.360431
0.571203 0.362703
0.549945 0.352118
0.773081 0.346740
0.773081 0.347266
0.549936 0.352334
0.642234 0.371604
0.642234 0.360497
0.687867 0.365040
0.687867 0.365040
0.701547 0.371604
0.642234 0.371604
0.282756 0.372710
0.279305 0.339835
0.500793 0.677160
0.496414 0.693500
0.549952 0.310374
0.549936 0.309375
0.802880 0.346740
0.802880 0.347266
0.773081 0.347266
0.773081 0.346740
0.656206 0.398790
0.703147 0.409946
0.723078 0.564207
0.671019 0.539864
0.273615 0.594793
0.302685 0.595900
0.321473 0.525782
0.297793 0.504562
0.533765 0.361574
0.533764 0.361358
0.576539 0.360948
0.576540 0.361946
0.629987 0.369757
0.629987 0.366854
0.805201 0.359356
0.805201 0.359356
0.781116 0.370586
0.781116 0.370586
0.763845 0.365918
0.805201 0.359356
0.275504 0.303454
0.283806 0.382586
0.502119 0.672255
0.491583 0.711586
0.043627 0.389507
0.075496 0.389507
0.075496 0.345568
0.043627 0.345568
0.011757 0.389507
0.043627 0.389507
0.043627 0.345568
0.011757 0.345568
0.234843 0.389507
0.266713 0.389507
0.266713 0.345568
0.234843 0.345568
0.202974 0.389507
0.234843 0.389507
0.234843 0.345568
0.202974 0.345568
0.171105 0.389507
0.202974 0.389507
0.202974 0.345568
0.171105 0.345568
0.139235 0.389507
0.171105 0.389507
0.171105 0.345568
0.139235 0.345568
0.107366 0.389507
0.139235 0.389507
0.139235 0.345568
0.107366 0.345568
0.075496 0.389507
0.107366 0.389507
0.107366 0.345568
0.075496 0.345568
0.058642 0.928377
0.081734 0.937943
0.091299 0.961034
0.081734 0.984124
0.058642 0.993691
0.035550 0.984124
0.025986 0.961034
0.035550 0.937943
0.158651 0.952276
0.152654 0.966752
0.158651 0.981228
0.173127 0.987225
0.187603 0.981228
0.193599 0.966752
0.187603 0.952276
0.173127 0.946280
0.075496 0.301630
0.075496 0.290913
0.043627 0.290913
0.043627 0.301630
0.043627 0.301630
0.043627 0.290913
0.011757 0.290913
0.011757 0.301630
0.266713 0.301630
0.266713 0.290913
0.234843 0.290913
0.234843 0.301630
0.234843 0.301630
0.234843 0.290913
0.202974 0.290913
0.202974 0.301630
0.202974 0.301630
0.202974 0.290913
0.171105 0.290913
0.171105 0.301630
0.171105 0.301630
0.171105 0.290913
0.139235 0.290913
0.139235 0.301630
0.139235 0.301630
0.139235 0.290913
0.107366 0.290913
0.107366 0.301630
0.107366 0.301630
0.107366 0.290913
0.075496 0.290913
0.075496 0.301630
0.075496 0.290913
0.075496 0.290913
0.043627 0.290913
0.043627 0.290913
0.011757 0.290913
0.011757 0.290913
0.266713 0.290913
0.266713 0.290913
0.234843 0.290913
0.234843 0.290913
0.202974 0.290913
0.202974 0.290913
0.171105 0.290913
0.171105 0.290913
0.139235 0.290913
0.139235 0.290913
0.107365 0.290913
0.107366 0.290913
0.075496 0.290913
0.075496 0.301630
0.043627 0.301630
0.043627 0.290913
0.043627 0.290913
0.043627 0.301630
0.011757 0.301630
0.011757 0.290913
0.266713 0.290913
0.266713 0.301630
0.234843 0.301630
0.234843 0.290913
0.234843 0.290913
0.234843 0.301630
0.202974 0.301630
0.202974 0.290913
0.202974 0.290913
0.202974 0.301630
0.171105 0.301630
0.171105 0.290913
0.171105 0.290913
0.171105 0.301630
0.139235 0.301630
0.139235 0.290913
0.139235 0.290913
0.139235 0.301630
0.107366 0.301630
0.107365 0.290913
0.107365 0.290913
0.107366 0.301630
0.075496 0.301630
0.075496 0.290913
0.043627 0.389507
0.043627 0.389507
0.075496 0.389507
0.075496 0.389507
0.107366 0.389507
0.107366 0.389507
0.139235 0.389507
0.139235 0.389507
0.171105 0.389507
0.171105 0.389507
0.202974 0.389507
0.202974 0.389507
0.234843 0.389507
0.234843 0.389507
0.266713 0.389507
0.266713 0.389507
0.011757 0.389507
0.011757 0.389507
0.043627 0.389507
0.043627 0.406654
0.075496 0.406654
0.075496 0.389507
0.075496 0.389507
0.075496 0.406654
0.107366 0.406654
0.107366 0.389507
0.107366 0.389507
0.107366 0.406654
0.139235 0.406654
0.139235 0.389507
0.139235 0.389507
0.139235 0.406654
0.171105 0.406654
0.171105 0.389507
0.171105 0.389507
0.171105 0.406654
0.202974 0.406654
0.202974 0.389507
0.202974 0.389507
0.202974 0.406654
0.234843 0.406654
0.234843 0.389507
0.234843 0.389507
0.234843 0.406654
0.266713 0.406654
0.266713 0.389507
0.011757 0.389507
0.011757 0.406654
0.043627 0.406654
0.043627 0.389507
0.043627 0.406654
0.043627 0.406654
0.075496 0.406654
0.075496 0.406654
0.107366 0.406654
0.107366 0.406654
0.139235 0.406654
0.139235 0.406654
0.171105 0.406654
0.171105 0.406654
0.202974 0.406654
0.202974 0.406654
0.234843 0.406654
0.234843 0.406654
0.266713 0.406654
0.266713 0.406654
0.011757 0.406654
0.011757 0.406654
0.075496 0.414405
0.043627 0.414405
0.043627 0.428338
0.075496 0.428338
0.107366 0.414405
0.075496 0.414405
0.075496 0.428338
0.107366 0.428338
0.139235 0.414405
0.107366 0.414405
0.107366 0.428338
0.139235 0.428338
0.171105 0.414405
0.139235 0.414405
0.139235 0.428338
0.171105 0.428338
0.202974 0.414405
0.171105 0.414405
0.171105 0.428338
0.202974 0.428338
0.234843 0.414405
0.202974 0.414405
0.202974 0.428338
0.234843 0.428338
0.266713 0.414405
0.234843 0.414405
0.234843 0.428338
0.266713 0.428338
0.043627 0.414405
0.011757 0.414405
0.011757 0.428338
0.043627 0.428338
0.075496 0.442270
0.043627 0.442270
0.107366 0.442270
0.075496 0.442270
0.139235 0.442270
0.107366 0.442270
0.171105 0.442270
0.139235 0.442270
0.202974 0.442270
0.171105 0.442270
0.234843 0.442270
0.202974 0.442270
0.266713 0.442270
0.234843 0.442270
0.043627 0.442270
0.011757 0.442270
0.608438 0.960626
0.608502 0.951664
0.692997 0.954804
0.692997 0.957485
0.673163 0.922041
0.673135 0.916629
0.711805 0.914854
0.711870 0.923816
0.709515 0.784541
0.709515 0.767595
0.718476 0.767595
0.718476 0.784541
0.484679 0.892171
0.491220 0.888459
0.529891 0.888459
0.626082 0.864557
0.646740 0.864557
0.646740 0.867238
0.626082 0.867238
0.569239 0.803711
0.581249 0.824369
0.529927 0.824369
0.711870 0.923816
0.711805 0.914854
0.718347 0.914854
0.718412 0.923816
0.040752 0.550119
0.072622 0.550119
0.072622 0.506181
0.040752 0.506181
0.008882 0.550119
0.040752 0.550119
0.040752 0.506181
0.008882 0.506181
0.231969 0.550119
0.263838 0.550119
0.263838 0.506181
0.231969 0.506181
0.200099 0.550119
0.231969 0.550119
0.231969 0.506181
0.200099 0.506181
0.168229 0.550119
0.200099 0.550119
0.200099 0.506181
0.168229 0.506181
0.136360 0.550119
0.168229 0.550119
0.168229 0.506181
0.136360 0.506181
0.104491 0.550119
0.136360 0.550119
0.136360 0.506181
0.104491 0.506181
0.072622 0.550119
0.104491 0.550119
0.104491 0.506181
0.072622 0.506181
0.058642 0.928377
0.081734 0.937943
0.091299 0.961034
0.081734 0.984124
0.058642 0.993691
0.035550 0.984124
0.025986 0.961034
0.035550 0.937943
0.134203 0.992690
0.109825 0.991626
0.093341 0.973635
0.094405 0.949259
0.112395 0.932772
0.136772 0.933837
0.153257 0.951828
0.152193 0.976205
0.072622 0.462243
0.072622 0.451525
0.040752 0.451525
0.040752 0.462243
0.040752 0.462243
0.040752 0.451525
0.008882 0.451525
0.008882 0.462243
0.263838 0.462243
0.263838 0.451525
0.231969 0.451525
0.231969 0.462243
0.231969 0.462243
0.231969 0.451525
0.200099 0.451525
0.200099 0.462243
0.200099 0.462243
0.200099 0.451525
0.168229 0.451525
0.168229 0.462243
0.168229 0.462243
0.168229 0.451525
0.136360 0.451525
0.136360 0.462243
0.136360 0.462243
0.136360 0.451525
0.104491 0.451525
0.104491 0.462243
0.104491 0.462243
0.104491 0.451525
0.072622 0.451525
0.072622 0.462243
0.072622 0.451525
0.072622 0.451525
0.040752 0.451525
0.040752 0.451525
0.008882 0.451525
0.008882 0.451525
0.263838 0.451525
0.263838 0.451525
0.231969 0.451525
0.231969 0.451525
0.200099 0.451525
0.200099 0.451525
0.168229 0.451525
0.168229 0.451525
0.136360 0.451525
0.136360 0.451525
0.104491 0.451525
0.104491 0.451525
0.072622 0.451525
0.072622 0.462243
0.040752 0.462243
0.040752 0.451525
0.040752 0.451525
0.040752 0.462243
0.008882 0.462243
0.008882 0.451525
0.263838 0.451525
0.263838 0.462243
0.231969 0.462243
0.231969 0.451525
0.231969 0.451525
0.231969 0.462243
0.200099 0.462243
0.200099 0.451525
0.200099 0.451525
0.200099 0.462243
0.168229 0.462243
0.168229 0.451525
0.168229 0.451525
0.168229 0.462243
0.136360 0.462243
0.136360 0.451525
0.136360 0.451525
0.136360 0.462243
0.104491 0.462243
0.104491 0.451525
0.104491 0.451525
0.104491 0.462243
0.072622 0.462243
0.072622 0.451525
0.040752 0.550119
0.040752 0.550119
0.072622 0.550119
0.072622 0.550119
0.104491 0.550119
0.104491 0.550119
0.136360 0.550119
0.136360 0.550119
0.168230 0.550119
0.168229 0.550119
0.200099 0.550119
0.200099 0.550119
0.231969 0.550119
0.231969 0.550119
0.263838 0.550119
0.263838 0.550119
0.008882 0.550119
0.008882 0.550119
0.040752 0.550119
0.040752 0.567266
0.072622 0.567266
0.072622 0.550119
0.072622 0.550119
0.072622 0.567266
0.104491 0.567266
0.104491 0.550119
0.104491 0.550119
0.104491 0.567266
0.136360 0.567266
0.136360 0.550119
0.136360 0.550119
0.136360 0.567266
0.168230 0.567266
0.168230 0.550119
0.168230 0.550119
0.168230 0.567266
0.200099 0.567266
0.200099 0.550119
0.200099 0.550119
0.200099 0.567266
0.231969 0.567266
0.231969 0.550119
0.231969 0.550119
0.231969 0.567266
0.263838 0.567266
0.263838 0.550119
0.008882 0.550119
0.008882 0.567266
0.040752 0.567266
0.040752 0.550119
0.040752 0.567266
0.040752 0.567266
0.072622 0.567266
0.072622 0.567266
0.104491 0.567266
0.104491 0.567266
0.136360 0.567266
0.136360 0.567266
0.168230 0.567266
0.168230 0.567266
0.200099 0.567266
0.200099 0.567266
0.231969 0.567266
0.231969 0.567266
0.263838 0.567266
0.263838 0.567266
0.008882 0.567266
0.008882 0.567266
0.072622 0.574224
0.040752 0.574224
0.040752 0.588155
0.072622 0.588155
0.104491 0.574224
0.072622 0.574224
0.072622 0.588155
0.104491 0.588155
0.136360 0.574224
0.104491 0.574224
0.104491 0.588155
0.136360 0.588155
0.168230 0.574224
0.136360 0.574224
0.136360 0.588155
0.168229 0.588155
0.200099 0.574224
0.168230 0.574224
0.168229 0.588155
0.200099 0.588155
0.231969 0.574224
0.200099 0.574224
0.200099 0.588155
0.231969 0.588155
0.263838 0.574224
0.231969 0.574224
0.231969 0.588155
0.263838 0.588155
0.040752 0.574224
0.008882 0.574224
0.008882 0.588155
0.040752 0.588155
0.072622 0.602087
0.040752 0.602087
0.104491 0.602087
0.072622 0.602087
0.136360 0.602087
0.104491 0.602087
0.168230 0.602087
0.136360 0.602087
0.200100 0.602087
0.168230 0.602087
0.231969 0.602087
0.200100 0.602087
0.263838 0.602087
0.231969 0.602087
0.040752 0.602087
0.008882 0.602087
0.608373 0.901467
0.608438 0.892506
0.692932 0.896064
0.692932 0.897909
0.677757 0.884757
0.677728 0.879817
0.711805 0.877806
0.711870 0.886768
0.585691 0.945927
0.585691 0.928777
0.594652 0.928777
0.594652 0.945927
0.484679 0.928777
0.491220 0.924965
0.525298 0.925506
0.626823 0.792132
0.646828 0.792132
0.646828 0.793977
0.626823 0.793977
0.692997 0.766662
0.696879 0.786668
0.649093 0.787084
0.711870 0.886768
0.711805 0.877806
0.718347 0.877806
0.718412 0.886768
0.756473 0.403345
0.746812 0.403345
0.766204 0.477192
0.791849 0.477192
0.873561 0.416787
0.841860 0.296070
0.857653 0.296070
0.915481 0.416787
0.968149 0.411653
0.966093 0.411653
0.966456 0.290673
0.967726 0.290673
0.947971 0.321605
0.950363 0.321605
0.950363 0.335150
0.947971 0.335150
0.968149 0.439509
0.966093 0.439509
0.980937 0.290961
0.981520 0.290961
0.981672 0.411677
0.980726 0.411677
0.731499 0.403345
0.750554 0.477192
0.806559 0.477264
0.758927 0.403257
0.847977 0.416787
0.816829 0.296070
0.861665 0.295926
0.939529 0.416905
0.948436 0.318163
0.949706 0.318163
0.949363 0.356621
0.948779 0.356621
0.750748 0.494305
0.770452 0.494305
0.957456 0.444762
0.936382 0.444762
0.981672 0.439653
0.980726 0.439653
0.804634 0.494305
0.880506 0.444762
0.817526 0.494305
0.848295 0.444762
0.756473 0.585265
0.791849 0.511419
0.766204 0.511419
0.746812 0.585265
0.873561 0.472737
0.915481 0.472737
0.857653 0.593452
0.841860 0.593452
0.968149 0.467365
0.967726 0.588344
0.966457 0.588344
0.966093 0.467365
0.950363 0.501825
0.950363 0.515370
0.947971 0.515370
0.947971 0.501825
0.968149 0.439509
0.966093 0.439509
0.980937 0.588344
0.980726 0.467627
0.981672 0.467627
0.981520 0.588344
0.750554 0.511419
0.731499 0.585265
0.758927 0.585353
0.806559 0.511346
0.847977 0.472737
0.816829 0.593452
0.861665 0.593596
0.939529 0.472618
0.949899 0.498383
0.948630 0.498383
0.948972 0.536841
0.949556 0.536841
0.983869 0.928279
0.920873 0.927045
0.816572 0.823847
0.949234 0.824377
0.934317 0.761757
0.997311 0.762991
0.962676 0.659090
0.830015 0.658559
0.933485 0.960676
0.743431 0.960676
0.743431 0.953206
0.933485 0.953206
0.910728 0.944478
0.806428 0.944478
0.806428 0.937007
0.910728 0.937007
0.806428 0.944478
0.743431 0.944478
0.743431 0.937007
0.806428 0.937007
0.795382 0.969403
0.899284 0.969403
0.899284 0.976874
0.795382 0.976874
0.781908 0.798246
0.941359 0.798402
0.954801 0.633114
0.795350 0.632959
0.945392 0.937007
0.945392 0.944478
0.769407 0.976874
0.769407 0.969403
0.743431 0.782558
0.933485 0.772426
0.946928 0.607139
0.756874 0.617271
0.983869 0.937007
0.983869 0.944478
0.743431 0.976874
0.743431 0.969403
0.810305 0.834824
0.813526 0.844264
0.797951 0.843912
0.801090 0.834596
0.791820 0.928051
0.782606 0.928279
0.779467 0.918680
0.795042 0.918329
0.854780 0.913104
0.852688 0.913102
0.852688 0.911594
0.854780 0.911597
0.776558 0.843606
0.768298 0.844299
0.769473 0.834701
0.774369 0.834290
0.771363 0.822905
0.777024 0.822905
0.777024 0.825084
0.771363 0.825084
0.760882 0.927973
0.759105 0.919801
0.764685 0.920520
0.763061 0.928279
0.812450 0.920108
0.799195 0.920069
0.780711 0.842498
0.793965 0.842459
0.774597 0.919763
0.769017 0.920482
0.759323 0.834518
0.764220 0.834928
0.765388 0.844650
0.757128 0.843957
0.862512 0.907834
0.851675 0.907819
0.854972 0.906139
0.859221 0.906144
0.851675 0.902060
0.854972 0.903741
0.862512 0.902075
0.859221 0.903747
0.837447 0.860438
0.833198 0.860542
0.835160 0.927119
0.837252 0.927068
0.822466 0.860638
0.820068 0.860438
0.818579 0.927094
0.820086 0.927216
0.840869 0.927094
0.845118 0.927199
0.844923 0.860489
0.842830 0.860438
0.828284 0.860438
0.825887 0.860638
0.828270 0.927269
0.829777 0.927146
0.808663 0.928279
0.803002 0.928279
0.784518 0.834701
0.790179 0.834700
0.772823 0.927973
0.770644 0.928279
0.387080 0.872437
0.384485 0.826307
0.402512 0.826307
0.402512 0.872438
0.372617 0.872437
0.375212 0.826307
0.384485 0.826307
0.387080 0.872437
0.447839 0.872438
0.447839 0.826307
0.465866 0.826307
0.463270 0.872437
0.432406 0.872438
0.429812 0.826307
0.447839 0.826307
0.447839 0.872438
0.417945 0.872438
0.420539 0.826307
0.429812 0.826307
0.432406 0.872438
0.402512 0.872438
0.402512 0.826307
0.420539 0.826307
0.417945 0.872438
0.347456 0.985818
0.351675 0.985892
0.370295 0.985929
0.334796 0.985893
0.339016 0.985818
0.343235 0.985781
0.388227 0.898766
0.445190 0.898766
0.433797 0.898766
0.422405 0.898766
0.411012 0.898766
0.399619 0.898766
0.387403 0.772046
0.402512 0.772046
0.402512 0.787394
0.385265 0.787394
0.372294 0.772046
0.387403 0.772046
0.385265 0.787394
0.374433 0.787394
0.447839 0.772046
0.462947 0.772046
0.465086 0.787394
0.447839 0.787394
0.432730 0.772046
0.447839 0.772046
0.447839 0.787394
0.430591 0.787394
0.417621 0.772046
0.432730 0.772046
0.430591 0.787394
0.419760 0.787394
0.402512 0.772046
0.417621 0.772046
0.419760 0.787394
0.402512 0.787394
0.384485 0.826307
0.375212 0.826307
0.429812 0.826307
0.420539 0.826307
0.287797 0.726667
0.294331 0.726667
0.294331 0.992253
0.287797 0.992253
0.281263 0.726667
0.287797 0.726667
0.287797 0.992253
0.281263 0.992253
0.274728 0.726667
0.281263 0.726667
0.281263 0.992253
0.274728 0.992253
0.307400 0.726667
0.313933 0.726667
0.313933 0.992253
0.307400 0.992253
0.300865 0.726667
0.307400 0.726667
0.307400 0.992253
0.300865 0.992253
0.294331 0.726667
0.300865 0.726667
0.300865 0.992253
0.294331 0.992253
0.402512 0.895563
0.387403 0.895563
0.417621 0.895563
0.402512 0.895563
0.432730 0.895563
0.417621 0.895563
0.447839 0.895563
0.432730 0.895563
0.462947 0.895563
0.447839 0.895563
0.387403 0.895563
0.372294 0.895563
0.387403 0.895563
0.402512 0.895563
0.402512 0.895563
0.387403 0.895563
0.417621 0.895563
0.417622 0.895563
0.432730 0.895563
0.432730 0.895563
0.447839 0.895563
0.447839 0.895563
0.462947 0.895563
0.462947 0.895563
0.372294 0.895563
0.372294 0.895563
0.326358 0.726963
0.334796 0.726889
0.339016 0.985818
0.334796 0.985893
0.334796 0.726889
0.343235 0.726852
0.343235 0.985781
0.339016 0.985818
0.343235 0.726852
0.351675 0.726890
0.347456 0.985818
0.343235 0.985781
0.351675 0.726890
0.360115 0.726963
0.351675 0.985892
0.347456 0.985818
0.360115 0.726963
0.368554 0.726999
0.370295 0.985929
0.351675 0.985892
0.317917 0.726999
0.326358 0.726963
0.334796 0.985893
0.319658 0.985929
0.465085 0.930026
0.465085 0.960809
0.434303 0.960809
0.434303 0.930026
0.431475 0.919325
0.431975 0.918478
0.443722 0.922777
0.443222 0.923624
0.388621 0.984714
0.388121 0.983866
0.427242 0.975687
0.427742 0.976534
0.388121 0.931312
0.389935 0.919566
0.429056 0.918478
0.427242 0.930224
0.388121 0.965088
0.388621 0.964241
0.427742 0.972420
0.427242 0.973267
0.389935 0.914970
0.388121 0.903223
0.427242 0.904312
0.429056 0.916058
0.465085 0.930026
0.434303 0.930026
0.434303 0.960809
0.465085 0.960809
0.431475 0.907523
0.443222 0.903223
0.443722 0.904070
0.431975 0.908370
0.469281 0.973267
0.430160 0.965088
0.430660 0.964241
0.469781 0.972420
0.429056 0.961821
0.389935 0.960733
0.388121 0.948986
0.427242 0.950074
0.469781 0.976534
0.430660 0.984714
0.430160 0.983866
0.469281 0.975687
0.427242 0.945479
0.388121 0.946567
0.389935 0.934820
0.429056 0.933732
0.484679 0.957485
0.484679 0.954805
0.536000 0.953439
0.535973 0.958851
0.484679 0.971766
0.484679 0.969921
0.532464 0.968372
0.532436 0.973314
0.600390 0.920675
0.600390 0.917994
0.651684 0.916629
0.651712 0.922041
0.608373 0.883211
0.608373 0.881366
0.656130 0.879817
0.656158 0.884758
0.499095 0.918244
0.499095 0.915563
0.523046 0.915563
0.523046 0.918244
0.581249 0.777315
0.551379 0.766662
0.602701 0.766662
0.557452 0.953439
0.557424 0.958851
0.535973 0.958851
0.536000 0.953439
0.602636 0.872069
0.551342 0.872069
0.625229 0.807935
0.625229 0.806090
0.646828 0.806090
0.646828 0.807935
0.696878 0.814778
0.670690 0.803711
0.718476 0.804127
0.554062 0.968373
0.554034 0.973314
0.532436 0.973314
0.532464 0.968372
0.718347 0.871415
0.670590 0.871831
0.499095 0.922837
0.499095 0.920156
0.523046 0.920156
0.523046 0.922837
0.581185 0.888459
0.551341 0.877806
0.602635 0.877806
0.673135 0.916629
0.673163 0.922041
0.651712 0.922041
0.651684 0.916629
0.602700 0.835021
0.551379 0.835021
0.622746 0.811693
0.622746 0.809848
0.646828 0.809849
0.646828 0.811694
0.573055 0.925922
0.546895 0.914854
0.594652 0.915270
0.677728 0.879817
0.677757 0.884757
0.656158 0.884758
0.656130 0.879817
0.718476 0.797318
0.670691 0.797735
0.491220 0.861417
0.614915 0.861720
0.569173 0.909117
0.484679 0.909117
0.491220 0.824369
0.484679 0.820656
0.484679 0.803711
0.569173 0.945927
0.484679 0.945927
0.614980 0.787624
0.608438 0.783812
0.608438 0.766662
0.812134 0.154484
0.805842 0.169103
0.805347 0.154484
0.077254 0.258635
0.785985 0.154484
0.785350 0.186002
0.779972 0.187457
0.775523 0.187457
0.776236 0.166269
0.776578 0.154484
0.075737 0.258635
0.926728 0.117558
0.928246 0.117558
0.904919 0.154484
0.911771 0.169103
0.899390 0.187457
0.882104 0.187457
0.868327 0.154484
0.896496 0.100810
0.904919 0.154484
0.879949 0.100810
0.879949 0.117558
0.887999 0.117558
0.785049 0.187457
0.785350 0.186002
0.805842 0.169103
0.817081 0.187457
0.779972 0.187457
0.932633 0.187457
0.932351 0.186002
0.937339 0.187457
0.844694 0.154484
0.856288 0.154484
0.856288 0.187457
0.832265 0.187457
0.812134 0.154484
0.940421 0.154484
0.941371 0.187457
0.937339 0.187457
</float_array>
          <technique_common>
            <accessor source="#hull-UV0-array" count="1968" stride="2">
              <param name="S" type="float"/>
              <param name="T" type="float"/>
            </accessor>
          </technique_common>
        </source>
        <vertices id="hull-VERTEX">
          <input semantic="POSITION" source="#hull-POSITION"/>
        </vertices>
        <triangles count="1506" material="kc135"><input semantic="VERTEX" offset="0" source="#hull-VERTEX"/><input semantic="NORMAL" offset="1" source="#hull-Normal0"/><input semantic="TEXCOORD" offset="2" set="0" source="#hull-UV0"/><p> 0 0 0 1 1 1 2 2 2 2 3 2 3 4 3 0 5 0 0 6 0 4 7 4 5 8 5 5 9 5 6 10 6 0 11 0 5 12 5 4 13 4 7 14 7 7 15 7 8 16 8 5 17 5 8 18 8 7 19 7 9 20 9 9 21 9 10 22 10 8 23 8 9 24 9 11 25 11 12 26 12 12 27 12 10 28 10 9 29 9 11 30 11 13 31 13 14 32 14 14 33 14 12 34 12 11 35 11 13 36 13 15 37 15 16 38 16 16 39 16 14 40 14 13 41 13 15 42 15 17 43 17 18 44 18 18 45 18 16 46 16 15 47 15 19 48 19 17 49 17 20 50 20 20 51 20 21 52 21 19 53 19 19 54 19 22 55 22 23 56 23 23 57 23 24 58 24 19 59 19 22 60 22 25 61 25 26 62 26 26 63 26 23 64 23 22 65 22 27 66 27 28 67 28 1 68 1 1 69 1 29 70 29 27 71 27 6 72 6 30 73 30 31 74 31 31 75 31 29 76 29 6 77 6 32 78 32 33 79 33 3 80 34 3 81 34 2 82 35 32 83 32 3 84 34 33 85 33 34 86 36 34 87 36 35 88 37 3 89 34 5 90 5 36 91 38 30 92 30 30 93 30 6 94 6 5 95 5 37 96 39 38 97 40 39 98 41 39 99 41 40 100 42 37 101 39 8 102 8 41 103 43 36 104 38 36 105 38 5 106 5 8 107 8 39 108 41 42 109 44 43 110 45 40 111 42 39 112 41 43 113 45 40 114 42 43 115 45 44 116 46 10 117 10 45 118 47 41 119 43 41 120 43 8 121 8 10 122 10 42 123 44 46 124 48 47 125 49 47 126 49 43 127 45 42 128 44 48 129 50 45 130 47 10 131 10 10 132 10 12 133 12 48 134 50 46 135 48 49 136 51 50 137 52 50 138 52 47 139 49 46 140 48 51 141 53 48 142 50 12 143 12 12 144 12 14 145 14 51 146 53 49 147 51 52 148 54 53 149 55 53 150 55 50 151 52 49 152 51 54 153 56 51 154 53 14 155 14 14 156 14 16 157 16 54 158 56 52 159 54 55 160 57 20 161 58 20 162 58 53 163 55 52 164 54 56 165 59 54 166 56 16 167 16 16 168 16 18 169 18 56 170 59 57 171 60 56 172 59 18 173 18 18 174 18 24 175 24 57 176 60 55 177 57 58 178 61 21 179 62 21 180 62 20 181 58 55 182 57 58 183 61 59 184 63 60 185 64 60 186 64 21 187 62 58 188 61 61 189 65 57 190 60 24 191 24 24 192 24 23 193 23 61 194 65 60 195 64 59 196 63 62 197 66 62 198 66 63 199 67 60 200 64 64 201 68 61 202 65 23 203 23 23 204 23 26 205 26 64 206 68 65 207 69 32 208 32 2 209 35 29 210 29 31 211 31 27 212 27 0 213 0 6 214 6 29 215 29 29 216 29 1 217 1 0 218 0 35 219 70 66 220 71 4 221 4 3 222 3 35 223 70 4 224 4 0 225 0 3 226 3 4 227 4 4 228 4 66 229 71 67 230 72 67 231 72 7 232 7 4 233 4 7 234 7 67 235 72 68 236 73 69 237 74 44 238 75 43 239 76 70 240 77 69 241 74 43 242 76 68 243 73 70 244 77 43 245 76 68 246 73 43 247 76 9 248 9 7 249 7 68 250 73 9 251 9 43 252 76 47 253 78 11 254 11 11 255 11 9 256 9 43 257 76 47 258 78 50 259 79 13 260 13 13 261 13 11 262 11 47 263 78 50 264 79 53 265 80 15 266 15 15 267 15 13 268 13 50 269 79 53 270 80 20 271 20 17 272 17 17 273 17 15 274 15 53 275 80 24 276 24 18 277 18 17 278 17 17 279 17 19 280 19 24 281 24 21 282 21 60 283 81 22 284 22 22 285 22 19 286 19 21 287 21 60 288 81 63 289 82 25 290 25 25 291 25 22 292 22 60 293 81 65 294 83 2 295 2 1 296 1 1 297 1 28 298 28 65 299 83 65 300 69 71 301 84 72 302 85 72 303 85 32 304 32 65 305 69 30 306 30 73 307 86 74 308 87 74 309 87 31 310 31 30 311 30 30 312 30 36 313 38 75 314 88 75 315 88 73 316 86 30 317 30 34 318 36 33 319 33 76 320 89 76 321 89 77 322 90 34 323 36 36 324 38 41 325 43 78 326 91 78 327 91 75 328 88 36 329 38 38 330 40 79 331 92 80 332 93 80 333 93 39 334 41 38 335 40 41 336 43 45 337 47 81 338 94 81 339 94 78 340 91 41 341 43 39 342 41 80 343 93 82 344 95 82 345 95 42 346 44 39 347 41 42 348 44 82 349 95 83 350 96 83 351 96 46 352 48 42 353 44 48 354 50 84 355 97 81 356 94 81 357 94 45 358 47 48 359 50 51 360 53 85 361 98 84 362 97 84 363 97 48 364 50 51 365 53 46 366 48 83 367 96 86 368 99 86 369 99 49 370 51 46 371 48 51 372 53 54 373 56 87 374 100 87 375 100 85 376 98 51 377 53 52 378 54 49 379 51 86 380 99 86 381 99 88 382 101 52 383 54 57 384 60 89 385 102 90 386 103 90 387 103 56 388 59 57 389 60 55 390 57 52 391 54 88 392 101 88 393 101 91 394 104 55 395 57 56 396 59 90 397 103 87 398 100 87 399 100 54 400 56 56 401 59 58 402 61 55 403 57 91 404 104 91 405 104 92 406 105 58 407 61 61 408 65 93 409 106 89 410 102 89 411 102 57 412 60 61 413 65 59 414 63 58 415 61 92 416 105 92 417 105 94 418 107 59 419 63 64 420 68 95 421 108 93 422 106 93 423 106 61 424 65 64 425 68 62 426 66 59 427 63 94 428 107 94 429 107 96 430 109 62 431 66 31 432 31 74 433 87 97 434 110 97 435 110 27 436 27 31 437 31 33 438 33 32 439 32 72 440 85 72 441 85 76 442 89 33 443 33 27 444 111 97 445 112 98 446 113 98 447 113 28 448 114 27 449 111 65 450 115 28 451 116 98 452 117 98 453 117 71 454 118 65 455 115 25 456 119 63 457 120 62 458 121 62 459 122 99 460 123 25 461 124 26 462 125 25 463 124 99 464 123 99 465 123 64 466 126 26 467 125 62 468 127 96 469 128 100 470 129 100 471 129 99 472 130 62 473 127 99 474 123 100 475 131 95 476 132 95 477 132 64 478 126 99 479 123 101 480 133 102 481 134 103 482 135 103 483 135 104 484 136 101 485 133 101 486 133 105 487 137 106 488 138 106 489 138 107 490 139 101 491 133 106 492 138 108 493 140 109 494 141 109 495 141 107 496 139 106 497 138 108 498 140 110 499 142 111 500 143 111 501 143 109 502 141 108 503 140 111 504 143 110 505 142 112 506 144 112 507 144 113 508 145 111 509 143 113 510 145 112 511 144 114 512 146 114 513 146 115 514 147 113 515 145 115 516 147 114 517 146 116 518 148 116 519 148 117 520 149 115 521 147 117 522 149 116 523 148 118 524 150 118 525 150 119 526 151 117 527 149 120 528 152 121 529 153 122 530 154 122 531 154 119 532 151 120 533 152 120 534 152 123 535 155 124 536 156 124 537 156 125 538 157 120 539 152 125 540 157 124 541 156 126 542 158 126 543 158 127 544 159 125 545 157 128 546 160 129 547 161 104 548 136 104 549 136 130 550 162 128 551 160 105 552 137 129 553 161 131 554 163 131 555 163 132 556 164 105 557 137 133 558 165 103 559 166 102 560 167 102 561 167 134 562 168 133 563 165 102 564 167 135 565 169 136 566 170 136 567 170 134 568 168 102 569 167 106 570 138 105 571 137 132 572 164 132 573 164 137 574 171 106 575 138 138 576 172 139 577 173 140 578 174 140 579 174 141 580 175 138 581 172 108 582 140 106 583 138 137 584 171 137 585 171 142 586 176 108 587 140 143 588 177 144 589 178 138 590 172 143 591 177 138 592 172 141 593 175 143 594 177 141 595 175 145 596 179 110 597 142 108 598 140 142 599 176 142 600 176 146 601 180 110 602 142 144 603 178 143 604 177 147 605 181 147 606 181 148 607 182 144 608 178 149 609 183 112 610 144 110 611 142 110 612 142 146 613 180 149 614 183 148 615 182 147 616 181 150 617 184 150 618 184 151 619 185 148 620 182 152 621 186 114 622 146 112 623 144 112 624 144 149 625 183 152 626 186 151 627 185 150 628 184 153 629 187 153 630 187 154 631 188 151 632 185 155 633 189 116 634 148 114 635 146 114 636 146 152 637 186 155 638 189 154 639 188 153 640 187 122 641 190 122 642 190 156 643 191 154 644 188 157 645 192 118 646 150 116 647 148 116 648 148 155 649 189 157 650 192 158 651 193 123 652 155 118 653 150 118 654 150 157 655 192 158 656 193 156 657 191 122 658 190 121 659 194 121 660 194 159 661 195 156 662 191 159 663 195 121 664 194 160 665 196 160 666 196 161 667 197 159 668 195 162 669 198 124 670 156 123 671 155 123 672 155 158 673 193 162 674 198 160 675 196 163 676 199 164 677 200 164 678 200 161 679 197 160 680 196 165 681 201 126 682 158 124 683 156 124 684 156 162 685 198 165 686 201 166 687 202 103 688 166 133 689 165 129 690 161 128 691 160 131 692 163 101 693 133 104 694 136 129 695 161 129 696 161 105 697 137 101 698 133 107 699 139 167 700 203 135 701 204 107 702 139 135 703 204 102 704 134 107 705 139 102 706 134 101 707 133 167 708 205 168 709 206 169 710 207 169 711 207 170 712 208 167 713 205 143 714 209 111 715 143 113 716 145 113 717 145 147 718 210 143 719 209 147 720 210 113 721 145 115 722 147 115 723 147 150 724 211 147 725 210 150 726 211 115 727 147 117 728 149 117 729 149 153 730 212 150 731 211 153 732 212 117 733 149 119 734 151 119 735 151 122 736 154 153 737 212 123 738 155 120 739 152 119 740 151 119 741 151 118 742 150 123 743 155 121 744 153 120 745 152 125 746 157 125 747 157 160 748 213 121 749 153 160 750 213 125 751 157 127 752 159 127 753 159 163 754 214 160 755 213 166 756 215 130 757 162 104 758 136 104 759 136 103 760 135 166 761 215 166 762 202 133 763 165 72 764 216 72 765 216 71 766 217 166 767 202 132 768 164 131 769 163 74 770 218 74 771 218 73 772 219 132 773 164 132 774 164 73 775 219 75 776 220 75 777 220 137 778 171 132 779 164 77 780 221 76 781 222 134 782 168 134 783 168 136 784 170 77 785 221 137 786 171 75 787 220 78 788 223 78 789 223 142 790 176 137 791 171 139 792 173 138 793 172 80 794 224 80 795 224 79 796 225 139 797 173 142 798 176 78 799 223 81 800 226 81 801 226 146 802 180 142 803 176 138 804 172 144 805 178 82 806 227 82 807 227 80 808 224 138 809 172 144 810 178 148 811 182 83 812 228 83 813 228 82 814 227 144 815 178 149 816 183 146 817 180 81 818 226 81 819 226 84 820 229 149 821 183 152 822 186 149 823 183 84 824 229 84 825 229 85 826 230 152 827 186 148 828 182 151 829 185 86 830 231 86 831 231 83 832 228 148 833 182 152 834 186 85 835 230 87 836 232 87 837 232 155 838 189 152 839 186 154 840 188 88 841 233 86 842 231 86 843 231 151 844 185 154 845 188 158 846 193 157 847 192 90 848 234 90 849 234 89 850 235 158 851 193 156 852 191 91 853 236 88 854 233 88 855 233 154 856 188 156 857 191 157 858 192 155 859 189 87 860 232 87 861 232 90 862 234 157 863 192 159 864 195 92 865 237 91 866 236 91 867 236 156 868 191 159 869 195 162 870 198 158 871 193 89 872 235 89 873 235 93 874 238 162 875 198 161 876 197 94 877 239 92 878 237 92 879 237 159 880 195 161 881 197 165 882 201 162 883 198 93 884 238 93 885 238 95 886 240 165 887 201 164 888 200 96 889 241 94 890 239 94 891 239 161 892 197 164 893 200 131 894 163 128 895 160 97 896 242 97 897 242 74 898 218 131 899 163 134 900 168 76 901 222 72 902 216 72 903 216 133 904 165 134 905 168 128 906 243 130 907 244 98 908 245 98 909 245 97 910 246 128 911 243 166 912 247 71 913 248 98 914 249 98 915 249 130 916 250 166 917 247 127 918 251 171 919 252 164 920 253 164 921 254 163 922 255 127 923 256 126 924 257 165 925 258 171 926 252 171 927 252 127 928 251 126 929 257 164 930 259 171 931 260 100 932 261 100 933 261 96 934 262 164 935 259 171 936 252 165 937 258 95 938 263 95 939 263 100 940 264 171 941 252 172 942 265 173 943 266 174 944 267 174 945 267 175 946 268 172 947 265 176 948 269 177 949 270 178 950 271 178 951 271 179 952 272 176 953 269 180 954 273 181 955 274 182 956 275 182 957 275 183 958 276 180 959 273 184 960 277 185 961 278 186 962 279 186 963 279 187 964 280 184 965 277 188 966 281 189 967 282 190 968 283 190 969 283 191 970 284 188 971 281 177 972 285 176 973 286 174 974 287 174 975 288 173 976 289 177 977 290 186 978 291 172 979 265 175 980 268 175 981 268 187 982 292 186 983 291 185 984 293 184 985 294 179 986 272 179 987 272 178 988 271 185 989 293 192 990 295 183 991 276 182 992 275 182 993 275 193 994 296 192 995 295 194 996 297 191 997 298 190 998 299 190 999 299 195 1000 300 194 1001 297 190 1002 301 175 1003 268 174 1004 267 174 1005 267 195 1006 302 190 1007 301 173 1008 266 172 1009 265 182 1010 303 182 1011 303 181 1012 304 173 1013 266 176 1014 269 179 1015 272 191 1016 305 191 1017 305 194 1018 306 176 1019 269 183 1020 307 178 1021 271 177 1022 270 177 1023 270 180 1024 308 183 1025 307 188 1026 309 184 1027 277 187 1028 280 187 1029 280 189 1030 310 188 1031 309 193 1032 311 186 1033 279 185 1034 278 185 1035 278 192 1036 312 193 1037 311 180 1038 313 177 1039 290 173 1040 289 173 1041 289 181 1042 314 180 1043 313 195 1044 315 174 1045 316 176 1046 317 176 1047 318 194 1048 319 195 1049 320 187 1050 292 175 1051 268 190 1052 301 190 1053 301 189 1054 321 187 1055 292 172 1056 265 186 1057 291 193 1058 322 193 1059 322 182 1060 303 172 1061 265 192 1062 323 185 1063 293 178 1064 271 178 1065 271 183 1066 307 192 1067 323 191 1068 305 179 1069 272 184 1070 294 184 1071 294 188 1072 324 191 1073 305 196 1074 325 197 1075 326 198 1076 327 198 1077 327 199 1078 328 196 1079 325 200 1080 329 201 1081 330 197 1082 331 197 1083 331 196 1084 332 200 1085 329 202 1086 333 203 1087 334 201 1088 335 201 1089 335 200 1090 336 202 1091 333 204 1092 337 205 1093 338 203 1094 339 203 1095 339 202 1096 340 204 1097 337 206 1098 341 207 1099 342 205 1100 343 205 1101 343 204 1102 344 206 1103 341 208 1104 345 209 1105 346 207 1106 347 207 1107 347 206 1108 348 208 1109 345 210 1110 349 211 1111 350 209 1112 351 209 1113 351 208 1114 352 210 1115 349 199 1116 353 198 1117 354 211 1118 355 211 1119 355 210 1120 356 199 1121 353 212 1122 357 213 1123 358 214 1124 359 214 1125 359 215 1126 360 216 1127 361 216 1128 361 217 1129 362 218 1130 363 214 1131 359 216 1132 361 218 1133 363 212 1134 357 214 1135 359 218 1136 363 219 1137 364 212 1138 357 218 1139 363 220 1140 365 221 1141 366 222 1142 367 222 1143 367 223 1144 368 224 1145 369 224 1146 369 225 1147 370 226 1148 371 222 1149 367 224 1150 369 226 1151 371 220 1152 365 222 1153 367 226 1154 371 227 1155 372 220 1156 365 226 1157 371 228 1158 373 229 1159 374 230 1160 375 230 1161 375 231 1162 376 228 1163 373 229 1164 377 232 1165 378 233 1166 379 233 1167 379 230 1168 380 229 1169 377 232 1170 381 234 1171 382 235 1172 383 235 1173 383 233 1174 384 232 1175 381 234 1176 385 236 1177 386 237 1178 387 237 1179 387 235 1180 388 234 1181 385 236 1182 389 238 1183 390 239 1184 391 239 1185 391 237 1186 392 236 1187 389 238 1188 393 240 1189 394 241 1190 395 241 1191 395 239 1192 396 238 1193 393 240 1194 397 242 1195 398 243 1196 399 243 1197 399 241 1198 400 240 1199 397 242 1200 401 228 1201 402 231 1202 403 231 1203 403 243 1204 404 242 1205 401 231 1206 405 230 1207 406 244 1208 407 244 1209 407 245 1210 408 231 1211 405 230 1212 406 233 1213 409 246 1214 410 246 1215 410 244 1216 407 230 1217 406 233 1218 411 235 1219 412 247 1220 413 247 1221 413 246 1222 414 233 1223 411 235 1224 412 237 1225 415 248 1226 416 248 1227 416 247 1228 413 235 1229 412 237 1230 415 239 1231 417 249 1232 418 249 1233 418 248 1234 416 237 1235 415 239 1236 417 241 1237 419 250 1238 420 250 1239 420 249 1240 418 239 1241 417 241 1242 419 243 1243 421 251 1244 422 251 1245 422 250 1246 420 241 1247 419 243 1248 421 231 1249 405 245 1250 408 245 1251 408 251 1252 422 243 1253 421 245 1254 423 244 1255 424 220 1256 425 220 1257 425 227 1258 426 245 1259 423 244 1260 427 246 1261 428 221 1262 429 221 1263 429 220 1264 430 244 1265 427 246 1266 431 247 1267 432 222 1268 433 222 1269 433 221 1270 434 246 1271 431 247 1272 435 248 1273 436 223 1274 437 223 1275 437 222 1276 438 247 1277 435 248 1278 439 249 1279 440 224 1280 441 224 1281 441 223 1282 442 248 1283 439 249 1284 443 250 1285 444 225 1286 445 225 1287 445 224 1288 446 249 1289 443 250 1290 447 251 1291 448 226 1292 449 226 1293 449 225 1294 450 250 1295 447 251 1296 451 245 1297 452 227 1298 453 227 1299 453 226 1300 454 251 1301 451 229 1302 374 228 1303 373 198 1304 327 198 1305 327 197 1306 326 229 1307 374 232 1308 378 229 1309 377 197 1310 331 197 1311 331 201 1312 330 232 1313 378 234 1314 382 232 1315 381 201 1316 335 201 1317 335 203 1318 334 234 1319 382 236 1320 386 234 1321 385 203 1322 339 203 1323 339 205 1324 338 236 1325 386 238 1326 390 236 1327 389 205 1328 343 205 1329 343 207 1330 342 238 1331 390 240 1332 394 238 1333 393 207 1334 347 207 1335 347 209 1336 346 240 1337 394 242 1338 398 240 1339 397 209 1340 351 209 1341 351 211 1342 350 242 1343 398 228 1344 402 242 1345 401 211 1346 355 211 1347 355 198 1348 354 228 1349 402 196 1350 455 199 1351 456 252 1352 457 252 1353 457 253 1354 458 196 1355 455 199 1356 456 210 1357 459 254 1358 460 254 1359 460 252 1360 457 199 1361 456 210 1362 459 208 1363 461 255 1364 462 255 1365 462 254 1366 460 210 1367 459 208 1368 461 206 1369 463 256 1370 464 256 1371 464 255 1372 462 208 1373 461 206 1374 463 204 1375 465 257 1376 466 257 1377 466 256 1378 464 206 1379 463 204 1380 465 202 1381 467 258 1382 468 258 1383 468 257 1384 466 204 1385 465 202 1386 467 200 1387 469 259 1388 470 259 1389 470 258 1390 468 202 1391 467 200 1392 471 196 1393 455 253 1394 458 253 1395 458 259 1396 472 200 1397 471 253 1398 473 252 1399 474 260 1400 475 260 1401 475 261 1402 476 253 1403 473 252 1404 477 254 1405 478 262 1406 479 262 1407 479 260 1408 480 252 1409 477 254 1410 481 255 1411 482 263 1412 483 263 1413 483 262 1414 484 254 1415 481 255 1416 485 256 1417 486 264 1418 487 264 1419 487 263 1420 488 255 1421 485 256 1422 489 257 1423 490 265 1424 491 265 1425 491 264 1426 492 256 1427 489 257 1428 493 258 1429 494 266 1430 495 266 1431 495 265 1432 496 257 1433 493 258 1434 497 259 1435 498 267 1436 499 267 1437 499 266 1438 500 258 1439 497 259 1440 501 253 1441 502 261 1442 503 261 1443 503 267 1444 504 259 1445 501 261 1446 505 260 1447 506 268 1448 507 268 1449 507 269 1450 508 261 1451 505 260 1452 506 262 1453 509 270 1454 510 270 1455 510 268 1456 507 260 1457 506 262 1458 509 263 1459 511 271 1460 512 271 1461 512 270 1462 510 262 1463 509 263 1464 511 264 1465 513 272 1466 514 272 1467 514 271 1468 512 263 1469 511 264 1470 513 265 1471 515 273 1472 516 273 1473 516 272 1474 514 264 1475 513 265 1476 515 266 1477 517 274 1478 518 274 1479 518 273 1480 516 265 1481 515 266 1482 517 267 1483 519 275 1484 520 275 1485 520 274 1486 518 266 1487 517 267 1488 521 261 1489 505 269 1490 508 269 1491 508 275 1492 522 267 1493 521 268 1494 523 276 1495 524 277 1496 525 277 1497 525 269 1498 526 268 1499 523 270 1500 527 278 1501 528 276 1502 529 276 1503 529 268 1504 530 270 1505 527 271 1506 531 279 1507 532 278 1508 533 278 1509 533 270 1510 534 271 1511 531 272 1512 535 280 1513 536 279 1514 537 279 1515 537 271 1516 538 272 1517 535 273 1518 539 281 1519 540 280 1520 541 280 1521 541 272 1522 542 273 1523 539 274 1524 543 282 1525 544 281 1526 545 281 1527 545 273 1528 546 274 1529 543 275 1530 547 283 1531 548 282 1532 549 282 1533 549 274 1534 550 275 1535 547 269 1536 551 277 1537 552 283 1538 553 283 1539 553 275 1540 554 269 1541 551 218 1542 555 217 1543 556 277 1544 525 277 1545 525 276 1546 524 218 1547 555 219 1548 557 218 1549 558 276 1550 529 276 1551 529 278 1552 528 219 1553 557 212 1554 559 219 1555 560 278 1556 533 278 1557 533 279 1558 532 212 1559 559 213 1560 561 212 1561 562 279 1562 537 279 1563 537 280 1564 536 213 1565 561 214 1566 563 213 1567 564 280 1568 541 280 1569 541 281 1570 540 214 1571 563 215 1572 565 214 1573 566 281 1574 545 281 1575 545 282 1576 544 215 1577 565 216 1578 567 215 1579 568 282 1580 549 282 1581 549 283 1582 548 216 1583 567 217 1584 569 216 1585 570 283 1586 553 283 1587 553 277 1588 552 217 1589 569 284 1590 571 285 1591 572 286 1592 573 286 1593 573 287 1594 574 284 1595 571 288 1596 575 289 1597 576 290 1598 577 290 1599 577 291 1600 578 288 1601 575 284 1602 579 287 1603 580 292 1604 581 292 1605 581 293 1606 582 284 1607 579 287 1608 583 286 1609 584 294 1610 585 294 1611 585 289 1612 586 292 1613 587 287 1614 583 294 1615 585 292 1616 587 286 1617 588 285 1618 589 295 1619 590 295 1620 590 294 1621 591 286 1622 588 284 1623 592 293 1624 593 291 1625 594 285 1626 595 284 1627 592 291 1628 594 285 1629 595 291 1630 594 290 1631 596 291 1632 597 293 1633 598 292 1634 599 292 1635 599 288 1636 600 291 1637 597 296 1638 601 297 1639 602 298 1640 603 298 1641 603 299 1642 604 296 1643 601 300 1644 605 301 1645 606 297 1646 607 297 1647 607 296 1648 608 300 1649 605 302 1650 609 303 1651 610 301 1652 611 301 1653 611 300 1654 612 302 1655 609 304 1656 613 305 1657 614 303 1658 615 303 1659 615 302 1660 616 304 1661 613 306 1662 617 307 1663 618 305 1664 619 305 1665 619 304 1666 620 306 1667 617 308 1668 621 309 1669 622 307 1670 623 307 1671 623 306 1672 624 308 1673 621 310 1674 625 311 1675 626 309 1676 627 309 1677 627 308 1678 628 310 1679 625 299 1680 629 298 1681 630 311 1682 631 311 1683 631 310 1684 632 299 1685 629 312 1686 633 313 1687 634 314 1688 635 314 1689 635 315 1690 636 316 1691 637 316 1692 637 317 1693 638 318 1694 639 314 1695 635 316 1696 637 318 1697 639 312 1698 633 314 1699 635 318 1700 639 319 1701 640 312 1702 633 318 1703 639 320 1704 641 321 1705 642 322 1706 643 322 1707 643 323 1708 644 324 1709 645 324 1710 645 325 1711 646 326 1712 647 322 1713 643 324 1714 645 326 1715 647 320 1716 641 322 1717 643 326 1718 647 327 1719 648 320 1720 641 326 1721 647 328 1722 649 329 1723 650 330 1724 651 330 1725 651 331 1726 652 328 1727 649 329 1728 653 332 1729 654 333 1730 655 333 1731 655 330 1732 656 329 1733 653 332 1734 657 334 1735 658 335 1736 659 335 1737 659 333 1738 660 332 1739 657 334 1740 661 336 1741 662 337 1742 663 337 1743 663 335 1744 664 334 1745 661 336 1746 665 338 1747 666 339 1748 667 339 1749 667 337 1750 668 336 1751 665 338 1752 669 340 1753 670 341 1754 671 341 1755 671 339 1756 672 338 1757 669 340 1758 673 342 1759 674 343 1760 675 343 1761 675 341 1762 676 340 1763 673 342 1764 677 328 1765 678 331 1766 679 331 1767 679 343 1768 680 342 1769 677 331 1770 681 330 1771 682 344 1772 683 344 1773 683 345 1774 684 331 1775 681 330 1776 682 333 1777 685 346 1778 686 346 1779 686 344 1780 683 330 1781 682 333 1782 687 335 1783 688 347 1784 689 347 1785 689 346 1786 690 333 1787 687 335 1788 688 337 1789 691 348 1790 692 348 1791 692 347 1792 689 335 1793 688 337 1794 691 339 1795 693 349 1796 694 349 1797 694 348 1798 692 337 1799 691 339 1800 693 341 1801 695 350 1802 696 350 1803 696 349 1804 694 339 1805 693 341 1806 695 343 1807 697 351 1808 698 351 1809 698 350 1810 696 341 1811 695 343 1812 697 331 1813 681 345 1814 684 345 1815 684 351 1816 698 343 1817 697 345 1818 699 344 1819 700 320 1820 701 320 1821 701 327 1822 702 345 1823 699 344 1824 703 346 1825 704 321 1826 705 321 1827 705 320 1828 706 344 1829 703 346 1830 707 347 1831 708 322 1832 709 322 1833 709 321 1834 710 346 1835 707 347 1836 711 348 1837 712 323 1838 713 323 1839 713 322 1840 714 347 1841 711 348 1842 715 349 1843 716 324 1844 717 324 1845 717 323 1846 718 348 1847 715 349 1848 719 350 1849 720 325 1850 721 325 1851 721 324 1852 722 349 1853 719 350 1854 723 351 1855 724 326 1856 725 326 1857 725 325 1858 726 350 1859 723 351 1860 727 345 1861 728 327 1862 729 327 1863 729 326 1864 730 351 1865 727 329 1866 650 328 1867 649 298 1868 603 298 1869 603 297 1870 602 329 1871 650 332 1872 654 329 1873 653 297 1874 607 297 1875 607 301 1876 606 332 1877 654 334 1878 658 332 1879 657 301 1880 611 301 1881 611 303 1882 610 334 1883 658 336 1884 662 334 1885 661 303 1886 615 303 1887 615 305 1888 614 336 1889 662 338 1890 666 336 1891 665 305 1892 619 305 1893 619 307 1894 618 338 1895 666 340 1896 670 338 1897 669 307 1898 623 307 1899 623 309 1900 622 340 1901 670 342 1902 674 340 1903 673 309 1904 627 309 1905 627 311 1906 626 342 1907 674 328 1908 678 342 1909 677 311 1910 631 311 1911 631 298 1912 630 328 1913 678 296 1914 731 299 1915 732 352 1916 733 352 1917 733 353 1918 734 296 1919 731 299 1920 732 310 1921 735 354 1922 736 354 1923 736 352 1924 733 299 1925 732 310 1926 735 308 1927 737 355 1928 738 355 1929 738 354 1930 736 310 1931 735 308 1932 737 306 1933 739 356 1934 740 356 1935 740 355 1936 738 308 1937 737 306 1938 739 304 1939 741 357 1940 742 357 1941 742 356 1942 740 306 1943 739 304 1944 741 302 1945 743 358 1946 744 358 1947 744 357 1948 742 304 1949 741 302 1950 743 300 1951 745 359 1952 746 359 1953 746 358 1954 744 302 1955 743 300 1956 747 296 1957 731 353 1958 734 353 1959 734 359 1960 748 300 1961 747 353 1962 749 352 1963 750 360 1964 751 360 1965 751 361 1966 752 353 1967 749 352 1968 753 354 1969 754 362 1970 755 362 1971 755 360 1972 756 352 1973 753 354 1974 757 355 1975 758 363 1976 759 363 1977 759 362 1978 760 354 1979 757 355 1980 761 356 1981 762 364 1982 763 364 1983 763 363 1984 764 355 1985 761 356 1986 765 357 1987 766 365 1988 767 365 1989 767 364 1990 768 356 1991 765 357 1992 769 358 1993 770 366 1994 771 366 1995 771 365 1996 772 357 1997 769 358 1998 773 359 1999 774 367 2000 775 367 2001 775 366 2002 776 358 2003 773 359 2004 777 353 2005 778 361 2006 779 361 2007 779 367 2008 780 359 2009 777 361 2010 781 360 2011 782 368 2012 783 368 2013 783 369 2014 784 361 2015 781 360 2016 782 362 2017 785 370 2018 786 370 2019 786 368 2020 783 360 2021 782 362 2022 785 363 2023 787 371 2024 788 371 2025 788 370 2026 786 362 2027 785 363 2028 787 364 2029 789 372 2030 790 372 2031 790 371 2032 788 363 2033 787 364 2034 789 365 2035 791 373 2036 792 373 2037 792 372 2038 790 364 2039 789 365 2040 791 366 2041 793 374 2042 794 374 2043 794 373 2044 792 365 2045 791 366 2046 793 367 2047 795 375 2048 796 375 2049 796 374 2050 794 366 2051 793 367 2052 797 361 2053 781 369 2054 784 369 2055 784 375 2056 798 367 2057 797 368 2058 799 376 2059 800 377 2060 801 377 2061 801 369 2062 802 368 2063 799 370 2064 803 378 2065 804 376 2066 805 376 2067 805 368 2068 806 370 2069 803 371 2070 807 379 2071 808 378 2072 809 378 2073 809 370 2074 810 371 2075 807 372 2076 811 380 2077 812 379 2078 813 379 2079 813 371 2080 814 372 2081 811 373 2082 815 381 2083 816 380 2084 817 380 2085 817 372 2086 818 373 2087 815 374 2088 819 382 2089 820 381 2090 821 381 2091 821 373 2092 822 374 2093 819 375 2094 823 383 2095 824 382 2096 825 382 2097 825 374 2098 826 375 2099 823 369 2100 827 377 2101 828 383 2102 829 383 2103 829 375 2104 830 369 2105 827 318 2106 831 317 2107 832 377 2108 801 377 2109 801 376 2110 800 318 2111 831 319 2112 833 318 2113 834 376 2114 805 376 2115 805 378 2116 804 319 2117 833 312 2118 835 319 2119 836 378 2120 809 378 2121 809 379 2122 808 312 2123 835 313 2124 837 312 2125 838 379 2126 813 379 2127 813 380 2128 812 313 2129 837 314 2130 839 313 2131 840 380 2132 817 380 2133 817 381 2134 816 314 2135 839 315 2136 841 314 2137 842 381 2138 821 381 2139 821 382 2140 820 315 2141 841 316 2142 843 315 2143 844 382 2144 825 382 2145 825 383 2146 824 316 2147 843 317 2148 845 316 2149 846 383 2150 829 383 2151 829 377 2152 828 317 2153 845 384 2154 847 385 2155 848 386 2156 849 386 2157 849 387 2158 850 384 2159 847 388 2160 851 389 2161 852 390 2162 853 390 2163 853 391 2164 854 388 2165 851 384 2166 855 387 2167 856 392 2168 857 392 2169 857 393 2170 858 384 2171 855 387 2172 859 386 2173 860 394 2174 861 394 2175 861 389 2176 862 392 2177 863 387 2178 859 394 2179 861 392 2180 863 386 2181 864 385 2182 865 395 2183 866 395 2184 866 394 2185 867 386 2186 864 384 2187 868 393 2188 869 391 2189 870 385 2190 871 384 2191 868 391 2192 870 385 2193 871 391 2194 870 390 2195 872 391 2196 873 393 2197 874 392 2198 875 392 2199 875 388 2200 876 391 2201 873 396 2202 877 397 2203 878 398 2204 879 398 2205 879 399 2206 880 396 2207 877 400 2208 881 401 2209 882 402 2210 883 402 2211 883 403 2212 884 400 2213 881 404 2214 885 405 2215 886 406 2216 887 406 2217 887 407 2218 888 404 2219 885 408 2220 889 409 2221 890 410 2222 891 410 2223 891 411 2224 892 408 2225 889 412 2226 893 413 2227 894 414 2228 895 414 2229 895 415 2230 896 412 2231 893 403 2232 897 399 2233 898 398 2234 899 398 2235 900 400 2236 901 403 2237 902 410 2238 903 409 2239 904 397 2240 878 397 2241 878 396 2242 877 410 2243 903 411 2244 905 402 2245 883 401 2246 882 401 2247 882 408 2248 906 411 2249 905 416 2250 907 417 2251 908 406 2252 887 406 2253 887 405 2254 886 416 2255 907 418 2256 909 419 2257 910 414 2258 911 414 2259 911 413 2260 912 418 2261 909 414 2262 913 419 2263 914 398 2264 879 398 2265 879 397 2266 878 414 2267 913 399 2268 880 407 2269 915 406 2270 916 406 2271 916 396 2272 877 399 2273 880 400 2274 881 418 2275 917 413 2276 918 413 2277 918 401 2278 882 400 2279 881 405 2280 919 404 2281 920 403 2282 884 403 2283 884 402 2284 883 405 2285 919 412 2286 921 415 2287 922 409 2288 890 409 2289 890 408 2290 889 412 2291 921 417 2292 923 416 2293 924 411 2294 892 411 2295 892 410 2296 891 417 2297 923 404 2298 925 407 2299 926 399 2300 898 399 2301 898 403 2302 897 404 2303 925 419 2304 927 418 2305 928 400 2306 929 400 2307 930 398 2308 931 419 2309 932 409 2310 904 415 2311 933 414 2312 913 414 2313 913 397 2314 878 409 2315 904 396 2316 877 406 2317 916 417 2318 934 417 2319 934 410 2320 903 396 2321 877 416 2322 935 405 2323 919 402 2324 883 402 2325 883 411 2326 905 416 2327 935 413 2328 918 412 2329 936 408 2330 906 408 2331 906 401 2332 882 413 2333 918 420 2334 937 421 2335 938 422 2336 939 422 2337 939 423 2338 940 420 2339 937 424 2340 941 420 2341 942 423 2342 943 423 2343 943 425 2344 944 424 2345 941 426 2346 945 424 2347 946 425 2348 947 425 2349 947 427 2350 948 426 2351 945 428 2352 949 426 2353 950 427 2354 951 427 2355 951 429 2356 952 428 2357 949 430 2358 953 428 2359 954 429 2360 955 429 2361 955 431 2362 956 430 2363 953 432 2364 957 430 2365 958 431 2366 959 431 2367 959 433 2368 960 432 2369 957 434 2370 961 432 2371 962 433 2372 963 433 2373 963 435 2374 964 434 2375 961 421 2376 965 434 2377 966 435 2378 967 435 2379 967 422 2380 968 421 2381 965 436 2382 969 437 2383 970 438 2384 971 438 2385 971 439 2386 972 440 2387 973 436 2388 969 438 2389 971 440 2390 973 440 2391 973 441 2392 974 442 2393 975 436 2394 969 440 2395 973 442 2396 975 443 2397 976 436 2398 969 442 2399 975 444 2400 977 445 2401 978 446 2402 979 446 2403 979 447 2404 980 448 2405 981 444 2406 977 446 2407 979 448 2408 981 448 2409 981 449 2410 982 450 2411 983 444 2412 977 448 2413 981 450 2414 983 451 2415 984 444 2416 977 450 2417 983 452 2418 985 453 2419 986 454 2420 987 454 2421 987 455 2422 988 452 2423 985 455 2424 989 454 2425 990 456 2426 991 456 2427 991 457 2428 992 455 2429 989 457 2430 993 456 2431 994 458 2432 995 458 2433 995 459 2434 996 457 2435 993 459 2436 997 458 2437 998 460 2438 999 460 2439 999 461 2440 1000 459 2441 997 461 2442 1001 460 2443 1002 462 2444 1003 462 2445 1003 463 2446 1004 461 2447 1001 463 2448 1005 462 2449 1006 464 2450 1007 464 2451 1007 465 2452 1008 463 2453 1005 465 2454 1009 464 2455 1010 466 2456 1011 466 2457 1011 467 2458 1012 465 2459 1009 467 2460 1013 466 2461 1014 453 2462 1015 453 2463 1015 452 2464 1016 467 2465 1013 453 2466 1017 468 2467 1018 469 2468 1019 469 2469 1019 454 2470 1020 453 2471 1017 454 2472 1020 469 2473 1019 470 2474 1021 470 2475 1021 456 2476 1022 454 2477 1020 456 2478 1023 470 2479 1024 471 2480 1025 471 2481 1025 458 2482 1026 456 2483 1023 458 2484 1026 471 2485 1025 472 2486 1027 472 2487 1027 460 2488 1028 458 2489 1026 460 2490 1028 472 2491 1027 473 2492 1029 473 2493 1029 462 2494 1030 460 2495 1028 462 2496 1030 473 2497 1029 474 2498 1031 474 2499 1031 464 2500 1032 462 2501 1030 464 2502 1032 474 2503 1031 475 2504 1033 475 2505 1033 466 2506 1034 464 2507 1032 466 2508 1034 475 2509 1033 468 2510 1018 468 2511 1018 453 2512 1017 466 2513 1034 468 2514 1035 451 2515 1036 450 2516 1037 450 2517 1037 469 2518 1038 468 2519 1035 469 2520 1039 450 2521 1040 449 2522 1041 449 2523 1041 470 2524 1042 469 2525 1039 470 2526 1043 449 2527 1044 448 2528 1045 448 2529 1045 471 2530 1046 470 2531 1043 471 2532 1047 448 2533 1048 447 2534 1049 447 2535 1049 472 2536 1050 471 2537 1047 472 2538 1051 447 2539 1052 446 2540 1053 446 2541 1053 473 2542 1054 472 2543 1051 473 2544 1055 446 2545 1056 445 2546 1057 445 2547 1057 474 2548 1058 473 2549 1055 474 2550 1059 445 2551 1060 444 2552 1061 444 2553 1061 475 2554 1062 474 2555 1059 475 2556 1063 444 2557 1064 451 2558 1065 451 2559 1065 468 2560 1066 475 2561 1063 455 2562 988 423 2563 940 422 2564 939 422 2565 939 452 2566 985 455 2567 988 457 2568 992 425 2569 944 423 2570 943 423 2571 943 455 2572 989 457 2573 992 459 2574 996 427 2575 948 425 2576 947 425 2577 947 457 2578 993 459 2579 996 461 2580 1000 429 2581 952 427 2582 951 427 2583 951 459 2584 997 461 2585 1000 463 2586 1004 431 2587 956 429 2588 955 429 2589 955 461 2590 1001 463 2591 1004 465 2592 1008 433 2593 960 431 2594 959 431 2595 959 463 2596 1005 465 2597 1008 467 2598 1012 435 2599 964 433 2600 963 433 2601 963 465 2602 1009 467 2603 1012 452 2604 1016 422 2605 968 435 2606 967 435 2607 967 467 2608 1013 452 2609 1016 420 2610 1067 476 2611 1068 477 2612 1069 477 2613 1069 421 2614 1070 420 2615 1067 421 2616 1070 477 2617 1069 478 2618 1071 478 2619 1071 434 2620 1072 421 2621 1070 434 2622 1072 478 2623 1071 479 2624 1073 479 2625 1073 432 2626 1074 434 2627 1072 432 2628 1074 479 2629 1073 480 2630 1075 480 2631 1075 430 2632 1076 432 2633 1074 430 2634 1076 480 2635 1075 481 2636 1077 481 2637 1077 428 2638 1078 430 2639 1076 428 2640 1078 481 2641 1077 482 2642 1079 482 2643 1079 426 2644 1080 428 2645 1078 426 2646 1080 482 2647 1079 483 2648 1081 483 2649 1081 424 2650 1082 426 2651 1080 424 2652 1083 483 2653 1084 476 2654 1068 476 2655 1068 420 2656 1067 424 2657 1083 476 2658 1085 484 2659 1086 485 2660 1087 485 2661 1087 477 2662 1088 476 2663 1085 477 2664 1089 485 2665 1090 486 2666 1091 486 2667 1091 478 2668 1092 477 2669 1089 478 2670 1093 486 2671 1094 487 2672 1095 487 2673 1095 479 2674 1096 478 2675 1093 479 2676 1097 487 2677 1098 488 2678 1099 488 2679 1099 480 2680 1100 479 2681 1097 480 2682 1101 488 2683 1102 489 2684 1103 489 2685 1103 481 2686 1104 480 2687 1101 481 2688 1105 489 2689 1106 490 2690 1107 490 2691 1107 482 2692 1108 481 2693 1105 482 2694 1109 490 2695 1110 491 2696 1111 491 2697 1111 483 2698 1112 482 2699 1109 483 2700 1113 491 2701 1114 484 2702 1115 484 2703 1115 476 2704 1116 483 2705 1113 484 2706 1117 492 2707 1118 493 2708 1119 493 2709 1119 485 2710 1120 484 2711 1117 485 2712 1120 493 2713 1119 494 2714 1121 494 2715 1121 486 2716 1122 485 2717 1120 486 2718 1122 494 2719 1121 495 2720 1123 495 2721 1123 487 2722 1124 486 2723 1122 487 2724 1124 495 2725 1123 496 2726 1125 496 2727 1125 488 2728 1126 487 2729 1124 488 2730 1126 496 2731 1125 497 2732 1127 497 2733 1127 489 2734 1128 488 2735 1126 489 2736 1128 497 2737 1127 498 2738 1129 498 2739 1129 490 2740 1130 489 2741 1128 490 2742 1130 498 2743 1129 499 2744 1131 499 2745 1131 491 2746 1132 490 2747 1130 491 2748 1133 499 2749 1134 492 2750 1118 492 2751 1118 484 2752 1117 491 2753 1133 493 2754 1135 492 2755 1136 500 2756 1137 500 2757 1137 501 2758 1138 493 2759 1135 494 2760 1139 493 2761 1140 501 2762 1141 501 2763 1141 502 2764 1142 494 2765 1139 495 2766 1143 494 2767 1144 502 2768 1145 502 2769 1145 503 2770 1146 495 2771 1143 496 2772 1147 495 2773 1148 503 2774 1149 503 2775 1149 504 2776 1150 496 2777 1147 497 2778 1151 496 2779 1152 504 2780 1153 504 2781 1153 505 2782 1154 497 2783 1151 498 2784 1155 497 2785 1156 505 2786 1157 505 2787 1157 506 2788 1158 498 2789 1155 499 2790 1159 498 2791 1160 506 2792 1161 506 2793 1161 507 2794 1162 499 2795 1159 492 2796 1163 499 2797 1164 507 2798 1165 507 2799 1165 500 2800 1166 492 2801 1163 436 2802 1167 501 2803 1138 500 2804 1137 500 2805 1137 437 2806 1168 436 2807 1167 443 2808 1169 502 2809 1142 501 2810 1141 501 2811 1141 436 2812 1170 443 2813 1169 442 2814 1171 503 2815 1146 502 2816 1145 502 2817 1145 443 2818 1172 442 2819 1171 441 2820 1173 504 2821 1150 503 2822 1149 503 2823 1149 442 2824 1174 441 2825 1173 440 2826 1175 505 2827 1154 504 2828 1153 504 2829 1153 441 2830 1176 440 2831 1175 439 2832 1177 506 2833 1158 505 2834 1157 505 2835 1157 440 2836 1178 439 2837 1177 438 2838 1179 507 2839 1162 506 2840 1161 506 2841 1161 439 2842 1180 438 2843 1179 437 2844 1181 500 2845 1166 507 2846 1165 507 2847 1165 438 2848 1182 437 2849 1181 508 2850 1183 509 2851 1184 510 2852 1185 510 2853 1185 511 2854 1186 508 2855 1183 512 2856 1187 513 2857 1188 514 2858 1189 514 2859 1189 515 2860 1190 512 2861 1187 508 2862 1191 516 2863 1192 517 2864 1193 517 2865 1193 509 2866 1194 508 2867 1191 517 2868 1195 514 2869 1196 513 2870 1197 510 2871 1198 518 2872 1199 519 2873 1200 519 2874 1200 511 2875 1201 510 2876 1198 511 2877 1202 519 2878 1203 512 2879 1204 515 2880 1205 514 2881 1206 517 2882 1207 517 2883 1207 516 2884 1208 515 2885 1205 520 2886 1209 521 2887 1210 522 2888 1211 522 2889 1211 523 2890 1212 520 2891 1209 524 2892 1213 520 2893 1214 523 2894 1215 523 2895 1215 525 2896 1216 524 2897 1213 526 2898 1217 524 2899 1218 525 2900 1219 525 2901 1219 527 2902 1220 526 2903 1217 528 2904 1221 526 2905 1222 527 2906 1223 527 2907 1223 529 2908 1224 528 2909 1221 530 2910 1225 528 2911 1226 529 2912 1227 529 2913 1227 531 2914 1228 530 2915 1225 532 2916 1229 530 2917 1230 531 2918 1231 531 2919 1231 533 2920 1232 532 2921 1229 534 2922 1233 532 2923 1234 533 2924 1235 533 2925 1235 535 2926 1236 534 2927 1233 521 2928 1237 534 2929 1238 535 2930 1239 535 2931 1239 522 2932 1240 521 2933 1237 536 2934 1241 537 2935 1242 538 2936 1243 538 2937 1243 539 2938 1244 540 2939 1245 536 2940 1241 538 2941 1243 540 2942 1245 540 2943 1245 541 2944 1246 542 2945 1247 536 2946 1241 540 2947 1245 542 2948 1247 543 2949 1248 536 2950 1241 542 2951 1247 544 2952 1249 545 2953 1250 546 2954 1251 546 2955 1251 547 2956 1252 548 2957 1253 544 2958 1249 546 2959 1251 548 2960 1253 548 2961 1253 549 2962 1254 550 2963 1255 544 2964 1249 548 2965 1253 550 2966 1255 551 2967 1256 544 2968 1249 550 2969 1255 552 2970 1257 553 2971 1258 554 2972 1259 554 2973 1259 555 2974 1260 552 2975 1257 555 2976 1261 554 2977 1262 556 2978 1263 556 2979 1263 557 2980 1264 555 2981 1261 557 2982 1265 556 2983 1266 558 2984 1267 558 2985 1267 559 2986 1268 557 2987 1265 559 2988 1269 558 2989 1270 560 2990 1271 560 2991 1271 561 2992 1272 559 2993 1269 561 2994 1273 560 2995 1274 562 2996 1275 562 2997 1275 563 2998 1276 561 2999 1273 563 3000 1277 562 3001 1278 564 3002 1279 564 3003 1279 565 3004 1280 563 3005 1277 565 3006 1281 564 3007 1282 566 3008 1283 566 3009 1283 567 3010 1284 565 3011 1281 567 3012 1285 566 3013 1286 553 3014 1287 553 3015 1287 552 3016 1288 567 3017 1285 553 3018 1289 568 3019 1290 569 3020 1291 569 3021 1291 554 3022 1292 553 3023 1289 554 3024 1292 569 3025 1291 570 3026 1293 570 3027 1293 556 3028 1294 554 3029 1292 556 3030 1295 570 3031 1296 571 3032 1297 571 3033 1297 558 3034 1298 556 3035 1295 558 3036 1298 571 3037 1297 572 3038 1299 572 3039 1299 560 3040 1300 558 3041 1298 560 3042 1300 572 3043 1299 573 3044 1301 573 3045 1301 562 3046 1302 560 3047 1300 562 3048 1302 573 3049 1301 574 3050 1303 574 3051 1303 564 3052 1304 562 3053 1302 564 3054 1304 574 3055 1303 575 3056 1305 575 3057 1305 566 3058 1306 564 3059 1304 566 3060 1306 575 3061 1305 568 3062 1290 568 3063 1290 553 3064 1289 566 3065 1306 568 3066 1307 551 3067 1308 550 3068 1309 550 3069 1309 569 3070 1310 568 3071 1307 569 3072 1311 550 3073 1312 549 3074 1313 549 3075 1313 570 3076 1314 569 3077 1311 570 3078 1315 549 3079 1316 548 3080 1317 548 3081 1317 571 3082 1318 570 3083 1315 571 3084 1319 548 3085 1320 547 3086 1321 547 3087 1321 572 3088 1322 571 3089 1319 572 3090 1323 547 3091 1324 546 3092 1325 546 3093 1325 573 3094 1326 572 3095 1323 573 3096 1327 546 3097 1328 545 3098 1329 545 3099 1329 574 3100 1330 573 3101 1327 574 3102 1331 545 3103 1332 544 3104 1333 544 3105 1333 575 3106 1334 574 3107 1331 575 3108 1335 544 3109 1336 551 3110 1337 551 3111 1337 568 3112 1338 575 3113 1335 555 3114 1260 523 3115 1212 522 3116 1211 522 3117 1211 552 3118 1257 555 3119 1260 557 3120 1264 525 3121 1216 523 3122 1215 523 3123 1215 555 3124 1261 557 3125 1264 559 3126 1268 527 3127 1220 525 3128 1219 525 3129 1219 557 3130 1265 559 3131 1268 561 3132 1272 529 3133 1224 527 3134 1223 527 3135 1223 559 3136 1269 561 3137 1272 563 3138 1276 531 3139 1228 529 3140 1227 529 3141 1227 561 3142 1273 563 3143 1276 565 3144 1280 533 3145 1232 531 3146 1231 531 3147 1231 563 3148 1277 565 3149 1280 567 3150 1284 535 3151 1236 533 3152 1235 533 3153 1235 565 3154 1281 567 3155 1284 552 3156 1288 522 3157 1240 535 3158 1239 535 3159 1239 567 3160 1285 552 3161 1288 520 3162 1339 576 3163 1340 577 3164 1341 577 3165 1341 521 3166 1342 520 3167 1339 521 3168 1342 577 3169 1341 578 3170 1343 578 3171 1343 534 3172 1344 521 3173 1342 534 3174 1344 578 3175 1343 579 3176 1345 579 3177 1345 532 3178 1346 534 3179 1344 532 3180 1346 579 3181 1345 580 3182 1347 580 3183 1347 530 3184 1348 532 3185 1346 530 3186 1348 580 3187 1347 581 3188 1349 581 3189 1349 528 3190 1350 530 3191 1348 528 3192 1350 581 3193 1349 582 3194 1351 582 3195 1351 526 3196 1352 528 3197 1350 526 3198 1352 582 3199 1351 583 3200 1353 583 3201 1353 524 3202 1354 526 3203 1352 524 3204 1355 583 3205 1356 576 3206 1340 576 3207 1340 520 3208 1339 524 3209 1355 576 3210 1357 584 3211 1358 585 3212 1359 585 3213 1359 577 3214 1360 576 3215 1357 577 3216 1361 585 3217 1362 586 3218 1363 586 3219 1363 578 3220 1364 577 3221 1361 578 3222 1365 586 3223 1366 587 3224 1367 587 3225 1367 579 3226 1368 578 3227 1365 579 3228 1369 587 3229 1370 588 3230 1371 588 3231 1371 580 3232 1372 579 3233 1369 580 3234 1373 588 3235 1374 589 3236 1375 589 3237 1375 581 3238 1376 580 3239 1373 581 3240 1377 589 3241 1378 590 3242 1379 590 3243 1379 582 3244 1380 581 3245 1377 582 3246 1381 590 3247 1382 591 3248 1383 591 3249 1383 583 3250 1384 582 3251 1381 583 3252 1385 591 3253 1386 584 3254 1387 584 3255 1387 576 3256 1388 583 3257 1385 584 3258 1389 592 3259 1390 593 3260 1391 593 3261 1391 585 3262 1392 584 3263 1389 585 3264 1392 593 3265 1391 594 3266 1393 594 3267 1393 586 3268 1394 585 3269 1392 586 3270 1394 594 3271 1393 595 3272 1395 595 3273 1395 587 3274 1396 586 3275 1394 587 3276 1396 595 3277 1395 596 3278 1397 596 3279 1397 588 3280 1398 587 3281 1396 588 3282 1398 596 3283 1397 597 3284 1399 597 3285 1399 589 3286 1400 588 3287 1398 589 3288 1400 597 3289 1399 598 3290 1401 598 3291 1401 590 3292 1402 589 3293 1400 590 3294 1402 598 3295 1401 599 3296 1403 599 3297 1403 591 3298 1404 590 3299 1402 591 3300 1405 599 3301 1406 592 3302 1390 592 3303 1390 584 3304 1389 591 3305 1405 593 3306 1407 592 3307 1408 600 3308 1409 600 3309 1409 601 3310 1410 593 3311 1407 594 3312 1411 593 3313 1412 601 3314 1413 601 3315 1413 602 3316 1414 594 3317 1411 595 3318 1415 594 3319 1416 602 3320 1417 602 3321 1417 603 3322 1418 595 3323 1415 596 3324 1419 595 3325 1420 603 3326 1421 603 3327 1421 604 3328 1422 596 3329 1419 597 3330 1423 596 3331 1424 604 3332 1425 604 3333 1425 605 3334 1426 597 3335 1423 598 3336 1427 597 3337 1428 605 3338 1429 605 3339 1429 606 3340 1430 598 3341 1427 599 3342 1431 598 3343 1432 606 3344 1433 606 3345 1433 607 3346 1434 599 3347 1431 592 3348 1435 599 3349 1436 607 3350 1437 607 3351 1437 600 3352 1438 592 3353 1435 536 3354 1439 601 3355 1410 600 3356 1409 600 3357 1409 537 3358 1440 536 3359 1439 543 3360 1441 602 3361 1414 601 3362 1413 601 3363 1413 536 3364 1442 543 3365 1441 542 3366 1443 603 3367 1418 602 3368 1417 602 3369 1417 543 3370 1444 542 3371 1443 541 3372 1445 604 3373 1422 603 3374 1421 603 3375 1421 542 3376 1446 541 3377 1445 540 3378 1447 605 3379 1426 604 3380 1425 604 3381 1425 541 3382 1448 540 3383 1447 539 3384 1449 606 3385 1430 605 3386 1429 605 3387 1429 540 3388 1450 539 3389 1449 538 3390 1451 607 3391 1434 606 3392 1433 606 3393 1433 539 3394 1452 538 3395 1451 537 3396 1453 600 3397 1438 607 3398 1437 607 3399 1437 538 3400 1454 537 3401 1453 608 3402 1455 609 3403 1456 610 3404 1457 610 3405 1457 611 3406 1458 608 3407 1455 612 3408 1459 613 3409 1460 614 3410 1461 614 3411 1461 615 3412 1462 612 3413 1459 608 3414 1463 616 3415 1464 617 3416 1465 617 3417 1465 609 3418 1466 608 3419 1463 617 3420 1467 614 3421 1468 613 3422 1469 610 3423 1470 618 3424 1471 619 3425 1472 619 3426 1472 611 3427 1473 610 3428 1470 611 3429 1474 619 3430 1475 612 3431 1476 615 3432 1477 614 3433 1478 617 3434 1479 617 3435 1479 616 3436 1480 615 3437 1477 620 3438 1481 621 3439 1482 622 3440 1483 622 3441 1483 623 3442 1484 620 3443 1481 624 3444 1485 625 3445 1486 626 3446 1487 626 3447 1487 627 3448 1488 624 3449 1485 628 3450 1489 629 3451 1490 630 3452 1491 630 3453 1491 631 3454 1492 628 3455 1489 620 3456 1493 626 3457 1494 625 3458 1495 625 3459 1495 621 3460 1496 620 3461 1493 632 3462 1497 633 3463 1498 629 3464 1490 629 3465 1490 628 3466 1489 632 3467 1497 634 3468 1499 635 3469 1500 636 3470 1501 636 3471 1501 637 3472 1502 634 3473 1499 621 3474 1482 634 3475 1503 637 3476 1504 637 3477 1504 622 3478 1483 621 3479 1482 623 3480 1484 628 3481 1505 631 3482 1506 631 3483 1506 620 3484 1481 623 3485 1484 636 3486 1507 635 3487 1508 625 3488 1486 625 3489 1486 624 3490 1485 636 3491 1507 630 3492 1509 629 3493 1510 627 3494 1488 627 3495 1488 626 3496 1487 630 3497 1509 631 3498 1511 630 3499 1512 626 3500 1494 626 3501 1494 620 3502 1493 631 3503 1511 635 3504 1513 634 3505 1514 621 3506 1496 621 3507 1496 625 3508 1495 635 3509 1513 622 3510 1483 637 3511 1504 638 3512 1515 638 3513 1515 639 3514 1516 622 3515 1483 629 3516 1510 633 3517 1517 640 3518 1518 640 3519 1518 627 3520 1488 629 3521 1510 637 3522 1502 636 3523 1501 641 3524 1519 641 3525 1519 638 3526 1520 637 3527 1502 623 3528 1484 622 3529 1483 639 3530 1516 639 3531 1516 642 3532 1521 623 3533 1484 643 3534 1522 624 3535 1485 627 3536 1488 627 3537 1488 640 3538 1518 643 3539 1522 628 3540 1505 623 3541 1484 642 3542 1521 642 3543 1521 632 3544 1523 628 3545 1505 641 3546 1524 636 3547 1507 624 3548 1485 624 3549 1485 643 3550 1522 641 3551 1524 644 3552 1525 645 3553 1526 646 3554 1527 646 3555 1527 647 3556 1528 644 3557 1525 648 3558 1529 649 3559 1530 650 3560 1531 650 3561 1531 651 3562 1532 648 3563 1529 652 3564 1533 653 3565 1534 654 3566 1535 654 3567 1535 655 3568 1536 652 3569 1533 644 3570 1537 647 3571 1538 651 3572 1539 651 3573 1539 650 3574 1540 644 3575 1537 632 3576 1541 652 3577 1533 655 3578 1536 655 3579 1536 633 3580 1542 632 3581 1541 656 3582 1543 657 3583 1544 658 3584 1545 658 3585 1545 659 3586 1546 656 3587 1543 647 3588 1528 646 3589 1527 657 3590 1547 657 3591 1547 656 3592 1548 647 3593 1528 645 3594 1526 644 3595 1525 653 3596 1549 653 3597 1549 652 3598 1550 645 3599 1526 658 3600 1551 648 3601 1529 651 3602 1532 651 3603 1532 659 3604 1552 658 3605 1551 654 3606 1553 650 3607 1531 649 3608 1530 649 3609 1530 655 3610 1554 654 3611 1553 653 3612 1555 644 3613 1537 650 3614 1540 650 3615 1540 654 3616 1556 653 3617 1555 659 3618 1557 651 3619 1539 647 3620 1538 647 3621 1538 656 3622 1558 659 3623 1557 646 3624 1527 639 3625 1516 638 3626 1515 638 3627 1515 657 3628 1547 646 3629 1527 655 3630 1554 649 3631 1530 640 3632 1518 640 3633 1518 633 3634 1517 655 3635 1554 657 3636 1544 638 3637 1520 641 3638 1519 641 3639 1519 658 3640 1545 657 3641 1544 645 3642 1526 642 3643 1521 639 3644 1516 639 3645 1516 646 3646 1527 645 3647 1526 643 3648 1522 640 3649 1518 649 3650 1530 649 3651 1530 648 3652 1529 643 3653 1522 652 3654 1550 632 3655 1523 642 3656 1521 642 3657 1521 645 3658 1526 652 3659 1550 641 3660 1524 643 3661 1522 648 3662 1529 648 3663 1529 658 3664 1551 641 3665 1524 660 3666 1559 661 3667 1560 662 3668 1561 662 3669 1561 663 3670 1562 660 3671 1559 664 3672 1563 665 3673 1564 666 3674 1565 666 3675 1565 667 3676 1566 664 3677 1563 668 3678 1567 669 3679 1568 670 3680 1569 670 3681 1569 671 3682 1570 668 3683 1567 662 3684 1571 661 3685 1572 664 3686 1573 664 3687 1573 667 3688 1574 662 3689 1571 661 3690 1575 660 3691 1576 665 3692 1577 665 3693 1577 664 3694 1578 661 3695 1575 666 3696 1579 665 3697 1580 660 3698 1581 660 3699 1581 663 3700 1582 666 3701 1579 662 3702 1561 672 3703 1583 673 3704 1584 673 3705 1584 663 3706 1562 662 3707 1561 674 3708 1585 675 3709 1586 667 3710 1566 667 3711 1566 666 3712 1565 674 3713 1585 675 3714 1587 672 3715 1588 662 3716 1571 662 3717 1571 667 3718 1574 675 3719 1587 673 3720 1589 674 3721 1590 666 3722 1579 666 3723 1579 663 3724 1582 673 3725 1589 672 3726 1583 669 3727 1591 668 3728 1592 668 3729 1592 673 3730 1584 672 3731 1583 671 3732 1593 670 3733 1594 675 3734 1586 675 3735 1586 674 3736 1585 671 3737 1593 670 3738 1595 669 3739 1596 672 3740 1588 672 3741 1588 675 3742 1587 670 3743 1595 668 3744 1597 671 3745 1598 674 3746 1590 674 3747 1590 673 3748 1589 668 3749 1597 676 3750 1599 677 3751 1600 678 3752 1601 678 3753 1601 679 3754 1602 676 3755 1599 680 3756 1603 681 3757 1604 682 3758 1605 682 3759 1605 683 3760 1606 680 3761 1603 684 3762 1607 685 3763 1608 686 3764 1609 686 3765 1609 687 3766 1610 684 3767 1607 678 3768 1611 682 3769 1612 681 3770 1613 681 3771 1613 679 3772 1614 678 3773 1611 688 3774 1615 689 3775 1616 690 3776 1617 690 3777 1617 691 3778 1618 688 3779 1615 689 3780 1619 692 3781 1620 693 3782 1621 693 3783 1621 690 3784 1622 689 3785 1619 677 3786 1600 692 3787 1623 694 3788 1624 694 3789 1624 678 3790 1601 677 3791 1600 695 3792 1625 693 3793 1626 683 3794 1606 683 3795 1606 682 3796 1605 695 3797 1625 694 3798 1627 695 3799 1628 682 3800 1612 682 3801 1612 678 3802 1611 694 3803 1627 676 3804 1629 680 3805 1630 683 3806 1631 683 3807 1631 677 3808 1632 676 3809 1629 676 3810 1633 679 3811 1634 696 3812 1635 696 3813 1635 697 3814 1636 676 3815 1633 679 3816 1634 681 3817 1637 698 3818 1638 698 3819 1638 696 3820 1635 679 3821 1634 681 3822 1637 680 3823 1639 699 3824 1640 699 3825 1640 698 3826 1638 681 3827 1637 680 3828 1639 676 3829 1633 697 3830 1636 697 3831 1636 699 3832 1640 680 3833 1639 697 3834 1641 696 3835 1642 685 3836 1643 685 3837 1643 684 3838 1644 697 3839 1641 696 3840 1645 698 3841 1646 686 3842 1647 686 3843 1647 685 3844 1648 696 3845 1645 698 3846 1649 699 3847 1650 687 3848 1651 687 3849 1651 686 3850 1652 698 3851 1649 699 3852 1653 697 3853 1654 684 3854 1655 684 3855 1655 687 3856 1656 699 3857 1653 692 3858 1620 677 3859 1632 683 3860 1631 683 3861 1631 693 3862 1621 692 3863 1620 689 3864 1657 688 3865 1658 694 3866 1624 694 3867 1624 692 3868 1623 689 3869 1657 691 3870 1659 690 3871 1660 693 3872 1626 693 3873 1626 695 3874 1625 691 3875 1659 688 3876 1661 691 3877 1662 695 3878 1628 695 3879 1628 694 3880 1627 688 3881 1661 700 3882 1663 701 3883 1664 702 3884 1665 702 3885 1665 703 3886 1666 700 3887 1663 704 3888 1667 705 3889 1668 701 3890 1669 701 3891 1669 700 3892 1670 704 3893 1667 706 3894 1671 707 3895 1672 705 3896 1673 705 3897 1673 704 3898 1674 706 3899 1671 708 3900 1675 709 3901 1676 707 3902 1677 707 3903 1677 706 3904 1678 708 3905 1675 710 3906 1679 711 3907 1680 709 3908 1681 709 3909 1681 708 3910 1682 710 3911 1679 703 3912 1683 702 3913 1684 711 3914 1685 711 3915 1685 710 3916 1686 703 3917 1683 712 3918 1687 713 3919 1688 714 3920 1689 714 3921 1689 715 3922 1690 716 3923 1691 712 3924 1687 714 3925 1689 716 3926 1691 717 3927 1692 712 3928 1687 716 3929 1691 718 3930 1693 719 3931 1694 720 3932 1695 720 3933 1695 721 3934 1696 722 3935 1697 718 3936 1693 720 3937 1695 722 3938 1697 723 3939 1698 718 3940 1693 722 3941 1697 724 3942 1699 725 3943 1700 726 3944 1701 726 3945 1701 727 3946 1702 724 3947 1699 728 3948 1703 724 3949 1704 727 3950 1705 727 3951 1705 729 3952 1706 728 3953 1703 730 3954 1707 728 3955 1708 729 3956 1709 729 3957 1709 731 3958 1710 730 3959 1707 732 3960 1711 730 3961 1712 731 3962 1713 731 3963 1713 733 3964 1714 732 3965 1711 734 3966 1715 732 3967 1716 733 3968 1717 733 3969 1717 735 3970 1718 734 3971 1715 725 3972 1719 734 3973 1720 735 3974 1721 735 3975 1721 726 3976 1722 725 3977 1719 727 3978 1702 726 3979 1701 702 3980 1665 702 3981 1665 701 3982 1664 727 3983 1702 729 3984 1706 727 3985 1705 701 3986 1723 701 3987 1723 705 3988 1724 729 3989 1706 731 3990 1710 729 3991 1709 705 3992 1673 705 3993 1673 707 3994 1672 731 3995 1710 733 3996 1714 731 3997 1713 707 3998 1677 707 3999 1677 709 4000 1676 733 4001 1714 735 4002 1718 733 4003 1717 709 4004 1725 709 4005 1725 711 4006 1726 735 4007 1718 726 4008 1722 735 4009 1721 711 4010 1685 711 4011 1685 702 4012 1684 726 4013 1722 718 4014 1727 723 4015 1728 725 4016 1729 725 4017 1729 724 4018 1730 718 4019 1727 719 4020 1731 718 4021 1732 724 4022 1733 724 4023 1733 728 4024 1734 719 4025 1731 720 4026 1735 719 4027 1736 728 4028 1737 728 4029 1737 730 4030 1738 720 4031 1735 721 4032 1739 720 4033 1740 730 4034 1741 730 4035 1741 732 4036 1742 721 4037 1739 722 4038 1743 721 4039 1744 732 4040 1745 732 4041 1745 734 4042 1746 722 4043 1743 723 4044 1747 722 4045 1748 734 4046 1749 734 4047 1749 725 4048 1750 723 4049 1747 700 4050 1663 703 4051 1666 736 4052 1751 736 4053 1751 737 4054 1752 700 4055 1663 703 4056 1683 710 4057 1686 738 4058 1753 738 4059 1753 736 4060 1754 703 4061 1683 710 4062 1679 708 4063 1682 739 4064 1755 739 4065 1755 738 4066 1756 710 4067 1679 708 4068 1675 706 4069 1678 740 4070 1757 740 4071 1757 739 4072 1758 708 4073 1675 706 4074 1671 704 4075 1674 741 4076 1759 741 4077 1759 740 4078 1760 706 4079 1671 704 4080 1667 700 4081 1670 737 4082 1761 737 4083 1761 741 4084 1762 704 4085 1667 737 4086 1763 736 4087 1764 742 4088 1765 742 4089 1765 743 4090 1766 737 4091 1763 736 4092 1764 738 4093 1767 744 4094 1768 744 4095 1768 742 4096 1765 736 4097 1764 738 4098 1767 739 4099 1769 745 4100 1770 745 4101 1770 744 4102 1768 738 4103 1767 739 4104 1769 740 4105 1771 746 4106 1772 746 4107 1772 745 4108 1770 739 4109 1769 740 4110 1771 741 4111 1773 747 4112 1774 747 4113 1774 746 4114 1772 740 4115 1771 741 4116 1775 737 4117 1763 743 4118 1766 743 4119 1766 747 4120 1776 741 4121 1775 743 4122 1777 742 4123 1778 716 4124 1779 716 4125 1779 715 4126 1780 743 4127 1777 742 4128 1781 744 4129 1782 717 4130 1783 717 4131 1783 716 4132 1784 742 4133 1781 744 4134 1785 745 4135 1786 712 4136 1787 712 4137 1787 717 4138 1788 744 4139 1785 745 4140 1789 746 4141 1790 713 4142 1791 713 4143 1791 712 4144 1792 745 4145 1789 746 4146 1793 747 4147 1794 714 4148 1795 714 4149 1795 713 4150 1796 746 4151 1793 747 4152 1797 743 4153 1798 715 4154 1799 715 4155 1799 714 4156 1800 747 4157 1797 748 4158 1801 749 4159 1802 750 4160 1803 750 4161 1803 751 4162 1804 748 4163 1801 752 4164 1805 753 4165 1806 754 4166 1807 754 4167 1807 755 4168 1808 752 4169 1805 748 4170 1809 751 4171 1810 753 4172 1811 753 4173 1811 752 4174 1812 748 4175 1809 751 4176 1813 750 4177 1814 754 4178 1815 754 4179 1815 753 4180 1816 751 4181 1813 750 4182 1817 749 4183 1818 755 4184 1819 755 4185 1819 754 4186 1820 750 4187 1817 749 4188 1821 748 4189 1822 752 4190 1823 752 4191 1823 755 4192 1824 749 4193 1821 756 4194 1825 757 4195 1826 758 4196 1827 758 4197 1827 759 4198 1828 756 4199 1825 760 4200 1829 761 4201 1830 762 4202 1831 762 4203 1831 763 4204 1832 760 4205 1829 756 4206 1833 760 4207 1834 763 4208 1835 763 4209 1835 757 4210 1836 756 4211 1833 757 4212 1837 763 4213 1838 762 4214 1839 762 4215 1839 758 4216 1840 757 4217 1837 758 4218 1841 762 4219 1842 761 4220 1843 761 4221 1843 759 4222 1844 758 4223 1841 759 4224 1845 761 4225 1846 760 4226 1847 760 4227 1847 756 4228 1848 759 4229 1845 764 4230 1849 765 4231 1850 766 4232 1851 766 4233 1851 767 4234 1852 764 4235 1849 768 4236 1853 769 4237 1854 770 4238 1855 770 4239 1855 771 4240 1856 768 4241 1853 772 4242 1857 773 4243 1858 774 4244 1859 774 4245 1859 775 4246 1860 772 4247 1857 776 4248 1861 777 4249 1862 778 4250 1863 778 4251 1863 779 4252 1864 776 4253 1861 294 4254 1865 295 4255 1866 765 4256 1867 765 4257 1867 764 4258 1868 294 4259 1865 295 4260 1869 290 4261 596 766 4262 1870 766 4263 1870 765 4264 1871 295 4265 1869 290 4266 1872 289 4267 1873 767 4268 1874 767 4269 1874 766 4270 1875 290 4271 1872 289 4272 586 294 4273 585 764 4274 1876 764 4275 1876 767 4276 1877 289 4277 586 394 4278 1878 395 4279 1879 769 4280 1880 769 4281 1880 768 4282 1881 394 4283 1878 395 4284 1882 390 4285 872 770 4286 1883 770 4287 1883 769 4288 1884 395 4289 1882 390 4290 1885 389 4291 1886 771 4292 1887 771 4293 1887 770 4294 1888 390 4295 1885 389 4296 862 394 4297 861 768 4298 1889 768 4299 1889 771 4300 1890 389 4301 862 519 4302 1891 518 4303 1892 773 4304 1893 773 4305 1893 772 4306 1894 519 4307 1891 518 4308 1895 513 4309 1197 774 4310 1896 774 4311 1896 773 4312 1897 518 4313 1895 513 4314 1898 512 4315 1899 775 4316 1900 775 4317 1900 774 4318 1901 513 4319 1898 512 4320 1204 519 4321 1203 772 4322 1902 772 4323 1902 775 4324 1903 512 4325 1204 619 4326 1904 618 4327 1905 777 4328 1906 777 4329 1906 776 4330 1907 619 4331 1904 618 4332 1908 613 4333 1469 778 4334 1909 778 4335 1909 777 4336 1910 618 4337 1908 613 4338 1911 612 4339 1912 779 4340 1913 779 4341 1913 778 4342 1914 613 4343 1911 612 4344 1476 619 4345 1475 776 4346 1915 776 4347 1915 779 4348 1916 612 4349 1476 289 4350 586 288 4351 1917 292 4352 587 290 4353 596 295 4354 1869 285 4355 595 389 4356 862 388 4357 1918 392 4358 863 390 4359 872 395 4360 1882 385 4361 871 518 4362 1895 510 4363 1919 509 4364 1920 518 4365 1895 509 4366 1920 517 4367 1195 513 4368 1197 518 4369 1895 517 4370 1195 515 4371 1921 516 4372 1922 508 4373 1923 515 4374 1921 508 4375 1923 511 4376 1202 512 4377 1204 515 4378 1921 511 4379 1202 618 4380 1908 610 4381 1924 609 4382 1925 618 4383 1908 609 4384 1925 617 4385 1467 613 4386 1469 618 4387 1908 617 4388 1467 615 4389 1926 616 4390 1927 608 4391 1928 615 4392 1926 608 4393 1928 611 4394 1474 612 4395 1476 615 4396 1926 611 4397 1474 35 4398 1929 780 4399 1930 66 4400 1931 781 4401 1932 38 4402 40 37 4403 39 67 4404 1933 782 4405 1934 44 4406 1935 67 4407 1933 44 4408 1935 69 4409 1936 67 4410 1933 69 4411 1936 70 4412 1937 67 4413 1933 70 4414 1937 68 4415 1938 780 4416 1930 782 4417 1934 67 4418 1933 67 4419 1933 66 4420 1931 780 4421 1930 781 4422 1932 783 4423 1939 79 4424 92 79 4425 92 38 4426 40 781 4427 1932 784 4428 1940 139 4429 173 79 4430 225 79 4431 225 783 4432 1941 784 4433 1940 135 4434 1942 170 4435 1943 140 4436 1944 140 4437 1944 784 4438 1945 136 4439 1946 135 4440 1942 140 4441 1944 136 4442 1946 167 4443 203 107 4444 139 109 4445 141 109 4446 141 168 4447 1947 167 4448 203 167 4449 205 170 4450 208 135 4451 1948 785 4452 1949 168 4453 1947 109 4454 141 785 4455 1949 109 4456 141 111 4457 143 785 4458 1949 111 4459 143 143 4460 209 786 4461 1950 785 4462 1949 143 4463 209 786 4464 1950 143 4465 209 145 4466 1951 40 4467 1952 782 4468 1953 780 4469 1954 780 4470 1954 37 4471 1955 40 4472 1952 44 4473 1956 782 4474 1953 40 4475 1952 140 4476 174 139 4477 173 784 4478 1940 141 4479 1957 169 4480 1958 145 4481 1959 170 4482 1943 169 4483 1958 141 4484 1957 141 4485 1957 140 4486 1944 170 4487 1943 34 4488 1960 77 4489 1961 783 4490 1962 783 4491 1962 781 4492 1963 34 4493 1960 37 4494 1955 780 4495 1954 35 4496 1964 37 4497 1955 35 4498 1964 34 4499 1960 37 4500 1955 34 4501 1960 781 4502 1963 783 4503 1962 77 4504 1961 136 4505 1946 136 4506 1946 784 4507 1945 783 4508 1962 168 4509 206 785 4510 1965 786 4511 1966 169 4512 207 168 4513 206 786 4514 1966 145 4515 1967 169 4516 207 786 4517 1966</p></triangles>
      </mesh>
    </geometry>
  </library_geometries>
  <library_visual_scenes>
    <visual_scene id="kc135" name="kc135">
      <node name="hull" id="hull" sid="hull"><matrix sid="matrix">1.000000 0.000000 0.000000 0.000000 0.000000 0.000000 1.000000 0.000000 0.000000 -1.000000 0.000000 0.000000 0.000000 0.000000 0.000000 1.000000</matrix><instance_geometry url="#hull-lib"><bind_material><technique_common><instance_material symbol="kc135" target="#kc135"/></technique_common></bind_material></instance_geometry><extra><technique profile="FCOLLADA"><visibility>1.000000</visibility></technique></extra></node>
      <extra><technique profile="MAX3D"><frame_rate>30.000000</frame_rate></technique><technique profile="FCOLLADA"><start_time>0.000000</start_time><end_time>3.333333</end_time></technique></extra>
    </visual_scene>
  </library_visual_scenes>
  <scene>
    <instance_visual_scene url="#kc135"></instance_visual_scene>
  </scene>
</COLLADA>
