<?xml version="1.0" encoding="utf-8"?>
<COLLADA xmlns="http://www.collada.org/2005/11/COLLADASchema" version="1.4.1">
  <asset><contributor><author></author><authoring_tool>FBX COLLADA exporter</authoring_tool><comments></comments></contributor><created>2019-12-18T15:26:13Z</created><keywords></keywords><modified>2019-12-18T15:26:13Z</modified><revision></revision><subject></subject><title></title><unit meter="1.000000" name="centimeter"></unit><up_axis>Y_UP</up_axis></asset>
  <library_images>
    <image id="Bitmaptexture-image" name="Bitmaptexture"><init_from>file://mh6m_black_normal_1024.dds.png</init_from></image>
    <image id="Map #1-image" name="Map #1"><init_from>file://4blade_rotor.dds.png</init_from></image>
    <image id="Bitmaptexture_ncl1_1-image" name="Bitmaptexture_ncl1_1"><init_from>file://4blade_rotor_rear.dds.png</init_from></image>
  </library_images>
  <library_materials>
    <material id="mh6m_black_normal_1024" name="mh6m_black_normal_1024">
      <instance_effect url="#mh6m_black_normal_1024-fx"/>
    </material>
    <material id="_4blade_rotor" name="_4blade_rotor">
      <instance_effect url="#_4blade_rotor-fx"/>
    </material>
    <material id="_4blade_rotor_rear" name="_4blade_rotor_rear">
      <instance_effect url="#_4blade_rotor_rear-fx"/>
    </material>
  </library_materials>
  <library_effects>
    <effect id="mh6m_black_normal_1024-fx" name="mh6m_black_normal_1024">
      <profile_COMMON>
        <technique sid="standard">
          <phong>
            <emission>
              <color sid="emission">0.000000  0.000000 0.000000 1.000000</color>
            </emission>
            <ambient>
              <color sid="ambient">0.000000  0.000000 0.000000 1.000000</color>
            </ambient>
            <diffuse>
              <texture texture="Bitmaptexture-image" texcoord="CHANNEL0">
                <extra>
                  <technique profile="MAYA">
                    <wrapU sid="wrapU0">TRUE</wrapU>
                    <wrapV sid="wrapV0">TRUE</wrapV>
                    <blend_mode>ADD</blend_mode>
                  </technique>
                </extra>
              </texture>
            </diffuse>
            <specular>
              <color sid="specular">0.000000  0.000000 0.000000 1.000000</color>
            </specular>
            <shininess>
              <float sid="shininess">2.000000</float>
            </shininess>
            <reflective>
              <color sid="reflective">0.000000  0.000000 0.000000 1.000000</color>
            </reflective>
            <reflectivity>
              <float sid="reflectivity">1.000000</float>
            </reflectivity>
            <transparent opaque="RGB_ZERO">
              <color sid="transparent">1.000000  1.000000 1.000000 1.000000</color>
            </transparent>
            <transparency>
              <float sid="transparency">0.000000</float>
            </transparency>
          </phong>
        </technique>
      </profile_COMMON>
    </effect>
    <effect id="_4blade_rotor-fx" name="_4blade_rotor">
      <profile_COMMON>
        <technique sid="standard">
          <phong>
            <emission>
              <color sid="emission">0.000000  0.000000 0.000000 1.000000</color>
            </emission>
            <ambient>
              <color sid="ambient">0.588000  0.588000 0.588000 1.000000</color>
            </ambient>
            <diffuse>
              <texture texture="Map #1-image" texcoord="CHANNEL0">
                <extra>
                  <technique profile="MAYA">
                    <wrapU sid="wrapU0">TRUE</wrapU>
                    <wrapV sid="wrapV0">TRUE</wrapV>
                    <blend_mode>ADD</blend_mode>
                  </technique>
                </extra>
              </texture>
            </diffuse>
            <specular>
              <color sid="specular">0.000000  0.000000 0.000000 1.000000</color>
            </specular>
            <shininess>
              <float sid="shininess">2.000000</float>
            </shininess>
            <reflective>
              <color sid="reflective">0.000000  0.000000 0.000000 1.000000</color>
            </reflective>
            <reflectivity>
              <float sid="reflectivity">1.000000</float>
            </reflectivity>
            <transparent opaque="RGB_ZERO">
              <color sid="transparent">1.000000  1.000000 1.000000 1.000000</color>
            </transparent>
            <transparency>
              <float sid="transparency">0.000000</float>
            </transparency>
          </phong>
        </technique>
      </profile_COMMON>
    </effect>
    <effect id="_4blade_rotor_rear-fx" name="_4blade_rotor_rear">
      <profile_COMMON>
        <technique sid="standard">
          <phong>
            <emission>
              <color sid="emission">0.000000  0.000000 0.000000 1.000000</color>
            </emission>
            <ambient>
              <color sid="ambient">0.000000  0.000000 0.000000 1.000000</color>
            </ambient>
            <diffuse>
              <texture texture="Bitmaptexture_ncl1_1-image" texcoord="CHANNEL0">
                <extra>
                  <technique profile="MAYA">
                    <wrapU sid="wrapU0">TRUE</wrapU>
                    <wrapV sid="wrapV0">TRUE</wrapV>
                    <blend_mode>ADD</blend_mode>
                  </technique>
                </extra>
              </texture>
            </diffuse>
            <specular>
              <color sid="specular">0.000000  0.000000 0.000000 1.000000</color>
            </specular>
            <shininess>
              <float sid="shininess">2.000000</float>
            </shininess>
            <reflective>
              <color sid="reflective">0.000000  0.000000 0.000000 1.000000</color>
            </reflective>
            <reflectivity>
              <float sid="reflectivity">1.000000</float>
            </reflectivity>
            <transparent opaque="RGB_ZERO">
              <color sid="transparent">1.000000  1.000000 1.000000 1.000000</color>
            </transparent>
            <transparency>
              <float sid="transparency">0.000000</float>
            </transparency>
          </phong>
        </technique>
      </profile_COMMON>
    </effect>
  </library_effects>
  <library_geometries>
    <geometry id="mesh-0-lib" name="mesh-0Mesh">
      <mesh>
        <source id="mesh-0-POSITION">
          <float_array id="mesh-0-POSITION-array" count="1407">
0.167464 1.177607 -0.260084
0.191570 1.148762 -0.351699
0.167464 1.172868 -0.351699
0.196309 1.148762 -0.260084
0.167464 1.124655 -0.351699
0.167464 1.119916 -0.260084
0.143357 1.148762 -0.351699
0.138618 1.148762 -0.260084
-0.587996 -0.546638 0.564362
-0.531886 -0.547810 0.857566
-0.542043 -0.308287 0.957612
-0.619857 -0.351673 0.576892
-0.433526 -1.102044 0.003217
-0.475804 -1.309659 0.393379
-0.582081 -0.545744 0.224708
-0.532405 -0.453495 -0.180688
-0.612091 -0.351673 0.176655
-0.655011 0.182974 -0.206734
-0.680565 0.254980 0.108520
-0.657745 0.684411 -0.205138
-0.703372 0.644985 0.108520
-0.677788 1.148267 -0.110047
-0.703372 1.106789 0.192688
-0.662307 1.589597 0.067294
-0.646309 1.737616 0.302932
-0.349363 -0.264482 1.234000
-0.555971 -0.056281 1.064020
-0.279135 -0.926034 0.967369
-0.193800 -1.772722 0.334757
-0.137037 -1.710329 0.197720
-0.259582 -1.191054 -0.107295
-0.296709 -0.615033 -0.297239
-0.387875 0.123055 -0.336852
-0.371598 0.728080 -0.328755
-0.371598 1.273375 -0.216969
-0.371598 1.796777 -0.040337
-0.371598 1.966196 0.268516
-0.371598 2.020153 0.576647
-0.638456 1.783514 0.565043
-0.371598 1.873696 0.874285
-0.643872 1.555317 0.806799
-0.371598 1.507708 1.156272
-0.654313 1.230739 0.981338
-0.371598 1.010515 1.284137
-0.621587 0.861718 1.100965
-0.370891 0.435688 1.340998
-0.603264 0.392182 1.133182
-0.000000 -0.975591 0.991357
-0.000000 -0.305072 1.270004
-0.137037 -1.835116 0.471794
-0.000000 -1.860960 0.528557
-0.000000 -1.290449 -0.106006
-0.000000 -1.684484 0.140958
-0.000000 -0.670655 -0.336178
0.000000 0.102409 -0.381687
0.000000 0.743127 -0.371351
0.000000 1.316484 -0.253812
0.000000 1.862127 -0.066452
0.000000 2.044959 0.256657
0.000000 2.101693 0.580645
0.000000 1.947000 0.893600
0.000000 1.562876 1.188296
0.000000 1.040097 1.324544
0.000000 0.435688 1.384332
-0.712102 0.731109 0.642704
-0.707032 0.515276 0.632658
-0.703777 1.094938 0.663066
0.542043 -0.308287 0.957612
0.587996 -0.546638 0.564362
0.619857 -0.351673 0.576892
0.531886 -0.547810 0.857566
0.433526 -1.102044 0.003217
0.582081 -0.545744 0.224708
0.475804 -1.309659 0.393379
0.612091 -0.351673 0.176655
0.532405 -0.453495 -0.180688
0.655011 0.182974 -0.206734
0.680565 0.254980 0.108520
0.657745 0.684411 -0.205138
0.703372 0.644985 0.108520
0.677788 1.148267 -0.110047
0.703372 1.106789 0.192688
0.662307 1.589597 0.067294
0.646309 1.737616 0.302932
0.279135 -0.926034 0.967369
0.555971 -0.056281 1.064020
0.349363 -0.264482 1.234000
0.193800 -1.772722 0.334757
0.137037 -1.710329 0.197720
0.259582 -1.191054 -0.107295
0.296709 -0.615033 -0.297239
0.387875 0.123055 -0.336852
0.371598 0.728080 -0.328755
0.371598 1.273375 -0.216969
0.371598 1.796777 -0.040337
0.371598 1.966196 0.268516
0.371598 2.020153 0.576647
0.638456 1.783514 0.565043
0.371598 1.873696 0.874285
0.643872 1.555317 0.806799
0.371598 1.507708 1.156272
0.654313 1.230739 0.981338
0.371598 1.010515 1.284137
0.621587 0.861718 1.100965
0.370891 0.435688 1.340998
0.603264 0.392182 1.133182
0.137037 -1.835116 0.471794
0.712102 0.731109 0.642704
0.707024 0.515003 0.632643
0.703777 1.094938 0.663066
-0.000000 -4.592305 0.951205
0.063640 -4.592305 0.845516
0.054781 -4.592305 0.928514
-0.000000 -4.592305 0.796260
-0.063640 -4.592305 0.845516
-0.054781 -4.592305 0.928514
-0.153941 -1.837093 0.857032
-0.000000 -2.021171 0.654301
-0.000000 -2.259808 0.765810
-0.133854 -2.470256 0.857032
-0.000000 -2.470256 0.796887
-0.133854 -1.570634 0.524541
-0.153941 -1.128436 0.857032
0.153941 -1.837093 0.857032
0.133854 -2.470256 0.857032
0.133854 -1.570634 0.524541
0.153941 -1.128436 0.857032
-0.153941 -1.193123 1.218509
-0.153941 -0.222508 1.221212
0.153941 -1.193123 1.218509
0.153941 -0.222508 1.221212
0.148908 0.057506 1.612277
0.165561 -0.265297 1.619607
-0.141973 0.197903 1.553496
-0.148908 0.057506 1.612277
-0.165561 -0.265297 1.619607
-0.153941 0.280072 1.220070
0.153941 0.280072 1.220070
0.141973 0.197903 1.553496
0.115762 -1.267427 1.530398
-0.115762 -1.267427 1.530398
0.090457 -1.256055 1.573121
-0.090457 -1.256055 1.573121
-0.000000 -1.327917 1.571630
-0.000000 -1.340778 1.530398
-0.000000 -1.272821 1.252229
-0.217705 -1.837093 1.012298
-0.153941 -1.837093 1.174587
-0.000000 -1.837093 1.227581
-0.189298 -2.470256 0.986184
-0.133854 -2.470256 1.120038
-0.000000 -2.470256 1.175482
0.217705 -1.837093 1.012298
0.153941 -1.837093 1.174587
0.189298 -2.470256 0.986184
0.133854 -2.470256 1.120038
-0.000000 -4.810901 0.825760
-0.056827 -4.382185 0.882587
-0.000000 -4.382185 0.825760
-0.056827 -4.810901 0.882587
0.056827 -4.382185 0.882587
0.056827 -4.810901 0.882587
-0.000000 -4.382185 0.939411
-0.000000 -4.810901 0.939415
0.067516 -4.517030 0.180062
0.093945 -4.617030 0.980062
0.067516 -4.295953 0.954989
0.093945 -4.617030 0.180062
0.120373 -4.295953 0.954989
0.120373 -4.517030 0.180062
0.056827 -4.610901 0.976279
0.079137 -4.614781 2.000803
0.056827 -4.289823 0.951205
0.093945 -4.890691 1.976279
0.131062 -4.610901 0.976279
0.131062 -4.289823 0.951205
0.108760 -4.614751 2.000343
0.093945 -4.810901 0.976279
-0.746871 -4.896804 2.102708
-0.753290 -4.711210 2.002708
-0.753290 -4.796804 2.102708
-0.746871 -4.851377 1.880013
-0.753290 -4.722157 1.880013
-0.759710 -4.896804 2.102708
-0.759710 -4.851377 1.880013
0.093945 -4.961055 2.029137
-0.753290 -4.756232 2.002708
-0.753290 -4.937550 2.002708
0.093945 -4.569613 2.002708
0.093945 -4.961055 1.976279
0.941180 -4.937550 2.002708
0.941180 -4.756232 2.002708
0.934760 -4.851377 1.880013
0.941180 -4.711210 2.002708
0.941180 -4.722157 1.880013
0.934760 -4.896804 2.102708
0.941180 -4.796804 2.102708
0.947599 -4.896804 2.102708
0.947599 -4.851377 1.880013
-0.605019 -0.400185 1.405968
-0.424689 -0.114929 1.118674
-0.436304 -0.341352 1.069862
-0.426037 -0.341229 1.074011
-0.576590 -0.243233 1.458340
-0.616265 -0.237469 1.444782
-0.603745 -0.245820 1.470648
-0.589110 -0.234881 1.432474
-0.604718 -0.630367 1.340857
0.093945 -4.693313 0.473575
0.093945 -4.574011 0.473575
0.137700 -4.649558 0.473575
0.050190 -4.649558 0.473575
0.137700 -4.649558 0.529245
0.093945 -4.693313 0.529245
0.093945 -4.574011 0.529245
0.050190 -4.649558 0.529245
0.093945 -4.686375 0.521894
0.118051 -4.657530 0.613509
0.093945 -4.681636 0.613509
0.122790 -4.657530 0.521894
0.093945 -4.633423 0.613509
0.093945 -4.628684 0.521894
0.069838 -4.657530 0.613509
0.065099 -4.657530 0.521894
-1.253380 0.304513 1.340114
-1.271673 0.295863 1.309510
-1.290884 0.234080 1.375885
-1.301990 0.236262 1.338427
-1.178374 0.339730 1.268571
-1.206421 0.327505 1.247271
-0.362494 0.663392 0.507107
-0.386520 0.641317 0.483081
-1.184566 0.313243 1.274477
-0.362494 0.628072 0.507106
-1.236830 0.283752 1.324327
-1.262719 0.238444 1.349021
-1.262719 -0.104431 1.349021
-1.301990 -0.102249 1.338427
-1.290884 -0.100066 1.375885
-1.271673 -0.161850 1.309510
-1.253380 -0.170500 1.340114
-1.206421 -0.193492 1.247271
-1.178374 -0.205717 1.268571
-0.362494 -0.519309 0.507107
-0.386520 -0.497234 0.483081
-0.362494 -0.483989 0.507106
-1.184566 -0.179230 1.274477
-1.236830 -0.149739 1.324327
-0.154841 0.092745 1.225640
-1.285518 0.076444 1.343050
-1.288880 0.092745 1.370254
-0.159368 0.070670 1.191965
-1.288880 0.057425 1.371367
-0.154841 0.057425 1.225640
-0.002479 -1.835229 1.438826
-0.002479 -1.805230 1.438826
-0.017479 -1.820229 1.438826
0.012521 -1.820229 1.438825
-0.002479 -1.835229 1.140625
0.012521 -1.820229 1.140625
-0.002479 -1.805229 1.140625
-0.017479 -1.820229 1.140625
0.109953 -4.740563 -0.201667
0.085088 -4.751066 -0.217702
0.107174 -4.819366 -0.134637
0.082376 -4.828598 -0.151691
0.107575 -4.838412 -0.167234
0.110220 -4.762342 -0.232324
0.085639 -4.687324 -0.223489
0.110852 -4.681647 -0.233818
0.085348 -4.640666 -0.143796
0.110499 -4.629094 -0.141976
0.101289 -4.525319 0.200062
0.107957 -4.522399 0.200062
0.082689 -4.540872 0.200062
0.100757 -4.550972 0.200062
0.107508 -4.554912 0.200062
0.110168 -4.655423 -0.144745
0.110338 -4.696660 -0.207728
0.107604 -4.547952 0.200062
-0.000000 -1.597048 0.520635
-0.112623 -1.886897 0.421753
-0.000000 -1.895058 0.467683
-0.112623 -1.588887 0.474705
-0.159272 -1.867195 0.310867
-0.159272 -1.569184 0.363819
-0.112623 -1.847492 0.199981
-0.112623 -1.549482 0.252933
0.000000 -1.839331 0.154051
-0.000000 -1.541321 0.207003
0.112623 -1.847492 0.199981
0.112623 -1.549482 0.252933
0.159272 -1.867195 0.310867
0.159272 -1.569184 0.363819
0.112623 -1.886897 0.421753
0.112623 -1.588887 0.474705
0.100000 1.993898 0.333079
-0.100000 1.993898 -0.025561
-0.100000 1.993898 0.333079
0.100000 1.993898 -0.025561
-0.100000 1.618802 -0.025561
0.100000 1.618802 -0.025561
-0.127128 -1.463467 0.321432
0.127128 -1.572407 -0.020261
0.127128 -1.463467 0.321432
-0.127128 -1.572407 -0.020261
-0.127128 -1.191054 0.234580
-0.127128 -1.191054 -0.175649
0.127128 -1.191054 -0.175649
0.127128 -1.191054 0.234580
-0.127128 -0.854166 -0.249253
0.127128 -0.854166 -0.249253
-0.445535 0.019763 1.477462
-0.326962 0.269619 1.281570
-0.334494 0.072574 1.245178
-0.319430 0.071585 1.251838
1.290884 0.234080 1.375885
1.271673 0.295863 1.309510
1.253380 0.304513 1.340114
1.301990 0.236262 1.338427
1.206421 0.327505 1.247271
1.178374 0.339730 1.268571
0.362494 0.663392 0.507107
0.386520 0.641317 0.483081
0.362494 0.628072 0.507106
1.184566 0.313243 1.274477
1.236830 0.283752 1.324327
1.262719 0.238444 1.349021
1.301990 -0.102249 1.338427
1.262719 -0.104431 1.349021
1.290884 -0.100066 1.375885
1.253380 -0.170500 1.340114
1.271673 -0.161850 1.309510
1.178374 -0.205717 1.268571
1.206421 -0.193492 1.247271
0.362494 -0.519309 0.507107
0.386520 -0.497234 0.483081
1.184566 -0.179230 1.274477
0.362494 -0.483989 0.507106
1.236830 -0.149739 1.324327
1.288880 0.092745 1.370254
1.285518 0.076444 1.343050
0.154841 0.092745 1.225640
0.159368 0.070670 1.191965
0.154841 0.057425 1.225640
1.288880 0.057425 1.371367
0.334494 0.072574 1.245178
0.445535 0.184498 1.505034
0.445535 0.019763 1.477462
0.326962 0.269619 1.281570
0.319430 0.071585 1.251838
0.915639 2.079172 -0.481516
0.915639 2.004389 -0.389308
0.975000 2.041780 -0.435412
0.856278 2.041780 -0.435412
0.856278 -0.518285 -0.574360
0.975000 -0.518285 -0.574360
0.915639 -0.518285 -0.514999
0.915639 -0.518285 -0.633721
0.975000 1.758968 -0.574360
0.915639 1.767079 -0.633721
0.856278 1.758968 -0.574360
0.915639 1.906766 -0.586250
0.975000 1.884728 -0.535480
0.915639 1.810334 -0.515003
0.856278 1.884728 -0.535480
0.894772 -0.277634 -0.577575
0.438024 -0.380173 -0.177073
0.921705 -0.277634 -0.538182
0.471219 -0.380173 -0.128521
0.438024 -0.570567 -0.177073
0.921705 -0.468027 -0.538182
0.471219 -0.570567 -0.128521
0.894772 -0.468027 -0.577575
0.894772 1.111670 -0.577575
0.497633 1.009131 -0.177073
0.921705 1.111670 -0.538182
0.535346 1.009131 -0.128521
0.497633 0.818737 -0.177073
0.921705 0.921276 -0.538182
0.535346 0.818737 -0.128521
0.894772 0.921276 -0.577575
0.759108 1.248019 -0.378747
0.703359 1.248019 -0.378747
0.731233 1.248030 -0.350873
0.731233 1.248008 -0.406622
0.703359 1.018341 -0.378205
0.731233 1.018353 -0.350330
0.731233 1.018330 -0.406080
0.759108 1.018341 -0.378205
-0.915639 2.079172 -0.481516
-0.915639 2.004389 -0.389308
-0.856278 2.041780 -0.435412
-0.975000 2.041780 -0.435412
-0.856278 -0.518285 -0.574360
-0.975000 -0.518285 -0.574360
-0.915639 -0.518285 -0.633721
-0.915639 -0.518285 -0.514999
-0.975000 1.758968 -0.574360
-0.915639 1.767079 -0.633721
-0.856278 1.758968 -0.574360
-0.915639 1.906766 -0.586250
-0.975000 1.884728 -0.535480
-0.915639 1.810334 -0.515003
-0.856278 1.884728 -0.535480
-0.894772 -0.277634 -0.577575
-0.471219 -0.380173 -0.128521
-0.438024 -0.380173 -0.177073
-0.921705 -0.277634 -0.538182
-0.438024 -0.570567 -0.177073
-0.921705 -0.468027 -0.538182
-0.894772 -0.468027 -0.577575
-0.471219 -0.570567 -0.128521
-0.894772 1.111670 -0.577575
-0.535346 1.009131 -0.128521
-0.497633 1.009131 -0.177073
-0.921705 1.111670 -0.538182
-0.497633 0.818737 -0.177073
-0.921705 0.921276 -0.538182
-0.894772 0.921276 -0.577575
-0.535346 0.818737 -0.128521
-0.759108 1.018341 -0.378205
-0.731233 1.248008 -0.406622
-0.731233 1.018330 -0.406080
-0.759108 1.248019 -0.378747
-0.703359 1.248019 -0.378747
-0.731233 1.248030 -0.350873
-0.731233 1.018353 -0.350330
-0.703359 1.018341 -0.378205
-0.583785 -0.145130 0.065727
-0.816960 -0.097998 0.002662
-0.583785 -0.097998 0.065727
-0.816960 -0.145130 0.002662
-0.807806 -0.121564 0.043505
-0.583400 -0.121564 0.098228
-0.583785 0.548936 0.065727
-0.816960 0.596068 0.002662
-0.583785 0.596068 0.065727
-0.816960 0.548936 0.002662
-0.807806 0.572502 0.043505
-0.583400 0.572502 0.098228
-0.807806 -0.661720 0.000000
-1.094167 0.880460 0.000000
-0.807806 0.880460 0.000000
-1.094167 -0.661720 0.000000
-0.807806 -0.661720 0.052565
-1.094167 -0.661720 0.052565
-0.807806 0.880460 0.052565
-1.094167 0.880460 0.052565
0.583785 -0.097998 0.065727
0.816960 -0.097998 0.002662
0.583785 -0.145130 0.065727
0.816960 -0.145130 0.002662
0.583400 -0.121564 0.098228
0.807806 -0.121564 0.043505
0.583785 0.596068 0.065727
0.816960 0.596068 0.002662
0.583785 0.548936 0.065727
0.816960 0.548936 0.002662
0.583400 0.572502 0.098228
0.807806 0.572502 0.043505
0.807806 0.880460 0.000000
1.094167 0.880460 0.000000
0.807806 -0.661720 0.000000
1.094167 -0.661720 0.000000
0.807806 -0.661720 0.052565
1.094167 -0.661720 0.052565
0.807806 0.880460 0.052565
1.094167 0.880460 0.052565
</float_array>
          <technique_common>
            <accessor source="#mesh-0-POSITION-array" count="469" stride="3">
              <param name="X" type="float"/>
              <param name="Y" type="float"/>
              <param name="Z" type="float"/>
            </accessor>
          </technique_common>
        </source>
        <source id="mesh-0-Normal0">
          <float_array id="mesh-0-Normal0-array" count="6480">
0.706634 0.706635 -0.036553
0.706634 0.706635 -0.036553
0.706634 0.706635 -0.036553
0.706634 0.706635 -0.036553
0.706633 0.706635 -0.036553
0.706633 0.706635 -0.036553
0.706635 -0.706633 -0.036553
0.706635 -0.706633 -0.036553
0.706635 -0.706633 -0.036553
0.706634 -0.706635 -0.036552
0.706634 -0.706635 -0.036552
0.706634 -0.706635 -0.036552
-0.706636 -0.706633 -0.036552
-0.706636 -0.706633 -0.036552
-0.706636 -0.706633 -0.036552
-0.706633 -0.706635 -0.036553
-0.706634 -0.706635 -0.036553
-0.706633 -0.706635 -0.036553
-0.706634 0.706634 -0.036553
-0.706634 0.706634 -0.036553
-0.706634 0.706635 -0.036553
-0.706634 0.706635 -0.036553
-0.706634 0.706635 -0.036553
-0.706634 0.706635 -0.036553
0.000000 0.000000 -1.000000
0.000000 0.000000 -1.000000
0.000000 0.000000 -1.000000
0.000000 0.000000 -1.000000
0.000000 0.000000 -1.000000
0.000000 0.000000 -1.000000
-0.975272 -0.119114 0.186160
-0.975272 -0.119114 0.186160
-0.975272 -0.119114 0.186160
-0.961314 -0.170979 0.215965
-0.961314 -0.170979 0.215965
-0.961314 -0.170979 0.215965
-0.963658 -0.178040 -0.199163
-0.963658 -0.178040 -0.199163
-0.963658 -0.178040 -0.199163
-0.967506 -0.193620 -0.162614
-0.967506 -0.193620 -0.162614
-0.967506 -0.193620 -0.162614
-0.968384 -0.189825 -0.161858
-0.968384 -0.189825 -0.161858
-0.968384 -0.189825 -0.161858
-0.967919 -0.193038 -0.160839
-0.967919 -0.193038 -0.160839
-0.967919 -0.193038 -0.160839
-0.991584 -0.117924 -0.053441
-0.991584 -0.117924 -0.053441
-0.991584 -0.117924 -0.053441
-0.996812 -0.005181 -0.079616
-0.996812 -0.005181 -0.079616
-0.996812 -0.005181 -0.079616
-0.986876 -0.057711 -0.150813
-0.986876 -0.057711 -0.150813
-0.986876 -0.057711 -0.150813
-0.989270 -0.012911 -0.145530
-0.989270 -0.012911 -0.145530
-0.989270 -0.012911 -0.145530
-0.996506 0.014975 -0.082164
-0.996506 0.014975 -0.082164
-0.996506 0.014975 -0.082164
-0.995043 0.065109 -0.075172
-0.995043 0.065109 -0.075172
-0.995043 0.065109 -0.075172
-0.996049 0.087935 0.012387
-0.996049 0.087935 0.012387
-0.996049 0.087935 0.012387
-0.764109 -0.286315 0.578067
-0.764109 -0.286315 0.578067
-0.764109 -0.286315 0.578067
-0.715961 -0.294710 0.632887
-0.715961 -0.294710 0.632887
-0.715961 -0.294710 0.632887
-0.755346 -0.312369 0.576088
-0.755346 -0.312369 0.576088
-0.755346 -0.312369 0.576088
-0.693265 -0.502955 -0.516159
-0.693265 -0.502955 -0.516159
-0.693265 -0.502955 -0.516159
-0.632051 -0.497937 -0.593777
-0.632051 -0.497937 -0.593776
-0.632051 -0.497937 -0.593776
-0.613266 -0.282734 -0.737541
-0.613266 -0.282734 -0.737541
-0.613266 -0.282734 -0.737541
-0.581084 -0.302802 -0.755415
-0.581084 -0.302802 -0.755415
-0.581084 -0.302802 -0.755415
-0.499063 -0.107788 -0.859836
-0.499063 -0.107788 -0.859836
-0.499063 -0.107788 -0.859836
-0.456868 -0.124055 -0.880841
-0.456868 -0.124055 -0.880841
-0.456868 -0.124055 -0.880841
-0.433472 0.023717 -0.900855
-0.433472 0.023717 -0.900855
-0.433472 0.023717 -0.900855
-0.396680 0.000760 -0.917957
-0.396680 0.000760 -0.917957
-0.396680 0.000760 -0.917957
-0.413281 0.182873 -0.892052
-0.413281 0.182873 -0.892052
-0.413281 0.182873 -0.892052
-0.385847 0.169245 -0.906906
-0.385847 0.169245 -0.906906
-0.385847 0.169245 -0.906906
-0.419043 0.290323 -0.860300
-0.419043 0.290323 -0.860299
-0.419043 0.290323 -0.860299
-0.526749 0.332777 -0.782173
-0.526749 0.332777 -0.782173
-0.526749 0.332777 -0.782173
-0.626072 0.683664 -0.375017
-0.626072 0.683664 -0.375017
-0.626072 0.683664 -0.375017
-0.617788 0.684085 -0.387771
-0.617788 0.684084 -0.387770
-0.617788 0.684085 -0.387771
-0.643736 0.753778 -0.131995
-0.643736 0.753778 -0.131995
-0.643736 0.753778 -0.131995
-0.656671 0.745971 -0.110952
-0.656672 0.745971 -0.110952
-0.656671 0.745971 -0.110952
-0.631689 0.695574 0.342267
-0.631689 0.695574 0.342267
-0.631689 0.695574 0.342267
-0.717744 0.514314 0.469387
-0.717744 0.514314 0.469387
-0.717744 0.514314 0.469387
-0.673049 0.451401 0.585869
-0.673049 0.451401 0.585869
-0.673049 0.451401 0.585869
-0.715806 0.348441 0.605154
-0.715806 0.348441 0.605154
-0.715806 0.348441 0.605154
-0.644657 0.190406 0.740380
-0.644657 0.190406 0.740380
-0.644657 0.190406 0.740380
-0.649309 0.181812 0.738473
-0.649309 0.181812 0.738473
-0.649309 0.181812 0.738473
-0.618567 0.076594 0.781990
-0.618567 0.076594 0.781990
-0.618567 0.076594 0.781990
-0.668999 0.024863 0.742847
-0.668999 0.024863 0.742847
-0.668999 0.024863 0.742847
-0.646428 -0.134642 0.751001
-0.646428 -0.134642 0.751001
-0.646428 -0.134642 0.751001
-0.726322 -0.178944 0.663652
-0.726322 -0.178944 0.663652
-0.726322 -0.178944 0.663652
-0.138406 -0.380058 0.914549
-0.138406 -0.380058 0.914549
-0.138406 -0.380058 0.914549
-0.146394 -0.383120 0.912024
-0.146394 -0.383120 0.912024
-0.146394 -0.383120 0.912024
-0.160834 -0.491669 0.855800
-0.160834 -0.491669 0.855800
-0.160834 -0.491669 0.855800
-0.413733 -0.421741 0.806820
-0.413733 -0.421741 0.806820
-0.413733 -0.421741 0.806820
-0.000002 -0.910107 -0.414372
-0.000002 -0.910107 -0.414372
-0.000002 -0.910107 -0.414372
-0.243283 -0.515113 -0.821871
-0.243283 -0.515113 -0.821871
-0.243283 -0.515113 -0.821871
-0.199175 -0.530851 -0.823727
-0.199175 -0.530851 -0.823727
-0.199175 -0.530851 -0.823727
-0.127597 -0.345291 -0.929781
-0.127597 -0.345291 -0.929781
-0.127597 -0.345291 -0.929781
-0.181797 -0.318496 -0.930328
-0.181797 -0.318496 -0.930328
-0.181797 -0.318496 -0.930328
-0.140613 -0.058183 -0.988353
-0.140613 -0.058183 -0.988354
-0.140613 -0.058183 -0.988353
-0.118123 -0.067759 -0.990685
-0.118123 -0.067759 -0.990685
-0.118123 -0.067759 -0.990685
-0.113972 0.016025 -0.993355
-0.113972 0.016025 -0.993355
-0.113972 0.016025 -0.993355
-0.114522 0.016373 -0.993286
-0.114522 0.016373 -0.993286
-0.114522 0.016373 -0.993286
-0.119561 0.199385 -0.972600
-0.119561 0.199385 -0.972600
-0.119561 0.199385 -0.972600
-0.119561 0.199385 -0.972600
-0.119561 0.199385 -0.972600
-0.119561 0.199385 -0.972600
-0.130328 0.321992 -0.937729
-0.130328 0.321992 -0.937729
-0.130328 0.321992 -0.937729
-0.121902 0.317366 -0.940435
-0.121902 0.317366 -0.940435
-0.121902 0.317366 -0.940435
-0.184445 0.855393 -0.484027
-0.184445 0.855393 -0.484027
-0.184445 0.855393 -0.484027
-0.197232 0.859534 -0.471488
-0.197232 0.859534 -0.471488
-0.197232 0.859534 -0.471488
-0.209529 0.963147 -0.168658
-0.209529 0.963147 -0.168658
-0.209529 0.963147 -0.168658
-0.209530 0.963147 -0.168657
-0.209530 0.963147 -0.168657
-0.209530 0.963147 -0.168657
-0.197510 0.878803 0.434389
-0.197510 0.878803 0.434389
-0.197510 0.878803 0.434389
-0.196068 0.879842 0.432938
-0.196068 0.879842 0.432938
-0.196068 0.879842 0.432938
-0.159257 0.600924 0.783280
-0.159257 0.600924 0.783280
-0.159257 0.600924 0.783280
-0.156910 0.602773 0.782333
-0.156910 0.602773 0.782333
-0.156910 0.602773 0.782333
-0.119963 0.250377 0.960687
-0.119963 0.250377 0.960687
-0.119963 0.250377 0.960687
-0.124172 0.247142 0.960990
-0.124172 0.247142 0.960990
-0.124172 0.247142 0.960990
-0.115274 0.097782 0.988509
-0.115274 0.097782 0.988509
-0.115274 0.097782 0.988509
-0.115492 0.097640 0.988498
-0.115492 0.097640 0.988498
-0.115492 0.097640 0.988498
-0.114707 -0.151526 0.981775
-0.114707 -0.151526 0.981775
-0.114707 -0.151526 0.981775
-0.118935 -0.153565 0.980955
-0.118935 -0.153565 0.980955
-0.118935 -0.153565 0.980955
-0.979404 -0.024467 0.200423
-0.979404 -0.024467 0.200423
-0.979404 -0.024467 0.200423
-0.980214 -0.032115 0.195318
-0.980214 -0.032115 0.195318
-0.980214 -0.032115 0.195318
-0.989109 0.093115 0.113990
-0.989109 0.093115 0.113990
-0.989109 0.093115 0.113990
-0.988948 0.014370 0.147564
-0.988948 0.014370 0.147564
-0.988948 0.014370 0.147564
-0.979590 -0.022108 0.199787
-0.979590 -0.022108 0.199787
-0.979590 -0.022108 0.199787
-0.965683 -0.183238 0.184068
-0.965683 -0.183238 0.184068
-0.965682 -0.183238 0.184068
-0.842788 -0.527069 0.109119
-0.842788 -0.527069 0.109119
-0.842788 -0.527069 0.109119
-0.000001 -0.910105 -0.414378
-0.000001 -0.910105 -0.414378
-0.000001 -0.910105 -0.414378
-0.775253 -0.369298 0.512447
-0.775253 -0.369298 0.512447
-0.775253 -0.369298 0.512447
-0.996053 0.087565 0.014510
-0.996053 0.087565 0.014510
-0.996053 0.087565 0.014510
-0.995509 0.094656 0.001528
-0.995509 0.094656 0.001528
-0.995509 0.094656 0.001528
-1.000000 0.000156 -0.000857
-1.000000 0.000156 -0.000857
-1.000000 0.000156 -0.000857
-0.999508 0.024000 -0.020203
-0.999508 0.024000 -0.020203
-0.999508 0.024000 -0.020203
-0.999658 -0.022892 -0.012645
-0.999658 -0.022892 -0.012645
-0.999658 -0.022892 -0.012645
-0.987433 -0.157054 -0.017609
-0.987433 -0.157054 -0.017609
-0.987433 -0.157054 -0.017609
-0.986922 -0.160054 -0.019150
-0.986922 -0.160054 -0.019150
-0.986922 -0.160055 -0.019150
-0.989769 -0.141586 -0.017609
-0.989769 -0.141586 -0.017609
-0.989769 -0.141586 -0.017609
-0.991494 0.105005 0.076902
-0.991494 0.105005 0.076902
-0.991494 0.105005 0.076902
0.961314 -0.170979 0.215965
0.961314 -0.170979 0.215965
0.961314 -0.170979 0.215965
0.975272 -0.119114 0.186160
0.975272 -0.119114 0.186160
0.975272 -0.119114 0.186160
0.963658 -0.178040 -0.199163
0.963658 -0.178040 -0.199163
0.963658 -0.178040 -0.199163
0.967008 -0.191213 -0.168324
0.967008 -0.191213 -0.168324
0.967008 -0.191213 -0.168324
0.967900 -0.193165 -0.160799
0.967900 -0.193165 -0.160799
0.967900 -0.193165 -0.160799
0.991584 -0.117924 -0.053441
0.991584 -0.117924 -0.053441
0.991584 -0.117924 -0.053441
0.967919 -0.193038 -0.160839
0.967919 -0.193038 -0.160839
0.967919 -0.193038 -0.160839
0.986876 -0.057711 -0.150813
0.986876 -0.057711 -0.150813
0.986876 -0.057711 -0.150813
0.996812 -0.005181 -0.079616
0.996812 -0.005181 -0.079616
0.996812 -0.005181 -0.079616
0.996506 0.014975 -0.082164
0.996506 0.014975 -0.082164
0.996506 0.014975 -0.082164
0.989270 -0.012911 -0.145530
0.989270 -0.012911 -0.145530
0.989270 -0.012911 -0.145530
0.996049 0.087935 0.012387
0.996049 0.087935 0.012387
0.996049 0.087935 0.012387
0.995043 0.065109 -0.075172
0.995043 0.065109 -0.075172
0.995043 0.065109 -0.075172
0.715961 -0.294710 0.632887
0.715961 -0.294710 0.632887
0.715961 -0.294710 0.632887
0.764109 -0.286315 0.578067
0.764109 -0.286315 0.578067
0.764109 -0.286315 0.578067
0.755346 -0.312369 0.576088
0.755346 -0.312369 0.576088
0.755346 -0.312369 0.576088
0.823339 -0.459184 -0.333561
0.823339 -0.459184 -0.333561
0.823339 -0.459184 -0.333561
0.632051 -0.497937 -0.593777
0.632051 -0.497937 -0.593777
0.632051 -0.497937 -0.593777
0.581084 -0.302802 -0.755415
0.581084 -0.302802 -0.755415
0.581084 -0.302802 -0.755415
0.613266 -0.282734 -0.737541
0.613266 -0.282734 -0.737541
0.613266 -0.282734 -0.737541
0.456868 -0.124055 -0.880841
0.456868 -0.124055 -0.880841
0.456869 -0.124055 -0.880841
0.499063 -0.107788 -0.859836
0.499063 -0.107788 -0.859836
0.499063 -0.107788 -0.859836
0.396680 0.000760 -0.917957
0.396680 0.000760 -0.917957
0.396680 0.000760 -0.917957
0.433472 0.023717 -0.900855
0.433472 0.023717 -0.900855
0.433472 0.023717 -0.900855
0.385847 0.169245 -0.906906
0.385847 0.169245 -0.906906
0.385847 0.169245 -0.906906
0.413281 0.182873 -0.892052
0.413281 0.182873 -0.892052
0.413281 0.182873 -0.892052
0.526749 0.332777 -0.782173
0.526749 0.332777 -0.782173
0.526749 0.332777 -0.782173
0.419043 0.290323 -0.860300
0.419043 0.290323 -0.860299
0.419043 0.290323 -0.860299
0.617788 0.684084 -0.387771
0.617788 0.684084 -0.387770
0.617788 0.684084 -0.387770
0.626072 0.683664 -0.375017
0.626072 0.683664 -0.375017
0.626072 0.683664 -0.375017
0.656671 0.745971 -0.110952
0.656671 0.745971 -0.110952
0.656672 0.745971 -0.110952
0.643736 0.753778 -0.131995
0.643736 0.753778 -0.131995
0.643736 0.753778 -0.131995
0.717744 0.514314 0.469387
0.717744 0.514314 0.469387
0.717744 0.514314 0.469387
0.631689 0.695574 0.342267
0.631689 0.695574 0.342267
0.631689 0.695574 0.342267
0.715806 0.348441 0.605154
0.715806 0.348441 0.605154
0.715806 0.348441 0.605154
0.673049 0.451401 0.585869
0.673049 0.451401 0.585869
0.673049 0.451401 0.585869
0.649309 0.181812 0.738473
0.649309 0.181812 0.738473
0.649309 0.181812 0.738473
0.644657 0.190406 0.740380
0.644657 0.190406 0.740380
0.644657 0.190406 0.740380
0.668999 0.024863 0.742847
0.668999 0.024863 0.742847
0.668999 0.024863 0.742847
0.618567 0.076594 0.781990
0.618567 0.076594 0.781990
0.618567 0.076594 0.781990
0.726322 -0.178944 0.663653
0.726322 -0.178944 0.663653
0.726322 -0.178944 0.663652
0.646428 -0.134642 0.751001
0.646428 -0.134642 0.751001
0.646428 -0.134642 0.751001
0.146394 -0.383120 0.912024
0.146394 -0.383120 0.912024
0.146394 -0.383120 0.912024
0.138406 -0.380058 0.914549
0.138406 -0.380058 0.914549
0.138406 -0.380058 0.914549
0.160834 -0.491669 0.855800
0.160834 -0.491669 0.855800
0.160834 -0.491669 0.855800
0.413733 -0.421741 0.806820
0.413733 -0.421741 0.806820
0.413733 -0.421741 0.806820
0.000000 -0.910106 -0.414374
0.000000 -0.910106 -0.414374
0.000000 -0.910106 -0.414374
0.000002 -0.910107 -0.414372
0.000002 -0.910107 -0.414372
0.000002 -0.910107 -0.414372
0.199175 -0.530851 -0.823727
0.199175 -0.530851 -0.823727
0.199175 -0.530851 -0.823727
0.243283 -0.515113 -0.821871
0.243283 -0.515113 -0.821871
0.243283 -0.515113 -0.821871
0.181797 -0.318496 -0.930328
0.181797 -0.318496 -0.930328
0.181797 -0.318496 -0.930328
0.127597 -0.345291 -0.929781
0.127597 -0.345291 -0.929781
0.127597 -0.345291 -0.929781
0.118123 -0.067759 -0.990685
0.118123 -0.067759 -0.990685
0.118123 -0.067759 -0.990685
0.140613 -0.058183 -0.988353
0.140613 -0.058183 -0.988353
0.140613 -0.058183 -0.988354
0.114522 0.016373 -0.993286
0.114522 0.016373 -0.993286
0.114522 0.016373 -0.993286
0.113972 0.016025 -0.993355
0.113972 0.016025 -0.993355
0.113972 0.016025 -0.993355
0.119561 0.199385 -0.972600
0.119561 0.199385 -0.972600
0.119561 0.199385 -0.972600
0.119561 0.199385 -0.972600
0.119561 0.199385 -0.972600
0.119561 0.199385 -0.972600
0.121902 0.317366 -0.940435
0.121902 0.317366 -0.940435
0.121902 0.317366 -0.940435
0.130328 0.321992 -0.937729
0.130328 0.321992 -0.937729
0.130328 0.321992 -0.937729
0.197232 0.859534 -0.471488
0.197232 0.859534 -0.471488
0.197232 0.859534 -0.471488
0.184445 0.855393 -0.484027
0.184445 0.855393 -0.484027
0.184445 0.855393 -0.484027
0.209530 0.963147 -0.168657
0.209530 0.963147 -0.168657
0.209530 0.963147 -0.168657
0.209529 0.963147 -0.168658
0.209529 0.963147 -0.168658
0.209529 0.963147 -0.168658
0.196068 0.879842 0.432938
0.196068 0.879842 0.432938
0.196068 0.879842 0.432938
0.197510 0.878803 0.434389
0.197510 0.878803 0.434389
0.197510 0.878803 0.434389
0.156910 0.602773 0.782333
0.156910 0.602773 0.782333
0.156910 0.602773 0.782333
0.159257 0.600924 0.783280
0.159257 0.600924 0.783280
0.159257 0.600924 0.783280
0.124172 0.247142 0.960990
0.124172 0.247142 0.960990
0.124172 0.247142 0.960990
0.119963 0.250377 0.960687
0.119963 0.250377 0.960687
0.119963 0.250377 0.960687
0.115492 0.097640 0.988498
0.115492 0.097640 0.988498
0.115492 0.097640 0.988498
0.115274 0.097782 0.988509
0.115274 0.097782 0.988509
0.115274 0.097782 0.988509
0.118935 -0.153565 0.980955
0.118935 -0.153565 0.980955
0.118935 -0.153565 0.980955
0.114707 -0.151526 0.981775
0.114707 -0.151526 0.981775
0.114707 -0.151526 0.981775
0.980215 -0.032125 0.195311
0.980215 -0.032125 0.195311
0.980215 -0.032125 0.195311
0.979404 -0.024467 0.200423
0.979404 -0.024467 0.200423
0.979404 -0.024467 0.200423
0.989109 0.093115 0.113990
0.989109 0.093115 0.113990
0.989109 0.093115 0.113990
0.979590 -0.022108 0.199787
0.979590 -0.022108 0.199787
0.979590 -0.022108 0.199787
0.988948 0.014370 0.147564
0.988948 0.014370 0.147564
0.988948 0.014370 0.147564
0.965683 -0.183238 0.184068
0.965682 -0.183238 0.184068
0.965683 -0.183238 0.184068
0.842788 -0.527069 0.109119
0.842788 -0.527069 0.109119
0.842788 -0.527069 0.109119
0.000001 -0.910105 -0.414378
0.000001 -0.910105 -0.414378
0.000001 -0.910105 -0.414378
0.000000 -0.910105 -0.414377
0.000000 -0.910105 -0.414377
0.000000 -0.910105 -0.414377
0.775253 -0.369298 0.512447
0.775253 -0.369298 0.512447
0.775253 -0.369298 0.512447
0.995509 0.094656 0.001528
0.995509 0.094656 0.001528
0.995509 0.094656 0.001528
0.996053 0.087565 0.014510
0.996053 0.087565 0.014510
0.996053 0.087565 0.014510
0.999508 0.024000 -0.020203
0.999508 0.024000 -0.020203
0.999508 0.024000 -0.020203
1.000000 0.000156 -0.000857
1.000000 0.000156 -0.000857
1.000000 0.000156 -0.000857
0.999658 -0.022900 -0.012644
0.999658 -0.022900 -0.012644
0.999658 -0.022900 -0.012644
0.986922 -0.160054 -0.019150
0.986922 -0.160055 -0.019150
0.986922 -0.160054 -0.019150
0.987433 -0.157054 -0.017609
0.987433 -0.157054 -0.017609
0.987433 -0.157054 -0.017609
0.989769 -0.141586 -0.017609
0.989769 -0.141586 -0.017609
0.989769 -0.141586 -0.017609
0.991494 0.105005 0.076902
0.991494 0.105005 0.076902
0.991494 0.105005 0.076902
0.748260 -0.403869 0.526304
0.748260 -0.403869 0.526304
0.748260 -0.403869 0.526304
-0.748260 -0.403869 0.526304
-0.748260 -0.403869 0.526304
-0.748260 -0.403869 0.526304
-0.823339 -0.459184 -0.333561
-0.823339 -0.459184 -0.333561
-0.823339 -0.459184 -0.333561
0.693265 -0.502955 -0.516159
0.693265 -0.502955 -0.516159
0.693265 -0.502955 -0.516159
-0.000009 -1.000000 -0.000001
-0.000009 -1.000000 -0.000001
-0.000009 -1.000000 -0.000001
-0.000007 -1.000000 0.000000
-0.000007 -1.000000 0.000000
-0.000007 -1.000000 0.000000
0.000007 -1.000000 0.000000
0.000007 -1.000000 0.000000
0.000007 -1.000000 0.000000
0.000009 -1.000000 -0.000001
0.000009 -1.000000 -0.000001
0.000009 -1.000000 -0.000001
-0.861847 -0.214704 -0.459480
-0.861847 -0.214704 -0.459480
-0.861847 -0.214704 -0.459480
-0.871158 -0.303149 -0.386244
-0.871158 -0.303149 -0.386244
-0.871158 -0.303149 -0.386244
-0.406193 -0.133490 -0.903984
-0.406193 -0.133490 -0.903984
-0.406193 -0.133490 -0.903984
-0.544393 -0.017271 -0.838652
-0.544393 -0.017271 -0.838652
-0.544393 -0.017271 -0.838652
-0.843012 -0.393737 -0.366471
-0.843012 -0.393737 -0.366471
-0.843012 -0.393737 -0.366471
-0.998180 -0.000000 -0.060305
-0.998180 -0.000000 -0.060305
-0.998180 -0.000000 -0.060305
-0.409862 0.000269 -0.912148
-0.409862 0.000269 -0.912148
-0.409862 0.000269 -0.912148
0.861847 -0.214704 -0.459480
0.861847 -0.214704 -0.459480
0.861847 -0.214704 -0.459480
0.871158 -0.303149 -0.386244
0.871158 -0.303149 -0.386244
0.871158 -0.303149 -0.386244
0.406193 -0.133490 -0.903984
0.406193 -0.133490 -0.903984
0.406193 -0.133490 -0.903984
0.544393 -0.017271 -0.838652
0.544393 -0.017271 -0.838652
0.544393 -0.017271 -0.838652
0.843012 -0.393737 -0.366471
0.843012 -0.393737 -0.366471
0.843012 -0.393737 -0.366471
0.998180 -0.000000 -0.060305
0.998180 -0.000000 -0.060305
0.998180 -0.000000 -0.060305
0.409862 0.000269 -0.912148
0.409862 0.000269 -0.912148
0.409862 0.000269 -0.912148
-1.000000 0.000000 0.000000
-1.000000 0.000000 0.000000
-1.000000 0.000000 0.000000
1.000000 0.000000 0.000000
1.000000 0.000000 0.000000
1.000000 0.000000 0.000000
0.998420 0.050970 -0.023648
0.998420 0.050970 -0.023648
0.998420 0.050970 -0.023648
-0.998963 0.042107 -0.017294
-0.998963 0.042107 -0.017294
-0.998963 0.042107 -0.017294
-0.998420 0.050970 -0.023648
-0.998420 0.050970 -0.023648
-0.998420 0.050970 -0.023648
-0.999356 0.000082 0.035891
-0.999356 0.000082 0.035891
-0.999356 0.000082 0.035891
0.000000 0.970951 0.239279
0.000000 0.970951 0.239279
0.000000 0.970951 0.239279
0.000000 0.970951 0.239279
0.000000 0.970951 0.239279
0.000000 0.970951 0.239279
0.998963 0.042107 -0.017294
0.998963 0.042107 -0.017294
0.998963 0.042107 -0.017294
0.999356 0.000082 0.035891
0.999356 0.000082 0.035891
0.999356 0.000082 0.035891
0.998332 -0.046573 -0.034121
0.998332 -0.046573 -0.034121
0.998332 -0.046573 -0.034121
-0.998332 -0.046573 -0.034121
-0.998332 -0.046573 -0.034121
-0.998332 -0.046573 -0.034121
0.000000 -0.020738 0.999785
0.000000 -0.020738 0.999785
0.000000 -0.020738 0.999785
-0.846453 -0.088799 0.525006
-0.846453 -0.088799 0.525006
-0.846453 -0.088799 0.525006
-0.992601 -0.000338 0.121425
-0.992601 -0.000338 0.121425
-0.992601 -0.000338 0.121425
0.000000 -0.046868 0.998901
0.000000 -0.046868 0.998901
0.000000 -0.046868 0.998901
0.000000 -0.046868 0.998901
0.000000 -0.046868 0.998901
0.000000 -0.046868 0.998901
-0.534284 -0.682873 0.498223
-0.534284 -0.682873 0.498223
-0.534284 -0.682873 0.498223
-0.517572 -0.816823 0.254793
-0.517572 -0.816823 0.254793
-0.517572 -0.816823 0.254793
-0.411079 -0.885556 -0.216343
-0.411079 -0.885556 -0.216343
-0.411079 -0.885556 -0.216343
-0.530374 -0.837028 -0.134488
-0.530374 -0.837028 -0.134488
-0.530374 -0.837028 -0.134488
0.846453 -0.088799 0.525006
0.846453 -0.088799 0.525006
0.846453 -0.088799 0.525006
0.992601 -0.000338 0.121425
0.992601 -0.000338 0.121425
0.992601 -0.000338 0.121425
0.517572 -0.816823 0.254793
0.517572 -0.816823 0.254793
0.517572 -0.816823 0.254793
0.534284 -0.682873 0.498223
0.534284 -0.682873 0.498223
0.534284 -0.682873 0.498223
0.530374 -0.837028 -0.134488
0.530374 -0.837028 -0.134488
0.530374 -0.837028 -0.134488
0.411079 -0.885556 -0.216343
0.411080 -0.885556 -0.216343
0.411080 -0.885556 -0.216343
-0.995505 0.093230 0.016684
-0.995505 0.093230 0.016684
-0.995505 0.093230 0.016684
-0.245971 -0.065956 0.967030
-0.245971 -0.065956 0.967030
-0.245971 -0.065956 0.967030
-0.325225 -0.041267 0.944736
-0.325225 -0.041267 0.944736
-0.325225 -0.041267 0.944736
-0.925031 -0.000000 -0.379892
-0.925031 -0.000000 -0.379891
-0.925031 -0.000000 -0.379892
-0.930447 -0.024934 0.365578
-0.930447 -0.024934 0.365578
-0.930447 -0.024934 0.365578
-0.929236 -0.056749 0.365102
-0.929236 -0.056749 0.365102
-0.929236 -0.056749 0.365102
-0.922093 -0.062159 0.381943
-0.922093 -0.062159 0.381944
-0.922093 -0.062159 0.381943
-0.924633 -0.029334 -0.379728
-0.924633 -0.029334 -0.379728
-0.924633 -0.029334 -0.379728
-0.918619 -0.024951 -0.394355
-0.918619 -0.024951 -0.394356
-0.918619 -0.024951 -0.394355
-0.324140 -0.091404 0.941583
-0.324140 -0.091404 0.941583
-0.324140 -0.091404 0.941583
-0.381583 -0.075802 0.921221
-0.381583 -0.075802 0.921221
-0.381583 -0.075802 0.921221
-0.920932 -0.079820 0.381462
-0.920932 -0.079820 0.381462
-0.920932 -0.079820 0.381462
-0.993274 -0.046579 0.106009
-0.993274 -0.046579 0.106009
-0.993274 -0.046579 0.106009
-0.917906 -0.046614 -0.394049
-0.917906 -0.046614 -0.394049
-0.917906 -0.046614 -0.394050
-0.611986 0.016176 -0.790703
-0.611986 0.016176 -0.790703
-0.611986 0.016176 -0.790703
-0.380872 -0.097181 0.919506
-0.380872 -0.097181 0.919506
-0.380872 -0.097181 0.919506
-0.380870 -0.097182 0.919507
-0.380870 -0.097182 0.919507
-0.380870 -0.097182 0.919507
0.995505 0.093230 0.016684
0.995505 0.093230 0.016684
0.995505 0.093230 0.016684
0.325225 -0.041267 0.944736
0.325225 -0.041267 0.944736
0.325225 -0.041267 0.944736
0.245971 -0.065956 0.967030
0.245971 -0.065956 0.967030
0.245971 -0.065956 0.967030
0.925031 -0.000000 -0.379892
0.925031 -0.000000 -0.379892
0.925031 -0.000000 -0.379892
0.930447 -0.024934 0.365578
0.930447 -0.024934 0.365578
0.930447 -0.024934 0.365578
0.922093 -0.062159 0.381943
0.922093 -0.062159 0.381943
0.922093 -0.062159 0.381944
0.929236 -0.056749 0.365102
0.929236 -0.056749 0.365102
0.929236 -0.056749 0.365102
0.918619 -0.024951 -0.394355
0.918619 -0.024951 -0.394355
0.918619 -0.024951 -0.394356
0.924633 -0.029334 -0.379728
0.924633 -0.029334 -0.379728
0.924633 -0.029334 -0.379728
0.381583 -0.075802 0.921221
0.381583 -0.075802 0.921221
0.381583 -0.075802 0.921221
0.324140 -0.091404 0.941583
0.324140 -0.091404 0.941583
0.324140 -0.091404 0.941583
0.992200 -0.065773 0.105894
0.992200 -0.065773 0.105894
0.992200 -0.065773 0.105894
0.921690 -0.068801 0.381777
0.921690 -0.068801 0.381777
0.921690 -0.068801 0.381777
0.611988 -0.015958 -0.790706
0.611988 -0.015958 -0.790706
0.611988 -0.015958 -0.790706
0.918538 -0.028252 -0.394321
0.918538 -0.028252 -0.394321
0.918538 -0.028252 -0.394321
0.380870 -0.097181 0.919507
0.380870 -0.097181 0.919507
0.380870 -0.097181 0.919507
0.380872 -0.097181 0.919506
0.380872 -0.097181 0.919506
0.380872 -0.097181 0.919506
0.000000 0.022701 0.999742
0.000000 0.022701 0.999742
0.000000 0.022701 0.999742
0.000000 0.022701 0.999742
0.000000 0.022701 0.999742
0.000000 0.022701 0.999742
0.000000 0.386197 0.922416
0.000000 0.386197 0.922416
0.000000 0.386197 0.922417
0.000000 0.386197 0.922416
0.000000 0.386197 0.922416
0.000000 0.386197 0.922416
-0.707106 0.000000 -0.707107
-0.707106 0.000000 -0.707107
-0.707106 0.000000 -0.707107
-0.707106 0.000000 -0.707107
-0.707106 0.000000 -0.707107
-0.707106 0.000000 -0.707107
0.707106 0.000000 -0.707107
0.707106 0.000000 -0.707107
0.707106 0.000000 -0.707107
0.707106 -0.000000 -0.707107
0.707106 -0.000000 -0.707107
0.707106 -0.000000 -0.707107
-0.707107 0.000006 0.707107
-0.707107 0.000006 0.707107
-0.707107 0.000006 0.707107
-0.707084 0.000000 0.707130
-0.707084 0.000000 0.707130
-0.707084 0.000000 0.707130
0.707107 0.000000 0.707107
0.707107 0.000000 0.707107
0.707107 0.000000 0.707107
0.707084 0.000006 0.707130
0.707084 0.000006 0.707130
0.707084 0.000006 0.707130
0.000000 -1.000000 0.000000
0.000000 -1.000000 0.000000
0.000000 -1.000000 0.000000
0.000000 -1.000000 0.000000
0.000000 -1.000000 0.000000
0.000000 -1.000000 0.000000
-0.996513 -0.080238 0.022891
-0.996513 -0.080238 0.022891
-0.996513 -0.080238 0.022891
-0.966805 -0.255513 0.000000
-0.966806 -0.255513 0.000000
-0.966806 -0.255513 0.000000
0.000000 0.961632 -0.274342
0.000000 0.961632 -0.274342
0.000000 0.961632 -0.274342
0.000000 0.961632 -0.274342
0.000000 0.961632 -0.274342
0.000000 0.961632 -0.274342
0.000000 0.000000 -1.000000
0.000000 0.000000 -1.000000
0.000000 0.000000 -1.000000
-0.999761 0.001701 0.021777
-0.999762 0.001701 0.021777
-0.999761 0.001701 0.021777
-0.998227 -0.055489 0.021527
-0.998227 -0.055489 0.021527
-0.998227 -0.055489 0.021527
0.000000 -0.077855 -0.996965
0.000000 -0.077855 -0.996965
0.000000 -0.077855 -0.996965
0.000000 -0.077855 -0.996965
0.000000 -0.077855 -0.996965
0.000000 -0.077855 -0.996965
0.000000 0.955265 0.295753
0.000000 0.955265 0.295753
0.000000 0.955265 0.295753
0.003615 0.955208 0.295914
0.003615 0.955208 0.295914
0.003615 0.955208 0.295914
-0.983107 -0.182453 -0.014558
-0.983107 -0.182453 -0.014558
-0.983107 -0.182453 -0.014558
0.000000 0.000000 -1.000000
0.000000 0.000000 -1.000000
0.000000 0.000000 -1.000000
0.999277 0.002961 0.037919
0.999276 0.002961 0.037919
0.999276 0.002961 0.037919
0.998531 -0.054003 0.004501
0.998531 -0.054003 0.004501
0.998531 -0.054003 0.004501
0.983107 -0.182453 -0.014558
0.983107 -0.182453 -0.014558
0.983107 -0.182453 -0.014558
0.996513 -0.080238 0.022891
0.996513 -0.080238 0.022891
0.996513 -0.080238 0.022891
0.966806 -0.255514 0.000000
0.966806 -0.255514 0.000000
0.966806 -0.255513 0.000000
0.996449 0.063968 0.054753
0.996449 0.063968 0.054753
0.996449 0.063968 0.054753
0.999214 0.038830 0.007921
0.999214 0.038830 0.007921
0.999214 0.038830 0.007921
0.998758 0.049618 -0.004427
0.998758 0.049618 -0.004427
0.998758 0.049618 -0.004427
0.000000 0.000000 1.000000
0.000000 0.000000 1.000000
0.000000 0.000000 1.000000
0.000000 0.000000 -1.000000
0.000000 0.000000 -1.000000
0.000000 0.000000 -1.000000
0.000000 -0.979821 -0.199875
0.000000 -0.979821 -0.199875
0.000000 -0.979821 -0.199875
0.000000 -0.979821 -0.199875
0.000000 -0.979821 -0.199875
0.000000 -0.979821 -0.199875
-0.998758 0.049617 -0.004427
-0.998758 0.049617 -0.004427
-0.998758 0.049617 -0.004427
-0.999214 0.038830 0.007921
-0.999214 0.038830 0.007921
-0.999214 0.038830 0.007921
-0.996449 0.063967 0.054753
-0.996449 0.063967 0.054753
-0.996449 0.063967 0.054753
-0.031179 0.000000 0.999514
-0.031179 0.000000 0.999514
-0.031179 0.000000 0.999514
-0.014836 0.067356 0.997619
-0.014836 0.067356 0.997619
-0.014836 0.067356 0.997619
-0.029242 0.067333 -0.997302
-0.029242 0.067333 -0.997302
-0.029242 0.067333 -0.997302
0.000000 0.000000 -1.000000
0.000000 0.000000 -1.000000
0.000000 0.000000 -1.000000
-0.027733 -0.999615 0.000000
-0.027733 -0.999615 0.000000
-0.027733 -0.999615 0.000000
0.029242 0.067335 0.997302
0.029242 0.067335 0.997302
0.029242 0.067335 0.997302
0.000000 0.000000 1.000000
0.000000 0.000000 1.000000
0.000000 0.000000 1.000000
0.031179 0.000000 -0.999514
0.031179 0.000000 -0.999514
0.031179 0.000000 -0.999514
0.014836 0.067355 -0.997619
0.014836 0.067355 -0.997619
0.014836 0.067355 -0.997619
0.027733 -0.999615 0.000000
0.027733 -0.999615 0.000000
0.027733 -0.999615 0.000000
-0.998758 0.049617 -0.004427
-0.998758 0.049617 -0.004427
-0.998758 0.049617 -0.004427
-0.999214 0.038830 0.007921
-0.999214 0.038830 0.007921
-0.999214 0.038830 0.007921
-0.996449 0.063967 0.054753
-0.996449 0.063967 0.054753
-0.996449 0.063967 0.054753
0.000000 0.000000 1.000000
0.000000 0.000000 1.000000
0.000000 0.000000 1.000000
0.000000 0.000000 -1.000000
0.000000 0.000000 -1.000000
0.000000 0.000000 -1.000000
0.000000 -0.979821 -0.199875
0.000000 -0.979821 -0.199875
0.000000 -0.979821 -0.199875
0.000000 -0.979821 -0.199875
0.000000 -0.979821 -0.199875
0.000000 -0.979821 -0.199875
0.996449 0.063968 0.054753
0.996449 0.063968 0.054753
0.996449 0.063968 0.054753
0.999214 0.038830 0.007921
0.999214 0.038830 0.007921
0.999214 0.038830 0.007921
0.998758 0.049618 -0.004427
0.998758 0.049618 -0.004427
0.998758 0.049618 -0.004427
-0.894674 0.137519 -0.425026
-0.894674 0.137519 -0.425026
-0.894674 0.137519 -0.425026
0.067959 -0.987982 -0.138825
0.067959 -0.987982 -0.138825
0.067959 -0.987982 -0.138825
0.883169 -0.095876 0.459152
0.883169 -0.095876 0.459152
0.883169 -0.095876 0.459152
0.040049 0.956370 0.289399
0.040049 0.956370 0.289399
0.040049 0.956370 0.289399
0.040048 0.956370 0.289400
0.040048 0.956370 0.289400
0.040048 0.956370 0.289400
0.417809 -0.291493 0.860504
0.417809 -0.291493 0.860504
0.417809 -0.291493 0.860504
-0.908272 -0.131730 0.397102
-0.908272 -0.131730 0.397102
-0.908272 -0.131730 0.397102
-0.420023 0.220509 -0.880316
-0.420023 0.220509 -0.880316
-0.420023 0.220509 -0.880316
0.906026 0.061254 -0.418765
0.906026 0.061254 -0.418765
0.906026 0.061254 -0.418765
0.000000 0.000000 -1.000000
0.000000 0.000000 -1.000000
0.000000 0.000000 -1.000000
0.000000 0.000000 -1.000000
0.000000 0.000000 -1.000000
0.000000 0.000000 -1.000000
0.707105 -0.707108 0.000000
0.707105 -0.707108 0.000000
0.707105 -0.707108 0.000000
0.707105 -0.707108 0.000000
0.707105 -0.707108 0.000000
0.707105 -0.707108 0.000000
0.865342 0.501181 0.000000
0.865342 0.501181 0.000000
0.865342 0.501181 0.000000
0.865342 0.501181 0.000000
0.865342 0.501181 0.000000
0.865342 0.501181 0.000000
-0.865342 0.501181 0.000000
-0.865342 0.501181 0.000000
-0.865342 0.501181 0.000000
-0.865342 0.501181 0.000000
-0.865342 0.501181 0.000000
-0.865342 0.501181 0.000000
-0.707106 -0.707108 0.000000
-0.707106 -0.707108 0.000000
-0.707105 -0.707108 0.000000
-0.707106 -0.707108 0.000000
-0.707105 -0.707108 0.000000
-0.707106 -0.707108 0.000000
0.000000 0.000000 1.000000
0.000000 0.000000 1.000000
0.000000 0.000000 1.000000
0.000000 0.000000 1.000000
0.000000 0.000000 1.000000
0.000000 0.000000 1.000000
0.706629 -0.706640 0.036555
0.706629 -0.706640 0.036555
0.706629 -0.706640 0.036555
0.706632 -0.706636 0.036553
0.706632 -0.706636 0.036553
0.706632 -0.706636 0.036553
0.706636 0.706633 0.036553
0.706636 0.706633 0.036553
0.706636 0.706633 0.036553
0.706638 0.706631 0.036554
0.706638 0.706631 0.036554
0.706638 0.706631 0.036554
-0.706636 0.706633 0.036555
-0.706636 0.706633 0.036555
-0.706636 0.706633 0.036555
-0.706638 0.706631 0.036553
-0.706638 0.706631 0.036553
-0.706638 0.706631 0.036553
-0.706629 -0.706640 0.036553
-0.706629 -0.706640 0.036553
-0.706629 -0.706640 0.036553
-0.706632 -0.706636 0.036555
-0.706632 -0.706636 0.036555
-0.706632 -0.706636 0.036555
0.000000 0.000000 1.000000
0.000000 0.000000 1.000000
0.000000 0.000000 1.000000
0.000000 0.000000 1.000000
0.000000 0.000000 1.000000
0.000000 0.000000 1.000000
-0.769816 0.562799 0.301066
-0.769816 0.562799 0.301066
-0.769816 0.562799 0.301066
-0.799728 0.537019 0.268412
-0.799728 0.537020 0.268412
-0.799728 0.537020 0.268412
-0.410895 0.911507 0.017901
-0.410895 0.911507 0.017901
-0.410895 0.911507 0.017901
-0.433136 0.901319 0.004129
-0.433136 0.901319 0.004129
-0.433136 0.901319 0.004129
-0.385810 0.922331 -0.021343
-0.385810 0.922331 -0.021343
-0.385810 0.922331 -0.021343
-0.525710 0.819698 -0.227430
-0.525710 0.819698 -0.227430
-0.525710 0.819698 -0.227430
-0.054823 -0.901780 -0.428704
-0.054823 -0.901780 -0.428704
-0.054823 -0.901780 -0.428704
-0.060968 -0.898638 -0.434434
-0.060968 -0.898638 -0.434434
-0.060968 -0.898638 -0.434434
-0.055303 -0.832868 -0.550702
-0.055303 -0.832868 -0.550702
-0.055303 -0.832868 -0.550702
-0.007592 -0.888147 -0.459497
-0.007592 -0.888147 -0.459497
-0.007592 -0.888147 -0.459497
0.243659 -0.567772 -0.786298
0.243659 -0.567772 -0.786298
0.243659 -0.567772 -0.786298
0.184103 -0.503274 -0.844288
0.184104 -0.503274 -0.844288
0.184103 -0.503274 -0.844288
0.260444 0.000000 -0.965489
0.260444 0.000000 -0.965489
0.260444 0.000000 -0.965489
0.260444 0.000000 -0.965489
0.260444 0.000000 -0.965489
0.260444 0.000000 -0.965489
-0.958744 0.000000 0.284272
-0.958744 0.000000 0.284272
-0.958744 0.000000 0.284272
-0.958744 0.000000 0.284272
-0.958744 0.000000 0.284272
-0.958744 0.000000 0.284272
0.681579 0.003825 0.731734
0.681579 0.003825 0.731734
0.681579 0.003825 0.731734
0.682308 -0.000003 0.731065
0.682307 -0.000003 0.731065
0.682307 -0.000003 0.731065
0.690201 0.000003 0.723617
0.690201 0.000003 0.723618
0.690201 0.000003 0.723618
0.690201 -0.000001 0.723617
0.690202 -0.000001 0.723617
0.690201 -0.000001 0.723617
0.690200 0.000001 0.723618
0.690200 0.000001 0.723618
0.690200 0.000001 0.723618
0.690200 0.000001 0.723618
0.690200 0.000001 0.723618
0.690200 0.000001 0.723618
0.690201 0.000000 0.723618
0.690201 0.000000 0.723618
0.690201 0.000000 0.723618
0.690201 0.000000 0.723618
0.690200 0.000000 0.723618
0.690201 0.000000 0.723618
-0.769816 -0.562799 0.301065
-0.769816 -0.562799 0.301065
-0.769816 -0.562799 0.301065
-0.799728 -0.537020 0.268412
-0.799728 -0.537020 0.268412
-0.799728 -0.537020 0.268412
-0.410897 -0.911506 0.017900
-0.410897 -0.911506 0.017900
-0.410896 -0.911506 0.017900
-0.433136 -0.901319 0.004129
-0.433136 -0.901319 0.004129
-0.433136 -0.901319 0.004129
-0.381388 -0.923987 -0.028120
-0.381388 -0.923987 -0.028120
-0.381388 -0.923987 -0.028120
-0.521296 -0.820952 -0.232997
-0.521296 -0.820952 -0.232997
-0.521297 -0.820952 -0.232997
-0.061245 0.903404 -0.424395
-0.061245 0.903404 -0.424395
-0.061245 0.903404 -0.424395
-0.066822 0.900531 -0.429626
-0.066822 0.900531 -0.429626
-0.066822 0.900531 -0.429626
-0.055302 0.832868 -0.550702
-0.055302 0.832868 -0.550702
-0.055302 0.832868 -0.550701
-0.007591 0.888147 -0.459496
-0.007591 0.888147 -0.459496
-0.007591 0.888147 -0.459496
0.243659 0.567772 -0.786298
0.243659 0.567772 -0.786298
0.243659 0.567772 -0.786298
0.184104 0.503274 -0.844287
0.184104 0.503274 -0.844287
0.184104 0.503274 -0.844287
0.681606 -0.003820 0.731710
0.681606 -0.003820 0.731710
0.681606 -0.003820 0.731710
0.682308 0.000002 0.731065
0.682308 0.000002 0.731065
0.682308 0.000002 0.731065
0.690201 -0.000003 0.723618
0.690201 -0.000003 0.723618
0.690201 -0.000003 0.723617
0.690201 -0.000006 0.723618
0.690201 -0.000006 0.723618
0.690201 -0.000006 0.723618
0.690200 -0.000001 0.723618
0.690200 -0.000001 0.723618
0.690200 -0.000001 0.723618
0.690200 -0.000001 0.723618
0.690200 -0.000001 0.723618
0.690200 -0.000001 0.723618
-0.066171 0.852269 -0.518902
-0.066171 0.852269 -0.518902
-0.066171 0.852269 -0.518902
-0.068219 0.838553 -0.540532
-0.068219 0.838553 -0.540532
-0.068219 0.838553 -0.540532
-0.072218 -0.823979 -0.561999
-0.072218 -0.823979 -0.561999
-0.072218 -0.823979 -0.561999
-0.052985 -0.931703 -0.359336
-0.052985 -0.931703 -0.359336
-0.052985 -0.931703 -0.359336
0.127392 0.031238 0.991360
0.127392 0.031238 0.991360
0.127392 0.031238 0.991360
0.126497 0.000000 0.991967
0.126497 0.000000 0.991967
0.126497 0.000000 0.991967
0.000000 0.000000 1.000000
0.000000 0.000000 1.000000
0.000000 0.000000 1.000000
0.000016 -0.000000 1.000000
0.000016 -0.000000 1.000000
0.000016 -0.000000 1.000000
0.707106 -0.707107 0.000000
0.707106 -0.707107 0.000000
0.707106 -0.707107 0.000000
0.707106 -0.707107 0.000000
0.707106 -0.707107 0.000000
0.707107 -0.707107 0.000000
0.707104 0.707110 0.000000
0.707104 0.707110 0.000000
0.707104 0.707110 0.000000
0.707106 0.707107 0.000000
0.707106 0.707107 0.000000
0.707106 0.707107 0.000000
-0.707106 0.707107 0.000000
-0.707106 0.707107 0.000000
-0.707106 0.707107 0.000000
-0.707104 0.707110 -0.000000
-0.707104 0.707110 -0.000000
-0.707104 0.707110 -0.000000
-0.707106 -0.707107 -0.000000
-0.707106 -0.707107 -0.000000
-0.707106 -0.707107 -0.000000
-0.707106 -0.707107 -0.000000
-0.707106 -0.707107 -0.000000
-0.707106 -0.707107 -0.000000
-0.606478 0.527457 0.594956
-0.606478 0.527457 0.594956
-0.606478 0.527457 0.594956
-0.605863 0.527920 0.595173
-0.605863 0.527920 0.595173
-0.605863 0.527920 0.595173
-0.586310 -0.514803 -0.625474
-0.586311 -0.514803 -0.625474
-0.586310 -0.514803 -0.625474
-0.591948 -0.510380 -0.623786
-0.591948 -0.510380 -0.623786
-0.591948 -0.510380 -0.623786
0.999628 -0.017345 0.021052
0.999628 -0.017345 0.021052
0.999628 -0.017345 0.021052
0.999633 -0.016158 0.021744
0.999633 -0.016158 0.021744
0.999633 -0.016158 0.021744
-0.376322 -0.014206 -0.926380
-0.376322 -0.014206 -0.926380
-0.376322 -0.014206 -0.926380
-0.525660 -0.072415 -0.847607
-0.525660 -0.072415 -0.847607
-0.525660 -0.072415 -0.847607
-0.341272 0.815277 -0.467821
-0.341272 0.815277 -0.467821
-0.341272 0.815277 -0.467821
-0.372655 0.800225 -0.469860
-0.372655 0.800225 -0.469860
-0.372655 0.800225 -0.469860
-0.385360 0.880085 -0.277396
-0.385360 0.880085 -0.277396
-0.385360 0.880085 -0.277396
-0.384943 0.880254 -0.277436
-0.384943 0.880254 -0.277436
-0.384943 0.880254 -0.277436
-0.625479 0.748014 -0.221925
-0.625479 0.748014 -0.221925
-0.625479 0.748014 -0.221925
-0.489256 -0.838299 0.240591
-0.489256 -0.838299 0.240591
-0.489256 -0.838299 0.240591
-0.489229 -0.838314 0.240593
-0.489229 -0.838314 0.240593
-0.489229 -0.838313 0.240593
-0.473427 -0.846901 0.242126
-0.473427 -0.846901 0.242126
-0.473427 -0.846901 0.242126
-0.553933 -0.697230 0.455003
-0.553933 -0.697230 0.455003
-0.553933 -0.697230 0.455003
-0.443122 -0.774333 0.451721
-0.443122 -0.774333 0.451721
-0.443121 -0.774333 0.451721
-0.572682 0.117033 0.811381
-0.572682 0.117033 0.811381
-0.572682 0.117033 0.811381
-0.513940 0.081976 0.853900
-0.513940 0.081976 0.853900
-0.513940 0.081976 0.853900
0.999836 -0.013819 0.011743
0.999836 -0.013819 0.011743
0.999835 -0.013819 0.011743
0.999836 -0.013819 0.011743
0.999836 -0.013819 0.011743
0.999836 -0.013819 0.011743
0.999836 -0.013819 0.011743
0.999836 -0.013819 0.011743
0.999836 -0.013819 0.011743
0.999836 -0.013820 0.011743
0.999836 -0.013820 0.011743
0.999836 -0.013820 0.011743
0.999836 -0.013819 0.011743
0.999836 -0.013819 0.011743
0.999836 -0.013819 0.011743
0.999883 -0.006892 0.013628
0.999883 -0.006892 0.013628
0.999883 -0.006892 0.013628
0.999854 -0.007540 0.015357
0.999854 -0.007540 0.015357
0.999854 -0.007540 0.015357
-0.025275 -0.863271 0.504108
-0.025275 -0.863271 0.504108
-0.025275 -0.863271 0.504108
-0.382682 -0.161626 0.909632
-0.382682 -0.161626 0.909632
-0.382682 -0.161626 0.909632
-0.382683 -0.161626 0.909632
-0.382683 -0.161626 0.909632
-0.382683 -0.161626 0.909632
-0.923880 -0.066948 0.376782
-0.923880 -0.066948 0.376782
-0.923880 -0.066948 0.376782
-0.923879 -0.066948 0.376782
-0.923880 -0.066948 0.376782
-0.923880 -0.066948 0.376782
-0.923880 0.066948 -0.376782
-0.923880 0.066948 -0.376782
-0.923880 0.066948 -0.376782
-0.923880 0.066948 -0.376782
-0.923880 0.066948 -0.376782
-0.923880 0.066948 -0.376782
-0.382683 0.161627 -0.909632
-0.382683 0.161627 -0.909632
-0.382683 0.161627 -0.909632
-0.382683 0.161627 -0.909632
-0.382683 0.161627 -0.909632
-0.382683 0.161627 -0.909632
0.382683 0.161627 -0.909632
0.382683 0.161627 -0.909632
0.382683 0.161627 -0.909632
0.382683 0.161627 -0.909632
0.382683 0.161627 -0.909632
0.382683 0.161627 -0.909632
0.923880 0.066948 -0.376782
0.923880 0.066948 -0.376782
0.923880 0.066948 -0.376782
0.923880 0.066948 -0.376782
0.923880 0.066948 -0.376782
0.923880 0.066948 -0.376782
0.923880 -0.066948 0.376782
0.923880 -0.066948 0.376782
0.923880 -0.066948 0.376782
0.923879 -0.066948 0.376782
0.923879 -0.066948 0.376782
0.923880 -0.066948 0.376782
0.382682 -0.161626 0.909633
0.382682 -0.161626 0.909632
0.382682 -0.161626 0.909632
0.382683 -0.161626 0.909632
0.382683 -0.161626 0.909632
0.382683 -0.161626 0.909632
-0.000000 -0.984579 -0.174943
-0.000000 -0.984579 -0.174943
-0.000000 -0.984579 -0.174943
0.000000 -0.984579 -0.174943
0.000000 -0.984579 -0.174943
0.000000 -0.984579 -0.174943
0.000000 -0.984578 -0.174944
0.000000 -0.984578 -0.174944
0.000000 -0.984578 -0.174944
-0.000000 -0.984579 -0.174943
-0.000000 -0.984578 -0.174943
-0.000000 -0.984578 -0.174943
-0.000001 -0.984579 -0.174943
-0.000001 -0.984579 -0.174943
-0.000001 -0.984579 -0.174943
0.000001 -0.984578 -0.174945
0.000001 -0.984578 -0.174945
0.000001 -0.984578 -0.174945
0.000000 1.000000 -0.000000
0.000000 1.000000 -0.000000
0.000000 1.000000 -0.000000
0.000000 1.000000 -0.000000
0.000000 1.000000 -0.000000
0.000000 1.000000 -0.000000
-1.000000 0.000000 -0.000000
-1.000000 0.000000 -0.000000
-1.000000 0.000000 -0.000000
1.000000 0.000000 -0.000000
1.000000 0.000000 -0.000000
1.000000 0.000000 -0.000000
0.000000 0.000000 -1.000000
0.000000 0.000000 -1.000000
0.000000 0.000000 -1.000000
0.000000 0.000000 -1.000000
0.000000 0.000000 -1.000000
0.000000 0.000000 -1.000000
0.000000 -0.952749 0.303758
0.000000 -0.952749 0.303758
0.000000 -0.952749 0.303758
0.000000 -0.952749 0.303758
0.000000 -0.952749 0.303758
0.000000 -0.952749 0.303758
-1.000000 0.000000 0.000000
-1.000000 0.000000 0.000000
-1.000000 0.000000 0.000000
-1.000000 0.000000 0.000000
-1.000000 0.000000 0.000000
-1.000000 0.000000 0.000000
1.000000 0.000000 0.000000
1.000000 0.000000 0.000000
1.000000 0.000000 0.000000
1.000000 0.000000 0.000000
1.000000 0.000000 0.000000
1.000000 0.000000 0.000000
0.000000 -0.377341 -0.926074
0.000000 -0.377341 -0.926074
0.000000 -0.377341 -0.926074
0.000000 -0.377341 -0.926074
0.000000 -0.377341 -0.926074
0.000000 -0.377341 -0.926074
-1.000000 0.000000 0.000000
-1.000000 0.000000 0.000000
-1.000000 0.000000 0.000000
1.000000 0.000000 0.000000
1.000000 0.000000 0.000000
1.000000 0.000000 0.000000
0.000000 -0.213448 -0.976954
0.000000 -0.213448 -0.976954
0.000000 -0.213448 -0.976954
0.000000 -0.213448 -0.976954
0.000000 -0.213448 -0.976954
0.000000 -0.213448 -0.976954
-0.906237 0.110031 -0.408201
-0.906237 0.110031 -0.408201
-0.906237 0.110031 -0.408201
0.028158 -0.977555 -0.208792
0.028158 -0.977555 -0.208792
0.028158 -0.977555 -0.208792
0.876024 -0.038851 0.480701
0.876024 -0.038851 0.480701
0.876024 -0.038851 0.480701
0.769816 0.562799 0.301066
0.769816 0.562799 0.301066
0.769816 0.562799 0.301066
0.799728 0.537020 0.268412
0.799728 0.537020 0.268412
0.799728 0.537019 0.268412
0.410895 0.911507 0.017901
0.410895 0.911507 0.017901
0.410895 0.911507 0.017901
0.433136 0.901319 0.004129
0.433136 0.901319 0.004129
0.433136 0.901319 0.004129
0.385810 0.922331 -0.021343
0.385810 0.922331 -0.021343
0.385810 0.922331 -0.021343
0.525710 0.819698 -0.227430
0.525710 0.819698 -0.227430
0.525710 0.819698 -0.227430
0.054823 -0.901780 -0.428704
0.054823 -0.901780 -0.428704
0.054823 -0.901780 -0.428704
0.060968 -0.898638 -0.434434
0.060968 -0.898638 -0.434434
0.060968 -0.898638 -0.434434
0.055303 -0.832868 -0.550702
0.055303 -0.832868 -0.550702
0.055303 -0.832868 -0.550702
0.007592 -0.888147 -0.459497
0.007592 -0.888147 -0.459497
0.007592 -0.888147 -0.459497
-0.243659 -0.567772 -0.786298
-0.243659 -0.567772 -0.786298
-0.243659 -0.567772 -0.786298
-0.184103 -0.503274 -0.844288
-0.184104 -0.503274 -0.844288
-0.184103 -0.503274 -0.844288
-0.260444 0.000000 -0.965489
-0.260444 0.000000 -0.965489
-0.260444 0.000000 -0.965489
-0.260444 0.000000 -0.965489
-0.260444 0.000000 -0.965489
-0.260444 0.000000 -0.965489
0.958744 0.000000 0.284272
0.958744 0.000000 0.284272
0.958744 0.000000 0.284272
0.958744 0.000000 0.284272
0.958744 0.000000 0.284272
0.958744 0.000000 0.284272
-0.681579 0.003825 0.731734
-0.681579 0.003825 0.731734
-0.681579 0.003825 0.731734
-0.682307 -0.000003 0.731065
-0.682307 -0.000003 0.731065
-0.682308 -0.000003 0.731065
-0.690201 0.000003 0.723618
-0.690201 0.000003 0.723618
-0.690201 0.000003 0.723617
-0.690201 -0.000001 0.723617
-0.690202 -0.000001 0.723617
-0.690201 -0.000001 0.723617
-0.690200 0.000001 0.723618
-0.690200 0.000001 0.723618
-0.690200 0.000001 0.723618
-0.690200 0.000001 0.723618
-0.690200 0.000001 0.723618
-0.690200 0.000001 0.723618
-0.690201 0.000000 0.723618
-0.690201 0.000000 0.723618
-0.690201 0.000000 0.723618
-0.690201 0.000000 0.723618
-0.690200 0.000000 0.723618
-0.690201 0.000000 0.723618
0.769816 -0.562799 0.301065
0.769816 -0.562799 0.301065
0.769816 -0.562799 0.301065
0.799728 -0.537020 0.268412
0.799728 -0.537020 0.268412
0.799728 -0.537020 0.268412
0.410896 -0.911506 0.017900
0.410897 -0.911506 0.017900
0.410897 -0.911506 0.017900
0.433136 -0.901319 0.004129
0.433136 -0.901319 0.004129
0.433136 -0.901319 0.004129
0.381388 -0.923987 -0.028120
0.381388 -0.923987 -0.028120
0.381388 -0.923987 -0.028120
0.521297 -0.820952 -0.232997
0.521296 -0.820952 -0.232997
0.521296 -0.820952 -0.232997
0.061245 0.903404 -0.424395
0.061245 0.903404 -0.424395
0.061245 0.903404 -0.424395
0.066822 0.900531 -0.429626
0.066822 0.900531 -0.429626
0.066822 0.900531 -0.429626
0.055302 0.832868 -0.550701
0.055302 0.832868 -0.550702
0.055302 0.832868 -0.550702
0.007591 0.888147 -0.459496
0.007591 0.888147 -0.459496
0.007591 0.888147 -0.459496
-0.243659 0.567772 -0.786298
-0.243659 0.567772 -0.786298
-0.243659 0.567772 -0.786298
-0.184104 0.503274 -0.844287
-0.184104 0.503274 -0.844287
-0.184104 0.503274 -0.844287
-0.681606 -0.003820 0.731710
-0.681606 -0.003820 0.731710
-0.681606 -0.003820 0.731710
-0.682308 0.000002 0.731065
-0.682308 0.000002 0.731065
-0.682308 0.000002 0.731065
-0.690201 -0.000003 0.723617
-0.690201 -0.000003 0.723618
-0.690201 -0.000003 0.723618
-0.690201 -0.000006 0.723618
-0.690201 -0.000006 0.723618
-0.690201 -0.000006 0.723618
-0.690200 -0.000001 0.723618
-0.690200 -0.000001 0.723618
-0.690200 -0.000001 0.723618
-0.690200 -0.000001 0.723618
-0.690200 -0.000001 0.723618
-0.690200 -0.000001 0.723618
0.066171 0.852269 -0.518902
0.066171 0.852269 -0.518902
0.066171 0.852269 -0.518902
0.068219 0.838553 -0.540532
0.068219 0.838553 -0.540532
0.068219 0.838553 -0.540532
0.072218 -0.823979 -0.561999
0.072218 -0.823979 -0.561999
0.072218 -0.823979 -0.561999
0.052985 -0.931703 -0.359336
0.052985 -0.931703 -0.359336
0.052985 -0.931703 -0.359336
-0.127392 0.031238 0.991360
-0.127392 0.031238 0.991360
-0.127392 0.031238 0.991360
-0.126497 0.000000 0.991967
-0.126497 0.000000 0.991967
-0.126497 0.000000 0.991967
0.000000 0.388988 -0.921243
0.000000 0.388988 -0.921243
0.000000 0.388988 -0.921243
0.000000 0.388988 -0.921243
0.000000 0.388988 -0.921243
0.000000 0.388988 -0.921243
0.000000 0.152419 -0.988316
0.000000 0.152419 -0.988316
0.000000 0.152419 -0.988316
0.000000 0.152419 -0.988316
0.000000 0.152419 -0.988316
0.000000 0.152419 -0.988316
-0.000190 -0.971181 -0.238345
-0.000190 -0.971180 -0.238345
-0.000190 -0.971181 -0.238345
0.000000 -0.971065 -0.238815
0.000000 -0.971065 -0.238815
0.000000 -0.971065 -0.238815
0.000000 -0.970598 -0.240708
0.000000 -0.970598 -0.240708
0.000000 -0.970598 -0.240708
-0.000190 -0.970717 -0.240226
-0.000190 -0.970717 -0.240226
-0.000190 -0.970717 -0.240226
0.000000 0.000000 1.000000
0.000000 0.000000 1.000000
0.000000 0.000000 1.000000
0.000000 0.000000 1.000000
0.000000 0.000000 1.000000
0.000000 0.000000 1.000000
0.000000 0.111612 0.993752
0.000000 0.111612 0.993752
0.000000 0.111612 0.993752
0.000000 0.111612 0.993752
0.000000 0.111612 0.993752
0.000000 0.111612 0.993752
0.000000 1.000000 0.000000
0.000000 1.000000 0.000000
0.000000 1.000000 0.000000
0.000000 1.000000 0.000000
0.000000 1.000000 0.000000
0.000000 1.000000 0.000000
0.000000 0.993570 -0.113223
0.000000 0.993570 -0.113223
0.000000 0.993570 -0.113223
0.000000 0.993570 -0.113223
0.000000 0.993570 -0.113223
0.000000 0.993570 -0.113223
0.906095 0.069838 -0.417271
0.906095 0.069838 -0.417271
0.906095 0.069838 -0.417271
0.894910 0.113895 -0.431468
0.894910 0.113895 -0.431468
0.894910 0.113895 -0.431468
-0.028158 -0.977555 -0.208792
-0.028158 -0.977555 -0.208792
-0.028158 -0.977555 -0.208792
-0.888263 -0.034978 0.458001
-0.888263 -0.034978 0.458001
-0.888263 -0.034978 0.458001
-0.877800 -0.079075 0.472455
-0.877800 -0.079075 0.472455
-0.877800 -0.079075 0.472455
-0.000002 0.776675 0.629901
-0.000002 0.776675 0.629901
-0.000002 0.776675 0.629901
0.000002 0.776675 0.629901
0.000002 0.776675 0.629901
0.000002 0.776675 0.629901
0.000000 -1.000000 0.000000
0.000000 -1.000000 0.000000
0.000000 -1.000000 0.000000
0.000000 -1.000000 0.000000
0.000000 -1.000000 0.000000
0.000000 -1.000000 0.000000
0.707107 0.000000 -0.707107
0.707107 0.000000 -0.707107
0.707107 0.000000 -0.707107
0.707107 0.000000 -0.707107
0.707107 0.000000 -0.707107
0.707107 0.000000 -0.707107
-0.707107 -0.000000 -0.707106
-0.707107 -0.000000 -0.707106
-0.707107 -0.000000 -0.707106
-0.707106 0.000000 -0.707107
-0.707106 0.000000 -0.707107
-0.707106 0.000000 -0.707107
0.677376 0.395298 -0.620405
0.677376 0.395298 -0.620405
0.677376 0.395298 -0.620405
0.703842 0.368811 -0.607112
0.703842 0.368811 -0.607112
0.703842 0.368811 -0.607112
-0.694161 -0.386799 0.607065
-0.694161 -0.386799 0.607065
-0.694161 -0.386799 0.607065
-0.705089 -0.385512 0.595172
-0.705090 -0.385512 0.595172
-0.705090 -0.385512 0.595172
-0.678537 0.381381 -0.627803
-0.678537 0.381381 -0.627803
-0.678537 0.381381 -0.627803
-0.704795 0.381205 -0.598287
-0.704795 0.381205 -0.598287
-0.704795 0.381205 -0.598287
0.696570 -0.390063 0.602197
0.696571 -0.390063 0.602197
0.696571 -0.390063 0.602197
0.704796 -0.381205 0.598286
0.704796 -0.381205 0.598286
0.704796 -0.381205 0.598286
0.707083 0.000001 0.707130
0.707083 0.000001 0.707130
0.707083 0.000001 0.707130
0.707107 0.000000 0.707107
0.707107 0.000000 0.707107
0.707107 0.000000 0.707107
-0.707084 0.000001 0.707130
-0.707084 0.000001 0.707130
-0.707084 0.000001 0.707130
-0.707106 0.000000 0.707107
-0.707106 0.000000 0.707107
-0.707106 0.000000 0.707107
-0.680719 0.235706 -0.693588
-0.680719 0.235706 -0.693588
-0.680719 0.235706 -0.693588
-0.705596 0.209302 -0.676998
-0.705596 0.209302 -0.676999
-0.705596 0.209302 -0.676999
0.703825 0.228573 -0.672596
0.703825 0.228573 -0.672596
0.703825 0.228573 -0.672596
0.679744 0.216638 -0.700725
0.679744 0.216638 -0.700725
0.679744 0.216638 -0.700725
0.573314 -0.242006 0.782780
0.573314 -0.242006 0.782780
0.573314 -0.242006 0.782780
-0.573314 -0.242006 0.782780
-0.573314 -0.242006 0.782780
-0.573314 -0.242006 0.782780
-0.138369 0.985852 0.094602
-0.138369 0.985852 0.094602
-0.138369 0.985852 0.094602
-0.138369 0.985852 0.094602
-0.138369 0.985852 0.094602
-0.138369 0.985852 0.094602
0.138369 -0.985852 -0.094602
0.138369 -0.985852 -0.094602
0.138369 -0.985852 -0.094602
0.138369 -0.985852 -0.094603
0.138369 -0.985852 -0.094603
0.138369 -0.985852 -0.094603
0.672788 0.000000 0.739835
0.672788 0.000000 0.739835
0.672788 0.000000 0.739835
0.672788 0.000000 0.739835
0.672788 0.000000 0.739835
0.672788 0.000000 0.739835
-0.659294 0.000000 -0.751886
-0.659293 0.000000 -0.751886
-0.659294 0.000000 -0.751886
-0.659293 0.000000 -0.751886
-0.659293 0.000000 -0.751886
-0.659294 0.000000 -0.751886
-0.150270 0.983292 0.102740
-0.150271 0.983292 0.102740
-0.150271 0.983292 0.102740
-0.143126 0.983441 0.111172
-0.143126 0.983441 0.111172
-0.143126 0.983441 0.111172
0.143126 -0.983441 -0.111172
0.143126 -0.983441 -0.111172
0.143126 -0.983441 -0.111172
0.150270 -0.983292 -0.102741
0.150270 -0.983292 -0.102741
0.150270 -0.983292 -0.102741
0.727494 0.000000 0.686114
0.727494 0.000000 0.686114
0.727494 0.000000 0.686114
0.727494 0.000000 0.686114
0.727494 0.000000 0.686114
0.727494 0.000000 0.686114
-0.710081 0.000000 -0.704120
-0.710081 0.000000 -0.704120
-0.710081 0.000000 -0.704120
-0.710081 0.000000 -0.704120
-0.710081 0.000000 -0.704120
-0.710081 0.000000 -0.704120
0.000000 1.000000 -0.000406
0.000000 1.000000 -0.000406
0.000000 1.000000 -0.000406
0.000000 1.000000 -0.000406
0.000000 1.000000 -0.000406
0.000000 1.000000 -0.000406
-0.707107 0.001669 0.707105
-0.707107 0.001669 0.707105
-0.707107 0.001669 0.707105
-0.707108 0.001669 0.707104
-0.707108 0.001669 0.707104
-0.707108 0.001669 0.707104
-0.707104 -0.001669 -0.707108
-0.707104 -0.001669 -0.707108
-0.707104 -0.001669 -0.707108
-0.707105 -0.001669 -0.707107
-0.707105 -0.001669 -0.707107
-0.707105 -0.001669 -0.707107
0.707104 -0.001669 -0.707108
0.707104 -0.001669 -0.707108
0.707104 -0.001669 -0.707108
0.707105 -0.001669 -0.707107
0.707105 -0.001669 -0.707107
0.707105 -0.001669 -0.707107
0.707108 0.001669 0.707104
0.707108 0.001669 0.707104
0.707108 0.001669 0.707104
0.707107 0.001669 0.707105
0.707107 0.001669 0.707105
0.707107 0.001669 0.707105
-0.000002 0.776675 0.629901
-0.000002 0.776675 0.629901
-0.000002 0.776675 0.629901
0.000002 0.776675 0.629901
0.000002 0.776675 0.629901
0.000002 0.776675 0.629901
0.000000 -1.000000 0.000000
0.000000 -1.000000 0.000000
0.000000 -1.000000 0.000000
0.000000 -1.000000 0.000000
0.000000 -1.000000 0.000000
0.000000 -1.000000 0.000000
-0.707107 0.000000 -0.707107
-0.707107 0.000000 -0.707107
-0.707107 0.000000 -0.707107
-0.707107 0.000000 -0.707107
-0.707107 0.000000 -0.707107
-0.707107 0.000000 -0.707107
0.707106 0.000000 -0.707107
0.707106 0.000000 -0.707107
0.707106 0.000000 -0.707107
0.707107 -0.000000 -0.707106
0.707107 -0.000000 -0.707106
0.707107 -0.000000 -0.707106
-0.703842 0.368811 -0.607112
-0.703842 0.368811 -0.607112
-0.703842 0.368811 -0.607112
-0.677376 0.395298 -0.620405
-0.677376 0.395298 -0.620405
-0.677376 0.395298 -0.620404
0.705089 -0.385512 0.595172
0.705090 -0.385512 0.595172
0.705090 -0.385512 0.595172
0.694161 -0.386799 0.607065
0.694161 -0.386799 0.607064
0.694161 -0.386799 0.607064
0.704795 0.381205 -0.598287
0.704795 0.381205 -0.598287
0.704795 0.381205 -0.598287
0.678537 0.381381 -0.627803
0.678537 0.381381 -0.627803
0.678537 0.381381 -0.627803
-0.704796 -0.381205 0.598286
-0.704796 -0.381205 0.598286
-0.704796 -0.381205 0.598286
-0.696570 -0.390063 0.602197
-0.696571 -0.390063 0.602197
-0.696571 -0.390063 0.602197
-0.707083 0.000001 0.707130
-0.707083 0.000001 0.707130
-0.707083 0.000001 0.707130
-0.707107 0.000000 0.707107
-0.707107 0.000000 0.707107
-0.707107 0.000000 0.707107
0.707106 0.000000 0.707107
0.707106 0.000000 0.707107
0.707106 0.000000 0.707107
0.707084 0.000001 0.707130
0.707084 0.000001 0.707130
0.707084 0.000001 0.707130
0.705596 0.209302 -0.676998
0.705596 0.209302 -0.676999
0.705596 0.209302 -0.676999
0.680719 0.235706 -0.693588
0.680719 0.235706 -0.693588
0.680719 0.235706 -0.693588
-0.679744 0.216638 -0.700725
-0.679744 0.216638 -0.700725
-0.679744 0.216638 -0.700725
-0.703825 0.228573 -0.672596
-0.703825 0.228573 -0.672596
-0.703825 0.228573 -0.672596
-0.573314 -0.242006 0.782780
-0.573314 -0.242006 0.782780
-0.573314 -0.242006 0.782780
0.573314 -0.242006 0.782780
0.573314 -0.242006 0.782780
0.573314 -0.242006 0.782780
0.138369 0.985852 0.094602
0.138369 0.985852 0.094602
0.138369 0.985852 0.094602
0.138369 0.985852 0.094602
0.138369 0.985852 0.094602
0.138369 0.985852 0.094602
-0.138369 -0.985852 -0.094603
-0.138369 -0.985852 -0.094603
-0.138369 -0.985852 -0.094603
-0.138369 -0.985852 -0.094602
-0.138369 -0.985852 -0.094602
-0.138369 -0.985852 -0.094602
-0.672788 0.000000 0.739835
-0.672788 0.000000 0.739835
-0.672788 0.000000 0.739835
-0.672788 0.000000 0.739835
-0.672788 0.000000 0.739835
-0.672788 0.000000 0.739835
0.659293 0.000000 -0.751886
0.659294 0.000000 -0.751886
0.659293 0.000000 -0.751886
0.659293 0.000000 -0.751886
0.659294 0.000000 -0.751886
0.659294 0.000000 -0.751886
0.142410 0.983607 0.110615
0.142410 0.983607 0.110615
0.142410 0.983607 0.110615
0.151255 0.983071 0.103413
0.151255 0.983070 0.103413
0.151255 0.983071 0.103413
-0.150270 -0.983292 -0.102741
-0.150270 -0.983292 -0.102741
-0.150270 -0.983292 -0.102741
-0.143126 -0.983441 -0.111172
-0.143126 -0.983441 -0.111172
-0.143126 -0.983441 -0.111172
-0.727494 0.000000 0.686114
-0.727494 0.000000 0.686114
-0.727494 0.000000 0.686114
-0.727494 0.000000 0.686114
-0.727494 0.000000 0.686114
-0.727494 0.000000 0.686114
0.710081 0.000000 -0.704120
0.710081 0.000000 -0.704120
0.710081 0.000000 -0.704120
0.710081 0.000000 -0.704120
0.710081 0.000000 -0.704120
0.710081 0.000000 -0.704120
-0.707105 -0.001669 -0.707107
-0.707105 -0.001669 -0.707107
-0.707105 -0.001669 -0.707107
-0.707105 -0.001669 -0.707106
-0.707105 -0.001669 -0.707106
-0.707105 -0.001669 -0.707106
0.000000 1.000000 -0.000406
0.000000 1.000000 -0.000406
0.000000 1.000000 -0.000406
0.000000 1.000000 -0.000406
0.000000 1.000000 -0.000406
0.000000 1.000000 -0.000406
-0.707108 0.001669 0.707103
-0.707108 0.001669 0.707103
-0.707108 0.001669 0.707103
-0.707108 0.001669 0.707104
-0.707108 0.001669 0.707104
-0.707108 0.001669 0.707104
0.707105 -0.001669 -0.707107
0.707105 -0.001669 -0.707107
0.707105 -0.001669 -0.707107
0.707103 -0.001669 -0.707108
0.707103 -0.001669 -0.707108
0.707103 -0.001669 -0.707108
0.707107 0.001669 0.707105
0.707107 0.001669 0.707105
0.707107 0.001669 0.707105
0.707107 0.001669 0.707105
0.707107 0.001669 0.707105
0.707107 0.001669 0.707105
0.261080 0.000000 -0.965317
0.261080 0.000000 -0.965317
0.261080 0.000000 -0.965317
0.261080 -0.000000 -0.965317
0.261080 -0.000000 -0.965317
0.261080 -0.000000 -0.965317
-0.126033 -0.846762 0.516827
-0.126033 -0.846762 0.516827
-0.126033 -0.846762 0.516827
-0.157121 -0.798639 0.580938
-0.157121 -0.798639 0.580938
-0.157121 -0.798639 0.580938
-0.140157 0.843686 0.518218
-0.140157 0.843686 0.518218
-0.140157 0.843686 0.518218
-0.141966 0.800580 0.582166
-0.141966 0.800580 0.582166
-0.141966 0.800580 0.582166
0.261080 0.000000 -0.965317
0.261080 0.000000 -0.965317
0.261080 0.000000 -0.965317
0.261080 -0.000000 -0.965317
0.261080 -0.000000 -0.965317
0.261080 -0.000000 -0.965317
-0.126033 -0.846761 0.516828
-0.126033 -0.846761 0.516828
-0.126033 -0.846761 0.516828
-0.157121 -0.798639 0.580939
-0.157121 -0.798639 0.580939
-0.157121 -0.798638 0.580938
-0.140158 0.843686 0.518219
-0.140158 0.843686 0.518219
-0.140158 0.843686 0.518219
-0.141966 0.800580 0.582166
-0.141966 0.800580 0.582166
-0.141966 0.800580 0.582166
0.000000 0.000000 -1.000000
0.000000 0.000000 -1.000000
0.000000 0.000000 -1.000000
0.000000 0.000000 -1.000000
0.000000 0.000000 -1.000000
0.000000 0.000000 -1.000000
0.000000 -1.000000 0.000000
0.000000 -1.000000 0.000000
0.000000 -1.000000 0.000000
0.000000 -1.000000 0.000000
0.000000 -1.000000 0.000000
0.000000 -1.000000 0.000000
0.000000 0.000000 1.000000
0.000000 0.000000 1.000000
0.000000 0.000000 1.000000
0.000000 0.000000 1.000000
0.000000 0.000000 1.000000
0.000000 0.000000 1.000000
-1.000000 0.000000 0.000000
-1.000000 0.000000 0.000000
-1.000000 0.000000 0.000000
-1.000000 0.000000 0.000000
-1.000000 0.000000 0.000000
-1.000000 0.000000 0.000000
1.000000 0.000000 0.000000
1.000000 0.000000 0.000000
1.000000 0.000000 0.000000
1.000000 0.000000 0.000000
1.000000 0.000000 0.000000
1.000000 0.000000 0.000000
0.000000 1.000000 0.000000
0.000000 1.000000 0.000000
0.000000 1.000000 0.000000
0.000000 1.000000 0.000000
0.000000 1.000000 0.000000
0.000000 1.000000 0.000000
-0.261080 0.000000 -0.965317
-0.261080 0.000000 -0.965317
-0.261080 0.000000 -0.965317
-0.261080 -0.000000 -0.965317
-0.261080 -0.000000 -0.965317
-0.261080 -0.000000 -0.965317
0.126033 -0.846762 0.516827
0.126033 -0.846762 0.516827
0.126033 -0.846762 0.516827
0.157121 -0.798639 0.580938
0.157121 -0.798639 0.580938
0.157121 -0.798639 0.580938
0.140157 0.843686 0.518218
0.140157 0.843686 0.518218
0.140157 0.843686 0.518218
0.141966 0.800580 0.582166
0.141966 0.800580 0.582166
0.141966 0.800580 0.582166
-0.261080 0.000000 -0.965317
-0.261080 0.000000 -0.965317
-0.261080 0.000000 -0.965317
-0.261080 -0.000000 -0.965317
-0.261080 -0.000000 -0.965317
-0.261080 -0.000000 -0.965317
0.126033 -0.846761 0.516828
0.126033 -0.846761 0.516828
0.126033 -0.846761 0.516828
0.157121 -0.798638 0.580938
0.157121 -0.798639 0.580939
0.157121 -0.798639 0.580939
0.140158 0.843686 0.518219
0.140158 0.843686 0.518219
0.140158 0.843686 0.518219
0.141966 0.800580 0.582166
0.141966 0.800580 0.582166
0.141966 0.800580 0.582166
0.000000 0.000000 -1.000000
0.000000 0.000000 -1.000000
0.000000 0.000000 -1.000000
0.000000 0.000000 -1.000000
0.000000 0.000000 -1.000000
0.000000 0.000000 -1.000000
0.000000 -1.000000 0.000000
0.000000 -1.000000 0.000000
0.000000 -1.000000 0.000000
0.000000 -1.000000 0.000000
0.000000 -1.000000 0.000000
0.000000 -1.000000 0.000000
0.000000 0.000000 1.000000
0.000000 0.000000 1.000000
0.000000 0.000000 1.000000
0.000000 0.000000 1.000000
0.000000 0.000000 1.000000
0.000000 0.000000 1.000000
1.000000 0.000000 0.000000
1.000000 0.000000 0.000000
1.000000 0.000000 0.000000
1.000000 0.000000 0.000000
1.000000 0.000000 0.000000
1.000000 0.000000 0.000000
-1.000000 0.000000 0.000000
-1.000000 0.000000 0.000000
-1.000000 0.000000 0.000000
-1.000000 0.000000 0.000000
-1.000000 0.000000 0.000000
-1.000000 0.000000 0.000000
0.000000 1.000000 0.000000
0.000000 1.000000 0.000000
0.000000 1.000000 0.000000
0.000000 1.000000 0.000000
0.000000 1.000000 0.000000
0.000000 1.000000 0.000000
</float_array>
          <technique_common>
            <accessor source="#mesh-0-Normal0-array" count="2160" stride="3">
              <param name="X" type="float"/>
              <param name="Y" type="float"/>
              <param name="Z" type="float"/>
            </accessor>
          </technique_common>
        </source>
        <source id="mesh-0-UV0">
          <float_array id="mesh-0-UV0-array" count="1668">
0.956648 0.797794
0.979098 0.774833
0.979098 0.797794
0.956648 0.774833
0.979098 0.751872
0.956648 0.751872
0.956648 0.843715
0.979098 0.820754
0.979098 0.843715
0.956648 0.820754
0.969183 0.848317
0.969183 0.872302
0.957191 0.860309
0.981175 0.860309
0.420213 0.774238
0.375850 0.774360
0.366792 0.746724
0.420282 0.751552
0.366792 0.746724
0.484309 0.843739
0.442114 0.870071
0.470732 0.774145
0.503684 0.764557
0.473025 0.751485
0.504842 0.692612
0.475663 0.685128
0.505376 0.640492
0.476761 0.643997
0.497376 0.592278
0.467966 0.596590
0.483259 0.546406
0.457351 0.533336
0.325318 0.739262
0.357379 0.717481
0.366792 0.746724
0.346805 0.825022
0.449700 0.920644
0.484834 0.914159
0.521977 0.849699
0.526063 0.781347
0.534406 0.698840
0.535554 0.635953
0.530367 0.579274
0.518998 0.526029
0.481383 0.513050
0.420545 0.507442
0.420885 0.532039
0.377697 0.518034
0.389357 0.554600
0.336008 0.554918
0.371924 0.583706
0.322111 0.606669
0.359579 0.622063
0.324427 0.666587
0.355806 0.670274
0.289002 0.824808
0.289002 0.741565
0.315307 0.825022
0.301916 0.932580
0.289002 0.928346
0.022572 0.964793
0.051363 0.993584
0.031005 0.985151
0.302695 0.051498
0.288903 0.098416
0.288903 0.055881
0.312405 0.102457
0.288903 0.157207
0.315767 0.159028
0.288903 0.234020
0.324021 0.235178
0.288903 0.279261
0.324021 0.279261
0.288903 0.338689
0.324021 0.335216
0.288903 0.403714
0.324021 0.394826
0.288903 0.430938
0.324021 0.431080
0.288952 0.455006
0.324021 0.454930
0.289002 0.489062
0.324021 0.488584
0.289002 0.554351
0.289002 0.608568
0.289002 0.668814
0.412027 0.635638
0.413173 0.657479
0.409282 0.597822
0.421062 0.927129
0.031005 0.944435
0.051363 0.936003
0.473025 0.751485
0.211244 0.746694
0.157792 0.774238
0.157364 0.751256
0.202154 0.774360
0.093578 0.843739
0.107272 0.774145
0.135912 0.870071
0.102523 0.750838
0.074175 0.764557
0.073162 0.692612
0.102341 0.685128
0.072628 0.640492
0.101244 0.643997
0.080629 0.592278
0.110038 0.596590
0.094745 0.546406
0.120654 0.533336
0.211244 0.746694
0.231199 0.825022
0.220626 0.717481
0.252686 0.739262
0.127807 0.920644
0.103165 0.914159
0.055882 0.849699
0.051796 0.781347
0.043599 0.698840
0.042451 0.635953
0.047637 0.579274
0.059007 0.526029
0.096621 0.513050
0.157460 0.507442
0.156979 0.531944
0.200307 0.518034
0.188647 0.554600
0.242334 0.554918
0.206081 0.583706
0.255893 0.606669
0.218425 0.622063
0.253577 0.666587
0.222199 0.670274
0.262697 0.825022
0.276088 0.932580
0.080153 0.964793
0.071721 0.985151
0.275110 0.051498
0.265400 0.102457
0.262039 0.159028
0.253784 0.235178
0.253984 0.279261
0.253984 0.335216
0.253984 0.394826
0.253984 0.431080
0.253984 0.454930
0.253984 0.488584
0.165978 0.635638
0.164830 0.657508
0.168722 0.597822
0.155219 0.927129
0.071721 0.944435
0.102523 0.750838
0.102523 0.750838
0.955805 0.930597
0.970372 0.945183
0.957272 0.940396
0.980928 0.936853
0.975510 0.924545
0.961697 0.922630
0.929035 0.440393
0.967377 0.469570
0.946836 0.508178
0.995820 0.440393
0.929035 0.549118
0.938500 0.549118
0.987703 0.391348
0.936456 0.313492
0.876597 0.891917
0.665934 0.440393
0.646263 0.506492
0.626977 0.467577
0.599218 0.440393
0.665934 0.549118
0.653650 0.549118
0.608119 0.389158
0.660714 0.311879
0.711247 0.892168
0.875039 0.317485
0.891881 0.156024
0.722199 0.316600
0.707517 0.154592
0.773358 0.104505
0.773358 0.157573
0.837901 0.081597
0.826722 0.104505
0.826722 0.157573
0.895820 0.071766
0.837901 0.081597
0.773358 0.019666
0.826722 0.080786
0.773358 0.080786
0.826722 0.019666
0.762903 0.081018
0.705850 0.069330
0.762913 0.081040
0.775869 0.323683
0.821348 0.323683
0.783842 0.320805
0.813416 0.320805
0.798569 0.331578
0.813416 0.320805
0.773358 0.157573
0.826722 0.157573
0.798569 0.331578
0.798532 0.338295
0.824241 0.392482
0.798453 0.386833
0.817951 0.346394
0.783842 0.320805
0.772665 0.392482
0.778955 0.346394
0.900959 0.440393
0.867131 0.440393
0.842987 0.331582
0.842987 0.440393
0.900959 0.549118
0.867131 0.549118
0.842987 0.549118
0.863354 0.889593
0.849540 0.887678
0.839645 0.887187
0.694044 0.440393
0.725380 0.440393
0.749907 0.331820
0.749907 0.440393
0.694044 0.549118
0.725380 0.549118
0.749907 0.549118
0.724552 0.890007
0.738424 0.888265
0.748348 0.887899
0.773358 0.104505
0.826722 0.104505
0.773358 0.079202
0.826722 0.079202
0.866621 0.925848
0.867268 0.855834
0.880381 0.858162
0.853507 0.923519
0.721347 0.926677
0.720603 0.856049
0.734533 0.924561
0.707418 0.858164
0.851443 0.854649
0.841823 0.922058
0.733908 0.855765
0.748934 0.922701
0.746316 0.854831
0.953598 0.977043
0.958188 0.958614
0.965108 0.970123
0.946679 0.965534
0.385717 0.134718
0.480774 0.122836
0.477794 0.160987
0.385717 0.122836
0.477794 0.160987
0.477794 0.160987
0.385717 0.134718
0.385717 0.134718
0.385717 0.200594
0.385717 0.200594
0.385717 0.188712
0.480324 0.123564
0.602059 0.123103
0.477345 0.161715
0.599145 0.090319
0.477345 0.161715
0.480324 0.123564
0.480324 0.123564
0.477345 0.161715
0.602059 0.123103
0.477345 0.161715
0.477345 0.161715
0.602059 0.123103
0.480372 0.099804
0.480324 0.123564
0.480324 0.123564
0.480324 0.099800
0.477345 0.161715
0.599145 0.233111
0.480324 0.199866
0.602059 0.200327
0.480409 0.223624
0.477794 0.162443
0.480774 0.200594
0.385717 0.188712
0.385717 0.200594
0.390620 0.422293
0.445848 0.392548
0.420356 0.422293
0.404129 0.356072
0.442553 0.356072
0.500997 0.422293
0.500997 0.422293
0.471261 0.422293
0.449064 0.356072
0.487489 0.356072
0.487489 0.356072
0.487489 0.356072
0.487489 0.356072
0.500997 0.422293
0.500997 0.422293
0.487489 0.356072
0.445809 0.392557
0.449064 0.356072
0.500997 0.422293
0.471261 0.422293
0.495410 0.288589
0.388142 0.314521
0.388142 0.291565
0.495410 0.338149
0.545445 0.250236
0.493924 0.272610
0.493924 0.248807
0.545445 0.261262
0.493924 0.248807
0.493924 0.248807
0.545445 0.250236
0.602678 0.291565
0.602678 0.314521
0.442403 0.261262
0.442403 0.250236
0.442403 0.250236
0.487489 0.356072
0.445796 0.392554
0.449064 0.356072
0.500997 0.422293
0.471261 0.422293
0.471261 0.422293
0.500997 0.422293
0.500997 0.422293
0.487489 0.356072
0.487489 0.356072
0.449064 0.356072
0.500997 0.422293
0.500997 0.422293
0.487489 0.356072
0.487489 0.356072
0.390620 0.422293
0.445809 0.392557
0.420356 0.422293
0.404129 0.356072
0.442553 0.356072
0.989552 0.167765
0.941632 0.086478
0.991008 0.086735
0.989552 0.167765
0.991008 0.086735
0.993361 0.086585
0.941632 0.086478
0.989552 0.167765
0.990652 0.086558
0.967036 0.061030
0.995994 0.051376
0.987243 0.069794
0.976522 0.042612
0.876135 0.040229
0.875709 0.031735
0.991055 0.031430
0.875797 0.023230
0.991055 0.031430
0.876802 0.014785
0.991055 0.031430
0.876894 0.048700
0.991055 0.031430
0.951981 0.712634
0.951981 0.745005
0.940109 0.724506
0.963853 0.724506
0.944808 0.797794
0.958449 0.774833
0.958449 0.797794
0.944808 0.774833
0.958449 0.751872
0.944808 0.751872
0.944808 0.843715
0.958449 0.820754
0.958449 0.843715
0.944808 0.820754
0.975726 0.712634
0.975726 0.745005
0.963853 0.724506
0.987598 0.724506
0.956648 0.797794
0.979098 0.774833
0.979098 0.797794
0.956648 0.774833
0.979098 0.751872
0.956648 0.751872
0.956648 0.843715
0.979098 0.820754
0.979098 0.843715
0.956648 0.820754
0.969183 0.848317
0.969183 0.872302
0.957191 0.860309
0.981175 0.860309
0.138631 0.352201
0.153749 0.351657
0.138631 0.359170
0.153749 0.357463
0.138631 0.342563
0.153749 0.343245
0.138631 0.304285
0.153749 0.371873
0.138631 0.371367
0.153749 0.304679
0.166226 0.372222
0.166226 0.304803
0.166226 0.350579
0.166226 0.343714
0.166226 0.355179
0.166226 0.383347
0.153749 0.382367
0.138631 0.383752
0.178430 0.371323
0.178430 0.304238
0.178430 0.351670
0.178430 0.342504
0.178430 0.358630
0.178430 0.383509
0.153749 0.386632
0.138631 0.388872
0.153749 0.392904
0.138631 0.395750
0.138631 0.454490
0.153749 0.451847
0.166226 0.454336
0.166226 0.395192
0.166226 0.389671
0.178430 0.395764
0.178430 0.454504
0.178430 0.388922
0.138631 0.304285
0.151832 0.396099
0.138631 0.396628
0.151832 0.304327
0.163373 0.396709
0.163373 0.304367
0.178430 0.396748
0.178430 0.304418
0.445616 0.947486
0.440847 0.952255
0.440847 0.947486
0.445616 0.952255
0.488323 0.982606
0.488323 0.989690
0.398669 0.982606
0.398669 0.989690
0.398669 0.961354
0.488323 0.961354
0.398669 0.968438
0.488323 0.968438
0.488323 0.975522
0.398669 0.975522
0.406531 0.440032
0.407053 0.435964
0.384392 0.439972
0.385263 0.435914
0.385829 0.432021
0.407253 0.432017
0.423273 0.434176
0.424525 0.431986
0.445839 0.434113
0.447169 0.432006
0.523658 0.431902
0.523839 0.431304
0.522696 0.435088
0.522071 0.437158
0.521828 0.437964
0.444973 0.437229
0.427770 0.437550
0.522258 0.436539
0.384392 0.439972
0.385263 0.435914
0.385829 0.432021
0.201218 0.991233
0.186725 0.955784
0.201218 0.955784
0.186725 0.991233
0.172232 0.955784
0.172232 0.991233
0.157739 0.955784
0.157739 0.991233
0.143246 0.955784
0.143246 0.991233
0.128753 0.955784
0.128753 0.991233
0.114260 0.955784
0.114260 0.991233
0.099767 0.955784
0.099767 0.991233
0.085274 0.955784
0.085274 0.991233
0.320879 0.968053
0.293160 0.996062
0.312863 0.987735
0.273311 0.988155
0.312512 0.948546
0.264944 0.968648
0.292663 0.940640
0.272960 0.948966
0.279328 0.437229
0.296768 0.405544
0.296768 0.437229
0.279328 0.405544
0.312222 0.004336
0.282724 0.032540
0.282724 0.004336
0.312222 0.004336
0.341720 0.004336
0.341720 0.032540
0.975263 0.651558
0.993338 0.685457
0.975263 0.685457
0.993338 0.651558
0.569269 0.348104
0.546154 0.380710
0.546154 0.348104
0.569269 0.380710
0.206145 0.007073
0.228922 0.035809
0.238972 0.004591
0.206063 0.035745
0.206063 0.035745
0.238972 0.004591
0.228922 0.035809
0.206145 0.007073
0.546154 0.380710
0.569269 0.418148
0.546154 0.418148
0.569269 0.380710
0.266413 0.007244
0.266413 0.007244
0.546154 0.449499
0.569269 0.449499
0.957433 0.221153
0.993008 0.175956
0.957640 0.177384
0.957433 0.221153
0.957640 0.177384
0.954976 0.177363
0.993008 0.175956
0.957433 0.221153
0.957640 0.177384
0.138631 0.359170
0.153749 0.351657
0.138631 0.352201
0.153749 0.357463
0.153749 0.343245
0.138631 0.342563
0.138631 0.371367
0.153749 0.371873
0.138631 0.304285
0.153749 0.304679
0.166226 0.304803
0.166226 0.372222
0.166226 0.343714
0.166226 0.350579
0.166226 0.355179
0.153749 0.382367
0.166226 0.383347
0.138631 0.383752
0.178430 0.371323
0.178430 0.304238
0.178430 0.351670
0.178430 0.342504
0.178430 0.358630
0.178430 0.383509
0.138631 0.388872
0.153749 0.386632
0.138631 0.395750
0.153749 0.392904
0.138631 0.454490
0.153749 0.451847
0.166226 0.395192
0.166226 0.454336
0.166226 0.389671
0.178430 0.395764
0.178430 0.454504
0.178430 0.388922
0.138631 0.396628
0.151832 0.396099
0.138631 0.304285
0.151832 0.304327
0.163373 0.304367
0.163373 0.396709
0.178430 0.396748
0.178430 0.304418
0.589836 0.807290
0.649800 0.792351
0.649039 0.807290
0.589075 0.792351
0.649800 0.792351
0.586493 0.767570
0.652382 0.767570
0.589075 0.792351
0.652382 0.767570
0.580826 0.739422
0.658049 0.739425
0.586493 0.767570
0.581026 0.709935
0.657849 0.709935
0.656604 0.688636
0.581026 0.709868
0.582271 0.688636
0.657849 0.709868
0.582271 0.688636
0.652865 0.655298
0.656604 0.688636
0.586011 0.655298
0.586010 0.850003
0.653289 0.828216
0.652864 0.850003
0.585586 0.828216
0.585586 0.828216
0.649039 0.807290
0.653289 0.828216
0.589836 0.807290
0.957640 0.177384
0.985242 0.219801
0.957433 0.221153
0.993008 0.175956
0.954976 0.177363
0.957640 0.177384
0.957433 0.221153
0.957640 0.177384
0.985242 0.219801
0.993008 0.175956
0.957433 0.221153
0.039621 0.477903
0.054151 0.463632
0.039621 0.463632
0.054151 0.477903
0.065025 0.106397
0.050567 0.120855
0.065098 0.120855
0.050567 0.106397
0.024999 0.070890
0.039621 0.409929
0.039621 0.070890
0.024999 0.410977
0.010837 0.409649
0.010837 0.070890
0.024999 0.433523
0.039621 0.463632
0.039621 0.432301
0.024999 0.463632
0.054151 0.419089
0.068256 0.463632
0.068256 0.430744
0.054151 0.463632
0.010837 0.434804
0.010837 0.463632
0.054151 0.070890
0.068256 0.409835
0.068256 0.070890
0.072203 0.125350
0.185962 0.125380
0.072203 0.119736
0.185962 0.119815
0.185962 0.096438
0.072203 0.101926
0.185962 0.102005
0.072203 0.096531
0.185962 0.078611
0.072203 0.078704
0.072203 0.156501
0.185962 0.156366
0.072203 0.150864
0.185963 0.150773
0.185962 0.127314
0.072203 0.133000
0.185962 0.132909
0.072203 0.127143
0.072203 0.174518
0.185962 0.174384
0.881971 0.982441
0.897055 0.982441
0.889513 0.989983
0.889513 0.974899
0.929820 0.974899
0.917932 0.912752
0.929820 0.912755
0.917784 0.974896
0.905895 0.974893
0.905895 0.912749
0.893859 0.912752
0.894007 0.974896
0.881971 0.912755
0.881971 0.974896
0.039621 0.477903
0.054151 0.463632
0.054151 0.477903
0.039621 0.463632
0.065025 0.106397
0.050567 0.120855
0.050567 0.106397
0.065098 0.120855
0.024999 0.070890
0.039621 0.409757
0.024999 0.410977
0.039621 0.070890
0.010837 0.409711
0.010837 0.070890
0.024999 0.433523
0.039621 0.463632
0.024999 0.463632
0.039621 0.432301
0.054151 0.419089
0.068256 0.463632
0.054151 0.463632
0.068256 0.430744
0.010837 0.434804
0.010837 0.463632
0.054151 0.070890
0.068256 0.409835
0.068256 0.070890
0.072203 0.125350
0.185962 0.119815
0.185962 0.125380
0.072203 0.119736
0.185962 0.096438
0.072203 0.101926
0.072203 0.096531
0.185962 0.102005
0.185962 0.078611
0.072203 0.078704
0.072203 0.156501
0.185963 0.150773
0.185962 0.156366
0.072203 0.150864
0.185962 0.127314
0.072203 0.133000
0.072203 0.127143
0.185962 0.132909
0.072203 0.174518
0.185962 0.174384
0.893859 0.912752
0.905895 0.974893
0.905895 0.912749
0.894007 0.974896
0.897055 0.982441
0.881971 0.982441
0.889513 0.989983
0.889513 0.974899
0.881971 0.974899
0.881971 0.912755
0.917932 0.912752
0.917784 0.974896
0.929820 0.912755
0.929820 0.974899
0.384078 0.026190
0.470469 0.018051
0.384078 0.018051
0.470469 0.026190
0.470469 0.009704
0.470469 0.001358
0.384078 0.009704
0.384078 0.001358
0.384078 0.026190
0.470469 0.018051
0.384078 0.018051
0.470469 0.026190
0.470469 0.009704
0.470469 0.001358
0.384078 0.009704
0.384078 0.001358
0.076750 0.238091
0.123354 0.462344
0.076750 0.462344
0.123354 0.238091
0.077664 0.470088
0.122178 0.463040
0.077664 0.463040
0.122178 0.470088
0.076750 0.462344
0.123354 0.238091
0.076750 0.238091
0.123354 0.462344
0.129458 0.238091
0.123354 0.238091
0.129458 0.462344
0.123354 0.462344
0.129458 0.462344
0.123354 0.462344
0.129458 0.238091
0.123354 0.238091
0.077664 0.463040
0.122178 0.470088
0.077664 0.470088
0.122178 0.463040
0.384078 0.018051
0.470469 0.018051
0.384078 0.026190
0.470469 0.026190
0.384078 0.009704
0.470469 0.001358
0.470469 0.009704
0.384078 0.001358
0.384078 0.018051
0.470469 0.018051
0.384078 0.026190
0.470469 0.026190
0.384078 0.009704
0.470469 0.001358
0.470469 0.009704
0.384078 0.001358
0.076750 0.462344
0.123354 0.462344
0.076750 0.238091
0.123354 0.238091
0.077664 0.463040
0.122178 0.463040
0.077664 0.470088
0.122178 0.470088
0.076750 0.238091
0.123354 0.238091
0.076750 0.462344
0.123354 0.462344
0.129458 0.462344
0.123354 0.238091
0.129458 0.238091
0.123354 0.462344
0.129458 0.238091
0.123354 0.462344
0.129458 0.462344
0.123354 0.238091
0.077664 0.470088
0.122178 0.470088
0.077664 0.463040
0.122178 0.463040
</float_array>
          <technique_common>
            <accessor source="#mesh-0-UV0-array" count="834" stride="2">
              <param name="S" type="float"/>
              <param name="T" type="float"/>
            </accessor>
          </technique_common>
        </source>
        <vertices id="mesh-0-VERTEX">
          <input semantic="POSITION" source="#mesh-0-POSITION"/>
        </vertices>
        <triangles count="720" material="mh6m_black_normal_1024"><input semantic="VERTEX" offset="0" source="#mesh-0-VERTEX"/><input semantic="NORMAL" offset="1" source="#mesh-0-Normal0"/><input semantic="TEXCOORD" offset="2" set="0" source="#mesh-0-UV0"/><p> 0 0 0 1 1 1 2 2 2 0 3 0 3 4 3 1 5 1 3 6 3 4 7 4 1 8 1 3 9 3 5 10 5 4 11 4 5 12 6 6 13 7 4 14 8 5 15 6 7 16 9 6 17 7 7 18 9 2 19 2 6 20 7 7 21 9 0 22 0 2 23 2 2 24 10 4 25 11 6 26 12 2 27 10 1 28 13 4 29 11 8 30 14 9 31 15 10 32 16 11 33 17 8 34 14 10 35 18 12 36 19 13 37 20 14 38 21 14 39 21 15 40 22 12 41 19 14 42 21 16 43 23 15 44 22 16 45 23 17 46 24 15 47 22 16 48 23 18 49 25 17 50 24 18 51 25 19 52 26 17 53 24 18 54 25 20 55 27 19 56 26 20 57 27 21 58 28 19 59 26 20 60 27 22 61 29 21 62 28 22 63 29 23 64 30 21 65 28 22 66 29 24 67 31 23 68 30 25 69 32 26 70 33 10 71 34 9 72 15 27 73 35 10 74 34 10 75 34 27 76 35 25 77 32 28 78 36 12 79 19 29 80 37 12 81 19 30 82 38 29 83 37 12 84 19 31 85 39 30 86 38 12 87 19 15 88 22 31 89 39 15 90 22 32 91 40 31 92 39 15 93 22 17 94 24 32 95 40 17 96 24 33 97 41 32 98 40 17 99 24 19 100 26 33 101 41 19 102 26 34 103 42 33 104 41 19 105 26 21 106 28 34 107 42 21 108 28 35 109 43 34 110 42 21 111 28 23 112 30 35 113 43 23 114 30 36 115 44 35 116 43 23 117 30 24 118 31 36 119 44 24 120 31 37 121 45 36 122 44 24 123 31 38 124 46 37 125 45 38 126 46 39 127 47 37 128 45 38 129 46 40 130 48 39 131 47 40 132 48 41 133 49 39 134 47 40 135 48 42 136 50 41 137 49 42 138 50 43 139 51 41 140 49 42 141 50 44 142 52 43 143 51 44 144 52 45 145 53 43 146 51 44 147 52 46 148 54 45 149 53 46 150 54 25 151 32 45 152 53 46 153 54 26 154 33 25 155 32 25 156 32 47 157 55 48 158 56 25 159 32 27 160 57 47 161 55 27 162 57 49 163 58 47 164 55 47 165 55 49 166 58 50 167 59 28 168 60 50 169 61 49 170 62 29 171 63 51 172 64 52 173 65 29 174 63 30 175 66 51 176 64 30 177 66 53 178 67 51 179 64 30 180 66 31 181 68 53 182 67 31 183 68 54 184 69 53 185 67 31 186 68 32 187 70 54 188 69 32 189 70 55 190 71 54 191 69 32 192 70 33 193 72 55 194 71 33 195 72 56 196 73 55 197 71 33 198 72 34 199 74 56 200 73 34 201 74 57 202 75 56 203 73 34 204 74 35 205 76 57 206 75 35 207 76 58 208 77 57 209 75 35 210 76 36 211 78 58 212 77 36 213 78 59 214 79 58 215 77 36 216 78 37 217 80 59 218 79 37 219 80 60 220 81 59 221 79 37 222 80 39 223 82 60 224 81 39 225 82 61 226 83 60 227 81 39 228 82 41 229 49 61 230 83 41 231 49 62 232 84 61 233 83 41 234 49 43 235 51 62 236 84 43 237 51 63 238 85 62 239 84 43 240 51 45 241 53 63 242 85 45 243 53 48 244 56 63 245 85 45 246 53 25 247 32 48 248 56 64 249 86 46 250 54 44 251 52 64 252 86 65 253 87 46 254 54 66 255 88 42 256 50 40 257 48 64 258 86 42 259 50 66 260 88 64 261 86 44 262 52 42 263 50 9 264 15 8 265 14 13 266 20 28 267 36 49 268 89 13 269 20 29 270 90 52 271 91 28 272 60 9 273 15 13 274 20 27 275 35 22 276 29 38 277 46 24 278 31 22 279 29 66 280 88 38 281 46 20 282 27 66 283 88 22 284 29 20 285 27 64 286 86 66 287 88 64 288 86 20 289 27 65 290 87 8 291 14 16 292 92 14 293 21 8 294 14 11 295 17 16 296 92 13 297 20 8 298 14 14 299 21 66 300 88 40 301 48 38 302 46 67 303 93 68 304 94 69 305 95 70 306 96 68 307 94 67 308 93 71 309 97 72 310 98 73 311 99 74 312 100 72 313 98 71 314 97 71 315 97 75 316 101 74 317 100 74 318 100 76 319 102 77 320 103 74 321 100 75 322 101 76 323 102 77 324 103 78 325 104 79 326 105 77 327 103 76 328 102 78 329 104 79 330 105 80 331 106 81 332 107 79 333 105 78 334 104 80 335 106 81 336 107 82 337 108 83 338 109 81 339 107 80 340 106 82 341 108 70 342 96 67 343 110 84 344 111 67 345 110 85 346 112 86 347 113 86 348 113 84 349 111 67 350 110 73 351 99 87 352 114 71 353 97 71 354 97 88 355 115 89 356 116 71 357 97 90 358 117 75 359 101 71 360 97 89 361 116 90 362 117 75 363 101 91 364 118 76 365 102 75 366 101 90 367 117 91 368 118 76 369 102 92 370 119 78 371 104 76 372 102 91 373 118 92 374 119 78 375 104 93 376 120 80 377 106 78 378 104 92 379 119 93 380 120 80 381 106 94 382 121 82 383 108 80 384 106 93 385 120 94 386 121 82 387 108 95 388 122 83 389 109 82 390 108 94 391 121 95 392 122 83 393 109 96 394 123 97 395 124 83 396 109 95 397 122 96 398 123 97 399 124 98 400 125 99 401 126 97 402 124 96 403 123 98 404 125 99 405 126 100 406 127 101 407 128 99 408 126 98 409 125 100 410 127 101 411 128 102 412 129 103 413 130 101 414 128 100 415 127 102 416 129 103 417 130 104 418 131 105 419 132 103 420 130 102 421 129 104 422 131 105 423 132 86 424 113 85 425 112 105 426 132 104 427 131 86 428 113 86 429 113 47 430 55 84 431 133 86 432 113 48 433 56 47 434 55 84 435 133 47 436 55 106 437 134 106 438 134 47 439 55 50 440 59 87 441 135 50 442 61 28 443 60 87 444 135 106 445 136 50 446 61 88 447 137 51 448 64 89 449 138 88 450 137 52 451 65 51 452 64 89 453 138 53 454 67 90 455 139 89 456 138 51 457 64 53 458 67 90 459 139 54 460 69 91 461 140 90 462 139 53 463 67 54 464 69 91 465 140 55 466 71 92 467 141 91 468 140 54 469 69 55 470 71 92 471 141 56 472 73 93 473 142 92 474 141 55 475 71 56 476 73 93 477 142 57 478 75 94 479 143 93 480 142 56 481 73 57 482 75 94 483 143 58 484 77 95 485 144 94 486 143 57 487 75 58 488 77 95 489 144 59 490 79 96 491 145 95 492 144 58 493 77 59 494 79 96 495 145 60 496 81 98 497 146 96 498 145 59 499 79 60 500 81 98 501 146 61 502 83 100 503 127 98 504 146 60 505 81 61 506 83 100 507 127 62 508 84 102 509 129 100 510 127 61 511 83 62 512 84 102 513 129 63 514 85 104 515 131 102 516 129 62 517 84 63 518 85 104 519 131 48 520 56 86 521 113 104 522 131 63 523 85 48 524 56 107 525 147 105 526 132 108 527 148 107 528 147 103 529 130 105 530 132 109 531 149 99 532 126 101 533 128 107 534 147 101 535 128 103 536 130 107 537 147 109 538 149 101 539 128 70 540 96 73 541 99 68 542 94 87 543 114 73 544 99 106 545 150 87 546 135 52 547 91 88 548 151 87 549 135 28 550 60 52 551 91 70 552 96 84 553 111 73 554 99 81 555 107 97 556 124 109 557 149 81 558 107 83 559 109 97 560 124 79 561 105 109 562 149 107 563 147 79 564 105 81 565 107 109 566 149 107 567 147 108 568 148 79 569 105 68 570 94 74 571 152 69 572 95 68 573 94 72 574 98 74 575 153 73 576 99 72 577 98 68 578 94 109 579 149 97 580 124 99 581 126 73 582 99 84 583 111 106 584 150 27 585 35 13 586 20 49 587 89 13 588 20 12 589 19 28 590 36 71 591 97 87 592 114 88 593 115 110 594 154 111 595 155 112 596 156 110 597 154 113 598 157 111 599 155 110 600 154 114 601 158 113 602 157 110 603 154 115 604 159 114 605 158 116 606 160 117 607 161 118 608 162 50 609 163 117 610 161 116 611 160 119 612 164 118 613 162 120 614 165 116 615 160 118 616 162 119 617 164 50 618 163 116 619 160 121 620 166 121 621 166 116 622 160 122 623 167 113 624 168 119 625 164 120 626 165 123 627 169 118 628 170 117 629 171 50 630 172 123 631 169 117 632 171 124 633 173 120 634 174 118 635 170 123 636 169 124 637 173 118 638 170 50 639 172 125 640 175 123 641 169 125 642 175 126 643 176 123 644 169 113 645 177 120 646 174 124 647 173 127 648 178 128 649 179 122 650 167 129 651 180 126 652 176 130 653 181 130 654 181 131 655 182 132 656 183 133 657 184 128 658 179 134 659 185 134 660 185 128 661 179 135 662 186 136 663 187 128 664 179 133 665 188 137 666 189 133 667 190 138 668 191 137 669 189 136 670 192 133 671 190 138 672 193 131 673 182 130 674 181 137 675 194 138 676 195 130 677 181 132 678 183 139 679 196 130 680 181 135 681 186 128 682 179 140 683 197 141 684 198 142 685 199 143 686 200 135 687 186 140 688 197 142 689 201 128 690 179 127 691 178 140 692 197 132 693 202 142 694 199 141 695 198 132 696 202 135 697 203 142 698 199 140 699 197 143 700 204 142 701 201 140 702 197 144 703 205 143 704 204 144 705 205 127 706 206 145 707 207 144 708 205 140 709 208 127 710 206 132 711 183 141 712 209 139 713 196 130 714 181 139 715 196 129 716 180 139 717 196 143 718 204 144 719 205 139 720 196 141 721 209 143 722 204 144 723 205 129 724 210 139 725 211 144 726 205 145 727 207 129 728 210 127 729 178 122 730 167 146 731 212 147 732 213 145 733 214 127 734 178 147 735 213 148 736 215 145 737 214 116 738 160 146 739 212 122 740 167 146 741 212 147 742 213 127 743 178 149 744 216 147 745 213 146 746 212 149 747 216 150 748 217 147 749 213 119 750 164 146 751 212 116 752 160 119 753 164 149 754 216 146 755 212 150 756 217 148 757 215 147 758 213 150 759 217 151 760 218 148 761 215 114 762 219 150 763 217 149 764 216 114 765 219 115 766 220 150 767 217 113 768 168 149 769 216 119 770 164 113 771 168 114 772 219 149 773 216 115 774 220 151 775 218 150 776 217 115 777 220 110 778 221 151 779 218 129 780 180 152 781 222 126 782 176 153 783 223 145 784 224 148 785 225 153 786 223 129 787 180 145 788 224 123 789 169 126 790 176 152 791 222 152 792 222 129 793 180 153 794 223 154 795 226 153 796 223 155 797 227 154 798 226 152 799 222 153 800 223 124 801 173 152 802 222 154 803 226 124 804 173 123 805 169 152 806 222 155 807 227 148 808 225 151 809 228 155 810 227 153 811 223 148 812 225 111 813 229 154 814 226 112 815 230 112 816 230 154 817 226 155 818 227 113 819 177 124 820 173 111 821 229 111 822 229 124 823 173 154 824 226 112 825 230 155 826 227 110 827 231 110 828 231 155 829 227 151 830 228 131 831 232 135 832 203 132 833 202 131 834 232 134 835 233 135 836 203 138 837 234 134 838 233 131 839 232 138 840 234 133 841 235 134 842 233 156 843 236 157 844 237 158 845 238 156 846 236 159 847 239 157 848 237 156 849 240 160 850 241 161 851 242 156 852 240 158 853 243 160 854 241 162 855 244 159 856 239 163 857 245 162 858 244 157 859 237 159 860 239 160 861 246 163 862 247 161 863 242 160 864 246 162 865 248 163 866 247 161 867 249 159 868 250 156 869 251 161 870 249 163 871 252 159 872 250 164 873 253 165 874 254 166 875 255 164 876 253 167 877 256 165 878 254 166 879 257 168 880 258 164 881 259 164 882 259 168 883 258 169 884 260 164 885 261 169 886 262 167 887 263 170 888 264 171 889 265 172 890 266 170 891 264 173 892 267 171 893 265 172 894 268 174 895 269 170 896 270 172 897 268 175 898 271 174 899 269 171 900 272 175 901 273 172 902 274 171 903 272 176 904 275 175 905 273 170 906 264 177 907 276 173 908 267 170 909 277 174 910 278 177 911 279 175 912 280 173 913 281 174 914 282 175 915 280 176 916 283 173 917 281 173 918 281 177 919 284 174 920 282 168 921 285 165 922 286 169 923 287 169 924 287 165 925 286 167 926 288 178 927 289 179 928 290 180 929 291 181 930 292 179 931 290 178 932 289 181 933 292 182 934 293 179 935 290 183 936 294 178 937 295 180 938 296 182 939 297 181 940 298 184 941 299 184 942 300 181 943 301 183 944 302 183 945 302 181 946 301 178 947 303 184 948 304 179 949 305 182 950 306 183 951 307 179 952 305 184 953 304 183 954 307 180 955 308 179 956 305 185 957 309 186 958 310 187 959 311 185 960 309 188 961 312 186 962 310 187 963 313 188 964 314 189 965 315 187 966 313 186 967 316 188 968 314 189 969 317 185 970 318 187 971 319 190 972 320 188 973 312 185 974 309 190 975 320 191 976 321 188 977 312 189 978 315 191 979 322 190 980 323 189 981 315 188 982 314 191 983 322 190 984 324 185 985 318 189 986 317 192 987 325 193 988 326 194 989 327 195 990 328 193 991 326 192 992 325 195 993 328 196 994 329 193 995 326 196 996 330 195 997 331 197 998 332 198 999 333 192 1000 334 194 1001 335 197 1002 336 195 1003 337 198 1004 338 198 1005 338 195 1006 337 192 1007 339 197 1008 340 193 1009 341 196 1010 342 198 1011 343 193 1012 341 197 1013 340 198 1014 343 194 1015 344 193 1016 341 199 1017 345 200 1018 346 201 1019 347 199 1020 348 201 1021 349 202 1022 350 200 1023 351 199 1024 352 202 1025 353 203 1026 354 204 1027 355 205 1028 356 203 1029 354 206 1030 357 204 1031 355 203 1032 358 205 1033 359 207 1034 360 205 1035 359 204 1036 361 207 1037 362 204 1038 361 206 1039 363 207 1040 364 206 1041 365 203 1042 358 207 1043 366 208 1044 367 209 1045 368 210 1046 369 208 1047 367 211 1048 370 209 1049 368 208 1050 371 212 1051 372 213 1052 373 208 1053 371 210 1054 374 212 1055 372 210 1056 374 214 1057 375 212 1058 372 210 1059 374 209 1060 376 214 1061 375 209 1062 377 215 1063 378 214 1064 379 209 1065 377 211 1066 380 215 1067 378 211 1068 380 213 1069 373 215 1070 378 211 1071 380 208 1072 371 213 1073 373 213 1074 381 214 1075 382 215 1076 383 213 1077 381 212 1078 384 214 1079 382 216 1080 385 217 1081 386 218 1082 387 216 1083 385 219 1084 388 217 1085 386 219 1086 388 220 1087 389 217 1088 386 219 1089 388 221 1090 390 220 1091 389 221 1092 391 222 1093 392 220 1094 393 221 1095 391 223 1096 394 222 1097 392 223 1098 394 218 1099 387 222 1100 392 223 1101 394 216 1102 385 218 1103 387 218 1104 395 220 1105 396 222 1106 397 218 1107 395 217 1108 398 220 1109 396 224 1110 399 225 1111 400 226 1112 401 225 1113 400 227 1114 402 226 1115 401 228 1116 403 229 1117 404 224 1118 399 229 1119 404 225 1120 400 224 1121 399 230 1122 405 229 1123 406 228 1124 407 231 1125 408 229 1126 406 230 1127 405 232 1128 409 229 1129 406 233 1130 410 229 1131 406 231 1132 408 233 1133 410 234 1134 411 225 1135 400 232 1136 412 225 1137 400 229 1138 404 232 1139 412 235 1140 413 227 1141 402 234 1142 411 227 1143 402 225 1144 400 234 1145 411 236 1146 414 237 1147 415 235 1148 413 237 1149 415 227 1150 402 235 1151 413 226 1152 401 227 1153 402 238 1154 416 227 1155 402 237 1156 415 238 1157 416 233 1158 410 228 1159 417 232 1160 409 230 1161 418 228 1162 417 233 1163 410 234 1164 411 232 1165 412 224 1166 419 232 1167 412 228 1168 420 224 1169 419 235 1170 413 234 1171 411 226 1172 421 234 1173 411 224 1174 419 226 1175 421 236 1176 414 235 1177 413 238 1178 422 235 1179 413 226 1180 421 238 1181 422 238 1182 416 239 1183 423 240 1184 424 238 1185 416 237 1186 415 239 1187 423 240 1188 424 241 1189 425 242 1190 426 240 1191 424 239 1192 423 241 1193 425 242 1194 426 241 1195 425 243 1196 427 243 1197 427 241 1198 425 244 1199 428 245 1200 429 241 1201 425 246 1202 430 245 1203 429 244 1204 428 241 1205 425 246 1206 430 239 1207 423 247 1208 431 246 1209 430 241 1210 425 239 1211 423 247 1212 431 237 1213 415 236 1214 414 247 1215 431 239 1216 423 237 1217 415 246 1218 430 242 1219 432 245 1220 429 245 1221 429 242 1222 432 243 1223 433 240 1224 434 246 1225 430 247 1226 431 240 1227 434 242 1228 432 246 1229 430 238 1230 422 247 1231 431 236 1232 414 238 1233 422 240 1234 434 247 1235 431 248 1236 435 249 1237 436 250 1238 437 251 1239 438 249 1240 436 248 1241 435 252 1242 439 249 1243 436 253 1244 440 249 1245 436 251 1246 438 253 1247 440 253 1248 440 250 1249 441 252 1250 439 248 1251 442 250 1252 441 253 1253 440 254 1254 443 255 1255 444 256 1256 445 254 1257 443 257 1258 446 255 1259 444 258 1260 447 259 1261 448 254 1262 449 254 1263 449 259 1264 448 257 1265 450 257 1266 451 259 1267 452 255 1268 453 255 1269 453 259 1270 452 260 1271 454 260 1272 454 261 1273 455 255 1274 453 255 1275 453 261 1276 455 256 1277 456 261 1278 455 258 1279 447 256 1280 456 256 1281 456 258 1282 447 254 1283 449 262 1284 457 263 1285 458 264 1286 459 263 1287 458 265 1288 460 264 1289 459 266 1290 461 265 1291 460 267 1292 462 265 1293 460 263 1294 458 267 1295 462 262 1296 457 264 1297 459 267 1298 462 264 1299 459 266 1300 461 267 1301 462 267 1302 462 268 1303 463 269 1304 464 267 1305 462 263 1306 458 268 1307 463 269 1308 464 270 1309 465 271 1310 466 269 1311 464 268 1312 463 270 1313 465 271 1314 466 272 1315 467 273 1316 468 271 1317 466 270 1318 465 272 1319 467 272 1320 467 270 1321 465 274 1322 469 275 1323 470 270 1324 465 276 1325 471 276 1326 471 270 1327 465 277 1328 472 274 1329 469 270 1330 465 275 1331 470 277 1332 472 268 1333 463 278 1334 473 277 1335 472 270 1336 465 268 1337 463 278 1338 473 263 1339 458 262 1340 457 278 1341 473 268 1342 463 263 1343 458 277 1344 472 271 1345 466 276 1346 471 276 1347 471 271 1348 466 279 1349 474 279 1350 474 271 1351 466 273 1352 468 269 1353 464 277 1354 472 278 1355 473 269 1356 464 271 1357 466 277 1358 472 267 1359 462 278 1360 473 262 1361 457 267 1362 462 269 1363 464 278 1364 473 264 1365 475 265 1366 476 266 1367 477 280 1368 478 281 1369 479 282 1370 480 280 1371 478 283 1372 481 281 1373 479 283 1374 481 284 1375 482 281 1376 479 283 1377 481 285 1378 483 284 1379 482 285 1380 483 286 1381 484 284 1382 482 285 1383 483 287 1384 485 286 1385 484 287 1386 485 288 1387 486 286 1388 484 287 1389 485 289 1390 487 288 1391 486 289 1392 487 290 1393 488 288 1394 486 289 1395 487 291 1396 489 290 1397 488 291 1398 489 292 1399 490 290 1400 488 291 1401 489 293 1402 491 292 1403 490 293 1404 491 294 1405 492 292 1406 490 293 1407 491 295 1408 493 294 1409 492 295 1410 493 282 1411 494 294 1412 492 295 1413 493 280 1414 495 282 1415 494 292 1416 496 288 1417 497 290 1418 498 292 1419 496 286 1420 499 288 1421 497 294 1422 500 286 1423 499 292 1424 496 294 1425 500 284 1426 501 286 1427 499 282 1428 502 284 1429 501 294 1430 500 282 1431 502 281 1432 503 284 1433 501 296 1434 504 297 1435 505 298 1436 506 296 1437 504 299 1438 507 297 1439 505 300 1440 508 298 1441 509 297 1442 510 301 1443 511 299 1444 512 296 1445 513 301 1446 514 297 1447 515 299 1448 516 301 1449 514 300 1450 517 297 1451 515 302 1452 518 303 1453 519 304 1454 520 302 1455 518 305 1456 521 303 1457 519 305 1458 522 306 1459 523 307 1460 524 305 1461 522 302 1462 525 306 1463 523 304 1464 526 308 1465 527 309 1466 528 304 1467 526 303 1468 529 308 1469 527 303 1470 530 307 1471 531 308 1472 532 303 1473 530 305 1474 533 307 1475 531 306 1476 523 310 1477 534 307 1478 524 309 1479 528 308 1480 527 311 1481 535 307 1482 531 311 1483 536 308 1484 532 307 1485 531 310 1486 537 311 1487 536 312 1488 538 313 1489 539 314 1490 540 312 1491 541 314 1492 542 315 1493 543 313 1494 544 312 1495 545 315 1496 546 316 1497 547 317 1498 548 318 1499 549 316 1500 547 319 1501 550 317 1502 548 318 1503 549 320 1504 551 321 1505 552 318 1506 549 317 1507 548 320 1508 551 321 1509 553 320 1510 554 322 1511 555 322 1512 555 320 1513 554 323 1514 556 324 1515 557 320 1516 554 325 1517 558 324 1518 557 323 1519 556 320 1520 554 325 1521 559 317 1522 548 326 1523 560 325 1524 559 320 1525 551 317 1526 548 326 1527 560 319 1528 550 327 1529 561 326 1530 560 317 1531 548 319 1532 550 327 1533 561 328 1534 562 329 1535 563 327 1536 561 319 1537 550 328 1538 562 330 1539 564 319 1540 550 316 1541 547 330 1542 564 328 1543 562 319 1544 550 325 1545 558 321 1546 565 324 1547 557 324 1548 557 321 1549 565 322 1550 566 318 1551 567 325 1552 559 326 1553 560 318 1554 567 321 1555 568 325 1556 559 316 1557 569 326 1558 560 327 1559 561 316 1560 569 318 1561 567 326 1562 560 330 1563 570 327 1564 561 329 1565 563 330 1566 570 316 1567 569 327 1568 561 331 1569 571 332 1570 572 330 1571 564 332 1572 572 328 1573 562 330 1574 564 333 1575 573 334 1576 574 331 1577 571 334 1578 574 332 1579 572 331 1580 571 335 1581 575 334 1582 574 333 1583 573 336 1584 576 334 1585 574 335 1586 575 337 1587 577 334 1588 574 338 1589 578 334 1590 574 336 1591 576 338 1592 578 339 1593 579 332 1594 572 337 1595 577 332 1596 572 334 1597 574 337 1598 577 329 1599 563 328 1600 562 339 1601 579 328 1602 562 332 1603 572 339 1604 579 338 1605 578 333 1606 580 337 1607 577 335 1608 581 333 1609 580 338 1610 578 339 1611 579 337 1612 577 331 1613 582 337 1614 577 333 1615 580 331 1616 582 329 1617 563 339 1618 579 330 1619 570 339 1620 579 331 1621 582 330 1622 570 340 1623 583 341 1624 584 342 1625 585 342 1626 585 341 1627 584 343 1628 586 344 1629 587 341 1630 584 345 1631 588 344 1632 587 343 1633 586 341 1634 584 345 1635 588 340 1636 589 344 1637 587 344 1638 587 340 1639 589 342 1640 590 10 1641 591 85 1642 592 67 1643 593 10 1644 591 26 1645 594 85 1646 592 85 1647 595 46 1648 596 105 1649 597 85 1650 595 26 1651 598 46 1652 596 105 1653 599 65 1654 600 108 1655 601 105 1656 599 46 1657 602 65 1658 600 108 1659 601 20 1660 603 79 1661 604 108 1662 601 65 1663 600 20 1664 603 77 1665 605 20 1666 606 18 1667 607 77 1668 605 79 1669 608 20 1670 606 18 1671 609 74 1672 610 77 1673 611 18 1674 609 16 1675 612 74 1676 610 16 1677 613 69 1678 614 74 1679 615 16 1680 613 11 1681 616 69 1682 614 11 1683 617 67 1684 618 69 1685 619 11 1686 617 10 1687 620 67 1688 618 346 1689 621 347 1690 622 348 1691 623 346 1692 621 349 1693 624 347 1694 622 350 1695 625 346 1696 626 348 1697 627 350 1698 628 347 1699 629 349 1700 630 350 1701 628 348 1702 631 347 1703 629 351 1704 632 352 1705 633 353 1706 634 351 1707 632 354 1708 635 352 1709 633 355 1710 636 356 1711 637 357 1712 638 355 1713 636 358 1714 639 356 1715 637 358 1716 640 359 1717 641 356 1718 642 358 1719 640 360 1720 643 359 1721 641 358 1722 640 361 1723 644 360 1724 643 358 1725 640 355 1726 645 361 1727 644 362 1728 646 353 1729 647 363 1730 648 362 1731 646 351 1732 649 353 1733 647 364 1734 650 354 1735 651 365 1736 652 364 1737 650 352 1738 653 354 1739 651 365 1740 654 351 1741 649 362 1742 646 365 1743 654 354 1744 655 351 1745 649 363 1746 648 352 1747 653 364 1748 650 363 1749 648 353 1750 647 352 1751 653 364 1752 650 357 1753 656 359 1754 641 359 1755 641 357 1756 656 356 1757 642 364 1758 650 361 1759 657 357 1760 656 357 1761 656 361 1762 657 355 1763 658 360 1764 643 365 1765 654 362 1766 646 360 1767 643 361 1768 644 365 1769 654 362 1770 646 359 1771 641 360 1772 643 362 1773 646 363 1774 648 359 1775 641 363 1776 648 364 1777 650 359 1778 641 365 1779 652 361 1780 657 364 1781 650 366 1782 659 367 1783 660 368 1784 661 368 1785 661 367 1786 660 369 1787 662 370 1788 663 371 1789 664 372 1790 665 370 1791 663 373 1792 666 371 1793 664 368 1794 661 372 1795 665 371 1796 664 368 1797 661 369 1798 662 372 1799 665 373 1800 666 367 1801 667 366 1802 668 373 1803 666 370 1804 663 367 1805 667 374 1806 669 375 1807 670 376 1808 671 376 1809 671 375 1810 670 377 1811 672 378 1812 673 379 1813 674 380 1814 675 378 1815 673 381 1816 676 379 1817 674 376 1818 671 380 1819 675 379 1820 674 376 1821 671 377 1822 672 380 1823 675 381 1824 677 375 1825 670 374 1826 669 381 1827 677 378 1828 678 375 1829 670 382 1830 679 383 1831 680 384 1832 681 382 1833 679 385 1834 682 383 1835 680 384 1836 683 386 1837 684 387 1838 685 384 1839 683 383 1840 686 386 1841 684 385 1842 687 386 1843 684 383 1844 686 385 1845 687 388 1846 688 386 1847 684 385 1848 687 389 1849 689 388 1850 688 385 1851 687 382 1852 690 389 1853 689 382 1854 690 387 1855 691 389 1856 689 382 1857 690 384 1858 692 387 1859 691 390 1860 693 391 1861 694 392 1862 695 390 1863 693 393 1864 696 391 1865 694 394 1866 697 395 1867 698 396 1868 699 394 1869 697 397 1870 700 395 1871 698 396 1872 701 398 1873 702 399 1874 703 396 1875 701 395 1876 704 398 1877 702 396 1878 701 400 1879 705 394 1880 706 396 1881 701 399 1882 703 400 1883 705 401 1884 707 393 1885 708 390 1886 709 401 1887 707 402 1888 710 393 1889 708 403 1890 711 392 1891 712 391 1892 713 403 1893 711 404 1894 714 392 1895 712 404 1896 715 390 1897 709 392 1898 716 404 1899 715 401 1900 707 390 1901 709 402 1902 710 391 1903 713 393 1904 708 402 1905 710 403 1906 711 391 1907 713 403 1908 711 398 1909 702 397 1910 717 397 1911 717 398 1912 702 395 1913 704 400 1914 718 397 1915 717 394 1916 719 400 1917 718 403 1918 711 397 1919 717 399 1920 703 404 1921 715 400 1922 705 399 1923 703 401 1924 707 404 1925 715 401 1926 707 398 1927 702 402 1928 710 401 1929 707 399 1930 703 398 1931 702 402 1932 710 398 1933 702 403 1934 711 404 1935 714 403 1936 711 400 1937 718 405 1938 720 406 1939 721 407 1940 722 405 1941 720 408 1942 723 406 1943 721 409 1944 724 410 1945 725 411 1946 726 409 1947 724 412 1948 727 410 1949 725 408 1950 723 412 1951 727 406 1952 721 408 1953 723 410 1954 725 412 1955 727 411 1956 726 407 1957 728 409 1958 724 411 1959 726 405 1960 729 407 1961 728 413 1962 730 414 1963 731 415 1964 732 413 1965 730 416 1966 733 414 1967 731 417 1968 734 418 1969 735 419 1970 736 417 1971 734 420 1972 737 418 1973 735 416 1974 733 420 1975 737 414 1976 731 416 1977 733 418 1978 735 420 1979 737 419 1980 738 415 1981 732 417 1982 739 419 1983 738 413 1984 730 415 1985 732 421 1986 740 422 1987 741 423 1988 742 421 1989 740 424 1990 743 422 1991 741 425 1992 744 424 1993 745 426 1994 746 425 1995 744 422 1996 747 424 1997 745 426 1998 748 421 1999 740 427 2000 749 426 2001 748 424 2002 743 421 2003 740 422 2004 741 428 2005 750 423 2006 742 422 2007 741 425 2008 751 428 2009 750 425 2010 751 427 2011 752 428 2012 750 425 2013 751 426 2014 753 427 2015 752 429 2016 754 430 2017 755 431 2018 756 429 2019 754 432 2020 757 430 2021 755 433 2022 758 432 2023 759 434 2024 760 432 2025 759 429 2026 761 434 2027 760 430 2028 755 433 2029 758 431 2030 756 433 2031 758 434 2032 760 431 2033 756 435 2034 762 436 2035 763 437 2036 764 435 2037 762 438 2038 765 436 2039 763 439 2040 766 438 2041 767 440 2042 768 438 2043 767 435 2044 769 440 2045 768 436 2046 763 439 2047 766 437 2048 764 439 2049 766 440 2050 768 437 2051 764 441 2052 770 442 2053 771 443 2054 772 441 2055 770 444 2056 773 442 2057 771 445 2058 774 444 2059 775 441 2060 776 445 2061 774 446 2062 777 444 2063 775 447 2064 778 446 2065 779 445 2066 780 447 2067 778 448 2068 781 446 2069 779 448 2070 782 442 2071 783 446 2072 784 446 2073 784 442 2074 783 444 2075 785 445 2076 786 441 2077 787 447 2078 788 447 2079 788 441 2080 787 443 2081 789 443 2082 790 448 2083 791 447 2084 792 443 2085 790 442 2086 793 448 2087 791 449 2088 794 450 2089 795 451 2090 796 450 2091 795 452 2092 797 451 2093 796 453 2094 798 452 2095 799 454 2096 800 453 2097 798 451 2098 801 452 2099 799 449 2100 794 454 2101 800 450 2102 795 449 2103 794 453 2104 798 454 2105 800 455 2106 802 456 2107 803 457 2108 804 456 2109 803 458 2110 805 457 2111 804 459 2112 806 458 2113 807 460 2114 808 459 2115 806 457 2116 809 458 2117 807 455 2118 802 460 2119 808 456 2120 803 455 2121 802 459 2122 806 460 2123 808 461 2124 810 462 2125 811 463 2126 812 462 2127 811 464 2128 813 463 2129 812 463 2130 814 464 2131 815 465 2132 816 464 2133 815 466 2134 817 465 2135 816 465 2136 818 466 2137 819 467 2138 820 466 2139 819 468 2140 821 467 2141 820 466 2142 822 462 2143 823 468 2144 824 464 2145 825 462 2146 823 466 2147 822 467 2148 826 463 2149 827 465 2150 828 461 2151 829 463 2152 827 467 2153 826 467 2154 830 468 2155 831 461 2156 832 468 2157 831 462 2158 833 461 2159 832</p></triangles>
      </mesh>
    </geometry>
    <geometry id="mesh-1-lib" name="mesh-1Mesh">
      <mesh>
        <source id="mesh-1-POSITION">
          <float_array id="mesh-1-POSITION-array" count="102">
-0.000000 -0.092425 1.853016
0.000000 0.092425 1.484535
0.000000 0.092425 1.853016
-0.000000 -0.092425 1.484535
-0.092425 -0.000000 1.853016
0.092425 -0.000000 1.484535
0.092425 -0.000000 1.853016
-0.092425 -0.000000 1.484535
-0.182440 -4.801862 0.885659
-0.022131 -4.768058 0.885659
-0.182440 -4.768058 0.885659
-0.022131 -4.801862 0.885659
-0.182440 -4.784960 0.868757
-0.022131 -4.784960 0.902560
-0.182440 -4.784960 0.902560
-0.022131 -4.784960 0.868757
-0.424689 -0.114929 1.118674
-0.597292 -0.236448 1.437397
-0.605019 -0.400185 1.405968
-0.115004 -1.917755 1.438825
-0.002479 -1.835229 1.438825
-0.017479 -1.820229 1.438825
-0.100004 -1.932755 1.438825
0.095046 -1.932755 1.438825
0.012521 -1.820229 1.438825
0.110046 -1.917755 1.438825
0.095046 -1.707704 1.438825
-0.002479 -1.805229 1.438825
0.110046 -1.722704 1.438825
-0.115004 -1.722704 1.438825
-0.100004 -1.707704 1.438825
-0.445535 0.019763 1.477462
-0.445535 0.184498 1.505034
-0.326962 0.269619 1.281570
</float_array>
          <technique_common>
            <accessor source="#mesh-1-POSITION-array" count="34" stride="3">
              <param name="X" type="float"/>
              <param name="Y" type="float"/>
              <param name="Z" type="float"/>
            </accessor>
          </technique_common>
        </source>
        <source id="mesh-1-Normal0">
          <float_array id="mesh-1-Normal0-array" count="162">
1.000000 -0.000000 0.000000
1.000000 -0.000000 0.000000
1.000000 -0.000000 0.000000
1.000000 -0.000000 0.000000
1.000000 -0.000000 0.000000
1.000000 -0.000000 0.000000
-0.000000 -1.000000 0.000000
-0.000000 -1.000000 0.000000
-0.000000 -1.000000 0.000000
-0.000000 -1.000000 0.000000
-0.000000 -1.000000 0.000000
-0.000000 -1.000000 0.000000
0.000000 0.000000 1.000000
0.000000 0.000000 1.000000
0.000000 0.000000 1.000000
0.000000 0.000000 1.000000
0.000000 0.000000 1.000000
0.000000 0.000000 1.000000
-0.000000 -1.000000 0.000000
-0.000000 -1.000000 0.000000
-0.000000 -1.000000 0.000000
-0.000000 -1.000000 0.000000
-0.000000 -1.000000 0.000000
-0.000000 -1.000000 0.000000
0.912523 -0.067519 0.403414
0.912523 -0.067519 0.403414
0.912523 -0.067519 0.403414
0.000000 0.000000 1.000000
0.000000 0.000000 1.000000
0.000000 0.000000 1.000000
0.000000 0.000000 1.000000
0.000000 0.000000 1.000000
0.000000 0.000000 1.000000
0.000000 0.000000 1.000000
0.000000 0.000000 1.000000
0.000000 0.000000 1.000000
0.000000 0.000000 1.000000
0.000000 0.000000 1.000000
0.000000 0.000000 1.000000
0.000000 0.000000 1.000000
0.000000 0.000000 1.000000
0.000000 0.000000 1.000000
0.000000 0.000000 1.000000
0.000000 0.000000 1.000000
0.000000 0.000000 1.000000
0.000000 0.000000 1.000000
0.000000 0.000000 1.000000
0.000000 0.000000 1.000000
0.000000 0.000000 1.000000
0.000000 0.000000 1.000000
0.000000 0.000000 1.000000
-0.912523 0.067519 -0.403414
-0.912523 0.067519 -0.403414
-0.912523 0.067519 -0.403414
</float_array>
          <technique_common>
            <accessor source="#mesh-1-Normal0-array" count="54" stride="3">
              <param name="X" type="float"/>
              <param name="Y" type="float"/>
              <param name="Z" type="float"/>
            </accessor>
          </technique_common>
        </source>
        <source id="mesh-1-UV0">
          <float_array id="mesh-1-UV0-array" count="68">
0.176744 0.232969
0.072856 0.178120
0.176744 0.178120
0.072856 0.232969
0.072856 0.178120
0.176744 0.232969
0.072856 0.232969
0.176744 0.178120
0.388242 0.050741
0.415996 0.041593
0.388242 0.041593
0.415996 0.050742
0.388338 0.050742
0.416092 0.041593
0.388337 0.041593
0.416092 0.050742
0.941632 0.086478
0.954040 0.166913
0.989552 0.167765
0.409753 0.952538
0.440761 0.947769
0.440761 0.952538
0.409753 0.947769
0.476625 0.947486
0.445616 0.952255
0.476625 0.952255
0.476538 0.952538
0.445530 0.952538
0.476538 0.947769
0.409839 0.947486
0.409839 0.952255
0.957433 0.221153
0.985242 0.219801
0.993008 0.175956
</float_array>
          <technique_common>
            <accessor source="#mesh-1-UV0-array" count="34" stride="2">
              <param name="S" type="float"/>
              <param name="T" type="float"/>
            </accessor>
          </technique_common>
        </source>
        <vertices id="mesh-1-VERTEX">
          <input semantic="POSITION" source="#mesh-1-POSITION"/>
        </vertices>
        <triangles count="18" material="_4blade_rotor"><input semantic="VERTEX" offset="0" source="#mesh-1-VERTEX"/><input semantic="NORMAL" offset="1" source="#mesh-1-Normal0"/><input semantic="TEXCOORD" offset="2" set="0" source="#mesh-1-UV0"/><p> 0 0 0 1 1 1 2 2 2 0 3 0 3 4 3 1 5 1 4 6 4 5 7 5 6 8 6 4 9 4 7 10 7 5 11 5 8 12 8 9 13 9 10 14 10 8 15 8 11 16 11 9 17 9 12 18 12 13 19 13 14 20 14 12 21 12 15 22 15 13 23 13 16 24 16 17 25 17 18 26 18 19 27 19 20 28 20 21 29 21 19 30 19 22 31 22 20 32 20 23 33 23 24 34 24 20 35 20 23 36 23 25 37 25 24 38 24 24 39 24 26 40 26 27 41 27 24 42 24 28 43 28 26 44 26 29 45 29 27 46 27 30 47 30 29 48 29 21 49 21 27 50 27 31 51 31 32 52 32 33 53 33</p></triangles>
      </mesh>
    </geometry>
    <geometry id="rear_rotor001-lib" name="rear_rotor001Mesh">
      <mesh>
        <source id="rear_rotor001-POSITION">
          <float_array id="rear_rotor001-POSITION-array" count="12">
0.000000 0.705416 0.705416
0.000000 -0.705416 0.705416
-0.000000 0.705416 -0.705416
-0.000000 -0.705416 -0.705416
</float_array>
          <technique_common>
            <accessor source="#rear_rotor001-POSITION-array" count="4" stride="3">
              <param name="X" type="float"/>
              <param name="Y" type="float"/>
              <param name="Z" type="float"/>
            </accessor>
          </technique_common>
        </source>
        <source id="rear_rotor001-Normal0">
          <float_array id="rear_rotor001-Normal0-array" count="18">
1.000000 0.000000 -0.000000
1.000000 0.000000 -0.000000
1.000000 0.000000 -0.000000
1.000000 0.000000 -0.000000
1.000000 0.000000 -0.000000
1.000000 0.000000 -0.000000
</float_array>
          <technique_common>
            <accessor source="#rear_rotor001-Normal0-array" count="6" stride="3">
              <param name="X" type="float"/>
              <param name="Y" type="float"/>
              <param name="Z" type="float"/>
            </accessor>
          </technique_common>
        </source>
        <source id="rear_rotor001-UV0">
          <float_array id="rear_rotor001-UV0-array" count="8">
0.000000 1.000000
0.000000 0.000000
1.000000 1.000000
1.000000 0.000000
</float_array>
          <technique_common>
            <accessor source="#rear_rotor001-UV0-array" count="4" stride="2">
              <param name="S" type="float"/>
              <param name="T" type="float"/>
            </accessor>
          </technique_common>
        </source>
        <vertices id="rear_rotor001-VERTEX">
          <input semantic="POSITION" source="#rear_rotor001-POSITION"/>
        </vertices>
        <triangles count="2" material="_4blade_rotor_rear"><input semantic="VERTEX" offset="0" source="#rear_rotor001-VERTEX"/><input semantic="NORMAL" offset="1" source="#rear_rotor001-Normal0"/><input semantic="TEXCOORD" offset="2" set="0" source="#rear_rotor001-UV0"/><p> 0 0 0 1 1 1 2 2 2 3 3 3 2 4 2 1 5 1</p></triangles>
      </mesh>
    </geometry>
    <geometry id="top_rotor001-lib" name="top_rotor001Mesh">
      <mesh>
        <source id="top_rotor001-POSITION">
          <float_array id="top_rotor001-POSITION-array" count="12">
-4.017389 4.017389 0.000000
-4.017389 -4.017389 0.000000
4.017389 4.017389 0.000000
4.017389 -4.017389 0.000000
</float_array>
          <technique_common>
            <accessor source="#top_rotor001-POSITION-array" count="4" stride="3">
              <param name="X" type="float"/>
              <param name="Y" type="float"/>
              <param name="Z" type="float"/>
            </accessor>
          </technique_common>
        </source>
        <source id="top_rotor001-Normal0">
          <float_array id="top_rotor001-Normal0-array" count="18">
0.000000 0.000000 1.000000
0.000000 0.000000 1.000000
0.000000 0.000000 1.000000
0.000000 0.000000 1.000000
0.000000 0.000000 1.000000
0.000000 0.000000 1.000000
</float_array>
          <technique_common>
            <accessor source="#top_rotor001-Normal0-array" count="6" stride="3">
              <param name="X" type="float"/>
              <param name="Y" type="float"/>
              <param name="Z" type="float"/>
            </accessor>
          </technique_common>
        </source>
        <source id="top_rotor001-UV0">
          <float_array id="top_rotor001-UV0-array" count="8">
0.000000 1.000000
0.000000 0.000000
1.000000 1.000000
1.000000 0.000000
</float_array>
          <technique_common>
            <accessor source="#top_rotor001-UV0-array" count="4" stride="2">
              <param name="S" type="float"/>
              <param name="T" type="float"/>
            </accessor>
          </technique_common>
        </source>
        <vertices id="top_rotor001-VERTEX">
          <input semantic="POSITION" source="#top_rotor001-POSITION"/>
        </vertices>
        <triangles count="2" material="_4blade_rotor"><input semantic="VERTEX" offset="0" source="#top_rotor001-VERTEX"/><input semantic="NORMAL" offset="1" source="#top_rotor001-Normal0"/><input semantic="TEXCOORD" offset="2" set="0" source="#top_rotor001-UV0"/><p> 0 0 0 1 1 1 2 2 2 3 3 3 2 4 2 1 5 1</p></triangles>
      </mesh>
    </geometry>
  </library_geometries>
  <library_visual_scenes>
    <visual_scene id="mh-6" name="mh-6">
      <node name="part1" id="part1" sid="part1"><matrix sid="matrix">1.000000 0.000000 0.000000 0.000000 0.000000 0.000000 1.000000 0.633721 0.000000 -1.000000 0.000000 0.000000 0.000000 0.000000 0.000000 1.000000</matrix><extra><technique profile="FCOLLADA"><visibility>1.000000</visibility></technique></extra></node>
      <node name="part2" id="part2" sid="part2"><matrix sid="matrix">1.000000 0.000000 0.000000 -0.182440 0.000000 0.000000 1.000000 -0.315274 0.000000 -1.000000 0.000000 4.784960 0.000000 0.000000 0.000000 1.000000</matrix><extra><technique profile="FCOLLADA"><visibility>1.000000</visibility></technique></extra></node>
      <node name="mesh-0" id="mesh-0" sid="mesh-0"><matrix sid="matrix">1.000000 0.000000 0.000000 0.000000 0.000000 0.000000 1.000000 0.633721 0.000000 -1.000000 0.000000 0.000000 0.000000 0.000000 0.000000 1.000000</matrix><instance_geometry url="#mesh-0-lib"><bind_material><technique_common><instance_material symbol="mh6m_black_normal_1024" target="#mh6m_black_normal_1024"/></technique_common></bind_material></instance_geometry><extra><technique profile="FCOLLADA"><visibility>1.000000</visibility></technique></extra></node>
      <node name="mesh-1" id="mesh-1" sid="mesh-1"><matrix sid="matrix">1.000000 0.000000 0.000000 0.000000 0.000000 0.000000 1.000000 0.633721 0.000000 -1.000000 0.000000 0.000000 0.000000 0.000000 0.000000 1.000000</matrix><instance_geometry url="#mesh-1-lib"><bind_material><technique_common><instance_material symbol="_4blade_rotor" target="#_4blade_rotor"/></technique_common></bind_material></instance_geometry><extra><technique profile="FCOLLADA"><visibility>1.000000</visibility></technique></extra></node>
      <node name="rear_rotor001" id="rear_rotor001" sid="rear_rotor001"><matrix sid="matrix">1.000000 0.000000 0.000000 -0.155832 0.000000 0.000000 1.000000 1.152776 0.000000 -1.000000 0.000000 4.633844 0.000000 0.000000 0.000000 1.000000</matrix><instance_geometry url="#rear_rotor001-lib"><bind_material><technique_common><instance_material symbol="_4blade_rotor_rear" target="#_4blade_rotor_rear"/></technique_common></bind_material></instance_geometry><extra><technique profile="FCOLLADA"><visibility>1.000000</visibility></technique></extra></node>
      <node name="top_rotor001" id="top_rotor001" sid="top_rotor001"><matrix sid="matrix">1.000000 0.000000 0.000000 -0.000655 0.000000 0.000000 1.000000 2.499295 0.000000 -1.000000 0.000000 -0.000000 0.000000 0.000000 0.000000 1.000000</matrix><instance_geometry url="#top_rotor001-lib"><bind_material><technique_common><instance_material symbol="_4blade_rotor" target="#_4blade_rotor"/></technique_common></bind_material></instance_geometry><extra><technique profile="FCOLLADA"><visibility>1.000000</visibility></technique></extra></node>
      <extra><technique profile="MAX3D"><frame_rate>30.000000</frame_rate></technique><technique profile="FCOLLADA"><start_time>0.000000</start_time><end_time>3.333333</end_time></technique></extra>
    </visual_scene>
  </library_visual_scenes>
  <scene>
    <instance_visual_scene url="#mh-6"></instance_visual_scene>
  </scene>
</COLLADA>
