<?xml version="1.0" encoding="utf-8"?>
<COLLADA xmlns="http://www.collada.org/2005/11/COLLADASchema" version="1.4.1">
  <asset><contributor><author></author><authoring_tool>FBX COLLADA exporter</authoring_tool><comments></comments></contributor><created>2020-07-06T17:59:02Z</created><keywords></keywords><modified>2020-07-06T17:59:02Z</modified><revision></revision><subject></subject><title></title><unit meter="1.000000" name="centimeter"></unit><up_axis>Y_UP</up_axis></asset>
  <library_images>
    <image id="Map #25-image" name="Map #25"><init_from>file://truck.dds.png</init_from></image>
    <image id="Map #26-image" name="Map #26"><init_from>file://truck_wheels.dds.png</init_from></image>
  </library_images>
  <library_materials>
    <material id="truck" name="truck">
      <instance_effect url="#truck-fx"/>
    </material>
    <material id="truck_wheels" name="truck_wheels">
      <instance_effect url="#truck_wheels-fx"/>
    </material>
  </library_materials>
  <library_effects>
    <effect id="truck-fx" name="truck">
      <profile_COMMON>
        <technique sid="standard">
          <phong>
            <emission>
              <color sid="emission">0.000000  0.000000 0.000000 1.000000</color>
            </emission>
            <ambient>
              <color sid="ambient">0.588000  0.588000 0.588000 1.000000</color>
            </ambient>
            <diffuse>
              <texture texture="Map #25-image" texcoord="CHANNEL0">
                <extra>
                  <technique profile="MAYA">
                    <wrapU sid="wrapU0">TRUE</wrapU>
                    <wrapV sid="wrapV0">TRUE</wrapV>
                    <blend_mode>ADD</blend_mode>
                  </technique>
                </extra>
              </texture>
            </diffuse>
            <specular>
              <color sid="specular">0.000000  0.000000 0.000000 1.000000</color>
            </specular>
            <shininess>
              <float sid="shininess">2.000000</float>
            </shininess>
            <reflective>
              <color sid="reflective">0.000000  0.000000 0.000000 1.000000</color>
            </reflective>
            <reflectivity>
              <float sid="reflectivity">1.000000</float>
            </reflectivity>
            <transparent opaque="RGB_ZERO">
              <color sid="transparent">1.000000  1.000000 1.000000 1.000000</color>
            </transparent>
            <transparency>
              <float sid="transparency">0.000000</float>
            </transparency>
          </phong>
        </technique>
      </profile_COMMON>
    </effect>
    <effect id="truck_wheels-fx" name="truck_wheels">
      <profile_COMMON>
        <technique sid="standard">
          <phong>
            <emission>
              <color sid="emission">0.000000  0.000000 0.000000 1.000000</color>
            </emission>
            <ambient>
              <color sid="ambient">0.588000  0.588000 0.588000 1.000000</color>
            </ambient>
            <diffuse>
              <texture texture="Map #26-image" texcoord="CHANNEL0">
                <extra>
                  <technique profile="MAYA">
                    <wrapU sid="wrapU0">TRUE</wrapU>
                    <wrapV sid="wrapV0">TRUE</wrapV>
                    <blend_mode>ADD</blend_mode>
                  </technique>
                </extra>
              </texture>
            </diffuse>
            <specular>
              <color sid="specular">0.000000  0.000000 0.000000 1.000000</color>
            </specular>
            <shininess>
              <float sid="shininess">2.000000</float>
            </shininess>
            <reflective>
              <color sid="reflective">0.000000  0.000000 0.000000 1.000000</color>
            </reflective>
            <reflectivity>
              <float sid="reflectivity">1.000000</float>
            </reflectivity>
            <transparent opaque="RGB_ZERO">
              <color sid="transparent">1.000000  1.000000 1.000000 1.000000</color>
            </transparent>
            <transparency>
              <float sid="transparency">0.000000</float>
            </transparency>
          </phong>
        </technique>
      </profile_COMMON>
    </effect>
  </library_effects>
  <library_geometries>
    <geometry id="hull-lib" name="hullMesh">
      <mesh>
        <source id="hull-POSITION">
          <float_array id="hull-POSITION-array" count="5076">
-2.114741 0.401716 0.555690
2.321443 0.401716 0.456094
-2.212315 1.084846 0.681655
2.321442 0.920947 0.547033
2.321442 0.947988 -0.000005
1.922695 1.104682 -0.000005
1.922695 1.073798 0.663176
1.922695 0.401716 -0.000005
2.274893 0.968790 0.590944
2.274893 0.401716 0.502096
2.274893 0.401716 -0.000005
2.321442 0.827053 0.590324
-2.212315 0.961394 0.722015
-2.292409 0.961394 -0.000005
1.922695 0.917204 0.722015
2.274893 0.827053 0.636327
2.321442 0.475556 0.559796
2.321442 0.475556 -0.000005
2.274893 0.475556 0.605799
-2.212315 0.475556 0.699418
-2.292409 0.475556 -0.000005
1.244444 1.100918 0.668199
1.273342 0.952612 0.722015
-0.499361 1.084846 0.676092
-0.502347 0.956745 0.722015
-0.502347 0.475556 0.699418
-0.502347 0.401716 0.555691
0.705284 1.450529 0.530711
-0.430682 1.466164 0.521412
0.243104 1.102602 0.676060
0.243104 0.956476 0.722016
0.243104 0.475556 0.699418
0.243104 0.401716 0.555691
0.243104 1.470555 0.534609
0.768130 1.479173 0.433403
-0.455218 1.485026 0.437515
0.243104 1.521447 0.435157
-0.456500 1.498563 -0.000005
-0.502347 1.084846 0.437515
-2.292409 1.084846 0.457789
-2.292409 0.961394 0.479528
-2.292409 0.475556 0.479528
-2.194834 0.401716 0.364774
-0.502347 0.401716 0.364774
0.243104 0.401716 0.364774
1.407237 0.401716 0.364774
1.922695 0.401716 0.364774
2.274893 0.401716 0.332360
2.321442 0.401716 0.315986
2.321442 0.475556 0.409001
2.321442 0.947988 0.409001
2.274893 0.995831 0.415054
1.922695 1.102320 0.447344
1.271092 1.147938 0.447344
-0.384726 1.470742 0.537218
-0.379348 1.521879 0.437515
-0.407585 1.084846 0.676069
-0.417072 0.956717 0.722015
-0.417072 0.475556 0.699418
-0.417072 0.401716 0.555691
-0.417072 0.401716 0.364774
-0.417073 0.401716 -0.000005
-2.192781 1.084846 -0.000005
-2.192781 1.084846 0.437515
-2.112687 1.084846 0.590937
-0.551782 1.084846 0.585647
-0.551782 1.084846 0.437515
-2.192781 0.623769 0.437515
-2.112687 0.676377 0.590937
-0.551782 0.676377 0.585646
-0.551782 0.623769 0.437515
-0.551782 0.623768 -0.000005
-2.271451 0.961394 0.608719
-2.271451 0.475556 0.596679
-2.173876 0.401716 0.466489
-0.502347 0.401716 0.466489
-0.417072 0.401716 0.466489
0.243104 0.401716 0.466489
2.274893 0.401716 0.420975
2.321443 0.401716 0.393637
2.321442 0.475556 0.496571
2.335206 0.801459 0.507449
2.321442 0.933581 0.485546
2.274893 0.985002 0.511769
1.922695 1.092568 0.569890
1.265121 1.126772 0.569890
0.754527 1.473000 0.486661
0.243104 1.507853 0.478943
-0.380629 1.510069 0.481379
-0.446134 1.475602 0.483223
-0.494703 1.084846 0.519205
-0.551782 1.084846 0.526465
-0.551782 0.623769 0.526464
-2.171823 0.644182 0.528723
-2.171823 1.084846 0.528723
-2.271451 1.084846 0.577059
-0.470481 1.084846 0.639482
-0.435421 1.084846 0.667596
-0.483572 1.084846 0.600811
-1.934003 0.623768 -0.000005
-1.934003 0.623769 0.437515
-1.934003 0.623769 0.528377
-1.934003 0.676377 0.590126
-1.934003 1.084846 0.590126
-1.934003 1.084846 0.680802
-1.934461 0.960681 0.722015
-1.934461 0.475556 0.699418
-1.934460 0.401716 0.555690
-1.934460 0.401716 0.466489
-1.934460 0.401716 0.364774
-1.934461 0.401716 -0.000005
-1.070735 0.401716 0.364774
-1.063313 0.401716 0.466489
-1.042371 0.401716 0.555691
-1.042371 0.475556 0.699418
-1.042371 0.958391 0.722015
-1.040442 1.084846 0.678062
-1.040442 1.084846 0.587520
-1.040442 0.676377 0.587520
-1.040442 0.623768 0.527264
-1.040442 0.623769 0.437515
0.728560 1.485861 0.431350
0.716464 1.478567 0.485842
0.669428 1.455272 0.530781
1.196473 1.103624 0.668807
1.196473 0.952911 0.722015
1.255177 0.475556 0.699418
1.255178 0.401716 0.555691
1.255177 0.401716 0.466489
1.255177 0.401716 0.364774
1.255178 0.401716 -0.000005
2.161885 1.051832 -0.000005
2.161885 1.051832 0.427180
2.161885 1.041003 0.531183
2.161885 1.024791 0.616749
2.161885 0.863708 0.664949
2.161885 0.475556 0.642351
2.161885 0.401716 0.519998
2.161885 0.401716 0.436177
2.161885 0.401716 0.364774
2.161885 0.401716 -0.000005
1.332046 0.684972 0.709763
1.465941 0.813988 0.716390
1.673537 0.865595 0.719360
1.922695 0.826890 0.717600
2.082957 0.701744 0.674494
-1.879476 0.661170 0.708435
-1.732398 0.809538 0.715656
-1.476946 0.861145 0.718193
-1.269230 0.821150 0.716259
-1.126022 0.679232 0.709347
-1.482733 0.959521 0.722015
-1.481530 1.084846 0.679415
-1.443141 1.084846 0.588806
-1.443141 0.676377 0.588806
-1.478459 0.623768 0.527813
-1.490976 0.623769 0.437515
-1.490976 0.623768 -0.000005
1.332046 0.684972 0.454137
1.465941 0.813988 0.454137
1.673537 0.865595 0.454137
1.922695 0.826890 0.454137
2.082957 0.701744 0.454137
-1.879476 0.661170 0.602933
-1.732398 0.809538 0.602933
-1.476946 0.861145 0.602933
-1.269230 0.821150 0.602933
-1.126022 0.679232 0.602933
1.255178 0.475556 0.454137
1.407237 0.465188 0.454137
1.673537 0.465188 0.454137
1.922695 0.465188 0.454137
2.161885 0.475556 0.454137
-1.934461 0.475556 0.602933
-1.732398 0.475556 0.602933
-1.476946 0.475556 0.602933
-1.269230 0.475556 0.602933
-1.042370 0.475556 0.602933
2.340550 0.578773 0.644982
2.340550 0.442089 0.622384
2.364892 0.442089 0.561835
2.364892 0.578773 0.573875
2.289191 0.442089 0.660988
2.289191 0.578773 0.683586
2.145637 0.578773 0.712208
2.145637 0.442089 0.689610
2.364892 0.442089 0.409001
2.364891 0.442089 -0.000005
2.364891 0.578773 -0.000005
2.364892 0.578773 0.409001
-2.341433 0.518431 0.677609
-2.341433 0.655737 0.677610
-2.365297 0.655737 0.579082
-2.365297 0.518431 0.579082
-2.286285 0.655737 0.734091
-2.286285 0.518431 0.734091
-2.197232 0.518431 0.749261
-2.197232 0.655737 0.749261
-2.365297 0.655737 0.477592
-2.365296 0.655737 -0.000005
-2.365296 0.518431 -0.000005
-2.365297 0.518431 0.477592
-2.254029 0.455841 0.628992
-2.272091 0.455841 0.553744
-2.220532 0.455841 0.693499
-2.179766 0.455842 0.715825
-2.280615 0.455841 -0.000005
-2.280616 0.455842 0.446944
2.248567 0.617763 0.588776
2.248567 0.385245 0.569712
2.250514 0.385245 0.541390
2.250514 0.617763 0.551547
2.222411 0.385245 0.598568
2.222411 0.617763 0.617631
2.147068 0.617763 0.641023
2.147068 0.385245 0.628650
2.250514 0.385245 0.409001
2.250513 0.385245 -0.000005
2.250513 0.617763 -0.000005
2.250514 0.617763 0.409001
2.321482 0.600636 0.634086
2.321482 0.414647 0.611055
2.343129 0.414584 0.561612
2.343129 0.600575 0.573883
2.277895 0.414657 0.641580
2.277895 0.600715 0.664622
2.146227 0.600840 0.689568
2.146227 0.415025 0.669327
2.343129 0.414562 0.409001
2.343129 0.414562 -0.000005
2.343129 0.600597 -0.000005
2.343129 0.600597 0.409001
-2.244571 0.673459 0.589264
-2.257432 0.673459 0.536483
-2.222478 0.673459 0.626127
-2.170025 0.673458 0.655036
-2.261623 0.673459 0.446943
-2.261623 0.673458 -0.000005
-2.320284 0.668437 0.665573
-2.342180 0.668207 0.577109
-2.271186 0.668492 0.715280
-2.183941 0.667491 0.734811
-2.344048 0.667814 0.477592
-2.344047 0.667814 -0.000005
-2.097044 0.518431 0.753394
-2.097044 0.655737 0.753394
-2.097044 0.455842 0.715825
-2.097044 0.673458 0.657266
-2.097044 0.667491 0.737008
2.330827 0.926802 -0.000005
2.330827 0.926802 0.407025
2.330827 0.912793 0.481455
2.330827 0.902350 0.532278
2.330827 0.823207 0.568768
2.330827 0.667016 0.542450
2.330827 0.649189 0.496571
2.330827 0.649189 0.409001
2.330827 0.649189 -0.000005
-2.303211 1.033922 -0.000005
-2.303157 1.034088 0.470846
-2.220718 1.034471 0.710037
-0.501743 1.032691 0.713304
-0.413759 1.022508 0.708708
0.243104 1.030396 0.704453
1.275648 1.035169 0.709022
2.335206 0.876965 0.407202
1.923223 1.009136 0.710127
2.274893 0.908851 0.627522
2.321442 0.881198 0.578254
-2.281484 1.034268 0.598044
2.335206 0.870061 0.493921
-1.934183 1.035912 0.713494
-1.041198 1.035073 0.712411
1.207788 1.034552 0.699019
2.163365 0.950158 0.654692
-1.487498 1.033721 0.711940
2.330827 0.868765 0.556737
2.335206 0.905616 0.405048
2.335206 0.892005 0.477363
2.335206 0.883248 0.519980
2.335206 0.859509 0.537269
2.335206 0.821766 0.547236
2.335206 0.682186 0.522997
2.335206 0.670375 0.492600
2.335206 0.670375 0.409001
2.335206 0.776027 0.388090
2.335206 0.743652 0.388090
2.335206 0.793398 0.388091
2.335206 0.822716 0.386011
2.335206 0.771665 0.451995
2.335206 0.776027 0.444933
2.335206 0.743652 0.444933
2.335206 0.748014 0.451995
2.335206 0.815371 0.451996
2.335206 0.820415 0.444945
2.335206 0.793398 0.444934
2.335206 0.798168 0.451996
2.339044 0.776027 0.388090
2.339044 0.776027 0.444933
2.339044 0.771665 0.451995
2.339044 0.748014 0.451995
2.339044 0.743652 0.444933
2.339044 0.743652 0.388090
2.339043 0.793398 0.388091
2.339043 0.822716 0.386011
2.339043 0.820415 0.444945
2.339043 0.815371 0.451996
2.339043 0.798168 0.451996
2.339043 0.793398 0.444934
-0.408535 1.466947 0.538504
-0.417258 1.513665 0.437578
-0.414706 1.500261 0.483328
1.922634 1.086253 0.622836
2.274893 0.978510 0.554641
0.737686 1.463851 0.511883
2.321442 0.929016 0.518295
1.259564 1.116740 0.623115
0.692990 1.467704 0.512075
2.161726 1.034901 0.577399
2.330827 0.908850 0.508655
2.333739 0.888448 0.498580
0.243104 1.491653 0.508544
-0.382677 1.492349 0.510802
-0.410815 1.486840 0.510916
0.134101 1.540704 -0.000005
0.134101 1.523278 0.435519
0.133904 1.509957 0.479317
0.133590 1.493524 0.508890
0.133277 1.472348 0.535009
0.129772 1.099880 0.676061
0.128826 1.029187 0.705106
0.128318 0.956513 0.722016
0.128318 0.475556 0.699418
0.128318 0.401716 0.555691
0.128318 0.401716 0.466489
0.128318 0.401716 0.364774
0.323526 1.516803 0.434439
0.323526 1.504267 0.480280
0.323526 1.488887 0.509267
0.323526 1.469428 0.533778
0.322566 1.102696 0.675395
0.322566 1.030773 0.703961
0.322566 0.956149 0.722015
0.322566 0.475556 0.699418
0.322565 0.401716 0.555691
0.322565 0.401716 0.466489
0.322565 0.401716 0.364774
0.671397 1.103038 0.672963
0.671397 0.954954 0.722016
0.671398 0.475556 0.699418
0.671397 1.032168 0.702137
0.671398 0.401716 0.555691
0.671398 0.401716 0.466489
0.671398 0.401716 0.364774
0.620443 1.497459 0.432276
0.611974 1.488594 0.484175
0.595537 1.476376 0.511233
0.579039 1.461838 0.531680
0.579066 1.102936 0.673692
0.579066 1.031750 0.702684
0.579066 0.955312 0.722016
0.579066 0.475556 0.699418
0.579066 0.401716 0.555691
0.579066 0.401716 0.466489
0.579066 0.401716 0.364774
0.579066 0.401716 -0.000005
0.233148 1.521645 0.435196
0.233127 1.508080 0.478984
0.233093 1.491855 0.508581
0.233059 1.470748 0.534652
0.232680 1.102308 0.676060
0.232578 1.030266 0.704524
0.232523 0.956480 0.722016
0.232523 0.475556 0.699418
0.232523 0.401716 0.555691
0.232523 0.401716 0.466489
0.232523 0.401716 0.364774
0.441062 1.013804 0.714860
0.293671 1.013804 0.714860
0.293671 0.941290 0.727514
0.441062 0.941290 0.727514
0.285521 1.005326 0.717479
0.285521 0.949767 0.729458
0.449213 0.949767 0.729458
0.449213 1.005326 0.717479
0.441062 1.013804 0.695298
0.293671 1.013804 0.695298
0.293671 0.941290 0.695298
0.441062 0.941290 0.695298
0.285521 1.005326 0.695298
0.285521 0.949767 0.695298
0.449213 0.949767 0.695298
0.449213 1.005326 0.695298
0.299636 0.989400 0.732599
0.299636 0.965693 0.744578
0.433386 0.965693 0.744578
0.433386 0.989400 0.732599
0.288374 0.989400 0.712895
0.288374 0.965693 0.724874
0.444647 0.965693 0.724874
0.444647 0.989400 0.712895
0.307534 0.989400 0.719914
0.307534 0.965693 0.731893
0.425488 0.965693 0.731893
0.425488 0.989400 0.719914
0.297602 0.989400 0.705936
0.297602 0.965693 0.717915
0.435419 0.965693 0.717915
0.435419 0.989400 0.705936
1.666237 1.139621 -0.000005
1.665427 1.136944 0.447344
1.663278 1.122397 0.569889
1.662985 1.115312 0.622936
1.662570 1.102358 0.668199
1.667405 1.027865 0.709729
1.666237 0.939308 0.722015
-2.114741 0.401716 -0.555701
-1.934460 0.401716 -0.555701
-1.934461 0.475556 -0.699429
-2.212315 0.475556 -0.699429
2.321442 0.401716 -0.000005
2.321442 0.401716 -0.315997
2.274893 0.401716 -0.332371
2.335206 0.905616 -0.000005
2.335205 0.905616 -0.405059
2.335206 0.876965 -0.407213
2.335206 0.876928 -0.000005
-2.194835 0.401716 -0.000005
-2.194834 0.401716 -0.364785
-2.292409 0.475556 -0.479538
1.922695 1.073798 -0.663187
2.161885 1.024791 -0.616760
2.161726 1.034901 -0.577410
1.922635 1.086253 -0.622847
2.274893 0.401716 -0.502108
2.161885 0.401716 -0.520009
2.161885 0.401716 -0.436188
2.274893 0.401716 -0.420985
2.321442 0.401716 -0.456105
2.321442 0.475556 -0.559807
2.274893 0.475556 -0.605810
2.274893 0.968790 -0.590955
2.321442 0.920947 -0.547044
2.321442 0.929016 -0.518306
2.274893 0.978510 -0.554652
1.922695 0.917204 -0.722026
1.923223 1.009136 -0.710138
1.667405 1.027865 -0.709740
1.666237 0.939308 -0.722026
2.335206 0.821766 -0.547247
2.335206 0.682186 -0.523008
2.335206 0.670375 -0.492611
2.335206 0.801459 -0.507460
-2.212315 0.961394 -0.722027
-2.220718 1.034471 -0.710048
-2.281484 1.034267 -0.598055
-2.271451 0.961394 -0.608730
2.274893 0.827053 -0.636338
2.274893 0.908851 -0.627533
2.163365 0.950158 -0.654703
2.161885 0.863708 -0.664960
2.321442 0.827053 -0.590335
2.321442 0.881198 -0.578265
-2.271451 0.475556 -0.596690
2.161885 0.475556 -0.642363
2.321442 0.401716 -0.393648
2.321442 0.475556 -0.496582
1.244444 1.100918 -0.668210
1.662570 1.102358 -0.668210
1.662985 1.115312 -0.622947
1.259564 1.116740 -0.623126
1.196473 1.103624 -0.668818
1.207788 1.034552 -0.699030
1.275648 1.035169 -0.709033
1.273342 0.952612 -0.722026
1.196473 0.952911 -0.722026
1.255177 0.475556 -0.699429
1.332046 0.684972 -0.709774
-0.502347 0.401716 -0.555702
-0.417072 0.401716 -0.555702
-0.417072 0.475556 -0.699429
-0.502347 0.475556 -0.699429
-1.042371 0.401716 -0.555702
-1.063314 0.401716 -0.466500
-0.502347 0.401716 -0.466500
-0.499361 1.084846 -0.676104
-1.040442 1.084846 -0.678073
-1.041198 1.035073 -0.712421
-0.501743 1.032691 -0.713315
0.243104 0.401716 -0.555702
0.232523 0.401716 -0.555702
0.232523 0.401716 -0.466500
0.243104 0.401716 -0.466500
0.243104 1.102602 -0.676071
0.232680 1.102308 -0.676071
0.232578 1.030266 -0.704535
0.243104 1.030396 -0.704464
0.243104 0.956476 -0.722027
0.232523 0.956480 -0.722027
0.232523 0.475556 -0.699429
0.243104 0.475556 -0.699429
0.322565 0.401716 -0.555702
0.322566 0.475556 -0.699429
0.322566 1.102696 -0.675406
0.323526 1.469428 -0.533789
0.243104 1.470555 -0.534620
0.243104 1.491654 -0.508555
0.233093 1.491856 -0.508592
0.233059 1.470749 -0.534663
0.705284 1.450529 -0.530722
0.737686 1.463851 -0.511894
0.692990 1.467705 -0.512086
0.669428 1.455273 -0.530792
0.243104 1.521448 -0.435168
0.323526 1.516804 -0.434450
0.323526 1.534877 -0.000005
0.243104 1.539726 -0.000005
-0.455218 1.485027 -0.437526
-0.417258 1.513666 -0.437589
-0.417381 1.526839 -0.000005
2.335206 0.892005 -0.477374
2.335206 0.870061 -0.493932
-2.173877 0.401716 -0.466500
1.407237 0.401716 -0.364785
1.407237 0.401716 -0.000005
1.922696 0.401716 -0.364785
2.274893 0.995831 -0.415065
2.274893 0.995831 -0.000005
2.161885 1.051832 -0.427191
2.161885 0.401716 -0.364785
2.321442 0.947988 -0.409012
2.339043 0.743652 -0.388101
2.339042 0.743652 -0.000005
2.339042 0.776027 -0.000005
2.339043 0.776027 -0.388101
-2.292409 1.084846 -0.457800
-2.292409 1.084846 -0.000005
-2.303157 1.034088 -0.470856
-2.292409 0.961394 -0.479539
2.321442 0.475556 -0.409012
1.922695 1.102319 -0.447355
1.665427 1.136944 -0.447355
0.243104 0.401716 -0.364785
0.243104 0.401716 -0.000005
0.322565 0.401716 -0.000005
0.322565 0.401716 -0.364785
-1.934460 0.401716 -0.364785
-0.502347 0.401716 -0.364785
-0.502347 0.401716 -0.000005
-0.417072 0.401716 -0.364785
-0.502347 1.084846 -0.000005
-0.502347 1.084846 -0.437526
0.792171 1.495216 -0.000005
0.768130 1.479174 -0.433414
1.271092 1.147938 -0.447355
1.273342 1.155373 -0.000005
-0.379348 1.521880 -0.437526
-0.414706 1.500262 -0.483339
-0.380629 1.510069 -0.481390
0.134101 1.523279 -0.435529
-0.379348 1.534595 -0.000005
0.128318 0.401716 -0.555702
0.128318 0.475556 -0.699429
-0.417072 0.401716 -0.466500
-0.407585 1.084846 -0.676080
-0.413759 1.022508 -0.708719
-0.417072 0.956717 -0.722026
-0.502347 0.956745 -0.722026
0.128318 0.401716 -0.000005
0.128318 0.401716 -0.364785
0.129772 1.099880 -0.676072
0.133277 1.472348 -0.535020
-0.384726 1.470742 -0.537229
-1.934461 0.960681 -0.722026
-2.192781 1.084846 -0.437526
-2.271451 1.084846 -0.577070
-2.171823 1.084846 -0.528734
-2.212315 1.084846 -0.681666
-1.934003 1.084846 -0.680813
-1.934003 1.084846 -0.590137
-2.112687 1.084846 -0.590948
-0.470481 1.084846 -0.639493
-0.483572 1.084846 -0.600822
-0.551782 1.084846 -0.585658
-0.551782 1.084846 -0.000005
-0.551782 1.084846 -0.437526
-2.192781 0.623768 -0.437526
-2.192781 0.623768 -0.000005
-2.171823 0.644182 -0.528734
-1.934003 0.676377 -0.590136
-2.112687 0.676377 -0.590948
-0.551782 1.084846 -0.526475
-0.551782 0.623768 -0.526475
-0.551782 0.676377 -0.585658
-0.551782 0.623768 -0.437526
-1.040442 0.623768 -0.000005
-1.040442 0.623769 -0.437526
-1.934003 0.623768 -0.528387
2.274893 0.985002 -0.511780
2.161885 1.041003 -0.531194
2.321442 0.933581 -0.485557
2.339043 0.748014 -0.452006
2.339043 0.743652 -0.444944
2.339043 0.776027 -0.444944
2.339043 0.771665 -0.452006
1.922695 1.092567 -0.569900
1.663278 1.122397 -0.569900
0.322565 0.401716 -0.466500
-1.934460 0.401716 -0.466500
0.128318 0.401716 -0.466500
0.243104 1.507854 -0.478954
0.233148 1.521646 -0.435207
0.233127 1.508081 -0.478995
0.754527 1.473001 -0.486672
0.728560 1.485861 -0.431361
0.716464 1.478568 -0.485853
2.333739 0.888448 -0.498591
2.335206 0.883248 -0.519991
-0.446134 1.475603 -0.483234
-0.494703 1.084846 -0.519216
1.265121 1.126772 -0.569900
-0.430682 1.466165 -0.521423
-0.410815 1.486841 -0.510927
-1.040442 0.623768 -0.527275
-0.408535 1.466948 -0.538515
-0.435421 1.084846 -0.667607
-1.934183 1.035912 -0.713505
-1.070735 0.401716 -0.000005
-1.070736 0.401716 -0.364785
-1.481530 1.084846 -0.679426
-1.443141 1.084846 -0.588817
-1.443141 0.676377 -0.588817
-1.934003 0.623768 -0.437526
-1.478459 0.623768 -0.527824
-1.487498 1.033721 -0.711951
-1.490976 0.623768 -0.437526
-1.042371 0.475556 -0.699429
-1.042371 0.958391 -0.722026
-1.040442 1.084846 -0.587531
-1.040442 0.676377 -0.587531
1.255177 0.401716 -0.555702
0.671398 0.401716 -0.555702
0.671398 0.401716 -0.466500
1.255177 0.401716 -0.466500
0.671397 1.103038 -0.672974
0.671397 1.032168 -0.702148
0.671397 0.954954 -0.722027
0.671398 0.475556 -0.699429
0.611974 1.488594 -0.484185
0.595537 1.476377 -0.511244
0.750542 1.501476 -0.000005
1.255177 0.401716 -0.364785
0.620443 1.497459 -0.432287
2.082957 0.701744 -0.674505
1.465941 0.813988 -0.716401
1.922695 0.826890 -0.717611
1.673537 0.865595 -0.719371
-1.269230 0.821150 -0.716270
-1.482733 0.959521 -0.722026
-1.476946 0.861145 -0.718204
-1.732398 0.809538 -0.715667
-1.879476 0.661170 -0.708446
-1.126022 0.679232 -0.709358
1.255177 0.475556 -0.454147
1.332046 0.684972 -0.454147
1.465941 0.813988 -0.454148
1.673537 0.865595 -0.454148
1.922695 0.826890 -0.454147
2.082957 0.701744 -0.454148
2.161885 0.475556 -0.454147
-1.934461 0.475556 -0.602944
-1.879476 0.661170 -0.602944
-1.732398 0.809538 -0.602944
-1.476946 0.861145 -0.602944
-1.269230 0.821150 -0.602944
-1.126022 0.679232 -0.602944
-1.042370 0.475556 -0.602944
1.407237 0.465188 -0.454147
1.673537 0.465188 -0.454147
1.922695 0.465188 -0.454147
-1.732398 0.475556 -0.602944
-1.476946 0.475556 -0.602944
-1.269230 0.475556 -0.602944
2.340550 0.578773 -0.644993
2.340550 0.442089 -0.622395
2.364891 0.442089 -0.561846
2.364891 0.578773 -0.573886
2.289191 0.442089 -0.661000
2.289191 0.578773 -0.683597
2.145637 0.578773 -0.712219
2.145637 0.442089 -0.689621
2.364891 0.442089 -0.409012
2.364891 0.578773 -0.409012
-2.341434 0.518431 -0.677620
-2.341434 0.655737 -0.677620
-2.365297 0.655737 -0.579093
-2.365297 0.518431 -0.579093
-2.286285 0.655737 -0.734102
-2.286285 0.518431 -0.734102
-2.197232 0.518431 -0.749272
-2.197232 0.655737 -0.749272
-2.365297 0.655737 -0.477603
-2.365297 0.518431 -0.477603
-2.272092 0.455841 -0.553755
-2.254029 0.455841 -0.629004
-2.220532 0.455841 -0.693510
-2.179766 0.455842 -0.715836
-2.280616 0.475456 -0.446955
2.321481 0.414647 -0.611066
2.343129 0.414584 -0.561623
2.343129 0.600575 -0.573893
2.321481 0.600636 -0.634097
2.277895 0.600715 -0.664633
2.146227 0.600840 -0.689579
2.146227 0.415025 -0.669338
2.277895 0.414657 -0.641592
2.343129 0.414562 -0.409012
2.343129 0.600597 -0.409012
2.248567 0.385245 -0.569723
2.250514 0.385245 -0.541401
2.250514 0.617763 -0.551558
2.248567 0.617763 -0.588787
2.222411 0.617763 -0.617643
2.147068 0.617763 -0.641034
2.147068 0.385245 -0.628661
2.222411 0.385245 -0.598579
2.250514 0.385245 -0.409012
2.250514 0.617763 -0.409012
-2.320284 0.668437 -0.665584
-2.342180 0.668207 -0.577120
-2.183942 0.667491 -0.734822
-2.271186 0.668492 -0.715291
-2.344048 0.667814 -0.477603
-2.244571 0.673458 -0.589275
-2.257432 0.673458 -0.536494
-2.170025 0.673458 -0.655047
-2.222479 0.673458 -0.626138
-2.261623 0.673459 -0.446954
-2.097044 0.518431 -0.753405
-2.097044 0.655737 -0.753405
-2.097044 0.455842 -0.715836
-2.097044 0.667491 -0.737019
-2.097044 0.673458 -0.657277
2.330827 0.926802 -0.407035
2.330827 0.912793 -0.481465
2.330827 0.908850 -0.508666
2.330827 0.868765 -0.556748
2.330827 0.902350 -0.532289
2.330827 0.667016 -0.542461
2.330827 0.823207 -0.568779
2.330827 0.649189 -0.409012
2.330827 0.649189 -0.496582
2.339043 0.822716 -0.386022
2.339043 0.793398 -0.388102
2.339042 0.793398 -0.000005
2.339042 0.822716 -0.000005
0.128318 0.956513 -0.722026
0.128826 1.029187 -0.705117
2.339043 0.820415 -0.444956
2.339043 0.793398 -0.444945
2.335206 0.859509 -0.537280
0.322566 0.956149 -0.722027
0.322566 1.030773 -0.703972
2.335206 0.670375 -0.409012
2.335205 0.670375 -0.000005
2.335206 0.748014 -0.452006
2.335206 0.771665 -0.452006
2.335206 0.743652 -0.388101
2.335206 0.743652 -0.444944
2.335205 0.743652 -0.000005
2.335206 0.776027 -0.388101
2.335205 0.776027 -0.000005
2.335205 0.793399 -0.000005
2.335206 0.793398 -0.388102
2.335206 0.822716 -0.386022
2.335205 0.822716 -0.000005
2.335206 0.820415 -0.444956
2.335206 0.798168 -0.452007
2.335206 0.815371 -0.452007
2.335206 0.776027 -0.444944
2.335206 0.793398 -0.444945
2.339043 0.815371 -0.452007
2.339043 0.798168 -0.452007
-0.382677 1.492350 -0.510813
0.323526 1.488887 -0.509277
0.133590 1.493525 -0.508901
0.233148 1.539832 -0.000005
0.232523 0.401716 -0.000005
0.232523 0.401716 -0.364785
0.133904 1.509958 -0.479328
0.579066 0.401716 -0.555702
0.579066 0.475556 -0.699429
0.579066 1.102936 -0.673703
0.579039 1.461838 -0.531691
0.635835 1.513811 -0.000005
0.579066 0.401716 -0.364785
0.579066 0.401716 -0.466500
0.323526 1.504268 -0.480291
0.579066 0.955312 -0.722027
0.579066 1.031750 -0.702695
0.671398 0.401716 -0.000005
0.671398 0.401716 -0.364785
-0.217436 1.013804 0.714860
-0.364828 1.013804 0.714860
-0.372978 1.005326 0.717479
-0.209286 1.005326 0.717479
-0.372978 0.949767 0.729458
-0.209286 0.949767 0.729458
-0.364828 0.941290 0.727514
-0.217436 0.941290 0.727514
-0.217436 1.013804 0.695298
-0.364828 1.013804 0.695298
-0.372978 1.005326 0.695298
-0.364828 0.941290 0.695298
-0.217436 0.941290 0.695298
-0.209286 0.949767 0.695298
-0.372978 0.949767 0.695298
-0.209286 1.005326 0.695298
-0.358863 0.989400 0.732599
-0.358863 0.965693 0.744578
-0.225113 0.965693 0.744578
-0.225113 0.989400 0.732599
-0.370125 0.989400 0.712895
-0.370125 0.965693 0.724874
-0.213851 0.965693 0.724874
-0.213851 0.989400 0.712895
-0.350965 0.965693 0.731893
-0.233011 0.965693 0.731893
-0.233011 0.989400 0.719914
-0.350965 0.989400 0.719914
-0.360897 0.989400 0.705936
-0.360897 0.965693 0.717915
-0.223080 0.965693 0.717915
-0.223080 0.989400 0.705936
0.292815 1.013803 -0.715009
0.440206 1.013804 -0.715009
0.448357 1.005326 -0.717628
0.284665 1.005326 -0.717628
0.448357 0.949767 -0.729607
0.284665 0.949767 -0.729607
0.440206 0.941290 -0.727663
0.292815 0.941290 -0.727663
0.292815 1.013803 -0.695447
0.440206 1.013804 -0.695447
0.448357 1.005326 -0.695447
0.440206 0.941290 -0.695447
0.292815 0.941290 -0.695447
0.284665 0.949767 -0.695447
0.448357 0.949767 -0.695447
0.284665 1.005326 -0.695447
0.434242 0.989400 -0.732749
0.434242 0.965693 -0.744727
0.300491 0.965693 -0.744728
0.300491 0.989400 -0.732749
0.445503 0.989400 -0.713044
0.445503 0.965693 -0.725023
0.289230 0.965693 -0.725023
0.289230 0.989400 -0.713044
0.426344 0.965693 -0.732043
0.308389 0.965693 -0.732043
0.308389 0.989400 -0.720064
0.426344 0.989400 -0.720064
0.436275 0.989400 -0.706085
0.436275 0.965693 -0.718064
0.298458 0.965693 -0.718064
0.298458 0.989400 -0.706085
-0.365684 1.013803 -0.715009
-0.218292 1.013803 -0.715009
-0.210142 1.005326 -0.717628
-0.373834 1.005326 -0.717628
-0.210142 0.949767 -0.729607
-0.373834 0.949767 -0.729607
-0.218292 0.941290 -0.727663
-0.365684 0.941290 -0.727663
-0.365684 1.013803 -0.695447
-0.218292 1.013803 -0.695447
-0.210142 1.005326 -0.695447
-0.218292 0.941290 -0.695447
-0.365684 0.941290 -0.695447
-0.373834 0.949767 -0.695447
-0.210142 0.949767 -0.695447
-0.373834 1.005326 -0.695447
-0.224257 0.989400 -0.732749
-0.224257 0.965693 -0.744728
-0.358007 0.965693 -0.744728
-0.358008 0.989400 -0.732749
-0.212996 0.989400 -0.713044
-0.212996 0.965693 -0.725023
-0.369269 0.965693 -0.725023
-0.369269 0.989400 -0.713044
-0.232155 0.965693 -0.732043
-0.350109 0.965693 -0.732043
-0.350109 0.989400 -0.720064
-0.232155 0.989400 -0.720064
-0.222224 0.989400 -0.706085
-0.222224 0.965693 -0.718064
-0.360041 0.965693 -0.718064
-0.360041 0.989400 -0.706085
1.142977 1.082950 0.663338
1.139469 1.076874 0.663338
1.134095 1.072365 0.663338
1.127502 1.069965 0.663338
1.120486 1.069965 0.663338
1.113894 1.072365 0.663338
1.108520 1.076874 0.663338
1.105012 1.082950 0.663338
1.103793 1.089859 0.663338
1.105012 1.096768 0.663338
1.108520 1.102844 0.663338
1.113894 1.107354 0.663338
1.120486 1.109753 0.663338
1.127502 1.109753 0.663338
1.134095 1.107354 0.663338
1.139469 1.102844 0.663338
1.142977 1.096768 0.663338
1.144195 1.089859 0.663338
1.095252 1.113800 0.758385
1.096052 1.109262 0.758385
1.092948 1.117791 0.758385
1.089418 1.120753 0.758385
1.085087 1.122329 0.758385
1.080479 1.122329 0.758385
1.076149 1.120753 0.758385
1.072619 1.117791 0.758385
1.070315 1.113800 0.758385
1.069515 1.109262 0.758385
1.070315 1.104724 0.758385
1.072619 1.100733 0.758385
1.076149 1.097771 0.758385
1.080479 1.096195 0.758385
1.085087 1.096195 0.758385
1.089418 1.097771 0.758385
1.092948 1.100733 0.758385
1.095252 1.104724 0.758385
1.000788 1.101897 0.857608
1.087092 1.077698 0.706963
1.030379 1.183511 0.804116
1.087086 1.190118 0.726379
1.038742 1.095351 0.850939
1.124653 1.081819 0.699504
1.064795 1.184155 0.814784
1.119831 1.190118 0.726379
1.046103 1.158564 0.851787
1.124653 1.158564 0.699738
1.080124 1.158564 0.706193
1.000788 1.158564 0.857609
1.023053 1.089602 0.816390
1.062223 1.085019 0.817238
1.030379 1.167567 0.804116
1.070764 1.167567 0.816390
0.998392 1.100453 0.851787
1.006933 1.095351 0.850940
1.080124 1.082160 0.705957
1.089846 1.081819 0.699504
1.023053 1.175906 0.816390
1.031262 1.184155 0.814783
1.038383 1.188037 0.803088
1.089846 1.185778 0.718694
1.080124 1.185636 0.725323
1.046103 1.100453 0.851787
1.035595 1.101897 0.857608
1.127835 1.082160 0.705957
1.119847 1.077698 0.706963
1.070764 1.175906 0.816390
1.078090 1.183512 0.804116
1.071128 1.188037 0.803088
1.127835 1.185636 0.725323
1.124653 1.185778 0.718694
1.050992 1.167567 0.844769
1.037894 1.166785 0.853394
1.035595 1.158564 0.857608
1.124653 1.167567 0.699738
1.127835 1.167567 0.706193
1.127835 1.158564 0.706193
1.080124 1.167567 0.706193
1.089846 1.167567 0.699738
1.089846 1.158564 0.699738
1.004362 1.166785 0.853394
1.003282 1.167567 0.844769
0.998392 1.158564 0.851787
1.030379 1.087159 0.804116
1.038367 1.082595 0.803110
1.030414 1.085019 0.817238
1.071122 1.082595 0.803110
1.078090 1.087159 0.804116
1.070764 1.089601 0.816390
1.030379 1.158564 0.804116
1.023053 1.158564 0.816390
1.023053 1.167567 0.816390
1.070764 1.158564 0.816390
1.078090 1.158564 0.804116
1.078090 1.167567 0.804116
1.144195 1.089859 -0.663349
1.142977 1.096768 -0.663349
1.095252 1.113800 -0.758396
1.096052 1.109262 -0.758396
1.139469 1.102844 -0.663349
1.092948 1.117791 -0.758396
1.134095 1.107354 -0.663349
1.089418 1.120753 -0.758396
1.127502 1.109753 -0.663349
1.085087 1.122329 -0.758396
1.120486 1.109753 -0.663349
1.080479 1.122329 -0.758396
1.113894 1.107354 -0.663349
1.076149 1.120753 -0.758396
1.108520 1.102844 -0.663349
1.072619 1.117791 -0.758396
1.105012 1.096768 -0.663349
1.070315 1.113800 -0.758396
1.103793 1.089859 -0.663349
1.069515 1.109262 -0.758396
1.105012 1.082950 -0.663349
1.070315 1.104724 -0.758396
1.108520 1.076874 -0.663349
1.072619 1.100733 -0.758396
1.113894 1.072365 -0.663349
1.076149 1.097771 -0.758396
1.120486 1.069965 -0.663349
1.080479 1.096195 -0.758396
1.127502 1.069965 -0.663349
1.085087 1.096195 -0.758396
1.134095 1.072365 -0.663349
1.089418 1.097771 -0.758396
1.139469 1.076874 -0.663349
1.092948 1.100733 -0.758396
1.142977 1.082950 -0.663349
1.095252 1.104724 -0.758396
0.998392 1.100453 -0.852093
0.998392 1.158564 -0.852093
1.023053 1.158564 -0.816697
1.023053 1.089602 -0.816697
1.046103 1.100453 -0.852093
1.070764 1.089602 -0.816697
1.070764 1.158564 -0.816697
1.046103 1.158564 -0.852093
1.006933 1.095351 -0.851246
1.030414 1.085019 -0.817544
1.062223 1.085019 -0.817544
1.038742 1.095351 -0.851246
1.089846 1.081819 -0.699810
1.089846 1.158564 -0.700045
1.124653 1.158564 -0.700045
1.124653 1.081819 -0.699810
1.087086 1.190118 -0.726686
1.038383 1.188037 -0.803394
1.071127 1.188037 -0.803395
1.119830 1.190118 -0.726686
1.031261 1.184156 -0.815090
1.004361 1.166785 -0.853700
1.037894 1.166785 -0.853700
1.064794 1.184156 -0.815090
1.003282 1.167567 -0.845075
1.023053 1.175906 -0.816697
1.023053 1.167567 -0.816697
1.127835 1.167567 -0.706500
1.127835 1.185636 -0.725630
1.078090 1.183512 -0.804422
1.078090 1.167567 -0.804422
1.089846 1.167567 -0.700045
1.089846 1.185778 -0.719000
1.124653 1.185778 -0.719000
1.124653 1.167567 -0.700045
1.000788 1.158564 -0.857915
1.000788 1.101897 -0.857915
1.035595 1.101897 -0.857915
1.035595 1.158564 -0.857915
1.030379 1.158564 -0.804422
1.080124 1.158564 -0.706499
1.080124 1.082160 -0.706263
1.030379 1.087160 -0.804422
1.078090 1.087160 -0.804422
1.127835 1.082160 -0.706263
1.127835 1.158564 -0.706500
1.078090 1.158564 -0.804422
1.038367 1.082595 -0.803416
1.087092 1.077698 -0.707269
1.119847 1.077698 -0.707269
1.071122 1.082595 -0.803416
1.030379 1.183512 -0.804422
1.080124 1.185636 -0.725629
1.080124 1.167567 -0.706499
1.030379 1.167567 -0.804422
1.070764 1.175906 -0.816697
1.050992 1.167567 -0.845075
1.070764 1.167567 -0.816697
-2.306532 1.063374 0.090051
-2.306532 1.063374 -0.089021
-2.309151 1.054897 -0.098923
-2.309151 1.054897 0.099953
-2.321130 0.999338 -0.098924
-2.321130 0.999338 0.099953
-2.319186 0.990860 -0.089022
-2.319186 0.990860 0.090051
-2.286970 1.063374 0.090051
-2.286970 1.063374 -0.089021
-2.286970 1.054897 -0.098923
-2.286970 0.990860 -0.089022
-2.286970 0.990860 0.090051
-2.286970 0.999338 0.099953
-2.286970 0.999338 -0.098924
-2.286970 1.054897 0.099953
-2.324271 1.038971 -0.081775
-2.336251 1.015264 -0.081775
-2.336251 1.015264 0.080724
-2.324271 1.038971 0.080724
-2.304568 1.038971 -0.095457
-2.316546 1.015264 -0.095457
-2.316546 1.015264 0.094406
-2.304568 1.038971 0.094406
-2.323566 1.015264 -0.072179
-2.323566 1.015264 0.071128
-2.311587 1.038971 0.071128
-2.311587 1.038971 -0.072179
-2.297608 1.038971 -0.084245
-2.309587 1.015264 -0.084245
-2.309587 1.015264 0.083194
-2.297608 1.038971 0.083194
-2.218065 0.958347 0.742595
-2.221216 1.017690 0.726647
-2.271943 0.998777 0.631147
-2.265721 0.953584 0.637767
-2.213844 0.723566 0.717966
-2.260822 0.723566 0.644694
-2.129380 0.750115 0.720396
-2.129380 0.952959 0.737155
-2.258607 1.017601 0.685535
-2.257580 0.958347 0.697686
-2.250520 0.723566 0.680765
-2.263738 1.007105 0.690118
-2.223680 1.007173 0.734592
-2.129207 0.999613 0.731870
-2.265720 0.750194 0.628837
-2.257579 0.740732 0.683846
-2.218065 0.740732 0.724537
-2.268679 0.740732 0.644569
-2.268679 0.958347 0.655549
-2.275207 1.007059 0.648276
-2.269394 1.017541 0.646814
-2.147536 0.723566 0.717967
-2.146625 0.740665 0.724539
-2.146625 0.957818 0.742595
-2.147686 1.007774 0.736405
-2.148929 1.018683 0.729028
-2.190202 1.017690 0.688903
-2.240929 0.998777 0.593403
-2.234707 0.953584 0.600023
-2.182830 0.723566 0.680221
-2.229808 0.723566 0.606950
-2.098366 0.750115 0.682652
-2.098366 0.952959 0.699411
-2.227593 1.017601 0.647791
-2.219506 0.723566 0.643021
-2.098193 0.999613 0.694126
-2.234706 0.750194 0.591093
-2.238380 1.017541 0.609069
-2.116522 0.723566 0.680223
-2.117915 1.018683 0.691283
-2.218066 0.958347 -0.742606
-2.223680 1.007173 -0.734603
-2.263739 1.007105 -0.690129
-2.257580 0.958347 -0.697697
-2.213845 0.723566 -0.717977
-2.218065 0.740732 -0.724548
-2.257579 0.740732 -0.683857
-2.250520 0.723566 -0.680776
-2.146625 0.740665 -0.724549
-2.146625 0.957818 -0.742606
-2.221216 1.017690 -0.726658
-2.147686 1.007774 -0.736416
-2.148930 1.018683 -0.729038
-2.258607 1.017601 -0.685546
-2.269394 1.017541 -0.646824
-2.275208 1.007059 -0.648287
-2.268679 0.958347 -0.655560
-2.268679 0.740732 -0.644580
-2.271943 0.998777 -0.631158
-2.265721 0.953584 -0.637778
-2.147536 0.723566 -0.717978
-2.265721 0.750194 -0.628848
-2.260822 0.723566 -0.644705
-2.129380 0.750115 -0.720407
-2.129380 0.952959 -0.737166
-2.129208 0.999613 -0.731881
-2.190202 1.017690 -0.688913
-2.227593 1.017601 -0.647802
-2.234707 0.953584 -0.600034
-2.234706 0.750194 -0.591104
-2.182830 0.723566 -0.680232
-2.116522 0.723566 -0.680234
-2.098366 0.952959 -0.699421
-2.098194 0.999613 -0.694137
-2.117916 1.018683 -0.691294
-2.238380 1.017541 -0.609080
-2.219506 0.723566 -0.643032
-2.240929 0.998777 -0.593414
-2.229808 0.723566 -0.606961
-2.098366 0.750115 -0.682662
2.274328 0.478585 0.551574
2.256332 0.615269 0.551574
2.168239 0.583289 0.737425
2.183125 0.461415 0.737425
2.203575 0.742638 0.551574
2.124592 0.688661 0.737425
2.119649 0.852012 0.551574
2.055160 0.779147 0.737425
1.996402 0.919884 0.551574
1.950801 0.844038 0.737425
1.869033 0.965688 0.551574
1.845428 0.881932 0.737425
1.718757 0.981311 0.551574
1.718757 0.894858 0.737425
1.552366 0.965688 0.551574
1.575971 0.881933 0.737425
1.424997 0.919884 0.551574
1.470598 0.844038 0.737425
1.315623 0.852012 0.551574
1.380113 0.779147 0.737425
1.231697 0.742638 0.551574
1.310680 0.688662 0.737424
1.178939 0.615269 0.551574
1.267033 0.583289 0.737425
1.160945 0.478585 0.551574
1.252147 0.461415 0.737425
2.209137 0.469379 0.551574
2.193363 0.598396 0.551574
2.147119 0.710043 0.551574
2.073553 0.805916 0.551574
1.963806 0.870867 0.551574
1.852160 0.911018 0.551574
1.718757 0.924712 0.551574
1.569238 0.911018 0.551574
1.457592 0.870867 0.551574
1.361720 0.805916 0.551574
1.288154 0.710043 0.551574
1.241910 0.598396 0.551574
1.226135 0.469380 0.551574
2.102360 0.559316 0.737425
2.114924 0.456377 0.737425
2.065527 0.648239 0.737425
1.993061 0.724600 0.737425
1.916700 0.787270 0.737425
1.827776 0.819249 0.737425
1.718757 0.830157 0.737425
1.593623 0.819249 0.737425
1.504699 0.787270 0.737425
1.428338 0.724600 0.737425
1.369744 0.648240 0.737425
1.332911 0.559316 0.737425
1.320348 0.456377 0.737425
2.274328 0.478585 -0.551574
2.256332 0.615269 -0.551574
2.168239 0.583289 -0.737425
2.183125 0.461415 -0.737425
2.203575 0.742638 -0.551574
2.124592 0.688661 -0.737425
2.119649 0.852012 -0.551574
2.055160 0.779147 -0.737425
1.996402 0.919884 -0.551574
1.950801 0.844038 -0.737425
1.869033 0.965688 -0.551574
1.845428 0.881933 -0.737425
1.718757 0.981311 -0.551574
1.718757 0.894858 -0.737425
1.552366 0.965688 -0.551574
1.575971 0.881933 -0.737425
1.424997 0.919884 -0.551574
1.470598 0.844038 -0.737425
1.315623 0.852012 -0.551574
1.380113 0.779147 -0.737425
1.231697 0.742638 -0.551574
1.310680 0.688662 -0.737424
1.178939 0.615269 -0.551574
1.267033 0.583289 -0.737425
1.160945 0.478585 -0.551574
1.252147 0.461415 -0.737425
2.209137 0.469379 -0.551574
2.193363 0.598396 -0.551574
2.147119 0.710043 -0.551574
2.073553 0.805915 -0.551574
1.963806 0.870867 -0.551574
1.852160 0.911018 -0.551574
1.718757 0.924712 -0.551574
1.569238 0.911018 -0.551574
1.457592 0.870867 -0.551574
1.361720 0.805916 -0.551574
1.288154 0.710043 -0.551574
1.241910 0.598396 -0.551574
1.226135 0.469380 -0.551574
2.102360 0.559316 -0.737425
2.114924 0.456377 -0.737425
2.065527 0.648239 -0.737425
1.993061 0.724600 -0.737425
1.916700 0.787270 -0.737425
1.827776 0.819249 -0.737425
1.718757 0.830157 -0.737425
1.593623 0.819249 -0.737425
1.504699 0.787270 -0.737425
1.428338 0.724600 -0.737425
1.369744 0.648240 -0.737425
1.332911 0.559316 -0.737425
1.320348 0.456377 -0.737425
-0.960727 0.478585 0.686324
-0.978722 0.615269 0.686324
-1.031480 0.742638 0.686324
-1.115405 0.838001 0.686324
-1.224780 0.890086 0.686324
-1.352149 0.942443 0.686324
-1.488833 0.953611 0.686324
-1.625517 0.942443 0.686324
-1.752886 0.890086 0.686324
-1.862260 0.838001 0.686324
-1.946186 0.742638 0.686324
-1.998944 0.615269 0.686324
-2.016938 0.478585 0.686324
-1.051930 0.461415 0.767286
-1.066817 0.583289 0.767286
-1.110463 0.688661 0.767286
-1.179895 0.792780 0.767286
-1.270381 0.835870 0.767286
-1.375754 0.862958 0.767286
-1.488833 0.872197 0.767286
-1.601912 0.862958 0.767286
-1.707284 0.835870 0.767286
-1.797770 0.792780 0.767286
-1.867202 0.688661 0.767286
-1.910849 0.583289 0.767286
-1.925736 0.461415 0.767286
-1.025918 0.469379 0.686324
-1.041692 0.598396 0.686324
-1.087937 0.710042 0.686324
-1.161503 0.809393 0.686324
-1.257376 0.855048 0.686324
-1.369022 0.883748 0.686324
-1.488833 0.893538 0.686324
-1.608644 0.883749 0.686324
-1.720290 0.855048 0.686324
-1.816163 0.809393 0.686324
-1.889729 0.710043 0.686324
-1.935974 0.598396 0.686324
-1.951748 0.469380 0.686324
-1.099967 0.456377 0.767286
-1.132694 0.559315 0.767286
-1.169528 0.648239 0.767286
-1.228121 0.758928 0.767286
-1.304482 0.795291 0.767286
-1.393406 0.818150 0.767286
-1.488833 0.825947 0.767286
-1.584260 0.818151 0.767286
-1.673183 0.795291 0.767286
-1.749544 0.758928 0.767286
-1.808138 0.648239 0.767286
-1.844971 0.559316 0.767286
-1.877698 0.456377 0.767286
-0.975444 0.467435 0.639998
-0.975444 1.037058 0.639999
-2.004326 0.467435 0.639999
-2.004326 1.037059 0.639999
-2.004326 0.982720 0.732358
-2.090963 0.955365 0.639999
-2.004326 0.982720 0.639999
-0.975444 0.982720 0.639999
-0.820871 0.842679 0.639998
-0.975444 0.982720 0.732358
-0.851002 0.918422 0.639998
-0.851002 0.891261 0.639998
-0.851001 0.485342 0.639998
-0.851002 0.891260 0.721480
-0.851002 0.918422 0.701315
-0.975444 1.037058 0.701315
-2.004326 1.037058 0.701315
-2.090963 0.955364 0.701315
-2.004326 0.467435 0.701315
-0.975444 0.467435 0.701315
-0.851002 0.485342 0.701315
-0.820871 0.842679 0.701315
-2.075831 0.993450 0.639999
-2.075831 0.993449 0.701315
-2.049434 1.023559 0.639999
-2.049434 1.023558 0.701315
-2.004326 0.593957 0.732358
-2.090963 0.587867 0.701315
-2.090963 0.587867 0.639999
-2.004326 0.593957 0.639999
-0.975444 0.593957 0.639998
-0.851002 0.542256 0.639998
-0.820871 0.539954 0.639999
-0.820871 0.539954 0.701315
-0.851002 0.542256 0.721480
-0.975444 0.593957 0.732358
-2.074699 0.541863 0.639999
-2.074699 0.541863 0.701315
-2.039512 0.489663 0.639999
-2.039512 0.489663 0.701315
-0.975444 0.497016 0.708573
-0.975444 1.024354 0.708573
-2.004326 0.497016 0.708573
-2.004326 1.024354 0.708573
-2.070707 0.961760 0.708573
-0.831716 0.860165 0.708574
-0.851002 0.908646 0.708573
-0.851002 0.505827 0.708573
-2.059113 0.990941 0.708573
-2.038888 1.014010 0.708573
-2.070707 0.589291 0.708573
-0.831716 0.540782 0.708573
-2.058245 0.554043 0.708573
-2.031286 0.514048 0.708573
-1.926560 0.982720 0.732358
-1.926560 0.593957 0.732358
-1.926560 0.497016 0.708573
-1.940087 0.467435 0.701315
-1.940087 0.467435 0.639999
-1.926559 0.982720 0.639999
-1.926559 1.037059 0.639999
-1.926560 1.037058 0.701315
-1.926560 1.024354 0.708573
-1.039091 0.982720 0.732358
-1.039091 0.593957 0.732358
-1.039091 0.497016 0.708573
-1.039091 0.467435 0.701315
-1.039091 0.467435 0.639998
-1.039091 0.982720 0.639999
-1.039091 1.037058 0.639999
-1.039091 1.037058 0.701315
-1.039091 1.024354 0.708573
-1.926560 0.862454 0.732358
-1.039091 0.862454 0.732358
-0.975444 0.862454 0.732358
-0.851002 0.793845 0.721480
-0.831716 0.770826 0.708574
-0.820871 0.757882 0.701315
-0.820871 0.757882 0.639999
-0.851002 0.793845 0.639998
-0.975444 0.862454 0.639999
-1.039091 0.862454 0.639999
-1.926559 0.862454 0.639999
-2.004326 0.862454 0.639999
-2.090963 0.840897 0.639999
-2.090963 0.840896 0.701315
-2.070707 0.845937 0.708573
-2.004326 0.862454 0.732358
-1.489378 0.871096 0.732358
-1.489378 0.982720 0.732358
-1.489378 1.024354 0.708573
-1.489378 1.037058 0.701315
-1.489377 1.037058 0.639999
-1.489377 0.982720 0.639999
-1.806970 0.771726 0.732358
-1.202292 0.765141 0.732358
-1.659491 0.854531 0.732358
-1.282518 0.839451 0.732358
-1.926559 0.593957 0.639999
-1.039091 0.593957 0.639998
-1.489377 0.871096 0.639999
-1.806970 0.771726 0.639999
-1.202292 0.765141 0.639999
-1.659491 0.854532 0.639999
-1.282518 0.839451 0.639999
-0.965292 1.020107 0.708573
-0.965292 1.032537 0.701315
-0.965292 1.032537 0.639999
-0.965292 0.979375 0.639999
-0.965292 0.859818 0.639999
-0.965292 0.593212 0.639998
-0.965292 0.469656 0.639998
-0.965292 0.469656 0.701315
-0.965292 0.498544 0.708573
-0.965292 0.593212 0.732358
-0.965292 0.859817 0.732358
-0.965292 0.979374 0.732358
-0.861929 0.906144 0.726396
-0.861929 0.930468 0.708573
-0.861929 0.940341 0.701315
-0.861929 0.940341 0.639998
-0.861929 0.906144 0.639998
-0.861928 0.804869 0.639998
-0.861929 0.542984 0.639998
-0.861928 0.470691 0.639998
-0.861928 0.470691 0.701315
-0.861928 0.491528 0.708573
-0.861929 0.542983 0.726396
-0.861929 0.804869 0.726396
-0.960727 0.478585 -0.686324
-0.978722 0.615269 -0.686324
-1.066817 0.583288 -0.767286
-1.051930 0.461415 -0.767286
-1.031480 0.742638 -0.686324
-1.110463 0.688661 -0.767286
-1.115405 0.838001 -0.686324
-1.179895 0.792780 -0.767286
-1.224780 0.890086 -0.686324
-1.270381 0.835870 -0.767286
-1.352149 0.942443 -0.686324
-1.375754 0.862958 -0.767286
-1.488833 0.953611 -0.686324
-1.488833 0.872197 -0.767286
-1.625517 0.942443 -0.686324
-1.601912 0.862958 -0.767286
-1.752886 0.890086 -0.686324
-1.707284 0.835870 -0.767286
-1.862260 0.838001 -0.686324
-1.797770 0.792780 -0.767286
-1.946186 0.742638 -0.686324
-1.867202 0.688661 -0.767286
-1.998944 0.615269 -0.686324
-1.910849 0.583289 -0.767286
-2.016938 0.478585 -0.686324
-1.925736 0.461415 -0.767286
-1.025918 0.469379 -0.686324
-1.041692 0.598396 -0.686324
-1.087937 0.710042 -0.686324
-1.161503 0.809393 -0.686324
-1.257376 0.855048 -0.686324
-1.369022 0.883748 -0.686324
-1.488833 0.893538 -0.686324
-1.608644 0.883749 -0.686324
-1.720290 0.855048 -0.686324
-1.816163 0.809393 -0.686324
-1.889729 0.710043 -0.686324
-1.935974 0.598396 -0.686324
-1.951748 0.469380 -0.686324
-1.132694 0.559315 -0.767286
-1.099967 0.456377 -0.767286
-1.169528 0.648239 -0.767286
-1.228121 0.758928 -0.767286
-1.304482 0.795291 -0.767286
-1.393406 0.818150 -0.767286
-1.488833 0.825947 -0.767286
-1.584260 0.818151 -0.767286
-1.673183 0.795291 -0.767286
-1.749544 0.758928 -0.767286
-1.808138 0.648239 -0.767286
-1.844971 0.559316 -0.767286
-1.877698 0.456377 -0.767286
-2.090963 0.587867 -0.639837
-2.004326 0.593957 -0.639837
-2.074699 0.541863 -0.639837
-2.004326 0.593957 -0.732358
-2.031286 0.514048 -0.708573
-2.004326 0.497016 -0.708573
-2.004326 0.467435 -0.639837
-2.004326 0.467435 -0.701315
-2.039512 0.489663 -0.701315
-2.039512 0.489663 -0.639837
-0.975444 1.037058 -0.639838
-1.039091 1.037058 -0.639838
-1.039091 1.037058 -0.701315
-0.975444 1.037058 -0.701315
-0.975444 0.467435 -0.639837
-0.975444 0.593957 -0.639837
-0.965292 0.593212 -0.639837
-0.965292 0.469656 -0.639837
-0.965292 1.032537 -0.701315
-0.965292 1.032537 -0.639838
-2.004326 1.037059 -0.639837
-1.926559 1.037059 -0.639838
-1.926559 0.982720 -0.639837
-2.004326 0.982720 -0.639837
-1.940087 0.467435 -0.701315
-1.926560 0.497016 -0.708573
-1.940087 0.467435 -0.639837
-2.049434 1.023559 -0.639837
-2.049434 1.023558 -0.701315
-2.004326 1.037058 -0.701315
-2.004326 0.982720 -0.732358
-2.004326 1.024354 -0.708573
-2.038888 1.014010 -0.708573
-2.090963 0.955365 -0.639837
-2.090963 0.840896 -0.639837
-2.090963 0.840896 -0.701315
-2.090963 0.955364 -0.701315
-0.975444 0.982720 -0.639838
-0.965292 0.979375 -0.639837
-0.975444 0.982720 -0.732358
-0.975444 0.862454 -0.732358
-0.965292 0.859817 -0.732358
-0.965292 0.979374 -0.732358
-0.975444 0.862454 -0.639838
-1.039091 0.862454 -0.639838
-1.039091 0.982720 -0.639838
-0.975444 1.024354 -0.708573
-1.039091 1.024354 -0.708573
-1.039091 0.982720 -0.732358
-0.851002 0.891261 -0.639837
-0.820871 0.842679 -0.639837
-0.820871 0.757882 -0.639837
-0.851002 0.793845 -0.639837
-0.851002 0.891260 -0.721480
-0.831716 0.860165 -0.708574
-0.851002 0.908646 -0.708573
-0.851002 0.485342 -0.639837
-0.820871 0.539954 -0.639837
-0.820871 0.539954 -0.701315
-0.851002 0.485342 -0.701315
-0.851002 0.918422 -0.639837
-0.831716 0.540782 -0.708573
-0.851002 0.505827 -0.708573
-0.975444 0.467435 -0.701315
-0.965292 0.469656 -0.701315
-0.965292 1.020108 -0.708573
-0.820871 0.842679 -0.701315
-0.851002 0.918422 -0.701315
-2.075831 0.993450 -0.639837
-2.075831 0.993449 -0.701315
-2.070707 0.961760 -0.708573
-2.059113 0.990941 -0.708573
-2.004326 0.862454 -0.639837
-2.004326 0.862454 -0.732358
-2.070707 0.845937 -0.708573
-2.070707 0.589291 -0.708573
-0.965292 0.859818 -0.639837
-0.975444 0.593957 -0.732358
-1.039091 0.862454 -0.732358
-1.039091 0.593957 -0.732358
-0.975444 0.497016 -0.708573
-0.965292 0.498544 -0.708573
-0.965292 0.593212 -0.732358
-1.039091 0.467435 -0.639837
-1.039091 0.593957 -0.639837
-0.851002 0.542256 -0.639837
-0.820871 0.757882 -0.701315
-0.831716 0.770826 -0.708574
-0.861928 0.470691 -0.639837
-0.861929 0.542984 -0.639837
-0.851002 0.542256 -0.721480
-0.851002 0.793845 -0.721480
-0.861929 0.804869 -0.726396
-0.861929 0.542983 -0.726396
-2.074699 0.541863 -0.701315
-2.090963 0.587867 -0.701315
-2.058245 0.554043 -0.708573
-1.039091 0.497016 -0.708573
-0.861928 0.491528 -0.708573
-0.861929 0.940341 -0.701315
-0.861929 0.930468 -0.708573
-1.926560 1.037058 -0.701315
-1.489377 1.037058 -0.639838
-1.489377 0.982720 -0.639837
-1.926559 0.593957 -0.639837
-1.926559 0.862454 -0.639837
-1.926560 1.024354 -0.708573
-1.926560 0.982720 -0.732358
-1.926560 0.862454 -0.732358
-1.926560 0.593957 -0.732358
-1.489378 1.037058 -0.701315
-1.489378 1.024354 -0.708573
-1.489378 0.982720 -0.732358
-1.489378 0.871096 -0.732358
-1.039091 0.467435 -0.701315
-0.861928 0.804869 -0.639837
-0.861929 0.906144 -0.726396
-1.489377 0.871096 -0.639837
-1.659491 0.854531 -0.732358
-1.202292 0.765140 -0.732358
-1.806970 0.771726 -0.732358
-1.282518 0.839451 -0.732358
-1.806970 0.771726 -0.639838
-1.202292 0.765141 -0.639838
-1.659491 0.854532 -0.639838
-1.282518 0.839451 -0.639838
-0.861929 0.940341 -0.639837
-0.861929 0.906144 -0.639837
-0.861928 0.470691 -0.701315
2.367598 0.489578 0.388090
2.367596 0.489578 -0.000005
2.367596 0.521953 -0.000005
2.367598 0.521953 0.388090
2.367598 0.493940 0.451995
2.367598 0.489578 0.444933
2.367598 0.521953 0.444933
2.367598 0.517591 0.451995
2.360228 0.521953 -0.000005
2.360230 0.521953 0.388090
2.360230 0.521953 0.444933
2.360230 0.517591 0.451995
2.360230 0.493940 0.451995
2.360230 0.489578 0.444933
2.360230 0.489578 0.388090
2.360228 0.489578 -0.000005
2.367597 0.489578 -0.388101
2.367597 0.521953 -0.388101
2.367597 0.493940 -0.452006
2.367597 0.517591 -0.452006
2.367597 0.521953 -0.444944
2.367597 0.489578 -0.444944
2.360228 0.521953 -0.388101
2.360228 0.521953 -0.444944
2.360228 0.517591 -0.452006
2.360228 0.493940 -0.452006
2.360228 0.489578 -0.444944
2.360228 0.489578 -0.388101
</float_array>
          <technique_common>
            <accessor source="#hull-POSITION-array" count="1692" stride="3">
              <param name="X" type="float"/>
              <param name="Y" type="float"/>
              <param name="Z" type="float"/>
            </accessor>
          </technique_common>
        </source>
        <source id="hull-Normal0">
          <float_array id="hull-Normal0-array" count="28350">
0.000001 -0.889482 0.456971
-0.178932 -0.917542 0.355105
0.000001 -0.889482 0.456971
-0.178932 -0.917542 0.355105
0.000001 -0.889482 0.456971
-0.198714 -0.918225 0.342601
0.000001 -1.000000 0.000000
0.000001 -1.000000 0.000000
0.000001 -1.000000 0.000000
0.000001 -1.000000 0.000000
0.000001 -1.000000 0.000000
0.000001 -1.000000 0.000000
1.000000 0.000004 -0.000000
1.000000 0.000002 -0.000000
1.000000 0.000004 -0.000001
1.000000 0.000004 -0.000001
1.000000 0.000002 -0.000000
1.000000 0.000004 -0.000000
-0.542562 -0.836897 0.072311
-0.603440 -0.797408 0.000000
-0.579278 -0.814592 0.029612
-0.579278 -0.814592 0.029612
-0.603440 -0.797408 0.000000
-0.603440 -0.797408 0.000000
0.353196 0.917424 0.183265
0.174498 0.963496 0.203042
0.365722 0.747672 0.554286
0.183103 0.779069 0.599605
0.365722 0.747672 0.554286
0.174498 0.963496 0.203042
-0.000000 -1.000000 -0.000001
-0.000000 -1.000000 -0.000001
-0.000000 -1.000000 -0.000001
-0.000000 -1.000000 -0.000001
-0.000000 -1.000000 -0.000001
-0.000000 -1.000000 -0.000001
0.497308 -0.706724 0.503216
0.497307 -0.706724 0.503216
0.497307 -0.706724 0.503216
0.497307 -0.706724 0.503216
0.497308 -0.706724 0.503216
0.497307 -0.706724 0.503216
0.848673 0.518303 0.105430
0.627711 0.762197 0.158223
0.863501 0.417605 0.282792
0.863501 0.417605 0.282792
0.627711 0.762197 0.158223
0.621185 0.612569 0.488762
0.153741 0.336277 0.929130
0.019521 0.341667 0.939618
0.002277 0.053143 0.998584
0.153741 0.336277 0.929130
0.002277 0.053143 0.998584
0.122051 0.041666 0.991649
1.000000 -0.000004 0.000003
1.000000 0.000001 0.000003
1.000000 0.000000 0.000000
1.000000 0.000000 0.000000
1.000000 0.000000 0.000000
1.000000 0.000001 0.000003
-0.485579 0.014809 0.874068
-0.515518 0.267252 0.814136
-0.941395 -0.042561 0.334611
-0.515518 0.267252 0.814136
-0.936739 0.121048 0.328431
-0.941395 -0.042561 0.334611
0.552676 0.258827 0.792185
0.309156 0.304787 0.900848
0.254678 0.028412 0.966609
0.552676 0.258827 0.792185
0.254678 0.028412 0.966609
0.504091 0.011584 0.863573
0.504091 0.011584 0.863573
0.849466 0.198172 0.489015
0.552676 0.258827 0.792185
0.849466 0.198172 0.489015
0.504091 0.011584 0.863573
0.838875 0.028323 0.543587
-0.516151 -0.036751 0.855709
-0.485579 0.014809 0.874068
-0.941395 -0.042561 0.334611
-0.516151 -0.036751 0.855709
-0.941395 -0.042561 0.334611
-0.945264 -0.009621 0.326164
0.254678 0.028412 0.966609
0.260284 -0.066841 0.963216
0.504091 0.011584 0.863573
0.504091 0.011584 0.863573
0.260284 -0.066841 0.963216
0.506073 -0.067423 0.859851
0.504091 0.011584 0.863573
0.506073 -0.067423 0.859851
0.838875 0.028323 0.543587
0.838875 0.028323 0.543587
0.506073 -0.067423 0.859851
0.737266 -0.059275 0.672997
1.000000 0.000006 -0.000000
1.000000 0.000006 -0.000000
1.000000 0.000006 -0.000000
1.000000 0.000006 -0.000000
1.000000 0.000006 -0.000000
1.000000 0.000006 -0.000000
0.057073 0.974219 0.218265
0.003191 0.970549 0.240882
0.044235 0.792516 0.608245
-0.029775 0.646559 0.762283
0.044235 0.792516 0.608245
0.003191 0.970549 0.240882
-0.034382 0.333974 0.941955
-0.029775 0.646559 0.762283
-0.025692 0.417390 0.908364
-0.029775 0.646559 0.762283
-0.034382 0.333974 0.941955
-0.027214 0.337886 0.940794
-0.015695 0.098183 0.995045
-0.000807 -0.047193 0.998886
-0.003415 -0.047059 0.998886
-0.015695 0.098183 0.995045
-0.003415 -0.047059 0.998886
-0.018206 0.069899 0.997388
0.000000 -0.889481 0.456972
0.000000 -0.889481 0.456972
0.000000 -0.889481 0.456972
0.000000 -0.889481 0.456972
0.000000 -0.889481 0.456972
0.000000 -0.889481 0.456972
-0.000000 -1.000000 0.000000
-0.000000 -1.000000 0.000000
-0.000000 -1.000000 0.000000
-0.000000 -1.000000 0.000000
-0.000000 -1.000000 0.000000
-0.000000 -1.000000 0.000000
0.000572 0.425711 0.904859
0.022417 0.354856 0.934652
0.001044 0.563662 0.826005
0.027294 0.545724 0.837520
0.001044 0.563662 0.826005
0.022417 0.354856 0.934652
-0.000003 -1.000000 0.000001
-0.000003 -1.000000 0.000001
-0.000003 -1.000000 0.000001
-0.000003 -1.000000 0.000001
-0.000003 -1.000000 0.000001
-0.000003 -1.000000 0.000001
0.001538 0.300495 0.953782
0.000747 0.367126 0.930171
-0.004012 0.370161 0.928959
-0.004012 0.370161 0.928959
-0.001143 0.300789 0.953690
0.001538 0.300495 0.953782
0.001190 0.093634 0.995606
-0.000008 -0.046935 0.998898
-0.000052 -0.046944 0.998897
-0.000008 -0.046935 0.998898
0.001190 0.093634 0.995606
0.000865 0.092323 0.995729
-0.000001 -0.889482 0.456970
-0.000001 -0.889482 0.456970
-0.000001 -0.889482 0.456970
-0.000001 -0.889482 0.456970
-0.000001 -0.889482 0.456970
-0.000001 -0.889482 0.456970
0.012503 0.588493 0.808406
0.005585 0.359033 0.933308
0.018914 0.595935 0.802810
0.018914 0.595935 0.802810
0.005585 0.359033 0.933308
0.011594 0.361743 0.932206
0.012503 0.588493 0.808406
0.017719 0.829851 0.557704
0.008584 0.587439 0.809223
0.017719 0.829851 0.557704
0.012503 0.588493 0.808406
0.021761 0.832157 0.554113
0.046945 0.604294 0.795377
0.118909 0.630640 0.766912
0.081441 0.836525 0.541842
0.118909 0.630640 0.766912
0.269676 0.827777 0.491996
0.081441 0.836525 0.541842
0.037203 0.999308 0.000001
0.036211 0.985444 0.166099
0.058060 0.987591 0.145924
0.058060 0.987591 0.145924
0.062713 0.998032 0.000001
0.037203 0.999308 0.000001
-0.858868 0.498932 0.115810
-0.407804 0.913069 0.000001
-0.862505 0.506048 0.000000
-0.407804 0.913069 0.000001
-0.858868 0.498932 0.115810
-0.412288 0.898857 0.148576
0.000001 -1.000000 0.000003
0.000001 -1.000000 0.000003
0.000001 -1.000000 0.000003
0.000001 -1.000000 0.000003
0.000001 -1.000000 0.000003
0.000001 -1.000000 0.000003
0.999769 0.020904 0.004964
1.000000 0.000004 -0.000000
0.999718 0.014304 0.018952
0.999718 0.014304 0.018952
1.000000 0.000004 -0.000000
1.000000 0.000004 -0.000001
-0.542562 -0.836897 0.072311
-0.579278 -0.814592 0.029612
-0.465465 -0.872979 0.145771
-0.465465 -0.872979 0.145771
-0.416407 -0.889857 0.186440
-0.542562 -0.836897 0.072311
-0.000001 -1.000000 0.000000
-0.000001 -1.000000 0.000000
-0.000001 -1.000000 0.000000
-0.000001 -1.000000 0.000000
-0.000001 -1.000000 0.000000
-0.000001 -1.000000 0.000000
0.330154 0.943927 0.000000
0.333216 0.941669 0.047186
0.595972 0.801533 0.048604
0.595972 0.801533 0.048604
0.588817 0.808267 -0.000000
0.330154 0.943927 0.000000
0.000001 -1.000000 0.000000
0.000001 -1.000000 0.000000
0.000001 -1.000000 0.000000
0.000001 -1.000000 0.000000
0.000001 -1.000000 0.000000
0.000001 -1.000000 0.000000
0.588817 0.808267 -0.000000
0.595972 0.801533 0.048604
0.829723 0.556480 0.043469
0.829723 0.556480 0.043469
0.828511 0.559973 -0.000000
0.588817 0.808267 -0.000000
1.000000 0.000000 -0.000003
1.000000 0.000000 -0.000003
1.000000 0.000000 -0.000003
1.000000 0.000000 -0.000003
1.000000 0.000000 -0.000003
1.000000 0.000000 -0.000003
-0.999528 0.030722 0.000000
-0.995013 0.049860 0.086385
-0.971341 0.226863 0.070920
-0.971341 0.226863 0.070920
-0.978271 0.207330 0.000000
-0.999528 0.030722 0.000000
-0.996451 -0.001043 0.084170
-0.997289 -0.073589 0.000000
-1.000000 -0.000000 0.000000
-0.997289 -0.073589 0.000000
-0.996451 -0.001043 0.084170
-0.994012 -0.066777 0.086498
1.000000 0.000001 -0.000001
1.000000 0.000001 -0.000001
1.000000 0.000001 -0.000001
1.000000 0.000001 -0.000001
1.000000 0.000001 -0.000001
1.000000 0.000001 -0.000001
0.171940 0.983833 0.050102
0.084219 0.996447 -0.000000
0.077987 0.994817 0.065244
0.084219 0.996447 -0.000000
0.171940 0.983833 0.050102
0.172828 0.984952 0.000000
-0.000000 -1.000000 0.000001
-0.000000 -1.000000 0.000001
-0.000000 -1.000000 0.000001
-0.000000 -1.000000 0.000001
-0.000000 -1.000000 0.000001
-0.000000 -1.000000 0.000001
0.000001 -1.000000 0.000001
0.000001 -1.000000 0.000001
0.000001 -1.000000 0.000001
0.000001 -1.000000 0.000001
0.000001 -1.000000 0.000001
0.000001 -1.000000 0.000001
-0.000000 -1.000000 0.000000
-0.000000 -1.000000 0.000000
-0.000000 -1.000000 0.000000
-0.000000 -1.000000 0.000000
-0.000000 -1.000000 0.000000
-0.000000 -1.000000 0.000000
-0.858868 0.498932 0.115810
-0.993538 0.113499 0.000000
-0.990306 0.119586 0.070665
-0.993538 0.113499 0.000000
-0.858868 0.498932 0.115810
-0.862505 0.506048 0.000000
0.549057 0.827696 0.115998
0.373524 0.927621 0.000000
0.368633 0.923037 0.110057
0.373524 0.927621 0.000000
0.549057 0.827696 0.115998
0.563007 0.826452 0.000000
0.410203 0.776280 0.478667
0.269676 0.827777 0.491996
0.267825 0.665744 0.696459
0.118909 0.630640 0.766912
0.267825 0.665744 0.696459
0.269676 0.827777 0.491996
-0.105590 0.919091 0.379636
-0.412288 0.898857 0.148576
-0.401193 0.841094 0.362774
-0.412288 0.898857 0.148576
-0.105590 0.919091 0.379636
-0.109486 0.982224 0.152479
-0.109486 0.982224 0.152479
0.005857 0.986733 0.162248
-0.106849 0.994275 0.000001
0.005857 0.986733 0.162248
0.002733 0.999996 0.000001
-0.106849 0.994275 0.000001
-0.000000 -0.889482 0.456971
-0.000000 -0.889482 0.456971
-0.000000 -0.889482 0.456971
-0.000000 -0.889482 0.456971
-0.000000 -0.889482 0.456971
-0.000000 -0.889482 0.456971
0.000000 -1.000000 0.000000
0.000000 -1.000000 0.000000
0.000000 -1.000000 0.000000
0.000000 -1.000000 0.000000
0.000000 -1.000000 0.000000
0.000000 -1.000000 0.000000
0.027294 0.545724 0.837520
0.021426 0.326374 0.944998
0.021165 0.466958 0.884026
0.021426 0.326374 0.944998
0.027294 0.545724 0.837520
0.022417 0.354856 0.934652
0.008678 0.044553 0.998969
-0.000040 -0.046871 0.998901
0.009610 0.067949 0.997642
0.009610 0.067949 0.997642
-0.000040 -0.046871 0.998901
-0.000009 -0.046917 0.998899
0.000000 -1.000000 0.000001
0.000000 -1.000000 0.000001
0.000000 -1.000000 0.000001
0.000000 -1.000000 0.000001
0.000000 -1.000000 0.000001
0.000000 -1.000000 0.000001
-0.072142 0.595445 0.800151
-0.001687 0.351196 0.936301
0.003109 0.585165 0.810909
-0.001687 0.351196 0.936301
-0.072142 0.595445 0.800151
-0.079871 0.341263 0.936568
-0.485579 0.014809 0.874068
-0.516151 -0.036751 0.855709
-0.003164 0.045193 0.998973
-0.003164 0.045193 0.998973
-0.516151 -0.036751 0.855709
-0.000060 -0.046496 0.998918
0.000000 1.000000 -0.000000
0.000000 1.000000 -0.000000
0.000000 1.000000 -0.000000
0.000000 1.000000 -0.000000
0.000000 1.000000 -0.000000
0.000000 1.000000 -0.000000
0.000000 1.000000 -0.000001
0.000000 1.000000 -0.000001
0.000000 1.000000 -0.000001
0.000000 1.000000 -0.000001
0.000000 1.000000 -0.000001
0.000000 1.000000 -0.000001
-0.000000 1.000000 0.000002
-0.000000 1.000000 0.000002
-0.000000 1.000000 0.000002
-0.000000 1.000000 0.000002
-0.000000 1.000000 0.000002
-0.000000 1.000000 0.000002
0.000000 1.000000 0.000002
0.000000 1.000000 0.000002
0.000000 1.000000 0.000002
0.000000 1.000000 0.000002
0.000000 1.000000 0.000002
0.000000 1.000000 0.000002
0.000001 1.000000 -0.000000
0.000001 1.000000 -0.000000
0.000001 1.000000 -0.000000
0.000001 1.000000 -0.000000
0.000001 1.000000 -0.000000
0.000001 1.000000 -0.000000
0.994534 -0.000000 -0.104417
1.000000 -0.000000 -0.000000
0.993630 -0.000000 -0.112690
1.000000 -0.000000 -0.000000
0.994534 -0.000000 -0.104417
1.000000 -0.000000 -0.000000
0.904481 0.000000 -0.426514
0.993630 -0.000000 -0.112690
0.880941 0.000000 -0.473226
0.993630 -0.000000 -0.112690
0.904481 0.000000 -0.426514
0.994534 -0.000000 -0.104417
-0.003614 0.000000 -0.999994
0.392279 0.000000 -0.919846
-0.003614 0.000000 -0.999993
0.392279 0.000000 -0.919846
-0.003614 0.000000 -0.999994
0.432576 0.000000 -0.901597
-1.000000 0.000000 -0.000000
-1.000000 0.000000 -0.000000
-1.000000 0.000000 -0.000000
-1.000000 0.000000 -0.000000
-1.000000 0.000000 -0.000000
-1.000000 0.000000 -0.000000
-1.000000 0.000000 0.000000
-1.000000 0.000000 0.000000
-1.000000 0.000000 0.000000
-1.000000 0.000000 0.000000
-1.000000 0.000000 0.000000
-1.000000 0.000000 0.000000
-0.000000 1.000000 0.000001
0.000000 1.000000 0.000001
0.000000 1.000000 -0.000000
-0.000000 1.000000 0.000001
0.000000 1.000000 -0.000000
-0.000000 1.000000 -0.000000
0.038396 0.816109 -0.576622
0.018610 0.788821 -0.614342
0.020235 0.936507 -0.350064
0.038396 0.816109 -0.576622
0.020235 0.936507 -0.350064
0.041063 0.959003 -0.280407
0.342412 0.933294 0.108243
0.614182 0.782250 0.104239
0.333216 0.941669 0.047186
0.614182 0.782250 0.104239
0.595972 0.801533 0.048604
0.333216 0.941669 0.047186
0.842955 0.531789 0.081404
0.829723 0.556480 0.043469
0.595972 0.801533 0.048604
0.842955 0.531789 0.081404
0.595972 0.801533 0.048604
0.614182 0.782250 0.104239
1.000000 0.000000 0.000000
1.000000 0.000000 0.000000
1.000000 0.000000 0.000000
1.000000 0.000000 0.000000
1.000000 0.000000 0.000000
1.000000 0.000000 0.000000
-0.995013 0.049860 0.086385
-0.936739 0.121048 0.328431
-0.909095 0.303356 0.285518
-0.909095 0.303356 0.285518
-0.971341 0.226863 0.070920
-0.995013 0.049860 0.086385
-0.945264 -0.009621 0.326164
-0.941395 -0.042561 0.334611
-0.994012 -0.066777 0.086498
-0.945264 -0.009621 0.326164
-0.994012 -0.066777 0.086498
-0.996451 -0.001043 0.084170
1.000000 0.000007 -0.000003
1.000000 0.000007 -0.000003
1.000000 0.000007 -0.000003
1.000000 0.000007 -0.000003
1.000000 0.000007 -0.000003
1.000000 0.000007 -0.000003
0.171005 0.979181 0.109369
0.077987 0.994817 0.065244
0.065272 0.989058 0.132302
0.077987 0.994817 0.065244
0.171005 0.979181 0.109369
0.171940 0.983833 0.050102
-0.000001 -1.000000 -0.000001
-0.000001 -1.000000 -0.000001
-0.000001 -1.000000 -0.000001
-0.000001 -1.000000 -0.000001
-0.000001 -1.000000 -0.000001
-0.000001 -1.000000 -0.000001
0.000001 -1.000000 -0.000003
0.000001 -1.000000 -0.000003
0.000001 -1.000000 -0.000003
0.000001 -1.000000 -0.000003
0.000001 -1.000000 -0.000003
0.000001 -1.000000 -0.000003
0.000000 -1.000000 -0.000002
0.000000 -1.000000 -0.000002
0.000000 -1.000000 -0.000002
0.000000 -1.000000 -0.000002
0.000000 -1.000000 -0.000002
0.000000 -1.000000 -0.000002
0.029976 0.922934 0.383788
0.017002 0.985386 0.169487
0.019430 0.920494 0.390274
0.017002 0.985386 0.169487
0.029976 0.922934 0.383788
0.036211 0.985444 0.166099
0.129174 0.986414 0.101493
0.107899 0.947804 0.300044
0.339852 0.900940 0.269827
0.339852 0.900940 0.269827
0.368633 0.923037 0.110057
0.129174 0.986414 0.101493
0.000000 -1.000000 0.000000
0.000000 -1.000000 0.000000
0.000000 -1.000000 0.000000
0.000000 -1.000000 0.000000
0.000000 -1.000000 0.000000
0.000000 -1.000000 0.000000
0.997013 0.075854 0.014508
0.999559 0.026482 -0.013401
0.999769 0.020904 0.004964
-0.416407 -0.889857 0.186440
-0.465465 -0.872979 0.145771
-0.178932 -0.917542 0.355105
-0.178932 -0.917542 0.355105
-0.198714 -0.918225 0.342601
-0.416407 -0.889857 0.186440
-0.858868 0.498932 0.115810
-0.990306 0.119586 0.070665
-0.838772 0.470754 0.273591
-0.972302 0.143611 0.184402
-0.838772 0.470754 0.273591
-0.990306 0.119586 0.070665
0.549057 0.827696 0.115998
0.368633 0.923037 0.110057
0.505788 0.819189 0.270384
0.339852 0.900940 0.269827
0.505788 0.819189 0.270384
0.368633 0.923037 0.110057
-0.401193 0.841094 0.362774
-0.732186 0.463178 0.499370
-0.342389 0.789318 0.509654
-0.732186 0.463178 0.499370
-0.401193 0.841094 0.362774
-0.838772 0.470754 0.273591
-0.000000 -1.000000 -0.000003
-0.000000 -1.000000 -0.000003
-0.000000 -1.000000 -0.000003
-0.000000 -1.000000 -0.000003
-0.000000 -1.000000 -0.000003
-0.000000 -1.000000 -0.000003
0.000000 1.000000 0.000001
0.000000 1.000000 0.000001
0.000000 1.000000 0.000001
0.000000 1.000000 0.000001
0.000000 1.000000 0.000001
0.000000 1.000000 0.000001
0.000000 1.000000 -0.000001
0.000000 1.000000 -0.000001
0.000000 1.000000 -0.000001
0.000000 1.000000 -0.000001
0.000000 1.000000 -0.000001
0.000000 1.000000 -0.000001
0.432576 0.000000 -0.901597
0.880941 0.000000 -0.473226
0.392279 0.000000 -0.919846
0.880941 0.000000 -0.473226
0.432576 0.000000 -0.901597
0.904481 0.000000 -0.426514
-1.000000 0.000000 -0.000001
-1.000000 0.000000 -0.000001
-1.000000 0.000000 -0.000001
-1.000000 0.000000 -0.000001
-1.000000 0.000000 -0.000001
-1.000000 0.000000 -0.000001
-0.000966 0.935633 -0.352973
-0.000000 1.000000 0.000001
-0.000865 0.936182 -0.351515
-0.000000 1.000000 0.000001
-0.000966 0.935633 -0.352973
0.000000 1.000000 0.000001
-0.339401 0.529346 0.777560
-0.079871 0.341263 0.936568
-0.072142 0.595445 0.800151
-0.079871 0.341263 0.936568
-0.339401 0.529346 0.777560
-0.372321 0.324839 0.869400
-0.732186 0.463178 0.499370
-0.944511 0.179252 0.275261
-0.772269 0.260296 0.579522
0.000000 1.000000 -0.000000
0.000000 1.000000 -0.000000
0.000000 1.000000 -0.000000
0.000000 1.000000 -0.000000
0.000000 1.000000 -0.000000
0.000000 1.000000 -0.000000
-0.000000 1.000000 0.000005
-0.000000 1.000000 0.000005
-0.000000 1.000000 0.000005
-0.000001 1.000000 0.000001
-0.000001 1.000000 0.000001
-0.000001 1.000000 0.000001
0.000001 -1.000000 0.000001
0.000001 -1.000000 0.000001
0.000001 -1.000000 0.000001
0.000001 -1.000000 0.000001
0.000001 -1.000000 0.000001
0.000001 -1.000000 0.000001
-0.515518 0.267252 0.814136
-0.002526 0.410929 0.911664
-0.486896 0.496756 0.718446
-0.000582 0.535108 0.844783
-0.486896 0.496756 0.718446
-0.002526 0.410929 0.911664
-0.000000 -1.000000 0.000001
-0.000000 -1.000000 0.000001
-0.000000 -1.000000 0.000001
-0.000000 -1.000000 0.000001
-0.000000 -1.000000 0.000001
-0.000000 -1.000000 0.000001
0.000000 1.000000 0.000002
0.000000 1.000000 0.000002
0.000000 1.000000 0.000002
0.000000 1.000000 0.000002
0.000000 1.000000 0.000002
0.000000 1.000000 0.000002
-0.003614 0.000000 -0.999994
-0.002941 0.000000 -0.999996
-0.002941 0.000000 -0.999996
-0.002941 0.000000 -0.999996
-0.003614 0.000000 -0.999994
-0.003614 0.000000 -0.999993
0.018855 0.998379 -0.053702
-0.000000 1.000000 -0.000000
-0.000000 1.000000 -0.000000
-0.000000 1.000000 -0.000000
0.018855 0.998379 -0.053702
0.010193 0.999527 -0.029030
-0.000717 0.937540 -0.347877
0.018610 0.788821 -0.614342
-0.001380 0.756931 -0.653493
0.018610 0.788821 -0.614342
-0.000717 0.937540 -0.347877
0.020235 0.936507 -0.350064
0.010193 0.999527 -0.029030
0.041063 0.959003 -0.280407
0.020235 0.936507 -0.350064
0.041063 0.959003 -0.280407
0.010193 0.999527 -0.029030
0.018855 0.998379 -0.053702
0.002156 0.548965 0.835842
0.000572 0.425711 0.904859
0.001899 0.549381 0.835570
0.001044 0.563662 0.826005
0.001899 0.549381 0.835570
0.000572 0.425711 0.904859
-0.000000 1.000000 0.000001
-0.000000 1.000000 -0.000000
0.000000 1.000000 0.000001
-0.000000 1.000000 -0.000000
-0.000000 1.000000 0.000001
-0.000000 1.000000 -0.000000
-0.000717 0.937540 -0.347877
-0.000865 0.936182 -0.351515
-0.000000 1.000000 0.000001
-0.000717 0.937540 -0.347877
-0.000000 1.000000 0.000001
0.000000 1.000000 0.000001
0.000000 -0.889481 0.456972
0.000000 -0.889481 0.456972
0.000000 -0.889481 0.456972
0.000000 -0.889481 0.456972
0.000000 -0.889481 0.456972
0.000000 -0.889481 0.456972
-0.000000 -1.000000 0.000001
-0.000000 -1.000000 0.000001
-0.000000 -1.000000 0.000001
-0.000000 -1.000000 0.000001
-0.000000 -1.000000 0.000001
-0.000000 -1.000000 0.000001
0.008678 0.044553 0.998969
-0.000071 -0.046830 0.998903
-0.000040 -0.046871 0.998901
-0.000071 -0.046830 0.998903
0.008678 0.044553 0.998969
-0.000225 0.036045 0.999350
-0.000000 1.000000 0.000002
-0.000000 1.000000 0.000002
-0.000000 1.000000 0.000002
-0.000000 1.000000 0.000002
-0.000000 1.000000 0.000002
-0.000000 1.000000 0.000002
-0.003834 0.000000 -0.999993
-0.003514 0.000000 -0.999994
-0.003834 0.000000 -0.999993
-0.003514 0.000000 -0.999994
-0.003834 0.000000 -0.999993
-0.003514 0.000000 -0.999994
-0.001808 0.750362 -0.661025
-0.000865 0.936182 -0.351515
-0.001619 0.752929 -0.658099
-0.000865 0.936182 -0.351515
-0.001808 0.750362 -0.661025
-0.000966 0.935633 -0.352973
-0.000000 -1.000000 -0.000003
-0.000000 -1.000000 -0.000003
-0.000000 -1.000000 -0.000003
-0.000000 -1.000000 -0.000003
-0.000000 -1.000000 -0.000003
-0.000000 -1.000000 -0.000003
-0.000000 -1.000000 0.000001
-0.000000 -1.000000 0.000001
-0.000000 -1.000000 0.000001
-0.000000 -1.000000 0.000001
-0.000000 -1.000000 0.000001
-0.000000 -1.000000 0.000001
-0.025692 0.417390 0.908364
0.005269 0.384976 0.922912
0.004030 0.320168 0.947352
-0.025692 0.417390 0.908364
0.004030 0.320168 0.947352
-0.034382 0.333974 0.941955
-0.015695 0.098183 0.995045
-0.000089 -0.047129 0.998889
-0.000807 -0.047193 0.998886
-0.000089 -0.047129 0.998889
-0.015695 0.098183 0.995045
0.001356 0.104564 0.994517
0.267825 0.665744 0.696459
0.118909 0.630640 0.766912
0.037532 0.414251 0.909389
0.046945 0.604294 0.795377
0.037532 0.414251 0.909389
0.118909 0.630640 0.766912
0.053377 0.845617 0.531114
0.081441 0.836525 0.541842
0.071054 0.943611 0.323342
0.071054 0.943611 0.323342
0.081441 0.836525 0.541842
0.107899 0.947804 0.300044
0.132427 0.991193 0.000001
0.129174 0.986414 0.101493
0.368633 0.923037 0.110057
0.368633 0.923037 0.110057
0.373524 0.927621 0.000000
0.132427 0.991193 0.000001
0.000001 -1.000000 0.000001
0.000001 -1.000000 0.000001
0.000001 -1.000000 0.000001
0.000001 -1.000000 0.000001
0.000001 -1.000000 0.000001
0.000001 -1.000000 0.000001
0.107899 0.947804 0.300044
0.083507 0.989707 0.116220
0.071054 0.943611 0.323342
0.083507 0.989707 0.116220
0.107899 0.947804 0.300044
0.129174 0.986414 0.101493
0.130643 -0.830008 0.542235
0.130643 -0.830008 0.542235
0.130643 -0.830008 0.542235
0.130643 -0.830008 0.542235
0.130643 -0.830008 0.542235
0.130643 -0.830008 0.542235
0.627711 0.762197 0.158223
0.353196 0.917424 0.183265
0.621185 0.612569 0.488762
0.365722 0.747672 0.554286
0.621185 0.612569 0.488762
0.353196 0.917424 0.183265
0.365722 0.747672 0.554286
0.183103 0.779069 0.599605
0.153741 0.336277 0.929130
0.365722 0.747672 0.554286
0.153741 0.336277 0.929130
0.309156 0.304787 0.900848
0.254678 0.028412 0.966609
0.229152 -0.053968 0.971893
0.260284 -0.066841 0.963216
0.333216 0.941669 0.047186
0.172828 0.984952 0.000000
0.171940 0.983833 0.050102
0.172828 0.984952 0.000000
0.333216 0.941669 0.047186
0.330154 0.943927 0.000000
-0.000001 -1.000000 0.000000
-0.000001 -1.000000 0.000000
-0.000001 -1.000000 0.000000
-0.000001 -1.000000 0.000000
-0.000001 -1.000000 0.000000
-0.000001 -1.000000 0.000000
0.342412 0.933294 0.108243
0.171940 0.983833 0.050102
0.171005 0.979181 0.109369
0.171940 0.983833 0.050102
0.342412 0.933294 0.108243
0.333216 0.941669 0.047186
-0.000000 -1.000000 0.000002
-0.000000 -1.000000 0.000002
-0.000000 -1.000000 0.000002
-0.000000 -1.000000 0.000002
-0.000000 -1.000000 0.000002
-0.000000 -1.000000 0.000002
-0.018206 0.069899 0.997388
-0.003415 -0.047059 0.998886
-0.003630 -0.045580 0.998954
0.229152 -0.053968 0.971893
0.254678 0.028412 0.966609
0.136338 -0.049629 0.989418
0.254678 0.028412 0.966609
0.122051 0.041666 0.991649
0.136338 -0.049629 0.989418
-0.003630 -0.045580 0.998954
-0.002189 -0.038618 0.999252
-0.018206 0.069899 0.997388
-0.002189 -0.038618 0.999252
0.136338 -0.049629 0.989418
0.122051 0.041666 0.991649
-0.002189 -0.038618 0.999252
0.002277 0.053143 0.998584
-0.018206 0.069899 0.997388
0.000381 -0.040977 0.999160
0.000381 -0.040977 0.999160
0.000381 -0.040977 0.999160
0.000381 -0.040977 0.999160
0.000381 -0.040977 0.999160
0.000381 -0.040977 0.999160
0.000000 1.000000 0.000002
0.000000 1.000000 0.000002
0.000000 1.000000 0.000002
0.000000 1.000000 0.000002
0.000000 1.000000 0.000002
0.000000 1.000000 0.000002
-0.002941 0.000000 -0.999996
-0.003514 0.000000 -0.999994
-0.003514 0.000000 -0.999994
-0.003514 0.000000 -0.999994
-0.002941 0.000000 -0.999996
-0.002941 0.000000 -0.999996
-0.001380 0.756931 -0.653493
-0.001619 0.752929 -0.658099
-0.000865 0.936182 -0.351515
-0.001380 0.756931 -0.653493
-0.000865 0.936182 -0.351515
-0.000717 0.937540 -0.347877
-0.002526 0.410929 0.911664
0.002156 0.548965 0.835842
-0.000582 0.535108 0.844783
0.001899 0.549381 0.835570
-0.000582 0.535108 0.844783
0.002156 0.548965 0.835842
0.000000 1.000000 0.000001
-0.000000 1.000000 -0.000000
0.010193 0.999527 -0.029030
-0.000000 1.000000 -0.000000
0.000000 1.000000 0.000001
-0.000000 1.000000 -0.000000
0.020235 0.936507 -0.350064
-0.000717 0.937540 -0.347877
0.000000 1.000000 0.000001
0.020235 0.936507 -0.350064
0.000000 1.000000 0.000001
0.010193 0.999527 -0.029030
-0.000638 -0.041304 0.999146
-0.000638 -0.041304 0.999146
-0.000638 -0.041304 0.999146
-0.000638 -0.041304 0.999146
-0.000638 -0.041304 0.999146
-0.000638 -0.041304 0.999146
-0.006743 -0.046529 0.998894
-0.006743 -0.046529 0.998894
-0.006743 -0.046529 0.998894
-0.002828 -0.045813 0.998946
-0.002828 -0.045813 0.998946
-0.002828 -0.045813 0.998946
0.004740 -0.046750 0.998895
0.004740 -0.046750 0.998895
0.004740 -0.046750 0.998895
0.002537 -0.046091 0.998934
0.002537 -0.046091 0.998934
0.002537 -0.046091 0.998934
0.963054 -0.269308 0.000001
0.837626 -0.546244 0.000001
0.834322 -0.551277 0.000001
0.837626 -0.546244 0.000001
0.963054 -0.269308 0.000001
0.990628 -0.136590 -0.000000
0.834322 -0.551277 0.000001
0.484024 -0.875055 0.000000
0.480302 -0.877103 0.000000
0.484024 -0.875055 0.000000
0.834322 -0.551277 0.000001
0.837626 -0.546244 0.000001
0.480302 -0.877103 0.000000
0.044756 -0.998998 0.000000
0.044311 -0.999018 0.000000
0.044756 -0.998998 0.000000
0.480302 -0.877103 0.000000
0.484024 -0.875055 0.000000
0.044311 -0.999018 0.000000
0.044756 -0.998998 0.000000
-0.379676 -0.925119 -0.000000
-0.379676 -0.925119 -0.000000
0.044756 -0.998998 0.000000
-0.397272 -0.917701 -0.000000
-0.794228 -0.607620 -0.000001
-0.812844 -0.582482 -0.000002
-0.967609 -0.252453 -0.000002
-0.967609 -0.252453 -0.000002
-0.812844 -0.582482 -0.000002
-0.991458 -0.130424 -0.000001
-0.379676 -0.925119 -0.000000
-0.397272 -0.917701 -0.000000
-0.794228 -0.607620 -0.000001
-0.794228 -0.607620 -0.000001
-0.397272 -0.917701 -0.000000
-0.812844 -0.582482 -0.000002
0.958815 -0.284032 -0.000000
0.860516 -0.509423 -0.000000
0.857176 -0.515023 -0.000000
0.860516 -0.509423 -0.000000
0.958815 -0.284032 -0.000000
0.958815 -0.284032 -0.000000
0.857176 -0.515023 -0.000000
0.474637 -0.880182 -0.000000
0.470829 -0.882224 -0.000000
0.474637 -0.880182 -0.000000
0.857176 -0.515023 -0.000000
0.860516 -0.509423 -0.000000
0.470829 -0.882224 -0.000000
0.004559 -0.999990 -0.000000
0.004522 -0.999990 -0.000000
0.004559 -0.999990 -0.000000
0.470829 -0.882224 -0.000000
0.474637 -0.880182 -0.000000
-0.462939 -0.886390 -0.000001
0.004522 -0.999990 -0.000000
0.004559 -0.999990 -0.000000
-0.462939 -0.886390 -0.000001
0.004559 -0.999990 -0.000000
-0.466691 -0.884420 -0.000001
-0.925022 -0.379914 -0.000003
-0.828175 -0.560470 -0.000003
-0.831044 -0.556206 -0.000003
-0.925022 -0.379914 -0.000003
-0.831044 -0.556206 -0.000003
-0.925022 -0.379914 -0.000003
-0.462939 -0.886390 -0.000001
-0.466691 -0.884420 -0.000001
-0.828175 -0.560470 -0.000003
-0.828175 -0.560470 -0.000003
-0.466691 -0.884420 -0.000001
-0.831044 -0.556206 -0.000003
0.000000 0.000000 1.000000
0.000000 0.000000 1.000000
0.000000 0.000000 1.000000
0.000000 0.000000 1.000000
0.000000 0.000000 1.000000
0.000000 0.000000 1.000000
0.000000 0.000000 1.000000
0.000000 0.000000 1.000000
0.000000 0.000000 1.000000
0.000000 0.000000 1.000000
0.000000 0.000000 1.000000
0.000000 0.000000 1.000000
-0.000000 0.000000 1.000000
-0.000000 0.000000 1.000000
-0.000000 0.000000 1.000000
-0.000000 0.000000 1.000000
-0.000000 0.000000 1.000000
-0.000000 0.000000 1.000000
0.000000 0.000000 1.000000
0.000000 0.000000 1.000000
0.000000 0.000000 1.000000
0.000000 0.000000 1.000000
0.000000 0.000000 1.000000
0.000000 0.000000 1.000000
-0.000001 0.000000 1.000000
-0.000001 0.000000 1.000000
-0.000001 0.000000 1.000000
-0.000001 0.000000 1.000000
-0.000001 0.000000 1.000000
-0.000001 0.000000 1.000000
0.000000 0.000000 1.000000
0.000000 0.000000 1.000000
0.000000 0.000000 1.000000
0.000000 0.000000 1.000000
0.000000 0.000000 1.000000
0.000000 0.000000 1.000000
0.000000 0.000000 1.000000
0.000000 0.000000 1.000000
0.000000 0.000000 1.000000
0.000000 0.000000 1.000000
0.000000 0.000000 1.000000
0.000000 0.000000 1.000000
0.000000 -0.000000 1.000000
0.000000 -0.000000 1.000000
0.000000 -0.000000 1.000000
0.000000 -0.000000 1.000000
0.000000 -0.000000 1.000000
0.000000 -0.000000 1.000000
-1.000000 0.000006 -0.000005
-0.998599 -0.028516 0.044576
-0.976314 -0.116600 0.182251
1.000000 0.000003 -0.000000
1.000000 0.000003 -0.000000
1.000000 0.000003 -0.000000
-0.000000 -1.000000 -0.000004
-0.000000 -1.000000 -0.000004
-0.000000 -1.000000 -0.000004
-0.000000 -1.000000 -0.000004
-0.000000 -1.000000 -0.000004
-0.000000 -1.000000 -0.000004
0.000000 -0.879473 0.475949
-0.000000 -0.879473 0.475948
-0.000000 -0.879473 0.475949
0.000000 -0.879473 0.475949
0.000000 -0.879473 0.475949
0.000001 -0.879473 0.475949
-0.000000 -0.879473 0.475949
-0.000001 -0.879473 0.475949
-0.000000 -0.879473 0.475949
0.000000 -0.879473 0.475949
0.000001 -0.879473 0.475949
-0.000000 -0.879473 0.475948
-0.000000 -0.879473 0.475948
-0.000000 -0.879473 0.475949
-0.000000 -0.879473 0.475949
-0.967609 -0.252453 -0.000002
-0.991458 -0.130424 -0.000001
-1.000000 -0.000002 -0.000002
0.990628 -0.136590 -0.000000
1.000000 0.000000 0.000000
1.000000 -0.000003 -0.000001
0.008662 -0.804156 0.594355
-0.000001 -0.815278 0.579070
0.008594 -0.804245 0.594236
0.990628 -0.136590 -0.000000
1.000000 -0.000003 -0.000001
1.000000 -0.000003 -0.000000
-1.000000 0.000000 0.000000
-1.000000 0.000000 0.000000
-0.991458 -0.130424 -0.000001
0.017185 -0.792870 0.609149
0.008594 -0.804245 0.594236
0.017185 -0.792870 0.609149
0.008594 -0.804245 0.594236
0.017185 -0.792870 0.609149
0.008662 -0.804156 0.594355
-0.013683 -0.804062 0.594387
-0.027024 -0.792697 0.609017
-0.013516 -0.804202 0.594202
-0.027024 -0.792697 0.609017
-0.027024 -0.792697 0.609017
-0.013516 -0.804202 0.594202
-0.000001 -0.815278 0.579070
-0.013683 -0.804062 0.594387
-0.013516 -0.804202 0.594202
-0.000001 -0.815278 0.579070
-0.013516 -0.804202 0.594202
0.008594 -0.804245 0.594236
0.930499 -0.327543 0.163972
0.919574 0.357892 0.162163
0.753957 -0.356850 0.551550
0.756813 0.316498 0.571894
0.753957 -0.356850 0.551550
0.919574 0.357892 0.162163
0.182500 -0.379719 0.906922
0.387244 0.292583 0.874321
0.186134 0.280364 0.941674
0.387244 0.292583 0.874321
0.182500 -0.379719 0.906922
0.383090 -0.383250 0.840453
0.387244 0.292583 0.874321
0.383090 -0.383250 0.840453
0.756813 0.316498 0.571894
0.756813 0.316498 0.571894
0.383090 -0.383250 0.840453
0.753957 -0.356850 0.551550
0.924145 0.382042 -0.000000
0.924121 0.382099 0.000012
0.944560 -0.328338 0.000011
0.944560 -0.328338 0.000011
0.944577 -0.328291 -0.000000
0.924145 0.382042 -0.000000
0.919574 0.357892 0.162163
0.930499 -0.327543 0.163972
0.924121 0.382099 0.000012
0.930499 -0.327543 0.163972
0.944560 -0.328338 0.000011
0.924121 0.382099 0.000012
-0.793666 -0.442400 0.417584
-0.863081 0.494456 0.102981
-0.881870 -0.457696 0.113223
-0.863081 0.494456 0.102981
-0.793666 -0.442400 0.417584
-0.765661 0.483433 0.424330
-0.416796 0.467347 0.779659
-0.124804 -0.288731 0.949241
-0.101738 0.461013 0.881542
-0.124804 -0.288731 0.949241
-0.416796 0.467347 0.779659
-0.477209 -0.393832 0.785600
-0.477209 -0.393832 0.785600
-0.765661 0.483433 0.424330
-0.793666 -0.442400 0.417584
-0.765661 0.483433 0.424330
-0.477209 -0.393832 0.785600
-0.416796 0.467347 0.779659
-0.883554 -0.468302 -0.005105
-0.888934 -0.457970 0.007749
-0.862869 0.505427 0.000806
-0.862869 0.505427 0.000806
-0.864324 0.502935 0.000000
-0.883554 -0.468302 -0.005105
-0.881870 -0.457696 0.113223
-0.863081 0.494456 0.102981
-0.888934 -0.457970 0.007749
-0.863081 0.494456 0.102981
-0.862869 0.505427 0.000806
-0.888934 -0.457970 0.007749
-0.503624 -0.833232 0.228226
-0.881870 -0.457696 0.113223
-0.551804 -0.830796 0.072741
-0.881870 -0.457696 0.113223
-0.503624 -0.833232 0.228226
-0.793666 -0.442400 0.417584
-0.345407 -0.724555 0.596417
-0.124804 -0.288731 0.949241
-0.477209 -0.393832 0.785600
-0.124804 -0.288731 0.949241
-0.345407 -0.724555 0.596417
-0.114672 -0.549011 0.827911
-0.503624 -0.833232 0.228226
-0.477209 -0.393832 0.785600
-0.793666 -0.442400 0.417584
-0.477209 -0.393832 0.785600
-0.503624 -0.833232 0.228226
-0.345407 -0.724555 0.596417
-0.584375 -0.811424 0.009845
-0.883554 -0.468302 -0.005105
-0.561233 -0.827609 -0.008948
-0.883554 -0.468302 -0.005105
-0.584375 -0.811424 0.009845
-0.888934 -0.457970 0.007749
-0.551804 -0.830796 0.072741
-0.888934 -0.457970 0.007749
-0.584375 -0.811424 0.009845
-0.888934 -0.457970 0.007749
-0.551804 -0.830796 0.072741
-0.881870 -0.457696 0.113223
0.480858 -0.795193 0.369382
0.930499 -0.327543 0.163972
0.753957 -0.356850 0.551550
0.930499 -0.327543 0.163972
0.480858 -0.795193 0.369382
0.581944 -0.804731 0.117256
0.756813 0.316498 0.571894
0.485714 0.870051 0.084225
0.410331 0.859931 0.303558
0.485714 0.870051 0.084225
0.756813 0.316498 0.571894
0.919574 0.357892 0.162163
0.186134 0.280364 0.941674
0.213779 0.854146 0.474061
0.110620 0.835141 0.538798
0.213779 0.854146 0.474061
0.186134 0.280364 0.941674
0.387244 0.292583 0.874321
0.153702 -0.724601 0.671810
0.271745 -0.770753 0.576277
0.182500 -0.379719 0.906922
0.383090 -0.383250 0.840453
0.182500 -0.379719 0.906922
0.271745 -0.770753 0.576277
0.410331 0.859931 0.303558
0.387244 0.292583 0.874321
0.756813 0.316498 0.571894
0.387244 0.292583 0.874321
0.410331 0.859931 0.303558
0.213779 0.854146 0.474061
0.753957 -0.356850 0.551550
0.383090 -0.383250 0.840453
0.480858 -0.795193 0.369382
0.383090 -0.383250 0.840453
0.271745 -0.770753 0.576277
0.480858 -0.795193 0.369382
0.568068 -0.822982 0.000030
0.568094 -0.822964 -0.000000
0.944560 -0.328338 0.000011
0.944560 -0.328338 0.000011
0.568094 -0.822964 -0.000000
0.944577 -0.328291 -0.000000
0.924121 0.382099 0.000012
0.466232 0.884662 -0.000000
0.466195 0.884682 0.000029
0.466232 0.884662 -0.000000
0.924121 0.382099 0.000012
0.924145 0.382042 -0.000000
0.581944 -0.804731 0.117256
0.944560 -0.328338 0.000011
0.930499 -0.327543 0.163972
0.944560 -0.328338 0.000011
0.581944 -0.804731 0.117256
0.568068 -0.822982 0.000030
0.919574 0.357892 0.162163
0.466195 0.884682 0.000029
0.485714 0.870051 0.084225
0.466195 0.884682 0.000029
0.919574 0.357892 0.162163
0.924121 0.382099 0.000012
0.274314 -0.944088 0.182890
0.581944 -0.804731 0.117256
0.480858 -0.795193 0.369382
0.581944 -0.804731 0.117256
0.274314 -0.944088 0.182890
0.302377 -0.952291 0.041349
0.485714 0.870051 0.084225
0.165558 0.981146 0.099714
0.410331 0.859931 0.303558
0.165558 0.981146 0.099714
0.485714 0.870051 0.084225
0.183718 0.982789 0.019311
0.110620 0.835141 0.538798
0.213779 0.854146 0.474061
0.100426 0.964849 0.242859
0.110620 0.835141 0.538798
0.100426 0.964849 0.242859
0.070228 0.951884 0.298305
0.153702 -0.724601 0.671810
0.184100 -0.890200 0.416715
0.271745 -0.770753 0.576277
0.184100 -0.890200 0.416715
0.153702 -0.724601 0.671810
0.140640 -0.849284 0.508859
0.100426 0.964849 0.242859
0.213779 0.854146 0.474061
0.165558 0.981146 0.099714
0.410331 0.859931 0.303558
0.165558 0.981146 0.099714
0.213779 0.854146 0.474061
0.274314 -0.944088 0.182890
0.480858 -0.795193 0.369382
0.271745 -0.770753 0.576277
0.274314 -0.944088 0.182890
0.271745 -0.770753 0.576277
0.184100 -0.890200 0.416715
0.568094 -0.822964 -0.000000
0.568068 -0.822982 0.000030
0.301835 -0.953360 0.000036
0.301835 -0.953360 0.000036
0.301788 -0.953375 -0.000000
0.568094 -0.822964 -0.000000
0.182295 0.983244 0.000034
0.466232 0.884662 -0.000000
0.182244 0.983253 -0.000000
0.466232 0.884662 -0.000000
0.182295 0.983244 0.000034
0.466195 0.884682 0.000029
0.581944 -0.804731 0.117256
0.302377 -0.952291 0.041349
0.568068 -0.822982 0.000030
0.302377 -0.952291 0.041349
0.301835 -0.953360 0.000036
0.568068 -0.822982 0.000030
0.183718 0.982789 0.019311
0.485714 0.870051 0.084225
0.466195 0.884682 0.000029
0.183718 0.982789 0.019311
0.466195 0.884682 0.000029
0.182295 0.983244 0.000034
-0.863081 0.494456 0.102981
-0.258858 0.955369 0.142345
-0.287430 0.957134 0.035756
-0.258858 0.955369 0.142345
-0.863081 0.494456 0.102981
-0.765661 0.483433 0.424330
-0.030155 0.936167 0.350260
-0.137953 0.948182 0.286217
-0.101738 0.461013 0.881542
-0.416796 0.467347 0.779659
-0.101738 0.461013 0.881542
-0.137953 0.948182 0.286217
-0.416796 0.467347 0.779659
-0.258858 0.955369 0.142345
-0.765661 0.483433 0.424330
-0.258858 0.955369 0.142345
-0.416796 0.467347 0.779659
-0.137953 0.948182 0.286217
-0.285972 0.958238 0.000724
-0.864324 0.502935 0.000000
-0.862869 0.505427 0.000806
-0.864324 0.502935 0.000000
-0.285972 0.958238 0.000724
-0.288438 0.957499 0.000000
-0.287430 0.957134 0.035756
-0.862869 0.505427 0.000806
-0.863081 0.494456 0.102981
-0.862869 0.505427 0.000806
-0.287430 0.957134 0.035756
-0.285972 0.958238 0.000724
-0.061019 0.998125 0.004896
-0.287430 0.957134 0.035756
-0.048872 0.998618 0.019346
-0.048872 0.998618 0.019346
-0.287430 0.957134 0.035756
-0.258858 0.955369 0.142345
-0.137953 0.948182 0.286217
-0.008084 0.997745 0.066631
-0.027945 0.998670 0.043334
-0.008084 0.997745 0.066631
-0.137953 0.948182 0.286217
-0.030155 0.936167 0.350260
-0.258858 0.955369 0.142345
-0.027945 0.998670 0.043334
-0.048872 0.998618 0.019346
-0.027945 0.998670 0.043334
-0.258858 0.955369 0.142345
-0.137953 0.948182 0.286217
-0.288438 0.957499 0.000000
-0.285972 0.958238 0.000724
-0.067022 0.997751 0.000003
-0.067022 0.997751 0.000003
-0.068323 0.997663 0.000000
-0.288438 0.957499 0.000000
-0.287430 0.957134 0.035756
-0.061019 0.998125 0.004896
-0.285972 0.958238 0.000724
-0.061019 0.998125 0.004896
-0.067022 0.997751 0.000003
-0.285972 0.958238 0.000724
0.922126 -0.111630 -0.370435
0.931749 -0.106993 -0.346982
0.721396 -0.194754 -0.664574
0.721396 -0.194754 -0.664574
0.665492 -0.212059 -0.715647
0.922126 -0.111630 -0.370435
0.931749 -0.106993 -0.346982
0.922126 -0.111630 -0.370435
0.984732 -0.082295 -0.153394
0.931749 -0.106993 -0.346982
0.984732 -0.082295 -0.153394
0.985865 -0.082085 -0.146057
0.985865 -0.082085 -0.146057
0.984732 -0.082295 -0.153394
0.996009 -0.083259 -0.032159
0.985865 -0.082085 -0.146057
0.996009 -0.083259 -0.032159
0.996006 -0.083246 -0.032271
0.996009 -0.083259 -0.032159
0.996036 -0.088951 -0.000985
0.996006 -0.083246 -0.032271
0.996006 -0.083246 -0.032271
0.996036 -0.088951 -0.000985
0.996033 -0.088979 -0.000999
0.242668 -0.268666 -0.932165
0.721396 -0.194754 -0.664574
0.250473 -0.268544 -0.930133
0.721396 -0.194754 -0.664574
0.242668 -0.268666 -0.932165
0.665492 -0.212059 -0.715647
-0.034512 0.441869 0.896416
-0.101738 0.461013 0.881542
-0.031544 -0.254502 0.966558
-0.101738 0.461013 0.881542
-0.124804 -0.288731 0.949241
-0.031544 -0.254502 0.966558
-0.031544 -0.254502 0.966558
-0.114672 -0.549011 0.827911
-0.019621 -0.495360 0.868466
-0.114672 -0.549011 0.827911
-0.031544 -0.254502 0.966558
-0.124804 -0.288731 0.949241
-0.101738 0.461013 0.881542
-0.034512 0.441869 0.896416
-0.030155 0.936167 0.350260
-0.030155 0.936167 0.350260
-0.034512 0.441869 0.896416
-0.011799 0.934524 0.355705
-0.011799 0.934524 0.355705
-0.008084 0.997745 0.066631
-0.030155 0.936167 0.350260
-0.008084 0.997745 0.066631
-0.011799 0.934524 0.355705
-0.002061 0.997224 0.074432
0.013808 -0.264715 -0.964228
0.250473 -0.268544 -0.930133
0.013808 -0.264715 -0.964228
0.250473 -0.268544 -0.930133
0.013808 -0.264715 -0.964228
0.242668 -0.268666 -0.932165
1.000000 0.000000 0.000000
1.000000 0.000000 0.000000
1.000000 0.000000 0.000000
1.000000 0.000000 0.000000
1.000000 0.000000 0.000000
1.000000 0.000000 0.000000
1.000000 0.000000 0.000000
1.000000 0.000000 0.000000
1.000000 0.000000 0.000000
-1.000000 -0.000000 0.000001
-1.000000 -0.000000 0.000000
-1.000000 -0.000000 0.000001
-1.000000 -0.000000 0.000001
-1.000000 -0.000000 0.000000
-1.000000 -0.000000 0.000000
-0.999582 0.001812 -0.028838
-0.999533 0.001916 -0.030485
-1.000000 -0.000000 0.000001
-0.999582 0.001812 -0.028838
-1.000000 -0.000000 0.000001
-1.000000 -0.000000 0.000001
-0.927600 0.029901 -0.372377
-0.915190 0.032362 -0.401722
-0.999533 0.001916 -0.030485
-0.927600 0.029901 -0.372377
-0.999533 0.001916 -0.030485
-0.999582 0.001812 -0.028838
-0.559470 0.060995 -0.826604
-0.547755 0.061244 -0.834394
-0.915190 0.032362 -0.401722
-0.559470 0.060995 -0.826604
-0.915190 0.032362 -0.401722
-0.927600 0.029901 -0.372377
-0.559470 0.060995 -0.826604
-0.333754 0.063579 -0.940514
-0.547755 0.061244 -0.834394
-0.333754 0.063579 -0.940514
-0.559470 0.060995 -0.826604
-0.333754 0.063579 -0.940514
-0.999755 0.002231 -0.022030
-0.999783 0.001904 -0.020722
-0.999603 0.003710 -0.027927
-0.999755 0.002231 -0.022030
-0.999603 0.003710 -0.027927
-0.999603 0.003710 -0.027927
-0.999817 0.001486 -0.019055
-0.999817 0.001486 -0.019055
-0.999783 0.001904 -0.020722
-0.999817 0.001486 -0.019055
-0.999783 0.001904 -0.020722
-0.999755 0.002231 -0.022030
0.914948 0.401827 0.037485
0.828511 0.559973 -0.000000
0.829723 0.556480 0.043469
0.828511 0.559973 -0.000000
0.914948 0.401827 0.037485
0.914301 0.405036 -0.000000
0.914948 0.401827 0.037485
0.842955 0.531789 0.081404
0.914519 0.399120 0.066017
0.842955 0.531789 0.081404
0.914948 0.401827 0.037485
0.829723 0.556480 0.043469
0.842955 0.531789 0.081404
0.917041 0.391121 0.077843
0.914519 0.399120 0.066017
0.917041 0.391121 0.077843
0.842955 0.531789 0.081404
0.848673 0.518303 0.105430
0.849466 0.198172 0.489015
0.931705 0.305069 0.197128
0.863501 0.417605 0.282792
0.931705 0.305069 0.197128
0.849466 0.198172 0.489015
0.930325 0.153069 0.333264
0.838875 0.028323 0.543587
0.737266 -0.059275 0.672997
0.953723 -0.033459 0.298818
0.838875 0.028323 0.543587
0.953723 -0.033459 0.298818
0.942783 0.023811 0.332556
0.998542 -0.053974 0.000000
0.998542 -0.053974 0.000000
0.998542 -0.053974 0.000000
0.998542 -0.053974 0.000000
0.998542 -0.053974 0.000000
0.998542 -0.053974 0.000000
0.998542 -0.053973 -0.000001
0.998542 -0.053973 -0.000001
0.998542 -0.053973 -0.000001
0.998542 -0.053973 -0.000001
0.998542 -0.053973 -0.000001
0.998542 -0.053973 -0.000001
0.998667 -0.050949 0.008325
0.998666 -0.050949 0.008325
0.998667 -0.050949 0.008325
0.998666 -0.050949 0.008325
0.998667 -0.050949 0.008325
0.998666 -0.050949 0.008325
1.000000 -0.000000 -0.000002
1.000000 -0.000000 -0.000002
1.000000 -0.000000 -0.000002
1.000000 -0.000000 -0.000002
1.000000 -0.000000 -0.000002
1.000000 -0.000000 -0.000002
0.183103 0.779069 0.599605
0.044235 0.792516 0.608245
0.019521 0.341667 0.939618
0.183103 0.779069 0.599605
0.019521 0.341667 0.939618
0.153741 0.336277 0.929130
-0.515518 0.267252 0.814136
-0.486896 0.496756 0.718446
-0.936739 0.121048 0.328431
-0.486896 0.496756 0.718446
-0.909095 0.303356 0.285518
-0.936739 0.121048 0.328431
0.621185 0.612569 0.488762
0.365722 0.747672 0.554286
0.309156 0.304787 0.900848
0.621185 0.612569 0.488762
0.309156 0.304787 0.900848
0.552676 0.258827 0.792185
0.621185 0.612569 0.488762
0.552676 0.258827 0.792185
0.863501 0.417605 0.282792
0.863501 0.417605 0.282792
0.552676 0.258827 0.792185
0.849466 0.198172 0.489015
-0.034382 0.333974 0.941955
-0.018206 0.069899 0.997388
-0.027214 0.337886 0.940794
-0.018206 0.069899 0.997388
-0.034382 0.333974 0.941955
-0.015695 0.098183 0.995045
0.000572 0.425711 0.904859
0.008678 0.044553 0.998969
0.022417 0.354856 0.934652
0.008678 0.044553 0.998969
0.000572 0.425711 0.904859
-0.000225 0.036045 0.999350
0.009610 0.067949 0.997642
0.000889 0.087771 0.996140
0.021426 0.326374 0.944998
-0.001421 0.310811 0.950471
0.021426 0.326374 0.944998
0.000889 0.087771 0.996140
1.000000 0.000000 0.000000
1.000000 0.000000 0.000000
1.000000 0.000000 0.000000
1.000000 0.000000 0.000000
1.000000 0.000000 0.000000
1.000000 0.000000 0.000000
-0.995013 0.049860 0.086385
-0.997289 -0.073589 0.000000
-0.994012 -0.066777 0.086498
-0.997289 -0.073589 0.000000
-0.995013 0.049860 0.086385
-0.999528 0.030722 0.000000
0.021426 0.326374 0.944998
0.008678 0.044553 0.998969
0.009610 0.067949 0.997642
0.008678 0.044553 0.998969
0.021426 0.326374 0.944998
0.022417 0.354856 0.934652
-0.936739 0.121048 0.328431
-0.994012 -0.066777 0.086498
-0.941395 -0.042561 0.334611
-0.994012 -0.066777 0.086498
-0.936739 0.121048 0.328431
-0.995013 0.049860 0.086385
1.000000 0.000000 0.000000
1.000000 0.000000 0.000000
1.000000 0.000001 0.000003
1.000000 0.000000 0.000000
1.000000 0.000001 0.000003
0.999769 0.020904 0.004964
-0.002526 0.410929 0.911664
-0.515518 0.267252 0.814136
-0.485579 0.014809 0.874068
-0.002526 0.410929 0.911664
-0.485579 0.014809 0.874068
-0.003164 0.045193 0.998973
-0.000559 0.129328 0.991602
-0.000559 0.129328 0.991602
-0.000559 0.129328 0.991602
-0.000559 0.129328 0.991602
-0.000559 0.129328 0.991602
-0.000559 0.129328 0.991602
0.003881 0.304298 0.952569
0.001538 0.300495 0.953782
0.001292 0.095805 0.995399
0.001538 0.300495 0.953782
0.001190 0.093634 0.995606
0.001292 0.095805 0.995399
0.309156 0.304787 0.900848
0.153741 0.336277 0.929130
0.122051 0.041666 0.991649
0.309156 0.304787 0.900848
0.122051 0.041666 0.991649
0.254678 0.028412 0.966609
0.002177 0.123563 0.992334
0.002177 0.123563 0.992334
0.002177 0.123563 0.992334
0.002177 0.123563 0.992334
0.002177 0.123563 0.992334
0.002177 0.123563 0.992334
0.838875 0.028323 0.543587
0.930325 0.153069 0.333264
0.849466 0.198172 0.489015
0.930325 0.153069 0.333264
0.838875 0.028323 0.543587
0.942783 0.023811 0.332556
0.979479 0.200673 0.018719
0.979306 0.202384 -0.000000
0.979479 0.200673 0.018719
0.979306 0.202384 -0.000000
0.979479 0.200673 0.018719
0.979306 0.202384 -0.000000
0.979479 0.200673 0.018719
0.983124 0.177090 0.045897
0.983005 0.177820 0.045615
0.983124 0.177090 0.045897
0.979479 0.200673 0.018719
0.979479 0.200673 0.018719
0.983124 0.177090 0.045897
0.985822 0.163701 0.036838
0.983005 0.177820 0.045615
0.985822 0.163701 0.036838
0.983124 0.177090 0.045897
0.985552 0.166650 0.030239
0.985095 0.146801 0.089651
0.979990 0.085468 0.179761
0.979990 0.085469 0.179761
0.979990 0.085468 0.179761
0.985095 0.146801 0.089651
0.985197 0.147873 0.086722
0.979990 0.085468 0.179761
0.980360 0.009579 0.196984
0.980364 0.008369 0.197016
0.979990 0.085468 0.179761
0.980364 0.008369 0.197016
0.979990 0.085469 0.179761
0.984336 -0.112666 0.135607
0.980360 0.009579 0.196984
0.984340 -0.110273 0.137534
0.980360 0.009579 0.196984
0.984336 -0.112666 0.135607
0.980364 0.008369 0.197016
0.979988 -0.195649 0.036675
0.984336 -0.112666 0.135607
0.984340 -0.110273 0.137534
0.984336 -0.112666 0.135607
0.979988 -0.195649 0.036675
0.979988 -0.195649 0.036676
0.979988 -0.195649 0.036676
0.979306 -0.202383 -0.000001
0.979306 -0.202383 -0.000001
0.979306 -0.202383 -0.000001
0.979988 -0.195649 0.036676
0.979988 -0.195649 0.036675
0.979306 -0.202384 -0.000000
0.979306 -0.202383 -0.000001
0.979306 -0.202383 -0.000001
0.979306 -0.202383 -0.000001
0.979306 -0.202384 -0.000000
0.979306 -0.202384 -0.000000
1.000000 -0.000003 0.000011
1.000000 0.000001 0.000003
1.000000 -0.000004 0.000003
1.000000 0.000001 0.000003
1.000000 -0.000003 0.000011
1.000000 0.000005 0.000011
1.000000 -0.000009 0.000002
1.000000 -0.000008 -0.000001
1.000000 -0.000007 -0.000002
1.000000 -0.000008 -0.000001
1.000000 -0.000009 0.000002
1.000000 -0.000004 0.000003
1.000000 -0.000007 -0.000002
1.000000 -0.000003 -0.000001
1.000000 -0.000003 -0.000001
1.000000 -0.000003 -0.000001
1.000000 -0.000007 -0.000002
1.000000 -0.000008 -0.000001
1.000000 0.000007 -0.000001
1.000000 0.000021 -0.000001
1.000000 0.000021 -0.000001
1.000000 0.000021 -0.000001
1.000000 0.000007 -0.000001
1.000000 0.000007 -0.000001
1.000000 0.000002 -0.000001
1.000000 0.000002 -0.000000
1.000000 0.000004 -0.000000
1.000000 0.000002 -0.000000
1.000000 0.000002 -0.000001
1.000000 -0.000001 -0.000000
1.000000 0.000004 0.000001
1.000000 0.000002 -0.000001
1.000000 0.000004 -0.000000
1.000000 0.000004 -0.000000
0.999769 0.020904 0.004964
1.000000 0.000004 0.000001
1.000000 0.000001 0.000003
1.000000 0.000002 0.000004
0.999769 0.020904 0.004964
1.000000 0.000002 0.000004
1.000000 0.000001 0.000003
1.000000 -0.000004 0.000005
1.000000 0.000021 -0.000001
1.000000 0.000023 0.000002
1.000000 0.000021 -0.000001
1.000000 0.000023 0.000002
1.000000 0.000021 -0.000001
1.000000 0.000023 0.000001
1.000000 0.000023 0.000001
1.000000 0.000001 0.000003
1.000000 0.000023 0.000002
1.000000 0.000001 0.000003
1.000000 0.000005 0.000011
1.000000 0.000023 0.000002
1.000000 -0.000004 0.000003
1.000000 -0.000009 0.000002
1.000000 -0.000003 0.000011
0.999769 0.020904 0.004964
1.000000 0.000002 0.000004
1.000000 0.000004 0.000001
1.000000 0.000001 0.000003
1.000000 0.000023 0.000001
1.000000 -0.000004 0.000005
1.000000 0.000000 0.000000
1.000000 0.000000 0.000000
1.000000 0.000000 0.000000
1.000000 0.000000 0.000000
1.000000 0.000000 0.000000
1.000000 0.000000 0.000000
1.000000 0.000000 0.000000
1.000000 0.000000 0.000000
1.000000 0.000000 0.000000
1.000000 0.000000 0.000000
1.000000 0.000000 0.000000
1.000000 0.000000 0.000000
0.000001 1.000000 -0.000000
0.000000 1.000000 -0.000000
0.000000 1.000000 0.000000
0.000000 1.000000 -0.000000
0.000001 1.000000 -0.000000
0.000001 1.000000 -0.000000
0.000002 0.961972 0.273149
0.000001 1.000000 -0.000000
0.000002 0.961972 0.273149
0.000001 1.000000 -0.000000
0.000002 0.961972 0.273149
0.000001 1.000000 -0.000000
0.000001 0.487071 0.873362
0.000002 0.961972 0.273149
0.000001 0.487071 0.873362
0.000002 0.961972 0.273149
0.000001 0.487071 0.873362
0.000002 0.961972 0.273149
0.000001 0.487071 0.873362
-0.000003 -0.487071 0.873362
-0.000003 -0.487075 0.873360
-0.000003 -0.487071 0.873362
0.000001 0.487071 0.873362
0.000001 0.487071 0.873362
-0.000004 -0.961972 0.273147
-0.000003 -0.487075 0.873360
-0.000003 -0.487071 0.873362
-0.000003 -0.487071 0.873362
-0.000004 -0.961972 0.273148
-0.000004 -0.961972 0.273147
-0.000001 -1.000000 0.000000
-0.000004 -0.961972 0.273147
-0.000004 -0.961972 0.273148
-0.000004 -0.961972 0.273148
-0.000001 -1.000000 0.000000
-0.000001 -1.000000 0.000000
0.000000 -1.000000 -0.000000
-0.000001 -1.000000 0.000000
-0.000001 -1.000000 0.000000
-0.000001 -1.000000 0.000000
0.000000 -1.000000 -0.000000
0.000000 -1.000000 -0.000000
-0.000004 -1.000000 0.000000
-0.000005 -1.000000 -0.000000
-0.000005 -1.000000 -0.000000
-0.000005 -1.000000 -0.000000
-0.000004 -1.000000 0.000000
-0.000004 -1.000000 0.000000
0.000002 0.999810 0.019509
0.000002 1.000000 -0.000000
0.000002 1.000000 -0.000000
0.000002 1.000000 -0.000000
0.000002 0.999810 0.019509
0.000002 0.999810 0.019509
0.000002 0.946032 0.324074
0.000002 0.999810 0.019509
0.000002 0.946032 0.324073
0.000002 0.999810 0.019509
0.000002 0.946032 0.324074
0.000002 0.999810 0.019509
0.000001 0.457228 0.889349
0.000002 0.946032 0.324073
0.000001 0.457228 0.889349
0.000002 0.946032 0.324073
0.000001 0.457228 0.889349
0.000002 0.946032 0.324074
0.000001 0.457228 0.889349
-0.000002 -0.469222 0.883080
-0.000002 -0.469224 0.883079
-0.000002 -0.469222 0.883080
0.000001 0.457228 0.889349
0.000001 0.457228 0.889349
-0.000005 -0.956222 0.292641
-0.000002 -0.469224 0.883079
-0.000002 -0.469222 0.883080
-0.000002 -0.469222 0.883080
-0.000005 -0.956222 0.292641
-0.000005 -0.956222 0.292641
-0.000005 -1.000000 -0.000000
-0.000005 -0.956222 0.292641
-0.000005 -0.956222 0.292641
-0.000005 -0.956222 0.292641
-0.000005 -1.000000 -0.000000
-0.000005 -1.000000 -0.000000
-0.998599 -0.028516 0.044576
-0.963284 -0.144692 0.226160
-0.976314 -0.116600 0.182251
1.000000 0.000003 -0.000000
1.000000 0.000003 -0.000000
1.000000 0.000003 -0.000000
-0.991458 -0.130424 -0.000001
-1.000000 0.000000 0.000000
-1.000000 -0.000002 -0.000002
0.990628 -0.136590 -0.000000
0.963054 -0.269308 0.000001
1.000000 0.000000 0.000000
-0.372321 0.324839 0.869400
-0.339401 0.529346 0.777560
-0.732186 0.463178 0.499370
-0.732186 0.463178 0.499370
-0.772269 0.260296 0.579522
-0.372321 0.324839 0.869400
-0.407804 0.913069 0.000001
-0.412288 0.898857 0.148576
-0.109486 0.982224 0.152479
-0.109486 0.982224 0.152479
-0.106849 0.994275 0.000001
-0.407804 0.913069 0.000001
-0.412288 0.898857 0.148576
-0.838772 0.470754 0.273591
-0.401193 0.841094 0.362774
-0.838772 0.470754 0.273591
-0.412288 0.898857 0.148576
-0.858868 0.498932 0.115810
-0.339401 0.529346 0.777560
-0.072142 0.595445 0.800151
-0.342389 0.789318 0.509654
-0.072142 0.595445 0.800151
-0.081868 0.828025 0.554682
-0.342389 0.789318 0.509654
0.342412 0.933294 0.108243
0.171005 0.979181 0.109369
0.353196 0.917424 0.183265
0.174498 0.963496 0.203042
0.353196 0.917424 0.183265
0.171005 0.979181 0.109369
0.842955 0.531789 0.081404
0.614182 0.782250 0.104239
0.848673 0.518303 0.105430
0.848673 0.518303 0.105430
0.614182 0.782250 0.104239
0.627711 0.762197 0.158223
0.171005 0.979181 0.109369
0.065272 0.989058 0.132302
0.174498 0.963496 0.203042
0.057073 0.974219 0.218265
0.174498 0.963496 0.203042
0.065272 0.989058 0.132302
0.081441 0.836525 0.541842
0.269676 0.827777 0.491996
0.107899 0.947804 0.300044
0.269676 0.827777 0.491996
0.339852 0.900940 0.269827
0.107899 0.947804 0.300044
0.505788 0.819189 0.270384
0.339852 0.900940 0.269827
0.410203 0.776280 0.478667
0.269676 0.827777 0.491996
0.410203 0.776280 0.478667
0.339852 0.900940 0.269827
0.614182 0.782250 0.104239
0.342412 0.933294 0.108243
0.627711 0.762197 0.158223
0.353196 0.917424 0.183265
0.627711 0.762197 0.158223
0.342412 0.933294 0.108243
0.931705 0.305069 0.197128
0.917041 0.391121 0.077843
0.848673 0.518303 0.105430
0.848673 0.518303 0.105430
0.863501 0.417605 0.282792
0.931705 0.305069 0.197128
0.985095 0.146801 0.089651
0.985822 0.163701 0.036838
0.985552 0.166650 0.030239
0.985095 0.146801 0.089651
0.985552 0.166650 0.030239
0.985197 0.147873 0.086722
0.021761 0.832157 0.554113
0.019430 0.920494 0.390274
0.017719 0.829851 0.557704
0.019430 0.920494 0.390274
0.021761 0.832157 0.554113
0.029976 0.922934 0.383788
-0.732186 0.463178 0.499370
-0.339401 0.529346 0.777560
-0.342389 0.789318 0.509654
0.018914 0.595935 0.802810
0.021761 0.832157 0.554113
0.012503 0.588493 0.808406
0.021761 0.832157 0.554113
0.018914 0.595935 0.802810
0.029737 0.839608 0.542379
-0.342389 0.789318 0.509654
-0.105590 0.919091 0.379636
-0.401193 0.841094 0.362774
-0.105590 0.919091 0.379636
-0.342389 0.789318 0.509654
-0.081868 0.828025 0.554682
0.999559 0.026482 -0.013401
1.000000 0.000000 0.000000
0.999769 0.020904 0.004964
0.999769 0.020904 0.004964
0.999718 0.014304 0.018952
0.997013 0.075854 0.014508
0.000000 -1.000000 0.000001
0.000000 -1.000000 0.000001
0.000000 -1.000000 0.000001
0.000000 -1.000000 0.000001
0.000000 -1.000000 0.000001
0.000000 -1.000000 0.000001
0.021426 0.326374 0.944998
-0.001421 0.310811 0.950471
0.021165 0.466958 0.884026
-0.004559 0.396895 0.917853
0.021165 0.466958 0.884026
-0.001421 0.310811 0.950471
0.000889 0.087771 0.996140
-0.000009 -0.046917 0.998899
-0.000008 -0.046928 0.998898
-0.000009 -0.046917 0.998899
0.000889 0.087771 0.996140
0.009610 0.067949 0.997642
0.003109 0.585165 0.810909
-0.081868 0.828025 0.554682
-0.072142 0.595445 0.800151
-0.081868 0.828025 0.554682
0.003109 0.585165 0.810909
0.008400 0.826351 0.563092
0.002733 0.999996 0.000001
0.005857 0.986733 0.162248
0.017002 0.985386 0.169487
0.017002 0.985386 0.169487
0.014017 0.999902 0.000001
0.002733 0.999996 0.000001
-0.000000 -0.889482 0.456970
-0.000000 -0.889482 0.456970
-0.000000 -0.889482 0.456970
-0.000000 -0.889482 0.456970
-0.000000 -0.889482 0.456970
-0.000000 -0.889482 0.456970
-0.000001 -1.000000 0.000001
-0.000001 -1.000000 0.000001
-0.000001 -1.000000 0.000001
-0.000001 -1.000000 0.000001
-0.000001 -1.000000 0.000001
-0.000001 -1.000000 0.000001
0.003109 0.585165 0.810909
0.000207 0.357380 0.933959
0.008584 0.587439 0.809223
0.000207 0.357380 0.933959
0.003109 0.585165 0.810909
-0.001687 0.351196 0.936301
-0.000001 -1.000000 -0.000001
-0.000001 -1.000000 -0.000001
-0.000001 -1.000000 -0.000001
-0.000001 -1.000000 -0.000001
-0.000001 -1.000000 -0.000001
-0.000001 -1.000000 -0.000001
0.009062 0.920538 0.390547
-0.109486 0.982224 0.152479
-0.105590 0.919091 0.379636
-0.109486 0.982224 0.152479
0.009062 0.920538 0.390547
0.005857 0.986733 0.162248
-0.001421 0.310811 0.950471
0.000865 0.092323 0.995729
-0.001143 0.300789 0.953690
0.000865 0.092323 0.995729
-0.001421 0.310811 0.950471
0.000889 0.087771 0.996140
0.008400 0.826351 0.563092
-0.105590 0.919091 0.379636
-0.081868 0.828025 0.554682
-0.105590 0.919091 0.379636
0.008400 0.826351 0.563092
0.009062 0.920538 0.390547
0.000001 -0.889482 0.456970
0.000001 -0.889482 0.456970
0.000001 -0.889482 0.456970
0.000001 -0.889482 0.456970
0.000001 -0.889482 0.456970
0.000001 -0.889482 0.456970
0.030183 0.603226 0.796999
0.018914 0.595935 0.802810
0.011594 0.361743 0.932206
0.030183 0.603226 0.796999
0.011594 0.361743 0.932206
0.016756 0.367535 0.929859
0.058060 0.987591 0.145924
0.083507 0.989707 0.116220
0.062713 0.998032 0.000001
0.083507 0.989707 0.116220
0.087080 0.996201 0.000001
0.062713 0.998032 0.000001
0.000001 -1.000000 0.000001
0.000001 -1.000000 0.000001
0.000001 -1.000000 0.000001
0.000001 -1.000000 0.000001
0.000001 -1.000000 0.000001
0.000001 -1.000000 0.000001
0.000001 -1.000000 -0.000002
0.000001 -1.000000 -0.000002
0.000001 -1.000000 -0.000002
0.000001 -1.000000 -0.000002
0.000001 -1.000000 -0.000002
0.000001 -1.000000 -0.000002
-0.000001 -1.000000 0.000001
-0.000001 -1.000000 0.000001
-0.000001 -1.000000 0.000001
-0.000001 -1.000000 0.000001
-0.000001 -1.000000 0.000001
-0.000001 -1.000000 0.000001
0.000747 0.367126 0.930171
0.003881 0.304298 0.952569
0.005094 0.370346 0.928880
0.003881 0.304298 0.952569
0.000747 0.367126 0.930171
0.001538 0.300495 0.953782
0.001292 0.095805 0.995399
-0.000052 -0.046944 0.998897
-0.000086 -0.046980 0.998896
-0.000052 -0.046944 0.998897
0.001292 0.095805 0.995399
0.001190 0.093634 0.995606
0.021761 0.832157 0.554113
0.043889 0.932656 0.358087
0.029976 0.922934 0.383788
0.043889 0.932656 0.358087
0.021761 0.832157 0.554113
0.029737 0.839608 0.542379
0.029976 0.922934 0.383788
0.058060 0.987591 0.145924
0.036211 0.985444 0.166099
0.058060 0.987591 0.145924
0.029976 0.922934 0.383788
0.043889 0.932656 0.358087
0.003881 0.304298 0.952569
0.001257 0.099458 0.995041
0.003750 0.310625 0.950525
0.001257 0.099458 0.995041
0.003881 0.304298 0.952569
0.001292 0.095805 0.995399
0.053377 0.845617 0.531114
0.029737 0.839608 0.542379
0.030183 0.603226 0.796999
0.018914 0.595935 0.802810
0.030183 0.603226 0.796999
0.029737 0.839608 0.542379
-0.000000 -1.000000 0.000001
-0.000000 -1.000000 0.000001
-0.000000 -1.000000 0.000001
-0.000000 -1.000000 0.000001
-0.000000 -1.000000 0.000001
-0.000000 -1.000000 0.000001
0.005269 0.384976 0.922912
0.004915 0.376036 0.926592
0.004030 0.320168 0.947352
0.004915 0.376036 0.926592
0.003750 0.310625 0.950525
0.004030 0.320168 0.947352
0.001356 0.104564 0.994517
-0.000084 -0.047038 0.998893
-0.000089 -0.047129 0.998889
-0.000084 -0.047038 0.998893
0.001356 0.104564 0.994517
0.001257 0.099458 0.995041
-0.000000 -0.889482 0.456970
-0.000000 -0.889482 0.456970
-0.000000 -0.889482 0.456970
-0.000000 -0.889482 0.456970
-0.000000 -0.889482 0.456970
-0.000000 -0.889482 0.456970
0.014153 0.372713 0.927839
0.037532 0.414251 0.909389
0.046945 0.604294 0.795377
-0.000000 -1.000000 0.000001
-0.000000 -1.000000 0.000001
-0.000000 -1.000000 0.000001
-0.000000 -1.000000 0.000001
-0.000000 -1.000000 0.000001
-0.000000 -1.000000 0.000001
-0.000000 -1.000000 -0.000002
-0.000000 -1.000000 -0.000002
-0.000000 -1.000000 -0.000002
-0.000000 -1.000000 -0.000002
-0.000000 -1.000000 -0.000002
-0.000000 -1.000000 -0.000002
0.004030 0.320168 0.947352
-0.015695 0.098183 0.995045
-0.034382 0.333974 0.941955
-0.015695 0.098183 0.995045
0.004030 0.320168 0.947352
0.001356 0.104564 0.994517
0.053377 0.845617 0.531114
0.043889 0.932656 0.358087
0.029737 0.839608 0.542379
0.043889 0.932656 0.358087
0.053377 0.845617 0.531114
0.071054 0.943611 0.323342
0.071054 0.943611 0.323342
0.058060 0.987591 0.145924
0.043889 0.932656 0.358087
0.058060 0.987591 0.145924
0.071054 0.943611 0.323342
0.083507 0.989707 0.116220
-0.000000 -0.889482 0.456970
-0.000000 -0.889482 0.456970
-0.000000 -0.889482 0.456969
-0.000000 -0.889482 0.456970
-0.000000 -0.889482 0.456970
-0.000000 -0.889482 0.456970
0.030183 0.603226 0.796999
0.016756 0.367535 0.929859
0.046945 0.604294 0.795377
0.046945 0.604294 0.795377
0.016756 0.367535 0.929859
0.014153 0.372713 0.927839
0.087080 0.996201 0.000001
0.083507 0.989707 0.116220
0.129174 0.986414 0.101493
0.129174 0.986414 0.101493
0.132427 0.991193 0.000001
0.087080 0.996201 0.000001
0.000000 -1.000000 0.000001
0.000000 -1.000000 0.000001
0.000000 -1.000000 0.000001
0.000000 -1.000000 0.000001
0.000000 -1.000000 0.000001
0.000000 -1.000000 0.000001
0.000000 -1.000000 -0.000002
0.000000 -1.000000 -0.000002
0.000000 -1.000000 -0.000002
0.000000 -1.000000 -0.000002
0.000000 -1.000000 -0.000002
0.000000 -1.000000 -0.000002
0.003750 0.310625 0.950525
0.001356 0.104564 0.994517
0.004030 0.320168 0.947352
0.001356 0.104564 0.994517
0.003750 0.310625 0.950525
0.001257 0.099458 0.995041
0.081441 0.836525 0.541842
0.053377 0.845617 0.531114
0.046945 0.604294 0.795377
0.030183 0.603226 0.796999
0.046945 0.604294 0.795377
0.053377 0.845617 0.531114
0.000001 -1.000000 0.000001
0.000001 -1.000000 0.000001
0.000001 -1.000000 0.000001
0.000001 -1.000000 0.000001
0.000001 -1.000000 0.000001
0.000001 -1.000000 0.000001
0.003881 0.304298 0.952569
0.003750 0.310625 0.950525
0.005094 0.370346 0.928880
0.004915 0.376036 0.926592
0.005094 0.370346 0.928880
0.003750 0.310625 0.950525
0.001257 0.099458 0.995041
-0.000086 -0.046980 0.998896
-0.000084 -0.047038 0.998893
-0.000086 -0.046980 0.998896
0.001257 0.099458 0.995041
0.001292 0.095805 0.995399
-0.732186 0.463178 0.499370
-0.972302 0.143611 0.184402
-0.944511 0.179252 0.275261
-0.972302 0.143611 0.184402
-0.732186 0.463178 0.499370
-0.838772 0.470754 0.273591
-0.000001 -1.000000 0.000001
-0.000001 -1.000000 0.000001
-0.000001 -1.000000 0.000001
-0.000001 -1.000000 0.000001
-0.000001 -1.000000 0.000001
-0.000001 -1.000000 0.000001
-0.004012 0.370161 0.928959
-0.004559 0.396895 0.917853
-0.001143 0.300789 0.953690
-0.004559 0.396895 0.917853
-0.001421 0.310811 0.950471
-0.001143 0.300789 0.953690
0.000865 0.092323 0.995729
-0.000008 -0.046928 0.998898
-0.000008 -0.046935 0.998898
-0.000008 -0.046928 0.998898
0.000865 0.092323 0.995729
0.000889 0.087771 0.996140
0.008584 0.587439 0.809223
0.008400 0.826351 0.563092
0.003109 0.585165 0.810909
0.008400 0.826351 0.563092
0.008584 0.587439 0.809223
0.017719 0.829851 0.557704
0.019430 0.920494 0.390274
0.005857 0.986733 0.162248
0.009062 0.920538 0.390547
0.005857 0.986733 0.162248
0.019430 0.920494 0.390274
0.017002 0.985386 0.169487
0.017719 0.829851 0.557704
0.009062 0.920538 0.390547
0.008400 0.826351 0.563092
0.009062 0.920538 0.390547
0.017719 0.829851 0.557704
0.019430 0.920494 0.390274
0.014017 0.999902 0.000001
0.017002 0.985386 0.169487
0.036211 0.985444 0.166099
0.036211 0.985444 0.166099
0.037203 0.999308 0.000001
0.014017 0.999902 0.000001
-0.000003 -0.889482 0.456970
-0.000003 -0.889482 0.456970
-0.000003 -0.889482 0.456970
-0.000003 -0.889482 0.456970
-0.000003 -0.889482 0.456970
-0.000003 -0.889482 0.456970
-0.000003 -1.000000 0.000001
-0.000003 -1.000000 0.000001
-0.000003 -1.000000 0.000001
-0.000003 -1.000000 0.000001
-0.000003 -1.000000 0.000001
-0.000003 -1.000000 0.000001
0.008584 0.587439 0.809223
0.005585 0.359033 0.933308
0.012503 0.588493 0.808406
0.005585 0.359033 0.933308
0.008584 0.587439 0.809223
0.000207 0.357380 0.933959
0.000000 -1.000000 -0.000001
0.000000 -1.000000 -0.000001
0.000000 -1.000000 -0.000001
0.000000 -1.000000 -0.000001
0.000000 -1.000000 -0.000001
0.000000 -1.000000 -0.000001
-0.001143 0.300789 0.953690
0.001190 0.093634 0.995606
0.001538 0.300495 0.953782
0.001190 0.093634 0.995606
-0.001143 0.300789 0.953690
0.000865 0.092323 0.995729
0.000000 0.240105 0.970747
0.000001 0.295185 0.955440
0.000001 0.295185 0.955440
0.000001 0.295185 0.955440
0.000000 0.240105 0.970747
0.000000 0.240105 0.970747
0.000000 0.063437 0.997986
0.000000 0.063437 0.997986
0.000000 0.240105 0.970747
0.000000 0.240105 0.970747
0.000000 0.240105 0.970747
0.000000 0.063437 0.997986
0.000000 0.063437 0.997986
0.000000 -0.223502 0.974703
0.000000 0.063437 0.997986
0.000000 -0.223502 0.974703
0.000000 0.063437 0.997986
0.000000 -0.223502 0.974703
0.417126 0.908849 0.000000
-0.391746 0.920073 0.000000
-0.417129 0.908847 0.000000
-0.391746 0.920073 0.000000
0.417126 0.908849 0.000000
0.391743 0.920075 0.000000
-0.417129 0.908847 0.000000
-0.927596 0.373584 0.000000
-0.946852 0.321668 0.000000
-0.927596 0.373584 0.000000
-0.417129 0.908847 0.000000
-0.391746 0.920073 0.000000
-0.391742 -0.920075 0.000001
0.411065 -0.911606 0.000001
-0.411066 -0.911606 0.000001
0.411065 -0.911606 0.000001
-0.391742 -0.920075 0.000001
0.391742 -0.920075 0.000001
0.411065 -0.911606 0.000001
0.927595 -0.373588 0.000000
0.924931 -0.380136 0.000000
0.927595 -0.373588 0.000000
0.411065 -0.911606 0.000001
0.391742 -0.920075 0.000001
-0.946852 0.321668 0.000000
-0.927595 -0.373588 0.000000
-0.924931 -0.380135 0.000000
-0.927595 -0.373588 0.000000
-0.946852 0.321668 0.000000
-0.927596 0.373584 0.000000
-0.924931 -0.380135 0.000000
-0.927595 -0.373588 0.000000
-0.411066 -0.911606 0.000001
-0.411066 -0.911606 0.000001
-0.927595 -0.373588 0.000000
-0.391742 -0.920075 0.000001
0.946852 0.321670 0.000000
0.924931 -0.380136 0.000000
0.927595 -0.373588 0.000000
0.946852 0.321670 0.000000
0.927595 -0.373588 0.000000
0.927595 0.373586 0.000000
0.946852 0.321670 0.000000
0.927595 0.373586 0.000000
0.417126 0.908849 0.000000
0.417126 0.908849 0.000000
0.927595 0.373586 0.000000
0.391743 0.920075 0.000000
-0.408162 0.411709 0.814801
0.408163 0.411708 0.814800
-0.533429 0.381464 0.754943
0.533432 0.381462 0.754942
-0.533429 0.381464 0.754943
0.408163 0.411708 0.814800
-0.533429 0.381464 0.754943
-0.842140 0.243199 0.481305
-0.408162 0.411709 0.814801
-0.842140 0.243199 0.481305
-0.533429 0.381464 0.754943
-0.842140 0.243199 0.481305
0.842142 0.243196 0.481302
0.533432 0.381462 0.754942
0.842142 0.243196 0.481302
0.533432 0.381462 0.754942
0.408163 0.411708 0.814800
0.842142 0.243196 0.481302
-0.000000 -1.000000 -0.000000
-0.000000 -1.000000 -0.000000
-0.000000 -1.000000 -0.000000
-0.000000 -1.000000 -0.000000
-0.000000 -1.000000 -0.000000
-0.000000 -1.000000 -0.000000
-0.000001 1.000000 0.000005
-0.000001 1.000000 0.000005
-0.000001 1.000000 0.000005
-0.000001 1.000000 0.000005
-0.000001 1.000000 0.000005
-0.000001 1.000000 0.000005
-0.000001 1.000000 0.000002
-0.000001 1.000000 0.000002
-0.000001 1.000000 0.000002
-0.000001 1.000000 0.000002
-0.000001 1.000000 0.000002
-0.000001 1.000000 0.000002
0.000001 -1.000000 -0.000002
0.000001 -1.000000 -0.000002
0.000001 -1.000000 -0.000002
0.000001 -1.000000 -0.000002
0.000001 -1.000000 -0.000002
0.000001 -1.000000 -0.000002
-0.000000 -1.000000 -0.000003
-0.000000 -1.000000 -0.000003
-0.000000 -1.000000 -0.000003
-0.000000 -1.000000 -0.000003
-0.000000 -1.000000 -0.000003
-0.000000 -1.000000 -0.000003
0.000000 1.000000 0.000003
0.000000 1.000000 0.000003
0.000000 1.000000 0.000003
0.000000 1.000000 0.000003
0.000000 1.000000 0.000003
0.000000 1.000000 0.000003
-0.558400 -0.374126 -0.740418
-0.558400 -0.374126 -0.740418
-0.558400 -0.374126 -0.740418
-0.558400 -0.374126 -0.740418
-0.558400 -0.374126 -0.740418
-0.558400 -0.374126 -0.740418
0.480120 -0.395604 -0.782932
0.782387 -0.280869 -0.555862
0.782387 -0.280869 -0.555862
0.782387 -0.280869 -0.555862
0.480120 -0.395604 -0.782932
0.374351 -0.418191 -0.827634
-0.374354 -0.418191 -0.827632
0.480120 -0.395604 -0.782932
-0.480127 -0.395602 -0.782929
0.480120 -0.395604 -0.782932
-0.374354 -0.418191 -0.827632
0.374351 -0.418191 -0.827634
-0.782395 -0.280865 -0.555854
-0.782395 -0.280865 -0.555854
-0.480127 -0.395602 -0.782929
-0.374354 -0.418191 -0.827632
-0.480127 -0.395602 -0.782929
-0.782395 -0.280865 -0.555854
0.558409 -0.374120 -0.740414
0.558409 -0.374120 -0.740414
0.558409 -0.374120 -0.740414
0.558409 -0.374120 -0.740414
0.558409 -0.374120 -0.740414
0.558409 -0.374120 -0.740414
-0.018206 0.069899 0.997388
0.019521 0.341667 0.939618
-0.027214 0.337886 0.940794
0.019521 0.341667 0.939618
-0.018206 0.069899 0.997388
0.002277 0.053143 0.998584
0.174498 0.963496 0.203042
0.057073 0.974219 0.218265
0.183103 0.779069 0.599605
0.044235 0.792516 0.608245
0.183103 0.779069 0.599605
0.057073 0.974219 0.218265
0.077987 0.994817 0.065244
0.033956 0.999423 -0.000000
0.026519 0.996500 0.079280
0.033956 0.999423 -0.000000
0.077987 0.994817 0.065244
0.084219 0.996447 -0.000000
0.065272 0.989058 0.132302
0.026519 0.996500 0.079280
0.012911 0.988230 0.152432
0.026519 0.996500 0.079280
0.065272 0.989058 0.132302
0.077987 0.994817 0.065244
-0.027214 0.337886 0.940794
0.044235 0.792516 0.608245
-0.029775 0.646559 0.762283
0.044235 0.792516 0.608245
-0.027214 0.337886 0.940794
0.019521 0.341667 0.939618
0.057073 0.974219 0.218265
0.012911 0.988230 0.152432
0.003191 0.970549 0.240882
0.012911 0.988230 0.152432
0.057073 0.974219 0.218265
0.065272 0.989058 0.132302
-0.002189 -0.038618 0.999252
0.122051 0.041666 0.991649
0.002277 0.053143 0.998584
-0.178932 -0.917542 -0.355104
0.000001 -0.889482 -0.456970
0.000001 -0.889482 -0.456970
0.000001 -0.889482 -0.456970
-0.178932 -0.917542 -0.355104
-0.198714 -0.918226 -0.342600
0.000000 -1.000000 -0.000000
0.000000 -1.000000 -0.000000
0.000000 -1.000000 -0.000000
0.000000 -1.000000 -0.000000
0.000000 -1.000000 -0.000000
0.000000 -1.000000 -0.000000
1.000000 0.000004 0.000000
1.000000 0.000004 -0.000000
1.000000 0.000002 -0.000000
1.000000 0.000002 -0.000000
1.000000 0.000002 0.000000
1.000000 0.000004 0.000000
-0.579278 -0.814592 -0.029612
-0.603440 -0.797408 0.000000
-0.603440 -0.797408 0.000000
-0.603440 -0.797408 0.000000
-0.542562 -0.836898 -0.072311
-0.579278 -0.814592 -0.029612
0.365722 0.747673 -0.554286
0.183103 0.779069 -0.599604
0.174498 0.963496 -0.203041
0.174498 0.963496 -0.203041
0.353196 0.917424 -0.183265
0.365722 0.747673 -0.554286
0.000000 -1.000000 -0.000000
0.000000 -1.000000 -0.000000
0.000000 -1.000000 -0.000000
0.000000 -1.000000 -0.000000
0.000000 -1.000000 -0.000000
0.000000 -1.000000 -0.000000
0.497309 -0.706724 -0.503214
0.497309 -0.706724 -0.503214
0.497309 -0.706724 -0.503214
0.497309 -0.706724 -0.503214
0.497309 -0.706724 -0.503214
0.497309 -0.706724 -0.503214
0.863502 0.417604 -0.282792
0.621186 0.612569 -0.488761
0.627711 0.762197 -0.158224
0.627711 0.762197 -0.158224
0.848674 0.518302 -0.105430
0.863502 0.417604 -0.282792
0.019522 0.341668 -0.939618
0.153741 0.336277 -0.929129
0.002278 0.053144 -0.998584
0.122052 0.041666 -0.991649
0.002278 0.053144 -0.998584
0.153741 0.336277 -0.929129
1.000000 0.000000 0.000000
1.000000 0.000000 0.000000
1.000000 0.000000 0.000000
1.000000 0.000000 0.000000
1.000000 0.000000 0.000000
1.000000 0.000000 0.000000
-0.936740 0.121048 -0.328430
-0.515516 0.267254 -0.814137
-0.941395 -0.042560 -0.334610
-0.941395 -0.042560 -0.334610
-0.515516 0.267254 -0.814137
-0.485579 0.014809 -0.874067
0.309156 0.304788 -0.900848
0.552677 0.258827 -0.792185
0.254677 0.028412 -0.966609
0.504092 0.011584 -0.863572
0.254677 0.028412 -0.966609
0.552677 0.258827 -0.792185
0.504092 0.011584 -0.863572
0.849466 0.198171 -0.489014
0.838875 0.028323 -0.543586
0.849466 0.198171 -0.489014
0.504092 0.011584 -0.863572
0.552677 0.258827 -0.792185
-0.941395 -0.042560 -0.334610
-0.516151 -0.036751 -0.855709
-0.945265 -0.009620 -0.326163
-0.516151 -0.036751 -0.855709
-0.941395 -0.042560 -0.334610
-0.485579 0.014809 -0.874067
0.504092 0.011584 -0.863572
0.506073 -0.067422 -0.859851
0.260283 -0.066841 -0.963216
0.260283 -0.066841 -0.963216
0.254677 0.028412 -0.966609
0.504092 0.011584 -0.863572
0.838875 0.028323 -0.543586
0.737267 -0.059274 -0.672996
0.506073 -0.067422 -0.859851
0.506073 -0.067422 -0.859851
0.504092 0.011584 -0.863572
0.838875 0.028323 -0.543586
1.000000 0.000009 0.000004
1.000000 0.000009 0.000004
1.000000 0.000009 0.000004
1.000000 0.000009 0.000004
1.000000 0.000009 0.000004
1.000000 0.000009 0.000004
0.003191 0.970549 -0.240881
0.057073 0.974219 -0.218264
0.044235 0.792517 -0.608244
0.003191 0.970549 -0.240881
0.044235 0.792517 -0.608244
-0.029775 0.646561 -0.762281
-0.034382 0.333975 -0.941955
-0.029775 0.646561 -0.762281
-0.027214 0.337887 -0.940793
-0.029775 0.646561 -0.762281
-0.034382 0.333975 -0.941955
-0.025692 0.417392 -0.908364
-0.000807 -0.047193 -0.998885
-0.015696 0.098183 -0.995045
-0.003415 -0.047059 -0.998886
-0.003415 -0.047059 -0.998886
-0.015696 0.098183 -0.995045
-0.018206 0.069899 -0.997388
0.000000 -0.889482 -0.456970
0.000000 -0.889482 -0.456970
0.000000 -0.889482 -0.456970
0.000000 -0.889482 -0.456970
0.000000 -0.889482 -0.456970
0.000000 -0.889482 -0.456970
0.000000 -1.000000 0.000000
0.000000 -1.000000 0.000000
0.000000 -1.000000 0.000000
0.000000 -1.000000 0.000000
0.000000 -1.000000 0.000000
0.000000 -1.000000 0.000000
0.001044 0.563661 -0.826005
0.022417 0.354856 -0.934652
0.000572 0.425711 -0.904859
0.022417 0.354856 -0.934652
0.001044 0.563661 -0.826005
0.027294 0.545724 -0.837520
-0.000003 -1.000000 -0.000001
-0.000003 -1.000000 -0.000001
-0.000003 -1.000000 -0.000001
-0.000003 -1.000000 -0.000001
-0.000003 -1.000000 -0.000001
-0.000003 -1.000000 -0.000001
-0.001147 0.300789 -0.953690
-0.004017 0.370163 -0.928958
0.001534 0.300495 -0.953782
0.001534 0.300495 -0.953782
-0.004017 0.370163 -0.928958
0.000742 0.367128 -0.930170
-0.000008 -0.046935 -0.998898
0.001188 0.093634 -0.995606
-0.000053 -0.046944 -0.998897
0.001188 0.093634 -0.995606
-0.000008 -0.046935 -0.998898
0.000863 0.092322 -0.995729
-0.000001 -0.889483 -0.456969
-0.000001 -0.889483 -0.456969
-0.000001 -0.889483 -0.456969
-0.000001 -0.889483 -0.456969
-0.000001 -0.889483 -0.456969
-0.000001 -0.889483 -0.456969
0.018914 0.595934 -0.802811
0.011595 0.361743 -0.932206
0.005582 0.359033 -0.933308
0.005582 0.359033 -0.933308
0.012501 0.588493 -0.808406
0.018914 0.595934 -0.802811
0.017719 0.829850 -0.557705
0.012501 0.588493 -0.808406
0.008582 0.587439 -0.809223
0.012501 0.588493 -0.808406
0.017719 0.829850 -0.557705
0.021760 0.832156 -0.554115
0.081441 0.836524 -0.541843
0.269676 0.827777 -0.491997
0.118909 0.630639 -0.766913
0.118909 0.630639 -0.766913
0.046945 0.604293 -0.795378
0.081441 0.836524 -0.541843
0.058061 0.987591 -0.145923
0.037203 0.999308 0.000001
0.062713 0.998032 0.000001
0.037203 0.999308 0.000001
0.058061 0.987591 -0.145923
0.036211 0.985444 -0.166099
-0.407804 0.913069 0.000001
-0.858868 0.498932 -0.115810
-0.862505 0.506048 0.000000
-0.858868 0.498932 -0.115810
-0.407804 0.913069 0.000001
-0.412289 0.898857 -0.148576
-0.000000 -1.000000 -0.000001
-0.000000 -1.000000 -0.000001
-0.000000 -1.000000 -0.000001
-0.000000 -1.000000 -0.000001
-0.000000 -1.000000 -0.000001
-0.000000 -1.000000 -0.000001
0.999718 0.014304 -0.018952
1.000000 0.000004 0.000000
1.000000 0.000002 0.000000
1.000000 0.000002 0.000000
0.999769 0.020903 -0.004964
0.999718 0.014304 -0.018952
-0.416407 -0.889857 -0.186440
-0.465465 -0.872979 -0.145771
-0.542562 -0.836898 -0.072311
-0.542562 -0.836898 -0.072311
-0.465465 -0.872979 -0.145771
-0.579278 -0.814592 -0.029612
-0.000000 -1.000000 0.000000
-0.000000 -1.000000 0.000000
-0.000000 -1.000000 0.000000
-0.000000 -1.000000 0.000000
-0.000000 -1.000000 0.000000
-0.000000 -1.000000 0.000000
0.588817 0.808267 -0.000000
0.595973 0.801533 -0.048604
0.330154 0.943927 0.000000
0.330154 0.943927 0.000000
0.595973 0.801533 -0.048604
0.333216 0.941669 -0.047186
0.000000 -1.000000 0.000000
0.000000 -1.000000 0.000000
0.000000 -1.000000 0.000000
0.000000 -1.000000 0.000000
0.000000 -1.000000 0.000000
0.000000 -1.000000 0.000000
0.828511 0.559973 -0.000000
0.829724 0.556479 -0.043469
0.588817 0.808267 -0.000000
0.588817 0.808267 -0.000000
0.829724 0.556479 -0.043469
0.595973 0.801533 -0.048604
1.000000 0.000000 0.000001
1.000000 0.000000 0.000001
1.000000 0.000000 0.000001
1.000000 0.000000 0.000001
1.000000 0.000000 0.000001
1.000000 0.000000 0.000001
-0.978271 0.207330 0.000000
-0.971341 0.226864 -0.070919
-0.999528 0.030722 0.000000
-0.999528 0.030722 0.000000
-0.971341 0.226864 -0.070919
-0.995014 0.049861 -0.086383
-0.997289 -0.073589 0.000000
-0.996451 -0.001043 -0.084169
-1.000000 -0.000000 0.000000
-0.996451 -0.001043 -0.084169
-0.997289 -0.073589 0.000000
-0.994012 -0.066777 -0.086496
1.000000 0.000004 0.000001
1.000000 0.000004 0.000001
1.000000 0.000004 0.000001
1.000000 0.000004 0.000001
1.000000 0.000004 0.000001
1.000000 0.000004 0.000001
0.084219 0.996447 -0.000000
0.171940 0.983832 -0.050103
0.077987 0.994817 -0.065244
0.171940 0.983832 -0.050103
0.084219 0.996447 -0.000000
0.172828 0.984952 0.000000
-0.000000 -1.000000 -0.000000
-0.000000 -1.000000 -0.000000
-0.000000 -1.000000 -0.000000
-0.000000 -1.000000 -0.000000
-0.000000 -1.000000 -0.000000
-0.000000 -1.000000 -0.000000
0.000001 -1.000000 0.000000
0.000001 -1.000000 0.000000
0.000001 -1.000000 0.000000
0.000001 -1.000000 0.000000
0.000001 -1.000000 0.000000
0.000001 -1.000000 0.000000
-0.000000 -1.000000 -0.000000
-0.000000 -1.000000 -0.000000
-0.000000 -1.000000 -0.000000
-0.000000 -1.000000 -0.000000
-0.000000 -1.000000 -0.000000
-0.000000 -1.000000 -0.000000
-0.862505 0.506048 0.000000
-0.858868 0.498932 -0.115810
-0.993538 0.113499 0.000000
-0.993538 0.113499 0.000000
-0.858868 0.498932 -0.115810
-0.990306 0.119586 -0.070665
0.373524 0.927621 0.000000
0.549058 0.827696 -0.115997
0.368633 0.923037 -0.110057
0.549058 0.827696 -0.115997
0.373524 0.927621 0.000000
0.563007 0.826452 0.000000
0.269676 0.827777 -0.491997
0.410204 0.776280 -0.478667
0.267825 0.665744 -0.696459
0.267825 0.665744 -0.696459
0.118909 0.630639 -0.766913
0.269676 0.827777 -0.491997
-0.412289 0.898857 -0.148576
-0.109486 0.982224 -0.152478
-0.105591 0.919090 -0.379638
-0.412289 0.898857 -0.148576
-0.105591 0.919090 -0.379638
-0.401193 0.841093 -0.362777
0.005857 0.986733 -0.162247
-0.106849 0.994275 0.000001
0.002733 0.999996 0.000001
-0.106849 0.994275 0.000001
0.005857 0.986733 -0.162247
-0.109486 0.982224 -0.152478
0.000000 -0.889482 -0.456970
0.000000 -0.889482 -0.456970
0.000000 -0.889482 -0.456970
0.000000 -0.889482 -0.456970
0.000000 -0.889482 -0.456970
0.000000 -0.889482 -0.456970
0.000000 -1.000000 0.000000
0.000000 -1.000000 0.000000
0.000000 -1.000000 0.000000
0.000000 -1.000000 0.000000
0.000000 -1.000000 0.000000
0.000000 -1.000000 0.000000
0.021426 0.326374 -0.944998
0.027294 0.545724 -0.837520
0.021165 0.466958 -0.884026
0.027294 0.545724 -0.837520
0.021426 0.326374 -0.944998
0.022417 0.354856 -0.934652
-0.000039 -0.046871 -0.998901
0.009611 0.067948 -0.997643
-0.000008 -0.046917 -0.998899
0.009611 0.067948 -0.997643
-0.000039 -0.046871 -0.998901
0.008678 0.044553 -0.998969
0.000000 -1.000000 -0.000000
0.000000 -1.000000 -0.000000
0.000000 -1.000000 -0.000000
0.000000 -1.000000 -0.000000
0.000000 -1.000000 -0.000000
0.000000 -1.000000 -0.000000
-0.001687 0.351195 -0.936301
-0.079873 0.341263 -0.936568
-0.072143 0.595445 -0.800150
-0.001687 0.351195 -0.936301
-0.072143 0.595445 -0.800150
0.003109 0.585165 -0.810908
-0.516151 -0.036751 -0.855709
-0.003164 0.045193 -0.998973
-0.000059 -0.046496 -0.998918
-0.003164 0.045193 -0.998973
-0.516151 -0.036751 -0.855709
-0.485579 0.014809 -0.874067
0.000000 1.000000 0.000000
0.000000 1.000000 0.000000
0.000000 1.000000 0.000000
0.000000 1.000000 0.000000
0.000000 1.000000 0.000000
0.000000 1.000000 0.000000
0.000001 1.000000 -0.000001
0.000001 1.000000 -0.000001
0.000001 1.000000 -0.000001
0.000001 1.000000 -0.000001
0.000001 1.000000 -0.000001
0.000001 1.000000 -0.000001
-0.000000 1.000000 0.000000
-0.000000 1.000000 0.000000
-0.000000 1.000000 0.000000
-0.000000 1.000000 0.000000
-0.000000 1.000000 0.000000
-0.000000 1.000000 0.000000
-0.000000 1.000000 0.000000
-0.000000 1.000000 0.000000
-0.000000 1.000000 0.000000
-0.000000 1.000000 0.000000
-0.000000 1.000000 0.000000
-0.000000 1.000000 0.000000
0.000001 1.000000 0.000000
0.000001 1.000000 0.000000
0.000001 1.000000 0.000000
0.000001 1.000000 0.000000
0.000001 1.000000 0.000000
0.000001 1.000000 0.000000
1.000000 -0.000000 -0.000000
0.994534 -0.000000 0.104417
1.000000 -0.000000 -0.000000
1.000000 -0.000000 -0.000000
0.994534 -0.000000 0.104417
0.993630 -0.000000 0.112690
0.904481 0.000000 0.426514
0.993630 -0.000000 0.112690
0.994534 -0.000000 0.104417
0.993630 -0.000000 0.112690
0.904481 0.000000 0.426514
0.880941 0.000000 0.473226
0.392279 0.000000 0.919846
-0.003614 0.000000 0.999994
-0.003614 0.000000 0.999993
-0.003614 0.000000 0.999994
0.392279 0.000000 0.919846
0.432576 0.000000 0.901597
-1.000000 0.000000 0.000000
-1.000000 0.000000 0.000000
-1.000000 0.000000 0.000000
-1.000000 0.000000 0.000000
-1.000000 0.000000 0.000000
-1.000000 0.000000 0.000000
-1.000000 0.000000 0.000000
-1.000000 0.000000 0.000000
-1.000000 0.000000 0.000000
-1.000000 0.000000 0.000000
-1.000000 0.000000 0.000000
-1.000000 0.000000 0.000000
-0.000000 1.000000 -0.000000
0.000000 1.000000 -0.000000
-0.000000 1.000000 -0.000000
0.000000 1.000000 -0.000000
-0.000000 1.000000 -0.000000
0.000000 1.000000 -0.000000
0.041063 0.959002 0.280407
0.020235 0.936507 0.350064
0.038396 0.816109 0.576621
0.038396 0.816109 0.576621
0.020235 0.936507 0.350064
0.018610 0.788821 0.614341
0.333216 0.941669 -0.047186
0.595973 0.801533 -0.048604
0.614183 0.782249 -0.104239
0.333216 0.941669 -0.047186
0.614183 0.782249 -0.104239
0.342412 0.933294 -0.108243
0.595973 0.801533 -0.048604
0.842956 0.531788 -0.081405
0.614183 0.782249 -0.104239
0.842956 0.531788 -0.081405
0.595973 0.801533 -0.048604
0.829724 0.556479 -0.043469
1.000000 0.000000 0.000000
1.000000 0.000000 0.000000
1.000000 0.000000 0.000000
1.000000 0.000000 0.000000
1.000000 0.000000 0.000000
1.000000 0.000000 0.000000
-0.971341 0.226864 -0.070919
-0.909095 0.303358 -0.285518
-0.995014 0.049861 -0.086383
-0.995014 0.049861 -0.086383
-0.909095 0.303358 -0.285518
-0.936740 0.121048 -0.328430
-0.994012 -0.066777 -0.086496
-0.945265 -0.009620 -0.326163
-0.996451 -0.001043 -0.084169
-0.945265 -0.009620 -0.326163
-0.994012 -0.066777 -0.086496
-0.941395 -0.042560 -0.334610
1.000000 0.000006 0.000000
1.000000 0.000006 0.000000
1.000000 0.000006 0.000000
1.000000 0.000006 0.000000
1.000000 0.000006 0.000000
1.000000 0.000006 0.000000
0.077987 0.994817 -0.065244
0.171005 0.979181 -0.109369
0.065272 0.989058 -0.132302
0.171005 0.979181 -0.109369
0.077987 0.994817 -0.065244
0.171940 0.983832 -0.050103
-0.000001 -1.000000 -0.000001
-0.000001 -1.000000 -0.000001
-0.000001 -1.000000 -0.000001
-0.000001 -1.000000 -0.000001
-0.000001 -1.000000 -0.000001
-0.000001 -1.000000 -0.000001
0.000001 -1.000000 -0.000000
0.000001 -1.000000 -0.000000
0.000001 -1.000000 -0.000000
0.000001 -1.000000 -0.000000
0.000001 -1.000000 -0.000000
0.000001 -1.000000 -0.000000
0.000000 -1.000000 -0.000000
0.000000 -1.000000 -0.000000
0.000000 -1.000000 -0.000000
0.000000 -1.000000 -0.000000
0.000000 -1.000000 -0.000000
0.000000 -1.000000 -0.000000
0.017001 0.985386 -0.169487
0.029976 0.922934 -0.383790
0.019430 0.920493 -0.390275
0.029976 0.922934 -0.383790
0.017001 0.985386 -0.169487
0.036211 0.985444 -0.166099
0.368633 0.923037 -0.110057
0.339853 0.900940 -0.269827
0.129175 0.986414 -0.101492
0.339853 0.900940 -0.269827
0.107899 0.947803 -0.300045
0.129175 0.986414 -0.101492
-0.000000 -1.000000 -0.000000
-0.000000 -1.000000 -0.000000
-0.000000 -1.000000 -0.000000
-0.000000 -1.000000 -0.000000
-0.000000 -1.000000 -0.000000
-0.000000 -1.000000 -0.000000
0.997013 0.075854 -0.014508
0.999769 0.020903 -0.004964
0.999559 0.026482 0.013401
-0.198714 -0.918226 -0.342600
-0.178932 -0.917542 -0.355104
-0.416407 -0.889857 -0.186440
-0.416407 -0.889857 -0.186440
-0.178932 -0.917542 -0.355104
-0.465465 -0.872979 -0.145771
-0.990306 0.119586 -0.070665
-0.858868 0.498932 -0.115810
-0.838772 0.470754 -0.273593
-0.990306 0.119586 -0.070665
-0.838772 0.470754 -0.273593
-0.972302 0.143611 -0.184403
0.368633 0.923037 -0.110057
0.549058 0.827696 -0.115997
0.505789 0.819189 -0.270384
0.505789 0.819189 -0.270384
0.339853 0.900940 -0.269827
0.368633 0.923037 -0.110057
-0.732185 0.463178 -0.499371
-0.838772 0.470754 -0.273593
-0.401193 0.841093 -0.362777
-0.732185 0.463178 -0.499371
-0.401193 0.841093 -0.362777
-0.342389 0.789317 -0.509655
-0.000000 -1.000000 -0.000000
-0.000000 -1.000000 -0.000000
-0.000000 -1.000000 -0.000000
-0.000000 -1.000000 -0.000000
-0.000000 -1.000000 -0.000000
-0.000000 -1.000000 -0.000000
0.000001 1.000000 -0.000000
0.000001 1.000000 -0.000000
0.000001 1.000000 -0.000000
0.000001 1.000000 -0.000000
0.000001 1.000000 -0.000000
0.000001 1.000000 -0.000000
0.000000 1.000000 -0.000002
0.000000 1.000000 -0.000002
0.000000 1.000000 -0.000002
0.000000 1.000000 -0.000002
0.000000 1.000000 -0.000002
0.000000 1.000000 -0.000002
0.432576 0.000000 0.901597
0.880941 0.000000 0.473226
0.904481 0.000000 0.426514
0.880941 0.000000 0.473226
0.432576 0.000000 0.901597
0.392279 0.000000 0.919846
-1.000000 0.000000 0.000001
-1.000000 0.000000 0.000001
-1.000000 0.000000 0.000001
-1.000000 0.000000 0.000001
-1.000000 0.000000 0.000001
-1.000000 0.000000 0.000001
-0.000000 1.000000 -0.000000
-0.000965 0.935633 0.352974
-0.000865 0.936182 0.351515
-0.000965 0.935633 0.352974
-0.000000 1.000000 -0.000000
0.000000 1.000000 -0.000000
-0.339401 0.529347 -0.777559
-0.079873 0.341263 -0.936568
-0.372322 0.324839 -0.869400
-0.079873 0.341263 -0.936568
-0.339401 0.529347 -0.777559
-0.072143 0.595445 -0.800150
-0.732185 0.463178 -0.499371
-0.772269 0.260296 -0.579523
-0.944510 0.179252 -0.275262
0.000000 1.000000 -0.000000
0.000000 1.000000 -0.000000
0.000000 1.000000 -0.000000
0.000000 1.000000 -0.000000
0.000000 1.000000 -0.000000
0.000000 1.000000 -0.000000
-0.000000 1.000000 -0.000005
-0.000000 1.000000 -0.000005
-0.000000 1.000000 -0.000005
-0.000001 1.000000 -0.000001
-0.000001 1.000000 -0.000001
-0.000001 1.000000 -0.000001
0.000001 -1.000000 -0.000000
0.000001 -1.000000 -0.000000
0.000001 -1.000000 -0.000000
0.000001 -1.000000 -0.000000
0.000001 -1.000000 -0.000000
0.000001 -1.000000 -0.000000
-0.002526 0.410930 -0.911664
-0.515516 0.267254 -0.814137
-0.486899 0.496756 -0.718445
-0.002526 0.410930 -0.911664
-0.486899 0.496756 -0.718445
-0.000582 0.535109 -0.844783
-0.000000 -1.000000 -0.000000
-0.000000 -1.000000 -0.000000
-0.000000 -1.000000 -0.000000
-0.000000 -1.000000 -0.000000
-0.000000 -1.000000 -0.000000
-0.000000 -1.000000 -0.000000
0.000000 1.000000 -0.000000
0.000000 1.000000 -0.000000
0.000000 1.000000 -0.000000
0.000000 1.000000 -0.000000
0.000000 1.000000 -0.000000
0.000000 1.000000 -0.000000
-0.002941 0.000000 0.999996
-0.003614 0.000000 0.999993
-0.003614 0.000000 0.999994
-0.002941 0.000000 0.999996
-0.003614 0.000000 0.999994
-0.002941 0.000000 0.999996
-0.000000 1.000000 -0.000000
0.018856 0.998379 0.053702
-0.000000 1.000000 -0.000000
0.018856 0.998379 0.053702
-0.000000 1.000000 -0.000000
0.010193 0.999527 0.029031
-0.000717 0.937540 0.347878
0.018610 0.788821 0.614341
0.020235 0.936507 0.350064
0.018610 0.788821 0.614341
-0.000717 0.937540 0.347878
-0.001380 0.756932 0.653493
0.010193 0.999527 0.029031
0.041063 0.959002 0.280407
0.018856 0.998379 0.053702
0.041063 0.959002 0.280407
0.010193 0.999527 0.029031
0.020235 0.936507 0.350064
0.000572 0.425711 -0.904859
0.002156 0.548965 -0.835842
0.001899 0.549381 -0.835570
0.000572 0.425711 -0.904859
0.001899 0.549381 -0.835570
0.001044 0.563661 -0.826005
-0.000000 1.000000 -0.000000
-0.000000 1.000000 -0.000000
-0.000000 1.000000 -0.000000
-0.000000 1.000000 -0.000000
-0.000000 1.000000 -0.000000
-0.000000 1.000000 0.000000
-0.000865 0.936182 0.351515
-0.000717 0.937540 0.347878
-0.000000 1.000000 -0.000000
-0.000000 1.000000 0.000000
-0.000000 1.000000 -0.000000
-0.000717 0.937540 0.347878
0.000000 -0.889482 -0.456970
0.000000 -0.889482 -0.456970
0.000000 -0.889482 -0.456970
0.000000 -0.889482 -0.456970
0.000000 -0.889482 -0.456970
0.000000 -0.889482 -0.456970
0.000000 -1.000000 -0.000000
0.000000 -1.000000 -0.000000
0.000000 -1.000000 -0.000000
0.000000 -1.000000 -0.000000
0.000000 -1.000000 -0.000000
0.000000 -1.000000 -0.000000
-0.000071 -0.046830 -0.998903
0.008678 0.044553 -0.998969
-0.000039 -0.046871 -0.998901
0.008678 0.044553 -0.998969
-0.000071 -0.046830 -0.998903
-0.000225 0.036045 -0.999350
-0.000000 1.000000 -0.000000
-0.000000 1.000000 -0.000000
-0.000000 1.000000 -0.000000
-0.000000 1.000000 -0.000000
-0.000000 1.000000 -0.000000
-0.000000 1.000000 -0.000000
-0.003514 0.000000 0.999994
-0.003834 0.000000 0.999993
-0.003834 0.000000 0.999993
-0.003834 0.000000 0.999993
-0.003514 0.000000 0.999994
-0.003514 0.000000 0.999994
-0.000865 0.936182 0.351515
-0.001808 0.750363 0.661024
-0.001619 0.752930 0.658099
-0.001808 0.750363 0.661024
-0.000865 0.936182 0.351515
-0.000965 0.935633 0.352974
0.000000 -1.000000 0.000000
0.000000 -1.000000 0.000000
0.000000 -1.000000 0.000000
0.000000 -1.000000 0.000000
0.000000 -1.000000 0.000000
0.000000 -1.000000 0.000000
-0.000000 -1.000000 -0.000001
-0.000000 -1.000000 -0.000001
-0.000000 -1.000000 -0.000001
-0.000000 -1.000000 -0.000001
-0.000000 -1.000000 -0.000001
-0.000000 -1.000000 -0.000001
0.004030 0.320168 -0.947352
-0.025692 0.417392 -0.908364
-0.034382 0.333975 -0.941955
-0.025692 0.417392 -0.908364
0.004030 0.320168 -0.947352
0.005269 0.384977 -0.922911
-0.000089 -0.047128 -0.998889
-0.015696 0.098183 -0.995045
-0.000807 -0.047193 -0.998885
-0.015696 0.098183 -0.995045
-0.000089 -0.047128 -0.998889
0.001356 0.104564 -0.994517
0.118909 0.630639 -0.766913
0.267825 0.665744 -0.696459
0.037532 0.414251 -0.909389
0.037532 0.414251 -0.909389
0.046945 0.604293 -0.795378
0.118909 0.630639 -0.766913
0.071054 0.943610 -0.323343
0.107899 0.947803 -0.300045
0.081441 0.836524 -0.541843
0.081441 0.836524 -0.541843
0.053377 0.845616 -0.531116
0.071054 0.943610 -0.323343
0.373524 0.927621 0.000000
0.368633 0.923037 -0.110057
0.132427 0.991193 0.000001
0.132427 0.991193 0.000001
0.368633 0.923037 -0.110057
0.129175 0.986414 -0.101492
0.000000 -1.000000 -0.000000
0.000000 -1.000000 -0.000000
0.000000 -1.000000 -0.000000
0.000000 -1.000000 -0.000000
0.000000 -1.000000 -0.000000
0.000000 -1.000000 -0.000000
0.083507 0.989707 -0.116220
0.129175 0.986414 -0.101492
0.107899 0.947803 -0.300045
0.083507 0.989707 -0.116220
0.107899 0.947803 -0.300045
0.071054 0.943610 -0.323343
0.130642 -0.830008 -0.542235
0.130642 -0.830008 -0.542235
0.130642 -0.830008 -0.542235
0.130642 -0.830008 -0.542235
0.130642 -0.830008 -0.542235
0.130642 -0.830008 -0.542235
0.353196 0.917424 -0.183265
0.627711 0.762197 -0.158224
0.621186 0.612569 -0.488761
0.353196 0.917424 -0.183265
0.621186 0.612569 -0.488761
0.365722 0.747673 -0.554286
0.153741 0.336277 -0.929129
0.365722 0.747673 -0.554286
0.309156 0.304788 -0.900848
0.365722 0.747673 -0.554286
0.153741 0.336277 -0.929129
0.183103 0.779069 -0.599604
0.254677 0.028412 -0.966609
0.260283 -0.066841 -0.963216
0.229151 -0.053968 -0.971894
0.330154 0.943927 0.000000
0.333216 0.941669 -0.047186
0.172828 0.984952 0.000000
0.172828 0.984952 0.000000
0.333216 0.941669 -0.047186
0.171940 0.983832 -0.050103
0.000000 -1.000000 -0.000000
0.000000 -1.000000 -0.000000
0.000000 -1.000000 -0.000000
0.000000 -1.000000 -0.000000
0.000000 -1.000000 -0.000000
0.000000 -1.000000 -0.000000
0.171940 0.983832 -0.050103
0.333216 0.941669 -0.047186
0.342412 0.933294 -0.108243
0.171940 0.983832 -0.050103
0.342412 0.933294 -0.108243
0.171005 0.979181 -0.109369
0.000001 -1.000000 -0.000001
0.000001 -1.000000 -0.000001
0.000001 -1.000000 -0.000001
0.000001 -1.000000 -0.000001
0.000001 -1.000000 -0.000001
0.000001 -1.000000 -0.000001
-0.018206 0.069899 -0.997388
-0.003629 -0.045581 -0.998954
-0.003415 -0.047059 -0.998886
0.254677 0.028412 -0.966609
0.229151 -0.053968 -0.971894
0.136338 -0.049629 -0.989418
0.254677 0.028412 -0.966609
0.136338 -0.049629 -0.989418
0.122052 0.041666 -0.991649
-0.003629 -0.045581 -0.998954
-0.018206 0.069899 -0.997388
-0.002189 -0.038618 -0.999252
-0.002189 -0.038618 -0.999252
0.122052 0.041666 -0.991649
0.136338 -0.049629 -0.989418
-0.002189 -0.038618 -0.999252
-0.018206 0.069899 -0.997388
0.002278 0.053144 -0.998584
0.000381 -0.040978 -0.999160
0.000381 -0.040978 -0.999160
0.000381 -0.040978 -0.999160
0.000381 -0.040978 -0.999160
0.000381 -0.040978 -0.999160
0.000381 -0.040978 -0.999160
0.000000 1.000000 0.000000
0.000000 1.000000 0.000000
0.000000 1.000000 0.000000
0.000000 1.000000 0.000000
0.000000 1.000000 0.000000
0.000000 1.000000 0.000000
-0.003514 0.000000 0.999994
-0.002941 0.000000 0.999996
-0.002941 0.000000 0.999996
-0.003514 0.000000 0.999994
-0.002941 0.000000 0.999996
-0.003514 0.000000 0.999994
-0.000717 0.937540 0.347878
-0.000865 0.936182 0.351515
-0.001380 0.756932 0.653493
-0.001380 0.756932 0.653493
-0.000865 0.936182 0.351515
-0.001619 0.752930 0.658099
-0.000582 0.535109 -0.844783
0.002156 0.548965 -0.835842
-0.002526 0.410930 -0.911664
0.002156 0.548965 -0.835842
-0.000582 0.535109 -0.844783
0.001899 0.549381 -0.835570
-0.000000 1.000000 -0.000000
-0.000000 1.000000 -0.000000
-0.000000 1.000000 0.000000
-0.000000 1.000000 -0.000000
-0.000000 1.000000 0.000000
0.010193 0.999527 0.029031
-0.000717 0.937540 0.347878
0.020235 0.936507 0.350064
-0.000000 1.000000 0.000000
0.010193 0.999527 0.029031
-0.000000 1.000000 0.000000
0.020235 0.936507 0.350064
-0.000638 -0.041305 -0.999146
-0.000638 -0.041305 -0.999146
-0.000638 -0.041305 -0.999146
-0.000638 -0.041305 -0.999146
-0.000638 -0.041305 -0.999146
-0.000638 -0.041305 -0.999146
-0.006743 -0.046529 -0.998894
-0.006743 -0.046529 -0.998894
-0.006743 -0.046529 -0.998894
-0.002827 -0.045813 -0.998946
-0.002827 -0.045813 -0.998946
-0.002827 -0.045813 -0.998946
0.004740 -0.046750 -0.998895
0.004740 -0.046750 -0.998895
0.004740 -0.046750 -0.998895
0.002536 -0.046091 -0.998934
0.002536 -0.046091 -0.998934
0.002536 -0.046091 -0.998934
0.837626 -0.546244 0.000000
0.963054 -0.269309 0.000000
0.834322 -0.551278 0.000000
0.963054 -0.269309 0.000000
0.837626 -0.546244 0.000000
0.990628 -0.136590 0.000001
0.484024 -0.875055 0.000000
0.834322 -0.551278 0.000000
0.480302 -0.877103 0.000000
0.834322 -0.551278 0.000000
0.484024 -0.875055 0.000000
0.837626 -0.546244 0.000000
0.044756 -0.998998 -0.000000
0.480302 -0.877103 0.000000
0.044311 -0.999018 -0.000000
0.480302 -0.877103 0.000000
0.044756 -0.998998 -0.000000
0.484024 -0.875055 0.000000
0.044756 -0.998998 -0.000000
-0.379677 -0.925119 -0.000000
-0.397273 -0.917700 -0.000000
-0.379677 -0.925119 -0.000000
0.044756 -0.998998 -0.000000
0.044311 -0.999018 -0.000000
-0.812844 -0.582482 -0.000000
-0.967609 -0.252454 -0.000000
-0.991458 -0.130428 -0.000000
-0.967609 -0.252454 -0.000000
-0.812844 -0.582482 -0.000000
-0.794229 -0.607619 -0.000000
-0.397273 -0.917700 -0.000000
-0.794229 -0.607619 -0.000000
-0.812844 -0.582482 -0.000000
-0.794229 -0.607619 -0.000000
-0.397273 -0.917700 -0.000000
-0.379677 -0.925119 -0.000000
0.860516 -0.509423 -0.000000
0.958815 -0.284032 0.000000
0.857176 -0.515023 -0.000000
0.958815 -0.284032 0.000000
0.860516 -0.509423 -0.000000
0.958815 -0.284032 0.000000
0.474637 -0.880182 -0.000000
0.857176 -0.515023 -0.000000
0.470830 -0.882224 -0.000000
0.857176 -0.515023 -0.000000
0.474637 -0.880182 -0.000000
0.860516 -0.509423 -0.000000
0.004560 -0.999990 -0.000000
0.470830 -0.882224 -0.000000
0.004522 -0.999990 -0.000000
0.470830 -0.882224 -0.000000
0.004560 -0.999990 -0.000000
0.474637 -0.880182 -0.000000
0.004560 -0.999990 -0.000000
-0.462939 -0.886390 0.000001
-0.466691 -0.884420 0.000001
-0.462939 -0.886390 0.000001
0.004560 -0.999990 -0.000000
0.004522 -0.999990 -0.000000
-0.831045 -0.556206 0.000002
-0.925022 -0.379914 0.000003
-0.925022 -0.379914 0.000003
-0.925022 -0.379914 0.000003
-0.831045 -0.556206 0.000002
-0.828175 -0.560470 0.000002
-0.466691 -0.884420 0.000001
-0.828175 -0.560470 0.000002
-0.831045 -0.556206 0.000002
-0.828175 -0.560470 0.000002
-0.466691 -0.884420 0.000001
-0.462939 -0.886390 0.000001
0.000000 -0.000000 -1.000000
0.000000 -0.000000 -1.000000
0.000000 -0.000000 -1.000000
0.000000 -0.000000 -1.000000
0.000000 -0.000000 -1.000000
0.000000 -0.000000 -1.000000
0.000000 -0.000000 -1.000000
0.000000 -0.000000 -1.000000
0.000000 -0.000000 -1.000000
0.000000 -0.000000 -1.000000
0.000000 -0.000000 -1.000000
0.000000 -0.000000 -1.000000
0.000000 -0.000000 -1.000000
0.000000 -0.000000 -1.000000
0.000000 -0.000000 -1.000000
0.000000 -0.000000 -1.000000
0.000000 -0.000000 -1.000000
0.000000 -0.000000 -1.000000
-0.000000 -0.000000 -1.000000
-0.000000 -0.000000 -1.000000
-0.000000 -0.000000 -1.000000
-0.000000 -0.000000 -1.000000
-0.000000 -0.000000 -1.000000
-0.000000 -0.000000 -1.000000
0.000000 -0.000000 -1.000000
0.000000 -0.000000 -1.000000
0.000000 -0.000000 -1.000000
0.000000 -0.000000 -1.000000
0.000000 -0.000000 -1.000000
0.000000 -0.000000 -1.000000
-0.000000 0.000000 -1.000000
-0.000000 0.000000 -1.000000
-0.000000 0.000000 -1.000000
-0.000000 0.000000 -1.000000
-0.000000 0.000000 -1.000000
-0.000000 0.000000 -1.000000
0.000000 0.000000 -1.000000
0.000000 0.000000 -1.000000
0.000000 0.000000 -1.000000
0.000000 0.000000 -1.000000
0.000000 0.000000 -1.000000
0.000000 0.000000 -1.000000
0.000000 0.000000 -1.000000
0.000000 0.000000 -1.000000
0.000000 0.000000 -1.000000
0.000000 0.000000 -1.000000
0.000000 0.000000 -1.000000
0.000000 0.000000 -1.000000
-1.000000 0.000010 0.000005
-0.976314 -0.116596 -0.182251
-0.998599 -0.028513 -0.044576
1.000000 0.000003 -0.000000
1.000000 0.000003 0.000000
1.000000 0.000003 0.000000
-0.000000 -1.000000 -0.000000
-0.000000 -1.000000 -0.000000
-0.000000 -1.000000 -0.000000
-0.000000 -1.000000 -0.000000
-0.000000 -1.000000 -0.000000
-0.000000 -1.000000 -0.000000
0.000000 -0.879473 -0.475949
-0.000000 -0.879473 -0.475949
-0.000000 -0.879473 -0.475948
0.000000 -0.879473 -0.475949
0.000000 -0.879473 -0.475950
-0.000000 -0.879473 -0.475949
-0.000000 -0.879473 -0.475949
-0.000000 -0.879473 -0.475949
0.000000 -0.879473 -0.475948
0.000000 -0.879473 -0.475949
-0.000000 -0.879473 -0.475948
0.000000 -0.879473 -0.475950
-0.000000 -0.879473 -0.475948
-0.000000 -0.879473 -0.475949
-0.000000 -0.879473 -0.475949
-0.967609 -0.252454 -0.000000
-1.000000 -0.000006 -0.000000
-0.991458 -0.130428 -0.000000
0.990628 -0.136590 0.000001
1.000000 -0.000003 0.000001
1.000000 -0.000001 0.000001
0.008662 -0.804156 -0.594356
0.008594 -0.804244 -0.594237
-0.000000 -0.815278 -0.579070
0.990628 -0.136590 0.000001
1.000000 -0.000003 -0.000000
1.000000 -0.000003 0.000001
-1.000000 -0.000006 -0.000000
-0.991458 -0.130428 -0.000000
-1.000000 -0.000006 -0.000000
0.008594 -0.804244 -0.594237
0.017184 -0.792869 -0.609150
0.017184 -0.792869 -0.609150
0.017184 -0.792869 -0.609150
0.008594 -0.804244 -0.594237
0.008662 -0.804156 -0.594356
-0.027023 -0.792697 -0.609016
-0.013516 -0.804202 -0.594202
-0.027023 -0.792697 -0.609016
-0.013516 -0.804202 -0.594202
-0.027023 -0.792697 -0.609016
-0.013683 -0.804063 -0.594387
-0.000000 -0.815278 -0.579070
-0.013516 -0.804202 -0.594202
-0.013683 -0.804063 -0.594387
-0.000000 -0.815278 -0.579070
0.008594 -0.804244 -0.594237
-0.013516 -0.804202 -0.594202
0.919575 0.357890 -0.162161
0.930500 -0.327541 -0.163970
0.753959 -0.356850 -0.551547
0.919575 0.357890 -0.162161
0.753959 -0.356850 -0.551547
0.756814 0.316500 -0.571892
0.383091 -0.383251 -0.840452
0.186134 0.280365 -0.941674
0.387245 0.292586 -0.874320
0.186134 0.280365 -0.941674
0.383091 -0.383251 -0.840452
0.182500 -0.379720 -0.906922
0.756814 0.316500 -0.571892
0.753959 -0.356850 -0.551547
0.383091 -0.383251 -0.840452
0.383091 -0.383251 -0.840452
0.387245 0.292586 -0.874320
0.756814 0.316500 -0.571892
0.944577 -0.328291 -0.000000
0.944562 -0.328334 -0.000012
0.924145 0.382042 -0.000000
0.924145 0.382042 -0.000000
0.944562 -0.328334 -0.000012
0.924123 0.382096 -0.000012
0.924123 0.382096 -0.000012
0.944562 -0.328334 -0.000012
0.930500 -0.327541 -0.163970
0.924123 0.382096 -0.000012
0.930500 -0.327541 -0.163970
0.919575 0.357890 -0.162161
-0.863080 0.494457 -0.102981
-0.765660 0.483434 -0.424330
-0.878024 -0.469420 -0.093377
-0.878024 -0.469420 -0.093377
-0.765660 0.483434 -0.424330
-0.793665 -0.442399 -0.417586
-0.477209 -0.393832 -0.785601
-0.101739 0.461013 -0.881542
-0.124805 -0.288731 -0.949241
-0.101739 0.461013 -0.881542
-0.477209 -0.393832 -0.785601
-0.416795 0.467348 -0.779658
-0.765660 0.483434 -0.424330
-0.477209 -0.393832 -0.785601
-0.793665 -0.442399 -0.417586
-0.477209 -0.393832 -0.785601
-0.765660 0.483434 -0.424330
-0.416795 0.467348 -0.779658
-0.864324 0.502935 0.000000
-0.862868 0.505429 -0.000806
-0.883554 -0.468302 -0.005105
-0.883554 -0.468302 -0.005105
-0.862868 0.505429 -0.000806
-0.873256 -0.486999 0.016005
-0.873256 -0.486999 0.016005
-0.862868 0.505429 -0.000806
-0.863080 0.494457 -0.102981
-0.873256 -0.486999 0.016005
-0.863080 0.494457 -0.102981
-0.878024 -0.469420 -0.093377
-0.878024 -0.469420 -0.093377
-0.503624 -0.833232 -0.228226
-0.528327 -0.848426 -0.032301
-0.503624 -0.833232 -0.228226
-0.878024 -0.469420 -0.093377
-0.793665 -0.442399 -0.417586
-0.345408 -0.724555 -0.596417
-0.124805 -0.288731 -0.949241
-0.114673 -0.549012 -0.827910
-0.124805 -0.288731 -0.949241
-0.345408 -0.724555 -0.596417
-0.477209 -0.393832 -0.785601
-0.477209 -0.393832 -0.785601
-0.503624 -0.833232 -0.228226
-0.793665 -0.442399 -0.417586
-0.503624 -0.833232 -0.228226
-0.477209 -0.393832 -0.785601
-0.345408 -0.724555 -0.596417
-0.883554 -0.468302 -0.005105
-0.525425 -0.850714 0.014664
-0.561233 -0.827609 -0.008948
-0.525425 -0.850714 0.014664
-0.883554 -0.468302 -0.005105
-0.873256 -0.486999 0.016005
-0.873256 -0.486999 0.016005
-0.528327 -0.848426 -0.032301
-0.525425 -0.850714 0.014664
-0.528327 -0.848426 -0.032301
-0.873256 -0.486999 0.016005
-0.878024 -0.469420 -0.093377
0.930500 -0.327541 -0.163970
0.480857 -0.795195 -0.369381
0.753959 -0.356850 -0.551547
0.480857 -0.795195 -0.369381
0.930500 -0.327541 -0.163970
0.581947 -0.804729 -0.117257
0.756814 0.316500 -0.571892
0.485716 0.870049 -0.084225
0.919575 0.357890 -0.162161
0.485716 0.870049 -0.084225
0.756814 0.316500 -0.571892
0.410329 0.859932 -0.303557
0.186134 0.280365 -0.941674
0.213778 0.854147 -0.474059
0.387245 0.292586 -0.874320
0.213778 0.854147 -0.474059
0.186134 0.280365 -0.941674
0.110621 0.835141 -0.538797
0.271745 -0.770754 -0.576275
0.153702 -0.724601 -0.671810
0.182500 -0.379720 -0.906922
0.271745 -0.770754 -0.576275
0.182500 -0.379720 -0.906922
0.383091 -0.383251 -0.840452
0.387245 0.292586 -0.874320
0.410329 0.859932 -0.303557
0.756814 0.316500 -0.571892
0.410329 0.859932 -0.303557
0.387245 0.292586 -0.874320
0.213778 0.854147 -0.474059
0.271745 -0.770754 -0.576275
0.383091 -0.383251 -0.840452
0.480857 -0.795195 -0.369381
0.480857 -0.795195 -0.369381
0.383091 -0.383251 -0.840452
0.753959 -0.356850 -0.551547
0.944562 -0.328334 -0.000012
0.944577 -0.328291 -0.000000
0.568094 -0.822964 -0.000000
0.568094 -0.822964 -0.000000
0.568071 -0.822979 -0.000030
0.944562 -0.328334 -0.000012
0.466232 0.884662 -0.000000
0.924123 0.382096 -0.000012
0.466199 0.884680 -0.000029
0.924123 0.382096 -0.000012
0.466232 0.884662 -0.000000
0.924145 0.382042 -0.000000
0.944562 -0.328334 -0.000012
0.581947 -0.804729 -0.117257
0.930500 -0.327541 -0.163970
0.581947 -0.804729 -0.117257
0.944562 -0.328334 -0.000012
0.568071 -0.822979 -0.000030
0.466199 0.884680 -0.000029
0.919575 0.357890 -0.162161
0.485716 0.870049 -0.084225
0.919575 0.357890 -0.162161
0.466199 0.884680 -0.000029
0.924123 0.382096 -0.000012
0.581947 -0.804729 -0.117257
0.274314 -0.944088 -0.182891
0.480857 -0.795195 -0.369381
0.274314 -0.944088 -0.182891
0.581947 -0.804729 -0.117257
0.302377 -0.952291 -0.041350
0.410329 0.859932 -0.303557
0.165558 0.981146 -0.099715
0.485716 0.870049 -0.084225
0.183718 0.982789 -0.019312
0.485716 0.870049 -0.084225
0.165558 0.981146 -0.099715
0.100426 0.964849 -0.242859
0.110621 0.835141 -0.538797
0.070228 0.951883 -0.298305
0.110621 0.835141 -0.538797
0.100426 0.964849 -0.242859
0.213778 0.854147 -0.474059
0.153702 -0.724601 -0.671810
0.184100 -0.890200 -0.416714
0.140639 -0.849284 -0.508859
0.184100 -0.890200 -0.416714
0.153702 -0.724601 -0.671810
0.271745 -0.770754 -0.576275
0.410329 0.859932 -0.303557
0.213778 0.854147 -0.474059
0.165558 0.981146 -0.099715
0.213778 0.854147 -0.474059
0.100426 0.964849 -0.242859
0.165558 0.981146 -0.099715
0.480857 -0.795195 -0.369381
0.274314 -0.944088 -0.182891
0.271745 -0.770754 -0.576275
0.271745 -0.770754 -0.576275
0.274314 -0.944088 -0.182891
0.184100 -0.890200 -0.416714
0.301788 -0.953375 -0.000000
0.301836 -0.953360 -0.000036
0.568094 -0.822964 -0.000000
0.568094 -0.822964 -0.000000
0.301836 -0.953360 -0.000036
0.568071 -0.822979 -0.000030
0.466232 0.884662 -0.000000
0.182295 0.983244 -0.000034
0.182244 0.983253 -0.000000
0.182295 0.983244 -0.000034
0.466232 0.884662 -0.000000
0.466199 0.884680 -0.000029
0.302377 -0.952291 -0.041350
0.568071 -0.822979 -0.000030
0.301836 -0.953360 -0.000036
0.568071 -0.822979 -0.000030
0.302377 -0.952291 -0.041350
0.581947 -0.804729 -0.117257
0.182295 0.983244 -0.000034
0.466199 0.884680 -0.000029
0.183718 0.982789 -0.019312
0.466199 0.884680 -0.000029
0.485716 0.870049 -0.084225
0.183718 0.982789 -0.019312
-0.287428 0.957135 -0.035756
-0.258856 0.955370 -0.142343
-0.863080 0.494457 -0.102981
-0.765660 0.483434 -0.424330
-0.863080 0.494457 -0.102981
-0.258856 0.955370 -0.142343
-0.101739 0.461013 -0.881542
-0.137954 0.948182 -0.286215
-0.030156 0.936167 -0.350259
-0.137954 0.948182 -0.286215
-0.101739 0.461013 -0.881542
-0.416795 0.467348 -0.779658
-0.416795 0.467348 -0.779658
-0.765660 0.483434 -0.424330
-0.258856 0.955370 -0.142343
-0.416795 0.467348 -0.779658
-0.258856 0.955370 -0.142343
-0.137954 0.948182 -0.286215
-0.864324 0.502935 0.000000
-0.285969 0.958239 -0.000725
-0.862868 0.505429 -0.000806
-0.285969 0.958239 -0.000725
-0.864324 0.502935 0.000000
-0.288438 0.957499 0.000000
-0.287428 0.957135 -0.035756
-0.862868 0.505429 -0.000806
-0.285969 0.958239 -0.000725
-0.862868 0.505429 -0.000806
-0.287428 0.957135 -0.035756
-0.863080 0.494457 -0.102981
-0.258856 0.955370 -0.142343
-0.287428 0.957135 -0.035756
-0.048871 0.998618 -0.019345
-0.287428 0.957135 -0.035756
-0.061017 0.998125 -0.004897
-0.048871 0.998618 -0.019345
-0.008085 0.997745 -0.066628
-0.137954 0.948182 -0.286215
-0.027945 0.998670 -0.043331
-0.137954 0.948182 -0.286215
-0.008085 0.997745 -0.066628
-0.030156 0.936167 -0.350259
-0.258856 0.955370 -0.142343
-0.027945 0.998670 -0.043331
-0.137954 0.948182 -0.286215
-0.027945 0.998670 -0.043331
-0.258856 0.955370 -0.142343
-0.048871 0.998618 -0.019345
-0.068323 0.997663 0.000000
-0.067022 0.997752 -0.000004
-0.288438 0.957499 0.000000
-0.285969 0.958239 -0.000725
-0.288438 0.957499 0.000000
-0.067022 0.997752 -0.000004
-0.067022 0.997752 -0.000004
-0.061017 0.998125 -0.004897
-0.285969 0.958239 -0.000725
-0.287428 0.957135 -0.035756
-0.285969 0.958239 -0.000725
-0.061017 0.998125 -0.004897
0.665492 -0.212060 0.715647
0.721396 -0.194755 0.664574
0.922127 -0.111631 0.370433
0.931749 -0.106995 0.346980
0.922127 -0.111631 0.370433
0.721396 -0.194755 0.664574
0.922127 -0.111631 0.370433
0.931749 -0.106995 0.346980
0.983111 -0.084222 0.162477
0.985045 -0.084163 0.150340
0.983111 -0.084222 0.162477
0.931749 -0.106995 0.346980
0.983111 -0.084222 0.162477
0.985045 -0.084163 0.150340
0.995513 -0.087170 0.036816
0.995551 -0.087310 0.035433
0.995513 -0.087170 0.036816
0.985045 -0.084163 0.150340
0.996033 -0.088979 -0.000999
0.995513 -0.087170 0.036816
0.995551 -0.087310 0.035433
0.995513 -0.087170 0.036816
0.996033 -0.088979 -0.000999
0.996036 -0.088951 -0.000985
0.721396 -0.194755 0.664574
0.242666 -0.268667 0.932165
0.250471 -0.268545 0.930133
0.242666 -0.268667 0.932165
0.721396 -0.194755 0.664574
0.665492 -0.212060 0.715647
-0.031543 -0.254503 -0.966558
-0.124805 -0.288731 -0.949241
-0.101739 0.461013 -0.881542
-0.031543 -0.254503 -0.966558
-0.101739 0.461013 -0.881542
-0.034511 0.441869 -0.896416
-0.114673 -0.549012 -0.827910
-0.031543 -0.254503 -0.966558
-0.019620 -0.495361 -0.868466
-0.031543 -0.254503 -0.966558
-0.114673 -0.549012 -0.827910
-0.124805 -0.288731 -0.949241
-0.030156 0.936167 -0.350259
-0.011799 0.934524 -0.355703
-0.034511 0.441869 -0.896416
-0.030156 0.936167 -0.350259
-0.034511 0.441869 -0.896416
-0.101739 0.461013 -0.881542
-0.002061 0.997224 -0.074430
-0.011799 0.934524 -0.355703
-0.008085 0.997745 -0.066628
-0.008085 0.997745 -0.066628
-0.011799 0.934524 -0.355703
-0.030156 0.936167 -0.350259
0.250471 -0.268545 0.930133
0.013808 -0.264716 0.964228
0.013808 -0.264716 0.964228
0.013808 -0.264716 0.964228
0.250471 -0.268545 0.930133
0.242666 -0.268667 0.932165
1.000000 0.000000 0.000000
1.000000 0.000000 0.000000
1.000000 0.000000 0.000000
1.000000 0.000000 0.000000
1.000000 0.000000 0.000000
1.000000 0.000000 0.000000
1.000000 0.000000 0.000000
1.000000 0.000000 0.000000
1.000000 0.000000 0.000000
-1.000000 -0.000000 0.000000
-1.000000 -0.000000 -0.000001
-1.000000 -0.000000 0.000000
-1.000000 -0.000000 -0.000001
-1.000000 -0.000000 0.000000
-1.000000 -0.000000 -0.000001
-1.000000 -0.000000 -0.000001
-0.999582 0.001812 0.028838
-1.000000 -0.000000 -0.000001
-0.999582 0.001812 0.028838
-1.000000 -0.000000 -0.000001
-0.999533 0.001916 0.030485
-0.999533 0.001916 0.030485
-0.927600 0.029901 0.372376
-0.999582 0.001812 0.028838
-0.927600 0.029901 0.372376
-0.999533 0.001916 0.030485
-0.915190 0.032362 0.401721
-0.915190 0.032362 0.401721
-0.559470 0.060995 0.826603
-0.927600 0.029901 0.372376
-0.559470 0.060995 0.826603
-0.915190 0.032362 0.401721
-0.547755 0.061244 0.834394
-0.333753 0.063579 0.940514
-0.333753 0.063579 0.940514
-0.547755 0.061244 0.834394
-0.547755 0.061244 0.834394
-0.333753 0.063579 0.940514
-0.559470 0.060995 0.826603
-0.999783 0.001904 0.020722
-0.999755 0.002231 0.022030
-0.999603 0.003710 0.027927
-0.999603 0.003710 0.027927
-0.999755 0.002231 0.022030
-0.999603 0.003710 0.027927
-0.999817 0.001486 0.019055
-0.999817 0.001486 0.019055
-0.999783 0.001904 0.020722
-0.999783 0.001904 0.020722
-0.999817 0.001486 0.019055
-0.999755 0.002231 0.022030
0.914301 0.405036 -0.000000
0.914948 0.401827 -0.037485
0.828511 0.559973 -0.000000
0.828511 0.559973 -0.000000
0.914948 0.401827 -0.037485
0.829724 0.556479 -0.043469
0.914948 0.401827 -0.037485
0.842956 0.531788 -0.081405
0.829724 0.556479 -0.043469
0.842956 0.531788 -0.081405
0.914948 0.401827 -0.037485
0.914519 0.399120 -0.066017
0.914519 0.399120 -0.066017
0.917041 0.391121 -0.077843
0.842956 0.531788 -0.081405
0.848674 0.518302 -0.105430
0.842956 0.531788 -0.081405
0.917041 0.391121 -0.077843
0.849466 0.198171 -0.489014
0.863502 0.417604 -0.282792
0.931705 0.305069 -0.197128
0.849466 0.198171 -0.489014
0.931705 0.305069 -0.197128
0.930325 0.153069 -0.333264
0.953724 -0.033458 -0.298816
0.838875 0.028323 -0.543586
0.942783 0.023811 -0.332555
0.737267 -0.059274 -0.672996
0.838875 0.028323 -0.543586
0.953724 -0.033458 -0.298816
0.998542 -0.053975 -0.000000
0.998542 -0.053975 -0.000000
0.998542 -0.053975 -0.000000
0.998542 -0.053975 -0.000000
0.998542 -0.053975 -0.000000
0.998542 -0.053975 -0.000000
0.998542 -0.053974 0.000001
0.998542 -0.053974 0.000001
0.998542 -0.053974 0.000001
0.998542 -0.053974 0.000001
0.998542 -0.053974 0.000001
0.998542 -0.053974 0.000001
0.998667 -0.050950 -0.008320
0.998667 -0.050950 -0.008320
0.998667 -0.050950 -0.008320
0.998667 -0.050950 -0.008320
0.998667 -0.050950 -0.008320
0.998667 -0.050950 -0.008320
1.000000 -0.000000 0.000001
1.000000 -0.000000 0.000001
1.000000 -0.000000 0.000001
1.000000 -0.000000 0.000001
1.000000 -0.000000 0.000001
1.000000 -0.000000 0.000001
0.044235 0.792517 -0.608244
0.183103 0.779069 -0.599604
0.019522 0.341668 -0.939618
0.153741 0.336277 -0.929129
0.019522 0.341668 -0.939618
0.183103 0.779069 -0.599604
-0.909095 0.303358 -0.285518
-0.486899 0.496756 -0.718445
-0.936740 0.121048 -0.328430
-0.515516 0.267254 -0.814137
-0.936740 0.121048 -0.328430
-0.486899 0.496756 -0.718445
0.365722 0.747673 -0.554286
0.621186 0.612569 -0.488761
0.309156 0.304788 -0.900848
0.552677 0.258827 -0.792185
0.309156 0.304788 -0.900848
0.621186 0.612569 -0.488761
0.849466 0.198171 -0.489014
0.552677 0.258827 -0.792185
0.863502 0.417604 -0.282792
0.552677 0.258827 -0.792185
0.621186 0.612569 -0.488761
0.863502 0.417604 -0.282792
-0.018206 0.069899 -0.997388
-0.034382 0.333975 -0.941955
-0.027214 0.337887 -0.940793
-0.034382 0.333975 -0.941955
-0.018206 0.069899 -0.997388
-0.015696 0.098183 -0.995045
0.008678 0.044553 -0.998969
0.000572 0.425711 -0.904859
0.022417 0.354856 -0.934652
0.000572 0.425711 -0.904859
0.008678 0.044553 -0.998969
-0.000225 0.036045 -0.999350
0.000889 0.087770 -0.996140
0.009611 0.067948 -0.997643
0.021426 0.326374 -0.944998
0.000889 0.087770 -0.996140
0.021426 0.326374 -0.944998
-0.001421 0.310811 -0.950471
1.000000 0.000000 0.000000
1.000000 0.000000 0.000000
1.000000 0.000000 0.000000
1.000000 0.000000 0.000000
1.000000 0.000000 0.000000
1.000000 0.000000 0.000000
-0.999528 0.030722 0.000000
-0.995014 0.049861 -0.086383
-0.997289 -0.073589 0.000000
-0.997289 -0.073589 0.000000
-0.995014 0.049861 -0.086383
-0.994012 -0.066777 -0.086496
0.008678 0.044553 -0.998969
0.021426 0.326374 -0.944998
0.009611 0.067948 -0.997643
0.021426 0.326374 -0.944998
0.008678 0.044553 -0.998969
0.022417 0.354856 -0.934652
-0.994012 -0.066777 -0.086496
-0.995014 0.049861 -0.086383
-0.936740 0.121048 -0.328430
-0.994012 -0.066777 -0.086496
-0.936740 0.121048 -0.328430
-0.941395 -0.042560 -0.334610
1.000000 0.000000 0.000000
1.000000 0.000000 0.000000
0.999769 0.020903 -0.004964
1.000000 0.000000 0.000000
1.000000 0.000000 0.000000
1.000000 0.000000 0.000000
-0.485579 0.014809 -0.874067
-0.002526 0.410930 -0.911664
-0.003164 0.045193 -0.998973
-0.002526 0.410930 -0.911664
-0.485579 0.014809 -0.874067
-0.515516 0.267254 -0.814137
-0.000559 0.129328 -0.991602
-0.000559 0.129328 -0.991602
-0.000559 0.129328 -0.991602
-0.000559 0.129328 -0.991602
-0.000559 0.129328 -0.991602
-0.000559 0.129328 -0.991602
0.001292 0.095805 -0.995399
0.001188 0.093634 -0.995606
0.001534 0.300495 -0.953782
0.001292 0.095805 -0.995399
0.001534 0.300495 -0.953782
0.003882 0.304299 -0.952569
0.122052 0.041666 -0.991649
0.309156 0.304788 -0.900848
0.254677 0.028412 -0.966609
0.309156 0.304788 -0.900848
0.122052 0.041666 -0.991649
0.153741 0.336277 -0.929129
0.002177 0.123563 -0.992334
0.002177 0.123563 -0.992334
0.002177 0.123563 -0.992334
0.002177 0.123563 -0.992334
0.002177 0.123563 -0.992334
0.002177 0.123563 -0.992334
0.838875 0.028323 -0.543586
0.930325 0.153069 -0.333264
0.942783 0.023811 -0.332555
0.930325 0.153069 -0.333264
0.838875 0.028323 -0.543586
0.849466 0.198171 -0.489014
0.979479 0.200673 -0.018719
0.979306 0.202384 -0.000000
0.979306 0.202384 -0.000000
0.979306 0.202384 -0.000000
0.979479 0.200673 -0.018719
0.979479 0.200673 -0.018719
0.979479 0.200673 -0.018719
0.983124 0.177091 -0.045897
0.979479 0.200673 -0.018719
0.983124 0.177091 -0.045897
0.979479 0.200673 -0.018719
0.983005 0.177820 -0.045615
0.983005 0.177820 -0.045615
0.985822 0.163701 -0.036838
0.983124 0.177091 -0.045897
0.985552 0.166650 -0.030239
0.983124 0.177091 -0.045897
0.985822 0.163701 -0.036838
0.979990 0.085469 -0.179762
0.985095 0.146801 -0.089652
0.979990 0.085469 -0.179762
0.985095 0.146801 -0.089652
0.979990 0.085469 -0.179762
0.985197 0.147874 -0.086722
0.979990 0.085469 -0.179762
0.980364 0.008369 -0.197017
0.980360 0.009579 -0.196984
0.980364 0.008369 -0.197017
0.979990 0.085469 -0.179762
0.979990 0.085469 -0.179762
0.984336 -0.112666 -0.135607
0.980360 0.009579 -0.196984
0.980364 0.008369 -0.197017
0.980360 0.009579 -0.196984
0.984336 -0.112666 -0.135607
0.984340 -0.110273 -0.137534
0.979988 -0.195650 -0.036675
0.984336 -0.112666 -0.135607
0.979988 -0.195650 -0.036675
0.984336 -0.112666 -0.135607
0.979988 -0.195650 -0.036675
0.984340 -0.110273 -0.137534
0.979306 -0.202384 0.000000
0.979988 -0.195650 -0.036675
0.979306 -0.202384 0.000000
0.979988 -0.195650 -0.036675
0.979306 -0.202384 0.000000
0.979988 -0.195650 -0.036675
0.979306 -0.202384 -0.000000
0.979306 -0.202384 0.000000
0.979306 -0.202384 -0.000000
0.979306 -0.202384 -0.000000
0.979306 -0.202384 0.000000
0.979306 -0.202384 0.000000
1.000000 0.000000 0.000000
1.000000 0.000000 0.000000
1.000000 0.000000 0.000000
1.000000 0.000000 0.000000
1.000000 0.000000 0.000000
1.000000 0.000000 0.000000
1.000000 -0.000000 0.000000
1.000000 0.000000 0.000000
1.000000 -0.000000 0.000001
1.000000 0.000000 0.000000
1.000000 -0.000000 0.000000
1.000000 0.000000 0.000000
1.000000 -0.000003 -0.000001
1.000000 -0.000000 0.000001
1.000000 -0.000003 -0.000001
1.000000 -0.000000 0.000001
1.000000 -0.000003 -0.000001
1.000000 -0.000000 0.000000
1.000000 0.000007 -0.000001
1.000000 0.000000 0.000001
1.000000 0.000007 -0.000001
1.000000 0.000007 -0.000001
1.000000 0.000000 0.000001
1.000000 0.000000 0.000001
1.000000 -0.000001 -0.000000
1.000000 -0.000001 0.000000
1.000000 0.000002 -0.000000
1.000000 0.000002 0.000000
1.000000 0.000002 -0.000000
1.000000 -0.000001 0.000000
1.000000 -0.000001 0.000000
1.000000 0.000000 0.000000
1.000000 0.000002 0.000000
0.999769 0.020903 -0.004964
1.000000 0.000002 0.000000
1.000000 0.000000 0.000000
1.000000 0.000000 0.000000
1.000000 0.000000 0.000000
1.000000 0.000000 0.000000
1.000000 0.000000 0.000000
1.000000 0.000000 0.000000
0.999769 0.020903 -0.004964
1.000000 0.000000 0.000001
1.000000 0.000000 0.000000
1.000000 0.000000 0.000001
1.000000 0.000000 0.000001
1.000000 0.000000 0.000000
1.000000 0.000000 0.000000
1.000000 0.000000 0.000000
1.000000 0.000000 0.000000
1.000000 0.000000 0.000000
1.000000 0.000000 0.000000
1.000000 0.000000 0.000000
1.000000 0.000000 0.000000
1.000000 0.000000 0.000000
1.000000 0.000000 0.000000
1.000000 0.000000 0.000000
0.999769 0.020903 -0.004964
1.000000 0.000000 0.000000
1.000000 0.000000 0.000000
1.000000 0.000000 0.000000
1.000000 0.000000 0.000000
1.000000 0.000000 0.000000
1.000000 0.000000 0.000000
1.000000 0.000000 0.000000
1.000000 0.000000 0.000000
1.000000 0.000000 0.000000
1.000000 0.000000 0.000000
1.000000 0.000000 0.000000
1.000000 0.000000 0.000000
1.000000 0.000000 0.000000
1.000000 0.000000 0.000000
1.000000 0.000000 0.000000
1.000000 0.000000 0.000000
1.000000 0.000000 0.000000
0.000000 1.000000 -0.000000
0.000000 1.000000 -0.000000
0.000000 1.000000 0.000000
0.000000 1.000000 -0.000000
0.000000 1.000000 -0.000000
0.000000 1.000000 -0.000000
0.000000 0.961973 -0.273146
0.000000 1.000000 -0.000000
0.000000 1.000000 -0.000000
0.000000 1.000000 -0.000000
0.000000 0.961973 -0.273146
0.000000 0.961973 -0.273146
0.000000 0.961973 -0.273146
0.000000 0.487074 -0.873361
0.000000 0.961973 -0.273146
0.000000 0.961973 -0.273146
0.000000 0.487074 -0.873361
0.000000 0.487074 -0.873361
0.000000 -0.487074 -0.873361
0.000000 0.487074 -0.873361
0.000000 -0.487074 -0.873361
0.000000 -0.487074 -0.873361
0.000000 0.487074 -0.873361
0.000000 0.487074 -0.873361
0.000000 -0.961973 -0.273146
0.000000 -0.487074 -0.873361
0.000000 -0.961973 -0.273146
0.000000 -0.961973 -0.273146
0.000000 -0.487074 -0.873361
0.000000 -0.487074 -0.873361
0.000000 -1.000000 0.000000
0.000000 -0.961973 -0.273146
0.000000 -1.000000 0.000000
0.000000 -1.000000 0.000000
0.000000 -0.961973 -0.273146
0.000000 -0.961973 -0.273146
0.000000 -1.000000 -0.000000
0.000000 -1.000000 0.000000
0.000000 -1.000000 -0.000000
0.000000 -1.000000 -0.000000
0.000000 -1.000000 0.000000
0.000000 -1.000000 0.000000
-0.000004 -1.000000 0.000000
-0.000004 -1.000000 0.000001
-0.000004 -1.000000 0.000000
-0.000004 -1.000000 0.000000
-0.000004 -1.000000 0.000001
-0.000004 -1.000000 0.000001
0.000002 1.000000 -0.000000
0.000002 0.999810 -0.019509
0.000002 1.000000 -0.000000
0.000002 0.999810 -0.019509
0.000002 1.000000 -0.000000
0.000002 0.999810 -0.019509
0.000002 0.946032 -0.324074
0.000002 0.999810 -0.019509
0.000002 0.999810 -0.019509
0.000002 0.999810 -0.019509
0.000002 0.946032 -0.324074
0.000002 0.946032 -0.324073
0.000002 0.946032 -0.324074
0.000001 0.457228 -0.889350
0.000002 0.946032 -0.324073
0.000002 0.946032 -0.324073
0.000001 0.457228 -0.889350
0.000001 0.457229 -0.889349
-0.000002 -0.469223 -0.883080
0.000001 0.457228 -0.889350
-0.000002 -0.469225 -0.883079
0.000001 0.457228 -0.889350
-0.000002 -0.469223 -0.883080
0.000001 0.457229 -0.889349
-0.000004 -0.956223 -0.292639
-0.000002 -0.469223 -0.883080
-0.000004 -0.956223 -0.292639
-0.000004 -0.956223 -0.292639
-0.000002 -0.469223 -0.883080
-0.000002 -0.469225 -0.883079
-0.000004 -1.000000 0.000001
-0.000004 -0.956223 -0.292639
-0.000004 -1.000000 0.000001
-0.000004 -1.000000 0.000001
-0.000004 -0.956223 -0.292639
-0.000004 -0.956223 -0.292639
-0.998599 -0.028513 -0.044576
-0.976314 -0.116596 -0.182251
-0.963284 -0.144689 -0.226159
1.000000 0.000003 -0.000000
1.000000 0.000003 0.000000
1.000000 0.000003 -0.000000
-0.991458 -0.130428 -0.000000
-1.000000 -0.000006 -0.000000
-1.000000 -0.000006 -0.000000
0.990628 -0.136590 0.000001
1.000000 -0.000001 0.000001
0.963054 -0.269309 0.000000
-0.772269 0.260296 -0.579523
-0.732185 0.463178 -0.499371
-0.372322 0.324839 -0.869400
-0.372322 0.324839 -0.869400
-0.732185 0.463178 -0.499371
-0.339401 0.529347 -0.777559
-0.109486 0.982224 -0.152478
-0.407804 0.913069 0.000001
-0.106849 0.994275 0.000001
-0.407804 0.913069 0.000001
-0.109486 0.982224 -0.152478
-0.412289 0.898857 -0.148576
-0.412289 0.898857 -0.148576
-0.838772 0.470754 -0.273593
-0.858868 0.498932 -0.115810
-0.838772 0.470754 -0.273593
-0.412289 0.898857 -0.148576
-0.401193 0.841093 -0.362777
-0.081868 0.828024 -0.554684
-0.072143 0.595445 -0.800150
-0.342389 0.789317 -0.509655
-0.342389 0.789317 -0.509655
-0.072143 0.595445 -0.800150
-0.339401 0.529347 -0.777559
0.171005 0.979181 -0.109369
0.342412 0.933294 -0.108243
0.353196 0.917424 -0.183265
0.171005 0.979181 -0.109369
0.353196 0.917424 -0.183265
0.174498 0.963496 -0.203041
0.614183 0.782249 -0.104239
0.848674 0.518302 -0.105430
0.627711 0.762197 -0.158224
0.614183 0.782249 -0.104239
0.842956 0.531788 -0.081405
0.848674 0.518302 -0.105430
0.065272 0.989058 -0.132302
0.171005 0.979181 -0.109369
0.174498 0.963496 -0.203041
0.065272 0.989058 -0.132302
0.174498 0.963496 -0.203041
0.057073 0.974219 -0.218264
0.107899 0.947803 -0.300045
0.339853 0.900940 -0.269827
0.269676 0.827777 -0.491997
0.269676 0.827777 -0.491997
0.081441 0.836524 -0.541843
0.107899 0.947803 -0.300045
0.339853 0.900940 -0.269827
0.505789 0.819189 -0.270384
0.410204 0.776280 -0.478667
0.410204 0.776280 -0.478667
0.269676 0.827777 -0.491997
0.339853 0.900940 -0.269827
0.342412 0.933294 -0.108243
0.614183 0.782249 -0.104239
0.627711 0.762197 -0.158224
0.342412 0.933294 -0.108243
0.627711 0.762197 -0.158224
0.353196 0.917424 -0.183265
0.863502 0.417604 -0.282792
0.848674 0.518302 -0.105430
0.931705 0.305069 -0.197128
0.848674 0.518302 -0.105430
0.917041 0.391121 -0.077843
0.931705 0.305069 -0.197128
0.985197 0.147874 -0.086722
0.985552 0.166650 -0.030239
0.985095 0.146801 -0.089652
0.985552 0.166650 -0.030239
0.985822 0.163701 -0.036838
0.985095 0.146801 -0.089652
0.019430 0.920493 -0.390275
0.021760 0.832156 -0.554115
0.017719 0.829850 -0.557705
0.021760 0.832156 -0.554115
0.019430 0.920493 -0.390275
0.029976 0.922934 -0.383790
-0.732185 0.463178 -0.499371
-0.342389 0.789317 -0.509655
-0.339401 0.529347 -0.777559
0.018914 0.595934 -0.802811
0.021760 0.832156 -0.554115
0.029737 0.839607 -0.542380
0.021760 0.832156 -0.554115
0.018914 0.595934 -0.802811
0.012501 0.588493 -0.808406
-0.105591 0.919090 -0.379638
-0.342389 0.789317 -0.509655
-0.401193 0.841093 -0.362777
-0.342389 0.789317 -0.509655
-0.105591 0.919090 -0.379638
-0.081868 0.828024 -0.554684
0.999559 0.026482 0.013401
0.999769 0.020903 -0.004964
1.000000 0.000000 0.000000
0.999769 0.020903 -0.004964
0.997013 0.075854 -0.014508
0.999718 0.014304 -0.018952
0.000000 -1.000000 -0.000001
0.000000 -1.000000 -0.000001
0.000000 -1.000000 -0.000001
0.000000 -1.000000 -0.000001
0.000000 -1.000000 -0.000001
0.000000 -1.000000 -0.000001
-0.001421 0.310811 -0.950471
0.021426 0.326374 -0.944998
0.021165 0.466958 -0.884026
-0.001421 0.310811 -0.950471
0.021165 0.466958 -0.884026
-0.004559 0.396896 -0.917852
-0.000008 -0.046917 -0.998899
0.000889 0.087770 -0.996140
-0.000008 -0.046928 -0.998898
0.000889 0.087770 -0.996140
-0.000008 -0.046917 -0.998899
0.009611 0.067948 -0.997643
-0.081868 0.828024 -0.554684
0.008400 0.826351 -0.563093
0.003109 0.585165 -0.810908
-0.081868 0.828024 -0.554684
0.003109 0.585165 -0.810908
-0.072143 0.595445 -0.800150
0.014017 0.999902 0.000001
0.017001 0.985386 -0.169487
0.002733 0.999996 0.000001
0.002733 0.999996 0.000001
0.017001 0.985386 -0.169487
0.005857 0.986733 -0.162247
-0.000001 -0.889483 -0.456969
-0.000001 -0.889482 -0.456969
-0.000001 -0.889483 -0.456969
-0.000001 -0.889482 -0.456969
-0.000001 -0.889483 -0.456969
-0.000001 -0.889483 -0.456969
-0.000001 -1.000000 -0.000000
-0.000001 -1.000000 -0.000000
-0.000001 -1.000000 -0.000000
-0.000001 -1.000000 -0.000000
-0.000001 -1.000000 -0.000000
-0.000001 -1.000000 -0.000000
-0.001687 0.351195 -0.936301
0.003109 0.585165 -0.810908
0.000204 0.357379 -0.933959
0.000204 0.357379 -0.933959
0.003109 0.585165 -0.810908
0.008582 0.587439 -0.809223
-0.000001 -1.000000 -0.000001
-0.000001 -1.000000 -0.000001
-0.000001 -1.000000 -0.000001
-0.000001 -1.000000 -0.000001
-0.000001 -1.000000 -0.000001
-0.000001 -1.000000 -0.000001
-0.109486 0.982224 -0.152478
0.005857 0.986733 -0.162247
0.009062 0.920538 -0.390548
-0.109486 0.982224 -0.152478
0.009062 0.920538 -0.390548
-0.105591 0.919090 -0.379638
0.000863 0.092322 -0.995729
0.000889 0.087770 -0.996140
-0.001421 0.310811 -0.950471
0.000863 0.092322 -0.995729
-0.001421 0.310811 -0.950471
-0.001147 0.300789 -0.953690
-0.105591 0.919090 -0.379638
0.009062 0.920538 -0.390548
0.008400 0.826351 -0.563093
-0.105591 0.919090 -0.379638
0.008400 0.826351 -0.563093
-0.081868 0.828024 -0.554684
0.000001 -0.889483 -0.456969
0.000001 -0.889483 -0.456969
0.000001 -0.889483 -0.456969
0.000001 -0.889483 -0.456969
0.000001 -0.889483 -0.456969
0.000001 -0.889483 -0.456969
0.016756 0.367535 -0.929859
0.011595 0.361743 -0.932206
0.030183 0.603225 -0.797000
0.011595 0.361743 -0.932206
0.018914 0.595934 -0.802811
0.030183 0.603225 -0.797000
0.087080 0.996201 0.000001
0.083507 0.989707 -0.116220
0.062713 0.998032 0.000001
0.062713 0.998032 0.000001
0.083507 0.989707 -0.116220
0.058061 0.987591 -0.145923
0.000001 -1.000000 -0.000000
0.000001 -1.000000 -0.000000
0.000001 -1.000000 -0.000000
0.000001 -1.000000 -0.000000
0.000001 -1.000000 -0.000000
0.000001 -1.000000 -0.000000
0.000001 -1.000000 -0.000001
0.000001 -1.000000 -0.000001
0.000001 -1.000000 -0.000001
0.000001 -1.000000 -0.000001
0.000001 -1.000000 -0.000001
0.000001 -1.000000 -0.000001
-0.000001 -1.000000 -0.000001
-0.000001 -1.000000 -0.000001
-0.000001 -1.000000 -0.000001
-0.000001 -1.000000 -0.000001
-0.000001 -1.000000 -0.000001
-0.000001 -1.000000 -0.000001
0.003882 0.304299 -0.952569
0.000742 0.367128 -0.930170
0.005094 0.370347 -0.928880
0.000742 0.367128 -0.930170
0.003882 0.304299 -0.952569
0.001534 0.300495 -0.953782
-0.000053 -0.046944 -0.998897
0.001292 0.095805 -0.995399
-0.000087 -0.046980 -0.998896
0.001292 0.095805 -0.995399
-0.000053 -0.046944 -0.998897
0.001188 0.093634 -0.995606
0.043889 0.932656 -0.358087
0.021760 0.832156 -0.554115
0.029976 0.922934 -0.383790
0.021760 0.832156 -0.554115
0.043889 0.932656 -0.358087
0.029737 0.839607 -0.542380
0.058061 0.987591 -0.145923
0.029976 0.922934 -0.383790
0.036211 0.985444 -0.166099
0.029976 0.922934 -0.383790
0.058061 0.987591 -0.145923
0.043889 0.932656 -0.358087
0.001257 0.099458 -0.995041
0.001292 0.095805 -0.995399
0.003882 0.304299 -0.952569
0.001257 0.099458 -0.995041
0.003882 0.304299 -0.952569
0.003750 0.310626 -0.950525
0.030183 0.603225 -0.797000
0.029737 0.839607 -0.542380
0.053377 0.845616 -0.531116
0.029737 0.839607 -0.542380
0.030183 0.603225 -0.797000
0.018914 0.595934 -0.802811
-0.000000 -1.000000 -0.000001
-0.000000 -1.000000 -0.000001
-0.000000 -1.000000 -0.000001
-0.000000 -1.000000 -0.000001
-0.000000 -1.000000 -0.000001
-0.000000 -1.000000 -0.000001
0.003750 0.310626 -0.950525
0.004915 0.376037 -0.926592
0.004030 0.320168 -0.947352
0.004030 0.320168 -0.947352
0.004915 0.376037 -0.926592
0.005269 0.384977 -0.922911
-0.000084 -0.047038 -0.998893
0.001356 0.104564 -0.994517
-0.000089 -0.047128 -0.998889
0.001356 0.104564 -0.994517
-0.000084 -0.047038 -0.998893
0.001257 0.099458 -0.995041
-0.000000 -0.889482 -0.456969
-0.000000 -0.889482 -0.456969
-0.000000 -0.889482 -0.456969
-0.000000 -0.889482 -0.456969
-0.000000 -0.889482 -0.456969
-0.000000 -0.889482 -0.456969
0.014153 0.372713 -0.927839
0.046945 0.604293 -0.795378
0.037532 0.414251 -0.909389
-0.000000 -1.000000 -0.000000
-0.000000 -1.000000 -0.000000
-0.000000 -1.000000 -0.000000
-0.000000 -1.000000 -0.000000
-0.000000 -1.000000 -0.000000
-0.000000 -1.000000 -0.000000
-0.000000 -1.000000 -0.000001
-0.000000 -1.000000 -0.000001
-0.000000 -1.000000 -0.000001
-0.000000 -1.000000 -0.000001
-0.000000 -1.000000 -0.000001
-0.000000 -1.000000 -0.000001
-0.015696 0.098183 -0.995045
0.001356 0.104564 -0.994517
0.004030 0.320168 -0.947352
-0.015696 0.098183 -0.995045
0.004030 0.320168 -0.947352
-0.034382 0.333975 -0.941955
0.043889 0.932656 -0.358087
0.071054 0.943610 -0.323343
0.053377 0.845616 -0.531116
0.043889 0.932656 -0.358087
0.053377 0.845616 -0.531116
0.029737 0.839607 -0.542380
0.058061 0.987591 -0.145923
0.083507 0.989707 -0.116220
0.071054 0.943610 -0.323343
0.058061 0.987591 -0.145923
0.071054 0.943610 -0.323343
0.043889 0.932656 -0.358087
0.000000 -0.889482 -0.456969
0.000000 -0.889482 -0.456969
0.000000 -0.889482 -0.456969
0.000000 -0.889482 -0.456969
0.000000 -0.889482 -0.456969
0.000000 -0.889482 -0.456969
0.046945 0.604293 -0.795378
0.014153 0.372713 -0.927839
0.016756 0.367535 -0.929859
0.016756 0.367535 -0.929859
0.030183 0.603225 -0.797000
0.046945 0.604293 -0.795378
0.132427 0.991193 0.000001
0.129175 0.986414 -0.101492
0.087080 0.996201 0.000001
0.087080 0.996201 0.000001
0.129175 0.986414 -0.101492
0.083507 0.989707 -0.116220
-0.000000 -1.000000 -0.000000
-0.000000 -1.000000 -0.000000
-0.000000 -1.000000 -0.000000
-0.000000 -1.000000 -0.000000
-0.000000 -1.000000 -0.000000
-0.000000 -1.000000 -0.000000
-0.000000 -1.000000 -0.000001
-0.000000 -1.000000 -0.000001
-0.000000 -1.000000 -0.000001
-0.000000 -1.000000 -0.000001
-0.000000 -1.000000 -0.000001
-0.000000 -1.000000 -0.000001
0.001356 0.104564 -0.994517
0.001257 0.099458 -0.995041
0.003750 0.310626 -0.950525
0.001356 0.104564 -0.994517
0.003750 0.310626 -0.950525
0.004030 0.320168 -0.947352
0.053377 0.845616 -0.531116
0.081441 0.836524 -0.541843
0.046945 0.604293 -0.795378
0.053377 0.845616 -0.531116
0.046945 0.604293 -0.795378
0.030183 0.603225 -0.797000
0.000001 -1.000000 -0.000001
0.000001 -1.000000 -0.000001
0.000001 -1.000000 -0.000001
0.000001 -1.000000 -0.000001
0.000001 -1.000000 -0.000001
0.000001 -1.000000 -0.000001
0.003750 0.310626 -0.950525
0.003882 0.304299 -0.952569
0.005094 0.370347 -0.928880
0.003750 0.310626 -0.950525
0.005094 0.370347 -0.928880
0.004915 0.376037 -0.926592
-0.000087 -0.046980 -0.998896
0.001257 0.099458 -0.995041
-0.000084 -0.047038 -0.998893
0.001257 0.099458 -0.995041
-0.000087 -0.046980 -0.998896
0.001292 0.095805 -0.995399
-0.972302 0.143611 -0.184403
-0.732185 0.463178 -0.499371
-0.944510 0.179252 -0.275262
-0.732185 0.463178 -0.499371
-0.972302 0.143611 -0.184403
-0.838772 0.470754 -0.273593
-0.000001 -1.000000 -0.000001
-0.000001 -1.000000 -0.000001
-0.000001 -1.000000 -0.000001
-0.000001 -1.000000 -0.000001
-0.000001 -1.000000 -0.000001
-0.000001 -1.000000 -0.000001
-0.001421 0.310811 -0.950471
-0.004559 0.396896 -0.917852
-0.001147 0.300789 -0.953690
-0.001147 0.300789 -0.953690
-0.004559 0.396896 -0.917852
-0.004017 0.370163 -0.928958
-0.000008 -0.046928 -0.998898
0.000863 0.092322 -0.995729
-0.000008 -0.046935 -0.998898
0.000863 0.092322 -0.995729
-0.000008 -0.046928 -0.998898
0.000889 0.087770 -0.996140
0.008400 0.826351 -0.563093
0.017719 0.829850 -0.557705
0.008582 0.587439 -0.809223
0.008400 0.826351 -0.563093
0.008582 0.587439 -0.809223
0.003109 0.585165 -0.810908
0.005857 0.986733 -0.162247
0.017001 0.985386 -0.169487
0.019430 0.920493 -0.390275
0.005857 0.986733 -0.162247
0.019430 0.920493 -0.390275
0.009062 0.920538 -0.390548
0.009062 0.920538 -0.390548
0.019430 0.920493 -0.390275
0.017719 0.829850 -0.557705
0.009062 0.920538 -0.390548
0.017719 0.829850 -0.557705
0.008400 0.826351 -0.563093
0.036211 0.985444 -0.166099
0.014017 0.999902 0.000001
0.037203 0.999308 0.000001
0.014017 0.999902 0.000001
0.036211 0.985444 -0.166099
0.017001 0.985386 -0.169487
0.000000 -0.889483 -0.456969
0.000000 -0.889483 -0.456969
0.000000 -0.889483 -0.456969
0.000000 -0.889483 -0.456969
0.000000 -0.889483 -0.456969
0.000000 -0.889483 -0.456969
-0.000006 -1.000000 -0.000000
-0.000006 -1.000000 -0.000000
-0.000006 -1.000000 -0.000000
-0.000006 -1.000000 -0.000000
-0.000006 -1.000000 -0.000000
-0.000006 -1.000000 -0.000000
0.000204 0.357379 -0.933959
0.008582 0.587439 -0.809223
0.005582 0.359033 -0.933308
0.005582 0.359033 -0.933308
0.008582 0.587439 -0.809223
0.012501 0.588493 -0.808406
-0.000006 -1.000000 -0.000001
-0.000006 -1.000000 -0.000001
-0.000006 -1.000000 -0.000001
-0.000006 -1.000000 -0.000001
-0.000006 -1.000000 -0.000001
-0.000006 -1.000000 -0.000001
0.000863 0.092322 -0.995729
-0.001147 0.300789 -0.953690
0.001188 0.093634 -0.995606
0.001188 0.093634 -0.995606
-0.001147 0.300789 -0.953690
0.001534 0.300495 -0.953782
-0.018206 0.069899 -0.997388
0.019522 0.341668 -0.939618
0.002278 0.053144 -0.998584
0.019522 0.341668 -0.939618
-0.018206 0.069899 -0.997388
-0.027214 0.337887 -0.940793
0.057073 0.974219 -0.218264
0.174498 0.963496 -0.203041
0.183103 0.779069 -0.599604
0.057073 0.974219 -0.218264
0.183103 0.779069 -0.599604
0.044235 0.792517 -0.608244
0.033956 0.999423 -0.000000
0.084219 0.996447 -0.000000
0.077987 0.994817 -0.065244
0.033956 0.999423 -0.000000
0.077987 0.994817 -0.065244
0.026519 0.996500 -0.079280
0.026519 0.996500 -0.079280
0.077987 0.994817 -0.065244
0.065272 0.989058 -0.132302
0.026519 0.996500 -0.079280
0.065272 0.989058 -0.132302
0.012910 0.988230 -0.152432
-0.027214 0.337887 -0.940793
0.044235 0.792517 -0.608244
0.019522 0.341668 -0.939618
0.044235 0.792517 -0.608244
-0.027214 0.337887 -0.940793
-0.029775 0.646561 -0.762281
0.012910 0.988230 -0.152432
0.065272 0.989058 -0.132302
0.057073 0.974219 -0.218264
0.012910 0.988230 -0.152432
0.057073 0.974219 -0.218264
0.003191 0.970549 -0.240881
-0.002189 -0.038618 -0.999252
0.002278 0.053144 -0.998584
0.122052 0.041666 -0.991649
-0.000000 0.240105 0.970747
-0.000000 0.295184 0.955440
-0.000000 0.295184 0.955440
-0.000000 0.295184 0.955440
-0.000000 0.240105 0.970747
-0.000000 0.240105 0.970747
-0.000000 0.063437 0.997986
-0.000000 0.063437 0.997986
-0.000000 0.240105 0.970747
-0.000000 0.240105 0.970747
-0.000000 0.240105 0.970747
-0.000000 0.063437 0.997986
-0.000000 0.063437 0.997986
-0.000000 0.063437 0.997986
-0.000000 -0.223502 0.974704
-0.000000 0.063437 0.997986
-0.000000 -0.223502 0.974704
-0.000000 -0.223502 0.974704
-0.417130 0.908847 -0.000000
0.417128 0.908848 -0.000000
0.391745 0.920074 -0.000000
-0.417130 0.908847 -0.000000
0.391745 0.920074 -0.000000
-0.391747 0.920073 -0.000000
-0.417130 0.908847 -0.000000
-0.927597 0.373584 -0.000000
-0.946852 0.321668 -0.000000
-0.927597 0.373584 -0.000000
-0.417130 0.908847 -0.000000
-0.391747 0.920073 -0.000000
-0.411066 -0.911605 0.000001
0.391746 -0.920074 0.000000
0.411070 -0.911604 0.000000
0.391746 -0.920074 0.000000
-0.411066 -0.911605 0.000001
-0.391743 -0.920075 0.000001
0.411070 -0.911604 0.000000
0.927596 -0.373585 -0.000000
0.924932 -0.380132 -0.000000
0.927596 -0.373585 -0.000000
0.411070 -0.911604 0.000000
0.391746 -0.920074 0.000000
-0.946852 0.321668 -0.000000
-0.927596 -0.373586 0.000000
-0.924931 -0.380134 0.000000
-0.927596 -0.373586 0.000000
-0.946852 0.321668 -0.000000
-0.927597 0.373584 -0.000000
-0.924931 -0.380134 0.000000
-0.927596 -0.373586 0.000000
-0.411066 -0.911605 0.000001
-0.411066 -0.911605 0.000001
-0.927596 -0.373586 0.000000
-0.391743 -0.920075 0.000001
0.946853 0.321668 -0.000000
0.924932 -0.380132 -0.000000
0.927596 -0.373585 -0.000000
0.946853 0.321668 -0.000000
0.927596 -0.373585 -0.000000
0.927596 0.373584 -0.000000
0.946853 0.321668 -0.000000
0.927596 0.373584 -0.000000
0.417128 0.908848 -0.000000
0.417128 0.908848 -0.000000
0.927596 0.373584 -0.000000
0.391745 0.920074 -0.000000
-0.408161 0.411710 0.814800
0.408161 0.411709 0.814801
-0.533429 0.381465 0.754942
0.533431 0.381463 0.754942
-0.533429 0.381465 0.754942
0.408161 0.411709 0.814801
-0.533429 0.381465 0.754942
-0.842140 0.243199 0.481306
-0.408161 0.411710 0.814800
-0.842140 0.243199 0.481306
-0.533429 0.381465 0.754942
-0.842140 0.243199 0.481306
0.842142 0.243195 0.481304
0.533431 0.381463 0.754942
0.842142 0.243195 0.481304
0.533431 0.381463 0.754942
0.408161 0.411709 0.814801
0.842142 0.243195 0.481304
0.000000 -1.000000 0.000001
0.000000 -1.000000 0.000001
0.000000 -1.000000 0.000001
0.000000 -1.000000 0.000001
0.000000 -1.000000 0.000001
0.000000 -1.000000 0.000001
-0.000000 1.000000 0.000005
-0.000000 1.000000 0.000005
-0.000000 1.000000 0.000005
-0.000000 1.000000 0.000005
-0.000000 1.000000 0.000005
-0.000000 1.000000 0.000005
-0.000001 1.000000 0.000003
-0.000001 1.000000 0.000003
-0.000001 1.000000 0.000003
-0.000001 1.000000 0.000003
-0.000001 1.000000 0.000003
-0.000001 1.000000 0.000003
0.000000 -1.000000 -0.000003
0.000000 -1.000000 -0.000003
0.000000 -1.000000 -0.000003
0.000000 -1.000000 -0.000003
0.000000 -1.000000 -0.000003
0.000000 -1.000000 -0.000003
0.000002 -1.000000 -0.000003
0.000002 -1.000000 -0.000003
0.000002 -1.000000 -0.000003
0.000002 -1.000000 -0.000003
0.000002 -1.000000 -0.000003
0.000002 -1.000000 -0.000003
0.000000 1.000000 0.000002
0.000000 1.000000 0.000002
0.000000 1.000000 0.000002
0.000000 1.000000 0.000002
0.000000 1.000000 0.000002
0.000000 1.000000 0.000002
-0.558404 -0.374123 -0.740417
-0.558404 -0.374123 -0.740417
-0.558404 -0.374123 -0.740417
-0.558404 -0.374123 -0.740417
-0.558404 -0.374123 -0.740417
-0.558404 -0.374123 -0.740417
0.480127 -0.395604 -0.782928
0.782395 -0.280865 -0.555854
0.782395 -0.280865 -0.555854
0.782395 -0.280865 -0.555854
0.480127 -0.395604 -0.782928
0.374354 -0.418192 -0.827632
-0.374354 -0.418191 -0.827633
0.480127 -0.395604 -0.782928
-0.480128 -0.395602 -0.782928
0.480127 -0.395604 -0.782928
-0.374354 -0.418191 -0.827633
0.374354 -0.418192 -0.827632
-0.782395 -0.280863 -0.555854
-0.782395 -0.280863 -0.555854
-0.480128 -0.395602 -0.782928
-0.374354 -0.418191 -0.827633
-0.480128 -0.395602 -0.782928
-0.782395 -0.280863 -0.555854
0.558403 -0.374124 -0.740417
0.558403 -0.374124 -0.740417
0.558403 -0.374124 -0.740417
0.558403 -0.374124 -0.740417
0.558403 -0.374124 -0.740417
0.558403 -0.374124 -0.740417
0.000000 0.240102 -0.970748
0.000000 0.240102 -0.970748
0.000000 0.295175 -0.955443
0.000000 0.295175 -0.955443
0.000000 0.240102 -0.970748
0.000000 0.295175 -0.955443
0.000000 0.063436 -0.997986
0.000000 0.240102 -0.970748
0.000000 0.240102 -0.970748
0.000000 0.240102 -0.970748
0.000000 0.063436 -0.997986
0.000000 0.063436 -0.997986
0.000000 -0.223505 -0.974703
0.000000 -0.223505 -0.974703
0.000000 0.063436 -0.997986
0.000000 -0.223505 -0.974703
0.000000 0.063436 -0.997986
0.000000 0.063436 -0.997986
-0.391746 0.920073 0.000000
0.391743 0.920075 0.000000
0.417125 0.908849 0.000000
-0.391746 0.920073 0.000000
0.417125 0.908849 0.000000
-0.417129 0.908847 0.000000
0.927595 0.373586 0.000000
0.417125 0.908849 0.000000
0.391743 0.920075 0.000000
0.417125 0.908849 0.000000
0.927595 0.373586 0.000000
0.946851 0.321672 0.000000
0.391742 -0.920075 0.000001
-0.391743 -0.920075 0.000001
-0.411066 -0.911605 0.000001
0.391742 -0.920075 0.000001
-0.411066 -0.911605 0.000001
0.411065 -0.911606 0.000001
-0.927595 -0.373587 0.000000
-0.411066 -0.911605 0.000001
-0.391743 -0.920075 0.000001
-0.411066 -0.911605 0.000001
-0.927595 -0.373587 0.000000
-0.924931 -0.380135 0.000000
0.927595 -0.373588 0.000000
0.946851 0.321672 0.000000
0.927595 0.373586 0.000000
0.946851 0.321672 0.000000
0.927595 -0.373588 0.000000
0.924931 -0.380136 0.000000
0.391742 -0.920075 0.000001
0.411065 -0.911606 0.000001
0.927595 -0.373588 0.000000
0.927595 -0.373588 0.000000
0.411065 -0.911606 0.000001
0.924931 -0.380136 0.000000
-0.927595 -0.373587 0.000000
-0.927596 0.373584 0.000000
-0.946852 0.321668 0.000000
-0.927595 -0.373587 0.000000
-0.946852 0.321668 0.000000
-0.924931 -0.380135 0.000000
-0.391746 0.920073 0.000000
-0.417129 0.908847 0.000000
-0.927596 0.373584 0.000000
-0.927596 0.373584 0.000000
-0.417129 0.908847 0.000000
-0.946852 0.321668 0.000000
-0.408162 0.411710 -0.814800
0.533428 0.381465 -0.754943
0.408160 0.411710 -0.814801
0.533428 0.381465 -0.754943
-0.408162 0.411710 -0.814800
-0.533430 0.381464 -0.754942
0.842139 0.243199 -0.481307
0.533428 0.381465 -0.754943
0.842139 0.243199 -0.481307
0.533428 0.381465 -0.754943
0.842139 0.243199 -0.481307
0.408160 0.411710 -0.814801
-0.842142 0.243198 -0.481303
-0.533430 0.381464 -0.754942
-0.408162 0.411710 -0.814800
-0.842142 0.243198 -0.481303
-0.842141 0.243197 -0.481303
-0.533430 0.381464 -0.754942
-0.000000 -1.000000 0.000000
-0.000000 -1.000000 0.000000
-0.000000 -1.000000 0.000000
-0.000000 -1.000000 0.000000
-0.000000 -1.000000 0.000000
-0.000000 -1.000000 0.000000
0.000001 1.000000 -0.000002
0.000001 1.000000 -0.000002
0.000001 1.000000 -0.000002
0.000001 1.000000 -0.000002
0.000001 1.000000 -0.000002
0.000001 1.000000 -0.000002
-0.000001 1.000000 -0.000000
-0.000001 1.000000 -0.000000
-0.000001 1.000000 -0.000000
-0.000001 1.000000 -0.000000
-0.000001 1.000000 -0.000000
-0.000001 1.000000 -0.000000
0.000001 -1.000000 0.000000
0.000001 -1.000000 0.000000
0.000001 -1.000000 0.000000
0.000001 -1.000000 0.000000
0.000001 -1.000000 0.000000
0.000001 -1.000000 0.000000
0.000000 -1.000000 0.000000
0.000000 -1.000000 0.000000
0.000000 -1.000000 0.000000
0.000000 -1.000000 0.000000
0.000000 -1.000000 0.000000
0.000000 -1.000000 0.000000
-0.000002 1.000000 0.000000
-0.000002 1.000000 0.000000
-0.000002 1.000000 0.000000
-0.000002 1.000000 0.000000
-0.000002 1.000000 0.000000
-0.000002 1.000000 0.000000
0.558385 -0.374130 0.740428
0.558385 -0.374130 0.740428
0.558385 -0.374130 0.740428
0.558385 -0.374130 0.740428
0.558385 -0.374130 0.740428
0.558385 -0.374130 0.740428
-0.782393 -0.280868 0.555855
-0.480126 -0.395605 0.782928
-0.374354 -0.418193 0.827631
-0.480126 -0.395605 0.782928
-0.782393 -0.280868 0.555855
-0.782393 -0.280868 0.555855
0.374355 -0.418193 0.827631
-0.480126 -0.395605 0.782928
0.480126 -0.395605 0.782928
-0.480126 -0.395605 0.782928
0.374355 -0.418193 0.827631
-0.374354 -0.418193 0.827631
0.782394 -0.280866 0.555854
0.480126 -0.395605 0.782928
0.782394 -0.280866 0.555854
0.782394 -0.280866 0.555854
0.374355 -0.418193 0.827631
0.480126 -0.395605 0.782928
-0.558389 -0.374128 0.740425
-0.558389 -0.374128 0.740425
-0.558389 -0.374128 0.740425
-0.558389 -0.374128 0.740425
-0.558389 -0.374128 0.740425
-0.558389 -0.374128 0.740425
-0.000000 0.240103 -0.970747
-0.000000 0.240104 -0.970747
-0.000000 0.295178 -0.955442
-0.000000 0.295178 -0.955442
-0.000000 0.240104 -0.970747
-0.000000 0.295178 -0.955442
-0.000000 0.063433 -0.997986
-0.000000 0.240103 -0.970747
-0.000000 0.063434 -0.997986
-0.000000 0.240103 -0.970747
-0.000000 0.063433 -0.997986
-0.000000 0.240104 -0.970747
-0.000000 0.063433 -0.997986
-0.000000 -0.223511 -0.974701
-0.000000 -0.223511 -0.974701
-0.000000 -0.223511 -0.974701
-0.000000 0.063433 -0.997986
-0.000000 0.063434 -0.997986
-0.391747 0.920073 -0.000000
0.391745 0.920074 -0.000001
0.417127 0.908848 -0.000001
-0.391747 0.920073 -0.000000
0.417127 0.908848 -0.000001
-0.417130 0.908847 -0.000000
0.927596 0.373585 -0.000001
0.417127 0.908848 -0.000001
0.391745 0.920074 -0.000001
0.417127 0.908848 -0.000001
0.927596 0.373585 -0.000001
0.946852 0.321670 -0.000001
0.391745 -0.920074 0.000001
-0.391747 -0.920073 0.000000
-0.411070 -0.911604 -0.000000
0.391745 -0.920074 0.000001
-0.411070 -0.911604 -0.000000
0.411069 -0.911604 0.000001
-0.927597 -0.373583 -0.000001
-0.411070 -0.911604 -0.000000
-0.391747 -0.920073 0.000000
-0.411070 -0.911604 -0.000000
-0.927597 -0.373583 -0.000001
-0.924933 -0.380131 -0.000001
0.927596 -0.373585 0.000000
0.946852 0.321670 -0.000001
0.927596 0.373585 -0.000001
0.946852 0.321670 -0.000001
0.927596 -0.373585 0.000000
0.924932 -0.380133 0.000000
0.391745 -0.920074 0.000001
0.411069 -0.911604 0.000001
0.927596 -0.373585 0.000000
0.927596 -0.373585 0.000000
0.411069 -0.911604 0.000001
0.924932 -0.380133 0.000000
-0.927597 -0.373583 -0.000001
-0.927597 0.373583 -0.000001
-0.946853 0.321667 -0.000001
-0.927597 -0.373583 -0.000001
-0.946853 0.321667 -0.000001
-0.924933 -0.380131 -0.000001
-0.391747 0.920073 -0.000000
-0.417130 0.908847 -0.000000
-0.927597 0.373583 -0.000001
-0.927597 0.373583 -0.000001
-0.417130 0.908847 -0.000000
-0.946853 0.321667 -0.000001
-0.408161 0.411708 -0.814801
0.533429 0.381465 -0.754942
0.408161 0.411710 -0.814800
0.533429 0.381465 -0.754942
-0.408161 0.411708 -0.814801
-0.533432 0.381461 -0.754942
0.842140 0.243199 -0.481305
0.533429 0.381465 -0.754942
0.842140 0.243199 -0.481305
0.533429 0.381465 -0.754942
0.842140 0.243199 -0.481305
0.408161 0.411710 -0.814800
-0.842142 0.243193 -0.481304
-0.533432 0.381461 -0.754942
-0.408161 0.411708 -0.814801
-0.842142 0.243193 -0.481304
-0.842142 0.243193 -0.481304
-0.533432 0.381461 -0.754942
-0.000000 -1.000000 -0.000001
-0.000000 -1.000000 -0.000001
-0.000000 -1.000000 -0.000001
-0.000000 -1.000000 -0.000001
-0.000000 -1.000000 -0.000001
-0.000000 -1.000000 -0.000001
0.000001 1.000000 -0.000000
0.000001 1.000000 -0.000000
0.000001 1.000000 -0.000000
0.000001 1.000000 -0.000000
0.000001 1.000000 -0.000000
0.000001 1.000000 -0.000000
-0.000002 1.000000 -0.000000
-0.000002 1.000000 -0.000000
-0.000002 1.000000 -0.000000
-0.000002 1.000000 -0.000000
-0.000002 1.000000 -0.000000
-0.000002 1.000000 -0.000000
0.000003 -1.000000 -0.000001
0.000003 -1.000000 -0.000001
0.000003 -1.000000 -0.000001
0.000003 -1.000000 -0.000001
0.000003 -1.000000 -0.000001
0.000003 -1.000000 -0.000001
0.000001 -1.000000 0.000000
0.000001 -1.000000 0.000000
0.000001 -1.000000 0.000000
0.000001 -1.000000 0.000000
0.000001 -1.000000 0.000000
0.000001 -1.000000 0.000000
-0.000000 1.000000 -0.000000
-0.000000 1.000000 -0.000000
-0.000000 1.000000 -0.000000
-0.000000 1.000000 -0.000000
-0.000000 1.000000 -0.000000
-0.000000 1.000000 -0.000000
0.558390 -0.374128 0.740425
0.558390 -0.374128 0.740425
0.558390 -0.374128 0.740425
0.558390 -0.374128 0.740425
0.558390 -0.374128 0.740425
0.558390 -0.374128 0.740425
-0.782394 -0.280867 0.555854
-0.480126 -0.395605 0.782928
-0.374354 -0.418193 0.827631
-0.480126 -0.395605 0.782928
-0.782394 -0.280867 0.555854
-0.782394 -0.280867 0.555854
0.374354 -0.418191 0.827632
-0.480126 -0.395605 0.782928
0.480130 -0.395602 0.782927
-0.480126 -0.395605 0.782928
0.374354 -0.418191 0.827632
-0.374354 -0.418193 0.827631
0.782396 -0.280862 0.555853
0.480130 -0.395602 0.782927
0.782396 -0.280862 0.555853
0.782396 -0.280862 0.555853
0.374354 -0.418191 0.827632
0.480130 -0.395602 0.782927
-0.558387 -0.374130 0.740426
-0.558387 -0.374130 0.740426
-0.558387 -0.374130 0.740426
-0.558387 -0.374130 0.740426
-0.558387 -0.374130 0.740426
-0.558387 -0.374130 0.740426
0.893498 0.019196 0.448656
0.875595 0.287563 0.388125
0.861101 0.348864 0.369863
0.875595 0.287563 0.388125
0.893498 0.019196 0.448656
0.890602 -0.016529 0.454482
0.861101 0.348864 0.369863
0.760667 0.585538 0.280233
0.713238 0.656381 0.245877
0.760667 0.585538 0.280233
0.861101 0.348864 0.369863
0.875595 0.287563 0.388125
0.713238 0.656381 0.245877
0.536103 0.833367 0.134511
0.454504 0.886318 0.088691
0.536103 0.833367 0.134511
0.713238 0.656381 0.245877
0.760667 0.585538 0.280233
0.454504 0.886318 0.088691
0.220743 0.974856 -0.030480
0.126495 0.989171 -0.074432
0.220743 0.974856 -0.030480
0.454504 0.886318 0.088691
0.536103 0.833367 0.134511
0.126495 0.989171 -0.074432
-0.130110 0.974337 -0.183683
-0.207222 0.954703 -0.213544
-0.130110 0.974337 -0.183683
0.126495 0.989171 -0.074432
0.220743 0.974856 -0.030480
-0.207222 0.954703 -0.213544
-0.452580 0.840385 -0.298202
-0.497021 0.809881 -0.311550
-0.452580 0.840385 -0.298202
-0.207222 0.954703 -0.213544
-0.130110 0.974337 -0.183683
-0.497021 0.809881 -0.311550
-0.705940 0.608567 -0.362346
-0.720280 0.589990 -0.364841
-0.705940 0.608567 -0.362346
-0.497021 0.809881 -0.311550
-0.452580 0.840385 -0.298202
-0.872737 0.312969 -0.374674
-0.869782 0.320726 -0.374986
-0.705940 0.608567 -0.362346
-0.720280 0.589990 -0.364841
-0.705940 0.608567 -0.362346
-0.869782 0.320726 -0.374986
-0.941841 -0.020897 -0.335410
-0.939305 0.018677 -0.342574
-0.872737 0.312969 -0.374674
-0.869782 0.320726 -0.374986
-0.872737 0.312969 -0.374674
-0.939305 0.018677 -0.342574
-0.898451 -0.364754 -0.244419
-0.916422 -0.298979 -0.266048
-0.941841 -0.020897 -0.335410
-0.939305 0.018677 -0.342574
-0.941841 -0.020897 -0.335410
-0.916422 -0.298979 -0.266048
-0.731505 -0.673344 -0.107277
-0.785185 -0.601931 -0.145479
-0.898451 -0.364754 -0.244419
-0.916422 -0.298979 -0.266048
-0.898451 -0.364754 -0.244419
-0.785185 -0.601931 -0.145479
-0.456361 -0.888022 0.056141
-0.542127 -0.840245 0.009312
-0.731505 -0.673344 -0.107277
-0.785185 -0.601931 -0.145479
-0.731505 -0.673344 -0.107277
-0.542127 -0.840245 0.009312
-0.125590 -0.968628 0.214446
-0.217826 -0.960466 0.173369
-0.456361 -0.888022 0.056141
-0.542127 -0.840245 0.009312
-0.456361 -0.888022 0.056141
-0.217826 -0.960466 0.173369
0.197464 -0.918835 0.341686
0.126069 -0.940419 0.315783
-0.125590 -0.968628 0.214446
-0.217826 -0.960466 0.173369
-0.125590 -0.968628 0.214446
0.126069 -0.940419 0.315783
0.471480 -0.771186 0.427761
0.431657 -0.799998 0.416743
0.197464 -0.918835 0.341686
0.126069 -0.940419 0.315783
0.197464 -0.918835 0.341686
0.431657 -0.799998 0.416743
0.680922 -0.558680 0.473522
0.668201 -0.575485 0.471514
0.471480 -0.771186 0.427761
0.431657 -0.799998 0.416743
0.471480 -0.771186 0.427761
0.668201 -0.575485 0.471514
0.668201 -0.575485 0.471514
0.822071 -0.302855 0.482159
0.824740 -0.295917 0.481910
0.822071 -0.302855 0.482159
0.668201 -0.575485 0.471514
0.680922 -0.558680 0.473522
0.824740 -0.295917 0.481910
0.890602 -0.016529 0.454482
0.893498 0.019196 0.448656
0.890602 -0.016529 0.454482
0.824740 -0.295917 0.481910
0.822071 -0.302855 0.482159
-0.840108 0.000001 -0.542418
-0.820497 0.000001 -0.571651
-0.820497 0.000001 -0.571651
-0.820497 0.000001 -0.571651
-0.840108 0.000001 -0.542418
-0.842691 0.000001 -0.538398
0.602279 -0.340680 0.721940
0.840108 0.000000 0.542420
0.636375 0.122189 0.761641
0.840108 0.000000 0.542420
0.602279 -0.340680 0.721940
0.714578 -0.427178 0.553983
-0.268597 -0.904703 0.330707
-0.261254 -0.962415 0.074189
0.178348 -0.812919 0.554395
-0.261254 -0.962415 0.074189
0.233763 -0.900353 0.367041
0.178348 -0.812919 0.554395
-0.237432 -0.454209 -0.858673
0.528338 0.001304 -0.849033
0.472009 -0.473179 -0.743848
0.528338 0.001304 -0.849033
-0.237432 -0.454209 -0.858673
-0.288927 0.001467 -0.957350
-0.204470 0.930792 -0.303015
-0.281849 0.959402 0.010477
0.253768 0.914294 0.315703
-0.204470 0.930792 -0.303015
0.253768 0.914294 0.315703
0.259010 0.962519 -0.080437
0.224619 0.644566 0.730808
-0.320860 0.926224 0.197882
-0.434140 0.732324 0.524618
-0.320860 0.926224 0.197882
0.224619 0.644566 0.730808
0.261431 0.829929 0.492821
-0.820498 0.000002 -0.571650
-0.844168 -0.000003 -0.536078
-0.840108 -0.000001 -0.542419
0.868813 -0.066647 0.490635
0.891515 0.412659 0.186851
0.747774 0.393490 0.534788
0.891515 0.412659 0.186851
0.868813 -0.066647 0.490635
0.987622 0.130634 -0.086823
-0.190028 0.769063 -0.610272
0.440571 0.738123 -0.510952
0.469694 0.330474 -0.818642
-0.190028 0.769063 -0.610272
0.469694 0.330474 -0.818642
-0.259924 0.361328 -0.895478
0.227601 0.207884 0.951305
-0.556751 0.279354 0.782298
-0.499579 -0.369310 0.783601
0.227601 0.207884 0.951305
-0.499579 -0.369310 0.783601
0.200537 -0.339365 0.919030
-0.876914 0.000390 -0.480646
-0.875682 0.000182 -0.482888
-0.891664 0.000363 -0.452698
-0.876914 0.000390 -0.480646
-0.891664 0.000363 -0.452698
-0.891770 0.000726 -0.452488
0.755998 -0.461707 0.463996
0.999980 0.000184 0.006310
0.875681 -0.000179 0.482889
0.999980 0.000184 0.006310
0.755998 -0.461707 0.463996
0.893060 -0.449730 0.013683
0.250875 -0.963844 -0.089809
0.251615 -0.936814 0.243042
-0.215985 -0.934965 -0.281409
-0.260662 -0.964996 -0.028937
-0.215985 -0.934965 -0.281409
0.251615 -0.936814 0.243042
-0.868813 0.066647 -0.490635
-0.841668 0.264704 -0.470667
-0.881218 0.094843 -0.463098
-0.841668 0.264704 -0.470667
-0.868813 0.066647 -0.490635
-0.856012 0.159054 -0.491879
0.731492 0.320753 0.601695
0.665144 0.362249 0.652961
0.840107 0.000002 0.542420
-0.499579 -0.369310 0.783601
-0.737938 -0.598374 0.312084
-0.268597 -0.904703 0.330707
-0.215985 -0.934965 -0.281409
-0.571021 -0.578789 -0.582184
-0.237432 -0.454209 -0.858673
-0.589847 0.804452 -0.070273
-0.320860 0.926224 0.197882
-0.588282 0.804409 -0.082772
-0.588282 0.804409 -0.082772
-0.320860 0.926224 0.197882
-0.281849 0.959402 0.010477
-0.204470 0.930792 -0.303015
-0.190028 0.769063 -0.610272
-0.456931 0.765022 -0.453824
0.178348 -0.812919 0.554395
0.602279 -0.340680 0.721940
0.200537 -0.339365 0.919030
0.472009 -0.473179 -0.743848
0.893060 -0.449730 0.013683
0.250875 -0.963844 -0.089809
0.731492 0.320753 0.601695
0.253768 0.914294 0.315703
0.261431 0.829929 0.492821
0.253768 0.914294 0.315703
0.731492 0.320753 0.601695
0.747774 0.393490 0.534788
0.259010 0.962519 -0.080437
0.891515 0.412659 0.186851
0.440571 0.738123 -0.510952
0.665144 0.362249 0.652961
0.224619 0.644566 0.730808
0.636375 0.122189 0.761641
0.636375 0.122189 0.761641
0.224619 0.644566 0.730808
0.227601 0.207884 0.951305
0.987622 0.130634 -0.086823
0.999980 0.000184 0.006310
0.528338 0.001304 -0.849033
0.987622 0.130634 -0.086823
0.528338 0.001304 -0.849033
0.469694 0.330474 -0.818642
-0.288927 0.001467 -0.957350
-0.513573 0.390165 -0.764208
-0.259924 0.361328 -0.895478
-0.513573 0.390165 -0.764208
-0.288927 0.001467 -0.957350
-0.553073 0.001281 -0.833132
-0.434140 0.732324 0.524618
-0.898339 0.314472 0.306748
-0.556751 0.279354 0.782298
-0.898339 0.314472 0.306748
-0.434140 0.732324 0.524618
-0.660473 0.750844 -0.003071
-0.507437 -0.846409 -0.161554
-0.261254 -0.962415 0.074189
-0.514374 -0.850088 -0.113003
-0.261254 -0.962415 0.074189
-0.507437 -0.846409 -0.161554
-0.260662 -0.964996 -0.028937
0.251615 -0.936814 0.243042
0.714578 -0.427178 0.553983
0.233763 -0.900353 0.367041
0.714578 -0.427178 0.553983
0.251615 -0.936814 0.243042
0.755998 -0.461707 0.463996
-0.840108 0.000001 -0.542418
-0.840108 -0.000001 -0.542419
-0.868813 0.066647 -0.490635
-0.840108 0.000001 -0.542418
-0.868813 0.066647 -0.490635
-0.875682 0.000182 -0.482888
0.840108 0.000000 0.542420
0.875681 -0.000179 0.482889
0.840107 0.000002 0.542420
0.840107 0.000002 0.542420
0.875681 -0.000179 0.482889
0.868813 -0.066647 0.490635
-0.898339 0.314472 0.306748
-0.499579 -0.369310 0.783601
-0.556751 0.279354 0.782298
-0.499579 -0.369310 0.783601
-0.898339 0.314472 0.306748
-0.737938 -0.598374 0.312084
-0.281849 0.959402 0.010477
-0.456931 0.765022 -0.453824
-0.588282 0.804409 -0.082772
-0.456931 0.765022 -0.453824
-0.281849 0.959402 0.010477
-0.204470 0.930792 -0.303015
-0.190028 0.769063 -0.610272
-0.513573 0.390165 -0.764208
-0.456931 0.765022 -0.453824
-0.513573 0.390165 -0.764208
-0.190028 0.769063 -0.610272
-0.259924 0.361328 -0.895478
-0.215985 -0.934965 -0.281409
-0.260662 -0.964996 -0.028937
-0.571021 -0.578789 -0.582184
-0.507437 -0.846409 -0.161554
-0.571021 -0.578789 -0.582184
-0.260662 -0.964996 -0.028937
0.178348 -0.812919 0.554395
0.233763 -0.900353 0.367041
0.602279 -0.340680 0.721940
0.602279 -0.340680 0.721940
0.233763 -0.900353 0.367041
0.714578 -0.427178 0.553983
0.472009 -0.473179 -0.743848
0.528338 0.001304 -0.849033
0.893060 -0.449730 0.013683
0.999980 0.000184 0.006310
0.893060 -0.449730 0.013683
0.528338 0.001304 -0.849033
0.747774 0.393490 0.534788
0.259010 0.962519 -0.080437
0.253768 0.914294 0.315703
0.259010 0.962519 -0.080437
0.747774 0.393490 0.534788
0.891515 0.412659 0.186851
0.665144 0.362249 0.652961
0.261431 0.829929 0.492821
0.224619 0.644566 0.730808
0.261431 0.829929 0.492821
0.665144 0.362249 0.652961
0.731492 0.320753 0.601695
-0.237432 -0.454209 -0.858673
0.250875 -0.963844 -0.089809
-0.215985 -0.934965 -0.281409
0.250875 -0.963844 -0.089809
-0.237432 -0.454209 -0.858673
0.472009 -0.473179 -0.743848
-0.268597 -0.904703 0.330707
0.200537 -0.339365 0.919030
-0.499579 -0.369310 0.783601
0.200537 -0.339365 0.919030
-0.268597 -0.904703 0.330707
0.178348 -0.812919 0.554395
0.259010 0.962519 -0.080437
-0.190028 0.769063 -0.610272
-0.204470 0.930792 -0.303015
-0.190028 0.769063 -0.610272
0.259010 0.962519 -0.080437
0.440571 0.738123 -0.510952
-0.320860 0.926224 0.197882
0.261431 0.829929 0.492821
-0.281849 0.959402 0.010477
-0.281849 0.959402 0.010477
0.261431 0.829929 0.492821
0.253768 0.914294 0.315703
0.227601 0.207884 0.951305
0.200537 -0.339365 0.919030
0.636375 0.122189 0.761641
0.636375 0.122189 0.761641
0.200537 -0.339365 0.919030
0.602279 -0.340680 0.721940
0.469694 0.330474 -0.818642
0.440571 0.738123 -0.510952
0.987622 0.130634 -0.086823
0.891515 0.412659 0.186851
0.987622 0.130634 -0.086823
0.440571 0.738123 -0.510952
-0.571021 -0.578789 -0.582184
-0.288927 0.001467 -0.957350
-0.237432 -0.454209 -0.858673
-0.288927 0.001467 -0.957350
-0.571021 -0.578789 -0.582184
-0.553073 0.001281 -0.833132
-0.434140 0.732324 0.524618
-0.320860 0.926224 0.197882
-0.660473 0.750844 -0.003071
-0.660473 0.750844 -0.003071
-0.320860 0.926224 0.197882
-0.589847 0.804452 -0.070273
-0.820498 0.000002 -0.571650
-0.840108 0.000001 -0.542418
-0.820497 0.000001 -0.571651
-0.840108 0.000001 -0.542418
-0.820498 0.000002 -0.571650
-0.840108 -0.000001 -0.542419
0.875681 -0.000179 0.482889
0.999980 0.000184 0.006310
0.868813 -0.066647 0.490635
0.868813 -0.066647 0.490635
0.999980 0.000184 0.006310
0.987622 0.130634 -0.086823
-0.259924 0.361328 -0.895478
0.528338 0.001304 -0.849033
-0.288927 0.001467 -0.957350
0.528338 0.001304 -0.849033
-0.259924 0.361328 -0.895478
0.469694 0.330474 -0.818642
-0.556751 0.279354 0.782298
0.227601 0.207884 0.951305
-0.434140 0.732324 0.524618
0.224619 0.644566 0.730808
-0.434140 0.732324 0.524618
0.227601 0.207884 0.951305
-0.261254 -0.962415 0.074189
-0.268597 -0.904703 0.330707
-0.514374 -0.850088 -0.113003
-0.737938 -0.598374 0.312084
-0.514374 -0.850088 -0.113003
-0.268597 -0.904703 0.330707
0.250875 -0.963844 -0.089809
0.755998 -0.461707 0.463996
0.251615 -0.936814 0.243042
0.755998 -0.461707 0.463996
0.250875 -0.963844 -0.089809
0.893060 -0.449730 0.013683
-0.868813 0.066647 -0.490635
-0.891664 0.000363 -0.452698
-0.875682 0.000182 -0.482888
-0.891664 0.000363 -0.452698
-0.868813 0.066647 -0.490635
-0.881218 0.094843 -0.463098
0.636375 0.122189 0.761641
0.840108 0.000000 0.542420
0.665144 0.362249 0.652961
0.665144 0.362249 0.652961
0.840108 0.000000 0.542420
0.840107 0.000002 0.542420
-0.875682 0.000182 -0.482888
-0.842691 0.000001 -0.538398
-0.840108 0.000001 -0.542418
-0.842691 0.000001 -0.538398
-0.875682 0.000182 -0.482888
-0.876914 0.000390 -0.480646
0.755998 -0.461707 0.463996
0.875681 -0.000179 0.482889
0.714578 -0.427178 0.553983
0.840108 0.000000 0.542420
0.714578 -0.427178 0.553983
0.875681 -0.000179 0.482889
-0.260662 -0.964996 -0.028937
0.233763 -0.900353 0.367041
-0.261254 -0.962415 0.074189
0.233763 -0.900353 0.367041
-0.260662 -0.964996 -0.028937
0.251615 -0.936814 0.243042
-0.840108 -0.000001 -0.542419
-0.844168 -0.000003 -0.536078
-0.868813 0.066647 -0.490635
-0.844168 -0.000003 -0.536078
-0.856012 0.159054 -0.491879
-0.868813 0.066647 -0.490635
0.868813 -0.066647 0.490635
0.731492 0.320753 0.601695
0.840107 0.000002 0.542420
0.731492 0.320753 0.601695
0.868813 -0.066647 0.490635
0.747774 0.393490 0.534788
0.875595 0.287563 -0.388124
0.893499 0.019197 -0.448655
0.861102 0.348863 -0.369862
0.893499 0.019197 -0.448655
0.875595 0.287563 -0.388124
0.890603 -0.016529 -0.454482
0.760667 0.585539 -0.280231
0.861102 0.348863 -0.369862
0.713236 0.656385 -0.245874
0.861102 0.348863 -0.369862
0.760667 0.585539 -0.280231
0.875595 0.287563 -0.388124
0.536100 0.833369 -0.134508
0.713236 0.656385 -0.245874
0.454504 0.886318 -0.088689
0.713236 0.656385 -0.245874
0.536100 0.833369 -0.134508
0.760667 0.585539 -0.280231
0.220746 0.974855 0.030480
0.454504 0.886318 -0.088689
0.126497 0.989170 0.074433
0.454504 0.886318 -0.088689
0.220746 0.974855 0.030480
0.536100 0.833369 -0.134508
-0.130111 0.974336 0.183686
0.126497 0.989170 0.074433
-0.207225 0.954702 0.213546
0.126497 0.989170 0.074433
-0.130111 0.974336 0.183686
0.220746 0.974855 0.030480
-0.452580 0.840385 0.298203
-0.207225 0.954702 0.213546
-0.497019 0.809882 0.311550
-0.207225 0.954702 0.213546
-0.452580 0.840385 0.298203
-0.130111 0.974336 0.183686
-0.705938 0.608569 0.362346
-0.497019 0.809882 0.311550
-0.720279 0.589991 0.364841
-0.497019 0.809882 0.311550
-0.705938 0.608569 0.362346
-0.452580 0.840385 0.298203
-0.869782 0.320725 0.374986
-0.872737 0.312968 0.374674
-0.705938 0.608569 0.362346
-0.705938 0.608569 0.362346
-0.720279 0.589991 0.364841
-0.869782 0.320725 0.374986
-0.939305 0.018678 0.342574
-0.941841 -0.020896 0.335409
-0.872737 0.312968 0.374674
-0.872737 0.312968 0.374674
-0.869782 0.320725 0.374986
-0.939305 0.018678 0.342574
-0.916422 -0.298980 0.266047
-0.898450 -0.364757 0.244418
-0.941841 -0.020896 0.335409
-0.941841 -0.020896 0.335409
-0.939305 0.018678 0.342574
-0.916422 -0.298980 0.266047
-0.785186 -0.601930 0.145478
-0.731509 -0.673340 0.107278
-0.898450 -0.364757 0.244418
-0.898450 -0.364757 0.244418
-0.916422 -0.298980 0.266047
-0.785186 -0.601930 0.145478
-0.542129 -0.840244 -0.009312
-0.456358 -0.888023 -0.056145
-0.731509 -0.673340 0.107278
-0.731509 -0.673340 0.107278
-0.785186 -0.601930 0.145478
-0.542129 -0.840244 -0.009312
-0.217818 -0.960467 -0.173374
-0.125585 -0.968628 -0.214449
-0.456358 -0.888023 -0.056145
-0.456358 -0.888023 -0.056145
-0.542129 -0.840244 -0.009312
-0.217818 -0.960467 -0.173374
0.126065 -0.940420 -0.315782
0.197457 -0.918837 -0.341685
-0.125585 -0.968628 -0.214449
-0.125585 -0.968628 -0.214449
-0.217818 -0.960467 -0.173374
0.126065 -0.940420 -0.315782
0.431655 -0.799999 -0.416744
0.471481 -0.771185 -0.427762
0.197457 -0.918837 -0.341685
0.197457 -0.918837 -0.341685
0.126065 -0.940420 -0.315782
0.431655 -0.799999 -0.416744
0.668203 -0.575481 -0.471514
0.680923 -0.558678 -0.473522
0.471481 -0.771185 -0.427762
0.471481 -0.771185 -0.427762
0.431655 -0.799999 -0.416744
0.668203 -0.575481 -0.471514
0.822071 -0.302857 -0.482159
0.668203 -0.575481 -0.471514
0.824740 -0.295919 -0.481910
0.668203 -0.575481 -0.471514
0.822071 -0.302857 -0.482159
0.680923 -0.558678 -0.473522
0.890603 -0.016529 -0.454482
0.824740 -0.295919 -0.481910
0.893499 0.019197 -0.448655
0.824740 -0.295919 -0.481910
0.890603 -0.016529 -0.454482
0.822071 -0.302857 -0.482159
-0.840105 -0.000002 0.542423
-0.820496 -0.000002 0.571652
-0.842687 -0.000001 0.538404
-0.820496 -0.000002 0.571652
-0.840105 -0.000002 0.542423
-0.820496 -0.000003 0.571653
0.840106 0.000000 -0.542422
0.602286 -0.340677 -0.721935
0.636378 0.122186 -0.761638
0.602286 -0.340677 -0.721935
0.840106 0.000000 -0.542422
0.714576 -0.427173 -0.553989
0.233764 -0.900350 -0.367047
-0.261256 -0.962414 -0.074186
0.178355 -0.812920 -0.554392
0.178355 -0.812920 -0.554392
-0.261256 -0.962414 -0.074186
-0.268598 -0.904705 -0.330702
0.528340 0.001301 0.849032
-0.237427 -0.454207 0.858676
0.472012 -0.473179 0.743846
-0.237427 -0.454207 0.858676
0.528340 0.001301 0.849032
-0.288918 0.001463 0.957353
0.259007 0.962520 0.080443
0.253764 0.914295 -0.315704
-0.204469 0.930790 0.303022
-0.204469 0.930790 0.303022
0.253764 0.914295 -0.315704
-0.281846 0.959402 -0.010470
0.224621 0.644564 -0.730810
-0.320860 0.926225 -0.197877
0.261425 0.829933 -0.492817
-0.320860 0.926225 -0.197877
0.224621 0.644564 -0.730810
-0.434143 0.732324 -0.524616
-0.820494 -0.000004 0.571655
-0.840106 -0.000003 0.542423
-0.844166 -0.000005 0.536082
0.868811 -0.066648 -0.490637
0.891513 0.412662 -0.186853
0.987621 0.130636 0.086821
0.891513 0.412662 -0.186853
0.868811 -0.066648 -0.490637
0.747771 0.393496 -0.534790
0.440578 0.738123 0.510946
-0.190021 0.769062 0.610274
0.469696 0.330474 0.818640
-0.259914 0.361328 0.895481
0.469696 0.330474 0.818640
-0.190021 0.769062 0.610274
-0.499580 -0.369318 -0.783597
0.227598 0.207885 -0.951306
0.200540 -0.339369 -0.919028
0.227598 0.207885 -0.951306
-0.499580 -0.369318 -0.783597
-0.556753 0.279354 -0.782296
-0.891665 0.000362 0.452696
-0.876912 0.000388 0.480650
-0.891771 0.000724 0.452486
-0.876912 0.000388 0.480650
-0.891665 0.000362 0.452696
-0.875681 0.000181 0.482891
0.999980 0.000184 -0.006310
0.755996 -0.461705 -0.464003
0.875680 -0.000178 -0.482892
0.755996 -0.461705 -0.464003
0.999980 0.000184 -0.006310
0.893060 -0.449729 -0.013689
-0.215986 -0.934964 0.281412
0.251615 -0.936812 -0.243048
0.250873 -0.963844 0.089816
0.251615 -0.936812 -0.243048
-0.215986 -0.934964 0.281412
-0.260664 -0.964996 0.028934
-0.868812 0.066648 0.490636
-0.841668 0.264705 0.470666
-0.856012 0.159052 0.491880
-0.841668 0.264705 0.470666
-0.868812 0.066648 0.490636
-0.881218 0.094843 0.463098
0.731490 0.320753 -0.601698
0.840106 0.000000 -0.542422
0.665146 0.362250 -0.652960
-0.499580 -0.369318 -0.783597
-0.268598 -0.904705 -0.330702
-0.737944 -0.598369 -0.312078
-0.215986 -0.934964 0.281412
-0.237427 -0.454207 0.858676
-0.571019 -0.578789 0.582186
-0.281846 0.959402 -0.010470
-0.320860 0.926225 -0.197877
-0.588279 0.804410 0.082771
-0.588279 0.804410 0.082771
-0.320860 0.926225 -0.197877
-0.589848 0.804451 0.070278
-0.204469 0.930790 0.303022
-0.456927 0.765023 0.453825
-0.190021 0.769062 0.610274
0.178355 -0.812920 -0.554392
0.200540 -0.339369 -0.919028
0.602286 -0.340677 -0.721935
0.472012 -0.473179 0.743846
0.250873 -0.963844 0.089816
0.893060 -0.449729 -0.013689
0.731490 0.320753 -0.601698
0.253764 0.914295 -0.315704
0.747771 0.393496 -0.534790
0.253764 0.914295 -0.315704
0.731490 0.320753 -0.601698
0.261425 0.829933 -0.492817
0.259007 0.962520 0.080443
0.440578 0.738123 0.510946
0.891513 0.412662 -0.186853
0.227598 0.207885 -0.951306
0.224621 0.644564 -0.730810
0.636378 0.122186 -0.761638
0.636378 0.122186 -0.761638
0.224621 0.644564 -0.730810
0.665146 0.362250 -0.652960
0.469696 0.330474 0.818640
0.528340 0.001301 0.849032
0.987621 0.130636 0.086821
0.528340 0.001301 0.849032
0.999980 0.000184 -0.006310
0.987621 0.130636 0.086821
-0.513560 0.390167 0.764216
-0.288918 0.001463 0.957353
-0.259914 0.361328 0.895481
-0.288918 0.001463 0.957353
-0.513560 0.390167 0.764216
-0.553059 0.001277 0.833141
-0.898338 0.314472 -0.306750
-0.434143 0.732324 -0.524616
-0.556753 0.279354 -0.782296
-0.434143 0.732324 -0.524616
-0.898338 0.314472 -0.306750
-0.660474 0.750843 0.003076
-0.507439 -0.846407 0.161558
-0.261256 -0.962414 -0.074186
-0.260664 -0.964996 0.028934
-0.261256 -0.962414 -0.074186
-0.507439 -0.846407 0.161558
-0.514375 -0.850087 0.113005
0.251615 -0.936812 -0.243048
0.714576 -0.427173 -0.553989
0.755996 -0.461705 -0.464003
0.714576 -0.427173 -0.553989
0.251615 -0.936812 -0.243048
0.233764 -0.900350 -0.367047
-0.875681 0.000181 0.482891
-0.868812 0.066648 0.490636
-0.840105 -0.000002 0.542423
-0.868812 0.066648 0.490636
-0.840106 -0.000003 0.542423
-0.840105 -0.000002 0.542423
0.875680 -0.000178 -0.482892
0.840106 0.000000 -0.542422
0.868811 -0.066648 -0.490637
0.840106 0.000000 -0.542422
0.875680 -0.000178 -0.482892
0.840106 0.000000 -0.542422
-0.898338 0.314472 -0.306750
-0.499580 -0.369318 -0.783597
-0.737944 -0.598369 -0.312078
-0.499580 -0.369318 -0.783597
-0.898338 0.314472 -0.306750
-0.556753 0.279354 -0.782296
-0.281846 0.959402 -0.010470
-0.456927 0.765023 0.453825
-0.204469 0.930790 0.303022
-0.456927 0.765023 0.453825
-0.281846 0.959402 -0.010470
-0.588279 0.804410 0.082771
-0.513560 0.390167 0.764216
-0.190021 0.769062 0.610274
-0.456927 0.765023 0.453825
-0.190021 0.769062 0.610274
-0.513560 0.390167 0.764216
-0.259914 0.361328 0.895481
-0.260664 -0.964996 0.028934
-0.215986 -0.934964 0.281412
-0.571019 -0.578789 0.582186
-0.571019 -0.578789 0.582186
-0.507439 -0.846407 0.161558
-0.260664 -0.964996 0.028934
0.602286 -0.340677 -0.721935
0.714576 -0.427173 -0.553989
0.233764 -0.900350 -0.367047
0.602286 -0.340677 -0.721935
0.233764 -0.900350 -0.367047
0.178355 -0.812920 -0.554392
0.528340 0.001301 0.849032
0.472012 -0.473179 0.743846
0.893060 -0.449729 -0.013689
0.528340 0.001301 0.849032
0.893060 -0.449729 -0.013689
0.999980 0.000184 -0.006310
0.747771 0.393496 -0.534790
0.259007 0.962520 0.080443
0.891513 0.412662 -0.186853
0.259007 0.962520 0.080443
0.747771 0.393496 -0.534790
0.253764 0.914295 -0.315704
0.261425 0.829933 -0.492817
0.665146 0.362250 -0.652960
0.224621 0.644564 -0.730810
0.665146 0.362250 -0.652960
0.261425 0.829933 -0.492817
0.731490 0.320753 -0.601698
-0.237427 -0.454207 0.858676
0.250873 -0.963844 0.089816
0.472012 -0.473179 0.743846
0.250873 -0.963844 0.089816
-0.237427 -0.454207 0.858676
-0.215986 -0.934964 0.281412
-0.268598 -0.904705 -0.330702
0.200540 -0.339369 -0.919028
0.178355 -0.812920 -0.554392
0.200540 -0.339369 -0.919028
-0.268598 -0.904705 -0.330702
-0.499580 -0.369318 -0.783597
-0.190021 0.769062 0.610274
0.440578 0.738123 0.510946
0.259007 0.962520 0.080443
-0.190021 0.769062 0.610274
0.259007 0.962520 0.080443
-0.204469 0.930790 0.303022
-0.281846 0.959402 -0.010470
0.253764 0.914295 -0.315704
0.261425 0.829933 -0.492817
-0.281846 0.959402 -0.010470
0.261425 0.829933 -0.492817
-0.320860 0.926225 -0.197877
0.200540 -0.339369 -0.919028
0.636378 0.122186 -0.761638
0.602286 -0.340677 -0.721935
0.636378 0.122186 -0.761638
0.200540 -0.339369 -0.919028
0.227598 0.207885 -0.951306
0.440578 0.738123 0.510946
0.987621 0.130636 0.086821
0.891513 0.412662 -0.186853
0.440578 0.738123 0.510946
0.469696 0.330474 0.818640
0.987621 0.130636 0.086821
-0.288918 0.001463 0.957353
-0.571019 -0.578789 0.582186
-0.237427 -0.454207 0.858676
-0.571019 -0.578789 0.582186
-0.288918 0.001463 0.957353
-0.553059 0.001277 0.833141
-0.320860 0.926225 -0.197877
-0.434143 0.732324 -0.524616
-0.660474 0.750843 0.003076
-0.320860 0.926225 -0.197877
-0.660474 0.750843 0.003076
-0.589848 0.804451 0.070278
-0.840105 -0.000002 0.542423
-0.820494 -0.000004 0.571655
-0.820496 -0.000003 0.571653
-0.820494 -0.000004 0.571655
-0.840105 -0.000002 0.542423
-0.840106 -0.000003 0.542423
0.987621 0.130636 0.086821
0.875680 -0.000178 -0.482892
0.868811 -0.066648 -0.490637
0.875680 -0.000178 -0.482892
0.987621 0.130636 0.086821
0.999980 0.000184 -0.006310
-0.259914 0.361328 0.895481
0.528340 0.001301 0.849032
0.469696 0.330474 0.818640
0.528340 0.001301 0.849032
-0.259914 0.361328 0.895481
-0.288918 0.001463 0.957353
0.227598 0.207885 -0.951306
-0.556753 0.279354 -0.782296
-0.434143 0.732324 -0.524616
-0.434143 0.732324 -0.524616
0.224621 0.644564 -0.730810
0.227598 0.207885 -0.951306
-0.268598 -0.904705 -0.330702
-0.261256 -0.962414 -0.074186
-0.514375 -0.850087 0.113005
-0.514375 -0.850087 0.113005
-0.737944 -0.598369 -0.312078
-0.268598 -0.904705 -0.330702
0.250873 -0.963844 0.089816
0.755996 -0.461705 -0.464003
0.893060 -0.449729 -0.013689
0.755996 -0.461705 -0.464003
0.250873 -0.963844 0.089816
0.251615 -0.936812 -0.243048
-0.881218 0.094843 0.463098
-0.875681 0.000181 0.482891
-0.891665 0.000362 0.452696
-0.875681 0.000181 0.482891
-0.881218 0.094843 0.463098
-0.868812 0.066648 0.490636
0.665146 0.362250 -0.652960
0.840106 0.000000 -0.542422
0.840106 0.000000 -0.542422
0.840106 0.000000 -0.542422
0.636378 0.122186 -0.761638
0.665146 0.362250 -0.652960
-0.875681 0.000181 0.482891
-0.842687 -0.000001 0.538404
-0.876912 0.000388 0.480650
-0.842687 -0.000001 0.538404
-0.875681 0.000181 0.482891
-0.840105 -0.000002 0.542423
0.875680 -0.000178 -0.482892
0.755996 -0.461705 -0.464003
0.714576 -0.427173 -0.553989
0.875680 -0.000178 -0.482892
0.714576 -0.427173 -0.553989
0.840106 0.000000 -0.542422
-0.260664 -0.964996 0.028934
0.233764 -0.900350 -0.367047
0.251615 -0.936812 -0.243048
0.233764 -0.900350 -0.367047
-0.260664 -0.964996 0.028934
-0.261256 -0.962414 -0.074186
-0.868812 0.066648 0.490636
-0.856012 0.159052 0.491880
-0.844166 -0.000005 0.536082
-0.868812 0.066648 0.490636
-0.844166 -0.000005 0.536082
-0.840106 -0.000003 0.542423
0.868811 -0.066648 -0.490637
0.731490 0.320753 -0.601698
0.747771 0.393496 -0.534790
0.731490 0.320753 -0.601698
0.868811 -0.066648 -0.490637
0.840106 0.000000 -0.542422
-0.971324 0.237761 -0.000000
-0.971324 0.237761 -0.000000
-0.955440 0.295185 -0.000001
-0.955440 0.295185 -0.000001
-0.971324 0.237761 -0.000000
-0.955440 0.295185 -0.000001
-0.971324 0.237761 -0.000000
-0.971324 0.237761 -0.000000
-0.997128 0.075730 0.000000
-0.997128 0.075730 0.000000
-0.971324 0.237761 -0.000000
-0.997128 0.075730 0.000000
-0.997128 0.075730 0.000000
-0.974698 -0.223527 0.000000
-0.974698 -0.223527 0.000000
-0.997128 0.075730 0.000000
-0.997128 0.075730 0.000000
-0.974698 -0.223527 0.000000
-0.000003 0.937989 0.346666
-0.000003 0.930162 -0.367148
-0.000003 0.930159 0.367157
-0.000003 0.930162 -0.367148
-0.000003 0.937989 0.346666
-0.000003 0.937993 -0.346655
-0.000001 0.418139 -0.908383
-0.000003 0.930162 -0.367148
-0.000003 0.937993 -0.346655
-0.000003 0.930162 -0.367148
-0.000001 0.418139 -0.908383
-0.000001 0.363074 -0.931760
-0.000000 -0.937989 -0.346665
-0.000000 -0.937989 0.346665
-0.000000 -0.932094 0.362217
-0.000000 -0.932094 0.362217
-0.000000 -0.932094 -0.362217
-0.000000 -0.937989 -0.346665
-0.000000 -0.932094 0.362217
-0.000000 -0.418129 0.908388
-0.000000 -0.427773 0.903886
-0.000000 -0.418129 0.908388
-0.000000 -0.932094 0.362217
-0.000000 -0.937989 0.346665
-0.000000 -0.418128 -0.908388
-0.000001 0.363074 -0.931760
-0.000001 0.418139 -0.908383
-0.000001 0.363074 -0.931760
-0.000000 -0.418128 -0.908388
-0.000000 -0.427772 -0.903887
-0.000000 -0.427772 -0.903887
-0.000000 -0.418128 -0.908388
-0.000000 -0.932094 -0.362217
-0.000000 -0.937989 -0.346665
-0.000000 -0.932094 -0.362217
-0.000000 -0.418128 -0.908388
-0.000000 -0.418129 0.908388
-0.000001 0.418129 0.908387
-0.000001 0.363070 0.931762
-0.000001 0.363070 0.931762
-0.000000 -0.427773 0.903886
-0.000000 -0.418129 0.908388
-0.000001 0.418129 0.908387
-0.000003 0.930159 0.367157
-0.000001 0.363070 0.931762
-0.000003 0.930159 0.367157
-0.000001 0.418129 0.908387
-0.000003 0.937989 0.346666
-0.780050 0.394149 0.485972
-0.780052 0.394152 -0.485967
-0.826278 0.417509 0.378089
-0.826278 0.417509 0.378089
-0.780052 0.394152 -0.485967
-0.826277 0.417510 -0.378089
-0.780052 0.394152 -0.485967
-0.548049 0.276920 -0.789277
-0.826277 0.417510 -0.378089
-0.548049 0.276920 -0.789277
-0.780052 0.394152 -0.485967
-0.548049 0.276920 -0.789277
-0.548046 0.276915 0.789280
-0.548046 0.276915 0.789280
-0.780050 0.394149 0.485972
-0.780050 0.394149 0.485972
-0.826278 0.417509 0.378089
-0.548046 0.276915 0.789280
-0.000001 -1.000000 -0.000000
-0.000001 -1.000000 -0.000000
-0.000001 -1.000000 -0.000000
-0.000001 -1.000000 -0.000000
-0.000001 -1.000000 -0.000000
-0.000001 -1.000000 -0.000000
0.000000 1.000000 0.000001
0.000000 1.000000 0.000001
0.000000 1.000000 0.000001
0.000000 1.000000 0.000001
0.000000 1.000000 0.000001
0.000000 1.000000 0.000001
-0.000002 1.000000 0.000002
-0.000002 1.000000 0.000002
-0.000002 1.000000 0.000002
-0.000002 1.000000 0.000002
-0.000002 1.000000 0.000002
-0.000002 1.000000 0.000002
-0.000000 -1.000000 0.000001
-0.000000 -1.000000 0.000001
-0.000000 -1.000000 0.000001
-0.000000 -1.000000 0.000001
-0.000000 -1.000000 0.000001
-0.000000 -1.000000 0.000001
-0.000001 -1.000000 0.000001
-0.000001 -1.000000 0.000001
-0.000001 -1.000000 0.000001
-0.000001 -1.000000 0.000001
-0.000001 -1.000000 0.000001
-0.000001 -1.000000 0.000001
-0.000002 1.000000 0.000001
-0.000002 1.000000 0.000001
-0.000002 1.000000 0.000001
-0.000002 1.000000 0.000001
-0.000002 1.000000 0.000001
-0.000002 1.000000 0.000001
0.780715 -0.394481 -0.484633
0.780715 -0.394481 -0.484633
0.780715 -0.394481 -0.484633
0.780715 -0.394481 -0.484633
0.780715 -0.394481 -0.484633
0.780715 -0.394481 -0.484633
0.806233 -0.407380 0.428987
0.620470 -0.313519 0.718835
0.620470 -0.313519 0.718835
0.620470 -0.313519 0.718835
0.806233 -0.407380 0.428987
0.838964 -0.423917 0.341224
0.838966 -0.423911 -0.341227
0.806233 -0.407380 0.428987
0.806235 -0.407372 -0.428990
0.806233 -0.407380 0.428987
0.838966 -0.423911 -0.341227
0.838964 -0.423917 0.341224
0.838966 -0.423911 -0.341227
0.806235 -0.407372 -0.428990
0.620470 -0.313504 -0.718841
0.806235 -0.407372 -0.428990
0.620470 -0.313504 -0.718841
0.620470 -0.313504 -0.718841
0.780722 -0.394478 0.484623
0.780722 -0.394478 0.484623
0.780722 -0.394478 0.484623
0.780722 -0.394478 0.484623
0.780722 -0.394478 0.484623
0.780722 -0.394478 0.484623
-0.384824 0.010136 0.922934
-0.410053 0.332281 0.849380
-0.867896 -0.031784 0.495729
-0.410053 0.332281 0.849380
-0.854503 0.251301 0.454613
-0.867896 -0.031784 0.495729
-0.394987 -0.232924 0.888668
-0.852859 -0.219476 0.473775
-0.338095 -0.403348 0.850296
-0.338095 -0.403348 0.850296
-0.852859 -0.219476 0.473775
-0.785342 -0.410495 0.463392
-0.384824 0.010136 0.922934
-0.394987 -0.232924 0.888668
0.145728 0.031783 0.988814
0.145728 0.031783 0.988814
-0.394987 -0.232924 0.888668
0.181224 -0.241877 0.953233
-0.353364 0.600067 0.717673
0.185862 0.384054 0.904410
0.118568 0.582584 0.804075
0.185862 0.384054 0.904410
-0.353364 0.600067 0.717673
-0.410053 0.332281 0.849380
-0.975629 0.219149 -0.011040
-0.854503 0.251301 0.454613
-0.747986 0.537143 0.389866
-0.747986 0.537143 0.389866
-0.871218 0.490495 0.019872
-0.975629 0.219149 -0.011040
-0.852859 -0.219476 0.473775
-0.867896 -0.031784 0.495729
-0.994942 -0.067983 0.073944
-0.852859 -0.219476 0.473775
-0.994942 -0.067983 0.073944
-0.969697 -0.241802 -0.034916
-0.854503 0.251301 0.454613
-0.410053 0.332281 0.849380
-0.353364 0.600067 0.717673
-0.353364 0.600067 0.717673
-0.747986 0.537143 0.389866
-0.854503 0.251301 0.454613
0.185862 0.384054 0.904410
-0.410053 0.332281 0.849380
-0.384824 0.010136 0.922934
0.185862 0.384054 0.904410
-0.384824 0.010136 0.922934
0.145728 0.031783 0.988814
-0.983986 -0.033174 -0.175132
-0.994942 -0.067983 0.073944
-0.975629 0.219149 -0.011040
-0.994942 -0.067983 0.073944
-0.983986 -0.033174 -0.175132
-0.986837 -0.061032 -0.149757
-0.394987 -0.232924 0.888668
-0.384824 0.010136 0.922934
-0.867896 -0.031784 0.495729
-0.394987 -0.232924 0.888668
-0.867896 -0.031784 0.495729
-0.852859 -0.219476 0.473775
0.181224 -0.241877 0.953233
-0.394987 -0.232924 0.888668
-0.338095 -0.403348 0.850296
0.181224 -0.241877 0.953233
-0.338095 -0.403348 0.850296
0.109030 -0.361229 0.926081
-0.971074 -0.080277 -0.224879
-0.904847 -0.415736 0.091740
-0.969697 -0.241802 -0.034916
-0.871218 0.490495 0.019872
-0.983986 -0.033174 -0.175132
-0.975629 0.219149 -0.011040
-0.994942 -0.067983 0.073944
-0.971074 -0.080277 -0.224879
-0.969697 -0.241802 -0.034916
-0.971074 -0.080277 -0.224879
-0.994942 -0.067983 0.073944
-0.986837 -0.061032 -0.149757
-0.854503 0.251301 0.454613
-0.994942 -0.067983 0.073944
-0.867896 -0.031784 0.495729
-0.994942 -0.067983 0.073944
-0.854503 0.251301 0.454613
-0.975629 0.219149 -0.011040
-0.852859 -0.219476 0.473775
-0.969697 -0.241802 -0.034916
-0.785342 -0.410495 0.463392
-0.785342 -0.410495 0.463392
-0.969697 -0.241802 -0.034916
-0.904847 -0.415736 0.091740
0.145728 0.031783 0.988814
0.304119 -0.137212 0.942701
0.290309 0.002374 0.956930
0.145728 0.031783 0.988814
0.181224 -0.241877 0.953233
0.304119 -0.137212 0.942701
0.185862 0.384054 0.904410
0.334404 0.202999 0.920307
0.118568 0.582584 0.804075
0.185862 0.384054 0.904410
0.145728 0.031783 0.988814
0.334404 0.202999 0.920307
0.334404 0.202999 0.920307
0.145728 0.031783 0.988814
0.290309 0.002374 0.956930
0.109030 -0.361229 0.926081
0.304119 -0.137212 0.942701
0.181224 -0.241877 0.953233
-0.008093 0.999945 -0.006649
-0.001355 0.999999 -0.001112
-0.001314 0.999999 -0.001079
-0.001314 0.999999 -0.001079
-0.005991 0.999970 -0.004922
-0.008093 0.999945 -0.006649
-0.749468 -0.243000 -0.615831
-0.769853 -0.084677 -0.632579
-0.769893 -0.084059 -0.632612
-0.749468 -0.243000 -0.615831
-0.769893 -0.084059 -0.632612
-0.756953 -0.200402 -0.621981
-0.000001 -1.000000 -0.000000
-0.000001 -1.000000 -0.000000
0.272498 -0.935740 0.223911
0.272498 -0.935740 0.223911
-0.000001 -1.000000 -0.000000
0.511393 -0.749600 0.420210
0.772602 0.007749 0.634843
0.772596 0.008747 0.634838
0.703245 0.414168 0.577851
0.703245 0.414168 0.577851
0.772596 0.008747 0.634838
0.722728 0.353544 0.593860
0.703245 0.414168 0.577851
0.420995 0.838508 0.345928
0.208797 0.962792 0.171567
0.420995 0.838508 0.345928
0.703245 0.414168 0.577851
0.722728 0.353544 0.593860
-0.001355 0.999999 -0.001112
-0.494914 0.767910 -0.406663
-0.251076 0.945727 -0.206304
-0.251076 0.945727 -0.206304
-0.001314 0.999999 -0.001079
-0.001355 0.999999 -0.001112
-0.000001 -1.000000 -0.000000
-0.000001 -1.000000 -0.000001
-0.000001 -1.000000 -0.000002
-0.000001 -1.000000 -0.000001
-0.000001 -1.000000 -0.000000
-0.000001 -1.000000 -0.000000
-0.752171 0.228594 -0.618048
-0.769893 -0.084059 -0.632612
-0.769853 -0.084677 -0.632579
-0.769893 -0.084059 -0.632612
-0.752171 0.228594 -0.618048
-0.766857 0.122003 -0.630116
-0.749468 -0.243000 -0.615831
-0.518791 -0.741036 -0.426287
-0.292654 -0.925487 -0.240473
-0.518791 -0.741036 -0.426287
-0.749468 -0.243000 -0.615831
-0.756953 -0.200402 -0.621981
0.736247 -0.303233 0.604971
0.772596 0.008747 0.634838
0.772602 0.007749 0.634843
0.772596 0.008747 0.634838
0.736247 -0.303233 0.604971
0.744569 -0.267035 0.611809
-0.000001 -1.000000 -0.000002
-0.292654 -0.925487 -0.240473
-0.518791 -0.741036 -0.426287
-0.292654 -0.925487 -0.240473
-0.000001 -1.000000 -0.000002
-0.000001 -1.000000 -0.000001
-0.251076 0.945727 -0.206304
-0.494914 0.767910 -0.406663
-0.752171 0.228594 -0.618048
-0.766857 0.122003 -0.630116
-0.752171 0.228594 -0.618048
-0.494914 0.767910 -0.406663
0.272498 -0.935740 0.223911
0.744569 -0.267035 0.611809
0.736247 -0.303233 0.604971
0.744569 -0.267035 0.611809
0.272498 -0.935740 0.223911
0.511393 -0.749600 0.420210
0.208797 0.962792 0.171567
-0.008093 0.999945 -0.006649
-0.005991 0.999970 -0.004922
-0.008093 0.999945 -0.006649
0.208797 0.962792 0.171567
0.420995 0.838508 0.345928
-0.854501 0.251310 -0.454611
-0.410052 0.332285 -0.849379
-0.867894 -0.031786 -0.495731
-0.867894 -0.031786 -0.495731
-0.410052 0.332285 -0.849379
-0.384826 0.010136 -0.922934
-0.852858 -0.219472 -0.473778
-0.338097 -0.403341 -0.850298
-0.785345 -0.410484 -0.463395
-0.852858 -0.219472 -0.473778
-0.394990 -0.232921 -0.888668
-0.338097 -0.403341 -0.850298
-0.394990 -0.232921 -0.888668
0.145728 0.031784 -0.988814
0.181221 -0.241875 -0.953234
0.145728 0.031784 -0.988814
-0.394990 -0.232921 -0.888668
-0.384826 0.010136 -0.922934
0.185862 0.384056 -0.904410
-0.353361 0.600076 -0.717667
0.118568 0.582587 -0.804073
-0.353361 0.600076 -0.717667
0.185862 0.384056 -0.904410
-0.410052 0.332285 -0.849379
-0.871201 0.490524 -0.019864
-0.747973 0.537165 -0.389860
-0.975625 0.219165 0.011040
-0.975625 0.219165 0.011040
-0.747973 0.537165 -0.389860
-0.854501 0.251310 -0.454611
-0.994942 -0.067984 -0.073949
-0.852858 -0.219472 -0.473778
-0.969699 -0.241798 0.034907
-0.852858 -0.219472 -0.473778
-0.994942 -0.067984 -0.073949
-0.867894 -0.031786 -0.495731
-0.747973 0.537165 -0.389860
-0.353361 0.600076 -0.717667
-0.854501 0.251310 -0.454611
-0.410052 0.332285 -0.849379
-0.854501 0.251310 -0.454611
-0.353361 0.600076 -0.717667
-0.384826 0.010136 -0.922934
0.185862 0.384056 -0.904410
0.145728 0.031784 -0.988814
0.185862 0.384056 -0.904410
-0.384826 0.010136 -0.922934
-0.410052 0.332285 -0.849379
-0.983986 -0.033166 0.175134
-0.994942 -0.067984 -0.073949
-0.986838 -0.061032 0.149756
-0.994942 -0.067984 -0.073949
-0.983986 -0.033166 0.175134
-0.975625 0.219165 0.011040
-0.867894 -0.031786 -0.495731
-0.394990 -0.232921 -0.888668
-0.852858 -0.219472 -0.473778
-0.394990 -0.232921 -0.888668
-0.867894 -0.031786 -0.495731
-0.384826 0.010136 -0.922934
-0.338097 -0.403341 -0.850298
0.181221 -0.241875 -0.953234
0.109027 -0.361225 -0.926083
0.181221 -0.241875 -0.953234
-0.338097 -0.403341 -0.850298
-0.394990 -0.232921 -0.888668
-0.971075 -0.080279 0.224877
-0.969699 -0.241798 0.034907
-0.904850 -0.415727 -0.091746
-0.871201 0.490524 -0.019864
-0.975625 0.219165 0.011040
-0.983986 -0.033166 0.175134
-0.994942 -0.067984 -0.073949
-0.971075 -0.080279 0.224877
-0.986838 -0.061032 0.149756
-0.971075 -0.080279 0.224877
-0.994942 -0.067984 -0.073949
-0.969699 -0.241798 0.034907
-0.975625 0.219165 0.011040
-0.854501 0.251310 -0.454611
-0.994942 -0.067984 -0.073949
-0.994942 -0.067984 -0.073949
-0.854501 0.251310 -0.454611
-0.867894 -0.031786 -0.495731
-0.785345 -0.410484 -0.463395
-0.904850 -0.415727 -0.091746
-0.969699 -0.241798 0.034907
-0.969699 -0.241798 0.034907
-0.852858 -0.219472 -0.473778
-0.785345 -0.410484 -0.463395
0.181221 -0.241875 -0.953234
0.145728 0.031784 -0.988814
0.304116 -0.137211 -0.942702
0.304116 -0.137211 -0.942702
0.145728 0.031784 -0.988814
0.290307 0.002374 -0.956931
0.185862 0.384056 -0.904410
0.118568 0.582587 -0.804073
0.334402 0.203000 -0.920308
0.334402 0.203000 -0.920308
0.290307 0.002374 -0.956931
0.145728 0.031784 -0.988814
0.145728 0.031784 -0.988814
0.185862 0.384056 -0.904410
0.334402 0.203000 -0.920308
0.109027 -0.361225 -0.926083
0.181221 -0.241875 -0.953234
0.304116 -0.137211 -0.942702
-0.005991 0.999970 0.004922
-0.001313 0.999999 0.001078
-0.008094 0.999945 0.006650
-0.001313 0.999999 0.001078
-0.001355 0.999999 0.001113
-0.008094 0.999945 0.006650
-0.769889 -0.084061 0.632617
-0.749465 -0.242998 0.615836
-0.756950 -0.200398 0.621986
-0.749465 -0.242998 0.615836
-0.769889 -0.084061 0.632617
-0.769849 -0.084679 0.632584
0.511394 -0.749600 -0.420209
-0.000001 -1.000000 -0.000000
0.272498 -0.935740 -0.223910
0.272498 -0.935740 -0.223910
-0.000001 -1.000000 -0.000000
-0.000001 -1.000000 -0.000000
0.772597 0.008746 -0.634837
0.703245 0.414169 -0.577850
0.722729 0.353545 -0.593860
0.703245 0.414169 -0.577850
0.772597 0.008746 -0.634837
0.772603 0.007748 -0.634842
0.703245 0.414169 -0.577850
0.420994 0.838510 -0.345927
0.722729 0.353545 -0.593860
0.420994 0.838510 -0.345927
0.703245 0.414169 -0.577850
0.208796 0.962793 -0.171565
-0.001313 0.999999 0.001078
-0.251074 0.945727 0.206305
-0.001355 0.999999 0.001113
-0.251074 0.945727 0.206305
-0.494906 0.767918 0.406658
-0.001355 0.999999 0.001113
-0.000001 -1.000000 -0.000000
-0.000001 -1.000000 -0.000000
-0.000001 -1.000000 -0.000000
-0.000001 -1.000000 -0.000000
-0.000001 -1.000000 -0.000000
-0.000000 -1.000000 -0.000001
-0.769889 -0.084061 0.632617
-0.752168 0.228600 0.618050
-0.769849 -0.084679 0.632584
-0.752168 0.228600 0.618050
-0.769889 -0.084061 0.632617
-0.766854 0.122009 0.630118
-0.518791 -0.741036 0.426289
-0.749465 -0.242998 0.615836
-0.292654 -0.925487 0.240473
-0.749465 -0.242998 0.615836
-0.518791 -0.741036 0.426289
-0.756950 -0.200398 0.621986
0.772597 0.008746 -0.634837
0.736248 -0.303233 -0.604970
0.772603 0.007748 -0.634842
0.736248 -0.303233 -0.604970
0.772597 0.008746 -0.634837
0.744569 -0.267035 -0.611808
-0.000000 -1.000000 -0.000001
-0.292654 -0.925487 0.240473
-0.000001 -1.000000 -0.000000
-0.292654 -0.925487 0.240473
-0.000000 -1.000000 -0.000001
-0.518791 -0.741036 0.426289
-0.494906 0.767918 0.406658
-0.251074 0.945727 0.206305
-0.752168 0.228600 0.618050
-0.752168 0.228600 0.618050
-0.766854 0.122009 0.630118
-0.494906 0.767918 0.406658
0.744569 -0.267035 -0.611808
0.272498 -0.935740 -0.223910
0.736248 -0.303233 -0.604970
0.272498 -0.935740 -0.223910
0.744569 -0.267035 -0.611808
0.511394 -0.749600 -0.420209
0.208796 0.962793 -0.171565
-0.008094 0.999945 0.006650
0.420994 0.838510 -0.345927
-0.008094 0.999945 0.006650
0.208796 0.962793 -0.171565
-0.005991 0.999970 0.004922
0.888982 0.113056 0.443766
0.888982 0.113056 0.443766
0.863946 0.226158 0.449943
0.888982 0.113056 0.443766
0.862323 0.231970 0.450099
0.863946 0.226158 0.449943
0.863946 0.226158 0.449943
0.862323 0.231970 0.450099
0.771861 0.442494 0.456540
0.862323 0.231970 0.450099
0.769217 0.446912 0.456700
0.771861 0.442494 0.456540
0.771861 0.442494 0.456540
0.769217 0.446912 0.456700
0.587817 0.667429 0.457175
0.769217 0.446912 0.456700
0.587980 0.667280 0.457184
0.587817 0.667429 0.457175
0.587817 0.667429 0.457175
0.382781 0.814929 0.435166
0.378668 0.817155 0.434590
0.382781 0.814929 0.435166
0.587817 0.667429 0.457175
0.587980 0.667280 0.457184
0.378668 0.817155 0.434590
0.202558 0.882778 0.423880
0.199630 0.883469 0.423828
0.202558 0.882778 0.423880
0.378668 0.817155 0.434590
0.382781 0.814929 0.435166
0.199630 0.883469 0.423828
0.004703 0.907055 0.420986
0.004956 0.907054 0.420986
0.004703 0.907055 0.420986
0.199630 0.883469 0.423828
0.202558 0.882778 0.423880
-0.194675 0.884501 0.423980
0.004956 0.907054 0.420986
0.004703 0.907055 0.420986
-0.194675 0.884501 0.423980
0.004703 0.907055 0.420986
-0.198056 0.883722 0.424039
-0.194675 0.884501 0.423980
-0.198056 0.883722 0.424039
-0.402013 0.804837 0.436604
-0.198056 0.883722 0.424039
-0.405868 0.802657 0.437051
-0.402013 0.804837 0.436604
-0.402013 0.804837 0.436604
-0.405868 0.802657 0.437051
-0.608443 0.649401 0.456152
-0.405868 0.802657 0.437051
-0.606741 0.651059 0.456056
-0.608443 0.649401 0.456152
-0.608443 0.649401 0.456152
-0.769215 0.446914 0.456701
-0.771859 0.442496 0.456542
-0.769215 0.446914 0.456701
-0.608443 0.649401 0.456152
-0.606741 0.651059 0.456056
-0.771859 0.442496 0.456542
-0.862323 0.231970 0.450100
-0.863946 0.226158 0.449944
-0.862323 0.231970 0.450100
-0.771859 0.442496 0.456542
-0.769215 0.446914 0.456701
-0.863946 0.226158 0.449944
-0.888983 0.113053 0.443765
-0.888983 0.113053 0.443765
-0.888983 0.113053 0.443765
-0.863946 0.226158 0.449944
-0.862323 0.231970 0.450100
-0.000002 0.000001 -1.000000
-0.000002 0.000001 -1.000000
-0.000002 0.000001 -1.000000
-0.000002 0.000001 -1.000000
-0.000002 0.000001 -1.000000
-0.000002 0.000001 -1.000000
0.000000 0.000000 -1.000000
0.000000 0.000000 -1.000000
0.000000 0.000000 -1.000000
0.000000 0.000000 -1.000000
0.000000 0.000000 -1.000000
0.000000 0.000000 -1.000000
0.000000 0.000000 -1.000000
0.000000 0.000000 -1.000000
0.000000 0.000000 -1.000000
0.000000 0.000000 -1.000000
0.000000 0.000000 -1.000000
0.000000 0.000000 -1.000000
0.000000 0.000000 -1.000000
0.000000 0.000000 -1.000000
0.000000 0.000000 -1.000000
0.000000 0.000000 -1.000000
0.000000 0.000000 -1.000000
0.000000 0.000000 -1.000000
0.000001 -0.000000 -1.000000
0.000001 -0.000000 -1.000000
0.000001 -0.000000 -1.000000
0.000001 -0.000000 -1.000000
0.000001 -0.000000 -1.000000
0.000001 -0.000000 -1.000000
-0.000000 0.000001 -1.000000
-0.000000 0.000001 -1.000000
-0.000000 0.000001 -1.000000
-0.000000 0.000001 -1.000000
-0.000000 0.000001 -1.000000
-0.000000 0.000001 -1.000000
-0.000001 0.000001 -1.000000
-0.000001 0.000001 -1.000000
-0.000001 0.000001 -1.000000
-0.000001 0.000001 -1.000000
-0.000001 0.000001 -1.000000
-0.000001 0.000001 -1.000000
0.000001 -0.000001 -1.000000
0.000001 -0.000001 -1.000000
0.000001 -0.000001 -1.000000
0.000001 -0.000001 -1.000000
0.000001 -0.000001 -1.000000
0.000001 -0.000001 -1.000000
0.000001 -0.000001 -1.000000
0.000001 -0.000001 -1.000000
0.000001 -0.000001 -1.000000
0.000001 -0.000001 -1.000000
0.000001 -0.000001 -1.000000
0.000001 -0.000001 -1.000000
0.000000 0.000000 -1.000000
0.000000 0.000000 -1.000000
0.000000 0.000000 -1.000000
0.000000 0.000000 -1.000000
0.000000 0.000000 -1.000000
0.000000 0.000000 -1.000000
0.000000 0.000000 -1.000000
0.000000 0.000000 -1.000000
0.000000 0.000000 -1.000000
0.000000 0.000000 -1.000000
0.000000 0.000000 -1.000000
0.000000 0.000000 -1.000000
-0.000002 0.000001 -1.000000
-0.000002 0.000001 -1.000000
-0.000002 0.000001 -1.000000
-0.000002 0.000001 -1.000000
-0.000002 0.000001 -1.000000
-0.000002 0.000001 -1.000000
0.000000 0.000000 1.000000
0.000000 0.000000 1.000000
0.000000 0.000000 1.000000
0.000000 0.000000 1.000000
0.000000 0.000000 1.000000
0.000000 0.000000 1.000000
0.000001 -0.000002 1.000000
0.000001 -0.000002 1.000000
0.000001 -0.000002 1.000000
0.000001 -0.000002 1.000000
0.000001 -0.000002 1.000000
0.000001 -0.000002 1.000000
-0.000001 0.000002 1.000000
-0.000001 0.000002 1.000000
-0.000001 0.000002 1.000000
-0.000001 0.000002 1.000000
-0.000001 0.000002 1.000000
-0.000001 0.000002 1.000000
0.000000 0.000000 1.000000
0.000000 0.000000 1.000000
0.000000 0.000000 1.000000
0.000000 0.000000 1.000000
0.000000 0.000000 1.000000
0.000000 0.000000 1.000000
0.000000 0.000000 1.000000
0.000000 0.000000 1.000000
0.000000 0.000000 1.000000
0.000000 0.000000 1.000000
0.000000 0.000000 1.000000
0.000000 0.000000 1.000000
0.000000 0.000000 1.000000
0.000000 0.000000 1.000000
0.000000 0.000000 1.000000
0.000000 0.000000 1.000000
0.000000 0.000000 1.000000
0.000000 0.000000 1.000000
0.000000 0.000000 1.000000
0.000000 0.000000 1.000000
0.000000 0.000000 1.000000
0.000000 0.000000 1.000000
0.000000 0.000000 1.000000
0.000000 0.000000 1.000000
0.000002 -0.000001 1.000000
0.000002 -0.000001 1.000000
0.000002 -0.000001 1.000000
0.000002 -0.000001 1.000000
0.000002 -0.000001 1.000000
0.000002 -0.000001 1.000000
0.000000 0.000000 1.000000
0.000000 0.000000 1.000000
0.000000 0.000000 1.000000
0.000000 0.000000 1.000000
0.000000 0.000000 1.000000
0.000000 0.000000 1.000000
-0.000004 0.000000 1.000000
-0.000004 0.000000 1.000000
-0.000004 0.000000 1.000000
-0.000004 0.000000 1.000000
-0.000004 0.000000 1.000000
-0.000004 0.000000 1.000000
-0.000002 0.000003 1.000000
-0.000002 0.000003 1.000000
-0.000002 0.000003 1.000000
-0.000002 0.000003 1.000000
-0.000002 0.000003 1.000000
-0.000002 0.000003 1.000000
-0.000002 -0.000001 1.000000
-0.000002 -0.000001 1.000000
-0.000002 -0.000001 1.000000
-0.000002 -0.000001 1.000000
-0.000002 -0.000001 1.000000
-0.000002 -0.000001 1.000000
0.883688 -0.107957 -0.455457
0.883688 -0.107957 -0.455457
0.857159 -0.219564 -0.465908
0.857159 -0.219564 -0.465908
0.883688 -0.107957 -0.455457
0.854122 -0.229767 -0.466565
0.857159 -0.219564 -0.465908
0.854122 -0.229767 -0.466565
0.762390 -0.434795 -0.479285
0.762390 -0.434795 -0.479285
0.854122 -0.229767 -0.466565
0.757780 -0.442277 -0.479750
0.762390 -0.434795 -0.479285
0.757780 -0.442277 -0.479750
0.617112 -0.621932 -0.482051
0.617112 -0.621932 -0.482051
0.757780 -0.442277 -0.479750
0.612179 -0.626969 -0.481816
0.617112 -0.621932 -0.482051
0.417825 -0.778710 -0.468009
0.416474 -0.779508 -0.467885
0.417825 -0.778710 -0.468009
0.617112 -0.621932 -0.482051
0.612179 -0.626969 -0.481816
0.416474 -0.779508 -0.467885
0.193235 -0.869150 -0.455235
0.190502 -0.869771 -0.455200
0.193235 -0.869150 -0.455235
0.416474 -0.779508 -0.467885
0.417825 -0.778710 -0.468009
-0.005411 -0.891708 -0.452578
0.190502 -0.869771 -0.455200
-0.005121 -0.891710 -0.452578
0.190502 -0.869771 -0.455200
0.193235 -0.869150 -0.455235
-0.005121 -0.891710 -0.452578
-0.005121 -0.891710 -0.452578
-0.195909 -0.868669 -0.455009
-0.005411 -0.891708 -0.452578
-0.195909 -0.868669 -0.455009
-0.005121 -0.891710 -0.452578
-0.198151 -0.868146 -0.455037
-0.198151 -0.868146 -0.455037
-0.400208 -0.784163 -0.474259
-0.195909 -0.868669 -0.455009
-0.400208 -0.784163 -0.474259
-0.198151 -0.868146 -0.455037
-0.402242 -0.782898 -0.474629
-0.402242 -0.782898 -0.474629
-0.579435 -0.644427 -0.498969
-0.400208 -0.784163 -0.474259
-0.579435 -0.644427 -0.498969
-0.402242 -0.782898 -0.474629
-0.581889 -0.642049 -0.499177
-0.741171 -0.457014 -0.491735
-0.745926 -0.450286 -0.490752
-0.579435 -0.644427 -0.498969
-0.579435 -0.644427 -0.498969
-0.581889 -0.642049 -0.499177
-0.741171 -0.457014 -0.491735
-0.854120 -0.229767 -0.466568
-0.857157 -0.219565 -0.465912
-0.745926 -0.450286 -0.490752
-0.745926 -0.450286 -0.490752
-0.741171 -0.457014 -0.491735
-0.854120 -0.229767 -0.466568
-0.883686 -0.107960 -0.455460
-0.883686 -0.107960 -0.455460
-0.857157 -0.219565 -0.465912
-0.857157 -0.219565 -0.465912
-0.854120 -0.229767 -0.466568
-0.883686 -0.107960 -0.455460
0.106136 -0.993965 -0.027741
0.106136 -0.993965 -0.027741
0.106136 -0.993965 -0.027741
0.106136 -0.993965 -0.027741
0.106136 -0.993965 -0.027741
0.106136 -0.993965 -0.027741
-0.106136 -0.993965 -0.027741
-0.106136 -0.993965 -0.027741
-0.106136 -0.993965 -0.027741
-0.106136 -0.993965 -0.027741
-0.106136 -0.993965 -0.027741
-0.106136 -0.993965 -0.027741
0.863946 0.226158 -0.449943
0.862323 0.231970 -0.450099
0.888982 0.113056 -0.443766
0.888982 0.113056 -0.443766
0.888982 0.113056 -0.443766
0.863946 0.226158 -0.449943
0.771861 0.442494 -0.456540
0.769217 0.446912 -0.456700
0.862323 0.231970 -0.450099
0.862323 0.231970 -0.450099
0.863946 0.226158 -0.449943
0.771861 0.442494 -0.456540
0.587817 0.667429 -0.457175
0.587980 0.667280 -0.457184
0.769217 0.446912 -0.456700
0.769217 0.446912 -0.456700
0.771861 0.442494 -0.456540
0.587817 0.667429 -0.457175
0.587817 0.667429 -0.457175
0.382782 0.814929 -0.435166
0.587980 0.667280 -0.457184
0.382782 0.814929 -0.435166
0.587817 0.667429 -0.457175
0.378668 0.817155 -0.434590
0.202558 0.882778 -0.423880
0.378668 0.817155 -0.434590
0.199630 0.883469 -0.423828
0.378668 0.817155 -0.434590
0.202558 0.882778 -0.423880
0.382782 0.814929 -0.435166
0.004703 0.907055 -0.420986
0.199630 0.883469 -0.423828
0.004956 0.907053 -0.420986
0.199630 0.883469 -0.423828
0.004703 0.907055 -0.420986
0.202558 0.882778 -0.423880
-0.198056 0.883722 -0.424039
0.004703 0.907055 -0.420986
-0.194675 0.884501 -0.423980
0.004703 0.907055 -0.420986
0.004956 0.907053 -0.420986
-0.194675 0.884501 -0.423980
-0.402013 0.804837 -0.436603
-0.405868 0.802657 -0.437051
-0.198056 0.883722 -0.424039
-0.198056 0.883722 -0.424039
-0.194675 0.884501 -0.423980
-0.402013 0.804837 -0.436603
-0.608443 0.649401 -0.456152
-0.606741 0.651060 -0.456056
-0.405868 0.802657 -0.437051
-0.405868 0.802657 -0.437051
-0.402013 0.804837 -0.436603
-0.608443 0.649401 -0.456152
-0.608443 0.649401 -0.456152
-0.769215 0.446914 -0.456701
-0.606741 0.651060 -0.456056
-0.769215 0.446914 -0.456701
-0.608443 0.649401 -0.456152
-0.771859 0.442496 -0.456542
-0.771859 0.442496 -0.456542
-0.862323 0.231970 -0.450100
-0.769215 0.446914 -0.456701
-0.862323 0.231970 -0.450100
-0.771859 0.442496 -0.456542
-0.863946 0.226158 -0.449944
-0.888983 0.113053 -0.443765
-0.863946 0.226158 -0.449944
-0.888983 0.113053 -0.443765
-0.863946 0.226158 -0.449944
-0.888983 0.113053 -0.443765
-0.862323 0.231970 -0.450100
-0.000002 0.000001 1.000000
-0.000002 0.000001 1.000000
-0.000002 0.000001 1.000000
-0.000002 0.000001 1.000000
-0.000002 0.000001 1.000000
-0.000002 0.000001 1.000000
0.000000 0.000000 1.000000
0.000000 0.000000 1.000000
0.000000 0.000000 1.000000
0.000000 0.000000 1.000000
0.000000 0.000000 1.000000
0.000000 0.000000 1.000000
0.000000 0.000000 1.000000
0.000000 0.000000 1.000000
0.000000 0.000000 1.000000
0.000000 0.000000 1.000000
0.000000 0.000000 1.000000
0.000000 0.000000 1.000000
0.000000 0.000000 1.000000
0.000000 0.000000 1.000000
0.000000 0.000000 1.000000
0.000000 0.000000 1.000000
0.000000 0.000000 1.000000
0.000000 0.000000 1.000000
0.000001 -0.000000 1.000000
0.000001 -0.000000 1.000000
0.000001 -0.000000 1.000000
0.000001 -0.000000 1.000000
0.000001 -0.000000 1.000000
0.000001 -0.000000 1.000000
-0.000000 0.000001 1.000000
-0.000000 0.000001 1.000000
-0.000000 0.000001 1.000000
-0.000000 0.000001 1.000000
-0.000000 0.000001 1.000000
-0.000000 0.000001 1.000000
-0.000001 0.000001 1.000000
-0.000001 0.000001 1.000000
-0.000001 0.000001 1.000000
-0.000001 0.000001 1.000000
-0.000001 0.000001 1.000000
-0.000001 0.000001 1.000000
0.000001 -0.000001 1.000000
0.000001 -0.000001 1.000000
0.000001 -0.000001 1.000000
0.000001 -0.000001 1.000000
0.000001 -0.000001 1.000000
0.000001 -0.000001 1.000000
0.000001 -0.000001 1.000000
0.000001 -0.000001 1.000000
0.000001 -0.000001 1.000000
0.000001 -0.000001 1.000000
0.000001 -0.000001 1.000000
0.000001 -0.000001 1.000000
0.000000 0.000000 1.000000
0.000000 0.000000 1.000000
0.000000 0.000000 1.000000
0.000000 0.000000 1.000000
0.000000 0.000000 1.000000
0.000000 0.000000 1.000000
0.000000 0.000000 1.000000
0.000000 0.000000 1.000000
0.000000 0.000000 1.000000
0.000000 0.000000 1.000000
0.000000 0.000000 1.000000
0.000000 0.000000 1.000000
-0.000002 0.000001 1.000000
-0.000002 0.000001 1.000000
-0.000002 0.000001 1.000000
-0.000002 0.000001 1.000000
-0.000002 0.000001 1.000000
-0.000002 0.000001 1.000000
0.000000 0.000000 -1.000000
0.000000 0.000000 -1.000000
0.000000 0.000000 -1.000000
0.000000 0.000000 -1.000000
0.000000 0.000000 -1.000000
0.000000 0.000000 -1.000000
0.000001 -0.000002 -1.000000
0.000001 -0.000002 -1.000000
0.000001 -0.000002 -1.000000
0.000001 -0.000002 -1.000000
0.000001 -0.000002 -1.000000
0.000001 -0.000002 -1.000000
-0.000001 0.000002 -1.000000
-0.000001 0.000002 -1.000000
-0.000001 0.000002 -1.000000
-0.000001 0.000002 -1.000000
-0.000001 0.000002 -1.000000
-0.000001 0.000002 -1.000000
0.000000 0.000000 -1.000000
0.000000 0.000000 -1.000000
0.000000 0.000000 -1.000000
0.000000 0.000000 -1.000000
0.000000 0.000000 -1.000000
0.000000 0.000000 -1.000000
0.000000 0.000000 -1.000000
0.000000 0.000000 -1.000000
0.000000 0.000000 -1.000000
0.000000 0.000000 -1.000000
0.000000 0.000000 -1.000000
0.000000 0.000000 -1.000000
0.000000 0.000000 -1.000000
0.000000 0.000000 -1.000000
0.000000 0.000000 -1.000000
0.000000 0.000000 -1.000000
0.000000 0.000000 -1.000000
0.000000 0.000000 -1.000000
0.000000 0.000000 -1.000000
0.000000 0.000000 -1.000000
0.000000 0.000000 -1.000000
0.000000 0.000000 -1.000000
0.000000 0.000000 -1.000000
0.000000 0.000000 -1.000000
0.000002 -0.000001 -1.000000
0.000002 -0.000001 -1.000000
0.000002 -0.000001 -1.000000
0.000002 -0.000001 -1.000000
0.000002 -0.000001 -1.000000
0.000002 -0.000001 -1.000000
0.000000 0.000000 -1.000000
0.000000 0.000000 -1.000000
0.000000 0.000000 -1.000000
0.000000 0.000000 -1.000000
0.000000 0.000000 -1.000000
0.000000 0.000000 -1.000000
-0.000004 0.000000 -1.000000
-0.000004 0.000000 -1.000000
-0.000004 0.000000 -1.000000
-0.000004 0.000000 -1.000000
-0.000004 0.000000 -1.000000
-0.000004 0.000000 -1.000000
-0.000002 0.000003 -1.000000
-0.000002 0.000003 -1.000000
-0.000002 0.000003 -1.000000
-0.000002 0.000003 -1.000000
-0.000002 0.000003 -1.000000
-0.000002 0.000003 -1.000000
-0.000002 -0.000001 -1.000000
-0.000002 -0.000001 -1.000000
-0.000002 -0.000001 -1.000000
-0.000002 -0.000001 -1.000000
-0.000002 -0.000001 -1.000000
-0.000002 -0.000001 -1.000000
0.883688 -0.107957 0.455457
0.857159 -0.219564 0.465908
0.854122 -0.229767 0.466565
0.857159 -0.219564 0.465908
0.883688 -0.107957 0.455457
0.883688 -0.107957 0.455457
0.854122 -0.229767 0.466565
0.762390 -0.434795 0.479285
0.757780 -0.442277 0.479750
0.762390 -0.434795 0.479285
0.854122 -0.229767 0.466565
0.857159 -0.219564 0.465908
0.757780 -0.442277 0.479750
0.617112 -0.621932 0.482051
0.612179 -0.626969 0.481816
0.617112 -0.621932 0.482051
0.757780 -0.442277 0.479750
0.762390 -0.434795 0.479285
0.617112 -0.621932 0.482051
0.417825 -0.778710 0.468009
0.612179 -0.626969 0.481816
0.417825 -0.778710 0.468009
0.617112 -0.621932 0.482051
0.416474 -0.779508 0.467885
0.416474 -0.779508 0.467885
0.193236 -0.869150 0.455234
0.417825 -0.778710 0.468009
0.193236 -0.869150 0.455234
0.416474 -0.779508 0.467885
0.190502 -0.869771 0.455200
0.190502 -0.869771 0.455200
-0.005121 -0.891710 0.452578
0.193236 -0.869150 0.455234
-0.005121 -0.891710 0.452578
0.190502 -0.869771 0.455200
-0.005411 -0.891708 0.452578
-0.005121 -0.891710 0.452578
-0.195909 -0.868669 0.455009
-0.198151 -0.868146 0.455037
-0.195909 -0.868669 0.455009
-0.005121 -0.891710 0.452578
-0.005411 -0.891708 0.452578
-0.198151 -0.868146 0.455037
-0.400208 -0.784163 0.474259
-0.402242 -0.782898 0.474629
-0.400208 -0.784163 0.474259
-0.198151 -0.868146 0.455037
-0.195909 -0.868669 0.455009
-0.402242 -0.782898 0.474629
-0.579435 -0.644427 0.498969
-0.581889 -0.642049 0.499177
-0.579435 -0.644427 0.498969
-0.402242 -0.782898 0.474629
-0.400208 -0.784163 0.474259
-0.581889 -0.642049 0.499177
-0.579435 -0.644427 0.498969
-0.741171 -0.457014 0.491735
-0.741171 -0.457014 0.491735
-0.579435 -0.644427 0.498969
-0.745926 -0.450286 0.490752
-0.741171 -0.457014 0.491735
-0.745926 -0.450286 0.490752
-0.854120 -0.229767 0.466568
-0.854120 -0.229767 0.466568
-0.745926 -0.450286 0.490752
-0.857157 -0.219565 0.465912
-0.854120 -0.229767 0.466568
-0.857157 -0.219565 0.465912
-0.883686 -0.107960 0.455460
-0.883686 -0.107960 0.455460
-0.857157 -0.219565 0.465912
-0.883686 -0.107960 0.455460
0.106136 -0.993965 0.027741
0.106136 -0.993965 0.027741
0.106136 -0.993965 0.027741
0.106136 -0.993965 0.027741
0.106136 -0.993965 0.027741
0.106136 -0.993965 0.027741
-0.106136 -0.993965 0.027741
-0.106136 -0.993965 0.027741
-0.106136 -0.993965 0.027741
-0.106136 -0.993965 0.027741
-0.106136 -0.993965 0.027741
-0.106136 -0.993965 0.027741
0.655230 0.083328 0.750820
0.633227 0.164020 0.756387
0.655230 0.083328 0.750820
0.633227 0.164020 0.756387
0.655230 0.083328 0.750820
0.631047 0.171166 0.756625
0.631047 0.171166 0.756625
0.575948 0.329788 0.748013
0.633227 0.164020 0.756387
0.575948 0.329788 0.748013
0.631047 0.171166 0.756625
0.573598 0.335797 0.747145
0.575948 0.329788 0.748013
0.456865 0.540045 0.706843
0.430705 0.574167 0.696294
0.456865 0.540045 0.706843
0.575948 0.329788 0.748013
0.573598 0.335797 0.747145
0.430705 0.574167 0.696294
0.288641 0.693166 0.660460
0.276960 0.694148 0.664418
0.288641 0.693166 0.660460
0.430705 0.574167 0.696294
0.456865 0.540045 0.706843
0.276960 0.694148 0.664418
0.150610 0.703167 0.694891
0.143444 0.703451 0.696118
0.150610 0.703167 0.694891
0.276960 0.694148 0.664418
0.288641 0.693166 0.660460
0.000001 0.705139 0.709069
0.143444 0.703451 0.696118
0.150610 0.703167 0.694891
0.143444 0.703451 0.696118
0.000001 0.705139 0.709069
0.000001 0.705139 0.709069
-0.143444 0.703452 0.696117
0.000001 0.705139 0.709069
-0.150610 0.703167 0.694890
0.000001 0.705139 0.709069
-0.143444 0.703452 0.696117
0.000001 0.705139 0.709069
-0.276961 0.694148 0.664418
-0.143444 0.703452 0.696117
-0.150610 0.703167 0.694890
-0.150610 0.703167 0.694890
-0.288643 0.693166 0.660459
-0.276961 0.694148 0.664418
-0.276961 0.694148 0.664418
-0.288643 0.693166 0.660459
-0.430705 0.574168 0.696294
-0.288643 0.693166 0.660459
-0.456865 0.540045 0.706842
-0.430705 0.574168 0.696294
-0.575947 0.329788 0.748014
-0.430705 0.574168 0.696294
-0.456865 0.540045 0.706842
-0.575947 0.329788 0.748014
-0.456865 0.540045 0.706842
-0.573597 0.335797 0.747146
-0.575947 0.329788 0.748014
-0.631045 0.171165 0.756627
-0.633225 0.164020 0.756388
-0.631045 0.171165 0.756627
-0.575947 0.329788 0.748014
-0.573597 0.335797 0.747146
-0.633225 0.164020 0.756388
-0.655228 0.083328 0.750821
-0.655228 0.083328 0.750821
-0.655228 0.083328 0.750821
-0.633225 0.164020 0.756388
-0.631045 0.171165 0.756627
-0.000002 0.000001 -1.000000
-0.000002 0.000001 -1.000000
-0.000002 0.000001 -1.000000
-0.000002 0.000001 -1.000000
-0.000002 0.000001 -1.000000
-0.000002 0.000001 -1.000000
-0.000001 -0.000001 -1.000000
-0.000001 -0.000001 -1.000000
-0.000001 -0.000001 -1.000000
-0.000001 -0.000001 -1.000000
-0.000001 -0.000001 -1.000000
-0.000001 -0.000001 -1.000000
0.000001 0.000000 -1.000000
0.000001 0.000000 -1.000000
0.000001 0.000000 -1.000000
0.000001 0.000000 -1.000000
0.000001 0.000000 -1.000000
0.000001 0.000000 -1.000000
0.000001 0.000001 -1.000000
0.000001 0.000001 -1.000000
0.000001 0.000001 -1.000000
0.000001 0.000001 -1.000000
0.000001 0.000001 -1.000000
0.000001 0.000001 -1.000000
0.000000 0.000000 -1.000000
0.000000 0.000000 -1.000000
0.000000 0.000000 -1.000000
0.000000 0.000000 -1.000000
0.000000 0.000000 -1.000000
0.000000 0.000000 -1.000000
0.000000 0.000000 -1.000000
0.000000 0.000000 -1.000000
0.000000 0.000000 -1.000000
0.000000 0.000000 -1.000000
0.000000 0.000000 -1.000000
0.000000 0.000000 -1.000000
-0.000002 -0.000000 -1.000000
-0.000002 -0.000000 -1.000000
-0.000002 -0.000000 -1.000000
-0.000002 -0.000000 -1.000000
-0.000002 -0.000000 -1.000000
-0.000002 -0.000000 -1.000000
0.000002 -0.000002 -1.000000
0.000002 -0.000002 -1.000000
0.000002 -0.000002 -1.000000
0.000002 -0.000002 -1.000000
0.000002 -0.000002 -1.000000
0.000002 -0.000002 -1.000000
0.000002 -0.000001 -1.000000
0.000002 -0.000001 -1.000000
0.000002 -0.000001 -1.000000
0.000002 -0.000001 -1.000000
0.000002 -0.000001 -1.000000
0.000002 -0.000001 -1.000000
0.000000 0.000000 -1.000000
0.000000 0.000000 -1.000000
0.000000 0.000000 -1.000000
0.000000 0.000000 -1.000000
0.000000 0.000000 -1.000000
0.000000 0.000000 -1.000000
0.000000 0.000000 -1.000000
0.000000 0.000000 -1.000000
0.000000 0.000000 -1.000000
0.000000 0.000000 -1.000000
0.000000 0.000000 -1.000000
0.000000 0.000000 -1.000000
0.000000 0.000000 -1.000000
0.000000 0.000000 -1.000000
0.000000 0.000000 -1.000000
0.000000 0.000000 -1.000000
0.000000 0.000000 -1.000000
0.000000 0.000000 -1.000000
0.000000 0.000000 1.000000
0.000000 0.000000 1.000000
0.000000 0.000000 1.000000
0.000000 0.000000 1.000000
0.000000 0.000000 1.000000
0.000000 0.000000 1.000000
0.000001 -0.000001 1.000000
0.000001 -0.000001 1.000000
0.000001 -0.000001 1.000000
0.000001 -0.000001 1.000000
0.000001 -0.000001 1.000000
0.000001 -0.000001 1.000000
-0.000002 0.000001 1.000000
-0.000002 0.000001 1.000000
-0.000002 0.000001 1.000000
-0.000002 0.000001 1.000000
-0.000002 0.000001 1.000000
-0.000002 0.000001 1.000000
0.000000 0.000000 1.000000
0.000000 0.000000 1.000000
0.000000 0.000000 1.000000
0.000000 0.000000 1.000000
0.000000 0.000000 1.000000
0.000000 0.000000 1.000000
0.000001 0.000001 1.000000
0.000001 0.000001 1.000000
0.000001 0.000001 1.000000
0.000001 0.000001 1.000000
0.000001 0.000001 1.000000
0.000001 0.000001 1.000000
0.000000 0.000000 1.000000
0.000000 0.000000 1.000000
0.000000 0.000000 1.000000
0.000000 0.000000 1.000000
0.000000 0.000000 1.000000
0.000000 0.000000 1.000000
0.000002 0.000000 1.000000
0.000002 0.000000 1.000000
0.000002 0.000000 1.000000
0.000002 0.000000 1.000000
0.000002 0.000000 1.000000
0.000002 0.000000 1.000000
0.000000 0.000000 1.000000
0.000000 0.000000 1.000000
0.000000 0.000000 1.000000
0.000000 0.000000 1.000000
0.000000 0.000000 1.000000
0.000000 0.000000 1.000000
-0.000002 0.000001 1.000000
-0.000002 0.000001 1.000000
-0.000002 0.000001 1.000000
-0.000002 0.000001 1.000000
-0.000002 0.000001 1.000000
-0.000002 0.000001 1.000000
-0.000003 0.000002 1.000000
-0.000003 0.000002 1.000000
-0.000003 0.000002 1.000000
-0.000003 0.000002 1.000000
-0.000003 0.000002 1.000000
-0.000003 0.000002 1.000000
-0.000004 0.000001 1.000000
-0.000004 0.000001 1.000000
-0.000004 0.000001 1.000000
-0.000004 0.000001 1.000000
-0.000004 0.000001 1.000000
-0.000004 0.000001 1.000000
-0.000006 0.000001 1.000000
-0.000006 0.000001 1.000000
-0.000006 0.000001 1.000000
-0.000006 0.000001 1.000000
-0.000006 0.000001 1.000000
-0.000006 0.000001 1.000000
0.670500 -0.140199 -0.728542
0.625834 -0.195668 -0.755014
0.630341 -0.190317 -0.752628
0.670500 -0.140199 -0.728542
0.630341 -0.190317 -0.752628
0.670500 -0.140199 -0.728542
0.625834 -0.195668 -0.755014
0.570850 -0.300666 -0.764022
0.573232 -0.291338 -0.765851
0.625834 -0.195668 -0.755014
0.573232 -0.291338 -0.765851
0.630341 -0.190317 -0.752628
0.570850 -0.300666 -0.764022
0.460463 -0.499654 -0.733703
0.438610 -0.528567 -0.726799
0.570850 -0.300666 -0.764022
0.438610 -0.528567 -0.726799
0.573232 -0.291338 -0.765851
0.262775 -0.696919 -0.667273
0.438610 -0.528567 -0.726799
0.460463 -0.499654 -0.733703
0.438610 -0.528567 -0.726799
0.262775 -0.696919 -0.667273
0.245055 -0.706443 -0.663993
0.245055 -0.706443 -0.663993
0.131099 -0.750590 -0.647633
0.121175 -0.753086 -0.646667
0.131099 -0.750590 -0.647633
0.245055 -0.706443 -0.663993
0.262775 -0.696919 -0.667273
-0.000001 -0.767654 -0.640864
0.121175 -0.753086 -0.646667
-0.000001 -0.767654 -0.640864
0.121175 -0.753086 -0.646667
0.131099 -0.750590 -0.647633
-0.000001 -0.767654 -0.640864
-0.000001 -0.767654 -0.640864
-0.121175 -0.753087 -0.646666
-0.000001 -0.767654 -0.640864
-0.121175 -0.753087 -0.646666
-0.000001 -0.767654 -0.640864
-0.131099 -0.750590 -0.647632
-0.131099 -0.750590 -0.647632
-0.245054 -0.706443 -0.663993
-0.121175 -0.753087 -0.646666
-0.245054 -0.706443 -0.663993
-0.131099 -0.750590 -0.647632
-0.262774 -0.696919 -0.667274
-0.262774 -0.696919 -0.667274
-0.438610 -0.528567 -0.726800
-0.245054 -0.706443 -0.663993
-0.438610 -0.528567 -0.726800
-0.262774 -0.696919 -0.667274
-0.460462 -0.499654 -0.733703
-0.570850 -0.300666 -0.764023
-0.438610 -0.528567 -0.726800
-0.460462 -0.499654 -0.733703
-0.438610 -0.528567 -0.726800
-0.570850 -0.300666 -0.764023
-0.573231 -0.291338 -0.765851
-0.625834 -0.195667 -0.755014
-0.573231 -0.291338 -0.765851
-0.570850 -0.300666 -0.764023
-0.573231 -0.291338 -0.765851
-0.625834 -0.195667 -0.755014
-0.630341 -0.190317 -0.752629
-0.670500 -0.140198 -0.728543
-0.630341 -0.190317 -0.752629
-0.625834 -0.195667 -0.755014
-0.630341 -0.190317 -0.752629
-0.670500 -0.140198 -0.728543
-0.670500 -0.140198 -0.728543
-0.000000 0.000000 -1.000000
-0.000000 0.000000 -1.000000
0.000000 0.000000 -1.000000
-0.153520 -0.101660 0.982902
-0.213608 -0.211797 0.953684
-0.074637 -0.237623 0.968486
-0.571125 -0.600008 0.560185
-0.696533 -0.717525 -0.000001
-0.223757 -0.793117 0.566480
-0.223757 -0.793117 0.566480
-0.696533 -0.717525 -0.000001
-0.278000 -0.960581 -0.000001
0.176587 0.864031 0.471452
-0.000000 1.000000 0.000005
-0.000001 0.864883 0.501973
-0.000000 1.000000 0.000005
0.176587 0.864031 0.471452
0.207961 0.978137 0.000004
-0.000001 0.000000 -1.000000
-0.000002 0.000001 -1.000000
0.000001 0.000000 -1.000000
0.000001 0.000000 -1.000000
-0.000002 0.000001 -1.000000
-0.000001 0.000000 -1.000000
0.473556 0.759833 0.445419
0.542717 0.839916 0.000003
0.176587 0.864031 0.471452
0.176587 0.864031 0.471452
0.542717 0.839916 0.000003
0.207961 0.978137 0.000004
0.000000 0.000001 -1.000000
0.000000 0.000001 -1.000000
0.000000 0.000002 -1.000000
0.000000 0.000001 -1.000000
0.000000 0.000001 -1.000000
0.000000 0.000000 -1.000000
0.000000 -0.238289 0.971194
-0.074637 -0.237623 0.968486
0.000000 -0.726949 0.686692
0.000000 -0.726949 0.686692
-0.074637 -0.237623 0.968486
-0.223757 -0.793117 0.566480
0.000000 -0.726949 0.686692
-0.278000 -0.960581 -0.000001
0.000000 -1.000000 -0.000001
-0.278000 -0.960581 -0.000001
0.000000 -0.726949 0.686692
-0.223757 -0.793117 0.566480
-0.124143 0.867742 0.481262
-0.540385 0.841418 0.000004
-0.480908 0.733088 0.480946
-0.540385 0.841418 0.000004
-0.124143 0.867742 0.481262
-0.144886 0.989448 0.000005
0.000000 0.000000 -1.000000
0.000000 0.000001 -1.000000
0.000000 0.000000 -1.000000
-0.150584 0.232103 0.960965
-0.073625 0.494706 0.865936
-0.246640 0.398931 0.883189
-0.829371 0.148737 0.538536
-1.000000 -0.000000 -0.000001
-0.817714 -0.000000 0.575624
-1.000000 -0.000000 -0.000001
-0.829371 0.148737 0.538536
-0.982174 0.187975 0.000001
-0.000004 0.000001 -1.000000
-0.000005 0.000001 -1.000000
-0.000004 0.000000 -1.000000
-0.000004 0.000000 -1.000000
-0.000002 0.000000 -1.000000
-0.000004 0.000001 -1.000000
0.056462 0.280649 0.958148
-0.000000 -0.000000 1.000000
0.193502 0.280781 0.940063
0.193502 0.280781 0.940063
-0.000000 -0.000000 1.000000
0.028805 -0.000000 0.999585
-0.000000 0.000000 -1.000000
-0.000000 0.000001 -1.000000
-0.000005 0.000001 -1.000000
-0.000005 0.000001 -1.000000
-0.000000 0.000001 -1.000000
-0.000004 0.000000 -1.000000
-0.000001 0.496050 0.868294
0.056462 0.280649 0.958148
0.100728 0.495534 0.862728
0.056462 0.280649 0.958148
-0.000001 0.496050 0.868294
-0.000001 0.256619 0.966513
-0.000000 -0.000001 -1.000000
-0.000002 -0.000000 -1.000000
-0.000002 -0.000001 -1.000000
-0.000002 -0.000001 -1.000000
0.000003 -0.000000 -1.000000
-0.000000 -0.000001 -1.000000
0.662716 0.185617 0.725502
0.724911 0.172813 0.666813
0.798690 0.357829 0.483790
0.870686 -0.218268 0.440755
0.840555 -0.541726 -0.000000
0.968396 -0.249418 0.000000
0.840555 -0.541726 -0.000000
0.870686 -0.218268 0.440755
0.730314 -0.485373 0.480682
-0.000000 0.000000 -1.000000
-0.000002 -0.000001 -1.000000
-0.000002 -0.000000 -1.000000
0.454617 -0.295802 0.840134
0.870686 -0.218268 0.440755
0.542722 -0.144369 0.827412
0.730314 -0.485373 0.480682
0.870686 -0.218268 0.440755
0.454617 -0.295802 0.840134
0.083100 -0.798213 0.596616
0.107524 -0.994203 -0.000001
0.081455 -0.773768 0.628211
0.081455 -0.773768 0.628211
0.107524 -0.994203 -0.000001
0.112500 -0.993652 -0.000001
0.473556 0.759833 0.445419
0.100728 0.495534 0.862728
0.312411 0.494984 0.810796
0.473556 0.759833 0.445419
0.176587 0.864031 0.471452
0.100728 0.495534 0.862728
0.877925 0.403444 0.257837
0.895388 0.133537 0.424791
0.982136 0.188175 0.000001
0.877925 0.403444 0.257837
0.982136 0.188175 0.000001
0.912872 0.408245 0.000001
-0.735641 0.440392 0.514671
-0.982174 0.187975 0.000001
-0.829371 0.148737 0.538536
-0.982174 0.187975 0.000001
-0.735641 0.440392 0.514671
-0.853046 0.521835 0.000002
-0.480908 0.733088 0.480946
-0.853046 0.521835 0.000002
-0.735641 0.440392 0.514671
-0.853046 0.521835 0.000002
-0.480908 0.733088 0.480946
-0.540385 0.841418 0.000004
0.000000 0.000000 -1.000000
0.000000 0.000000 -1.000000
0.000000 0.000000 -1.000000
0.000000 0.000000 -1.000000
0.000000 0.000000 -1.000000
0.000000 0.000000 -1.000000
-0.357191 0.074705 0.931039
-0.359422 0.224975 0.905650
-0.735641 0.440392 0.514671
-0.735641 0.440392 0.514671
-0.829371 0.148737 0.538536
-0.357191 0.074705 0.931039
-0.480908 0.733088 0.480946
-0.735641 0.440392 0.514671
-0.359422 0.224975 0.905650
-0.480908 0.733088 0.480946
-0.359422 0.224975 0.905650
-0.246640 0.398931 0.883189
-0.000000 0.000000 -1.000000
-0.000000 0.000000 -1.000000
-0.000000 0.000000 -1.000000
-0.000000 0.000000 -1.000000
-0.000000 0.000000 -1.000000
-0.000000 0.000000 -1.000000
-0.337312 0.000000 0.941393
-0.153520 -0.101660 0.982902
-0.171183 0.000000 0.985239
-0.153520 -0.101660 0.982902
-0.337312 0.000000 0.941393
-0.333124 -0.058048 0.941095
-0.000004 0.000000 -1.000000
-0.000001 0.000000 -1.000000
-0.000002 0.000001 -1.000000
-0.000002 0.000001 -1.000000
-0.000005 0.000001 -1.000000
-0.000004 0.000000 -1.000000
0.000001 -0.096569 0.995326
-0.000000 -0.000000 1.000000
-0.000000 0.000000 1.000000
-0.000000 -0.000000 1.000000
0.000001 -0.096569 0.995326
0.002235 -0.117903 0.993023
-0.001828 -0.258975 0.965882
0.012519 -0.112734 0.993546
0.002235 -0.117903 0.993023
0.002235 -0.117903 0.993023
0.014254 -0.239595 0.970768
-0.001828 -0.258975 0.965882
-0.000002 0.000000 -1.000000
-0.000002 0.000001 -1.000000
-0.000001 0.000000 -1.000000
-0.000002 0.000001 -1.000000
-0.000002 0.000000 -1.000000
-0.000001 0.000001 -1.000000
0.000004 0.000000 -1.000000
0.000001 0.000000 -1.000000
0.000002 0.000000 -1.000000
0.556193 -0.000000 0.831053
0.542722 -0.144369 0.827412
0.882097 -0.000000 0.471068
0.882097 -0.000000 0.471068
0.542722 -0.144369 0.827412
0.870686 -0.218268 0.440755
0.882097 -0.000000 0.471068
0.968396 -0.249418 0.000000
1.000000 0.000000 0.000001
0.968396 -0.249418 0.000000
0.882097 -0.000000 0.471068
0.870686 -0.218268 0.440755
0.000001 0.000000 -1.000000
0.000000 0.000000 -1.000000
0.000001 0.000000 -1.000000
0.000001 0.000000 -1.000000
0.000000 0.000000 -1.000000
0.000002 0.000000 -1.000000
0.237875 -0.000000 0.971296
0.196638 -0.163492 0.966749
0.484913 -0.000000 0.874562
0.484913 -0.000000 0.874562
0.196638 -0.163492 0.966749
0.471068 -0.149108 0.869403
-0.742207 -0.376324 0.554536
-0.824759 -0.139746 0.547945
-0.893162 -0.449736 -0.000002
-0.824759 -0.139746 0.547945
-0.985599 -0.169097 -0.000002
-0.893162 -0.449736 -0.000002
-0.000000 0.000000 -1.000000
0.000000 0.000000 -1.000000
0.000000 0.000000 -1.000000
-0.153520 -0.101660 0.982902
-0.333124 -0.058048 0.941095
-0.302859 -0.151565 0.940906
-0.153520 -0.101660 0.982902
-0.302859 -0.151565 0.940906
-0.213608 -0.211797 0.953684
-0.571125 -0.600008 0.560185
-0.742207 -0.376324 0.554536
-0.696533 -0.717525 -0.000001
-0.742207 -0.376324 0.554536
-0.893162 -0.449736 -0.000002
-0.696533 -0.717525 -0.000001
-0.000000 0.000000 -1.000000
0.000000 0.000000 -1.000000
0.000000 0.000000 -1.000000
-0.074637 -0.237623 0.968486
-0.571125 -0.600008 0.560185
-0.223757 -0.793117 0.566480
-0.571125 -0.600008 0.560185
-0.074637 -0.237623 0.968486
-0.213608 -0.211797 0.953684
0.000001 -0.096569 0.995326
0.000001 -0.238288 0.971195
0.002235 -0.117903 0.993023
0.002235 -0.117903 0.993023
0.000001 -0.238288 0.971195
0.014254 -0.239595 0.970768
-0.124143 0.867742 0.481262
-0.246640 0.398931 0.883189
-0.073625 0.494706 0.865936
-0.246640 0.398931 0.883189
-0.124143 0.867742 0.481262
-0.480908 0.733088 0.480946
-0.000001 0.864883 0.501973
0.100728 0.495534 0.862728
0.176587 0.864031 0.471452
0.100728 0.495534 0.862728
-0.000001 0.864883 0.501973
-0.000001 0.496050 0.868294
0.895388 0.133537 0.424791
0.877925 0.403444 0.257837
0.724911 0.172813 0.666813
0.724911 0.172813 0.666813
0.877925 0.403444 0.257837
0.798690 0.357829 0.483790
0.542722 -0.144369 0.827412
0.471068 -0.149108 0.869403
0.454617 -0.295802 0.840134
0.100728 0.495534 0.862728
0.056462 0.280649 0.958148
0.312411 0.494984 0.810796
0.312411 0.494984 0.810796
0.056462 0.280649 0.958148
0.193502 0.280781 0.940063
0.196638 -0.163492 0.966749
0.454617 -0.295802 0.840134
0.471068 -0.149108 0.869403
0.196638 -0.163492 0.966749
0.190018 -0.297587 0.935593
0.454617 -0.295802 0.840134
0.605543 0.448209 0.657591
0.798690 0.357829 0.483790
0.877925 0.403444 0.257837
0.877925 0.403444 0.257837
0.722267 0.586449 0.366617
0.605543 0.448209 0.657591
-0.357191 0.074705 0.931039
-0.150584 0.232103 0.960965
-0.359422 0.224975 0.905650
-0.359422 0.224975 0.905650
-0.150584 0.232103 0.960965
-0.246640 0.398931 0.883189
-0.337312 0.000000 0.941393
-0.357191 0.074705 0.931039
-0.829371 0.148737 0.538536
-0.829371 0.148737 0.538536
-0.817714 -0.000000 0.575624
-0.337312 0.000000 0.941393
0.081455 -0.773768 0.628211
-0.001828 -0.258975 0.965882
0.014254 -0.239595 0.970768
0.014254 -0.239595 0.970768
0.083100 -0.798213 0.596616
0.081455 -0.773768 0.628211
0.662716 0.185617 0.725502
0.484913 -0.000000 0.874562
0.724911 0.172813 0.666813
0.556193 -0.000000 0.831053
0.724911 0.172813 0.666813
0.484913 -0.000000 0.874562
-0.824759 -0.139746 0.547945
-0.302859 -0.151565 0.940906
-0.333124 -0.058048 0.941095
-0.302859 -0.151565 0.940906
-0.824759 -0.139746 0.547945
-0.742207 -0.376324 0.554536
-0.742207 -0.376324 0.554536
-0.213608 -0.211797 0.953684
-0.302859 -0.151565 0.940906
-0.213608 -0.211797 0.953684
-0.742207 -0.376324 0.554536
-0.571125 -0.600008 0.560185
-0.000000 0.864884 0.501972
-0.144886 0.989448 0.000005
-0.124143 0.867742 0.481262
-0.144886 0.989448 0.000005
-0.000000 0.864884 0.501972
-0.000000 1.000000 0.000005
0.000000 0.000001 -1.000000
-0.000000 0.000003 -1.000000
-0.000000 0.000001 -1.000000
-0.000000 0.000003 -1.000000
0.000000 0.000001 -1.000000
0.000000 0.000002 -1.000000
0.000000 0.000000 -1.000000
0.000000 0.000000 -1.000000
-0.000000 0.000000 -1.000000
-0.000000 0.000000 -1.000000
-0.000000 0.000000 -1.000000
0.000000 0.000000 -1.000000
-0.150584 0.232103 0.960965
0.000000 0.256618 0.966513
-0.073625 0.494706 0.865936
0.000000 0.496051 0.868293
-0.073625 0.494706 0.865936
0.000000 0.256618 0.966513
0.000000 0.256618 0.966513
-0.171183 0.000000 0.985239
0.000000 -0.000000 1.000000
-0.171183 0.000000 0.985239
0.000000 0.256618 0.966513
-0.150584 0.232103 0.960965
0.000000 0.000000 -1.000000
-0.000000 0.000000 -1.000000
0.000000 0.000000 -1.000000
-0.000000 0.000000 -1.000000
0.000000 0.000000 -1.000000
0.000000 0.000000 -1.000000
0.000000 -0.100960 0.994891
-0.074637 -0.237623 0.968486
0.000000 -0.238289 0.971194
-0.074637 -0.237623 0.968486
0.000000 -0.100960 0.994891
-0.153520 -0.101660 0.982902
-0.073625 0.494706 0.865936
0.000000 0.496051 0.868293
-0.124143 0.867742 0.481262
-0.000000 0.864884 0.501972
-0.124143 0.867742 0.481262
0.000000 0.496051 0.868293
-0.000001 0.864883 0.501973
0.000000 1.000000 0.000005
0.000000 0.864883 0.501973
0.000000 1.000000 0.000005
-0.000001 0.864883 0.501973
-0.000000 1.000000 0.000005
0.000000 0.256619 0.966513
-0.000001 0.256619 0.966513
0.000000 0.496050 0.868294
-0.000001 0.496050 0.868294
0.000000 0.496050 0.868294
-0.000001 0.256619 0.966513
0.000000 0.000000 1.000000
-0.000001 0.256619 0.966513
0.000000 0.256619 0.966513
-0.000001 0.256619 0.966513
0.000000 0.000000 1.000000
-0.000000 0.000000 1.000000
0.000000 0.496050 0.868294
-0.000001 0.496050 0.868294
0.000000 0.864883 0.501973
-0.000001 0.864883 0.501973
0.000000 0.864883 0.501973
-0.000001 0.496050 0.868294
-0.000000 0.000001 -1.000000
-0.000002 0.000000 -1.000000
-0.000004 0.000000 -1.000000
-0.000002 0.000000 -1.000000
-0.000000 0.000001 -1.000000
-0.000000 0.000001 -1.000000
0.014254 -0.239595 0.970768
-0.000002 -0.786857 0.617136
0.083100 -0.798213 0.596616
-0.000002 -0.786857 0.617136
0.014254 -0.239595 0.970768
0.000001 -0.238288 0.971195
0.083100 -0.798213 0.596616
-0.000003 -1.000000 -0.000001
0.107524 -0.994203 -0.000001
-0.000003 -1.000000 -0.000001
0.083100 -0.798213 0.596616
-0.000002 -0.786857 0.617136
-0.817714 -0.000000 0.575624
-0.985599 -0.169097 -0.000002
-0.824759 -0.139746 0.547945
-0.985599 -0.169097 -0.000002
-0.817714 -0.000000 0.575624
-1.000000 -0.000000 -0.000001
-0.000000 -0.000000 1.000000
0.002235 -0.117903 0.993023
0.028805 -0.000000 0.999585
0.028805 -0.000000 0.999585
0.002235 -0.117903 0.993023
0.012519 -0.112734 0.993546
-0.000001 0.000001 -1.000000
-0.000005 0.000001 -1.000000
-0.000002 0.000001 -1.000000
-0.000005 0.000001 -1.000000
-0.000001 0.000001 -1.000000
-0.000000 0.000000 -1.000000
0.000002 0.000000 -1.000000
0.000003 -0.000000 -1.000000
0.000004 0.000000 -1.000000
0.000002 0.000000 -1.000000
-0.000000 -0.000001 -1.000000
0.000003 -0.000000 -1.000000
0.000000 0.000000 -1.000000
-0.000000 -0.000001 -1.000000
0.000002 0.000000 -1.000000
0.000000 0.000000 -1.000000
-0.000000 0.000000 -1.000000
-0.000000 -0.000001 -1.000000
-0.000000 0.000000 -1.000000
-0.000000 0.000000 -1.000000
0.000000 0.000000 -1.000000
-0.000000 0.000000 -1.000000
0.000000 0.000000 -1.000000
0.000000 0.000000 -1.000000
-0.357191 0.074705 0.931039
-0.171183 0.000000 0.985239
-0.150584 0.232103 0.960965
-0.171183 0.000000 0.985239
-0.357191 0.074705 0.931039
-0.337312 0.000000 0.941393
-0.000005 0.000001 -1.000000
-0.000004 0.000000 -1.000000
-0.000005 0.000001 -1.000000
-0.000005 0.000001 -1.000000
-0.000004 0.000000 -1.000000
-0.000005 0.000001 -1.000000
-0.000001 0.256619 0.966513
-0.000000 0.000000 1.000000
0.056462 0.280649 0.958148
0.056462 0.280649 0.958148
-0.000000 0.000000 1.000000
-0.000000 -0.000000 1.000000
0.724911 0.172813 0.666813
0.556193 -0.000000 0.831053
0.895388 0.133537 0.424791
0.882097 -0.000000 0.471068
0.895388 0.133537 0.424791
0.556193 -0.000000 0.831053
0.895388 0.133537 0.424791
1.000000 0.000000 0.000001
0.982136 0.188175 0.000001
1.000000 0.000000 0.000001
0.895388 0.133537 0.424791
0.882097 -0.000000 0.471068
0.443594 0.244462 0.862243
0.237875 -0.000000 0.971296
0.662716 0.185617 0.725502
0.484913 -0.000000 0.874562
0.662716 0.185617 0.725502
0.237875 -0.000000 0.971296
-0.333124 -0.058048 0.941095
-0.337312 0.000000 0.941393
-0.817714 -0.000000 0.575624
-0.817714 -0.000000 0.575624
-0.824759 -0.139746 0.547945
-0.333124 -0.058048 0.941095
0.484913 -0.000000 0.874562
0.471068 -0.149108 0.869403
0.556193 -0.000000 0.831053
0.556193 -0.000000 0.831053
0.471068 -0.149108 0.869403
0.542722 -0.144369 0.827412
0.000000 0.000000 -1.000000
-0.000000 0.000000 -1.000000
0.000000 0.000000 -1.000000
0.000000 0.000000 -1.000000
0.000000 0.000000 -1.000000
0.000000 0.000001 -1.000000
-0.171183 0.000000 0.985239
-0.153520 -0.101660 0.982902
0.000000 -0.000000 1.000000
0.000000 -0.000000 1.000000
-0.153520 -0.101660 0.982902
0.000000 -0.100960 0.994891
0.000000 0.000000 -1.000000
0.000000 0.000000 -1.000000
0.000000 0.000001 -1.000000
0.000000 0.000000 -1.000000
0.000000 0.000001 -1.000000
-0.000000 0.000001 -1.000000
0.000000 -0.000000 1.000000
0.000000 0.000009 1.000000
0.000000 0.000000 1.000000
-0.000000 0.000001 -1.000000
-0.000000 0.000003 -1.000000
-0.000000 0.000001 -1.000000
-0.000000 0.000003 -1.000000
-0.000000 0.000001 -1.000000
-0.000000 0.000001 -1.000000
0.000000 0.864883 0.501973
-0.000000 1.000000 0.000005
-0.000000 0.864884 0.501972
-0.000000 1.000000 0.000005
0.000000 0.864883 0.501973
0.000000 1.000000 0.000005
0.000000 0.256618 0.966513
0.000000 0.256619 0.966513
0.000000 0.496051 0.868293
0.000000 0.496050 0.868294
0.000000 0.496051 0.868293
0.000000 0.256619 0.966513
0.000000 -0.000000 1.000000
0.000000 0.000000 1.000000
0.000000 0.256618 0.966513
0.000000 0.256619 0.966513
0.000000 0.256618 0.966513
0.000000 0.000000 1.000000
0.000000 0.496051 0.868293
0.000000 0.864883 0.501973
-0.000000 0.864884 0.501972
0.000000 0.864883 0.501973
0.000000 0.496051 0.868293
0.000000 0.496050 0.868294
0.000000 0.000000 -1.000000
-0.000000 0.000001 -1.000000
-0.000000 0.000000 -1.000000
-0.000000 0.000001 -1.000000
0.000000 0.000000 -1.000000
-0.000000 0.000001 -1.000000
0.000001 -0.096569 0.995326
-0.000000 0.000000 1.000000
-0.000001 -0.000000 1.000000
0.000000 -0.000000 1.000000
0.000000 -0.100960 0.994891
0.000001 -0.000002 1.000000
-0.000000 0.000000 1.000000
-0.000000 -0.000002 1.000000
-0.000001 -0.000000 1.000000
0.000000 -0.000000 1.000000
0.000001 -0.000002 1.000000
0.000000 0.000009 1.000000
-0.000000 0.000000 1.000000
0.000000 0.000000 1.000000
-0.000000 -0.000002 1.000000
0.124605 -0.990544 -0.057410
0.124605 -0.990544 -0.057410
0.124605 -0.990544 -0.057410
0.124605 -0.990544 -0.057410
0.124605 -0.990544 -0.057410
0.124605 -0.990544 -0.057410
-0.124608 -0.990544 -0.057410
-0.124608 -0.990544 -0.057410
-0.124608 -0.990544 -0.057410
-0.124608 -0.990544 -0.057410
-0.124608 -0.990544 -0.057410
-0.124608 -0.990544 -0.057410
-0.915538 -0.402232 -0.000001
-0.928380 -0.371631 -0.000001
-1.000000 0.000000 0.000000
-1.000000 0.000000 0.000000
-0.928380 -0.371631 -0.000001
-1.000000 0.000000 0.000000
0.678053 -0.735013 0.000000
0.940258 -0.338634 -0.035253
0.947663 -0.316950 -0.038451
0.678053 -0.735013 0.000000
0.947663 -0.316950 -0.038451
0.678053 -0.735013 0.000000
-0.702000 -0.712177 -0.000002
-0.928380 -0.371631 -0.000001
-0.915538 -0.402232 -0.000001
-0.928380 -0.371631 -0.000001
-0.702000 -0.712177 -0.000002
-0.702000 -0.712177 -0.000002
0.678053 -0.735013 0.000000
0.299663 -0.954045 -0.000001
0.299663 -0.954045 -0.000001
0.299663 -0.954045 -0.000001
0.678053 -0.735013 0.000000
0.678053 -0.735013 0.000000
-0.434487 -0.900678 -0.000002
-0.434489 -0.900677 -0.000002
-0.702000 -0.712177 -0.000002
-0.702000 -0.712177 -0.000002
-0.434489 -0.900677 -0.000002
-0.702000 -0.712177 -0.000002
-0.027364 -0.999626 -0.000001
0.299663 -0.954045 -0.000001
0.299663 -0.954045 -0.000001
-0.027364 -0.999626 -0.000001
0.299663 -0.954045 -0.000001
-0.027364 -0.999626 -0.000001
-0.434487 -0.900678 -0.000002
-0.027364 -0.999626 -0.000001
-0.027364 -0.999626 -0.000001
-0.434487 -0.900678 -0.000002
-0.027364 -0.999626 -0.000001
-0.434489 -0.900677 -0.000002
0.940258 -0.338634 -0.035253
0.985545 -0.160819 -0.053278
0.947663 -0.316950 -0.038451
0.985545 -0.160819 -0.053278
0.986326 -0.155605 -0.054302
0.947663 -0.316950 -0.038451
0.909426 -0.415866 -0.000000
0.986326 -0.155605 -0.054302
0.985545 -0.160819 -0.053278
-1.000000 0.000000 0.000000
-1.000000 0.000000 0.000000
-1.000000 0.000000 0.000000
0.000001 0.000000 -1.000000
0.000001 0.000000 -1.000000
0.000001 0.000000 -1.000000
-0.000001 0.000001 -1.000000
-0.000001 0.000001 -1.000000
-0.000001 0.000001 -1.000000
0.000000 0.000000 -1.000000
0.000000 0.000000 -1.000000
0.000000 0.000000 -1.000000
0.000000 0.000000 -1.000000
0.000000 0.000000 -1.000000
0.000000 0.000000 -1.000000
0.000000 -0.000018 -1.000000
0.000000 -0.000018 -1.000000
0.000000 -0.000018 -1.000000
0.000001 -0.000000 -1.000000
0.000001 -0.000000 -1.000000
0.000001 -0.000000 -1.000000
0.000001 0.000000 -1.000000
0.000000 0.000000 -1.000000
0.000001 0.000000 -1.000000
0.000001 0.000000 -1.000000
-0.000001 0.000000 -1.000000
0.000000 0.000000 -1.000000
0.473556 0.759833 0.445419
0.722267 0.586449 0.366617
0.542717 0.839916 0.000003
0.722267 0.586449 0.366617
0.794600 0.607133 0.000002
0.542717 0.839916 0.000003
-0.000004 0.000001 -1.000000
-0.000001 0.000001 -1.000000
-0.000005 0.000001 -1.000000
-0.000001 0.000001 -1.000000
-0.000000 0.000000 -1.000000
-0.000005 0.000001 -1.000000
0.443594 0.244462 0.862243
0.028805 -0.000000 0.999585
0.237875 -0.000000 0.971296
0.028805 -0.000000 0.999585
0.443594 0.244462 0.862243
0.193502 0.280781 0.940063
0.375706 -0.768897 0.517342
0.112500 -0.993652 -0.000001
0.452881 -0.891571 -0.000001
0.112500 -0.993652 -0.000001
0.375706 -0.768897 0.517342
0.081455 -0.773768 0.628211
0.722267 0.586449 0.366617
0.312411 0.494984 0.810796
0.605543 0.448209 0.657591
0.312411 0.494984 0.810796
0.722267 0.586449 0.366617
0.473556 0.759833 0.445419
-0.000001 0.000000 -1.000000
-0.000000 0.000000 -1.000000
0.000000 0.000000 -1.000000
-0.000001 0.000000 -1.000000
-0.000004 0.000000 -1.000000
-0.000000 0.000000 -1.000000
0.196638 -0.163492 0.966749
-0.001828 -0.258975 0.965882
0.190018 -0.297587 0.935593
-0.001828 -0.258975 0.965882
0.196638 -0.163492 0.966749
0.012519 -0.112734 0.993546
0.605543 0.448209 0.657591
0.193502 0.280781 0.940063
0.443594 0.244462 0.862243
0.605543 0.448209 0.657591
0.312411 0.494984 0.810796
0.193502 0.280781 0.940063
0.190018 -0.297587 0.935593
-0.001828 -0.258975 0.965882
0.081455 -0.773768 0.628211
0.190018 -0.297587 0.935593
0.081455 -0.773768 0.628211
0.375706 -0.768897 0.517342
0.028805 -0.000000 0.999585
0.012519 -0.112734 0.993546
0.237875 -0.000000 0.971296
0.237875 -0.000000 0.971296
0.012519 -0.112734 0.993546
0.196638 -0.163492 0.966749
-0.000004 0.000000 -1.000000
-0.000000 0.000000 -1.000000
-0.000000 0.000000 -1.000000
-0.000000 0.000000 -1.000000
-0.000004 0.000000 -1.000000
-0.000005 0.000001 -1.000000
-0.000000 0.000000 -1.000000
-0.000000 0.000000 -1.000000
-0.000002 -0.000000 -1.000000
-0.000002 -0.000000 -1.000000
-0.000000 -0.000001 -1.000000
-0.000000 0.000000 -1.000000
0.722267 0.586449 0.366617
0.912872 0.408245 0.000001
0.794600 0.607133 0.000002
0.912872 0.408245 0.000001
0.722267 0.586449 0.366617
0.877925 0.403444 0.257837
-0.000000 0.000000 -1.000000
-0.000001 0.000001 -1.000000
-0.000000 0.000000 -1.000000
-0.000000 0.000000 -1.000000
-0.000002 -0.000000 -1.000000
-0.000000 0.000000 -1.000000
0.190018 -0.297587 0.935593
0.375706 -0.768897 0.517342
0.730314 -0.485373 0.480682
0.730314 -0.485373 0.480682
0.454617 -0.295802 0.840134
0.190018 -0.297587 0.935593
0.730314 -0.485373 0.480682
0.452881 -0.891571 -0.000001
0.840555 -0.541726 -0.000000
0.452881 -0.891571 -0.000001
0.730314 -0.485373 0.480682
0.375706 -0.768897 0.517342
0.798690 0.357829 0.483790
0.443594 0.244462 0.862243
0.662716 0.185617 0.725502
0.443594 0.244462 0.862243
0.798690 0.357829 0.483790
0.605543 0.448209 0.657591
0.655230 0.083328 -0.750820
0.633227 0.164020 -0.756387
0.655230 0.083328 -0.750820
0.655230 0.083328 -0.750820
0.633227 0.164020 -0.756387
0.631047 0.171166 -0.756625
0.573598 0.335797 -0.747145
0.631047 0.171166 -0.756625
0.575948 0.329788 -0.748013
0.631047 0.171166 -0.756625
0.633227 0.164020 -0.756387
0.575948 0.329788 -0.748013
0.456865 0.540045 -0.706843
0.575948 0.329788 -0.748013
0.430705 0.574167 -0.696294
0.575948 0.329788 -0.748013
0.456865 0.540045 -0.706843
0.573598 0.335797 -0.747145
0.430705 0.574167 -0.696294
0.288641 0.693166 -0.660460
0.456865 0.540045 -0.706843
0.288641 0.693166 -0.660460
0.430705 0.574167 -0.696294
0.276960 0.694148 -0.664418
0.276960 0.694148 -0.664418
0.150610 0.703167 -0.694891
0.288641 0.693166 -0.660460
0.150610 0.703167 -0.694891
0.276960 0.694148 -0.664418
0.143444 0.703451 -0.696118
0.000001 0.705140 -0.709069
0.143444 0.703451 -0.696118
0.000001 0.705140 -0.709069
0.143444 0.703451 -0.696118
0.000001 0.705140 -0.709069
0.150610 0.703167 -0.694891
-0.143444 0.703452 -0.696117
0.000001 0.705140 -0.709069
0.000001 0.705140 -0.709069
0.000001 0.705140 -0.709069
-0.143444 0.703452 -0.696117
-0.150610 0.703167 -0.694890
-0.288643 0.693166 -0.660459
-0.150610 0.703167 -0.694890
-0.276961 0.694148 -0.664418
-0.150610 0.703167 -0.694890
-0.143444 0.703452 -0.696117
-0.276961 0.694148 -0.664418
-0.430705 0.574168 -0.696294
-0.456865 0.540045 -0.706842
-0.288643 0.693166 -0.660459
-0.288643 0.693166 -0.660459
-0.276961 0.694148 -0.664418
-0.430705 0.574168 -0.696294
-0.430705 0.574168 -0.696294
-0.575947 0.329788 -0.748014
-0.456865 0.540045 -0.706842
-0.573596 0.335797 -0.747146
-0.456865 0.540045 -0.706842
-0.575947 0.329788 -0.748014
-0.631045 0.171165 -0.756627
-0.575947 0.329788 -0.748014
-0.633225 0.164020 -0.756388
-0.575947 0.329788 -0.748014
-0.631045 0.171165 -0.756627
-0.573596 0.335797 -0.747146
-0.655228 0.083328 -0.750821
-0.633225 0.164020 -0.756388
-0.655228 0.083328 -0.750821
-0.633225 0.164020 -0.756388
-0.655228 0.083328 -0.750821
-0.631045 0.171165 -0.756627
-0.000002 0.000001 1.000000
-0.000002 0.000001 1.000000
-0.000002 0.000001 1.000000
-0.000002 0.000001 1.000000
-0.000002 0.000001 1.000000
-0.000002 0.000001 1.000000
-0.000001 -0.000001 1.000000
-0.000001 -0.000001 1.000000
-0.000001 -0.000001 1.000000
-0.000001 -0.000001 1.000000
-0.000001 -0.000001 1.000000
-0.000001 -0.000001 1.000000
0.000001 0.000000 1.000000
0.000001 0.000000 1.000000
0.000001 0.000000 1.000000
0.000001 0.000000 1.000000
0.000001 0.000000 1.000000
0.000001 0.000000 1.000000
0.000001 0.000001 1.000000
0.000001 0.000001 1.000000
0.000001 0.000001 1.000000
0.000001 0.000001 1.000000
0.000001 0.000001 1.000000
0.000001 0.000001 1.000000
0.000000 0.000000 1.000000
0.000000 0.000000 1.000000
0.000000 0.000000 1.000000
0.000000 0.000000 1.000000
0.000000 0.000000 1.000000
0.000000 0.000000 1.000000
0.000000 0.000000 1.000000
0.000000 0.000000 1.000000
0.000000 0.000000 1.000000
0.000000 0.000000 1.000000
0.000000 0.000000 1.000000
0.000000 0.000000 1.000000
-0.000002 -0.000000 1.000000
-0.000002 -0.000000 1.000000
-0.000002 -0.000000 1.000000
-0.000002 -0.000000 1.000000
-0.000002 -0.000000 1.000000
-0.000002 -0.000000 1.000000
0.000002 -0.000002 1.000000
0.000002 -0.000002 1.000000
0.000002 -0.000002 1.000000
0.000002 -0.000002 1.000000
0.000002 -0.000002 1.000000
0.000002 -0.000002 1.000000
0.000002 -0.000001 1.000000
0.000002 -0.000001 1.000000
0.000002 -0.000001 1.000000
0.000002 -0.000001 1.000000
0.000002 -0.000001 1.000000
0.000002 -0.000001 1.000000
0.000000 0.000000 1.000000
0.000000 0.000000 1.000000
0.000000 0.000000 1.000000
0.000000 0.000000 1.000000
0.000000 0.000000 1.000000
0.000000 0.000000 1.000000
0.000000 0.000000 1.000000
0.000000 0.000000 1.000000
0.000000 0.000000 1.000000
0.000000 0.000000 1.000000
0.000000 0.000000 1.000000
0.000000 0.000000 1.000000
0.000000 0.000000 1.000000
0.000000 0.000000 1.000000
0.000000 0.000000 1.000000
0.000000 0.000000 1.000000
0.000000 0.000000 1.000000
0.000000 0.000000 1.000000
0.000000 0.000000 -1.000000
0.000000 0.000000 -1.000000
0.000000 0.000000 -1.000000
0.000000 0.000000 -1.000000
0.000000 0.000000 -1.000000
0.000000 0.000000 -1.000000
0.000001 -0.000001 -1.000000
0.000001 -0.000001 -1.000000
0.000001 -0.000001 -1.000000
0.000001 -0.000001 -1.000000
0.000001 -0.000001 -1.000000
0.000001 -0.000001 -1.000000
-0.000002 0.000001 -1.000000
-0.000002 0.000001 -1.000000
-0.000002 0.000001 -1.000000
-0.000002 0.000001 -1.000000
-0.000002 0.000001 -1.000000
-0.000002 0.000001 -1.000000
0.000000 0.000000 -1.000000
0.000000 0.000000 -1.000000
0.000000 0.000000 -1.000000
0.000000 0.000000 -1.000000
0.000000 0.000000 -1.000000
0.000000 0.000000 -1.000000
0.000001 0.000001 -1.000000
0.000001 0.000001 -1.000000
0.000001 0.000001 -1.000000
0.000001 0.000001 -1.000000
0.000001 0.000001 -1.000000
0.000001 0.000001 -1.000000
0.000000 0.000000 -1.000000
0.000000 0.000000 -1.000000
0.000000 0.000000 -1.000000
0.000000 0.000000 -1.000000
0.000000 0.000000 -1.000000
0.000000 0.000000 -1.000000
0.000002 0.000000 -1.000000
0.000002 0.000000 -1.000000
0.000002 0.000000 -1.000000
0.000002 0.000000 -1.000000
0.000002 0.000000 -1.000000
0.000002 0.000000 -1.000000
0.000000 0.000000 -1.000000
0.000000 0.000000 -1.000000
0.000000 0.000000 -1.000000
0.000000 0.000000 -1.000000
0.000000 0.000000 -1.000000
0.000000 0.000000 -1.000000
-0.000002 0.000001 -1.000000
-0.000002 0.000001 -1.000000
-0.000002 0.000001 -1.000000
-0.000002 0.000001 -1.000000
-0.000002 0.000001 -1.000000
-0.000002 0.000001 -1.000000
-0.000003 0.000002 -1.000000
-0.000003 0.000002 -1.000000
-0.000003 0.000002 -1.000000
-0.000003 0.000002 -1.000000
-0.000003 0.000002 -1.000000
-0.000003 0.000002 -1.000000
-0.000004 0.000001 -1.000000
-0.000004 0.000001 -1.000000
-0.000004 0.000001 -1.000000
-0.000004 0.000001 -1.000000
-0.000004 0.000001 -1.000000
-0.000004 0.000001 -1.000000
-0.000006 0.000001 -1.000000
-0.000006 0.000001 -1.000000
-0.000006 0.000001 -1.000000
-0.000006 0.000001 -1.000000
-0.000006 0.000001 -1.000000
-0.000006 0.000001 -1.000000
0.625834 -0.195668 0.755014
0.670500 -0.140199 0.728542
0.630341 -0.190317 0.752628
0.630341 -0.190317 0.752628
0.670500 -0.140199 0.728542
0.670500 -0.140199 0.728542
0.630341 -0.190317 0.752628
0.573232 -0.291338 0.765851
0.625834 -0.195668 0.755014
0.573232 -0.291338 0.765851
0.570850 -0.300665 0.764022
0.625834 -0.195668 0.755014
0.573232 -0.291338 0.765851
0.438610 -0.528567 0.726799
0.570850 -0.300665 0.764022
0.438610 -0.528567 0.726799
0.460463 -0.499654 0.733703
0.570850 -0.300665 0.764022
0.438610 -0.528567 0.726799
0.262775 -0.696919 0.667273
0.460463 -0.499654 0.733703
0.262775 -0.696919 0.667273
0.438610 -0.528567 0.726799
0.245055 -0.706443 0.663993
0.245055 -0.706443 0.663993
0.131099 -0.750590 0.647633
0.262775 -0.696919 0.667273
0.131099 -0.750590 0.647633
0.245055 -0.706443 0.663993
0.121175 -0.753086 0.646667
0.121175 -0.753086 0.646667
-0.000001 -0.767654 0.640864
0.131099 -0.750590 0.647633
-0.000001 -0.767654 0.640864
0.121175 -0.753086 0.646667
-0.000001 -0.767654 0.640864
-0.000001 -0.767654 0.640864
-0.121175 -0.753087 0.646666
-0.131099 -0.750590 0.647632
-0.121175 -0.753087 0.646666
-0.000001 -0.767654 0.640864
-0.000001 -0.767654 0.640864
-0.131099 -0.750590 0.647632
-0.245054 -0.706443 0.663993
-0.262774 -0.696919 0.667273
-0.245054 -0.706443 0.663993
-0.131099 -0.750590 0.647632
-0.121175 -0.753087 0.646666
-0.438610 -0.528567 0.726800
-0.262774 -0.696919 0.667273
-0.245054 -0.706443 0.663993
-0.262774 -0.696919 0.667273
-0.438610 -0.528567 0.726800
-0.460463 -0.499654 0.733703
-0.438610 -0.528567 0.726800
-0.573231 -0.291338 0.765851
-0.570850 -0.300666 0.764023
-0.438610 -0.528567 0.726800
-0.570850 -0.300666 0.764023
-0.460463 -0.499654 0.733703
-0.573231 -0.291338 0.765851
-0.630341 -0.190317 0.752629
-0.625834 -0.195667 0.755014
-0.573231 -0.291338 0.765851
-0.625834 -0.195667 0.755014
-0.570850 -0.300666 0.764023
-0.630341 -0.190317 0.752629
-0.670500 -0.140198 0.728543
-0.625834 -0.195667 0.755014
-0.670500 -0.140198 0.728543
-0.630341 -0.190317 0.752629
-0.670500 -0.140198 0.728543
-0.000000 0.000000 1.000000
0.000000 0.000000 1.000000
-0.000000 0.000000 1.000000
-0.153520 -0.101660 -0.982902
-0.074637 -0.237623 -0.968486
-0.213608 -0.211797 -0.953684
-0.223757 -0.793117 -0.566480
-0.278000 -0.960581 0.000001
-0.696533 -0.717525 0.000001
-0.696533 -0.717525 0.000001
-0.571125 -0.600008 -0.560185
-0.223757 -0.793117 -0.566480
-0.000000 1.000000 -0.000005
0.207960 0.978137 -0.000004
0.176586 0.864031 -0.471452
-0.000000 1.000000 -0.000005
0.176586 0.864031 -0.471452
-0.000001 0.864884 -0.501973
-0.000002 0.000001 1.000000
0.000001 0.000000 1.000000
-0.000001 0.000000 1.000000
0.000001 0.000000 1.000000
-0.000002 0.000001 1.000000
-0.000001 0.000000 1.000000
0.176586 0.864031 -0.471452
0.207960 0.978137 -0.000004
0.542716 0.839916 -0.000003
0.542716 0.839916 -0.000003
0.473555 0.759834 -0.445420
0.176586 0.864031 -0.471452
0.000000 0.000002 1.000000
0.000000 0.000001 1.000000
0.000000 0.000000 1.000000
0.000000 0.000002 1.000000
0.000000 0.000000 1.000000
0.000000 0.000001 1.000000
0.000000 -0.726949 -0.686692
-0.223757 -0.793117 -0.566480
-0.074637 -0.237623 -0.968486
-0.074637 -0.237623 -0.968486
0.000000 -0.238289 -0.971194
0.000000 -0.726949 -0.686692
-0.278000 -0.960581 0.000001
0.000000 -0.726949 -0.686692
0.000000 -1.000000 0.000001
0.000000 -0.726949 -0.686692
-0.278000 -0.960581 0.000001
-0.223757 -0.793117 -0.566480
-0.540386 0.841418 -0.000005
-0.144886 0.989448 -0.000006
-0.124143 0.867741 -0.481262
-0.540386 0.841418 -0.000005
-0.124143 0.867741 -0.481262
-0.480908 0.733088 -0.480947
0.000000 0.000000 1.000000
0.000000 0.000000 1.000000
0.000000 0.000001 1.000000
-0.150584 0.232103 -0.960965
-0.246640 0.398931 -0.883189
-0.073625 0.494706 -0.865936
-1.000000 -0.000000 0.000001
-0.982174 0.187975 -0.000001
-0.829371 0.148737 -0.538536
-1.000000 -0.000000 0.000001
-0.829371 0.148737 -0.538536
-0.817714 -0.000000 -0.575624
-0.000002 0.000000 1.000000
-0.000004 0.000000 1.000000
-0.000004 0.000001 1.000000
-0.000004 0.000001 1.000000
-0.000004 0.000000 1.000000
-0.000005 0.000001 1.000000
-0.000000 -0.000000 -1.000000
0.193502 0.280781 -0.940063
0.028805 -0.000000 -0.999585
-0.000000 -0.000000 -1.000000
0.056462 0.280649 -0.958148
0.193502 0.280781 -0.940063
-0.000005 0.000001 1.000000
-0.000004 0.000000 1.000000
0.000000 0.000001 1.000000
0.000000 0.000001 1.000000
-0.000000 0.000000 1.000000
-0.000005 0.000001 1.000000
0.056462 0.280649 -0.958148
-0.000001 0.496051 -0.868293
0.100727 0.495535 -0.862728
-0.000001 0.496051 -0.868293
0.056462 0.280649 -0.958148
-0.000001 0.256619 -0.966513
-0.000002 -0.000001 1.000000
-0.000000 -0.000001 1.000000
0.000003 -0.000000 1.000000
-0.000002 -0.000001 1.000000
-0.000002 -0.000000 1.000000
-0.000000 -0.000001 1.000000
0.662717 0.185617 -0.725502
0.798690 0.357829 -0.483790
0.724911 0.172813 -0.666813
0.840555 -0.541726 0.000001
0.870686 -0.218268 -0.440755
0.968396 -0.249418 0.000001
0.870686 -0.218268 -0.440755
0.840555 -0.541726 0.000001
0.730314 -0.485373 -0.480682
-0.000000 0.000000 1.000000
-0.000002 -0.000000 1.000000
-0.000002 -0.000001 1.000000
0.870686 -0.218268 -0.440755
0.730314 -0.485373 -0.480682
0.454617 -0.295802 -0.840134
0.454617 -0.295802 -0.840134
0.542723 -0.144369 -0.827412
0.870686 -0.218268 -0.440755
0.107524 -0.994202 0.000001
0.081455 -0.773768 -0.628211
0.112500 -0.993652 0.000001
0.081455 -0.773768 -0.628211
0.107524 -0.994202 0.000001
0.083100 -0.798213 -0.596616
0.100727 0.495535 -0.862728
0.473555 0.759834 -0.445420
0.312411 0.494984 -0.810796
0.100727 0.495535 -0.862728
0.176586 0.864031 -0.471452
0.473555 0.759834 -0.445420
0.982136 0.188175 -0.000000
0.877925 0.403444 -0.257836
0.912872 0.408245 -0.000001
0.877925 0.403444 -0.257836
0.982136 0.188175 -0.000000
0.895389 0.133537 -0.424790
-0.982174 0.187975 -0.000001
-0.853046 0.521835 -0.000003
-0.735641 0.440392 -0.514671
-0.982174 0.187975 -0.000001
-0.735641 0.440392 -0.514671
-0.829371 0.148737 -0.538536
-0.540386 0.841418 -0.000005
-0.480908 0.733088 -0.480947
-0.853046 0.521835 -0.000003
-0.853046 0.521835 -0.000003
-0.480908 0.733088 -0.480947
-0.735641 0.440392 -0.514671
0.000000 0.000000 1.000000
0.000000 0.000000 1.000000
0.000000 0.000000 1.000000
0.000000 0.000000 1.000000
0.000000 0.000000 1.000000
0.000000 0.000000 1.000000
-0.829371 0.148737 -0.538536
-0.735641 0.440392 -0.514671
-0.357191 0.074705 -0.931039
-0.735641 0.440392 -0.514671
-0.359422 0.224975 -0.905650
-0.357191 0.074705 -0.931039
-0.246640 0.398931 -0.883189
-0.359422 0.224975 -0.905650
-0.480908 0.733088 -0.480947
-0.735641 0.440392 -0.514671
-0.480908 0.733088 -0.480947
-0.359422 0.224975 -0.905650
-0.000000 0.000000 1.000000
-0.000000 0.000000 1.000000
-0.000000 0.000000 1.000000
-0.000000 0.000000 1.000000
-0.000000 0.000000 1.000000
-0.000000 0.000000 1.000000
-0.333124 -0.058048 -0.941095
-0.337312 0.000000 -0.941393
-0.153520 -0.101660 -0.982902
-0.153520 -0.101660 -0.982902
-0.337312 0.000000 -0.941393
-0.171183 0.000000 -0.985239
-0.000005 0.000001 1.000000
-0.000002 0.000001 1.000000
-0.000004 0.000000 1.000000
-0.000004 0.000000 1.000000
-0.000002 0.000001 1.000000
-0.000001 0.000000 1.000000
-0.000000 -0.000000 -1.000000
0.002235 -0.117903 -0.993023
0.000001 -0.096569 -0.995326
0.000001 -0.096569 -0.995326
-0.000000 0.000000 -1.000000
-0.000000 -0.000000 -1.000000
0.014254 -0.239595 -0.970768
0.002235 -0.117903 -0.993023
-0.001828 -0.258975 -0.965882
-0.001828 -0.258975 -0.965882
0.002235 -0.117903 -0.993023
0.012519 -0.112734 -0.993546
-0.000002 0.000001 1.000000
-0.000002 0.000000 1.000000
-0.000001 0.000000 1.000000
-0.000002 0.000000 1.000000
-0.000002 0.000001 1.000000
-0.000001 0.000001 1.000000
0.000004 0.000000 1.000000
0.000002 0.000000 1.000000
0.000001 0.000000 1.000000
0.882097 -0.000000 -0.471067
0.870686 -0.218268 -0.440755
0.542723 -0.144369 -0.827412
0.542723 -0.144369 -0.827412
0.556192 -0.000000 -0.831053
0.882097 -0.000000 -0.471067
0.968396 -0.249418 0.000001
0.882097 -0.000000 -0.471067
1.000000 0.000000 0.000000
0.882097 -0.000000 -0.471067
0.968396 -0.249418 0.000001
0.870686 -0.218268 -0.440755
0.000001 0.000000 1.000000
0.000002 0.000000 1.000000
0.000000 0.000000 1.000000
0.000000 0.000000 1.000000
0.000001 0.000000 1.000000
0.000001 0.000000 1.000000
0.484913 -0.000000 -0.874562
0.471068 -0.149108 -0.869403
0.196638 -0.163492 -0.966749
0.196638 -0.163492 -0.966749
0.237875 -0.000000 -0.971296
0.484913 -0.000000 -0.874562
-0.985599 -0.169097 0.000002
-0.824759 -0.139746 -0.547945
-0.893162 -0.449736 0.000002
-0.893162 -0.449736 0.000002
-0.824759 -0.139746 -0.547945
-0.742207 -0.376324 -0.554536
-0.000000 0.000000 1.000000
0.000000 0.000000 1.000000
0.000000 0.000000 1.000000
-0.153520 -0.101660 -0.982902
-0.302859 -0.151565 -0.940906
-0.333124 -0.058048 -0.941095
-0.153520 -0.101660 -0.982902
-0.213608 -0.211797 -0.953684
-0.302859 -0.151565 -0.940906
-0.742207 -0.376324 -0.554536
-0.696533 -0.717525 0.000001
-0.893162 -0.449736 0.000002
-0.696533 -0.717525 0.000001
-0.742207 -0.376324 -0.554536
-0.571125 -0.600008 -0.560185
-0.000000 0.000000 1.000000
0.000000 0.000000 1.000000
0.000000 0.000000 1.000000
-0.571125 -0.600008 -0.560185
-0.074637 -0.237623 -0.968486
-0.223757 -0.793117 -0.566480
-0.571125 -0.600008 -0.560185
-0.213608 -0.211797 -0.953684
-0.074637 -0.237623 -0.968486
0.014254 -0.239595 -0.970768
0.000001 -0.238288 -0.971195
0.002235 -0.117903 -0.993023
0.000001 -0.238288 -0.971195
0.000001 -0.096569 -0.995326
0.002235 -0.117903 -0.993023
-0.124143 0.867741 -0.481262
-0.246640 0.398931 -0.883189
-0.480908 0.733088 -0.480947
-0.246640 0.398931 -0.883189
-0.124143 0.867741 -0.481262
-0.073625 0.494706 -0.865936
-0.000001 0.864884 -0.501973
0.100727 0.495535 -0.862728
-0.000001 0.496051 -0.868293
0.100727 0.495535 -0.862728
-0.000001 0.864884 -0.501973
0.176586 0.864031 -0.471452
0.877925 0.403444 -0.257836
0.895389 0.133537 -0.424790
0.724911 0.172813 -0.666813
0.877925 0.403444 -0.257836
0.724911 0.172813 -0.666813
0.798690 0.357829 -0.483790
0.542723 -0.144369 -0.827412
0.454617 -0.295802 -0.840134
0.471068 -0.149108 -0.869403
0.056462 0.280649 -0.958148
0.312411 0.494984 -0.810796
0.193502 0.280781 -0.940063
0.056462 0.280649 -0.958148
0.100727 0.495535 -0.862728
0.312411 0.494984 -0.810796
0.190018 -0.297587 -0.935593
0.196638 -0.163492 -0.966749
0.454617 -0.295802 -0.840134
0.454617 -0.295802 -0.840134
0.196638 -0.163492 -0.966749
0.471068 -0.149108 -0.869403
0.722267 0.586449 -0.366616
0.877925 0.403444 -0.257836
0.605543 0.448209 -0.657591
0.605543 0.448209 -0.657591
0.877925 0.403444 -0.257836
0.798690 0.357829 -0.483790
-0.357191 0.074705 -0.931039
-0.359422 0.224975 -0.905650
-0.150584 0.232103 -0.960965
-0.359422 0.224975 -0.905650
-0.246640 0.398931 -0.883189
-0.150584 0.232103 -0.960965
-0.817714 -0.000000 -0.575624
-0.829371 0.148737 -0.538536
-0.337312 0.000000 -0.941393
-0.357191 0.074705 -0.931039
-0.337312 0.000000 -0.941393
-0.829371 0.148737 -0.538536
0.083100 -0.798213 -0.596616
0.014254 -0.239595 -0.970768
0.081455 -0.773768 -0.628211
0.081455 -0.773768 -0.628211
0.014254 -0.239595 -0.970768
-0.001828 -0.258975 -0.965882
0.484913 -0.000000 -0.874562
0.662717 0.185617 -0.725502
0.724911 0.172813 -0.666813
0.724911 0.172813 -0.666813
0.556192 -0.000000 -0.831053
0.484913 -0.000000 -0.874562
-0.302859 -0.151565 -0.940906
-0.824759 -0.139746 -0.547945
-0.333124 -0.058048 -0.941095
-0.824759 -0.139746 -0.547945
-0.302859 -0.151565 -0.940906
-0.742207 -0.376324 -0.554536
-0.213608 -0.211797 -0.953684
-0.742207 -0.376324 -0.554536
-0.302859 -0.151565 -0.940906
-0.742207 -0.376324 -0.554536
-0.213608 -0.211797 -0.953684
-0.571125 -0.600008 -0.560185
-0.144886 0.989448 -0.000006
0.000000 1.000000 -0.000006
0.000000 0.864884 -0.501972
-0.144886 0.989448 -0.000006
0.000000 0.864884 -0.501972
-0.124143 0.867741 -0.481262
0.000000 0.000003 1.000000
0.000000 0.000002 1.000000
0.000000 0.000001 1.000000
0.000000 0.000003 1.000000
0.000000 0.000001 1.000000
0.000000 0.000001 1.000000
-0.000000 0.000000 1.000000
-0.000000 0.000000 1.000000
0.000000 0.000000 1.000000
0.000000 0.000000 1.000000
-0.000000 0.000000 1.000000
0.000000 0.000000 1.000000
-0.073625 0.494706 -0.865936
0.000000 0.256618 -0.966513
-0.150584 0.232103 -0.960965
0.000000 0.256618 -0.966513
-0.073625 0.494706 -0.865936
0.000000 0.496052 -0.868293
-0.150584 0.232103 -0.960965
0.000000 -0.000000 -1.000000
-0.171183 0.000000 -0.985239
0.000000 -0.000000 -1.000000
-0.150584 0.232103 -0.960965
0.000000 0.256618 -0.966513
-0.000000 0.000000 1.000000
0.000000 0.000000 1.000000
0.000000 0.000000 1.000000
0.000000 0.000000 1.000000
-0.000000 0.000000 1.000000
0.000000 0.000000 1.000000
-0.074637 -0.237623 -0.968486
0.000000 -0.100960 -0.994891
0.000000 -0.238289 -0.971194
0.000000 -0.100960 -0.994891
-0.074637 -0.237623 -0.968486
-0.153520 -0.101660 -0.982902
0.000000 0.496052 -0.868293
-0.073625 0.494706 -0.865936
-0.124143 0.867741 -0.481262
0.000000 0.496052 -0.868293
-0.124143 0.867741 -0.481262
0.000000 0.864884 -0.501972
0.000000 1.000000 -0.000006
-0.000000 1.000000 -0.000005
-0.000001 0.864884 -0.501973
0.000000 1.000000 -0.000006
-0.000001 0.864884 -0.501973
0.000000 0.864883 -0.501973
-0.000001 0.256619 -0.966513
0.000000 0.256618 -0.966513
0.000000 0.496051 -0.868293
-0.000001 0.256619 -0.966513
0.000000 0.496051 -0.868293
-0.000001 0.496051 -0.868293
0.000000 0.000000 -1.000000
-0.000001 0.256619 -0.966513
-0.000000 0.000000 -1.000000
-0.000001 0.256619 -0.966513
0.000000 0.000000 -1.000000
0.000000 0.256618 -0.966513
-0.000001 0.496051 -0.868293
0.000000 0.496051 -0.868293
0.000000 0.864883 -0.501973
-0.000001 0.496051 -0.868293
0.000000 0.864883 -0.501973
-0.000001 0.864884 -0.501973
-0.000002 0.000000 1.000000
-0.000000 0.000001 1.000000
0.000000 0.000001 1.000000
-0.000002 0.000000 1.000000
0.000000 0.000001 1.000000
-0.000004 0.000000 1.000000
-0.000002 -0.786857 -0.617136
0.014254 -0.239595 -0.970768
0.083100 -0.798213 -0.596616
0.014254 -0.239595 -0.970768
-0.000002 -0.786857 -0.617136
0.000001 -0.238288 -0.971195
-0.000003 -1.000000 0.000001
0.083100 -0.798213 -0.596616
0.107524 -0.994202 0.000001
0.083100 -0.798213 -0.596616
-0.000003 -1.000000 0.000001
-0.000002 -0.786857 -0.617136
-0.985599 -0.169097 0.000002
-1.000000 -0.000000 0.000001
-0.817714 -0.000000 -0.575624
-0.985599 -0.169097 0.000002
-0.817714 -0.000000 -0.575624
-0.824759 -0.139746 -0.547945
0.002235 -0.117903 -0.993023
0.028805 -0.000000 -0.999585
0.012519 -0.112734 -0.993546
0.028805 -0.000000 -0.999585
0.002235 -0.117903 -0.993023
-0.000000 -0.000000 -1.000000
-0.000005 0.000001 1.000000
-0.000001 0.000001 1.000000
-0.000002 0.000001 1.000000
-0.000001 0.000001 1.000000
-0.000005 0.000001 1.000000
-0.000000 0.000000 1.000000
-0.000000 -0.000001 1.000000
0.000002 0.000000 1.000000
0.000003 -0.000000 1.000000
0.000003 -0.000000 1.000000
0.000002 0.000000 1.000000
0.000004 0.000000 1.000000
-0.000000 0.000000 1.000000
0.000000 0.000000 1.000000
-0.000000 -0.000001 1.000000
-0.000000 -0.000001 1.000000
0.000000 0.000000 1.000000
0.000002 0.000000 1.000000
0.000000 0.000000 1.000000
-0.000000 0.000000 1.000000
0.000000 0.000000 1.000000
-0.000000 0.000000 1.000000
0.000000 0.000000 1.000000
-0.000000 0.000000 1.000000
-0.337312 0.000000 -0.941393
-0.357191 0.074705 -0.931039
-0.171183 0.000000 -0.985239
-0.171183 0.000000 -0.985239
-0.357191 0.074705 -0.931039
-0.150584 0.232103 -0.960965
-0.000004 0.000000 1.000000
-0.000005 0.000001 1.000000
-0.000005 0.000001 1.000000
-0.000005 0.000001 1.000000
-0.000005 0.000001 1.000000
-0.000004 0.000000 1.000000
0.056462 0.280649 -0.958148
-0.000000 -0.000000 -1.000000
-0.000000 0.000000 -1.000000
-0.000000 0.000000 -1.000000
-0.000001 0.256619 -0.966513
0.056462 0.280649 -0.958148
0.895389 0.133537 -0.424790
0.882097 -0.000000 -0.471067
0.556192 -0.000000 -0.831053
0.556192 -0.000000 -0.831053
0.724911 0.172813 -0.666813
0.895389 0.133537 -0.424790
1.000000 0.000000 0.000000
0.895389 0.133537 -0.424790
0.982136 0.188175 -0.000000
0.895389 0.133537 -0.424790
1.000000 0.000000 0.000000
0.882097 -0.000000 -0.471067
0.662717 0.185617 -0.725502
0.484913 -0.000000 -0.874562
0.237875 -0.000000 -0.971296
0.237875 -0.000000 -0.971296
0.443594 0.244462 -0.862243
0.662717 0.185617 -0.725502
-0.824759 -0.139746 -0.547945
-0.817714 -0.000000 -0.575624
-0.333124 -0.058048 -0.941095
-0.333124 -0.058048 -0.941095
-0.817714 -0.000000 -0.575624
-0.337312 0.000000 -0.941393
0.471068 -0.149108 -0.869403
0.556192 -0.000000 -0.831053
0.542723 -0.144369 -0.827412
0.471068 -0.149108 -0.869403
0.484913 -0.000000 -0.874562
0.556192 -0.000000 -0.831053
0.000000 0.000000 1.000000
0.000000 0.000000 1.000000
0.000000 0.000001 1.000000
0.000000 0.000000 1.000000
0.000000 0.000000 1.000000
-0.000000 0.000000 1.000000
-0.153520 -0.101660 -0.982902
0.000000 -0.000000 -1.000000
0.000000 -0.100960 -0.994891
0.000000 -0.000000 -1.000000
-0.153520 -0.101660 -0.982902
-0.171183 0.000000 -0.985239
0.000000 0.000001 1.000000
0.000000 0.000000 1.000000
0.000000 0.000001 1.000000
0.000000 0.000000 1.000000
0.000000 0.000001 1.000000
0.000000 0.000000 1.000000
0.000000 -0.000000 -1.000000
0.000000 0.000000 -1.000000
0.000000 0.000009 -1.000000
0.000000 0.000003 1.000000
0.000000 0.000001 1.000000
-0.000000 0.000001 1.000000
0.000000 0.000001 1.000000
0.000000 0.000003 1.000000
0.000000 0.000001 1.000000
0.000000 1.000000 -0.000006
0.000000 1.000000 -0.000006
0.000000 0.864883 -0.501973
0.000000 1.000000 -0.000006
0.000000 0.864883 -0.501973
0.000000 0.864884 -0.501972
0.000000 0.256618 -0.966513
0.000000 0.256618 -0.966513
0.000000 0.496052 -0.868293
0.000000 0.256618 -0.966513
0.000000 0.496052 -0.868293
0.000000 0.496051 -0.868293
0.000000 0.000000 -1.000000
0.000000 -0.000000 -1.000000
0.000000 0.256618 -0.966513
0.000000 0.000000 -1.000000
0.000000 0.256618 -0.966513
0.000000 0.256618 -0.966513
0.000000 0.496052 -0.868293
0.000000 0.864883 -0.501973
0.000000 0.496051 -0.868293
0.000000 0.864883 -0.501973
0.000000 0.496052 -0.868293
0.000000 0.864884 -0.501972
0.000000 0.000001 1.000000
0.000000 0.000001 1.000000
0.000000 0.000000 1.000000
0.000000 0.000001 1.000000
0.000000 0.000000 1.000000
-0.000000 0.000000 1.000000
0.000001 -0.096569 -0.995326
-0.000001 -0.000000 -1.000000
-0.000000 0.000000 -1.000000
0.000000 -0.000000 -1.000000
0.000001 -0.000002 -1.000000
0.000000 -0.100960 -0.994891
-0.000000 0.000000 -1.000000
-0.000001 -0.000000 -1.000000
-0.000000 -0.000002 -1.000000
0.000000 -0.000000 -1.000000
0.000000 0.000009 -1.000000
0.000001 -0.000002 -1.000000
-0.000000 0.000000 -1.000000
-0.000000 -0.000002 -1.000000
0.000000 0.000000 -1.000000
0.124605 -0.990544 0.057410
0.124605 -0.990544 0.057410
0.124605 -0.990544 0.057410
0.124605 -0.990544 0.057410
0.124605 -0.990544 0.057410
0.124605 -0.990544 0.057410
-0.124608 -0.990544 0.057410
-0.124608 -0.990544 0.057410
-0.124608 -0.990544 0.057410
-0.124608 -0.990544 0.057410
-0.124608 -0.990544 0.057410
-0.124608 -0.990544 0.057410
-1.000000 0.000000 0.000000
-0.928380 -0.371632 0.000001
-1.000000 0.000000 0.000000
-1.000000 0.000000 0.000000
-0.928380 -0.371632 0.000001
-0.915538 -0.402232 0.000001
0.947663 -0.316957 0.038373
0.678053 -0.735013 -0.000000
0.678053 -0.735013 -0.000000
0.678053 -0.735013 -0.000000
0.947663 -0.316957 0.038373
0.940258 -0.338640 0.035181
-0.928380 -0.371632 0.000001
-0.702000 -0.712177 0.000002
-0.915538 -0.402232 0.000001
-0.702000 -0.712177 0.000002
-0.928380 -0.371632 0.000001
-0.702000 -0.712177 0.000002
0.299663 -0.954045 0.000001
0.678053 -0.735013 -0.000000
0.299663 -0.954045 0.000001
0.678053 -0.735013 -0.000000
0.299663 -0.954045 0.000001
0.678053 -0.735013 -0.000000
-0.434489 -0.900677 0.000003
-0.702000 -0.712177 0.000002
-0.702000 -0.712177 0.000002
-0.702000 -0.712177 0.000002
-0.434489 -0.900677 0.000003
-0.434487 -0.900678 0.000003
0.299663 -0.954045 0.000001
-0.027364 -0.999626 0.000002
-0.027365 -0.999626 0.000002
-0.027364 -0.999626 0.000002
0.299663 -0.954045 0.000001
0.299663 -0.954045 0.000001
-0.027365 -0.999626 0.000002
-0.434487 -0.900678 0.000003
-0.434489 -0.900677 0.000003
-0.434487 -0.900678 0.000003
-0.027365 -0.999626 0.000002
-0.027364 -0.999626 0.000002
0.985533 -0.160935 0.053149
0.947663 -0.316957 0.038373
0.986361 -0.155407 0.054232
0.947663 -0.316957 0.038373
0.985533 -0.160935 0.053149
0.940258 -0.338640 0.035181
0.909426 -0.415866 0.000000
0.985533 -0.160935 0.053149
0.986361 -0.155407 0.054232
-1.000000 0.000000 0.000000
-1.000000 0.000000 0.000000
-1.000000 0.000000 0.000000
0.000001 0.000000 1.000000
0.000001 0.000000 1.000000
0.000001 0.000000 1.000000
-0.000001 0.000001 1.000000
-0.000001 0.000001 1.000000
-0.000001 0.000001 1.000000
0.000000 -0.000002 1.000000
0.000000 -0.000002 1.000000
0.000000 -0.000002 1.000000
0.000000 0.000000 1.000000
0.000000 0.000000 1.000000
0.000000 0.000000 1.000000
0.000000 -0.000018 1.000000
0.000000 -0.000018 1.000000
0.000000 -0.000018 1.000000
0.000001 -0.000000 1.000000
0.000001 -0.000000 1.000000
0.000001 -0.000000 1.000000
0.000000 0.000000 1.000000
-0.000001 0.000000 1.000000
0.000001 0.000000 1.000000
0.000000 0.000000 1.000000
0.000001 0.000000 1.000000
0.000001 0.000000 1.000000
0.794600 0.607133 -0.000001
0.722267 0.586449 -0.366616
0.542716 0.839916 -0.000003
0.542716 0.839916 -0.000003
0.722267 0.586449 -0.366616
0.473555 0.759834 -0.445420
-0.000001 0.000001 1.000000
-0.000005 0.000001 1.000000
-0.000000 0.000000 1.000000
-0.000001 0.000001 1.000000
-0.000004 0.000001 1.000000
-0.000005 0.000001 1.000000
0.028805 -0.000000 -0.999585
0.443594 0.244462 -0.862243
0.237875 -0.000000 -0.971296
0.443594 0.244462 -0.862243
0.028805 -0.000000 -0.999585
0.193502 0.280781 -0.940063
0.452881 -0.891571 0.000001
0.112500 -0.993652 0.000001
0.081455 -0.773768 -0.628211
0.452881 -0.891571 0.000001
0.081455 -0.773768 -0.628211
0.375706 -0.768897 -0.517342
0.312411 0.494984 -0.810796
0.722267 0.586449 -0.366616
0.605543 0.448209 -0.657591
0.722267 0.586449 -0.366616
0.312411 0.494984 -0.810796
0.473555 0.759834 -0.445420
-0.000004 0.000000 1.000000
-0.000001 0.000000 1.000000
-0.000000 0.000000 1.000000
-0.000000 0.000000 1.000000
-0.000001 0.000000 1.000000
0.000000 0.000000 1.000000
-0.001828 -0.258975 -0.965882
0.196638 -0.163492 -0.966749
0.190018 -0.297587 -0.935593
0.196638 -0.163492 -0.966749
-0.001828 -0.258975 -0.965882
0.012519 -0.112734 -0.993546
0.312411 0.494984 -0.810796
0.605543 0.448209 -0.657591
0.193502 0.280781 -0.940063
0.443594 0.244462 -0.862243
0.193502 0.280781 -0.940063
0.605543 0.448209 -0.657591
-0.001828 -0.258975 -0.965882
0.190018 -0.297587 -0.935593
0.081455 -0.773768 -0.628211
0.375706 -0.768897 -0.517342
0.081455 -0.773768 -0.628211
0.190018 -0.297587 -0.935593
0.237875 -0.000000 -0.971296
0.196638 -0.163492 -0.966749
0.012519 -0.112734 -0.993546
0.012519 -0.112734 -0.993546
0.028805 -0.000000 -0.999585
0.237875 -0.000000 -0.971296
-0.000000 0.000000 1.000000
-0.000004 0.000000 1.000000
-0.000000 0.000000 1.000000
-0.000004 0.000000 1.000000
-0.000000 0.000000 1.000000
-0.000005 0.000001 1.000000
-0.000000 0.000000 1.000000
-0.000000 0.000000 1.000000
-0.000002 -0.000000 1.000000
-0.000002 -0.000000 1.000000
-0.000000 0.000000 1.000000
-0.000000 -0.000001 1.000000
0.912872 0.408245 -0.000001
0.722267 0.586449 -0.366616
0.794600 0.607133 -0.000001
0.722267 0.586449 -0.366616
0.912872 0.408245 -0.000001
0.877925 0.403444 -0.257836
-0.000002 -0.000000 1.000000
-0.000000 0.000000 1.000000
-0.000000 0.000000 1.000000
-0.000000 0.000000 1.000000
-0.000001 0.000001 1.000000
-0.000000 0.000000 1.000000
0.454617 -0.295802 -0.840134
0.730314 -0.485373 -0.480682
0.190018 -0.297587 -0.935593
0.730314 -0.485373 -0.480682
0.375706 -0.768897 -0.517342
0.190018 -0.297587 -0.935593
0.452881 -0.891571 0.000001
0.730314 -0.485373 -0.480682
0.840555 -0.541726 0.000001
0.730314 -0.485373 -0.480682
0.452881 -0.891571 0.000001
0.375706 -0.768897 -0.517342
0.443594 0.244462 -0.862243
0.605543 0.448209 -0.657591
0.798690 0.357829 -0.483790
0.443594 0.244462 -0.862243
0.798690 0.357829 -0.483790
0.662717 0.185617 -0.725502
1.000000 0.000000 -0.000006
1.000000 0.000000 -0.000006
1.000000 0.000000 -0.000006
1.000000 0.000000 -0.000006
1.000000 0.000000 -0.000006
1.000000 0.000000 -0.000006
1.000000 0.000000 0.000000
1.000000 0.000000 0.000000
1.000000 0.000000 0.000000
1.000000 0.000000 0.000000
1.000000 0.000000 0.000000
1.000000 0.000000 0.000000
1.000000 0.000000 0.000000
1.000000 0.000000 0.000000
1.000000 0.000000 0.000000
1.000000 0.000000 0.000000
1.000000 0.000000 0.000000
1.000000 0.000000 0.000000
0.000000 1.000000 -0.000000
0.000000 1.000000 -0.000000
0.000000 1.000000 -0.000000
0.000000 1.000000 -0.000000
0.000000 1.000000 -0.000000
0.000000 1.000000 -0.000000
0.000000 0.961972 0.273150
0.000000 1.000000 -0.000000
0.000000 0.961972 0.273150
0.000000 1.000000 -0.000000
0.000000 0.961972 0.273150
0.000000 1.000000 -0.000000
0.000000 0.487070 0.873363
0.000000 0.961972 0.273150
0.000000 0.487070 0.873363
0.000000 0.961972 0.273150
0.000000 0.487070 0.873363
0.000000 0.961972 0.273150
0.000000 0.487070 0.873363
-0.000001 -0.487073 0.873361
-0.000001 -0.487075 0.873360
-0.000001 -0.487073 0.873361
0.000000 0.487070 0.873363
0.000000 0.487070 0.873363
-0.000001 -0.487075 0.873360
-0.000001 -0.487073 0.873361
-0.000001 -0.961972 0.273147
-0.000001 -0.487073 0.873361
-0.000001 -0.961972 0.273147
-0.000001 -0.961972 0.273147
0.000000 -1.000000 0.000000
-0.000001 -0.961972 0.273147
-0.000001 -0.961972 0.273147
-0.000001 -0.961972 0.273147
0.000000 -1.000000 0.000000
0.000000 -1.000000 0.000000
0.000000 -1.000000 0.000000
0.000000 -1.000000 0.000000
0.000000 -1.000000 0.000000
0.000000 -1.000000 0.000000
0.000000 -1.000000 0.000000
0.000000 -1.000000 0.000000
1.000000 0.000000 0.000001
1.000000 0.000000 0.000001
1.000000 0.000000 0.000001
1.000000 0.000000 0.000001
1.000000 0.000000 0.000001
1.000000 0.000000 0.000001
1.000000 0.000000 0.000000
1.000000 0.000000 0.000000
1.000000 0.000000 0.000000
1.000000 0.000000 0.000000
1.000000 0.000000 0.000000
1.000000 0.000000 0.000000
1.000000 0.000000 0.000000
1.000000 0.000000 0.000000
1.000000 0.000000 0.000000
1.000000 0.000000 0.000000
1.000000 0.000000 0.000000
1.000000 0.000000 0.000000
0.000000 1.000000 -0.000000
0.000000 1.000000 -0.000000
0.000000 1.000000 -0.000000
0.000000 1.000000 -0.000000
0.000000 1.000000 -0.000000
0.000000 1.000000 -0.000000
0.000000 1.000000 -0.000000
0.000000 0.961973 -0.273146
0.000000 1.000000 -0.000000
0.000000 1.000000 -0.000000
0.000000 0.961973 -0.273146
0.000000 0.961973 -0.273146
0.000000 0.487075 -0.873360
0.000000 0.961973 -0.273146
0.000000 0.961973 -0.273146
0.000000 0.961973 -0.273146
0.000000 0.487075 -0.873360
0.000000 0.487075 -0.873360
0.000000 -0.487073 -0.873361
0.000000 0.487075 -0.873360
0.000000 -0.487073 -0.873361
0.000000 -0.487073 -0.873361
0.000000 0.487075 -0.873360
0.000000 0.487075 -0.873360
0.000000 -0.961972 -0.273147
0.000000 -0.961972 -0.273147
0.000000 -0.487073 -0.873361
0.000000 -0.961972 -0.273147
0.000000 -0.487073 -0.873361
0.000000 -0.487073 -0.873361
0.000000 -1.000000 0.000000
0.000000 -0.961972 -0.273147
0.000000 -1.000000 0.000000
0.000000 -1.000000 0.000000
0.000000 -0.961972 -0.273147
0.000000 -0.961972 -0.273147
0.000000 -1.000000 0.000000
0.000000 -1.000000 0.000000
0.000000 -1.000000 0.000000
0.000000 -1.000000 0.000000
0.000000 -1.000000 0.000000
0.000000 -1.000000 0.000000
</float_array>
          <technique_common>
            <accessor source="#hull-Normal0-array" count="9450" stride="3">
              <param name="X" type="float"/>
              <param name="Y" type="float"/>
              <param name="Z" type="float"/>
            </accessor>
          </technique_common>
        </source>
        <source id="hull-UV0">
          <float_array id="hull-UV0-array" count="4680">
0.729371 0.154947
0.729323 0.171843
0.406507 0.849554
0.392156 0.849722
0.715833 0.172044
0.715907 0.146004
0.238431 0.901476
0.294385 0.901476
0.324336 0.842170
0.238182 0.228672
0.392280 0.306609
0.780303 0.569718
0.750670 0.569632
0.294682 0.905433
0.749147 0.565265
0.780315 0.565355
0.238431 0.905438
0.318328 0.871575
0.298296 0.228673
0.381202 0.304780
0.313238 0.871418
0.391148 0.825032
0.319118 0.841993
0.781504 0.147592
0.314981 0.886617
0.404997 0.824778
0.309281 0.893261
0.747296 0.147493
0.736549 0.138557
0.781518 0.138688
0.412226 0.894404
0.314026 0.913056
0.238297 0.488536
0.295634 0.241755
0.381787 0.287672
0.399511 0.894477
0.396851 0.879701
0.733229 0.565219
0.310678 0.939806
0.306479 0.941438
0.731581 0.554623
0.739441 0.554645
0.392820 0.289302
0.463449 0.303153
0.305564 0.893152
0.310285 0.886485
0.294848 0.488049
0.410316 0.879423
0.324955 0.770373
0.295117 0.540019
0.238559 0.542192
0.238182 0.241755
0.410895 0.900858
0.313958 0.231425
0.402285 0.900957
0.740837 0.565241
0.737531 0.569594
0.727794 0.569806
0.723493 0.565431
0.324979 0.817061
0.301077 0.539001
0.469998 0.894656
0.470907 0.879610
0.743388 0.569611
0.733723 0.569823
0.728914 0.315574
0.728891 0.323566
0.319125 0.816939
0.319126 0.772106
0.307611 0.244507
0.305450 0.488150
0.307745 0.641698
0.304379 0.641412
0.304384 0.640121
0.327692 0.239190
0.327580 0.275735
0.463988 0.287461
0.374168 0.266228
0.374176 0.196222
0.715401 0.323768
0.715424 0.315776
0.729085 0.255450
0.737456 0.253512
0.737279 0.315599
0.728698 0.391334
0.728701 0.390343
0.737066 0.390367
0.308530 0.915861
0.315761 0.965595
0.737064 0.391359
0.307750 0.640403
0.307260 0.696211
0.304830 0.700201
0.304853 0.694394
0.307268 0.691530
0.294891 0.641008
0.294801 0.651424
0.468666 0.901110
0.378032 0.777406
0.728677 0.398781
0.715187 0.398983
0.715208 0.391536
0.737752 0.149429
0.725557 0.140490
0.291080 0.221380
0.238245 0.221380
0.238245 0.150113
0.291080 0.150113
0.102535 0.178090
0.102535 0.211277
0.067561 0.211277
0.140296 0.006215
0.140325 0.133487
0.140325 0.137994
0.067562 0.178090
0.102535 0.218195
0.069110 0.218195
0.140296 0.019835
0.105209 0.137994
0.109216 0.133487
0.382048 0.196226
0.382014 0.268228
0.746302 0.496660
0.780510 0.496760
0.780405 0.533647
0.746197 0.533548
0.780345 0.554764
0.746137 0.554665
0.780291 0.569958
0.741935 0.569847
0.307028 0.965595
0.304374 0.903355
0.306661 0.906386
0.238569 0.651188
0.238566 0.640769
0.295134 0.543507
0.295155 0.548004
0.238515 0.547818
0.238501 0.543167
0.292222 0.886253
0.238492 0.886262
0.238499 0.871220
0.306102 0.538149
0.315673 0.275735
0.316062 0.488339
0.140325 0.144769
0.140325 0.178090
0.102535 0.222914
0.309607 0.020630
0.071552 0.222914
0.315780 0.252272
0.393013 0.269552
0.321135 0.488626
0.308437 0.538787
0.324969 0.489477
0.326962 0.477449
0.309508 0.042208
0.302052 0.042208
0.302094 0.013489
0.301821 0.221380
0.109160 0.019835
0.109160 0.006215
0.322155 0.481242
0.377545 0.771142
0.389008 0.772369
0.652270 0.603217
0.746602 0.391386
0.780810 0.391485
0.780789 0.398933
0.746581 0.398833
0.781435 0.171994
0.747227 0.171895
0.746818 0.315626
0.781025 0.315726
0.781003 0.323718
0.746795 0.323618
0.652947 0.591870
0.389357 0.781140
0.317077 0.479522
0.402312 0.780732
0.140296 0.057251
0.109160 0.057251
0.301917 0.150113
0.238245 0.042208
0.238245 0.010958
0.291080 0.010958
0.293799 0.871211
0.291423 0.892896
0.238477 0.892905
0.296407 0.841786
0.402116 0.770703
0.471048 0.770889
0.580840 0.596954
0.728729 0.380576
0.715239 0.380778
0.737256 0.323591
0.780841 0.380728
0.746632 0.380628
0.238498 0.841764
0.238494 0.817040
0.296403 0.816963
0.439663 0.780833
0.238581 0.706799
0.377263 0.546946
0.581647 0.580933
0.737042 0.398806
0.737688 0.171867
0.737094 0.380601
0.781204 0.252943
0.746996 0.252844
0.600780 0.580933
0.600780 0.596954
0.580324 0.607566
0.600780 0.607566
0.580092 0.624089
0.660189 0.591870
0.660189 0.603217
0.651728 0.614392
0.660189 0.614392
0.651537 0.633613
0.376066 0.463090
0.315085 0.470566
0.384698 0.462708
0.140295 0.087947
0.140295 0.132932
0.291080 0.042208
0.309349 0.101484
0.301984 0.097219
0.238245 0.095707
0.600780 0.624089
0.580229 0.638280
0.600780 0.638280
0.586099 0.672433
0.583592 0.653126
0.600780 0.653126
0.600780 0.672433
0.660189 0.633613
0.651683 0.649167
0.660189 0.649167
0.652947 0.683060
0.652201 0.665684
0.660189 0.665684
0.660189 0.683060
0.482599 0.642990
0.491289 0.633971
0.505394 0.628794
0.506093 0.642990
0.479123 0.657201
0.506093 0.657201
0.481731 0.669500
0.506093 0.669500
0.490160 0.679360
0.505394 0.684676
0.723589 0.066548
0.718136 0.067117
0.708178 0.028242
0.717719 0.027380
0.731393 0.066219
0.728845 0.026917
0.725217 0.762228
0.778189 0.762227
0.778189 0.792334
0.725217 0.792335
0.706755 0.762228
0.708070 0.792336
0.701934 0.762233
0.704402 0.792341
0.698199 0.762305
0.700668 0.792413
0.695179 0.762512
0.696781 0.792620
0.744629 0.066114
0.744632 0.026701
0.810691 0.066129
0.810695 0.026717
0.713852 0.068468
0.704869 0.029292
0.862711 0.715880
0.859754 0.733574
0.851086 0.733680
0.852646 0.715986
0.866639 0.733355
0.685959 0.767565
0.869662 0.715661
0.884866 0.715051
0.881477 0.732746
0.831292 0.733686
0.911993 0.086366
0.910646 0.105938
0.896043 0.103375
0.897192 0.083768
0.920442 0.112083
0.921921 0.092594
0.931097 0.102750
0.929496 0.122104
0.881042 0.103507
0.810449 0.104125
0.810443 0.084528
0.881989 0.083901
0.897814 0.076934
0.909699 0.079001
0.921283 0.082936
0.931671 0.087804
0.810577 0.076674
0.880976 0.076058
0.908903 0.110132
0.895790 0.107745
0.927230 0.125282
0.778320 0.733701
0.778320 0.716007
0.831292 0.715991
0.858249 0.737046
0.851033 0.737148
0.688892 0.764706
0.852622 0.713071
0.862505 0.712969
0.869624 0.712773
0.884829 0.712198
0.878437 0.736252
0.864031 0.736859
0.831267 0.737157
0.778295 0.737172
0.778295 0.713090
0.831268 0.713074
0.856077 0.752079
0.850312 0.752089
0.691513 0.788766
0.688886 0.785263
0.852493 0.704363
0.861132 0.704354
0.868894 0.704242
0.883646 0.703922
0.917652 0.115611
0.881078 0.107608
0.810485 0.108227
0.897753 0.119477
0.889929 0.118095
0.914609 0.127797
0.904394 0.121920
0.876688 0.117739
0.810625 0.118317
0.938137 0.114194
0.936442 0.133395
0.938017 0.097743
0.933712 0.135077
0.920424 0.136023
0.713508 0.070349
0.704853 0.031425
0.699300 0.042618
0.699300 0.067176
0.708975 0.088145
0.701721 0.069279
0.897787 0.066590
0.715595 0.255652
0.728455 0.476856
0.238431 0.965595
0.294931 0.965595
0.307305 0.903851
0.310261 0.904565
0.238431 0.895584
0.294931 0.895584
0.294658 0.898510
0.393021 0.196222
0.464189 0.196222
0.386343 0.546327
0.464181 0.269552
0.376138 0.652025
0.376162 0.650665
0.388001 0.650416
0.388000 0.651790
0.238431 0.898510
0.399788 0.651645
0.399766 0.650265
0.305505 0.897574
0.469240 0.650451
0.373976 0.284460
0.304939 0.900445
0.469261 0.651832
0.376259 0.662398
0.316095 0.663693
0.315791 0.653193
0.377442 0.558920
0.310029 0.898204
0.308697 0.900989
0.313998 0.899319
0.318311 0.904808
0.315339 0.906525
0.311960 0.901887
0.319979 0.912286
0.313365 0.941862
0.317001 0.912818
0.294931 0.944324
0.307028 0.944324
0.238431 0.944324
0.291678 0.924671
0.238438 0.924671
0.238438 0.919481
0.291678 0.919481
0.300445 0.923972
0.299476 0.924671
0.299476 0.919481
0.300445 0.920180
0.291393 0.909778
0.291678 0.914078
0.238438 0.914078
0.238438 0.909778
0.299478 0.910116
0.299476 0.914078
0.300445 0.910856
0.300445 0.913378
0.238438 0.918371
0.291678 0.918371
0.299476 0.918371
0.301920 0.920185
0.301920 0.923977
0.300928 0.924676
0.291678 0.925790
0.238438 0.925790
0.291678 0.915149
0.238438 0.915149
0.238438 0.908716
0.291393 0.908716
0.299478 0.909221
0.301803 0.910860
0.301803 0.913383
0.300813 0.914082
0.182016 0.540993
0.294678 0.703913
0.296385 0.773169
0.238479 0.773367
0.295634 0.477057
0.295153 0.552773
0.301073 0.548514
0.300827 0.552767
0.294932 0.626951
0.312650 0.907844
0.238559 0.626723
0.238520 0.552609
0.304738 0.886398
0.307258 0.871356
0.301326 0.893091
0.294931 0.941438
0.238431 0.941438
0.312267 0.841916
0.312261 0.816881
0.300554 0.641192
0.294896 0.639724
0.300559 0.639905
0.301569 0.702245
0.294412 0.698728
0.301463 0.697269
0.387922 0.557845
0.398335 0.557303
0.398164 0.546177
0.728595 0.427645
0.736960 0.427669
0.736820 0.476880
0.780567 0.477007
0.746359 0.476907
0.720095 0.554830
0.312241 0.772686
0.301048 0.544804
0.305989 0.546920
0.304639 0.549197
0.301244 0.683681
0.467679 0.546363
0.467846 0.557489
0.376330 0.637238
0.724643 0.255678
0.724881 0.172071
0.724759 0.214949
0.724703 0.234416
0.724827 0.191008
0.737745 0.554881
0.315316 0.638860
0.314491 0.563049
0.737966 0.480376
0.393910 0.309830
0.737807 0.533731
0.737856 0.516617
0.737912 0.496843
0.714965 0.477057
0.715211 0.390544
0.304741 0.681731
0.238580 0.701355
0.294530 0.684652
0.308203 0.549760
0.308039 0.552774
0.464132 0.310017
0.464676 0.346269
0.394563 0.346082
0.780813 0.390494
0.746605 0.390395
0.728620 0.418992
0.715129 0.419193
0.780731 0.419143
0.746523 0.419044
0.304628 0.552744
0.307642 0.652067
0.304477 0.651803
0.304418 0.627288
0.307791 0.627536
0.315062 0.559932
0.377126 0.555358
0.374401 0.346483
0.736985 0.419016
0.715105 0.427847
0.780706 0.427796
0.746499 0.427697
0.833594 0.155250
0.847087 0.146385
0.626660 0.528266
0.604526 0.528266
0.603302 0.526960
0.627884 0.526960
0.603302 0.518482
0.627884 0.518482
0.604526 0.517244
0.626660 0.517244
0.626660 0.528550
0.604526 0.528550
0.603302 0.527283
0.604526 0.517711
0.626660 0.517711
0.627884 0.518978
0.603302 0.518978
0.627884 0.527283
0.626112 0.534593
0.626112 0.530415
0.605073 0.530415
0.605073 0.534593
0.627884 0.535991
0.627884 0.531812
0.603302 0.531812
0.603302 0.535991
0.624870 0.531314
0.606316 0.531314
0.606316 0.535493
0.624870 0.535493
0.626432 0.536484
0.626432 0.532306
0.604753 0.532306
0.604753 0.536484
0.181747 0.489023
0.238565 0.639486
0.300596 0.627106
0.238578 0.686421
0.300731 0.651594
0.373883 0.310164
0.307381 0.679805
0.382407 0.308833
0.382856 0.346189
0.847013 0.172425
0.833546 0.172146
0.674956 0.603217
0.811483 0.565446
0.809935 0.569804
0.826487 0.138818
0.815712 0.147691
0.827401 0.565492
0.300870 0.925165
0.300870 0.918306
0.292042 0.926430
0.299894 0.926430
0.819793 0.565470
0.821249 0.554883
0.373436 0.300437
0.392306 0.085788
0.152636 0.842199
0.157863 0.842021
0.163747 0.871443
0.158649 0.871602
0.829109 0.554906
0.837114 0.565761
0.832787 0.570111
0.823074 0.569842
0.826858 0.570094
0.817217 0.569825
0.833137 0.315877
0.846603 0.316157
0.161983 0.886643
0.166686 0.886510
0.171375 0.893175
0.167651 0.893286
0.069997 0.849748
0.071464 0.824967
0.085318 0.825213
0.084354 0.849907
0.238431 0.926430
0.292042 0.917041
0.238431 0.917041
0.238431 0.915454
0.238182 0.477057
0.392841 0.103131
0.381808 0.104766
0.381227 0.087622
0.064237 0.894548
0.066161 0.879584
0.079633 0.879855
0.076960 0.894615
0.065522 0.900972
0.074129 0.901063
0.463474 0.089243
0.464010 0.104972
0.632706 0.596954
0.292042 0.915454
0.291755 0.907678
0.238431 0.907678
0.299896 0.908288
0.176160 0.540076
0.151956 0.770403
0.157799 0.772133
0.157844 0.816966
0.006337 0.894780
0.005447 0.879756
0.007622 0.901203
0.098314 0.777550
0.087032 0.781313
0.087352 0.772533
0.612767 0.596954
0.612767 0.580933
0.846581 0.324149
0.833114 0.323869
0.824772 0.315853
0.824949 0.253766
0.833308 0.255753
0.832921 0.391637
0.824556 0.391612
0.824559 0.390621
0.098791 0.771286
0.074073 0.780913
0.036650 0.781006
0.005185 0.771053
0.832924 0.390645
0.846388 0.391916
0.846367 0.399364
0.832900 0.399084
0.074251 0.770882
0.098675 0.547052
0.089630 0.546459
0.091124 0.462823
0.099724 0.463182
0.099993 0.652151
0.837468 0.140814
0.825245 0.149683
0.814718 0.496859
0.814613 0.533747
0.814553 0.554863
0.088150 0.651935
0.088146 0.650561
0.099966 0.650790
0.151979 0.817090
0.169332 0.641722
0.076367 0.651802
0.006758 0.651974
0.169326 0.640426
0.172709 0.640143
0.006776 0.650593
0.238182 0.470566
0.172715 0.641435
0.169856 0.696234
0.169846 0.691553
0.171232 0.489306
0.172274 0.694417
0.172300 0.700223
0.182226 0.641027
0.818646 0.570070
0.300870 0.914189
0.300870 0.909626
0.815018 0.391585
0.814997 0.399032
0.171313 0.539310
0.815642 0.172094
0.815233 0.315825
0.182322 0.651444
0.181859 0.543526
0.181864 0.548023
0.184762 0.886271
0.815211 0.323817
0.846418 0.381159
0.183200 0.871230
0.185530 0.892915
0.185198 0.924671
0.185198 0.919481
0.176431 0.923972
0.176431 0.920180
0.374184 0.126217
0.382031 0.124224
0.393030 0.122893
0.464198 0.122893
0.373996 0.107972
0.373460 0.091960
0.299894 0.917041
0.299894 0.915454
0.182180 0.905433
0.182478 0.901476
0.180587 0.841806
0.180583 0.816982
0.180566 0.773189
0.182467 0.703932
0.832952 0.380879
0.824749 0.323844
0.815048 0.380827
0.824535 0.399060
0.825181 0.172121
0.824587 0.380855
0.815412 0.253042
0.846774 0.256032
0.832678 0.477158
0.824313 0.477134
0.824453 0.427923
0.832818 0.427948
0.155824 0.490049
0.160748 0.489677
0.181878 0.552792
0.176195 0.552789
0.175937 0.548535
0.182173 0.626970
0.172238 0.886420
0.169732 0.871379
0.175616 0.893112
0.164720 0.841941
0.164713 0.816906
0.814774 0.477106
0.840571 0.555179
0.837726 0.256006
0.837964 0.172399
0.076386 0.650422
0.160247 0.653223
0.159962 0.663724
0.099890 0.662525
0.837842 0.215278
0.837787 0.234745
0.098518 0.559028
0.088063 0.557975
0.077650 0.557442
0.008004 0.557613
0.295634 0.470566
0.306361 0.478061
0.067562 0.144904
0.102535 0.144904
0.307314 0.470566
0.069110 0.137986
0.325846 0.485845
0.326959 0.489501
0.140295 0.350234
0.102535 0.137986
0.327398 0.335150
0.315500 0.340191
0.327221 0.393070
0.109160 0.350234
0.315331 0.393070
0.180731 0.241755
0.105209 0.178090
0.105209 0.144769
0.071552 0.133267
0.102535 0.133267
0.109160 0.336614
0.140325 0.222694
0.109216 0.222694
0.140295 0.336614
0.105209 0.218186
0.140325 0.218186
0.291080 0.095707
0.309194 0.150113
0.308968 0.221380
0.185411 0.221380
0.185411 0.150113
0.166884 0.020630
0.176553 0.641213
0.176547 0.639926
0.182221 0.639743
0.177400 0.919481
0.177400 0.924671
0.185483 0.909779
0.185198 0.914078
0.175570 0.702266
0.175676 0.697291
0.837910 0.191337
0.822921 0.555128
0.823143 0.480624
0.822983 0.533978
0.182733 0.698747
0.164693 0.772711
0.175939 0.544825
0.172360 0.549219
0.170992 0.546943
0.172380 0.681753
0.175889 0.683702
0.823032 0.516864
0.162836 0.913056
0.168332 0.915860
0.823088 0.497090
0.169230 0.539986
0.152391 0.490963
0.182611 0.684671
0.168781 0.549784
0.172379 0.552767
0.168951 0.552797
0.178069 0.228673
0.174397 0.013489
0.174439 0.042208
0.846144 0.477438
0.846391 0.390925
0.008151 0.546485
0.077802 0.546314
0.161389 0.563064
0.160698 0.638888
0.815021 0.390593
0.846309 0.419574
0.168754 0.244507
0.109160 0.299198
0.140295 0.299198
0.166982 0.042208
0.174670 0.221380
0.174573 0.150113
0.185411 0.042208
0.185411 0.010958
0.174507 0.097219
0.099774 0.637361
0.081632 0.309923
0.167141 0.101484
0.185411 0.095707
0.167297 0.150113
0.832843 0.419294
0.667037 0.603217
0.081045 0.346182
0.162407 0.231425
0.140295 0.268502
0.109160 0.268502
0.814939 0.419242
0.824478 0.419270
0.846284 0.428227
0.814914 0.427896
0.010795 0.346354
0.011274 0.310095
0.098817 0.555460
0.876533 0.751647
0.172625 0.651825
0.169445 0.652091
0.172664 0.627311
0.169274 0.627559
0.861779 0.751967
0.831162 0.752093
0.176498 0.627127
0.778189 0.752109
0.160814 0.559947
0.101183 0.346555
0.631899 0.580933
0.633223 0.607566
0.612767 0.607566
0.633455 0.624089
0.667037 0.591869
0.092759 0.346283
0.674279 0.591869
0.675498 0.614391
0.667037 0.614392
0.675689 0.633612
0.612767 0.624089
0.633318 0.638280
0.612767 0.638280
0.627448 0.672433
0.612767 0.672433
0.612767 0.653126
0.629955 0.653126
0.667037 0.633612
0.675544 0.649166
0.667037 0.649167
0.674280 0.683059
0.667037 0.683059
0.667037 0.665684
0.675025 0.665684
0.524698 0.642990
0.548191 0.642990
0.547493 0.628794
0.533388 0.633971
0.521222 0.657201
0.548191 0.657201
0.523829 0.669500
0.548191 0.669500
0.532258 0.679360
0.547493 0.684676
0.831161 0.762226
0.903661 0.027425
0.913189 0.028290
0.831161 0.792333
0.903231 0.067161
0.889988 0.066256
0.892542 0.026956
0.849623 0.762225
0.848307 0.792333
0.854445 0.762231
0.876754 0.066145
0.851976 0.792338
0.858185 0.762302
0.876758 0.026733
0.916480 0.029342
0.855716 0.792410
0.907493 0.068514
0.916464 0.031475
0.907808 0.070395
0.861223 0.762509
0.922017 0.042671
0.778189 0.704384
0.831162 0.704369
0.693878 0.715928
0.703994 0.716028
0.705554 0.733722
0.859621 0.792617
0.696836 0.733621
0.689839 0.733405
0.674663 0.732798
0.671274 0.715104
0.723693 0.085288
0.724855 0.104875
0.710332 0.107693
0.700717 0.113985
0.691956 0.124045
0.690350 0.104717
0.699229 0.094521
0.739856 0.104744
0.738897 0.085155
0.711551 0.080737
0.723371 0.078463
0.689835 0.089780
0.700082 0.084851
0.740177 0.077291
0.725186 0.109240
0.712148 0.111856
0.703558 0.117464
0.694271 0.127185
0.739892 0.108845
0.731335 0.119485
0.723555 0.121003
0.686817 0.715712
0.725348 0.733716
0.725348 0.716022
0.705558 0.737190
0.698296 0.737092
0.870443 0.767561
0.867516 0.785260
0.694046 0.713016
0.703969 0.713114
0.671313 0.712250
0.686837 0.712823
0.692421 0.736907
0.677705 0.736302
0.725323 0.737187
0.725323 0.713105
0.706074 0.752129
0.700311 0.752122
0.695264 0.704398
0.703896 0.704405
0.864889 0.788763
0.672498 0.703970
0.687444 0.704288
0.694550 0.752012
0.679611 0.751694
0.716984 0.123542
0.706942 0.129493
0.744562 0.118896
0.685368 0.135347
0.683673 0.116171
0.683804 0.099719
0.688099 0.136986
0.701386 0.137725
0.922017 0.067229
0.919595 0.069331
0.725218 0.752124
0.725217 0.704399
0.867511 0.764702
0.170384 0.941437
0.166184 0.939806
0.161101 0.965595
0.169835 0.965595
0.170201 0.906386
0.172488 0.903355
0.181932 0.965595
0.169557 0.903851
0.166601 0.904565
0.182205 0.898510
0.181932 0.895584
0.171923 0.900445
0.171358 0.897573
0.168166 0.900989
0.166834 0.898204
0.177398 0.910116
0.177400 0.914078
0.176431 0.913378
0.176431 0.910856
0.093136 0.308917
0.101638 0.310229
0.091701 0.404586
0.100445 0.405611
0.009257 0.462768
0.185198 0.918371
0.177400 0.918371
0.162864 0.899319
0.079158 0.462597
0.087821 0.702512
0.164903 0.901887
0.161524 0.906525
0.174956 0.920185
0.174956 0.923977
0.175948 0.924676
0.185198 0.925790
0.185198 0.915149
0.185483 0.908716
0.177398 0.909221
0.175073 0.910860
0.175073 0.913383
0.176063 0.914082
0.300815 0.910120
0.299476 0.915149
0.176062 0.910120
0.177400 0.915149
0.300928 0.919485
0.299476 0.925790
0.175948 0.919485
0.177400 0.925790
0.176383 0.651615
0.169727 0.679828
0.099483 0.702734
0.006090 0.702533
0.075467 0.702362
0.157368 0.703555
0.156586 0.708234
0.092132 0.879950
0.095599 0.850195
0.039090 0.869212
0.055878 0.798429
0.148672 0.239190
0.160585 0.252272
0.160691 0.275735
0.148785 0.275735
0.149403 0.477449
0.161279 0.470566
0.159288 0.479522
0.154210 0.481242
0.180731 0.477057
0.180731 0.470566
0.170004 0.478061
0.169051 0.470566
0.150519 0.485845
0.149406 0.489501
0.160865 0.340191
0.148967 0.335150
0.149144 0.393070
0.161033 0.393070
0.167523 0.221380
0.140325 0.211412
0.105209 0.211412
0.109160 0.132932
0.109160 0.087947
0.109160 0.223517
0.140295 0.223517
0.057129 0.849782
0.063288 0.825940
0.375244 0.405529
0.384015 0.404482
0.466423 0.462662
0.396658 0.462475
0.376734 0.702600
0.388417 0.702359
0.400778 0.702195
0.470020 0.702382
0.319542 0.708197
0.318752 0.703518
0.384322 0.879822
0.380867 0.850040
0.437340 0.869047
0.420504 0.798248
0.419349 0.849591
0.413159 0.825752
0.413928 0.432924
0.395623 0.405020
0.407498 0.405807
0.414769 0.372499
0.436827 0.353369
0.435583 0.451666
0.378523 0.824744
0.389262 0.894779
0.395273 0.901215
0.399557 0.636669
0.387980 0.636875
0.399993 0.662013
0.388083 0.662162
0.469037 0.636855
0.315744 0.651882
0.376592 0.690548
0.317604 0.691717
0.469417 0.662199
0.400542 0.690148
0.388317 0.690308
0.469839 0.690335
0.061800 0.433036
0.068194 0.405915
0.080090 0.405131
0.060847 0.372599
0.038711 0.353461
0.040137 0.451777
0.097908 0.824897
0.087177 0.894892
0.081111 0.901300
0.088144 0.637017
0.076571 0.636823
0.088085 0.662309
0.076180 0.662172
0.006955 0.636994
0.160293 0.651912
0.158498 0.691752
0.099605 0.690679
0.006621 0.662343
0.087900 0.690459
0.075681 0.690313
0.006249 0.690484
0.158552 0.904808
0.156884 0.912286
0.159862 0.912817
0.163497 0.941862
0.169835 0.944324
0.181932 0.944324
0.164213 0.907843
0.181932 0.941437
0.175993 0.918306
0.175993 0.925164
0.176968 0.926429
0.184820 0.926429
0.184820 0.917041
0.184820 0.915454
0.185108 0.907678
0.176966 0.908288
0.175993 0.909626
0.175993 0.914189
0.176968 0.915454
0.176968 0.917041
0.482899 0.570294
0.492892 0.560388
0.505394 0.556684
0.505394 0.570294
0.479423 0.587500
0.505394 0.587500
0.482117 0.601491
0.505394 0.601491
0.491676 0.611136
0.505394 0.616771
0.524997 0.570294
0.547493 0.570294
0.547493 0.556684
0.534991 0.560388
0.521522 0.587500
0.547493 0.587500
0.524215 0.601491
0.547493 0.601491
0.533774 0.611136
0.547493 0.616771
0.584849 0.528266
0.562715 0.528266
0.561491 0.526960
0.586072 0.526960
0.561491 0.518482
0.586072 0.518482
0.562715 0.517244
0.584849 0.517244
0.584849 0.528550
0.562715 0.528550
0.561491 0.527283
0.562715 0.517711
0.584849 0.517711
0.586072 0.518978
0.561491 0.518978
0.586072 0.527283
0.584301 0.534593
0.584301 0.530415
0.563262 0.530415
0.563262 0.534593
0.586072 0.535991
0.586072 0.531812
0.561491 0.531812
0.561491 0.535991
0.583059 0.531314
0.564505 0.531314
0.564505 0.535493
0.583059 0.535493
0.584621 0.536484
0.584621 0.532306
0.562942 0.532306
0.562942 0.536484
0.626660 0.558294
0.604526 0.558294
0.603302 0.556989
0.627884 0.556989
0.603302 0.548511
0.627884 0.548511
0.604526 0.547272
0.626660 0.547272
0.626660 0.558578
0.604526 0.558578
0.603302 0.557311
0.604526 0.547740
0.626660 0.547740
0.627884 0.549007
0.603302 0.549007
0.627884 0.557311
0.626112 0.564621
0.626112 0.560443
0.605073 0.560443
0.605073 0.564621
0.627884 0.566019
0.627884 0.561841
0.603302 0.561841
0.603302 0.566019
0.624870 0.561343
0.606316 0.561343
0.606316 0.565521
0.624870 0.565521
0.626432 0.566513
0.626432 0.562335
0.604753 0.562335
0.604753 0.566513
0.584849 0.558294
0.562715 0.558294
0.561491 0.556989
0.586072 0.556989
0.561491 0.548511
0.586072 0.548511
0.562715 0.547272
0.584849 0.547272
0.584849 0.558578
0.562715 0.558578
0.561491 0.557311
0.562715 0.547740
0.584849 0.547740
0.586072 0.549007
0.561491 0.549007
0.586072 0.557311
0.584301 0.564621
0.584301 0.560443
0.563262 0.560443
0.563262 0.564621
0.586072 0.566019
0.586072 0.561841
0.561491 0.561841
0.561491 0.566019
0.583059 0.561343
0.564505 0.561343
0.564505 0.565521
0.583059 0.565521
0.584621 0.566513
0.584621 0.562335
0.562942 0.562335
0.562942 0.566513
0.556415 0.788281
0.555450 0.788392
0.554488 0.815207
0.556430 0.815134
0.554492 0.788548
0.553218 0.815309
0.553650 0.788730
0.552458 0.815429
0.552916 0.788916
0.551875 0.815552
0.552215 0.789084
0.551333 0.815662
0.551450 0.789214
0.550765 0.815747
0.550517 0.789289
0.550138 0.815797
0.549393 0.789301
0.549450 0.815804
0.562001 0.789248
0.562465 0.815770
0.561097 0.789138
0.561783 0.815697
0.560416 0.788981
0.561172 0.815594
0.559875 0.788799
0.560638 0.815475
0.559403 0.788613
0.560160 0.815352
0.558949 0.788445
0.559709 0.815242
0.558471 0.788315
0.559241 0.815157
0.557922 0.788240
0.558685 0.815108
0.557251 0.788228
0.557875 0.815100
0.558697 0.865265
0.558697 0.890512
0.549102 0.890512
0.549102 0.861450
0.556795 0.893677
0.549102 0.902482
0.549102 0.893677
0.578251 0.871442
0.545945 0.890512
0.587566 0.867694
0.587566 0.895222
0.578251 0.895357
0.570267 0.867820
0.579135 0.864251
0.586058 0.865870
0.577190 0.869439
0.606465 0.861883
0.606465 0.892002
0.613872 0.893735
0.613872 0.863616
0.604892 0.908193
0.582553 0.908557
0.589627 0.910212
0.611967 0.909848
0.579641 0.907348
0.569481 0.896148
0.576683 0.897832
0.586843 0.909032
0.613415 0.897048
0.613415 0.908628
0.590598 0.908999
0.590598 0.898126
0.606465 0.895000
0.606465 0.906627
0.613872 0.908360
0.521940 0.890512
0.613872 0.896733
0.568269 0.893402
0.568269 0.869968
0.575677 0.871701
0.575677 0.895135
0.521940 0.858834
0.590598 0.866787
0.613415 0.864044
0.613415 0.894050
0.590598 0.895129
0.582547 0.863318
0.604897 0.860631
0.611973 0.862286
0.589623 0.864974
0.587566 0.906560
0.580098 0.898328
0.587566 0.898220
0.568759 0.869221
0.603922 0.861823
0.581105 0.906778
0.578073 0.904339
0.603922 0.906407
0.603922 0.891829
0.603922 0.894827
0.570605 0.896107
0.568759 0.893136
0.578073 0.865473
0.581105 0.864567
0.545945 0.860592
0.545945 0.905155
0.521940 0.905902
0.521940 0.893677
0.545945 0.893677
0.563122 0.789301
0.563179 0.815804
0.496805 0.846179
0.495840 0.846290
0.494878 0.873105
0.496820 0.873033
0.494882 0.846446
0.493608 0.873208
0.494040 0.846628
0.492848 0.873328
0.493306 0.846815
0.492265 0.873450
0.492605 0.846983
0.491723 0.873560
0.491840 0.847112
0.491155 0.873646
0.490907 0.847188
0.490528 0.873695
0.489783 0.847200
0.489840 0.873703
0.503512 0.847200
0.502391 0.847147
0.502855 0.873669
0.503569 0.873703
0.501487 0.847036
0.502173 0.873596
0.500806 0.846880
0.501563 0.873493
0.500265 0.846698
0.501028 0.873373
0.499793 0.846512
0.500550 0.873251
0.499339 0.846343
0.500099 0.873141
0.498861 0.846214
0.499631 0.873056
0.498313 0.846138
0.499075 0.873006
0.497641 0.846126
0.498265 0.872998
0.519046 0.923163
0.519046 0.948410
0.509450 0.948410
0.509450 0.919349
0.538600 0.929340
0.547915 0.925592
0.547915 0.953120
0.538600 0.953255
0.530615 0.925718
0.539484 0.922149
0.546407 0.923769
0.537538 0.927338
0.566813 0.919781
0.566813 0.949901
0.574221 0.951634
0.574221 0.921514
0.565241 0.966092
0.542902 0.966455
0.549976 0.968111
0.572315 0.967747
0.539990 0.965246
0.529830 0.954046
0.537032 0.955731
0.547192 0.966931
0.517143 0.951575
0.509450 0.960380
0.509450 0.951575
0.573763 0.954946
0.573763 0.966526
0.550946 0.966898
0.550946 0.956025
0.566813 0.952898
0.566813 0.964526
0.574221 0.966259
0.574221 0.954631
0.528618 0.951301
0.528618 0.927867
0.536025 0.929600
0.536025 0.953033
0.506294 0.948410
0.482288 0.948410
0.482288 0.916733
0.506294 0.918490
0.550946 0.924686
0.573763 0.921942
0.573763 0.951948
0.550946 0.953027
0.542896 0.921217
0.565245 0.918529
0.572321 0.920185
0.549972 0.922872
0.506294 0.963054
0.482288 0.963801
0.482288 0.951575
0.506294 0.951575
0.547915 0.964458
0.540447 0.956226
0.547915 0.956118
0.529107 0.927120
0.564271 0.919722
0.541453 0.964677
0.538422 0.962238
0.564271 0.964306
0.564271 0.949727
0.564271 0.952725
0.530954 0.954006
0.529107 0.951034
0.538422 0.923371
0.541453 0.922465
0.547403 0.528266
0.525269 0.528266
0.524045 0.526960
0.548627 0.526960
0.524045 0.518482
0.548627 0.518482
0.525269 0.517244
0.547403 0.517244
0.547403 0.528550
0.525269 0.528550
0.524045 0.527283
0.525269 0.517711
0.547403 0.517711
0.548627 0.518978
0.524045 0.518978
0.548627 0.527283
0.546856 0.534593
0.546856 0.530415
0.525817 0.530415
0.525817 0.534593
0.548627 0.535991
0.548627 0.531812
0.524045 0.531812
0.524045 0.535991
0.545613 0.531314
0.527059 0.531314
0.527059 0.535493
0.545613 0.535493
0.547176 0.536484
0.547176 0.532306
0.525497 0.532306
0.525497 0.536484
0.909594 0.532552
0.908126 0.540066
0.898966 0.540098
0.900451 0.532599
0.907519 0.499656
0.907721 0.502237
0.899016 0.502261
0.899498 0.499676
0.915833 0.502575
0.917705 0.532818
0.907582 0.541736
0.916943 0.540519
0.916036 0.542228
0.899074 0.541759
0.893834 0.541904
0.893326 0.540258
0.894821 0.532769
0.893683 0.502417
0.891920 0.539093
0.893313 0.532147
0.915048 0.499979
0.892387 0.503968
0.894588 0.499818
0.917361 0.504132
0.919099 0.532185
0.918570 0.539380
0.907443 0.544627
0.897896 0.544653
0.891432 0.533868
0.890393 0.502249
0.907372 0.497410
0.915820 0.497773
0.920365 0.533910
0.919772 0.541983
0.916929 0.545179
0.892017 0.544816
0.898371 0.497432
0.889869 0.541662
0.892862 0.497592
0.918415 0.502433
0.873125 0.593184
0.882278 0.593227
0.883764 0.600737
0.874593 0.600709
0.875194 0.560218
0.883226 0.560236
0.883711 0.562832
0.874995 0.562809
0.864983 0.593411
0.866853 0.563108
0.875135 0.602375
0.866651 0.602829
0.865745 0.601121
0.883653 0.602396
0.889403 0.600879
0.888892 0.602524
0.889043 0.562971
0.887906 0.593379
0.890805 0.599701
0.889410 0.592744
0.867637 0.560504
0.890335 0.564514
0.888135 0.560363
0.863581 0.592764
0.865317 0.564656
0.864109 0.599967
0.885106 0.606195
0.875165 0.606172
0.892903 0.561987
0.891824 0.594931
0.866415 0.557307
0.875234 0.556973
0.862297 0.603361
0.861682 0.594955
0.865264 0.606701
0.891219 0.606345
0.884607 0.556994
0.893452 0.603050
0.890336 0.557143
0.863707 0.562152
0.726865 0.602576
0.725725 0.594778
0.829541 0.611992
0.729857 0.594260
0.730856 0.601620
0.827123 0.629112
0.730209 0.609846
0.815284 0.616073
0.733787 0.607993
0.817284 0.600808
0.735528 0.616093
0.820035 0.645065
0.738450 0.613469
0.809420 0.629271
0.742460 0.620891
0.744526 0.617674
0.808759 0.658765
0.750533 0.623914
0.751603 0.620324
0.800092 0.640605
0.759196 0.624954
0.794064 0.669277
0.759196 0.621236
0.787935 0.649302
0.767859 0.623942
0.776952 0.675886
0.766790 0.620348
0.775932 0.620945
0.773866 0.617722
0.782864 0.616170
0.779942 0.613536
0.788183 0.609940
0.784605 0.608075
0.791527 0.602681
0.787536 0.601712
0.792668 0.594887
0.788536 0.594355
0.781812 0.594337
0.782608 0.588467
0.779477 0.599405
0.775764 0.603754
0.770924 0.607089
0.765288 0.609180
0.759240 0.609887
0.753192 0.609161
0.747556 0.607051
0.742716 0.603701
0.739002 0.599340
0.736668 0.594264
0.735871 0.588391
0.731549 0.588672
0.786931 0.588761
0.773778 0.654769
0.758588 0.678141
0.758585 0.656635
0.740225 0.675888
0.743393 0.654770
0.723112 0.669280
0.729236 0.649304
0.708418 0.658769
0.717079 0.640608
0.697142 0.645071
0.707750 0.629276
0.690054 0.629118
0.701886 0.616078
0.687636 0.611998
0.699886 0.600813
0.806433 0.613070
0.808121 0.600177
0.801484 0.624208
0.793612 0.633773
0.783353 0.641112
0.771406 0.645726
0.758585 0.647300
0.745765 0.645727
0.733817 0.641114
0.723558 0.633776
0.715686 0.624212
0.710737 0.613075
0.709049 0.600182
0.829541 0.611992
0.827123 0.629112
0.815284 0.616073
0.817284 0.600808
0.820035 0.645065
0.809420 0.629271
0.808759 0.658765
0.800092 0.640605
0.794064 0.669277
0.787935 0.649302
0.776952 0.675886
0.773778 0.654769
0.758588 0.678141
0.758585 0.656635
0.740225 0.675888
0.743393 0.654770
0.723112 0.669280
0.729236 0.649304
0.708418 0.658769
0.717079 0.640608
0.697142 0.645071
0.707750 0.629276
0.690054 0.629118
0.701886 0.616078
0.687636 0.611998
0.699886 0.600813
0.726865 0.602576
0.725725 0.594778
0.729857 0.594260
0.730856 0.601620
0.730209 0.609846
0.733787 0.607993
0.735528 0.616093
0.738450 0.613469
0.742460 0.620891
0.744526 0.617674
0.750533 0.623914
0.751603 0.620324
0.759196 0.624954
0.759196 0.621236
0.767859 0.623942
0.766790 0.620348
0.775932 0.620945
0.773866 0.617722
0.782864 0.616170
0.779942 0.613536
0.788183 0.609940
0.784605 0.608075
0.791527 0.602681
0.787536 0.601712
0.792668 0.594887
0.788536 0.594355
0.806433 0.613070
0.808121 0.600177
0.801484 0.624208
0.793612 0.633773
0.783353 0.641112
0.771406 0.645726
0.758585 0.647300
0.745765 0.645727
0.733817 0.641114
0.723558 0.633776
0.715686 0.624212
0.710737 0.613075
0.709049 0.600182
0.781812 0.594337
0.782608 0.588467
0.779477 0.599405
0.775764 0.603754
0.770924 0.607089
0.765288 0.609180
0.759240 0.609887
0.753192 0.609161
0.747556 0.607051
0.742716 0.603701
0.739002 0.599340
0.736668 0.594264
0.735871 0.588391
0.731549 0.588672
0.786931 0.588761
0.572956 0.116922
0.571756 0.108215
0.576103 0.107633
0.577155 0.115852
0.576474 0.125038
0.580238 0.122966
0.582070 0.132010
0.585143 0.129077
0.589363 0.137362
0.591536 0.133768
0.597855 0.140730
0.598980 0.136720
0.606969 0.141885
0.606969 0.137732
0.671915 0.113440
0.669689 0.129915
0.658786 0.123798
0.660628 0.109108
0.663161 0.145268
0.653386 0.136499
0.652776 0.158452
0.644795 0.147406
0.639243 0.168568
0.633598 0.155775
0.623483 0.174928
0.616083 0.140747
0.614958 0.136735
0.624575 0.137394
0.622402 0.133796
0.631868 0.132055
0.628794 0.129116
0.637464 0.125094
0.633700 0.123014
0.640982 0.116985
0.636783 0.115906
0.642182 0.108280
0.637835 0.107690
0.630732 0.111815
0.631570 0.105259
0.628276 0.117476
0.624369 0.122336
0.619278 0.126064
0.613348 0.128404
0.606986 0.129199
0.600623 0.128393
0.594694 0.126041
0.589602 0.122304
0.585695 0.117437
0.583239 0.111771
0.582401 0.105214
0.577854 0.105530
0.636117 0.105584
0.620560 0.161037
0.606570 0.177098
0.606568 0.162832
0.589658 0.174930
0.591944 0.190244
0.588613 0.190478
0.591319 0.188475
0.503060 0.212301
0.499715 0.201897
0.503324 0.199592
0.549053 0.185614
0.474079 0.192456
0.491194 0.192456
0.549053 0.190478
0.548663 0.190450
0.548663 0.185699
0.641720 0.286388
0.633137 0.286387
0.588613 0.206761
0.585623 0.206761
0.585623 0.204672
0.588613 0.204672
0.633138 0.269825
0.590347 0.206242
0.549053 0.204672
0.549053 0.206761
0.548663 0.206587
0.548663 0.204543
0.615166 0.223871
0.607772 0.225758
0.549053 0.200802
0.551501 0.200802
0.491194 0.196782
0.641721 0.269826
0.503405 0.195714
0.512003 0.195655
0.513733 0.199520
0.551501 0.204672
0.544269 0.201155
0.474079 0.196782
0.474079 0.184912
0.543110 0.199287
0.543110 0.196781
0.503060 0.261708
0.503324 0.267547
0.498698 0.266194
0.640777 0.260753
0.544269 0.198164
0.544269 0.202200
0.591944 0.203620
0.640777 0.247281
0.642135 0.246919
0.642135 0.260296
0.591362 0.205084
0.591944 0.199973
0.588613 0.200802
0.548663 0.200700
0.641041 0.266591
0.632522 0.266650
0.632257 0.260812
0.551501 0.185614
0.551501 0.190478
0.678451 0.197386
0.678451 0.204365
0.543110 0.188402
0.657554 0.248518
0.660279 0.244482
0.641059 0.194417
0.641059 0.177633
0.657697 0.250989
0.662440 0.204365
0.662440 0.197386
0.544269 0.186302
0.491194 0.184912
0.657778 0.197040
0.661811 0.204321
0.544269 0.188491
0.660279 0.204361
0.657697 0.199701
0.641121 0.268373
0.544689 0.185739
0.642400 0.266013
0.642480 0.267758
0.607790 0.212412
0.493834 0.263558
0.491808 0.258475
0.494439 0.259231
0.544689 0.188519
0.589966 0.186468
0.588613 0.185614
0.662440 0.242172
0.495991 0.263125
0.568814 0.206761
0.568814 0.204672
0.497367 0.267563
0.503060 0.248237
0.494439 0.246354
0.494439 0.212004
0.474079 0.258541
0.474079 0.245828
0.640777 0.211346
0.615296 0.212642
0.632257 0.247340
0.678451 0.242172
0.632257 0.211405
0.643103 0.269826
0.585623 0.190478
0.585623 0.200802
0.586143 0.185614
0.551501 0.206761
0.641041 0.198637
0.642400 0.198832
0.642135 0.211236
0.540507 0.225411
0.643102 0.286388
0.661811 0.233489
0.660279 0.235151
0.530833 0.225731
0.530850 0.212384
0.544689 0.198588
0.657554 0.204432
0.568814 0.201134
0.540525 0.212065
0.592956 0.225442
0.592973 0.212095
0.552970 0.225265
0.581025 0.197313
0.557775 0.197060
0.560860 0.199917
0.575354 0.200497
0.544689 0.203042
0.544689 0.201728
0.642466 0.177633
0.657554 0.238105
0.656037 0.239535
0.656037 0.204484
0.496107 0.207275
0.498695 0.198722
0.632522 0.198696
0.503405 0.269328
0.632602 0.268432
0.661811 0.242213
0.657778 0.252379
0.656235 0.197797
0.656316 0.255323
0.656235 0.253920
0.491808 0.245779
0.641121 0.194759
0.642480 0.195047
0.491808 0.211914
0.493985 0.205741
0.513733 0.267474
0.513469 0.261636
0.513469 0.248165
0.513469 0.212229
0.513814 0.269256
0.572250 0.267068
0.571986 0.261230
0.571986 0.248915
0.572331 0.268850
0.632602 0.194818
0.656037 0.250465
0.549216 0.246856
0.610413 0.234467
0.529476 0.235910
0.599674 0.244488
0.656316 0.195089
0.678451 0.252601
0.662440 0.252601
0.678451 0.233467
0.662440 0.233467
0.662440 0.276878
0.662440 0.255642
0.678451 0.255642
0.678451 0.276878
0.678451 0.195543
0.662440 0.195543
0.502967 0.286380
0.496921 0.286380
0.496922 0.269818
0.502968 0.269818
0.513454 0.286381
0.513455 0.269819
0.572412 0.286384
0.572413 0.269822
0.491194 0.245828
0.491194 0.258541
0.474079 0.263067
0.491194 0.263067
0.474079 0.268775
0.491194 0.268775
0.491194 0.205124
0.491194 0.211913
0.474079 0.211913
0.474079 0.205124
0.642465 0.194417
0.632383 0.177633
0.632383 0.194417
0.656566 0.177633
0.656566 0.194418
0.552988 0.211919
0.585711 0.225304
0.585728 0.211958
0.567653 0.225240
0.567671 0.211894
0.526112 0.223843
0.525069 0.212614
0.525055 0.223267
0.617379 0.223295
0.592577 0.161038
0.573898 0.168572
0.579538 0.155778
0.560365 0.158456
0.568342 0.147410
0.549980 0.145274
0.559751 0.136504
0.543452 0.129922
0.554350 0.123803
0.541226 0.113447
0.552508 0.109113
0.650635 0.120908
0.652189 0.108501
0.646077 0.131627
0.638827 0.140831
0.629379 0.147894
0.618376 0.152335
0.606568 0.153849
0.594761 0.152336
0.583758 0.147897
0.574309 0.140835
0.567059 0.131631
0.562502 0.120913
0.560947 0.108505
0.671915 0.113440
0.669689 0.129915
0.658786 0.123798
0.660628 0.109108
0.663161 0.145268
0.653386 0.136499
0.652776 0.158452
0.644795 0.147406
0.639243 0.168568
0.633598 0.155775
0.623483 0.174928
0.620560 0.161037
0.606570 0.177098
0.606568 0.162832
0.589658 0.174930
0.592577 0.161038
0.573898 0.168572
0.579538 0.155778
0.560365 0.158456
0.568342 0.147410
0.549980 0.145274
0.559751 0.136504
0.543452 0.129922
0.554350 0.123803
0.541226 0.113447
0.552508 0.109113
0.572956 0.116922
0.571756 0.108215
0.576103 0.107633
0.577155 0.115852
0.576474 0.125038
0.580238 0.122966
0.582070 0.132010
0.585143 0.129077
0.589363 0.137362
0.591536 0.133768
0.597855 0.140730
0.598980 0.136720
0.606969 0.141885
0.606969 0.137732
0.616083 0.140747
0.614958 0.136735
0.624575 0.137394
0.622402 0.133796
0.631868 0.132055
0.628794 0.129116
0.637464 0.125094
0.633700 0.123014
0.640982 0.116985
0.636783 0.115906
0.642182 0.108280
0.637835 0.107690
0.650635 0.120908
0.652189 0.108501
0.646077 0.131627
0.638827 0.140831
0.629379 0.147894
0.618376 0.152335
0.606568 0.153849
0.594761 0.152336
0.583758 0.147897
0.574309 0.140835
0.567059 0.131631
0.562502 0.120913
0.560947 0.108505
0.630732 0.111815
0.631570 0.105259
0.628276 0.117476
0.624369 0.122336
0.619278 0.126064
0.613348 0.128404
0.606986 0.129199
0.600623 0.128393
0.594694 0.126041
0.589602 0.122304
0.585695 0.117437
0.583239 0.111771
0.582401 0.105214
0.591944 0.190244
0.588613 0.190478
0.591319 0.188475
0.503060 0.212301
0.499715 0.201897
0.503324 0.199592
0.474079 0.192456
0.491194 0.192456
0.491194 0.196782
0.474079 0.196782
0.641720 0.286388
0.633137 0.286387
0.633138 0.269825
0.641721 0.269826
0.549053 0.185614
0.549053 0.190478
0.548663 0.190450
0.548663 0.185699
0.643103 0.269826
0.643102 0.286388
0.588613 0.206761
0.585623 0.206761
0.585623 0.204672
0.588613 0.204672
0.503405 0.195714
0.512003 0.195655
0.513733 0.199520
0.474079 0.184912
0.491194 0.184912
0.502967 0.286380
0.496921 0.286380
0.496922 0.269818
0.502968 0.269818
0.590347 0.206242
0.503060 0.261708
0.503324 0.267547
0.498698 0.266194
0.474079 0.258541
0.474079 0.245828
0.491194 0.245828
0.491194 0.258541
0.549053 0.204672
0.549053 0.206761
0.548663 0.206587
0.548663 0.204543
0.640777 0.260753
0.640777 0.247281
0.642135 0.246919
0.642135 0.260296
0.549053 0.200802
0.551501 0.200802
0.551501 0.204672
0.641041 0.266591
0.632522 0.266650
0.632257 0.260812
0.544269 0.201155
0.543110 0.199287
0.543110 0.196781
0.544269 0.198164
0.657554 0.248518
0.660279 0.244482
0.657697 0.250989
0.678451 0.197386
0.678451 0.204365
0.662440 0.204365
0.662440 0.197386
0.544269 0.202200
0.657778 0.197040
0.661811 0.204321
0.660279 0.204361
0.657697 0.199701
0.641059 0.194417
0.641059 0.177633
0.642466 0.177633
0.642465 0.194417
0.641121 0.268373
0.642400 0.266013
0.642480 0.267758
0.662440 0.242172
0.678451 0.242172
0.678451 0.252601
0.662440 0.252601
0.474079 0.263067
0.491194 0.263067
0.474079 0.268775
0.491194 0.268775
0.591944 0.203620
0.591362 0.205084
0.493834 0.263558
0.491808 0.258475
0.494439 0.259231
0.495991 0.263125
0.497367 0.267563
0.591944 0.199973
0.588613 0.200802
0.503060 0.248237
0.494439 0.246354
0.494439 0.212004
0.548663 0.200700
0.640777 0.211346
0.632257 0.247340
0.632257 0.211405
0.641041 0.198637
0.642400 0.198832
0.642135 0.211236
0.551501 0.185614
0.551501 0.190478
0.543110 0.188402
0.544269 0.186302
0.544269 0.188491
0.661811 0.233489
0.660279 0.235151
0.678451 0.233467
0.662440 0.233467
0.544689 0.185739
0.544689 0.188519
0.657554 0.204432
0.657554 0.238105
0.656037 0.239535
0.656037 0.204484
0.491194 0.205124
0.491194 0.211913
0.474079 0.211913
0.474079 0.205124
0.589966 0.186468
0.496107 0.207275
0.588613 0.185614
0.498695 0.198722
0.632522 0.198696
0.503405 0.269328
0.632602 0.268432
0.661811 0.242213
0.657778 0.252379
0.656235 0.197797
0.656316 0.255323
0.656235 0.253920
0.491808 0.245779
0.641121 0.194759
0.642480 0.195047
0.491808 0.211914
0.493985 0.205741
0.513454 0.286381
0.513455 0.269819
0.568814 0.206761
0.568814 0.204672
0.585623 0.190478
0.585623 0.200802
0.513733 0.267474
0.513469 0.261636
0.513469 0.248165
0.586143 0.185614
0.513469 0.212229
0.513814 0.269256
0.572412 0.286384
0.572413 0.269822
0.572250 0.267068
0.571986 0.261230
0.571986 0.248915
0.572331 0.268850
0.551501 0.206761
0.632602 0.194818
0.632383 0.177633
0.632383 0.194417
0.544689 0.198588
0.656037 0.250465
0.568814 0.201134
0.549216 0.246856
0.610413 0.234467
0.529476 0.235910
0.599674 0.244488
0.577854 0.105530
0.636117 0.105584
0.615166 0.223871
0.607772 0.225758
0.607790 0.212412
0.615296 0.212642
0.540507 0.225411
0.530833 0.225731
0.530850 0.212384
0.540525 0.212065
0.592956 0.225442
0.592973 0.212095
0.552970 0.225265
0.552988 0.211919
0.585711 0.225304
0.585728 0.211958
0.567653 0.225240
0.567671 0.211894
0.526112 0.223843
0.525069 0.212614
0.525055 0.223267
0.617379 0.223295
0.581025 0.197313
0.557775 0.197060
0.560860 0.199917
0.575354 0.200497
0.662440 0.276878
0.662440 0.255642
0.678451 0.255642
0.678451 0.276878
0.544689 0.203042
0.544689 0.201728
0.656566 0.177633
0.656566 0.194418
0.656316 0.195089
0.678451 0.195543
0.662440 0.195543
0.455708 0.948846
0.399092 0.948846
0.399092 0.938929
0.455709 0.938929
0.465031 0.947510
0.464001 0.948846
0.464001 0.938929
0.465031 0.940266
0.399092 0.936809
0.455709 0.936809
0.464001 0.936809
0.465545 0.938938
0.466600 0.940274
0.466600 0.947519
0.465545 0.948855
0.464001 0.950983
0.455708 0.950983
0.399092 0.950983
0.342475 0.948846
0.342475 0.938929
0.333152 0.947510
0.333152 0.940266
0.334183 0.938929
0.334183 0.948846
0.342475 0.936809
0.334183 0.936809
0.332639 0.938938
0.331584 0.940274
0.331584 0.947519
0.332639 0.948855
0.334183 0.950983
0.342475 0.950983
</float_array>
          <technique_common>
            <accessor source="#hull-UV0-array" count="2340" stride="2">
              <param name="S" type="float"/>
              <param name="T" type="float"/>
            </accessor>
          </technique_common>
        </source>
        <vertices id="hull-VERTEX">
          <input semantic="POSITION" source="#hull-POSITION"/>
        </vertices>
        <triangles count="3150" material="truck"><input semantic="VERTEX" offset="0" source="#hull-VERTEX"/><input semantic="NORMAL" offset="1" source="#hull-Normal0"/><input semantic="TEXCOORD" offset="2" set="0" source="#hull-UV0"/><p> 106 0 4 0 1 0 107 2 1 0 3 0 106 4 4 19 5 5 47 6 14 10 7 15 48 8 12 48 9 12 10 10 15 420 11 11 265 12 13 426 13 16 277 14 7 277 15 7 426 16 16 423 17 6 41 18 28 20 19 29 42 20 27 42 21 27 20 22 29 427 23 23 318 24 20 312 25 22 134 26 17 6 27 8 134 28 17 312 29 22 137 30 40 138 31 41 9 32 37 9 33 37 138 34 41 78 35 55 16 36 57 9 37 37 1 38 56 9 39 37 16 40 57 18 41 58 315 42 44 313 43 45 3 44 26 3 45 26 313 46 45 8 47 24 266 48 3 414 49 21 415 50 25 266 51 3 415 52 25 14 53 2 283 54 39 81 55 87 282 56 38 281 57 31 282 58 38 81 59 87 12 60 10 260 61 19 72 62 42 260 63 19 269 64 34 72 65 42 267 66 35 274 67 36 135 68 47 267 69 35 135 70 47 15 71 30 15 72 30 268 73 54 267 74 35 268 75 54 15 76 30 11 77 52 19 78 43 12 79 10 72 80 42 19 81 43 72 82 42 73 83 76 135 84 47 136 85 62 15 86 30 15 87 30 136 88 62 18 89 61 15 90 30 18 91 61 11 92 52 11 93 52 18 94 61 16 95 97 79 96 63 80 97 64 1 98 56 16 99 57 1 100 56 80 101 64 412 102 67 316 103 68 413 104 59 21 105 48 413 106 59 316 107 68 273 108 164 21 109 98 124 110 163 21 111 98 273 112 164 264 113 177 125 114 190 126 115 191 141 116 201 125 117 190 141 118 201 22 119 179 25 120 80 59 121 66 58 122 79 59 123 66 25 124 80 26 125 65 112 126 82 75 127 83 113 128 81 26 129 65 113 130 81 75 131 83 272 132 222 261 133 364 116 134 220 23 135 203 116 136 220 261 137 364 32 138 84 375 139 86 77 140 89 375 141 86 32 142 84 374 143 85 263 144 369 29 145 366 370 146 367 370 147 367 371 148 368 263 149 369 30 150 371 373 151 374 31 152 377 373 153 374 30 154 371 372 155 372 343 156 100 32 157 84 344 158 99 32 159 84 343 160 100 31 161 101 33 162 380 29 163 366 339 164 379 339 165 379 29 166 366 340 167 378 33 168 71 368 169 73 369 170 90 368 171 73 33 172 71 321 173 72 123 174 94 27 175 91 317 176 93 27 177 91 314 178 92 317 179 93 516 180 134 36 181 95 336 182 96 336 183 96 515 184 133 516 185 134 35 186 135 519 187 137 37 188 138 519 189 137 35 190 135 310 191 136 78 192 55 47 193 14 79 194 63 79 195 63 47 196 14 48 197 12 270 198 132 265 199 13 278 200 131 278 201 131 265 202 13 277 203 7 41 204 28 42 205 27 74 206 102 74 207 102 73 208 103 41 209 28 46 210 125 45 211 122 524 212 123 46 213 125 524 214 123 7 215 124 131 216 141 132 217 186 51 218 139 51 219 139 527 220 140 131 221 141 46 222 125 140 223 126 139 224 127 140 225 126 46 226 125 7 227 124 527 228 140 51 229 139 50 230 187 50 231 187 4 232 188 527 233 140 533 234 396 297 235 397 302 236 394 302 237 394 532 238 395 533 239 396 258 240 120 259 241 121 39 242 77 39 243 77 536 244 78 258 245 120 41 246 365 13 247 362 20 248 363 13 249 362 41 250 365 40 251 151 17 252 128 48 253 12 420 254 11 48 255 12 17 256 128 49 257 129 52 258 189 409 259 199 410 260 200 409 261 199 52 262 189 5 263 198 44 264 166 544 265 168 346 266 169 544 267 168 44 268 166 543 269 167 42 270 27 110 271 170 109 272 171 110 273 170 42 274 27 427 275 23 43 276 172 61 277 174 60 278 175 61 279 174 43 280 172 548 281 173 35 282 49 550 283 32 38 284 46 550 285 32 35 286 49 37 287 50 53 288 428 552 289 202 34 290 427 552 291 202 53 292 428 555 293 429 316 294 68 314 295 92 21 296 48 27 297 91 21 298 48 314 299 92 88 300 433 310 301 136 311 302 432 310 303 136 88 304 433 55 305 431 55 306 431 325 307 434 560 308 437 325 309 434 324 310 436 560 311 437 332 312 194 59 313 66 333 314 193 59 315 66 332 316 194 58 317 79 59 318 66 26 319 65 76 320 195 26 321 65 75 322 83 76 323 195 23 324 203 262 325 451 56 326 381 262 327 451 23 328 203 261 329 364 24 330 453 25 331 465 57 332 452 57 333 452 25 334 465 58 335 466 60 336 175 568 337 196 335 338 197 568 339 196 60 340 175 61 341 174 54 342 475 329 343 467 328 344 474 329 345 467 54 346 475 56 347 381 12 348 477 19 349 488 105 350 490 105 351 490 19 352 488 106 353 489 63 354 33 536 355 9 39 356 18 536 357 9 63 358 33 62 359 51 39 360 18 94 361 69 63 362 33 94 363 69 39 364 18 95 365 53 103 366 143 64 367 150 104 368 75 2 369 74 104 370 75 64 371 150 23 372 155 98 373 178 65 374 221 98 375 178 23 376 155 96 377 162 584 378 658 66 379 737 38 380 430 38 381 430 550 382 592 584 383 658 67 384 110 62 385 108 63 386 109 62 387 108 67 388 110 587 389 114 93 390 116 63 391 109 94 392 115 63 393 109 93 394 116 67 395 110 102 396 160 64 397 111 103 398 117 64 399 111 102 400 160 68 401 161 69 402 119 65 403 112 91 404 113 91 405 113 92 406 118 69 407 119 70 408 754 584 409 146 71 410 753 584 411 146 70 412 754 66 413 145 120 414 107 70 415 104 71 416 105 120 417 107 71 418 105 595 419 106 68 420 148 102 421 156 101 422 157 68 423 148 101 424 157 93 425 158 133 426 439 83 427 438 132 428 186 83 429 438 51 430 139 132 431 186 82 432 440 50 433 187 51 434 139 82 435 440 51 436 139 83 437 438 301 438 399 298 439 400 299 440 401 301 441 399 299 442 401 300 443 398 259 444 121 269 445 34 95 446 375 95 447 375 39 448 77 259 449 121 73 450 76 72 451 42 40 452 151 73 453 76 40 454 151 41 455 365 48 456 12 49 457 129 79 458 63 80 459 64 79 460 63 49 461 129 84 462 443 410 463 200 411 464 444 410 465 200 84 466 443 52 467 189 77 468 89 346 469 169 345 470 205 346 471 169 77 472 89 44 473 166 42 474 27 109 475 171 74 476 102 108 477 206 74 478 102 109 479 171 334 480 207 76 481 195 60 482 175 334 483 207 60 484 175 335 485 197 87 486 445 366 487 446 367 488 447 366 489 446 87 490 445 36 491 95 121 492 449 122 493 450 86 494 448 86 495 448 34 496 427 121 497 449 9 498 37 78 499 55 1 500 56 79 501 63 1 502 56 78 503 55 320 504 357 279 505 358 270 506 132 73 507 103 74 508 102 0 509 0 0 510 0 19 511 5 73 512 103 35 513 49 38 514 46 89 515 60 90 516 70 89 517 60 38 518 46 53 519 428 34 520 427 85 521 460 86 522 448 85 523 460 34 524 427 311 525 432 28 526 462 323 527 463 28 528 462 311 529 432 89 530 461 76 531 195 75 532 83 43 533 172 76 534 195 43 535 172 60 536 175 94 537 69 2 538 74 64 539 150 2 540 74 94 541 69 95 542 53 90 543 738 66 544 737 91 545 741 66 546 737 90 547 738 38 548 430 68 549 149 94 550 115 64 551 147 94 552 115 68 553 149 93 554 116 91 555 113 70 556 754 92 557 118 70 558 754 91 559 113 66 560 145 92 561 159 120 562 107 119 563 182 120 564 107 92 565 159 70 566 104 309 567 502 56 568 381 54 569 475 56 570 381 309 571 502 97 572 503 28 573 142 98 574 144 96 575 152 65 576 221 98 577 178 90 578 738 65 579 221 90 580 738 91 581 741 97 582 743 23 583 155 56 584 744 97 585 743 96 586 162 23 587 155 74 588 102 108 589 206 0 590 0 107 591 1 0 592 0 108 593 206 260 594 550 271 595 551 2 596 548 104 597 504 2 598 548 271 599 551 109 600 171 627 601 208 111 602 209 627 603 208 109 604 171 110 605 170 153 606 748 103 607 143 152 608 747 104 609 75 152 610 747 103 611 143 102 612 160 153 613 180 154 614 181 153 615 180 102 616 160 103 617 117 67 618 185 99 619 183 587 620 184 99 621 183 67 622 185 100 623 225 155 624 227 102 625 156 154 626 226 102 627 156 155 628 227 101 629 157 100 630 225 93 631 158 101 632 157 93 633 158 100 634 225 67 635 185 275 636 1059 272 637 222 152 638 1058 116 639 220 152 640 1058 272 641 222 120 642 107 157 643 228 156 644 763 157 645 228 120 646 107 595 647 106 155 648 227 119 649 182 120 650 107 155 651 227 120 652 107 156 653 763 25 654 80 113 655 81 26 656 65 113 657 81 25 658 80 114 659 353 111 660 209 548 661 173 43 662 172 548 663 173 111 664 209 627 665 208 24 666 453 114 667 1060 25 668 465 114 669 1060 24 670 453 115 671 1061 65 672 221 116 673 749 23 674 155 116 675 749 65 676 221 117 677 751 69 678 1052 117 679 223 65 680 224 117 681 223 69 682 1052 118 683 1053 69 684 765 119 685 182 118 686 764 119 687 182 69 688 765 92 689 159 112 690 82 43 691 172 75 692 83 43 693 172 112 694 82 111 695 209 352 696 455 128 697 456 351 698 454 127 699 354 351 700 454 128 701 456 124 702 163 347 703 1062 350 704 1063 124 705 163 350 706 1063 273 707 164 125 708 190 349 709 1065 126 710 191 349 711 1065 125 712 190 348 713 1064 21 714 98 27 715 1066 124 716 163 123 717 1067 124 718 163 27 719 1066 356 720 483 317 721 93 355 722 464 355 723 464 317 724 93 122 725 450 650 726 484 121 727 449 34 728 427 34 729 427 552 730 202 650 731 484 45 732 122 130 733 457 524 734 123 130 735 457 45 736 122 129 737 458 122 738 450 354 739 485 355 740 464 354 741 485 122 742 450 121 743 449 18 744 58 136 745 459 137 746 40 18 747 58 137 748 40 9 749 37 313 750 45 318 751 20 8 752 24 134 753 17 8 754 24 318 755 20 134 756 1068 6 757 1069 266 758 3 134 759 1068 266 760 3 274 761 36 135 762 47 145 763 1070 136 764 62 132 765 186 5 766 198 52 767 189 5 768 198 132 769 186 131 770 141 139 771 127 140 772 126 47 773 14 47 774 14 140 775 126 10 776 15 133 777 439 52 778 189 84 779 443 52 780 189 133 781 439 132 782 186 78 783 55 138 784 41 139 785 127 78 786 55 139 787 127 47 788 14 22 789 179 141 790 201 142 791 1071 145 792 1070 135 793 47 144 794 1072 135 795 47 14 796 2 144 797 1072 142 798 1071 143 799 1073 22 800 179 143 801 1073 144 802 1072 14 803 2 143 804 1073 415 805 25 22 806 179 151 807 1075 149 808 1074 115 809 1061 149 810 1074 151 811 1075 148 812 1076 117 813 751 153 814 748 116 815 749 152 816 747 116 817 749 153 818 748 154 819 181 117 820 223 118 821 1053 117 822 223 154 823 181 153 824 180 154 825 226 118 826 764 119 827 182 154 828 226 119 829 182 155 830 227 271 831 551 275 832 1059 104 833 504 152 834 1058 104 835 504 275 836 1059 156 837 763 99 838 183 100 839 225 99 840 183 156 841 763 157 842 228 101 843 157 155 844 227 156 845 763 101 846 157 156 847 763 100 848 225 147 849 1077 151 850 1075 105 851 490 151 852 1075 147 853 1077 148 854 1076 105 855 490 106 856 489 146 857 1078 105 858 490 146 859 1078 147 860 1077 150 861 1079 114 862 1060 115 863 1061 149 864 1074 150 865 1079 115 866 1061 126 867 204 158 868 211 141 869 192 158 870 211 126 871 204 168 872 210 141 873 192 159 874 213 142 875 212 159 876 213 141 877 192 158 878 211 142 879 212 160 880 229 143 881 214 160 882 229 142 883 212 159 884 213 143 885 214 160 886 229 144 887 230 144 888 230 160 889 229 161 890 231 145 891 233 162 892 234 136 893 232 136 894 232 162 895 234 172 896 235 144 897 230 161 898 231 145 899 233 145 900 233 161 901 231 162 902 234 106 903 176 163 904 216 146 905 165 163 906 216 106 907 176 173 908 215 146 909 165 164 910 218 147 911 217 164 912 218 146 913 165 163 914 216 147 915 217 165 916 236 148 917 219 165 918 236 147 919 217 164 920 218 149 921 237 148 922 219 165 923 236 149 924 237 165 925 236 166 926 238 114 927 239 150 928 240 167 929 241 114 930 239 167 931 241 177 932 242 149 933 237 166 934 238 150 935 240 150 936 240 166 937 238 167 938 241 169 939 246 159 940 243 158 941 244 158 942 244 168 943 245 169 944 246 159 945 243 170 946 248 160 947 247 170 948 248 159 949 243 169 950 246 160 951 247 170 952 248 161 953 249 161 954 249 170 955 248 171 956 250 161 957 249 171 958 250 162 959 251 162 960 251 171 961 250 172 962 252 174 963 1139 163 964 1137 173 965 1138 163 966 1137 174 967 1139 164 968 1136 164 969 1136 175 970 1141 165 971 1140 175 972 1141 164 973 1136 174 974 1139 165 975 1140 175 976 1141 166 977 1142 166 978 1142 175 979 1141 176 980 1143 166 981 1142 176 982 1143 167 983 1144 167 984 1144 176 985 1143 177 986 1145 114 987 353 177 988 468 113 989 81 173 990 469 107 991 1 108 992 206 108 993 206 111 994 209 112 995 82 111 996 209 108 997 206 109 998 171 112 999 82 175 1000 470 108 1001 206 112 1002 82 177 1003 468 176 1004 471 174 1005 472 173 1006 469 108 1007 206 112 1008 82 176 1009 471 175 1010 470 175 1011 470 174 1012 472 108 1013 206 136 1014 459 172 1015 473 137 1016 40 168 1017 476 127 1018 354 128 1019 456 171 1020 478 170 1021 479 46 1022 125 168 1023 476 128 1024 456 129 1025 458 139 1026 127 138 1027 41 172 1028 473 172 1029 473 46 1030 125 139 1031 127 46 1032 125 172 1033 473 171 1034 478 169 1035 480 168 1036 476 45 1037 122 168 1038 476 129 1039 458 45 1040 122 170 1041 479 169 1042 480 45 1043 122 170 1044 479 45 1045 122 46 1046 125 180 1047 279 181 1048 280 179 1049 278 178 1050 277 179 1051 278 181 1052 280 185 1053 285 183 1054 283 184 1055 284 183 1056 283 185 1057 285 182 1058 281 183 1059 283 182 1060 281 178 1061 277 178 1062 277 182 1063 281 179 1064 278 188 1065 309 189 1066 310 186 1067 286 186 1068 286 187 1069 308 188 1070 309 181 1071 280 180 1072 279 189 1073 310 180 1074 279 186 1075 286 189 1076 310 190 1077 287 192 1078 289 193 1079 290 192 1080 289 190 1081 287 191 1082 288 194 1083 291 196 1084 293 197 1085 294 196 1086 293 194 1087 291 195 1088 292 195 1089 292 191 1090 288 190 1091 287 191 1092 288 195 1093 292 194 1094 291 200 1095 297 201 1096 298 198 1097 295 198 1098 295 199 1099 296 200 1100 297 193 1101 290 192 1102 289 201 1103 298 192 1104 289 198 1105 295 201 1106 298 202 1107 300 193 1108 290 203 1109 299 193 1110 290 202 1111 300 190 1112 287 204 1113 301 196 1114 293 195 1115 292 196 1116 293 204 1117 301 205 1118 302 202 1119 300 195 1120 292 190 1121 287 195 1122 292 202 1123 300 204 1124 301 207 1125 304 200 1126 297 206 1127 303 200 1128 297 207 1129 304 201 1130 298 203 1131 299 201 1132 298 207 1133 304 201 1134 298 203 1135 299 193 1136 290 221 1137 311 180 1138 279 179 1139 278 180 1140 279 221 1141 311 222 1142 312 178 1143 277 223 1144 314 220 1145 315 223 1146 314 178 1147 277 181 1148 280 184 1149 284 225 1150 316 226 1151 317 225 1152 316 184 1153 284 183 1154 283 227 1155 318 224 1156 319 185 1157 285 182 1158 281 185 1159 285 224 1160 319 220 1161 315 183 1162 283 178 1163 277 183 1164 283 220 1165 315 225 1166 316 179 1167 278 182 1168 281 221 1169 311 182 1170 281 224 1171 319 221 1172 311 228 1173 320 229 1174 321 186 1175 286 186 1176 286 229 1177 321 187 1178 308 189 1179 310 230 1180 322 231 1181 323 230 1182 322 189 1183 310 188 1184 309 222 1185 312 186 1186 286 180 1187 279 186 1188 286 222 1189 312 228 1190 320 181 1191 280 231 1192 323 223 1193 314 231 1194 323 181 1195 280 189 1196 310 209 1197 324 222 1198 312 221 1199 311 222 1200 312 209 1201 324 210 1202 325 223 1203 314 208 1204 329 220 1205 315 208 1206 329 223 1207 314 211 1208 328 226 1209 317 225 1210 316 213 1211 330 226 1212 317 213 1213 330 214 1214 331 227 1215 318 212 1216 842 224 1217 319 212 1218 842 227 1219 318 215 1220 837 213 1221 330 225 1222 316 208 1223 329 220 1224 315 208 1225 329 225 1226 316 209 1227 324 221 1228 311 224 1229 319 209 1230 324 224 1231 319 212 1232 842 229 1233 321 228 1234 320 216 1235 843 216 1236 843 217 1237 845 229 1238 321 219 1239 904 230 1240 322 218 1241 903 230 1242 322 219 1243 904 231 1244 323 222 1245 312 210 1246 325 228 1247 320 210 1248 325 216 1249 843 228 1250 320 211 1251 328 223 1252 314 231 1253 323 211 1254 328 231 1255 323 219 1256 904 192 1257 289 238 1258 305 239 1259 306 238 1260 305 192 1261 289 191 1262 288 241 1263 307 240 1264 332 197 1265 294 194 1266 291 197 1267 294 240 1268 332 194 1269 291 238 1270 305 191 1271 288 238 1272 305 194 1273 291 240 1274 332 242 1275 333 199 1276 296 198 1277 295 199 1278 296 242 1279 333 243 1280 334 239 1281 306 198 1282 295 192 1283 289 198 1284 295 239 1285 306 242 1286 333 233 1287 336 239 1288 306 232 1289 335 232 1290 335 239 1291 306 238 1292 305 240 1293 332 235 1294 337 234 1295 338 235 1296 337 240 1297 332 241 1298 307 238 1299 305 234 1300 338 232 1301 335 234 1302 338 238 1303 305 240 1304 332 243 1305 334 242 1306 333 236 1307 339 236 1308 339 237 1309 340 243 1310 334 239 1311 306 233 1312 336 242 1313 333 233 1314 336 236 1315 339 242 1316 333 202 1317 256 232 1318 253 234 1319 254 234 1320 254 204 1321 255 202 1322 256 232 1323 253 202 1324 256 203 1325 258 232 1326 253 203 1327 258 233 1328 257 233 1329 257 203 1330 258 207 1331 272 233 1332 257 207 1333 272 236 1334 271 207 1335 272 206 1336 274 236 1337 271 236 1338 271 206 1339 274 237 1340 273 205 1341 276 234 1342 254 235 1343 275 234 1344 254 205 1345 276 204 1346 255 245 1347 342 197 1348 294 244 1349 341 197 1350 294 196 1351 293 244 1352 341 244 1353 341 205 1354 302 246 1355 343 205 1356 302 244 1357 341 196 1358 293 197 1359 294 245 1360 342 241 1361 307 241 1362 307 245 1363 342 248 1364 344 248 1365 344 235 1366 337 241 1367 307 235 1368 337 248 1369 344 247 1370 345 246 1371 347 235 1372 275 247 1373 346 235 1374 275 246 1375 347 205 1376 276 244 1377 348 247 1378 346 245 1379 349 247 1380 346 244 1381 348 246 1382 347 247 1383 346 248 1384 351 245 1385 349 219 1386 259 218 1387 260 216 1388 262 216 1389 262 218 1390 260 217 1391 261 210 1392 264 211 1393 263 219 1394 259 210 1395 264 219 1396 259 216 1397 262 209 1398 266 208 1399 265 211 1400 263 209 1401 266 211 1402 263 210 1403 264 212 1404 268 213 1405 267 208 1406 265 212 1407 268 208 1408 265 209 1409 266 212 1410 268 214 1411 269 213 1412 267 214 1413 269 212 1414 268 215 1415 270 226 1416 313 227 1417 326 185 1418 327 226 1419 313 185 1420 327 184 1421 282 214 1422 269 215 1423 270 227 1424 326 214 1425 269 227 1426 326 226 1427 313 250 1428 361 4 1429 359 50 1430 360 4 1431 359 250 1432 361 249 1433 370 250 1434 361 82 1435 373 251 1436 376 82 1437 373 250 1438 361 50 1439 360 82 1440 373 319 1441 383 251 1442 376 319 1443 383 82 1444 373 315 1445 382 268 1446 385 252 1447 387 3 1448 384 252 1449 387 268 1450 385 276 1451 386 11 1452 388 16 1453 88 254 1454 389 11 1455 388 254 1456 389 253 1457 390 49 1458 356 255 1459 392 80 1460 130 255 1461 392 49 1462 356 256 1463 391 256 1464 391 17 1465 355 257 1466 393 17 1467 355 256 1468 391 49 1469 356 80 1470 130 255 1471 392 16 1472 88 254 1473 389 16 1474 88 255 1475 392 304 1476 402 754 1477 404 755 1478 405 754 1479 404 304 1480 402 303 1481 403 6 1482 1069 413 1483 1080 414 1484 21 6 1485 1069 414 1486 21 266 1487 3 260 1488 19 2 1489 566 269 1490 34 2 1491 566 95 1492 375 269 1493 34 8 1494 1081 134 1495 1068 274 1496 36 8 1497 1081 274 1498 36 267 1499 35 8 1500 1081 267 1501 35 3 1502 1082 3 1503 1082 267 1504 35 268 1505 54 273 1506 164 22 1507 179 264 1508 177 22 1509 179 273 1510 164 125 1511 190 272 1512 222 24 1513 453 261 1514 364 24 1515 453 272 1516 222 115 1517 1061 57 1518 452 331 1519 1083 262 1520 451 330 1521 1084 262 1522 451 331 1523 1083 308 1524 407 303 1525 403 305 1526 406 305 1527 406 303 1528 403 304 1529 402 259 1530 121 13 1531 362 40 1532 151 13 1533 362 259 1534 121 258 1535 120 262 1536 451 24 1537 453 57 1538 452 24 1539 453 262 1540 451 261 1541 364 269 1542 34 40 1543 151 72 1544 42 40 1545 151 269 1546 34 259 1547 121 280 1548 435 281 1549 31 81 1550 87 280 1551 435 81 1552 87 270 1553 132 271 1554 551 260 1555 550 12 1556 477 271 1557 551 12 1558 477 105 1559 490 272 1560 222 275 1561 1059 151 1562 1075 272 1563 222 151 1564 1075 115 1565 1061 341 1566 1086 263 1567 369 342 1568 1085 263 1569 369 30 1570 371 342 1571 1085 274 1572 36 266 1573 3 14 1574 2 274 1575 36 14 1576 2 135 1577 47 275 1578 1059 271 1579 551 105 1580 490 275 1581 1059 105 1582 490 151 1583 1075 11 1584 388 276 1585 386 268 1586 385 276 1587 386 11 1588 388 253 1589 390 277 1590 7 249 1591 370 250 1592 361 249 1593 370 277 1594 7 423 1595 6 277 1596 7 251 1597 376 278 1598 131 251 1599 376 277 1600 7 250 1601 361 251 1602 376 320 1603 357 278 1604 131 320 1605 357 251 1606 376 319 1607 383 279 1608 358 276 1609 386 280 1610 435 276 1611 386 279 1612 358 252 1613 387 276 1614 386 253 1615 390 281 1616 31 276 1617 386 281 1618 31 280 1619 435 282 1620 38 253 1621 390 254 1622 389 253 1623 390 282 1624 38 281 1625 31 255 1626 392 282 1627 38 254 1628 389 282 1629 38 255 1630 392 283 1631 39 283 1632 39 256 1633 391 284 1634 441 256 1635 391 283 1636 39 255 1637 392 764 1638 442 284 1639 441 256 1640 391 256 1641 391 257 1642 393 764 1643 442 292 1644 560 81 1645 87 283 1646 39 81 1647 87 292 1648 560 289 1649 561 291 1650 563 284 1651 441 286 1652 562 284 1653 441 291 1654 563 283 1655 39 286 1656 562 764 1657 442 769 1658 588 764 1659 442 286 1660 562 284 1661 441 772 1662 591 287 1663 605 285 1664 589 285 1665 589 771 1666 590 772 1667 591 288 1668 606 426 1669 16 265 1670 13 426 1671 16 288 1672 606 775 1673 607 294 1674 608 288 1675 606 265 1676 13 265 1677 13 270 1678 132 294 1679 608 81 1680 87 293 1681 668 270 1682 132 293 1683 668 81 1684 87 296 1685 667 287 1686 605 290 1687 692 285 1688 589 290 1689 692 287 1690 605 295 1691 693 295 1692 693 81 1693 87 290 1694 692 81 1695 87 289 1696 561 290 1697 692 283 1698 39 291 1699 563 292 1700 560 270 1701 132 293 1702 668 294 1703 608 81 1704 87 295 1705 693 296 1706 667 301 1707 399 297 1708 397 298 1709 400 297 1710 397 301 1711 399 302 1712 394 306 1713 408 307 1714 409 308 1715 407 306 1716 408 308 1717 407 305 1718 406 285 1719 411 533 1720 396 771 1721 410 533 1722 396 285 1723 411 297 1724 397 298 1725 400 285 1726 411 290 1727 412 285 1728 411 298 1729 400 297 1730 397 299 1731 401 290 1732 1016 289 1733 413 290 1734 1016 299 1735 401 298 1736 400 299 1737 401 292 1738 414 300 1739 398 292 1740 414 299 1741 401 289 1742 413 301 1743 399 300 1744 398 292 1745 414 292 1746 414 291 1747 415 301 1748 399 302 1749 394 301 1750 399 291 1751 1017 291 1752 1017 286 1753 416 302 1754 394 532 1755 395 302 1756 394 286 1757 416 286 1758 416 769 1759 417 532 1760 395 754 1761 404 303 1762 403 287 1763 418 287 1764 418 772 1765 419 754 1766 404 288 1767 421 755 1768 405 775 1769 420 755 1770 405 288 1771 421 304 1772 402 305 1773 406 288 1774 421 294 1775 422 288 1776 421 305 1777 406 304 1778 402 306 1779 408 294 1780 1012 293 1781 423 294 1782 1012 306 1783 408 305 1784 406 306 1785 408 296 1786 424 307 1787 409 296 1788 424 306 1789 408 293 1790 423 308 1791 407 307 1792 409 296 1793 424 296 1794 424 295 1795 425 308 1796 407 303 1797 403 308 1798 407 295 1799 1013 295 1800 1013 287 1801 418 303 1802 403 177 1803 468 112 1804 82 113 1805 81 173 1806 469 106 1807 4 107 1808 1 172 1809 473 138 1810 41 137 1811 40 168 1812 476 126 1813 481 127 1814 354 97 1815 154 309 1816 153 28 1817 142 28 1818 142 96 1819 152 97 1820 154 519 1821 137 310 1822 136 55 1823 431 55 1824 431 560 1825 437 519 1826 137 310 1827 136 89 1828 461 311 1829 432 89 1830 461 310 1831 136 35 1832 135 309 1833 486 54 1834 487 323 1835 463 54 1836 487 322 1837 497 323 1838 463 133 1839 439 84 1840 443 318 1841 20 312 1842 22 318 1843 20 84 1844 443 82 1845 440 83 1846 438 315 1847 44 315 1848 44 83 1849 438 313 1850 45 84 1851 443 411 1852 444 312 1853 22 412 1854 67 312 1855 22 411 1856 444 317 1857 93 314 1858 92 122 1859 450 314 1860 92 86 1861 448 122 1862 450 85 1863 460 86 1864 448 316 1865 68 314 1866 92 316 1867 68 86 1868 448 83 1869 438 133 1870 439 313 1871 45 318 1872 20 313 1873 45 133 1874 439 252 1875 387 319 1876 383 315 1877 382 315 1878 382 3 1879 384 252 1880 387 279 1881 358 320 1882 357 319 1883 383 279 1884 358 319 1885 383 252 1886 387 321 1887 72 367 1888 447 368 1889 73 367 1890 447 321 1891 72 87 1892 445 28 1893 462 309 1894 486 323 1895 463 339 1896 498 321 1897 72 33 1898 71 321 1899 72 339 1900 498 338 1901 499 323 1902 463 88 1903 433 311 1904 432 88 1905 433 323 1906 463 322 1907 497 279 1908 358 280 1909 435 270 1910 132 270 1911 132 278 1912 131 320 1913 357 76 1914 195 334 1915 207 59 1916 66 333 1917 193 59 1918 66 334 1919 207 262 1920 451 330 1921 1084 56 1922 381 329 1923 467 56 1924 381 330 1925 1084 331 1926 1083 58 1927 466 332 1928 1087 58 1929 466 331 1930 1083 57 1931 452 328 1932 501 322 1933 497 54 1934 487 322 1935 497 328 1936 501 327 1937 500 324 1938 436 325 1939 434 366 1940 446 366 1941 446 786 1942 544 324 1943 436 373 1944 482 333 1945 193 374 1946 85 333 1947 193 373 1948 482 332 1949 194 335 1950 197 787 1951 491 376 1952 492 787 1953 491 335 1954 197 568 1955 196 328 1956 474 370 1957 367 369 1958 1088 370 1959 367 328 1960 474 329 1961 467 334 1962 207 376 1963 492 375 1964 86 376 1965 492 334 1966 207 335 1967 197 326 1968 545 55 1969 431 88 1970 433 55 1971 431 326 1972 545 325 1973 434 330 1974 1084 372 1975 372 371 1976 368 372 1977 372 330 1978 1084 331 1979 1083 327 1980 500 88 1981 433 322 1982 497 88 1983 433 327 1984 500 326 1985 545 343 1986 100 362 1987 493 361 1988 494 362 1989 493 343 1990 100 344 1991 99 357 1992 1090 339 1993 379 340 1994 378 357 1995 1090 340 1996 378 358 1997 1089 336 1998 96 354 1999 485 515 2000 133 354 2001 485 794 2002 546 515 2003 133 364 2004 496 544 2005 168 365 2006 495 544 2007 168 364 2008 496 346 2009 169 363 2010 505 346 2011 169 364 2012 496 346 2013 169 363 2014 505 345 2015 205 344 2016 99 32 2017 84 345 2018 205 32 2019 84 77 2020 89 345 2021 205 29 2022 366 341 2023 1086 340 2024 378 341 2025 1086 29 2026 366 263 2027 369 342 2028 1085 31 2029 377 343 2030 1091 31 2031 377 342 2032 1085 30 2033 371 321 2034 72 337 2035 547 87 2036 445 337 2037 547 321 2038 72 338 2039 499 87 2040 445 336 2041 96 36 2042 95 336 2043 96 87 2044 445 337 2045 547 341 2046 1086 360 2047 1092 359 2048 1093 360 2049 1092 341 2050 1086 342 2051 1085 356 2052 483 338 2053 499 357 2054 549 339 2055 498 357 2056 549 338 2057 499 351 2058 454 363 2059 505 352 2060 455 363 2061 505 351 2062 454 362 2063 493 347 2064 1062 358 2065 1089 350 2066 1063 358 2067 1089 359 2068 1093 350 2069 1063 348 2070 1064 361 2071 1094 349 2072 1065 361 2073 1094 348 2074 1064 360 2075 1092 126 2076 481 351 2077 454 127 2078 354 351 2079 454 126 2080 481 349 2081 506 347 2082 1062 124 2083 163 123 2084 1067 129 2085 458 800 2086 507 130 2087 457 800 2088 507 129 2089 458 353 2090 508 352 2091 455 129 2092 458 128 2093 456 129 2094 458 352 2095 455 353 2096 508 350 2097 1063 125 2098 190 273 2099 164 125 2100 190 350 2101 1063 348 2102 1064 356 2103 483 337 2104 547 338 2105 499 337 2106 547 356 2107 483 355 2108 464 355 2109 464 336 2110 96 337 2111 547 336 2112 96 355 2113 464 354 2114 485 361 2115 494 351 2116 454 349 2117 506 351 2118 454 361 2119 494 362 2120 493 357 2121 1090 358 2122 1089 123 2123 1067 123 2124 1067 358 2125 1089 347 2126 1062 794 2127 546 354 2128 485 121 2129 449 121 2130 449 650 2131 484 794 2132 546 364 2133 496 800 2134 507 353 2135 508 800 2136 507 364 2137 496 365 2138 495 363 2139 505 353 2140 508 352 2141 455 353 2142 508 363 2143 505 364 2144 496 359 2145 1093 348 2146 1064 350 2147 1063 348 2148 1064 359 2149 1093 360 2150 1092 317 2151 93 356 2152 483 123 2153 94 357 2154 549 123 2155 94 356 2156 483 345 2157 205 362 2158 493 344 2159 99 362 2160 493 345 2161 205 363 2162 505 341 2163 1086 359 2164 1093 340 2165 378 358 2166 1089 340 2167 378 359 2168 1093 360 2169 1092 343 2170 1091 361 2171 1094 343 2172 1091 360 2173 1092 342 2174 1085 28 2175 142 90 2176 70 98 2177 144 90 2178 70 28 2179 142 89 2180 60 374 2181 85 334 2182 207 375 2183 86 334 2184 207 374 2185 85 333 2186 193 370 2187 367 329 2188 467 371 2189 368 329 2190 467 330 2191 1084 371 2192 368 372 2193 372 332 2194 1087 373 2195 374 332 2196 1087 372 2197 372 331 2198 1083 369 2199 90 327 2200 500 328 2201 501 327 2202 500 369 2203 90 368 2204 73 367 2205 447 325 2206 434 326 2207 545 325 2208 434 367 2209 447 366 2210 446 368 2211 73 326 2212 545 327 2213 500 326 2214 545 368 2215 73 367 2216 447 786 2217 544 366 2218 446 36 2219 95 36 2220 95 516 2221 134 786 2222 544 31 2223 101 374 2224 85 32 2225 84 374 2226 85 31 2227 101 373 2228 482 376 2229 492 543 2230 167 44 2231 166 543 2232 167 376 2233 492 787 2234 491 369 2235 1088 29 2236 366 33 2237 380 29 2238 366 369 2239 1088 370 2240 367 375 2241 86 44 2242 166 77 2243 89 44 2244 166 375 2245 86 376 2246 492 371 2247 368 30 2248 371 263 2249 369 30 2250 371 371 2251 368 372 2252 372 381 2253 513 377 2254 511 378 2255 512 377 2256 511 381 2257 513 384 2258 514 382 2259 515 383 2260 516 381 2261 513 384 2262 514 381 2263 513 383 2264 516 382 2265 515 380 2266 518 383 2267 516 380 2268 518 382 2269 515 379 2270 517 377 2271 511 386 2272 520 378 2273 512 386 2274 520 377 2275 511 385 2276 519 378 2277 512 389 2278 521 381 2279 513 389 2280 521 378 2281 512 386 2282 520 387 2283 522 380 2284 518 379 2285 517 380 2286 518 387 2287 522 388 2288 523 380 2289 518 391 2290 524 383 2291 516 391 2292 524 380 2293 518 388 2294 523 381 2295 513 390 2296 525 382 2297 515 390 2298 525 381 2299 513 389 2300 521 382 2301 515 390 2302 525 379 2303 517 379 2304 517 390 2305 525 387 2306 522 384 2307 514 383 2308 516 391 2309 524 384 2310 514 391 2311 524 392 2312 526 384 2313 514 392 2314 526 377 2315 511 377 2316 511 392 2317 526 385 2318 519 394 2319 528 395 2320 529 393 2321 527 396 2322 530 393 2323 527 395 2324 529 393 2325 527 398 2326 532 394 2327 528 398 2328 532 393 2329 527 397 2330 531 400 2331 534 396 2332 530 399 2333 533 396 2334 530 395 2335 529 399 2336 533 402 2337 535 395 2338 529 394 2339 528 395 2340 529 402 2341 535 403 2342 536 396 2343 530 401 2344 538 393 2345 527 401 2346 538 396 2347 530 404 2348 537 401 2349 538 405 2350 539 397 2351 531 397 2352 531 393 2353 527 401 2354 538 402 2355 535 398 2356 532 406 2357 540 398 2358 532 402 2359 535 394 2360 528 403 2361 536 407 2362 541 399 2363 533 399 2364 533 395 2365 529 403 2366 536 404 2367 537 400 2368 534 408 2369 542 400 2370 534 404 2371 537 396 2372 530 398 2373 532 397 2374 531 406 2375 540 406 2376 540 397 2377 531 405 2378 539 401 2379 538 406 2380 540 405 2381 539 406 2382 540 401 2383 538 402 2384 535 403 2385 536 401 2386 538 404 2387 537 401 2388 538 403 2389 536 402 2390 535 408 2391 542 407 2392 541 404 2393 537 403 2394 536 404 2395 537 407 2396 541 407 2397 541 400 2398 534 399 2399 533 400 2400 534 407 2401 541 408 2402 542 22 2403 179 414 2404 21 264 2405 177 414 2406 21 22 2407 179 415 2408 25 312 2409 22 412 2410 67 6 2411 8 413 2412 59 6 2413 8 412 2414 67 410 2415 200 555 2416 429 53 2417 428 555 2418 429 410 2419 200 409 2420 199 411 2421 444 53 2422 428 85 2423 460 53 2424 428 411 2425 444 410 2426 200 264 2427 177 413 2428 1080 21 2429 98 413 2430 1080 264 2431 177 414 2432 21 412 2433 67 85 2434 460 316 2435 68 85 2436 460 412 2437 67 411 2438 444 143 2439 1073 14 2440 2 415 2441 25 416 2442 509 418 2443 552 417 2444 553 418 2445 552 416 2446 509 419 2447 510 421 2448 556 420 2449 11 10 2450 15 10 2451 15 422 2452 555 421 2453 556 424 2454 695 423 2455 6 426 2456 16 426 2457 16 425 2458 694 424 2459 695 428 2460 558 427 2461 23 20 2462 29 20 2463 29 429 2464 557 428 2465 558 431 2466 571 430 2467 568 433 2468 569 433 2469 569 432 2470 570 431 2471 571 436 2472 565 434 2473 559 437 2474 564 434 2475 559 436 2476 565 435 2477 572 439 2478 574 434 2479 559 440 2480 573 434 2481 559 439 2482 574 438 2483 575 442 2484 583 441 2485 580 444 2486 581 444 2487 581 443 2488 582 442 2489 583 447 2490 586 446 2491 587 448 2492 585 445 2493 584 448 2494 585 446 2495 587 452 2496 791 451 2497 971 450 2498 972 452 2499 791 450 2500 972 449 2501 790 455 2502 594 454 2503 595 456 2504 593 456 2505 593 454 2506 595 453 2507 567 459 2508 598 458 2509 599 460 2510 597 457 2511 596 460 2512 597 458 2513 599 457 2514 596 462 2515 601 461 2516 600 462 2517 601 457 2518 596 458 2519 599 456 2520 593 419 2521 602 463 2522 603 419 2523 602 456 2524 593 453 2525 567 457 2526 596 440 2527 613 464 2528 614 464 2529 614 460 2530 597 457 2531 596 461 2532 600 439 2533 615 440 2534 613 440 2535 613 457 2536 596 461 2537 600 438 2538 575 439 2539 574 466 2540 576 466 2541 576 465 2542 577 438 2543 575 470 2544 611 469 2545 612 468 2546 651 470 2547 611 468 2548 651 467 2549 610 472 2550 618 467 2551 616 473 2552 617 467 2553 616 472 2554 618 471 2555 629 476 2556 632 475 2557 637 477 2558 631 477 2559 631 475 2560 637 474 2561 630 478 2562 578 480 2563 621 479 2564 622 480 2565 621 478 2566 578 481 2567 579 482 2568 625 484 2569 623 483 2570 624 484 2571 623 482 2572 625 478 2573 578 486 2574 641 488 2575 639 487 2576 640 488 2577 639 486 2578 641 485 2579 638 491 2580 628 489 2581 626 492 2582 627 489 2583 626 491 2584 628 490 2585 633 495 2586 649 494 2587 650 496 2588 648 496 2589 648 494 2590 650 493 2591 642 499 2592 657 497 2593 653 500 2594 654 497 2595 653 499 2596 657 498 2597 727 489 2598 626 502 2599 635 501 2600 636 502 2601 635 489 2602 626 500 2603 634 504 2604 729 503 2605 730 493 2606 642 493 2607 642 505 2608 728 504 2609 729 507 2610 656 505 2611 652 508 2612 655 505 2613 652 507 2614 656 506 2615 659 511 2616 663 510 2617 664 509 2618 660 509 2619 660 512 2620 661 511 2621 663 514 2622 674 516 2623 134 515 2624 133 516 2625 134 514 2626 674 513 2627 665 519 2628 137 517 2629 675 37 2630 138 517 2631 675 519 2632 137 518 2633 676 421 2634 556 422 2635 555 465 2636 577 422 2637 555 437 2638 564 465 2639 577 520 2640 976 424 2641 695 425 2642 694 425 2643 694 521 2644 975 520 2645 976 463 2646 643 522 2647 644 429 2648 557 429 2649 557 522 2650 644 428 2651 558 524 2652 123 525 2653 646 7 2654 124 525 2655 646 524 2656 123 523 2657 645 527 2658 140 526 2659 677 131 2660 141 131 2661 141 526 2662 677 528 2663 680 140 2664 126 525 2665 646 529 2666 647 525 2667 646 140 2668 126 7 2669 124 4 2670 188 530 2671 681 527 2672 140 527 2673 140 530 2674 681 526 2675 677 532 2676 395 531 2677 682 533 2678 396 533 2679 396 531 2680 682 534 2681 683 536 2682 78 535 2683 686 258 2684 120 258 2685 120 535 2686 686 537 2687 687 13 2688 362 429 2689 689 20 2690 363 429 2691 689 13 2692 362 538 2693 688 17 2694 128 421 2695 556 539 2696 666 421 2697 556 17 2698 128 420 2699 11 409 2700 199 540 2701 696 541 2702 697 540 2703 696 409 2704 199 5 2705 198 543 2706 167 545 2707 670 544 2708 168 545 2709 670 543 2710 167 542 2711 669 110 2712 170 428 2713 558 546 2714 672 428 2715 558 110 2716 170 427 2717 23 61 2718 174 547 2719 673 549 2720 678 547 2721 673 61 2722 174 548 2723 173 37 2724 50 517 2725 426 550 2726 32 550 2727 32 517 2728 426 551 2729 543 552 2730 202 554 2731 698 553 2732 699 554 2733 698 552 2734 202 555 2735 429 510 2736 664 470 2737 611 467 2738 610 467 2739 610 509 2740 660 510 2741 664 518 2742 676 556 2743 714 558 2744 715 518 2745 676 558 2746 715 557 2747 716 559 2748 717 560 2749 437 324 2750 436 560 2751 437 559 2752 717 556 2753 714 479 2754 622 562 2755 679 561 2756 700 562 2757 679 479 2758 622 480 2759 621 484 2760 623 478 2761 578 563 2762 701 563 2763 701 478 2764 578 479 2765 622 565 2766 734 485 2767 638 564 2768 733 485 2769 638 565 2770 734 488 2771 639 481 2772 804 566 2773 735 480 2774 736 566 2775 735 481 2776 804 567 2777 805 568 2778 196 61 2779 174 549 2780 678 568 2781 196 549 2782 678 569 2783 702 570 2784 819 564 2785 733 572 2786 806 570 2787 819 572 2788 806 571 2789 807 419 2790 835 573 2791 826 418 2792 834 573 2793 826 419 2794 835 453 2795 820 62 2796 51 574 2797 752 536 2798 9 536 2799 9 574 2800 752 535 2801 799 575 2802 827 535 2803 799 576 2804 810 535 2805 799 574 2806 752 576 2807 810 580 2808 1032 579 2809 1033 578 2810 1034 580 2811 1032 578 2812 1034 577 2813 1031 583 2814 1036 582 2815 1037 485 2816 1035 485 2817 1035 582 2818 1037 581 2819 1038 550 2820 592 551 2821 1039 584 2822 658 584 2823 658 551 2824 1039 585 2825 1040 587 2826 114 586 2827 739 62 2828 108 62 2829 108 586 2830 739 574 2831 740 588 2832 742 574 2833 740 586 2834 739 574 2835 740 588 2836 742 576 2837 746 580 2838 745 589 2839 757 579 2840 760 589 2841 757 580 2842 745 590 2843 750 592 2844 761 591 2845 762 593 2846 759 593 2847 759 591 2848 762 583 2849 758 584 2850 146 594 2851 1051 71 2852 753 594 2853 1051 584 2854 146 585 2855 1050 595 2856 106 594 2857 766 596 2858 767 594 2859 766 595 2860 106 71 2861 105 588 2862 800 597 2863 801 590 2864 768 590 2865 768 597 2866 801 589 2867 813 528 2868 680 526 2869 677 598 2870 718 528 2871 680 598 2872 718 599 2873 719 526 2874 677 600 2875 720 598 2876 718 600 2877 720 526 2878 677 530 2879 681 603 2880 772 602 2881 773 604 2882 685 604 2883 685 602 2884 773 601 2885 684 535 2886 686 575 2887 690 537 2888 687 537 2889 687 575 2890 690 455 2891 594 538 2892 688 463 2893 603 429 2894 689 463 2895 603 538 2896 688 456 2897 593 539 2898 666 465 2899 577 466 2900 576 539 2901 666 421 2902 556 465 2903 577 541 2904 697 605 2905 721 606 2906 722 605 2907 721 541 2908 697 540 2909 696 542 2910 669 607 2911 703 545 2912 670 607 2913 703 542 2914 669 492 2915 627 546 2916 672 428 2917 558 522 2918 644 546 2919 672 522 2920 644 608 2921 704 549 2922 678 609 2923 705 569 2924 702 609 2925 705 549 2926 678 563 2927 701 611 2928 771 610 2929 769 612 2930 770 610 2931 769 611 2932 771 513 2933 665 553 2934 699 613 2935 776 614 2936 782 613 2937 776 615 2938 777 614 2939 782 465 2940 577 437 2941 564 438 2942 575 437 2943 564 434 2944 559 438 2945 575 616 2946 978 521 2947 975 617 2948 979 419 2949 510 416 2950 509 463 2951 643 463 2952 643 416 2953 509 522 2954 644 551 2955 543 517 2956 426 618 2957 609 551 2958 543 618 2959 609 619 2960 662 553 2961 699 554 2962 698 620 2963 783 620 2964 783 613 2965 776 553 2966 699 621 2967 786 618 2968 784 557 2969 716 621 2970 786 557 2971 716 622 2972 785 549 2973 678 484 2974 623 563 2975 701 484 2976 623 549 2977 678 547 2978 673 577 2979 1031 576 2980 810 580 2981 1032 576 2982 810 577 2983 1031 575 2984 827 585 2985 1040 619 2986 1041 591 2987 1042 619 2988 1041 585 2989 1040 551 2990 1039 590 2991 755 576 2992 746 588 2993 742 576 2994 746 590 2995 755 580 2996 756 594 2997 1051 591 2998 762 592 2999 761 591 3000 762 594 3001 1051 585 3002 1050 596 3003 767 592 3004 814 623 3005 815 592 3006 814 596 3007 767 594 3008 766 624 3009 846 564 3010 733 625 3011 836 564 3012 733 624 3013 846 572 3014 806 621 3015 671 581 3016 712 582 3017 713 619 3018 1041 583 3019 1036 591 3020 1042 583 3021 1036 619 3022 1041 582 3023 1037 625 3024 1043 564 3025 1044 485 3026 1035 625 3027 1043 485 3028 1035 581 3029 1038 416 3030 509 608 3031 704 522 3032 644 608 3033 704 416 3034 509 417 3035 553 626 3036 853 454 3037 990 577 3038 991 626 3039 853 577 3040 991 578 3041 847 110 3042 170 628 3043 706 627 3044 208 628 3045 706 110 3046 170 546 3047 672 579 3048 1033 630 3049 1045 629 3050 1046 579 3051 1033 629 3052 1046 578 3053 1034 630 3054 812 579 3055 760 589 3056 757 630 3057 812 589 3058 757 631 3059 811 99 3060 183 586 3061 817 587 3062 184 586 3063 817 99 3064 183 632 3065 816 633 3066 818 589 3067 813 597 3068 801 589 3069 813 633 3070 818 631 3071 821 632 3072 816 588 3073 800 586 3074 817 588 3075 800 632 3076 816 597 3077 801 487 3078 640 634 3079 992 629 3080 993 487 3081 640 629 3082 993 486 3083 641 157 3084 228 595 3085 106 596 3086 767 157 3087 228 596 3088 767 635 3089 822 623 3090 815 633 3091 818 596 3092 767 635 3093 822 596 3094 767 633 3095 818 482 3096 625 481 3097 579 478 3098 578 481 3099 579 482 3100 625 636 3101 707 627 3102 208 547 3103 673 548 3104 173 547 3105 673 627 3106 208 628 3107 706 636 3108 994 567 3109 805 481 3110 804 567 3111 805 636 3112 994 637 3113 998 583 3114 1036 486 3115 1047 638 3116 1048 486 3117 1047 583 3118 1036 485 3119 1035 638 3120 828 593 3121 1054 583 3122 1055 593 3123 1054 638 3124 828 639 3125 829 623 3126 815 593 3127 1049 639 3128 823 593 3129 1049 623 3130 815 592 3131 814 547 3132 673 628 3133 706 483 3134 624 547 3135 673 483 3136 624 484 3137 623 643 3138 709 642 3139 710 641 3140 711 643 3141 709 641 3142 711 640 3143 708 645 3144 999 471 3145 629 472 3146 618 471 3147 629 645 3148 999 644 3149 1022 647 3150 1023 475 3151 637 476 3152 632 475 3153 637 647 3154 1023 646 3155 1024 509 3156 1026 467 3157 616 471 3158 629 471 3159 629 512 3160 1025 509 3161 1026 648 3162 788 615 3163 777 511 3164 663 511 3165 663 649 3166 787 648 3167 788 552 3168 202 553 3169 699 650 3170 484 650 3171 484 553 3172 699 614 3173 782 130 3174 457 523 3175 645 524 3176 123 523 3177 645 130 3178 457 651 3179 723 652 3180 795 614 3181 782 615 3182 777 652 3183 795 615 3184 777 648 3185 788 434 3186 559 435 3187 572 440 3188 573 435 3189 572 464 3190 724 440 3191 573 432 3192 570 444 3193 581 441 3194 580 432 3195 570 441 3196 580 431 3197 571 446 3198 587 431 3199 1027 459 3200 598 431 3201 1027 446 3202 587 430 3203 1028 460 3204 597 464 3205 614 653 3206 1029 131 3207 141 528 3208 680 5 3209 198 5 3210 198 528 3211 680 540 3212 696 422 3213 555 10 3214 15 140 3215 126 140 3216 126 529 3217 647 422 3218 555 540 3219 696 528 3220 680 599 3221 719 540 3222 696 599 3223 719 605 3224 721 436 3225 565 437 3226 564 529 3227 647 422 3228 555 529 3229 647 437 3230 564 474 3231 630 654 3232 1030 477 3233 631 460 3234 597 653 3235 1029 655 3236 1056 460 3237 597 655 3238 1056 445 3239 584 654 3240 1030 474 3241 630 656 3242 1057 656 3243 1057 445 3244 584 655 3245 1056 656 3246 1057 474 3247 630 448 3248 585 658 3249 1097 657 3250 1095 659 3251 1096 657 3252 1095 658 3253 1097 637 3254 998 630 3255 1045 638 3256 1048 486 3257 1047 630 3258 1045 486 3259 1047 629 3260 1046 638 3261 828 630 3262 812 631 3263 811 638 3264 828 631 3265 811 639 3266 829 633 3267 818 623 3268 815 631 3269 821 631 3270 821 623 3271 815 639 3272 823 578 3273 847 634 3274 992 626 3275 853 634 3276 992 578 3277 847 629 3278 993 99 3279 183 157 3280 228 635 3281 822 99 3282 183 635 3283 822 632 3284 816 633 3285 818 597 3286 801 635 3287 822 632 3288 816 635 3289 822 597 3290 801 660 3291 1098 658 3292 1097 659 3293 1096 658 3294 1097 660 3295 1098 573 3296 826 573 3297 826 661 3298 1099 418 3299 834 573 3300 826 660 3301 1098 661 3302 1099 662 3303 1100 637 3304 998 636 3305 994 657 3306 1095 637 3307 998 662 3308 1100 664 3309 619 476 3310 848 477 3311 604 476 3312 848 664 3313 619 663 3314 620 665 3315 850 477 3316 604 654 3317 849 477 3318 604 665 3319 850 664 3320 619 666 3321 858 654 3322 849 656 3323 851 654 3324 849 666 3325 858 665 3326 850 666 3327 858 655 3328 859 667 3329 860 655 3330 859 666 3331 858 656 3332 851 668 3333 863 464 3334 861 669 3335 862 464 3336 861 668 3337 863 653 3338 864 667 3339 860 653 3340 864 668 3341 863 653 3342 864 667 3343 860 655 3344 859 671 3345 825 418 3346 854 661 3347 554 418 3348 854 671 3349 825 670 3350 852 672 3351 856 661 3352 554 660 3353 855 661 3354 554 672 3355 856 671 3356 825 673 3357 865 660 3358 855 659 3359 857 660 3360 855 673 3361 865 672 3362 856 673 3363 865 657 3364 866 674 3365 867 657 3366 866 673 3367 865 659 3368 857 675 3369 870 636 3370 868 676 3371 869 636 3372 868 675 3373 870 662 3374 871 674 3375 867 662 3376 871 675 3377 870 662 3378 871 674 3379 867 657 3380 866 664 3381 875 677 3382 873 663 3383 874 677 3384 873 664 3385 875 665 3386 872 678 3387 877 665 3388 872 666 3389 876 665 3390 872 678 3391 877 677 3392 873 678 3393 877 667 3394 878 679 3395 879 667 3396 878 678 3397 877 666 3398 876 679 3399 879 668 3400 880 669 3401 881 679 3402 879 667 3403 878 668 3404 880 680 3405 1147 671 3406 1149 672 3407 1146 671 3408 1149 680 3409 1147 670 3410 1148 681 3411 1151 672 3412 1146 673 3413 1150 672 3414 1146 681 3415 1151 680 3416 1147 681 3417 1151 674 3418 1152 682 3419 1153 674 3420 1152 681 3421 1151 673 3422 1150 682 3423 1153 675 3424 1154 676 3425 1155 682 3426 1153 674 3427 1152 675 3428 1154 636 3429 707 482 3430 625 676 3431 725 670 3432 726 608 3433 704 417 3434 553 628 3435 706 546 3436 672 608 3437 704 628 3438 706 608 3439 704 483 3440 624 483 3441 624 608 3442 704 681 3443 731 483 3444 624 682 3445 732 676 3446 725 680 3447 778 608 3448 704 670 3449 726 483 3450 624 681 3451 731 682 3452 732 681 3453 731 608 3454 704 680 3455 778 464 3456 724 435 3457 572 669 3458 779 663 3459 780 643 3460 709 640 3461 708 679 3462 781 525 3463 646 678 3464 789 663 3465 780 651 3466 723 643 3467 709 529 3468 647 669 3469 779 436 3470 565 525 3471 646 669 3472 779 529 3473 647 669 3474 779 525 3475 646 679 3476 781 663 3477 780 523 3478 645 651 3479 723 523 3480 645 663 3481 780 677 3482 792 678 3483 789 523 3484 645 677 3485 792 678 3486 789 525 3487 646 523 3488 645 686 3489 906 685 3490 907 684 3491 909 686 3492 906 684 3493 909 683 3494 905 687 3495 910 689 3496 912 688 3497 934 689 3498 912 687 3499 910 690 3500 911 683 3501 905 684 3502 909 687 3503 910 687 3504 910 688 3505 934 683 3506 905 187 3507 308 691 3508 935 188 3509 309 188 3510 309 691 3511 935 692 3512 936 692 3513 936 691 3514 935 685 3515 907 692 3516 936 685 3517 907 686 3518 906 695 3519 914 694 3520 915 696 3521 913 696 3522 913 694 3523 915 693 3524 350 698 3525 919 700 3526 917 699 3527 918 700 3528 917 698 3529 919 697 3530 916 694 3531 915 698 3532 919 693 3533 350 698 3534 919 694 3535 915 697 3536 916 199 3537 296 701 3538 920 200 3539 297 200 3540 297 701 3541 920 702 3542 921 702 3543 921 701 3544 920 695 3545 914 702 3546 921 695 3547 914 696 3548 913 696 3549 913 704 3550 922 703 3551 923 704 3552 922 696 3553 913 693 3554 350 705 3555 925 699 3556 918 706 3557 924 699 3558 918 705 3559 925 698 3560 919 698 3561 919 704 3562 922 693 3563 350 704 3564 922 698 3565 919 705 3566 925 200 3567 297 707 3568 926 206 3569 303 707 3570 926 200 3571 297 702 3572 921 702 3573 921 703 3574 923 707 3575 926 703 3576 923 702 3577 921 696 3578 913 685 3579 907 708 3580 938 684 3581 909 708 3582 938 685 3583 907 709 3584 937 683 3585 905 710 3586 942 686 3587 906 710 3588 942 683 3589 905 711 3590 941 689 3591 912 712 3592 944 688 3593 934 712 3594 944 689 3595 912 713 3596 943 715 3597 945 714 3598 946 690 3599 911 715 3600 945 690 3601 911 687 3602 910 688 3603 934 711 3604 941 683 3605 905 711 3606 941 688 3607 934 712 3608 944 715 3609 945 687 3610 910 708 3611 938 708 3612 938 687 3613 910 684 3614 909 691 3615 935 187 3616 308 229 3617 321 229 3618 321 716 3619 947 691 3620 935 230 3621 322 692 3622 936 717 3623 948 692 3624 936 230 3625 322 188 3626 309 691 3627 935 709 3628 937 685 3629 907 709 3630 937 691 3631 935 716 3632 947 717 3633 948 686 3634 906 710 3635 942 686 3636 906 717 3637 948 692 3638 936 709 3639 937 718 3640 950 708 3641 938 718 3642 950 709 3643 937 719 3644 949 711 3645 941 721 3646 951 710 3647 942 720 3648 952 710 3649 942 721 3650 951 722 3651 955 713 3652 943 723 3653 954 713 3654 943 722 3655 955 712 3656 944 714 3657 946 725 3658 956 724 3659 957 725 3660 956 714 3661 946 715 3662 945 711 3663 941 712 3664 944 721 3665 951 712 3666 944 722 3667 955 721 3668 951 708 3669 938 718 3670 950 715 3671 945 715 3672 945 718 3673 950 725 3674 956 217 3675 845 726 3676 968 229 3677 321 229 3678 321 726 3679 968 716 3680 947 230 3681 322 727 3682 969 218 3683 903 727 3684 969 230 3685 322 717 3686 948 719 3687 949 716 3688 947 726 3689 968 716 3690 947 719 3691 949 709 3692 937 727 3693 969 717 3694 948 720 3695 952 717 3696 948 710 3697 942 720 3698 952 729 3699 927 728 3700 928 695 3701 914 694 3702 915 695 3703 914 728 3704 928 700 3705 917 731 3706 929 730 3707 930 731 3708 929 700 3709 917 697 3710 916 697 3711 916 694 3712 915 728 3713 928 697 3714 916 728 3715 928 731 3716 929 199 3717 296 732 3718 931 701 3719 920 732 3720 931 199 3721 296 243 3722 334 729 3723 927 701 3724 920 732 3725 931 701 3726 920 729 3727 927 695 3728 914 728 3729 928 729 3730 927 733 3731 933 729 3732 927 734 3733 932 733 3734 933 735 3735 959 731 3736 929 736 3737 958 731 3738 929 735 3739 959 730 3740 930 728 3741 928 736 3742 958 731 3743 929 736 3744 958 728 3745 928 733 3746 933 237 3747 340 737 3748 960 243 3749 334 732 3750 931 243 3751 334 737 3752 960 737 3753 960 734 3754 932 732 3755 931 729 3756 927 732 3757 931 734 3758 932 705 3759 884 736 3760 886 704 3761 883 733 3762 352 704 3763 883 736 3764 886 704 3765 883 733 3766 352 703 3767 888 734 3768 887 703 3769 888 733 3770 352 703 3771 888 734 3772 887 707 3773 895 737 3774 892 707 3775 895 734 3776 887 237 3777 273 707 3778 895 737 3779 892 707 3780 895 237 3781 273 206 3782 274 736 3783 886 706 3784 896 735 3785 898 706 3786 896 736 3787 886 705 3788 884 738 3789 962 699 3790 918 700 3791 917 738 3792 962 700 3793 917 739 3794 961 706 3795 924 738 3796 962 740 3797 963 738 3798 962 706 3799 924 699 3800 918 730 3801 930 741 3802 964 739 3803 961 730 3804 930 739 3805 961 700 3806 917 742 3807 965 741 3808 964 735 3809 959 735 3810 959 741 3811 964 730 3812 930 735 3813 898 740 3814 899 742 3815 900 740 3816 899 735 3817 898 706 3818 896 742 3819 900 738 3820 902 739 3821 966 738 3822 902 742 3823 900 740 3824 899 742 3825 900 739 3826 966 741 3827 967 218 3828 260 726 3829 885 217 3830 261 726 3831 885 218 3832 260 727 3833 882 727 3834 882 719 3835 890 726 3836 885 719 3837 890 727 3838 882 720 3839 889 720 3840 889 718 3841 893 719 3842 890 718 3843 893 720 3844 889 721 3845 891 721 3846 891 725 3847 897 718 3848 893 725 3849 897 721 3850 891 722 3851 894 723 3852 901 724 3853 908 722 3854 894 722 3855 894 724 3856 908 725 3857 897 714 3858 953 713 3859 970 690 3860 940 690 3861 940 713 3862 970 689 3863 939 724 3864 908 723 3865 901 714 3866 953 714 3867 953 723 3868 901 713 3869 970 249 3870 370 743 3871 980 4 3872 359 4 3873 359 743 3874 980 530 3875 981 743 3876 980 600 3877 983 530 3878 981 600 3879 983 743 3880 980 744 3881 982 744 3882 982 745 3883 984 600 3884 983 443 3885 985 600 3886 983 745 3887 984 462 3888 1116 442 3889 997 747 3890 1000 462 3891 1116 747 3892 1000 746 3893 1001 748 3894 1119 461 3895 1117 749 3896 1118 439 3897 973 461 3898 1117 748 3899 1119 750 3900 1121 539 3901 977 466 3902 974 750 3903 1121 466 3904 974 751 3905 1120 17 3906 355 539 3907 977 257 3908 393 257 3909 393 539 3910 977 750 3911 1121 751 3912 1120 466 3913 974 439 3914 973 751 3915 1120 439 3916 973 748 3917 1119 754 3918 404 752 3919 774 755 3920 405 752 3921 774 754 3922 404 753 3923 775 468 3924 1101 430 3925 1028 447 3926 586 446 3927 587 447 3928 586 430 3929 1028 575 3930 690 577 3931 691 455 3932 594 454 3933 595 455 3934 594 577 3935 691 431 3936 1027 441 3937 1102 459 3938 598 458 3939 599 459 3940 598 441 3941 1102 462 3942 601 458 3943 599 442 3944 1103 458 3945 599 441 3946 1102 442 3947 1103 474 3948 630 472 3949 618 473 3950 617 472 3951 618 474 3952 630 475 3953 637 567 3954 805 487 3955 640 488 3956 639 487 3957 640 567 3958 805 637 3959 998 756 3960 1105 566 3961 735 565 3962 734 756 3963 1105 565 3964 734 757 3965 1104 753 3966 775 758 3967 986 752 3968 774 758 3969 986 753 3970 775 759 3971 987 258 3972 120 537 3973 687 13 3974 362 13 3975 362 537 3976 687 538 3977 688 567 3978 805 565 3979 734 566 3980 735 565 3981 734 567 3982 805 488 3983 639 538 3984 688 537 3985 687 455 3986 594 538 3987 688 455 3988 594 456 3989 593 452 3990 791 760 3991 1122 521 3992 975 760 3993 1122 452 3994 791 449 3995 790 453 3996 820 626 3997 853 573 3998 826 626 3999 853 453 4000 820 454 4001 990 658 4002 1097 487 4003 640 637 4004 998 487 4005 640 658 4006 1097 634 4007 992 761 4008 1107 497 4009 653 496 4010 648 761 4011 1107 496 4012 648 762 4013 1106 445 4014 584 459 4015 598 460 4016 597 459 4017 598 445 4018 584 446 4019 587 573 4020 826 634 4021 992 658 4022 1097 634 4023 992 573 4024 826 626 4025 853 461 4026 1117 746 4027 1001 749 4028 1118 746 4029 1001 461 4030 1117 462 4031 1116 424 4032 695 249 4033 370 423 4034 6 249 4035 370 424 4036 695 743 4037 980 424 4038 695 744 4039 982 743 4040 980 744 4041 982 424 4042 695 520 4043 976 520 4044 976 616 4045 978 744 4046 982 745 4047 984 744 4048 982 616 4049 978 746 4050 1001 617 4051 979 760 4052 1122 617 4053 979 746 4054 1001 747 4055 1000 746 4056 1001 449 4057 790 749 4058 1118 449 4059 790 746 4060 1001 760 4061 1122 450 4062 972 749 4063 1118 449 4064 790 749 4065 1118 450 4066 972 748 4067 1119 751 4068 1120 450 4069 972 451 4070 971 450 4071 972 751 4072 1120 748 4073 1119 750 4074 1121 451 4075 971 763 4076 1123 451 4077 971 750 4078 1121 751 4079 1120 257 4080 393 750 4081 1121 764 4082 442 764 4083 442 750 4084 1121 763 4085 1123 765 4086 1125 452 4087 791 766 4088 1124 451 4089 971 452 4090 791 765 4091 1125 763 4092 1123 768 4093 1126 767 4094 1127 768 4095 1126 763 4096 1123 451 4097 971 764 4098 442 767 4099 1127 769 4100 588 767 4101 1127 764 4102 442 763 4103 1123 771 4104 590 770 4105 1128 772 4106 591 772 4107 591 770 4108 1128 773 4109 1129 775 4110 607 774 4111 1130 426 4112 16 425 4113 694 426 4114 16 774 4115 1130 774 4116 1130 776 4117 1131 425 4118 694 521 4119 975 425 4120 694 776 4121 1131 452 4122 791 778 4123 1132 777 4124 1133 778 4125 1132 452 4126 791 521 4127 975 770 4128 1128 779 4129 1135 773 4130 1129 773 4131 1129 779 4132 1135 780 4133 1134 779 4134 1135 452 4135 791 780 4136 1134 452 4137 791 779 4138 1135 766 4139 1124 451 4140 971 765 4141 1125 768 4142 1126 521 4143 975 776 4144 1131 778 4145 1132 452 4146 791 777 4147 1133 780 4148 1134 534 4149 683 602 4150 773 603 4151 772 602 4152 773 534 4153 683 531 4154 682 781 4155 989 759 4156 987 782 4157 988 758 4158 986 759 4159 987 781 4160 989 533 4161 396 770 4162 995 771 4163 410 770 4164 995 533 4165 396 534 4166 683 603 4167 772 770 4168 995 534 4169 683 770 4170 995 603 4171 772 779 4172 996 603 4173 772 604 4174 685 779 4175 1018 779 4176 1018 604 4177 685 766 4178 1002 765 4179 1003 766 4180 1002 601 4181 684 601 4182 684 766 4183 1002 604 4184 685 768 4185 1004 765 4186 1003 602 4187 773 602 4188 773 765 4189 1003 601 4190 684 767 4191 1005 768 4192 1019 531 4193 682 531 4194 682 768 4195 1019 602 4196 773 769 4197 417 767 4198 1005 532 4199 395 532 4200 395 767 4201 1005 531 4202 682 772 4203 419 773 4204 1006 754 4205 404 754 4206 404 773 4207 1006 753 4208 775 755 4209 405 774 4210 1007 775 4211 420 774 4212 1007 755 4213 405 752 4214 774 758 4215 986 774 4216 1007 752 4217 774 774 4218 1007 758 4219 986 776 4220 1008 758 4221 986 781 4222 989 776 4223 1014 776 4224 1014 781 4225 989 778 4226 1009 777 4227 1010 781 4228 989 782 4229 988 781 4230 989 777 4231 1010 778 4232 1009 780 4233 1011 777 4234 1010 759 4235 987 759 4236 987 777 4237 1010 782 4238 988 773 4239 1006 780 4240 1015 753 4241 775 753 4242 775 780 4243 1015 759 4244 987 676 4245 725 482 4246 625 483 4247 624 670 4248 726 417 4249 553 418 4250 552 669 4251 779 435 4252 572 436 4253 565 663 4254 780 640 4255 708 476 4256 802 581 4257 712 621 4258 671 625 4259 794 625 4260 794 621 4261 671 624 4262 793 556 4263 714 519 4264 137 560 4265 437 519 4266 137 556 4267 714 518 4268 676 518 4269 676 618 4270 784 517 4271 675 618 4272 784 518 4273 676 557 4274 716 783 4275 797 572 4276 798 622 4277 785 622 4278 785 572 4279 798 624 4280 796 605 4281 721 599 4282 719 432 4283 570 605 4284 721 432 4285 570 433 4286 569 598 4287 718 443 4288 582 444 4289 581 598 4290 718 600 4291 720 443 4292 582 606 4293 722 605 4294 721 433 4295 569 606 4296 722 433 4297 569 469 4298 612 615 4299 777 613 4300 776 510 4301 664 510 4302 664 511 4303 663 615 4304 777 613 4305 776 620 4306 783 470 4307 611 470 4308 611 510 4309 664 613 4310 776 599 4311 719 598 4312 718 444 4313 581 599 4314 719 444 4315 581 432 4316 570 442 4317 997 443 4318 985 747 4319 1000 443 4320 985 745 4321 984 747 4322 1000 747 4323 1000 745 4324 984 617 4325 979 745 4326 984 616 4327 978 617 4328 979 612 4329 770 506 4330 659 507 4331 656 506 4332 659 612 4333 770 610 4334 769 621 4335 786 622 4336 785 624 4337 796 504 4338 839 506 4339 659 784 4340 838 506 4341 659 504 4342 839 505 4343 652 558 4344 715 622 4345 785 557 4346 716 622 4347 785 558 4348 715 783 4349 797 617 4350 979 521 4351 975 760 4352 1122 521 4353 975 616 4354 978 520 4355 976 609 4356 705 563 4357 701 479 4358 622 609 4359 705 479 4360 622 561 4361 700 757 4362 1104 565 4363 734 564 4364 733 757 4365 1104 564 4366 733 570 4367 819 480 4368 736 756 4369 1105 562 4370 1108 756 4371 1105 480 4372 736 566 4373 735 783 4374 797 785 4375 840 571 4376 841 783 4377 797 571 4378 841 572 4379 798 786 4380 544 611 4381 771 324 4382 436 324 4383 436 611 4384 771 559 4385 717 561 4386 700 499 4387 803 490 4388 633 499 4389 803 561 4390 700 562 4391 679 568 4392 196 569 4393 702 787 4394 491 787 4395 491 569 4396 702 788 4397 808 570 4398 819 571 4399 807 494 4400 650 494 4401 650 571 4402 807 508 4403 1109 788 4404 808 569 4405 702 609 4406 705 788 4407 808 609 4408 705 491 4409 628 556 4410 714 559 4411 717 789 4412 844 556 4413 714 789 4414 844 558 4415 715 498 4416 727 756 4417 1105 757 4418 1104 498 4419 727 757 4420 1104 495 4421 649 558 4422 715 789 4423 844 785 4424 840 558 4425 715 785 4426 840 783 4427 797 790 4428 824 501 4429 636 502 4430 635 790 4431 824 502 4432 635 791 4433 809 792 4434 1111 503 4435 730 793 4436 1110 503 4437 730 504 4438 729 793 4439 1110 794 4440 546 652 4441 795 515 4442 133 515 4443 133 652 4444 795 514 4445 674 544 4446 168 795 4447 830 365 4448 495 795 4449 830 544 4450 168 545 4451 670 795 4452 830 545 4453 670 607 4454 703 795 4455 830 607 4456 703 796 4457 831 489 4458 626 607 4459 703 492 4460 627 607 4461 703 489 4462 626 501 4463 636 762 4464 1106 493 4465 642 503 4466 730 493 4467 642 762 4468 1106 496 4469 648 500 4470 654 761 4471 1107 502 4472 1112 761 4473 1107 500 4474 654 497 4475 653 797 4476 1020 506 4477 659 610 4478 769 506 4479 659 797 4480 1020 784 4481 838 514 4482 674 610 4483 769 513 4484 665 610 4485 769 514 4486 674 797 4487 1020 798 4488 1114 761 4489 1107 762 4490 1106 798 4491 1114 762 4492 1106 799 4493 1113 793 4494 1021 784 4495 838 649 4496 787 784 4497 838 793 4498 1021 504 4499 839 796 4500 831 790 4501 824 642 4502 710 642 4503 710 790 4504 824 641 4505 711 799 4506 1113 792 4507 1111 645 4508 999 645 4509 999 792 4510 1111 644 4511 1022 791 4512 1115 646 4513 1024 647 4514 1023 646 4515 1024 791 4516 1115 798 4517 1114 640 4518 708 641 4519 711 647 4520 832 640 4521 708 647 4522 832 476 4523 802 644 4524 1022 512 4525 1025 471 4526 629 800 4527 507 651 4528 723 130 4529 457 651 4530 723 800 4531 507 801 4532 833 651 4533 723 801 4534 833 642 4535 710 651 4536 723 642 4537 710 643 4538 709 475 4539 637 646 4540 1024 645 4541 999 475 4542 637 645 4543 999 472 4544 618 797 4545 1020 648 4546 788 649 4547 787 797 4548 1020 649 4549 787 784 4550 838 514 4551 674 652 4552 795 648 4553 788 514 4554 674 648 4555 788 797 4556 1020 641 4557 711 790 4558 824 791 4559 809 641 4560 711 791 4561 809 647 4562 832 512 4563 1025 644 4564 1022 792 4565 1111 792 4566 1111 793 4567 1110 512 4568 1025 650 4569 484 614 4570 782 794 4571 546 794 4572 546 614 4573 782 652 4574 795 365 4575 495 795 4576 830 800 4577 507 800 4578 507 795 4579 830 801 4580 833 801 4581 833 795 4582 830 796 4583 831 801 4584 833 796 4585 831 642 4586 710 646 4587 1024 798 4588 1114 799 4589 1113 646 4590 1024 799 4591 1113 645 4592 999 649 4593 787 511 4594 663 512 4595 661 649 4596 787 512 4597 661 793 4598 1021 796 4599 831 607 4600 703 501 4601 636 796 4602 831 501 4603 636 790 4604 824 799 4605 1113 762 4606 1106 503 4607 730 799 4608 1113 503 4609 730 792 4610 1111 502 4611 1112 798 4612 1114 791 4613 1115 798 4614 1114 502 4615 1112 761 4616 1107 619 4617 662 621 4618 671 582 4619 713 621 4620 671 619 4621 662 618 4622 609 609 4623 705 490 4624 633 491 4625 628 490 4626 633 609 4627 705 561 4628 700 757 4629 1104 570 4630 819 495 4631 649 495 4632 649 570 4633 819 494 4634 650 562 4635 1108 498 4636 727 499 4637 657 498 4638 727 562 4639 1108 756 4640 1105 785 4641 840 507 4642 656 508 4643 655 785 4644 840 508 4645 655 571 4646 841 559 4647 717 611 4648 771 612 4649 770 559 4650 717 612 4651 770 789 4652 844 789 4653 844 612 4654 770 507 4655 656 789 4656 844 507 4657 656 785 4658 840 513 4659 665 786 4660 544 516 4661 134 786 4662 544 513 4663 665 611 4664 771 490 4665 633 500 4666 634 489 4667 626 500 4668 634 490 4669 633 499 4670 803 787 4671 491 788 4672 808 543 4673 167 543 4674 167 788 4675 808 542 4676 669 494 4677 650 508 4678 1109 493 4679 642 493 4680 642 508 4681 1109 505 4682 728 788 4683 808 491 4684 628 542 4685 669 542 4686 669 491 4687 628 492 4688 627 498 4689 727 495 4690 649 497 4691 653 497 4692 653 495 4693 649 496 4694 648 474 4695 630 447 4696 586 448 4697 585 447 4698 586 474 4699 630 473 4700 617 469 4701 612 433 4702 569 430 4703 568 469 4704 612 430 4705 568 468 4706 651 555 4707 429 409 4708 199 541 4709 697 555 4710 429 541 4711 697 554 4712 698 554 4713 698 541 4714 697 606 4715 722 554 4716 698 606 4717 722 620 4718 783 473 4719 617 468 4720 1101 447 4721 586 468 4722 1101 473 4723 617 467 4724 616 620 4725 783 606 4726 722 469 4727 612 620 4728 783 469 4729 612 470 4730 611 656 4731 1057 448 4732 585 445 4733 584 804 4734 1158 802 4735 1156 803 4736 1157 802 4737 1156 804 4738 1158 805 4739 1159 806 4740 1160 807 4741 1161 804 4742 1158 805 4743 1159 804 4744 1158 807 4745 1161 807 4746 1161 806 4747 1160 808 4748 1162 807 4749 1161 808 4750 1162 809 4751 1163 803 4752 1157 802 4753 1156 810 4754 1164 803 4755 1157 810 4756 1164 811 4757 1165 803 4758 1157 812 4759 1166 804 4760 1158 812 4761 1166 803 4762 1157 811 4763 1165 808 4764 1162 814 4765 1168 809 4766 1163 814 4767 1168 808 4768 1162 813 4769 1167 809 4770 1163 815 4771 1169 807 4772 1161 815 4773 1169 809 4774 1163 814 4775 1168 804 4776 1158 816 4777 1170 806 4778 1160 816 4779 1170 804 4780 1158 812 4781 1166 806 4782 1160 816 4783 1170 808 4784 1162 808 4785 1162 816 4786 1170 813 4787 1167 805 4788 1159 807 4789 1161 815 4790 1169 805 4791 1159 815 4792 1169 817 4793 1171 805 4794 1159 817 4795 1171 802 4796 1156 802 4797 1156 817 4798 1171 810 4799 1164 819 4800 1173 820 4801 1174 818 4802 1172 821 4803 1175 818 4804 1172 820 4805 1174 818 4806 1172 823 4807 1177 819 4808 1173 823 4809 1177 818 4810 1172 822 4811 1176 825 4812 1179 821 4813 1175 824 4814 1178 821 4815 1175 820 4816 1174 824 4817 1178 819 4818 1173 827 4819 1181 820 4820 1174 827 4821 1181 819 4822 1173 826 4823 1180 828 4824 1182 818 4825 1172 821 4826 1175 818 4827 1172 828 4828 1182 829 4829 1183 829 4830 1183 830 4831 1184 822 4832 1176 822 4833 1176 818 4834 1172 829 4835 1183 826 4836 1180 823 4837 1177 831 4838 1185 823 4839 1177 826 4840 1180 819 4841 1173 827 4842 1181 832 4843 1186 824 4844 1178 824 4845 1178 820 4846 1174 827 4847 1181 828 4848 1182 825 4849 1179 833 4850 1187 825 4851 1179 828 4852 1182 821 4853 1175 823 4854 1177 822 4855 1176 831 4856 1185 831 4857 1185 822 4858 1176 830 4859 1184 829 4860 1183 831 4861 1185 830 4862 1184 831 4863 1185 829 4864 1183 826 4865 1180 827 4866 1181 829 4867 1183 828 4868 1182 829 4869 1183 827 4870 1181 826 4871 1180 833 4872 1187 832 4873 1186 828 4874 1182 827 4875 1181 828 4876 1182 832 4877 1186 832 4878 1186 825 4879 1179 824 4880 1178 825 4881 1179 832 4882 1186 833 4883 1187 836 4884 1190 837 4885 1191 835 4886 1189 835 4887 1189 837 4888 1191 834 4889 1188 838 4890 1192 837 4891 1191 836 4892 1190 837 4893 1191 838 4894 1192 839 4895 1193 840 4896 1194 841 4897 1195 839 4898 1193 840 4899 1194 839 4900 1193 838 4901 1192 842 4902 1196 843 4903 1197 835 4904 1189 842 4905 1196 835 4906 1189 834 4907 1188 844 4908 1198 835 4909 1189 843 4910 1197 835 4911 1189 844 4912 1198 836 4913 1190 845 4914 1199 846 4915 1200 841 4916 1195 845 4917 1199 841 4918 1195 840 4919 1194 847 4920 1201 841 4921 1195 846 4922 1200 841 4923 1195 847 4924 1201 839 4925 1193 848 4926 1202 836 4927 1190 844 4928 1198 836 4929 1190 848 4930 1202 838 4931 1192 845 4932 1199 840 4933 1194 848 4934 1202 848 4935 1202 840 4936 1194 838 4937 1192 847 4938 1201 849 4939 1203 837 4940 1191 847 4941 1201 837 4942 1191 839 4943 1193 842 4944 1196 834 4945 1188 849 4946 1203 849 4947 1203 834 4948 1188 837 4949 1191 852 4950 1206 850 4951 1204 851 4952 1205 850 4953 1204 852 4954 1206 853 4955 1207 855 4956 1209 850 4957 1204 854 4958 1208 850 4959 1204 855 4960 1209 851 4961 1205 856 4962 1210 853 4963 1207 852 4964 1206 856 4965 1210 857 4966 1211 853 4967 1207 851 4968 1205 859 4969 1213 852 4970 1206 859 4971 1213 851 4972 1205 858 4973 1212 850 4974 1204 853 4975 1207 860 4976 1214 850 4977 1204 860 4978 1214 861 4979 1215 850 4980 1204 861 4981 1215 854 4982 1208 854 4983 1208 861 4984 1215 862 4985 1216 855 4986 1209 858 4987 1212 851 4988 1205 858 4989 1212 855 4990 1209 863 4991 1217 852 4992 1206 859 4993 1213 856 4994 1210 856 4995 1210 859 4996 1213 864 4997 1218 857 4998 1211 860 4999 1214 853 5000 1207 860 5001 1214 857 5002 1211 865 5003 1219 862 5004 1216 855 5005 1209 854 5006 1208 855 5007 1209 862 5008 1216 863 5009 1217 863 5010 1217 861 5011 1215 858 5012 1212 861 5013 1215 863 5014 1217 862 5015 1216 859 5016 1213 861 5017 1215 860 5018 1214 861 5019 1215 859 5020 1213 858 5021 1212 864 5022 1218 860 5023 1214 865 5024 1219 864 5025 1218 859 5026 1213 860 5027 1214 865 5028 1219 856 5029 1210 864 5030 1218 856 5031 1210 865 5032 1219 857 5033 1211 868 5034 1222 869 5035 1223 867 5036 1221 867 5037 1221 869 5038 1223 866 5039 1220 871 5040 1225 868 5041 1222 870 5042 1224 868 5043 1222 871 5044 1225 869 5045 1223 871 5046 1225 872 5047 1226 873 5048 1227 872 5049 1226 871 5050 1225 870 5051 1224 874 5052 1228 875 5053 1229 867 5054 1221 874 5055 1228 867 5056 1221 866 5057 1220 876 5058 1230 867 5059 1221 875 5060 1229 867 5061 1221 876 5062 1230 868 5063 1222 877 5064 1231 878 5065 1232 873 5066 1227 877 5067 1231 873 5068 1227 872 5069 1226 879 5070 1233 873 5071 1227 878 5072 1232 873 5073 1227 879 5074 1233 871 5075 1225 880 5076 1234 868 5077 1222 876 5078 1230 868 5079 1222 880 5080 1234 870 5081 1224 877 5082 1231 872 5083 1226 880 5084 1234 880 5085 1234 872 5086 1226 870 5087 1224 879 5088 1233 881 5089 1235 869 5090 1223 879 5091 1233 869 5092 1223 871 5093 1225 874 5094 1228 866 5095 1220 881 5096 1235 881 5097 1235 866 5098 1220 869 5099 1223 884 5100 1238 882 5101 1236 883 5102 1237 882 5103 1236 884 5104 1238 885 5105 1239 887 5106 1241 882 5107 1236 886 5108 1240 882 5109 1236 887 5110 1241 883 5111 1237 888 5112 1242 885 5113 1239 884 5114 1238 888 5115 1242 889 5116 1243 885 5117 1239 883 5118 1237 891 5119 1245 884 5120 1238 891 5121 1245 883 5122 1237 890 5123 1244 882 5124 1236 885 5125 1239 892 5126 1246 882 5127 1236 892 5128 1246 893 5129 1247 882 5130 1236 893 5131 1247 886 5132 1240 886 5133 1240 893 5134 1247 894 5135 1248 887 5136 1241 890 5137 1244 883 5138 1237 890 5139 1244 887 5140 1241 895 5141 1249 884 5142 1238 891 5143 1245 888 5144 1242 888 5145 1242 891 5146 1245 896 5147 1250 889 5148 1243 892 5149 1246 885 5150 1239 892 5151 1246 889 5152 1243 897 5153 1251 894 5154 1248 887 5155 1241 886 5156 1240 887 5157 1241 894 5158 1248 895 5159 1249 895 5160 1249 893 5161 1247 890 5162 1244 893 5163 1247 895 5164 1249 894 5165 1248 891 5166 1245 893 5167 1247 892 5168 1246 893 5169 1247 891 5170 1245 890 5171 1244 896 5172 1250 892 5173 1246 897 5174 1251 896 5175 1250 891 5176 1245 892 5177 1246 897 5178 1251 888 5179 1242 896 5180 1250 888 5181 1242 897 5182 1251 889 5183 1243 917 5184 1255 914 5185 1253 916 5186 1254 914 5187 1253 917 5188 1255 915 5189 1252 916 5190 1254 913 5191 1256 918 5192 1257 913 5193 1256 916 5194 1254 914 5195 1253 918 5196 1257 912 5197 1258 919 5198 1259 912 5199 1258 918 5200 1257 913 5201 1256 919 5202 1259 911 5203 1260 920 5204 1261 911 5205 1260 919 5206 1259 912 5207 1258 920 5208 1261 910 5209 1262 921 5210 1263 910 5211 1262 920 5212 1261 911 5213 1260 921 5214 1263 909 5215 1264 922 5216 1265 909 5217 1264 921 5218 1263 910 5219 1262 922 5220 1265 908 5221 1266 923 5222 1267 908 5223 1266 922 5224 1265 909 5225 1264 907 5226 1268 924 5227 1269 908 5228 1266 923 5229 1267 908 5230 1266 924 5231 1269 906 5232 1270 925 5233 1271 907 5234 1357 924 5235 1358 907 5236 1357 925 5237 1271 905 5238 1272 926 5239 1273 906 5240 1270 925 5241 1271 906 5242 1270 926 5243 1273 904 5244 1274 927 5245 1275 905 5246 1272 926 5247 1273 905 5248 1272 927 5249 1275 903 5250 1276 928 5251 1277 904 5252 1274 927 5253 1275 904 5254 1274 928 5255 1277 902 5256 1278 929 5257 1279 903 5258 1276 928 5259 1277 903 5260 1276 929 5261 1279 901 5262 1280 930 5263 1281 902 5264 1278 929 5265 1279 902 5266 1278 930 5267 1281 900 5268 1282 931 5269 1283 901 5270 1280 930 5271 1281 901 5272 1280 931 5273 1283 899 5274 1284 932 5275 1285 900 5276 1282 931 5277 1283 900 5278 1282 932 5279 1285 932 5280 1285 898 5281 1286 933 5282 1287 898 5283 1286 932 5284 1285 899 5285 1284 933 5286 1287 915 5287 1252 917 5288 1255 915 5289 1252 933 5290 1287 898 5291 1286 987 5292 1290 950 5293 1288 979 5294 1289 950 5295 1288 987 5296 1290 946 5297 1291 959 5298 1295 989 5299 1298 942 5300 1299 989 5301 1298 959 5302 1295 985 5303 1297 951 5304 1300 982 5305 1301 938 5306 1303 982 5307 1301 947 5308 1302 938 5309 1303 953 5310 1304 943 5311 1306 939 5312 1307 943 5313 1306 953 5314 1304 976 5315 1305 937 5316 1308 956 5317 1309 965 5318 1310 937 5319 1308 965 5320 1310 941 5321 1311 969 5322 1314 955 5323 1312 977 5324 1313 955 5325 1312 969 5326 1314 940 5327 1315 978 5328 1292 954 5329 1293 988 5330 1294 991 5331 1319 966 5332 1317 964 5333 1318 966 5334 1317 991 5335 1319 972 5336 1316 957 5337 1321 967 5338 1322 971 5339 1324 957 5340 1321 971 5341 1324 975 5342 1320 970 5343 1328 945 5344 1325 934 5345 1326 970 5346 1328 934 5347 1326 960 5348 1327 980 5349 1352 986 5350 1296 944 5351 1323 980 5352 1352 944 5353 1323 952 5354 1329 984 5355 1330 973 5356 1332 990 5357 1333 973 5358 1332 984 5359 1330 961 5360 1331 962 5361 1336 983 5362 1337 935 5363 1335 981 5364 1334 935 5365 1335 983 5366 1337 948 5367 1356 958 5368 1354 974 5369 1355 958 5370 1354 948 5371 1356 936 5372 1353 963 5373 1338 968 5374 1339 949 5375 1340 934 5376 1326 950 5377 1341 951 5378 1300 935 5379 1335 952 5380 1342 953 5381 1304 954 5382 1344 955 5383 1312 936 5384 1343 936 5385 1343 955 5386 1312 956 5387 1309 937 5388 1308 957 5389 1321 958 5390 1345 938 5391 1303 959 5392 1295 960 5393 1327 939 5394 1307 961 5395 1331 962 5396 1336 963 5397 1338 965 5398 1310 940 5399 1315 965 5400 1310 963 5401 1338 964 5402 1318 941 5403 1311 966 5404 1317 967 5405 1322 968 5406 1339 969 5407 1314 942 5408 1299 942 5409 1299 969 5410 1314 970 5411 1328 972 5412 1316 973 5413 1332 943 5414 1306 972 5415 1316 943 5416 1306 971 5417 1324 976 5418 1305 974 5419 1347 975 5420 1320 974 5421 1347 976 5422 1305 944 5423 1346 977 5424 1313 979 5425 1349 945 5426 1325 979 5427 1349 977 5428 1313 978 5429 1348 980 5430 1351 982 5431 1301 946 5432 1350 982 5433 1301 980 5434 1351 981 5435 1334 983 5436 1337 985 5437 1297 947 5438 1302 985 5439 1297 983 5440 1337 984 5441 1330 987 5442 1290 988 5443 1294 948 5444 1356 987 5445 1290 948 5446 1356 986 5447 1296 989 5448 1298 990 5449 1333 949 5450 1340 949 5451 1340 990 5452 1333 991 5453 1319 979 5454 1349 934 5455 1326 945 5456 1325 934 5457 1326 979 5458 1349 950 5459 1341 956 5460 1309 958 5461 1345 936 5462 1343 958 5463 1345 956 5464 1309 937 5465 1308 957 5466 1321 974 5467 1347 958 5468 1345 974 5469 1347 957 5470 1321 975 5471 1320 935 5472 1335 981 5473 1334 952 5474 1342 980 5475 1351 952 5476 1342 981 5477 1334 938 5478 1303 947 5479 1302 959 5480 1295 959 5481 1295 947 5482 1302 985 5483 1297 939 5484 1307 943 5485 1306 961 5486 1331 973 5487 1332 961 5488 1331 943 5489 1306 964 5490 1318 941 5491 1311 965 5492 1310 941 5493 1311 964 5494 1318 966 5495 1317 968 5496 1339 940 5497 1315 969 5498 1314 940 5499 1315 968 5500 1339 963 5501 1338 953 5502 1304 962 5503 1336 935 5504 1335 962 5505 1336 953 5506 1304 939 5507 1307 951 5508 1300 960 5509 1327 934 5510 1326 960 5511 1327 951 5512 1300 938 5513 1303 941 5514 1311 957 5515 1321 937 5516 1308 957 5517 1321 941 5518 1311 967 5519 1322 955 5520 1312 940 5521 1315 956 5522 1309 956 5523 1309 940 5524 1315 965 5525 1310 970 5526 1328 960 5527 1327 942 5528 1299 942 5529 1299 960 5530 1327 959 5531 1295 971 5532 1324 967 5533 1322 972 5534 1316 966 5535 1317 972 5536 1316 967 5537 1322 952 5538 1342 976 5539 1305 953 5540 1304 976 5541 1305 952 5542 1342 944 5543 1346 977 5544 1313 955 5545 1312 978 5546 1348 978 5547 1348 955 5548 1312 954 5549 1344 978 5550 1292 987 5551 1290 979 5552 1289 987 5553 1290 978 5554 1292 988 5555 1294 990 5556 1333 973 5557 1332 991 5558 1319 991 5559 1319 973 5560 1332 972 5561 1316 975 5562 1320 943 5563 1306 976 5564 1305 943 5565 1306 975 5566 1320 971 5567 1324 945 5568 1325 970 5569 1328 977 5570 1313 969 5571 1314 977 5572 1313 970 5573 1328 982 5574 1301 951 5575 1300 946 5576 1350 950 5577 1341 946 5578 1350 951 5579 1300 962 5580 1336 984 5581 1330 983 5582 1337 984 5583 1330 962 5584 1336 961 5585 1331 948 5586 1356 944 5587 1323 986 5588 1296 944 5589 1323 948 5590 1356 974 5591 1355 942 5592 1299 989 5593 1298 968 5594 1339 968 5595 1339 989 5596 1298 949 5597 1340 986 5598 1296 946 5599 1291 987 5600 1290 946 5601 1291 986 5602 1296 980 5603 1352 984 5604 1330 990 5605 1333 985 5606 1297 989 5607 1298 985 5608 1297 990 5609 1333 981 5610 1334 947 5611 1302 982 5612 1301 947 5613 1302 981 5614 1334 983 5615 1337 988 5616 1294 954 5617 1293 948 5618 1356 954 5619 1293 936 5620 1353 948 5621 1356 991 5622 1319 963 5623 1338 949 5624 1340 963 5625 1338 991 5626 1319 964 5627 1318 993 5628 1360 995 5629 1362 994 5630 1361 995 5631 1362 993 5632 1360 992 5633 1359 996 5634 1363 994 5635 1361 997 5636 1364 994 5637 1361 996 5638 1363 993 5639 1360 998 5640 1365 997 5641 1364 999 5642 1366 997 5643 1364 998 5644 1365 996 5645 1363 1000 5646 1367 999 5647 1366 1001 5648 1368 999 5649 1366 1000 5650 1367 998 5651 1365 1002 5652 1369 1001 5653 1368 1003 5654 1370 1001 5655 1368 1002 5656 1369 1000 5657 1367 1004 5658 1371 1003 5659 1370 1005 5660 1372 1003 5661 1370 1004 5662 1371 1002 5663 1369 1006 5664 1373 1005 5665 1372 1007 5666 1374 1005 5667 1372 1006 5668 1373 1004 5669 1371 1009 5670 1376 1008 5671 1375 1006 5672 1373 1006 5673 1373 1007 5674 1374 1009 5675 1376 1011 5676 1379 1010 5677 1378 1008 5678 1377 1008 5679 1377 1009 5680 1380 1011 5681 1379 1013 5682 1382 1012 5683 1381 1010 5684 1378 1010 5685 1378 1011 5686 1379 1013 5687 1382 1015 5688 1384 1014 5689 1383 1012 5690 1381 1012 5691 1381 1013 5692 1382 1015 5693 1384 1017 5694 1386 1016 5695 1385 1014 5696 1383 1014 5697 1383 1015 5698 1384 1017 5699 1386 1019 5700 1388 1018 5701 1387 1016 5702 1385 1016 5703 1385 1017 5704 1386 1019 5705 1388 1021 5706 1390 1020 5707 1389 1018 5708 1387 1018 5709 1387 1019 5710 1388 1021 5711 1390 1023 5712 1392 1022 5713 1391 1020 5714 1389 1020 5715 1389 1021 5716 1390 1023 5717 1392 1025 5718 1394 1024 5719 1393 1022 5720 1391 1022 5721 1391 1023 5722 1392 1025 5723 1394 1026 5724 1395 1025 5725 1394 1027 5726 1396 1025 5727 1394 1026 5728 1395 1024 5729 1393 992 5730 1359 1027 5731 1396 995 5732 1362 1027 5733 1396 992 5734 1359 1026 5735 1395 1030 5736 1399 1028 5737 1397 1031 5738 1400 1028 5739 1397 1030 5740 1399 1029 5741 1398 1034 5742 1403 1032 5743 1401 1035 5744 1404 1032 5745 1401 1034 5746 1403 1033 5747 1402 1038 5748 1407 1037 5749 1406 1039 5750 1408 1039 5751 1408 1037 5752 1406 1036 5753 1405 1042 5754 1411 1040 5755 1409 1043 5756 1412 1040 5757 1409 1042 5758 1411 1041 5759 1410 1047 5760 1416 1046 5761 1415 1044 5762 1413 1044 5763 1413 1046 5764 1415 1045 5765 1414 1050 5766 1419 1048 5767 1417 1051 5768 1420 1048 5769 1417 1050 5770 1419 1049 5771 1418 1052 5772 1421 1054 5773 1423 1053 5774 1422 1058 5775 1427 1056 5776 1425 1055 5777 1424 1056 5778 1425 1058 5779 1427 1057 5780 1426 1061 5781 1430 1060 5782 1429 1062 5783 1431 1059 5784 1428 1062 5785 1431 1060 5786 1429 1064 5787 1433 1066 5788 1435 1065 5789 1434 1066 5790 1435 1064 5791 1433 1063 5792 1432 1068 5793 1437 1070 5794 1439 1069 5795 1438 1070 5796 1439 1068 5797 1437 1067 5798 1436 1073 5799 1442 1071 5800 1440 1074 5801 1443 1071 5802 1440 1073 5803 1442 1072 5804 1441 1076 5805 1445 1078 5806 1447 1077 5807 1446 1078 5808 1447 1076 5809 1445 1075 5810 1444 1082 5811 1451 1080 5812 1449 1079 5813 1448 1080 5814 1449 1082 5815 1451 1081 5816 1450 1083 5817 1452 1085 5818 1454 1084 5819 1453 1064 5820 1433 1036 5821 1405 1028 5822 1455 1076 5823 1445 1040 5824 1409 1069 5825 1456 1045 5826 1414 1048 5827 1417 1079 5828 1457 1079 5829 1457 1048 5830 1417 1053 5831 1458 1044 5832 1413 1080 5833 1459 1060 5834 1429 1039 5835 1408 1065 5836 1434 1032 5837 1401 1043 5838 1412 1077 5839 1446 1072 5840 1441 1083 5841 1452 1046 5842 1415 1057 5843 1426 1046 5844 1415 1083 5845 1452 1051 5846 1420 1047 5847 1416 1061 5848 1430 1056 5849 1425 1066 5850 1435 1050 5851 1419 1035 5852 1404 1035 5853 1404 1050 5854 1419 1084 5855 1453 1062 5856 1431 1042 5857 1411 1055 5858 1424 1042 5859 1411 1073 5860 1442 1055 5861 1424 1081 5862 1461 1041 5863 1410 1059 5864 1428 1041 5865 1410 1081 5866 1461 1068 5867 1460 1029 5868 1463 1049 5869 1418 1063 5870 1432 1049 5871 1418 1029 5872 1463 1052 5873 1462 1070 5874 1465 1037 5875 1406 1075 5876 1444 1037 5877 1406 1070 5878 1465 1031 5879 1464 1078 5880 1447 1033 5881 1402 1071 5882 1440 1033 5883 1402 1078 5884 1447 1038 5885 1407 1067 5886 1436 1082 5887 1451 1030 5888 1399 1082 5889 1451 1054 5890 1423 1030 5891 1399 1074 5892 1443 1085 5893 1454 1058 5894 1427 1085 5895 1454 1074 5896 1443 1034 5897 1403 1029 5898 1463 1064 5899 1433 1028 5900 1455 1064 5901 1433 1029 5902 1463 1063 5903 1432 1045 5904 1414 1080 5905 1459 1044 5906 1413 1080 5907 1459 1045 5908 1414 1079 5909 1457 1081 5910 1461 1060 5911 1429 1080 5912 1459 1060 5913 1429 1081 5914 1461 1059 5915 1428 1075 5916 1444 1076 5917 1445 1069 5918 1456 1069 5919 1456 1070 5920 1465 1075 5921 1444 1032 5922 1401 1033 5923 1402 1038 5924 1407 1032 5925 1401 1038 5926 1407 1039 5927 1408 1042 5928 1411 1043 5929 1412 1072 5930 1441 1042 5931 1411 1072 5932 1441 1073 5933 1442 1057 5934 1426 1047 5935 1416 1056 5936 1425 1047 5937 1416 1057 5938 1426 1046 5939 1415 1051 5940 1420 1084 5941 1453 1050 5942 1419 1084 5943 1453 1051 5944 1420 1083 5945 1452 1040 5946 1409 1077 5947 1446 1043 5948 1412 1077 5949 1446 1040 5950 1409 1076 5951 1445 1036 5952 1405 1065 5953 1434 1039 5954 1408 1065 5955 1434 1036 5956 1405 1064 5957 1433 1060 5958 1429 1061 5959 1430 1047 5960 1416 1060 5961 1429 1047 5962 1416 1044 5963 1413 1045 5964 1414 1046 5965 1415 1051 5966 1420 1045 5967 1414 1051 5968 1420 1048 5969 1417 1065 5970 1434 1035 5971 1404 1032 5972 1401 1035 5973 1404 1065 5974 1434 1066 5975 1435 1061 5976 1430 1055 5977 1424 1056 5978 1425 1061 5979 1430 1062 5980 1431 1055 5981 1424 1041 5982 1410 1069 5983 1456 1040 5984 1409 1069 5985 1456 1041 5986 1410 1068 5987 1460 1048 5988 1417 1049 5989 1418 1052 5990 1462 1048 5991 1417 1052 5992 1462 1053 5993 1458 1030 5994 1399 1052 5995 1421 1029 5996 1398 1052 5997 1421 1030 5998 1399 1054 5999 1423 1055 6000 1424 1074 6001 1443 1058 6002 1427 1074 6003 1443 1055 6004 1424 1073 6005 1442 1059 6006 1428 1042 6007 1411 1062 6008 1431 1042 6009 1411 1059 6010 1428 1041 6011 1410 1066 6012 1435 1063 6013 1432 1049 6014 1418 1049 6015 1418 1050 6016 1419 1066 6017 1435 1036 6018 1405 1037 6019 1406 1031 6020 1464 1031 6021 1464 1028 6022 1455 1036 6023 1405 1077 6024 1446 1071 6025 1440 1072 6026 1441 1071 6027 1440 1077 6028 1446 1078 6029 1447 1081 6030 1450 1067 6031 1436 1068 6032 1437 1067 6033 1436 1081 6034 1450 1082 6035 1451 1084 6036 1453 1085 6037 1454 1034 6038 1403 1034 6039 1403 1035 6040 1404 1084 6041 1453 1067 6042 1436 1031 6043 1400 1070 6044 1439 1031 6045 1400 1067 6046 1436 1030 6047 1399 1074 6048 1443 1071 6049 1440 1033 6050 1402 1074 6051 1443 1033 6052 1402 1034 6053 1403 1075 6054 1444 1038 6055 1407 1078 6056 1447 1038 6057 1407 1075 6058 1444 1037 6059 1406 1082 6060 1451 1079 6061 1448 1053 6062 1422 1082 6063 1451 1053 6064 1422 1054 6065 1423 1058 6066 1427 1083 6067 1452 1057 6068 1426 1083 6069 1452 1058 6070 1427 1085 6071 1454 1088 6072 1468 1089 6073 1469 1087 6074 1467 1087 6075 1467 1089 6076 1469 1086 6077 1466 1089 6078 1469 1088 6079 1468 1091 6080 1471 1091 6081 1471 1088 6082 1468 1090 6083 1470 1091 6084 1471 1092 6085 1472 1093 6086 1473 1091 6087 1471 1090 6088 1470 1092 6089 1472 1094 6090 1474 1087 6091 1467 1086 6092 1466 1087 6093 1467 1094 6094 1474 1095 6095 1475 1096 6096 1476 1087 6097 1467 1095 6098 1475 1087 6099 1467 1096 6100 1476 1088 6101 1468 1097 6102 1477 1098 6103 1478 1093 6104 1473 1093 6105 1473 1092 6106 1472 1097 6107 1477 1093 6108 1473 1099 6109 1479 1091 6110 1471 1099 6111 1479 1093 6112 1473 1098 6113 1478 1100 6114 1480 1088 6115 1468 1096 6116 1476 1088 6117 1468 1100 6118 1480 1090 6119 1470 1090 6120 1470 1100 6121 1480 1092 6122 1472 1097 6123 1477 1092 6124 1472 1100 6125 1480 1099 6126 1479 1101 6127 1481 1089 6128 1469 1089 6129 1469 1091 6130 1471 1099 6131 1479 1101 6132 1481 1086 6133 1466 1089 6134 1469 1086 6135 1466 1101 6136 1481 1094 6137 1474 1105 6138 1485 1102 6139 1482 1104 6140 1484 1104 6141 1484 1102 6142 1482 1103 6143 1483 1102 6144 1482 1107 6145 1487 1103 6146 1483 1107 6147 1487 1102 6148 1482 1106 6149 1486 1108 6150 1488 1109 6151 1489 1105 6152 1485 1105 6153 1485 1104 6154 1484 1108 6155 1488 1110 6156 1490 1111 6157 1491 1104 6158 1484 1104 6159 1484 1103 6160 1483 1110 6161 1490 1112 6162 1492 1102 6163 1482 1105 6164 1485 1102 6165 1482 1112 6166 1492 1113 6167 1493 1106 6168 1486 1102 6169 1482 1113 6170 1493 1106 6171 1486 1113 6172 1493 1114 6173 1494 1107 6174 1487 1110 6175 1490 1103 6176 1483 1110 6177 1490 1107 6178 1487 1115 6179 1495 1111 6180 1491 1108 6181 1488 1104 6182 1484 1108 6183 1488 1111 6184 1491 1116 6185 1496 1112 6186 1492 1109 6187 1489 1117 6188 1497 1109 6189 1489 1112 6190 1492 1105 6191 1485 1115 6192 1495 1106 6193 1486 1114 6194 1494 1106 6195 1486 1115 6196 1495 1107 6197 1487 1113 6198 1493 1115 6199 1495 1114 6200 1494 1115 6201 1495 1113 6202 1493 1110 6203 1490 1111 6204 1491 1113 6205 1493 1112 6206 1492 1113 6207 1493 1111 6208 1491 1110 6209 1490 1111 6210 1491 1112 6211 1492 1116 6212 1496 1112 6213 1492 1117 6214 1497 1116 6215 1496 1109 6216 1489 1108 6217 1488 1116 6218 1496 1109 6219 1489 1116 6220 1496 1117 6221 1497 1118 6222 1498 1130 6223 1499 1127 6224 1501 1130 6225 1499 1129 6226 1500 1127 6227 1501 1134 6228 1503 1133 6229 1504 1122 6230 1502 1122 6231 1502 1133 6232 1504 1128 6233 1505 1118 6234 1498 1134 6235 1503 1141 6236 1507 1141 6237 1507 1134 6238 1503 1140 6239 1506 1119 6240 1508 1142 6241 1509 1143 6242 1510 1142 6243 1509 1119 6244 1508 1130 6245 1499 1137 6246 1513 1129 6247 1500 1126 6248 1511 1126 6249 1511 1138 6250 1512 1137 6251 1513 1133 6252 1504 1127 6253 1501 1136 6254 1514 1133 6255 1504 1136 6256 1514 1135 6257 1515 1129 6258 1500 1130 6259 1499 1119 6260 1508 1119 6261 1508 1126 6262 1511 1129 6263 1500 1142 6264 1509 1130 6265 1499 1118 6266 1498 1142 6267 1509 1118 6268 1498 1141 6269 1507 1120 6270 1516 1136 6271 1514 1137 6272 1513 1136 6273 1514 1120 6274 1516 1121 6275 1517 1134 6276 1503 1118 6277 1498 1127 6278 1501 1134 6279 1503 1127 6280 1501 1133 6281 1504 1140 6282 1506 1134 6283 1503 1122 6284 1502 1140 6285 1506 1122 6286 1502 1139 6287 1518 1132 6288 1519 1123 6289 1520 1135 6290 1515 1138 6291 1512 1120 6292 1516 1137 6293 1513 1136 6294 1514 1132 6295 1519 1135 6296 1515 1132 6297 1519 1136 6298 1514 1121 6299 1517 1129 6300 1500 1136 6301 1514 1127 6302 1501 1136 6303 1514 1129 6304 1500 1137 6305 1513 1133 6306 1504 1135 6307 1515 1128 6308 1505 1128 6309 1505 1135 6310 1515 1123 6311 1520 1141 6312 1507 1124 6313 1521 1125 6314 1522 1141 6315 1507 1140 6316 1506 1124 6317 1521 1142 6318 1509 1131 6319 1523 1143 6320 1510 1142 6321 1509 1141 6322 1507 1131 6323 1523 1131 6324 1523 1141 6325 1507 1125 6326 1522 1139 6327 1518 1124 6328 1521 1140 6329 1506 1144 6330 1524 1151 6331 1525 1126 6332 1511 1126 6333 1511 1119 6334 1508 1144 6335 1524 1132 6336 1519 1121 6337 1517 1146 6338 1526 1132 6339 1519 1146 6340 1526 1154 6341 1527 1122 6342 1502 1147 6343 1528 1139 6344 1518 1139 6345 1518 1147 6346 1528 1156 6347 1529 1125 6348 1522 1150 6349 1530 1131 6350 1523 1131 6351 1523 1150 6352 1530 1153 6353 1531 1131 6354 1523 1157 6355 1532 1143 6356 1510 1157 6357 1532 1131 6358 1523 1153 6359 1531 1151 6360 1525 1155 6361 1533 1138 6362 1512 1138 6363 1512 1126 6364 1511 1151 6365 1525 1147 6366 1528 1128 6367 1505 1152 6368 1534 1128 6369 1505 1147 6370 1528 1122 6371 1502 1120 6372 1516 1146 6373 1526 1121 6374 1517 1146 6375 1526 1120 6376 1516 1145 6377 1535 1132 6378 1519 1148 6379 1536 1123 6380 1520 1148 6381 1536 1132 6382 1519 1154 6383 1527 1124 6384 1521 1150 6385 1530 1125 6386 1522 1150 6387 1530 1124 6388 1521 1149 6389 1537 1152 6390 1534 1123 6391 1520 1148 6392 1536 1123 6393 1520 1152 6394 1534 1128 6395 1505 1138 6396 1512 1155 6397 1533 1120 6398 1516 1145 6399 1535 1120 6400 1516 1155 6401 1533 1139 6402 1518 1149 6403 1537 1124 6404 1521 1149 6405 1537 1139 6406 1518 1156 6407 1529 1143 6408 1510 1144 6409 1524 1119 6410 1508 1144 6411 1524 1143 6412 1510 1157 6413 1532 1160 6414 1540 1159 6415 1541 1161 6416 1539 1161 6417 1539 1159 6418 1541 1158 6419 1538 1164 6420 1544 1162 6421 1542 1165 6422 1543 1164 6423 1544 1163 6424 1545 1162 6425 1542 1163 6426 1545 1167 6427 1546 1166 6428 1547 1167 6429 1546 1163 6430 1545 1158 6431 1538 1169 6432 1550 1168 6433 1548 1170 6434 1549 1168 6435 1548 1169 6436 1550 1159 6437 1541 1172 6438 1553 1171 6439 1551 1173 6440 1552 1173 6441 1552 1171 6442 1551 1160 6443 1540 1174 6444 1555 1164 6445 1544 1175 6446 1554 1164 6447 1544 1174 6448 1555 1161 6449 1539 1171 6450 1551 1168 6451 1548 1160 6452 1540 1159 6453 1541 1160 6454 1540 1168 6455 1548 1158 6456 1538 1169 6457 1550 1167 6458 1546 1169 6459 1550 1158 6460 1538 1159 6461 1541 1176 6462 1556 1174 6463 1555 1177 6464 1557 1174 6465 1555 1176 6466 1556 1173 6467 1552 1161 6468 1539 1163 6469 1545 1164 6470 1544 1163 6471 1545 1161 6472 1539 1158 6473 1538 1162 6474 1542 1166 6475 1547 1178 6476 1558 1166 6477 1547 1162 6478 1542 1163 6479 1545 1179 6480 1559 1175 6481 1554 1180 6482 1560 1172 6483 1553 1173 6484 1552 1176 6485 1556 1174 6486 1555 1179 6487 1559 1177 6488 1557 1179 6489 1559 1174 6490 1555 1175 6491 1554 1173 6492 1552 1160 6493 1540 1174 6494 1555 1174 6495 1555 1160 6496 1540 1161 6497 1539 1165 6498 1543 1180 6499 1560 1175 6500 1554 1175 6501 1554 1164 6502 1544 1165 6503 1543 1166 6504 1547 1167 6505 1546 1181 6506 1562 1181 6507 1562 1167 6508 1546 1182 6509 1561 1169 6510 1550 1170 6511 1549 1183 6512 1563 1183 6513 1563 1182 6514 1561 1167 6515 1546 1167 6516 1546 1169 6517 1550 1183 6518 1563 1178 6519 1558 1166 6520 1547 1181 6521 1562 1168 6522 1548 1171 6523 1551 1184 6524 1565 1171 6525 1551 1185 6526 1564 1184 6527 1565 1186 6528 1567 1179 6529 1559 1187 6530 1566 1179 6531 1559 1186 6532 1567 1177 6533 1557 1189 6534 1568 1188 6535 1569 1178 6536 1558 1178 6537 1558 1188 6538 1569 1162 6539 1542 1190 6540 1571 1183 6541 1563 1191 6542 1570 1183 6543 1563 1190 6544 1571 1182 6545 1561 1183 6546 1563 1192 6547 1572 1191 6548 1570 1192 6549 1572 1183 6550 1563 1170 6551 1549 1171 6552 1551 1172 6553 1553 1185 6554 1564 1172 6555 1553 1193 6556 1573 1185 6557 1564 1188 6558 1569 1165 6559 1543 1162 6560 1542 1165 6561 1543 1188 6562 1569 1194 6563 1574 1186 6564 1567 1176 6565 1556 1177 6566 1557 1176 6567 1556 1186 6568 1567 1195 6569 1575 1196 6570 1576 1179 6571 1559 1180 6572 1560 1179 6573 1559 1196 6574 1576 1187 6575 1566 1190 6576 1571 1181 6577 1562 1182 6578 1561 1181 6579 1562 1190 6580 1571 1197 6581 1577 1194 6582 1574 1180 6583 1560 1165 6584 1543 1180 6585 1560 1194 6586 1574 1196 6587 1576 1193 6588 1573 1172 6589 1553 1176 6590 1556 1176 6591 1556 1195 6592 1575 1193 6593 1573 1197 6594 1577 1178 6595 1558 1181 6596 1562 1178 6597 1558 1197 6598 1577 1189 6599 1568 1170 6600 1549 1184 6601 1565 1192 6602 1572 1184 6603 1565 1170 6604 1549 1168 6605 1548 1201 6606 1587 1198 6607 1580 1200 6608 1585 1198 6609 1580 1199 6610 1583 1200 6611 1585 1200 6612 1585 1199 6613 1583 1203 6614 1591 1199 6615 1583 1202 6616 1589 1203 6617 1591 1203 6618 1591 1202 6619 1589 1205 6620 1597 1202 6621 1589 1204 6622 1594 1205 6623 1597 1205 6624 1597 1206 6625 1599 1207 6626 1601 1206 6627 1599 1205 6628 1597 1204 6629 1594 1207 6630 1601 1208 6631 1603 1209 6632 1630 1208 6633 1603 1207 6634 1601 1206 6635 1599 1209 6636 1630 1210 6637 1631 1211 6638 1632 1210 6639 1631 1209 6640 1630 1208 6641 1603 1213 6642 1634 1211 6643 1632 1210 6644 1631 1213 6645 1634 1210 6646 1631 1212 6647 1633 1213 6648 1634 1212 6649 1633 1215 6650 1636 1212 6651 1633 1214 6652 1635 1215 6653 1636 1215 6654 1636 1214 6655 1635 1217 6656 1638 1214 6657 1635 1216 6658 1637 1217 6659 1638 1217 6660 1638 1218 6661 1639 1219 6662 1640 1218 6663 1639 1217 6664 1638 1216 6665 1637 1219 6666 1640 1220 6667 1641 1221 6668 1642 1220 6669 1641 1219 6670 1640 1218 6671 1639 1221 6672 1642 1222 6673 1643 1223 6674 1644 1222 6675 1643 1221 6676 1642 1220 6677 1641 1198 6678 1579 1225 6679 1582 1199 6680 1578 1225 6681 1582 1198 6682 1579 1224 6683 1581 1199 6684 1578 1226 6685 1586 1202 6686 1584 1226 6687 1586 1199 6688 1578 1225 6689 1582 1202 6690 1584 1227 6691 1590 1204 6692 1588 1227 6693 1590 1202 6694 1584 1226 6695 1586 1227 6696 1590 1228 6697 1593 1206 6698 1592 1206 6699 1592 1204 6700 1588 1227 6701 1590 1228 6702 1593 1229 6703 1596 1208 6704 1595 1208 6705 1595 1206 6706 1592 1228 6707 1593 1229 6708 1596 1230 6709 1600 1210 6710 1598 1210 6711 1598 1208 6712 1595 1229 6713 1596 1231 6714 1604 1210 6715 1598 1230 6716 1600 1210 6717 1598 1231 6718 1604 1212 6719 1602 1232 6720 1606 1212 6721 1602 1231 6722 1604 1212 6723 1602 1232 6724 1606 1214 6725 1605 1214 6726 1605 1233 6727 1608 1216 6728 1607 1233 6729 1608 1214 6730 1605 1232 6731 1606 1233 6732 1608 1218 6733 1609 1216 6734 1607 1218 6735 1609 1233 6736 1608 1234 6737 1610 1220 6738 1611 1218 6739 1609 1234 6740 1610 1220 6741 1611 1234 6742 1610 1235 6743 1612 1222 6744 1613 1220 6745 1611 1235 6746 1612 1222 6747 1613 1235 6748 1612 1236 6749 1614 1201 6750 1587 1237 6751 1645 1238 6752 1646 1237 6753 1645 1201 6754 1587 1200 6755 1585 1200 6756 1585 1239 6757 1647 1237 6758 1645 1239 6759 1647 1200 6760 1585 1203 6761 1591 1239 6762 1647 1205 6763 1597 1240 6764 1648 1205 6765 1597 1239 6766 1647 1203 6767 1591 1240 6768 1648 1207 6769 1601 1241 6770 1649 1207 6771 1601 1240 6772 1648 1205 6773 1597 1209 6774 1630 1241 6775 1649 1207 6776 1601 1241 6777 1649 1209 6778 1630 1242 6779 1650 1211 6780 1632 1242 6781 1650 1209 6782 1630 1242 6783 1650 1211 6784 1632 1243 6785 1651 1244 6786 1652 1211 6787 1632 1213 6788 1634 1211 6789 1632 1244 6790 1652 1243 6791 1651 1245 6792 1653 1213 6793 1634 1215 6794 1636 1213 6795 1634 1245 6796 1653 1244 6797 1652 1245 6798 1653 1217 6799 1638 1246 6800 1654 1217 6801 1638 1245 6802 1653 1215 6803 1636 1246 6804 1654 1219 6805 1640 1247 6806 1655 1219 6807 1640 1246 6808 1654 1217 6809 1638 1247 6810 1655 1221 6811 1642 1248 6812 1656 1221 6813 1642 1247 6814 1655 1219 6815 1640 1248 6816 1656 1223 6817 1644 1249 6818 1657 1223 6819 1644 1248 6820 1656 1221 6821 1642 1249 6822 1616 1236 6823 1614 1248 6824 1615 1248 6825 1615 1236 6826 1614 1235 6827 1612 1248 6828 1615 1235 6829 1612 1247 6830 1617 1247 6831 1617 1235 6832 1612 1234 6833 1610 1247 6834 1617 1234 6835 1610 1246 6836 1618 1246 6837 1618 1234 6838 1610 1233 6839 1608 1246 6840 1618 1232 6841 1606 1245 6842 1619 1232 6843 1606 1246 6844 1618 1233 6845 1608 1245 6846 1619 1231 6847 1604 1244 6848 1620 1231 6849 1604 1245 6850 1619 1232 6851 1606 1243 6852 1621 1244 6853 1620 1230 6854 1600 1244 6855 1620 1231 6856 1604 1230 6857 1600 1230 6858 1600 1242 6859 1622 1243 6860 1621 1242 6861 1622 1230 6862 1600 1229 6863 1596 1229 6864 1596 1241 6865 1623 1242 6866 1622 1241 6867 1623 1229 6868 1596 1228 6869 1593 1228 6870 1593 1240 6871 1624 1241 6872 1623 1240 6873 1624 1228 6874 1593 1227 6875 1590 1226 6876 1586 1239 6877 1625 1240 6878 1624 1240 6879 1624 1227 6880 1590 1226 6881 1586 1225 6882 1582 1237 6883 1626 1239 6884 1625 1239 6885 1625 1226 6886 1586 1225 6887 1582 1224 6888 1581 1238 6889 1627 1237 6890 1626 1237 6891 1626 1225 6892 1582 1224 6893 1581 1238 6894 1627 1224 6895 1581 1201 6896 1628 1201 6897 1628 1224 6898 1581 1198 6899 1579 1223 6900 1629 1236 6901 1614 1249 6902 1616 1236 6903 1614 1223 6904 1629 1222 6905 1613 1252 6906 1660 1251 6907 1659 1250 6908 1658 1250 6909 1658 1253 6910 1661 1252 6911 1660 1255 6912 1663 1254 6913 1662 1251 6914 1659 1251 6915 1659 1252 6916 1660 1255 6917 1663 1257 6918 1665 1256 6919 1664 1254 6920 1662 1254 6921 1662 1255 6922 1663 1257 6923 1665 1257 6924 1665 1258 6925 1666 1256 6926 1664 1258 6927 1666 1257 6928 1665 1259 6929 1667 1260 6930 1668 1259 6931 1667 1261 6932 1669 1259 6933 1667 1260 6934 1668 1258 6935 1666 1262 6936 1670 1261 6937 1669 1263 6938 1671 1261 6939 1669 1262 6940 1670 1260 6941 1668 1264 6942 1672 1262 6943 1670 1265 6944 1673 1262 6945 1670 1263 6946 1671 1265 6947 1673 1267 6948 1675 1266 6949 1674 1264 6950 1672 1264 6951 1672 1265 6952 1673 1267 6953 1675 1269 6954 1677 1268 6955 1676 1266 6956 1674 1266 6957 1674 1267 6958 1675 1269 6959 1677 1269 6960 1677 1270 6961 1678 1268 6962 1676 1270 6963 1678 1269 6964 1677 1271 6965 1679 1271 6966 1679 1272 6967 1680 1270 6968 1678 1272 6969 1680 1271 6970 1679 1273 6971 1681 1274 6972 1682 1273 6973 1681 1275 6974 1683 1273 6975 1681 1274 6976 1682 1272 6977 1680 1277 6978 1687 1250 6979 1685 1251 6980 1684 1250 6981 1685 1277 6982 1687 1276 6983 1686 1278 6984 1689 1251 6985 1684 1254 6986 1688 1251 6987 1684 1278 6988 1689 1277 6989 1687 1254 6990 1688 1279 6991 1691 1278 6992 1689 1279 6993 1691 1254 6994 1688 1256 6995 1690 1256 6996 1690 1258 6997 1692 1279 6998 1691 1279 6999 1691 1258 7000 1692 1280 7001 1693 1258 7002 1692 1260 7003 1694 1280 7004 1693 1260 7005 1694 1281 7006 1695 1280 7007 1693 1282 7008 1697 1281 7009 1695 1262 7010 1696 1260 7011 1694 1262 7012 1696 1281 7013 1695 1283 7014 1699 1262 7015 1696 1264 7016 1698 1262 7017 1696 1283 7018 1699 1282 7019 1697 1284 7020 1701 1264 7021 1698 1266 7022 1700 1264 7023 1698 1284 7024 1701 1283 7025 1699 1285 7026 1703 1266 7027 1700 1268 7028 1702 1266 7029 1700 1285 7030 1703 1284 7031 1701 1285 7032 1703 1270 7033 1704 1286 7034 1705 1270 7035 1704 1285 7036 1703 1268 7037 1702 1272 7038 1706 1286 7039 1705 1270 7040 1704 1286 7041 1705 1272 7042 1706 1287 7043 1707 1274 7044 1708 1287 7045 1707 1272 7046 1706 1287 7047 1707 1274 7048 1708 1288 7049 1709 1290 7050 1711 1289 7051 1710 1253 7052 1661 1253 7053 1661 1289 7054 1710 1252 7055 1660 1289 7056 1710 1291 7057 1712 1252 7058 1660 1255 7059 1663 1252 7060 1660 1291 7061 1712 1257 7062 1665 1291 7063 1712 1292 7064 1713 1291 7065 1712 1257 7066 1665 1255 7067 1663 1259 7068 1667 1292 7069 1713 1293 7070 1714 1292 7071 1713 1259 7072 1667 1257 7073 1665 1261 7074 1669 1293 7075 1714 1294 7076 1715 1293 7077 1714 1261 7078 1669 1259 7079 1667 1263 7080 1671 1294 7081 1715 1295 7082 1716 1294 7083 1715 1263 7084 1671 1261 7085 1669 1296 7086 1717 1263 7087 1671 1295 7088 1716 1263 7089 1671 1296 7090 1717 1265 7091 1673 1297 7092 1718 1265 7093 1673 1296 7094 1717 1265 7095 1673 1297 7096 1718 1267 7097 1675 1297 7098 1718 1269 7099 1677 1267 7100 1675 1269 7101 1677 1297 7102 1718 1298 7103 1719 1298 7104 1719 1271 7105 1679 1269 7106 1677 1271 7107 1679 1298 7108 1719 1299 7109 1720 1273 7110 1681 1299 7111 1720 1300 7112 1721 1299 7113 1720 1273 7114 1681 1271 7115 1679 1275 7116 1683 1300 7117 1721 1301 7118 1722 1300 7119 1721 1275 7120 1683 1273 7121 1681 1288 7122 1709 1300 7123 1723 1287 7124 1707 1300 7125 1723 1288 7126 1709 1301 7127 1724 1287 7128 1707 1299 7129 1725 1286 7130 1705 1299 7131 1725 1287 7132 1707 1300 7133 1723 1286 7134 1705 1298 7135 1726 1285 7136 1703 1298 7137 1726 1286 7138 1705 1299 7139 1725 1298 7140 1726 1284 7141 1701 1285 7142 1703 1284 7143 1701 1298 7144 1726 1297 7145 1727 1297 7146 1727 1283 7147 1699 1284 7148 1701 1283 7149 1699 1297 7150 1727 1296 7151 1728 1296 7152 1728 1282 7153 1697 1283 7154 1699 1282 7155 1697 1296 7156 1728 1295 7157 1729 1282 7158 1697 1294 7159 1730 1281 7160 1695 1294 7161 1730 1282 7162 1697 1295 7163 1729 1281 7164 1695 1293 7165 1731 1280 7166 1693 1293 7167 1731 1281 7168 1695 1294 7169 1730 1280 7170 1693 1292 7171 1732 1279 7172 1691 1292 7173 1732 1280 7174 1693 1293 7175 1731 1279 7176 1691 1292 7177 1732 1278 7178 1689 1278 7179 1689 1292 7180 1732 1291 7181 1733 1278 7182 1689 1291 7183 1733 1277 7184 1687 1277 7185 1687 1291 7186 1733 1289 7187 1734 1277 7188 1687 1289 7189 1734 1276 7190 1686 1276 7191 1686 1289 7192 1734 1290 7193 1735 1276 7194 1686 1253 7195 1736 1250 7196 1685 1253 7197 1736 1276 7198 1686 1290 7199 1735 1301 7200 1724 1288 7201 1709 1275 7202 1737 1274 7203 1708 1275 7204 1737 1288 7205 1709 1302 7206 1752 1316 7207 1754 1315 7208 1755 1316 7209 1754 1302 7210 1752 1303 7211 1753 1303 7212 1753 1317 7213 1757 1316 7214 1754 1317 7215 1757 1303 7216 1753 1304 7217 1756 1317 7218 1757 1305 7219 1758 1318 7220 1759 1305 7221 1758 1317 7222 1757 1304 7223 1756 1318 7224 1759 1306 7225 1760 1319 7226 1761 1306 7227 1760 1318 7228 1759 1305 7229 1758 1319 7230 1761 1307 7231 1762 1320 7232 1790 1307 7233 1762 1319 7234 1761 1306 7235 1760 1308 7236 1791 1320 7237 1790 1307 7238 1762 1320 7239 1790 1308 7240 1791 1321 7241 1792 1322 7242 1999 1308 7243 1791 1309 7244 1793 1308 7245 1791 1322 7246 1999 1321 7247 1792 1323 7248 2001 1322 7249 1999 1309 7250 1793 1309 7251 1793 1310 7252 2000 1323 7253 2001 1323 7254 2001 1310 7255 2000 1324 7256 2003 1310 7257 2000 1311 7258 2002 1324 7259 2003 1325 7260 2005 1324 7261 2003 1311 7262 2002 1325 7263 2005 1311 7264 2002 1312 7265 2004 1325 7266 2005 1313 7267 2006 1326 7268 2007 1313 7269 2006 1325 7270 2005 1312 7271 2004 1326 7272 2007 1314 7273 2008 1327 7274 2009 1314 7275 2008 1326 7276 2007 1313 7277 2006 1302 7278 1739 1329 7279 1741 1303 7280 1738 1329 7281 1741 1302 7282 1739 1328 7283 1740 1303 7284 1738 1330 7285 1743 1304 7286 1742 1330 7287 1743 1303 7288 1738 1329 7289 1741 1305 7290 1744 1304 7291 1742 1330 7292 1743 1305 7293 1744 1330 7294 1743 1331 7295 1745 1331 7296 1745 1332 7297 1747 1306 7298 1746 1306 7299 1746 1305 7300 1744 1331 7301 1745 1332 7302 1747 1333 7303 1749 1307 7304 1748 1307 7305 1748 1306 7306 1746 1332 7307 1747 1333 7308 1749 1334 7309 1751 1308 7310 1750 1308 7311 1750 1307 7312 1748 1333 7313 1749 1335 7314 1764 1308 7315 1750 1334 7316 1751 1308 7317 1750 1335 7318 1764 1309 7319 1763 1336 7320 1766 1309 7321 1763 1335 7322 1764 1309 7323 1763 1336 7324 1766 1310 7325 1765 1337 7326 1768 1310 7327 1765 1336 7328 1766 1310 7329 1765 1337 7330 1768 1311 7331 1767 1311 7332 1767 1338 7333 1770 1312 7334 1769 1338 7335 1770 1311 7336 1767 1337 7337 1768 1313 7338 1771 1312 7339 1769 1338 7340 1770 1313 7341 1771 1338 7342 1770 1339 7343 1772 1314 7344 1773 1313 7345 1771 1339 7346 1772 1314 7347 1773 1339 7348 1772 1340 7349 1774 1315 7350 1755 1342 7351 2010 1341 7352 2011 1342 7353 2010 1315 7354 1755 1316 7355 1754 1316 7356 1754 1343 7357 2012 1342 7358 2010 1343 7359 2012 1316 7360 1754 1317 7361 1757 1344 7362 2013 1343 7363 2012 1317 7364 1757 1344 7365 2013 1317 7366 1757 1318 7367 1759 1344 7368 2013 1319 7369 1761 1345 7370 2014 1319 7371 1761 1344 7372 2013 1318 7373 1759 1320 7374 1790 1345 7375 2014 1319 7376 1761 1345 7377 2014 1320 7378 1790 1346 7379 2015 1321 7380 1792 1346 7381 2015 1320 7382 1790 1346 7383 2015 1321 7384 1792 1347 7385 2016 1348 7386 2017 1321 7387 1792 1322 7388 1999 1321 7389 1792 1348 7390 2017 1347 7391 2016 1349 7392 2018 1322 7393 1999 1323 7394 2001 1322 7395 1999 1349 7396 2018 1348 7397 2017 1350 7398 2019 1323 7399 2001 1324 7400 2003 1323 7401 2001 1350 7402 2019 1349 7403 2018 1350 7404 2019 1325 7405 2005 1351 7406 2020 1325 7407 2005 1350 7408 2019 1324 7409 2003 1351 7410 2020 1326 7411 2007 1352 7412 2021 1326 7413 2007 1351 7414 2020 1325 7415 2005 1352 7416 2021 1327 7417 2009 1353 7418 2022 1327 7419 2009 1352 7420 2021 1326 7421 2007 1340 7422 1774 1339 7423 1772 1352 7424 1775 1340 7425 1774 1352 7426 1775 1353 7427 1776 1339 7428 1772 1338 7429 1770 1351 7430 1777 1339 7431 1772 1351 7432 1777 1352 7433 1775 1338 7434 1770 1337 7435 1768 1350 7436 1778 1338 7437 1770 1350 7438 1778 1351 7439 1777 1336 7440 1766 1350 7441 1778 1337 7442 1768 1350 7443 1778 1336 7444 1766 1349 7445 1779 1349 7446 1779 1335 7447 1764 1348 7448 1780 1335 7449 1764 1349 7450 1779 1336 7451 1766 1347 7452 1781 1348 7453 1780 1334 7454 1751 1348 7455 1780 1335 7456 1764 1334 7457 1751 1334 7458 1751 1346 7459 1782 1347 7460 1781 1346 7461 1782 1334 7462 1751 1333 7463 1749 1333 7464 1749 1345 7465 1783 1346 7466 1782 1345 7467 1783 1333 7468 1749 1332 7469 1747 1332 7470 1747 1344 7471 1784 1345 7472 1783 1344 7473 1784 1332 7474 1747 1331 7475 1745 1330 7476 1743 1344 7477 1784 1331 7478 1745 1344 7479 1784 1330 7480 1743 1343 7481 1785 1329 7482 1741 1343 7483 1785 1330 7484 1743 1343 7485 1785 1329 7486 1741 1342 7487 1786 1328 7488 1740 1342 7489 1786 1329 7490 1741 1342 7491 1786 1328 7492 1740 1341 7493 1787 1382 7494 1794 1383 7495 1795 1390 7496 1796 1380 7497 1797 1407 7498 1798 1396 7499 1799 1393 7500 1822 1392 7501 1829 1372 7502 1802 1372 7503 1802 1392 7504 1829 1356 7505 1801 1369 7506 1823 1423 7507 1807 1424 7508 1812 1423 7509 1807 1369 7510 1823 1355 7511 1806 1354 7512 1800 1384 7513 1803 1465 7514 1805 1465 7515 1805 1384 7516 1803 1464 7517 1804 1460 7518 1895 1461 7519 1904 1369 7520 1823 1369 7521 1823 1461 7522 1904 1355 7523 1806 1413 7524 1810 1357 7525 1808 1414 7526 1809 1357 7527 1808 1413 7528 1810 1360 7529 1811 1410 7530 1826 1396 7531 1799 1411 7532 1825 1411 7533 1825 1396 7534 1799 1372 7535 1824 1411 7536 1863 1356 7537 1801 1412 7538 1830 1356 7539 1801 1411 7540 1863 1372 7541 1802 1370 7542 1970 1378 7543 1968 1379 7544 1969 1378 7545 1968 1370 7546 1970 1357 7547 1967 1378 7548 1813 1357 7549 1808 1360 7550 1811 1358 7551 1833 1397 7552 1834 1403 7553 1835 1371 7554 1976 1438 7555 1889 1439 7556 1975 1438 7557 1889 1371 7558 1976 1359 7559 1888 1461 7560 1816 1462 7561 1817 1361 7562 1814 1361 7563 1814 1355 7564 1815 1461 7565 1816 1363 7566 1836 1428 7567 1840 1470 7568 1842 1470 7569 1842 1428 7570 1840 1469 7571 1841 1435 7572 1821 1422 7573 1827 1434 7574 1820 1434 7575 1820 1422 7576 1827 1361 7577 1814 1425 7578 1848 1363 7579 1836 1395 7580 1847 1363 7581 1836 1425 7582 1848 1417 7583 1849 1433 7584 1837 1365 7585 1828 1362 7586 1831 1362 7587 1831 1432 7588 1832 1433 7589 1837 1367 7590 1855 1399 7591 1856 1400 7592 1859 1387 7593 1860 1366 7594 1852 1386 7595 1853 1366 7596 1852 1387 7597 1860 1374 7598 1861 1364 7599 1838 1362 7600 1831 1365 7601 1828 1401 7602 1868 1387 7603 1865 1405 7604 1867 1374 7605 1864 1387 7606 1865 1401 7607 1868 1373 7608 1857 1354 7609 1858 1466 7610 1985 1466 7611 1985 1354 7612 1858 1465 7613 1922 1460 7614 1872 1395 7615 1847 1459 7616 1871 1460 7617 1872 1369 7618 1869 1395 7619 1847 1368 7620 1958 1375 7621 1880 1362 7622 1893 1368 7623 1958 1362 7624 1893 1364 7625 1957 1377 7626 1978 1359 7627 1888 1371 7628 1976 1359 7629 1888 1377 7630 1978 1376 7631 1977 1379 7632 1980 1376 7633 1977 1377 7634 1978 1376 7635 1977 1379 7636 1980 1378 7637 1979 1360 7638 1811 1359 7639 1839 1376 7640 1843 1360 7641 1811 1376 7642 1843 1378 7643 1813 1398 7644 1876 1402 7645 1881 1377 7646 1874 1377 7647 1874 1371 7648 1875 1398 7649 1876 1379 7650 1884 1377 7651 1874 1402 7652 1881 1379 7653 1884 1402 7654 1881 1403 7655 1835 1382 7656 1794 1438 7657 1844 1383 7658 1795 1383 7659 1795 1438 7660 1844 1437 7661 1845 1440 7662 1886 1380 7663 1797 1441 7664 1885 1380 7665 1797 1440 7666 1886 1404 7667 1887 1463 7668 1846 1464 7669 1804 1384 7670 1803 1384 7671 1803 1434 7672 1820 1463 7673 1846 1418 7674 1894 1428 7675 1840 1427 7676 1892 1428 7677 1840 1418 7678 1894 1389 7679 1890 1467 7680 1901 1468 7681 1902 1389 7682 1890 1389 7683 1890 1394 7684 1900 1467 7685 1901 1421 7686 1850 1384 7687 1803 1354 7688 1800 1384 7689 1803 1421 7690 1850 1453 7691 1851 1386 7692 1854 1366 7693 1862 1385 7694 1866 1430 7695 1906 1405 7696 1867 1431 7697 1905 1431 7698 1905 1405 7699 1867 1387 7700 1865 1431 7701 1960 1386 7702 1853 1432 7703 1959 1386 7704 1853 1431 7705 1960 1387 7706 1860 1478 7707 1870 1477 7708 1877 1366 7709 1862 1366 7710 1862 1477 7711 1877 1385 7712 1866 1482 7713 1924 1481 7714 1925 1429 7715 1923 1429 7716 1923 1481 7717 1925 1388 7718 1910 1391 7719 1981 1381 7720 1982 1390 7721 1984 1381 7722 1982 1382 7723 1983 1390 7724 1984 1383 7725 1795 1392 7726 1878 1390 7727 1796 1380 7728 1797 1404 7729 1887 1406 7730 1926 1380 7731 1797 1406 7732 1926 1407 7733 1798 1393 7734 1822 1391 7735 1981 1392 7736 1829 1391 7737 1981 1390 7738 1984 1392 7739 1829 1383 7740 1795 1356 7741 1879 1392 7742 1878 1396 7743 1799 1393 7744 1927 1372 7745 1824 1393 7746 1927 1396 7747 1799 1407 7748 1798 1418 7749 1894 1419 7750 1928 1389 7751 1890 1389 7752 1890 1419 7753 1928 1394 7754 1900 1370 7755 1929 1403 7756 1835 1397 7757 1834 1403 7758 1835 1370 7759 1929 1379 7760 1884 1424 7761 1930 1395 7762 1847 1369 7763 1869 1395 7764 1847 1424 7765 1930 1425 7766 1848 1375 7767 1931 1368 7768 1932 1399 7769 1856 1399 7770 1856 1368 7771 1932 1400 7772 1859 1405 7773 1867 1388 7774 1910 1401 7775 1868 1395 7776 1847 1363 7777 1836 1459 7778 1871 1459 7779 1871 1363 7780 1836 1470 7781 1842 1481 7782 1925 1401 7783 1868 1388 7784 1910 1481 7785 1925 1480 7786 1933 1401 7787 1868 1472 7788 1935 1400 7789 1859 1368 7790 1932 1368 7791 1932 1473 7792 1934 1472 7793 1935 1398 7794 1876 1358 7795 1833 1402 7796 1881 1402 7797 1881 1358 7798 1833 1403 7799 1835 1440 7800 1886 1398 7801 1876 1371 7802 1875 1371 7803 1875 1439 7804 1936 1440 7805 1886 1466 7806 1938 1467 7807 1901 1394 7808 1900 1394 7809 1900 1373 7810 1937 1466 7811 1938 1367 7812 1855 1429 7813 1923 1399 7814 1856 1430 7815 1906 1399 7816 1856 1429 7817 1923 1381 7818 1939 1406 7819 1926 1404 7820 1887 1406 7821 1926 1381 7822 1939 1391 7823 1940 1391 7824 1940 1407 7825 1798 1406 7826 1926 1407 7827 1798 1391 7828 1940 1393 7829 1927 1415 7830 1972 1357 7831 1967 1370 7832 1970 1357 7833 1967 1415 7834 1972 1414 7835 1971 1413 7836 1810 1446 7837 1882 1447 7838 1883 1446 7839 1882 1413 7840 1810 1414 7841 1809 1436 7842 1897 1452 7843 1896 1383 7844 1795 1383 7845 1795 1437 7846 1845 1436 7847 1897 1358 7848 1833 1408 7849 1942 1397 7850 1834 1416 7851 1941 1397 7852 1834 1408 7853 1942 1408 7854 1942 1441 7855 1885 1426 7856 1943 1441 7857 1885 1408 7858 1942 1358 7859 1833 1412 7860 1898 1383 7861 1795 1452 7862 1896 1383 7863 1795 1412 7864 1898 1356 7865 1879 1409 7866 1944 1396 7867 1799 1410 7868 1826 1396 7869 1799 1409 7870 1944 1380 7871 1797 1397 7872 1834 1416 7873 1941 1370 7874 1929 1415 7875 1945 1370 7876 1929 1416 7877 1941 1424 7878 1812 1446 7879 1973 1445 7880 1974 1446 7881 1973 1424 7882 1812 1423 7883 1807 1443 7884 1947 1417 7885 1849 1444 7886 1946 1425 7887 1848 1444 7888 1946 1417 7889 1849 1442 7890 1948 1417 7891 1849 1443 7892 1947 1417 7893 1849 1442 7894 1948 1427 7895 1892 1444 7896 1946 1425 7897 1848 1445 7898 1949 1424 7899 1930 1445 7900 1949 1425 7901 1848 1422 7902 1827 1355 7903 1815 1361 7904 1814 1355 7905 1815 1422 7906 1827 1423 7907 1899 1394 7908 1900 1420 7909 1950 1373 7910 1937 1420 7911 1950 1394 7912 1900 1419 7913 1928 1373 7914 1857 1421 7915 1986 1354 7916 1858 1421 7917 1986 1373 7918 1857 1420 7919 1987 1439 7920 1975 1382 7921 1983 1381 7922 1982 1382 7923 1983 1439 7924 1975 1438 7925 1889 1428 7926 1840 1389 7927 1890 1469 7928 1841 1469 7929 1841 1389 7930 1890 1468 7931 1902 1453 7932 1851 1434 7933 1820 1384 7934 1803 1434 7935 1820 1453 7936 1851 1435 7937 1821 1385 7938 1866 1432 7939 1832 1386 7940 1854 1385 7941 1866 1433 7942 1837 1432 7943 1832 1477 7944 1877 1433 7945 1837 1385 7946 1866 1477 7947 1877 1476 7948 1909 1433 7949 1837 1437 7950 1845 1438 7951 1844 1359 7952 1839 1437 7953 1845 1359 7954 1839 1360 7955 1811 1398 7956 1876 1441 7957 1885 1358 7958 1833 1441 7959 1885 1398 7960 1876 1440 7961 1886 1462 7962 1817 1463 7963 1846 1434 7964 1820 1434 7965 1820 1361 7966 1814 1462 7967 1817 1417 7968 1849 1427 7969 1892 1363 7970 1836 1363 7971 1836 1427 7972 1892 1428 7973 1840 1399 7974 1856 1430 7975 1906 1375 7976 1931 1431 7977 1905 1375 7978 1931 1430 7979 1906 1375 7980 1880 1432 7981 1959 1362 7982 1893 1432 7983 1959 1375 7984 1880 1431 7985 1960 1471 7986 1951 1482 7987 1924 1367 7988 1855 1429 7989 1923 1367 7990 1855 1482 7991 1924 1404 7992 1887 1440 7993 1886 1439 7994 1936 1439 7995 1936 1381 7996 1939 1404 7997 1887 1429 7998 1923 1388 7999 1910 1430 8000 1906 1430 8001 1906 1388 8002 1910 1405 8003 1867 1436 8004 1897 1437 8005 1845 1360 8006 1811 1436 8007 1897 1360 8008 1811 1413 8009 1810 1441 8010 1885 1380 8011 1797 1426 8012 1943 1426 8013 1943 1380 8014 1797 1409 8015 1944 1454 8016 1911 1436 8017 1897 1413 8018 1810 1454 8019 1911 1413 8020 1810 1447 8021 1883 1426 8022 1943 1450 8023 1952 1442 8024 1948 1422 8025 1827 1446 8026 1882 1423 8027 1899 1446 8028 1882 1422 8029 1827 1447 8030 1883 1445 8031 1974 1414 8032 1971 1415 8033 1972 1414 8034 1971 1445 8035 1974 1446 8036 1973 1408 8037 1942 1443 8038 1947 1416 8039 1941 1444 8040 1946 1416 8041 1941 1443 8042 1947 1426 8043 1943 1442 8044 1948 1408 8045 1942 1443 8046 1947 1408 8047 1942 1442 8048 1948 1416 8049 1941 1445 8050 1949 1415 8051 1945 1445 8052 1949 1416 8053 1941 1444 8054 1946 1454 8055 1911 1422 8056 1827 1435 8057 1821 1422 8058 1827 1454 8059 1911 1447 8060 1883 1418 8061 1894 1427 8062 1892 1449 8063 1953 1426 8064 1943 1409 8065 1944 1448 8066 1954 1427 8067 1892 1451 8068 1955 1449 8069 1953 1426 8070 1943 1448 8071 1954 1450 8072 1952 1427 8073 1892 1442 8074 1948 1451 8075 1955 1341 8076 1787 1328 8077 1740 1315 8078 1788 1315 8079 1788 1328 8080 1740 1302 8081 1739 1340 8082 1774 1353 8083 1776 1327 8084 1789 1340 8085 1774 1327 8086 1789 1314 8087 1773 1418 8088 1819 1453 8089 1873 1419 8090 1818 1419 8091 1818 1453 8092 1873 1421 8093 1891 1448 8094 1903 1409 8095 1907 1452 8096 1908 1448 8097 1903 1452 8098 1908 1455 8099 1912 1449 8100 1913 1453 8101 1873 1418 8102 1819 1453 8103 1873 1449 8104 1913 1456 8105 1914 1448 8106 1903 1457 8107 1990 1450 8108 1915 1457 8109 1990 1448 8110 1903 1455 8111 1912 1451 8112 1991 1458 8113 1992 1449 8114 1913 1449 8115 1913 1458 8116 1992 1456 8117 1914 1442 8118 1993 1450 8119 1915 1457 8120 1990 1442 8121 1993 1457 8122 1990 1454 8123 1994 1451 8124 1991 1442 8125 1993 1454 8126 1994 1451 8127 1991 1454 8128 1994 1458 8129 1992 1409 8130 1907 1410 8131 1995 1452 8132 1908 1410 8133 1995 1412 8134 1996 1452 8135 1908 1411 8136 1997 1412 8137 1996 1410 8138 1995 1419 8139 1818 1421 8140 1891 1420 8141 1998 1436 8142 1897 1455 8143 1916 1452 8144 1896 1453 8145 1851 1456 8146 1917 1435 8147 1821 1458 8148 1918 1454 8149 1911 1435 8150 1821 1456 8151 1917 1458 8152 1918 1435 8153 1821 1436 8154 1897 1454 8155 1911 1457 8156 1919 1436 8157 1897 1457 8158 1919 1455 8159 1916 1465 8160 1805 1477 8161 1877 1478 8162 1870 1465 8163 1805 1464 8164 1804 1477 8165 1877 1460 8166 1961 1473 8167 1962 1461 8168 1964 1473 8169 1962 1474 8170 1963 1461 8171 1964 1461 8172 1816 1474 8173 1920 1462 8174 1817 1474 8175 1920 1475 8176 1921 1462 8177 1817 1471 8178 1951 1469 8179 1841 1482 8180 1924 1469 8181 1841 1471 8182 1951 1470 8183 1842 1479 8184 1989 1465 8185 1922 1478 8186 1988 1465 8187 1922 1479 8188 1989 1466 8189 1985 1473 8190 1934 1459 8191 1871 1472 8192 1935 1459 8193 1871 1473 8194 1934 1460 8195 1872 1464 8196 1804 1476 8197 1909 1477 8198 1877 1464 8199 1804 1463 8200 1846 1476 8201 1909 1481 8202 1925 1467 8203 1901 1480 8204 1933 1467 8205 1901 1481 8206 1925 1468 8207 1902 1472 8208 1935 1470 8209 1842 1471 8210 1951 1472 8211 1935 1459 8212 1871 1470 8213 1842 1480 8214 1933 1467 8215 1901 1466 8216 1938 1480 8217 1933 1466 8218 1938 1479 8219 1956 1469 8220 1841 1468 8221 1902 1482 8222 1924 1482 8223 1924 1468 8224 1902 1481 8225 1925 1463 8226 1846 1475 8227 1921 1476 8228 1909 1475 8229 1921 1463 8230 1846 1462 8231 1817 1476 8232 1909 1475 8233 1921 1365 8234 1828 1365 8235 1828 1433 8236 1837 1476 8237 1909 1473 8238 1962 1364 8239 1957 1474 8240 1963 1364 8241 1957 1473 8242 1962 1368 8243 1958 1475 8244 1921 1474 8245 1920 1364 8246 1838 1364 8247 1838 1365 8248 1828 1475 8249 1921 1480 8250 1933 1479 8251 1956 1374 8252 1864 1374 8253 1864 1401 8254 1868 1480 8255 1933 1374 8256 1861 1478 8257 1965 1366 8258 1852 1478 8259 1965 1374 8260 1861 1479 8261 1966 1400 8262 1859 1471 8263 1951 1367 8264 1855 1471 8265 1951 1400 8266 1859 1472 8267 1935 1486 8268 2026 1485 8269 2025 1483 8270 2023 1483 8271 2023 1485 8272 2025 1484 8273 2024 1487 8274 2027 1484 8275 2024 1488 8276 2028 1484 8277 2024 1485 8278 2025 1488 8279 2028 1489 8280 2029 1488 8281 2028 1490 8282 2030 1488 8283 2028 1489 8284 2029 1487 8285 2027 1490 8286 2030 1491 8287 2031 1489 8288 2029 1491 8289 2031 1490 8290 2030 1492 8291 2032 1492 8292 2032 1493 8293 2033 1491 8294 2031 1493 8295 2033 1492 8296 2032 1494 8297 2034 1495 8298 2035 1494 8299 2034 1496 8300 2036 1494 8301 2034 1495 8302 2035 1493 8303 2033 1498 8304 2038 1495 8305 2035 1496 8306 2036 1495 8307 2035 1498 8308 2038 1497 8309 2037 1499 8310 2039 1497 8311 2037 1500 8312 2040 1497 8313 2037 1498 8314 2038 1500 8315 2040 1502 8316 2042 1501 8317 2041 1499 8318 2039 1499 8319 2039 1500 8320 2040 1502 8321 2042 1502 8322 2042 1504 8323 2044 1501 8324 2041 1503 8325 2043 1501 8326 2041 1504 8327 2044 1505 8328 2045 1504 8329 2044 1506 8330 2046 1504 8331 2044 1505 8332 2045 1503 8333 2043 1507 8334 2047 1506 8335 2046 1508 8336 2048 1506 8337 2046 1507 8338 2047 1505 8339 2045 1510 8340 2052 1483 8341 2050 1484 8342 2049 1483 8343 2050 1510 8344 2052 1509 8345 2051 1511 8346 2054 1484 8347 2049 1487 8348 2053 1484 8349 2049 1511 8350 2054 1510 8351 2052 1511 8352 2054 1489 8353 2055 1512 8354 2056 1489 8355 2055 1511 8356 2054 1487 8357 2053 1489 8358 2055 1491 8359 2057 1512 8360 2056 1491 8361 2057 1513 8362 2058 1512 8363 2056 1491 8364 2057 1493 8365 2059 1513 8366 2058 1493 8367 2059 1514 8368 2060 1513 8369 2058 1493 8370 2059 1495 8371 2061 1514 8372 2060 1495 8373 2061 1515 8374 2062 1514 8375 2060 1516 8376 2064 1495 8377 2061 1497 8378 2063 1495 8379 2061 1516 8380 2064 1515 8381 2062 1517 8382 2066 1497 8383 2063 1499 8384 2065 1497 8385 2063 1517 8386 2066 1516 8387 2064 1518 8388 2068 1499 8389 2065 1501 8390 2067 1499 8391 2065 1518 8392 2068 1517 8393 2066 1519 8394 2070 1501 8395 2067 1503 8396 2069 1501 8397 2067 1519 8398 2070 1518 8399 2068 1505 8400 2071 1519 8401 2070 1503 8402 2069 1519 8403 2070 1505 8404 2071 1520 8405 2072 1507 8406 2073 1520 8407 2072 1505 8408 2071 1520 8409 2072 1507 8410 2073 1521 8411 2074 1523 8412 2076 1522 8413 2075 1486 8414 2026 1486 8415 2026 1522 8416 2075 1485 8417 2025 1522 8418 2075 1524 8419 2077 1485 8420 2025 1488 8421 2028 1485 8422 2025 1524 8423 2077 1524 8424 2077 1525 8425 2078 1488 8426 2028 1490 8427 2030 1488 8428 2028 1525 8429 2078 1492 8430 2032 1525 8431 2078 1526 8432 2079 1525 8433 2078 1492 8434 2032 1490 8435 2030 1494 8436 2034 1526 8437 2079 1527 8438 2080 1526 8439 2079 1494 8440 2034 1492 8441 2032 1496 8442 2036 1527 8443 2080 1528 8444 2081 1527 8445 2080 1496 8446 2036 1494 8447 2034 1529 8448 2082 1496 8449 2036 1528 8450 2081 1496 8451 2036 1529 8452 2082 1498 8453 2038 1530 8454 2083 1498 8455 2038 1529 8456 2082 1498 8457 2038 1530 8458 2083 1500 8459 2040 1530 8460 2083 1531 8461 2084 1500 8462 2040 1502 8463 2042 1500 8464 2040 1531 8465 2084 1531 8466 2084 1504 8467 2044 1502 8468 2042 1504 8469 2044 1531 8470 2084 1532 8471 2085 1506 8472 2046 1532 8473 2085 1533 8474 2086 1532 8475 2085 1506 8476 2046 1504 8477 2044 1508 8478 2048 1533 8479 2086 1534 8480 2087 1533 8481 2086 1508 8482 2048 1506 8483 2046 1520 8484 2072 1521 8485 2074 1533 8486 2088 1533 8487 2088 1521 8488 2074 1534 8489 2089 1533 8490 2088 1532 8491 2090 1520 8492 2072 1532 8493 2090 1519 8494 2070 1520 8495 2072 1532 8496 2090 1531 8497 2091 1519 8498 2070 1531 8499 2091 1518 8500 2068 1519 8501 2070 1531 8502 2091 1517 8503 2066 1518 8504 2068 1517 8505 2066 1531 8506 2091 1530 8507 2092 1530 8508 2092 1516 8509 2064 1517 8510 2066 1516 8511 2064 1530 8512 2092 1529 8513 2093 1529 8514 2093 1515 8515 2062 1516 8516 2064 1515 8517 2062 1529 8518 2093 1528 8519 2094 1515 8520 2062 1527 8521 2095 1514 8522 2060 1527 8523 2095 1515 8524 2062 1528 8525 2094 1514 8526 2060 1526 8527 2096 1513 8528 2058 1526 8529 2096 1514 8530 2060 1527 8531 2095 1525 8532 2097 1513 8533 2058 1526 8534 2096 1513 8535 2058 1525 8536 2097 1512 8537 2056 1525 8538 2097 1524 8539 2098 1511 8540 2054 1525 8541 2097 1511 8542 2054 1512 8543 2056 1524 8544 2098 1522 8545 2099 1510 8546 2052 1524 8547 2098 1510 8548 2052 1511 8549 2054 1522 8550 2099 1509 8551 2051 1510 8552 2052 1509 8553 2051 1522 8554 2099 1523 8555 2100 1535 8556 2101 1537 8557 2103 1536 8558 2102 1538 8559 2104 1540 8560 2106 1539 8561 2105 1542 8562 2108 1541 8563 2107 1544 8564 2110 1544 8565 2110 1543 8566 2109 1542 8567 2108 1546 8568 2112 1545 8569 2111 1548 8570 2114 1546 8571 2112 1548 8572 2114 1547 8573 2113 1550 8574 2116 1552 8575 2118 1551 8576 2117 1552 8577 2118 1550 8578 2116 1549 8579 2115 1548 8580 2114 1545 8581 2111 1554 8582 2120 1554 8583 2120 1553 8584 2119 1548 8585 2114 1556 8586 2122 1555 8587 2121 1558 8588 2124 1556 8589 2122 1558 8590 2124 1557 8591 2123 1559 8592 2126 1542 8593 2125 1540 8594 2106 1540 8595 2106 1560 8596 2127 1559 8597 2126 1541 8598 2107 1559 8599 2129 1561 8600 2128 1559 8601 2129 1541 8602 2107 1542 8603 2108 1562 8604 2131 1555 8605 2130 1564 8606 2133 1562 8607 2131 1564 8608 2133 1563 8609 2132 1562 8610 2134 1558 8611 2124 1555 8612 2121 1565 8613 2135 1567 8614 2137 1566 8615 2136 1569 8616 2139 1568 8617 2138 1571 8618 2141 1569 8619 2139 1571 8620 2141 1570 8621 2140 1545 8622 2143 1572 8623 2142 1554 8624 2144 1554 8625 2144 1572 8626 2142 1573 8627 2145 1575 8628 2147 1577 8629 2149 1576 8630 2148 1575 8631 2147 1574 8632 2146 1577 8633 2149 1578 8634 2150 1572 8635 2142 1580 8636 2152 1580 8637 2152 1579 8638 2151 1578 8639 2150 1574 8640 2146 1582 8641 2154 1581 8642 2153 1582 8643 2154 1574 8644 2146 1583 8645 2155 1585 8646 2157 1587 8647 2159 1586 8648 2158 1585 8649 2157 1584 8650 2156 1587 8651 2159 1588 8652 2160 1590 8653 2162 1589 8654 2161 1591 8655 2163 1593 8656 2165 1592 8657 2164 1593 8658 2165 1591 8659 2163 1594 8660 2166 1595 8661 2167 1584 8662 2156 1585 8663 2157 1593 8664 2169 1594 8665 2168 1597 8666 2171 1597 8667 2171 1596 8668 2170 1593 8669 2169 1549 8670 2173 1599 8671 2175 1552 8672 2174 1599 8673 2175 1549 8674 2173 1598 8675 2172 1581 8676 2153 1553 8677 2178 1600 8678 2177 1581 8679 2153 1548 8680 2176 1553 8681 2178 1585 8682 2180 1602 8683 2182 1595 8684 2181 1602 8685 2182 1585 8686 2180 1601 8687 2179 1568 8688 2138 1603 8689 2183 1604 8690 2184 1568 8691 2138 1604 8692 2184 1571 8693 2141 1562 8694 2185 1563 8695 2186 1603 8696 2183 1603 8697 2183 1563 8698 2186 1604 8699 2184 1558 8700 2124 1603 8701 2188 1568 8702 2187 1558 8703 2124 1562 8704 2134 1603 8705 2188 1571 8706 2190 1604 8707 2189 1605 8708 2191 1604 8709 2189 1606 8710 2192 1605 8711 2191 1567 8712 2137 1606 8713 2192 1563 8714 2193 1604 8715 2189 1563 8716 2193 1606 8717 2192 1569 8718 2194 1536 8719 2102 1607 8720 2195 1536 8721 2102 1569 8722 2194 1535 8723 2101 1610 8724 2198 1609 8725 2197 1538 8726 2104 1538 8727 2104 1609 8728 2197 1608 8729 2196 1578 8730 2150 1550 8731 2116 1611 8732 2199 1611 8733 2199 1550 8734 2116 1551 8735 2117 1575 8736 2147 1612 8737 2200 1614 8738 2202 1614 8739 2202 1613 8740 2201 1575 8741 2147 1615 8742 2203 1612 8743 2200 1616 8744 2204 1616 8745 2204 1612 8746 2200 1617 8747 2205 1550 8748 2116 1618 8749 2206 1549 8750 2115 1618 8751 2206 1550 8752 2116 1619 8753 2207 1592 8754 2208 1620 8755 2210 1591 8756 2209 1621 8757 2211 1593 8758 2169 1596 8759 2170 1596 8760 2170 1622 8761 2212 1621 8762 2211 1592 8763 2164 1621 8764 2214 1586 8765 2213 1621 8766 2214 1592 8767 2164 1593 8768 2165 1591 8769 2209 1620 8770 2210 1624 8771 2216 1624 8772 2216 1623 8773 2215 1591 8774 2209 1626 8775 2218 1625 8776 2217 1628 8777 2220 1628 8778 2220 1627 8779 2219 1626 8780 2218 1535 8781 2223 1630 8782 2222 1537 8783 2224 1537 8784 2224 1630 8785 2222 1629 8786 2221 1536 8787 2102 1537 8788 2103 1544 8789 2225 1538 8790 2104 1631 8791 2226 1610 8792 2198 1538 8793 2104 1539 8794 2105 1631 8795 2226 1629 8796 2221 1544 8797 2110 1537 8798 2224 1544 8799 2110 1629 8800 2221 1543 8801 2109 1536 8802 2102 1544 8803 2225 1541 8804 2227 1543 8805 2228 1540 8806 2106 1542 8807 2125 1543 8808 2228 1539 8809 2105 1540 8810 2106 1615 8811 2203 1632 8812 2229 1612 8813 2200 1632 8814 2229 1614 8815 2202 1612 8816 2200 1564 8817 2230 1567 8818 2137 1563 8819 2193 1567 8820 2137 1564 8821 2230 1566 8822 2136 1547 8823 2231 1581 8824 2153 1582 8825 2154 1581 8826 2153 1547 8827 2231 1548 8828 2176 1602 8829 2233 1601 8830 2232 1589 8831 2161 1602 8832 2233 1589 8833 2161 1590 8834 2162 1596 8835 2170 1597 8836 2171 1625 8837 2217 1574 8838 2146 1600 8839 2177 1577 8840 2149 1574 8841 2146 1581 8842 2153 1600 8843 2177 1633 8844 2234 1628 8845 2220 1597 8846 2171 1597 8847 2171 1628 8848 2220 1625 8849 2217 1634 8850 2235 1602 8851 2233 1635 8852 2236 1635 8853 2236 1602 8854 2233 1590 8855 2162 1605 8856 2191 1606 8857 2192 1565 8858 2135 1606 8859 2192 1567 8860 2137 1565 8861 2135 1570 8862 2237 1571 8863 2190 1609 8864 2197 1605 8865 2191 1609 8866 2197 1571 8867 2190 1598 8868 2238 1615 8869 2203 1599 8870 2239 1599 8871 2239 1615 8872 2203 1616 8873 2204 1626 8874 2218 1588 8875 2160 1589 8876 2161 1589 8877 2161 1622 8878 2212 1626 8879 2218 1631 8880 2226 1630 8881 2240 1610 8882 2198 1630 8883 2240 1631 8884 2226 1629 8885 2241 1539 8886 2105 1629 8887 2241 1631 8888 2226 1629 8889 2241 1539 8890 2105 1543 8891 2228 1555 8892 2130 1556 8893 2242 1636 8894 2243 1555 8895 2130 1636 8896 2243 1564 8897 2133 1637 8898 2244 1556 8899 2122 1557 8900 2123 1637 8901 2244 1557 8902 2123 1638 8903 2245 1607 8904 2195 1536 8905 2102 1640 8906 2247 1640 8907 2247 1536 8908 2102 1639 8909 2246 1566 8910 2136 1642 8911 2249 1565 8912 2135 1642 8913 2249 1566 8914 2136 1641 8915 2248 1565 8916 2135 1643 8917 2250 1608 8918 2196 1643 8919 2250 1565 8920 2135 1642 8921 2249 1536 8922 2102 1561 8923 2251 1639 8924 2246 1561 8925 2251 1536 8926 2102 1541 8927 2227 1540 8928 2106 1644 8929 2252 1560 8930 2127 1644 8931 2252 1540 8932 2106 1538 8933 2104 1641 8934 2248 1566 8935 2136 1564 8936 2230 1641 8937 2248 1564 8938 2230 1636 8939 2253 1637 8940 2254 1546 8941 2112 1547 8942 2113 1637 8943 2254 1547 8944 2113 1645 8945 2255 1583 8946 2155 1647 8947 2257 1646 8948 2256 1583 8949 2155 1646 8950 2256 1582 8951 2154 1648 8952 2258 1583 8953 2155 1613 8954 2201 1583 8955 2155 1648 8956 2258 1647 8957 2257 1582 8958 2154 1646 8959 2256 1645 8960 2259 1582 8961 2154 1645 8962 2259 1547 8963 2231 1545 8964 2143 1546 8965 2260 1580 8966 2152 1545 8967 2143 1580 8968 2152 1572 8969 2142 1649 8970 2261 1615 8971 2203 1598 8972 2238 1615 8973 2203 1649 8974 2261 1632 8975 2229 1618 8976 2262 1598 8977 2172 1549 8978 2173 1598 8979 2172 1618 8980 2262 1649 8981 2263 1535 8982 2223 1569 8983 2139 1570 8984 2140 1535 8985 2223 1570 8986 2140 1630 8987 2222 1612 8988 2200 1576 8989 2148 1617 8990 2205 1576 8991 2148 1612 8992 2200 1575 8993 2147 1578 8994 2150 1619 8995 2207 1550 8996 2116 1619 8997 2207 1578 8998 2150 1579 8999 2151 1587 9000 2159 1620 9001 2210 1586 9002 2158 1586 9003 2158 1620 9004 2210 1592 9005 2208 1650 9006 2264 1624 9007 2216 1587 9008 2159 1587 9009 2159 1624 9010 2216 1620 9011 2210 1568 9012 2187 1607 9013 2195 1558 9014 2124 1607 9015 2195 1568 9016 2187 1569 9017 2194 1609 9018 2197 1605 9019 2191 1608 9020 2196 1608 9021 2196 1605 9022 2191 1565 9023 2135 1572 9024 2142 1578 9025 2150 1573 9026 2145 1573 9027 2145 1578 9028 2150 1611 9029 2199 1574 9030 2146 1575 9031 2147 1613 9032 2201 1613 9033 2201 1583 9034 2155 1574 9035 2146 1601 9036 2232 1621 9037 2211 1622 9038 2212 1622 9039 2212 1589 9040 2161 1601 9041 2232 1586 9042 2213 1601 9043 2179 1585 9044 2180 1601 9045 2179 1586 9046 2213 1621 9047 2214 1588 9048 2160 1626 9049 2218 1627 9050 2219 1627 9051 2219 1651 9052 2265 1588 9053 2160 1630 9054 2240 1570 9055 2237 1610 9056 2198 1610 9057 2198 1570 9058 2237 1609 9059 2197 1625 9060 2217 1622 9061 2212 1596 9062 2170 1625 9063 2217 1626 9064 2218 1622 9065 2212 1558 9066 2124 1640 9067 2247 1557 9068 2123 1640 9069 2247 1558 9070 2124 1607 9071 2195 1538 9072 2104 1643 9073 2250 1644 9074 2252 1643 9075 2250 1538 9076 2104 1608 9077 2196 1557 9078 2123 1652 9079 2266 1638 9080 2245 1652 9081 2266 1557 9082 2123 1640 9083 2247 1643 9084 2250 1648 9085 2258 1653 9086 2267 1637 9087 2244 1580 9088 2152 1546 9089 2260 1580 9090 2152 1637 9091 2244 1638 9092 2245 1556 9093 2242 1637 9094 2254 1645 9095 2255 1556 9096 2242 1645 9097 2255 1636 9098 2243 1647 9099 2257 1642 9100 2249 1641 9101 2248 1647 9102 2257 1641 9103 2248 1646 9104 2256 1648 9105 2258 1643 9106 2250 1642 9107 2249 1648 9108 2258 1642 9109 2249 1647 9110 2257 1641 9111 2248 1645 9112 2259 1646 9113 2256 1645 9114 2259 1641 9115 2248 1636 9116 2253 1580 9117 2152 1638 9118 2245 1652 9119 2266 1580 9120 2152 1652 9121 2266 1579 9122 2151 1614 9123 2202 1654 9124 2268 1613 9125 2201 1643 9126 2250 1655 9127 2269 1644 9128 2252 1613 9129 2201 1654 9130 2268 1656 9131 2270 1643 9132 2250 1653 9133 2267 1655 9134 2269 1613 9135 2201 1656 9136 2270 1648 9137 2258 1486 9138 2271 1483 9139 2050 1509 9140 2051 1486 9141 2271 1509 9142 2051 1523 9143 2100 1534 9144 2089 1521 9145 2074 1508 9146 2272 1507 9147 2073 1508 9148 2272 1521 9149 2074 1618 9150 2276 1619 9151 2275 1632 9152 2273 1632 9153 2273 1619 9154 2275 1614 9155 2274 1639 9156 2279 1655 9157 2277 1657 9158 2280 1655 9159 2277 1639 9160 2279 1644 9161 2278 1619 9162 2275 1654 9163 2281 1614 9164 2274 1654 9165 2281 1619 9166 2275 1658 9167 2282 1659 9168 2284 1655 9169 2277 1653 9170 2283 1655 9171 2277 1659 9172 2284 1657 9173 2280 1660 9174 2286 1654 9175 2281 1658 9176 2282 1654 9177 2281 1660 9178 2286 1656 9179 2285 1659 9180 2284 1648 9181 2287 1652 9182 2288 1648 9183 2287 1659 9184 2284 1653 9185 2283 1652 9186 2288 1656 9187 2285 1660 9188 2286 1656 9189 2285 1652 9190 2288 1648 9191 2287 1560 9192 2289 1639 9193 2279 1561 9194 2290 1639 9195 2279 1560 9196 2289 1644 9197 2278 1559 9198 2291 1560 9199 2289 1561 9200 2290 1632 9201 2273 1649 9202 2292 1618 9203 2276 1640 9204 2247 1639 9205 2246 1657 9206 2293 1619 9207 2207 1579 9208 2151 1658 9209 2294 1660 9210 2295 1579 9211 2151 1652 9212 2266 1658 9213 2294 1579 9214 2151 1660 9215 2295 1640 9216 2247 1659 9217 2296 1652 9218 2266 1640 9219 2247 1657 9220 2293 1659 9221 2296 1624 9222 2216 1551 9223 2117 1552 9224 2118 1624 9225 2216 1552 9226 2118 1623 9227 2215 1661 9228 2299 1634 9229 2298 1554 9230 2300 1554 9231 2300 1634 9232 2298 1553 9233 2297 1661 9234 2301 1573 9235 2145 1662 9236 2302 1661 9237 2301 1554 9238 2144 1573 9239 2145 1576 9240 2148 1651 9241 2265 1627 9242 2219 1651 9243 2265 1576 9244 2148 1577 9245 2149 1623 9246 2303 1552 9247 2174 1599 9248 2175 1623 9249 2303 1599 9250 2175 1663 9251 2304 1600 9252 2177 1634 9253 2235 1635 9254 2236 1634 9255 2235 1600 9256 2177 1553 9257 2178 1611 9258 2199 1551 9259 2117 1650 9260 2264 1650 9261 2264 1551 9262 2117 1624 9263 2216 1616 9264 2204 1628 9265 2220 1633 9266 2234 1628 9267 2220 1616 9268 2204 1617 9269 2205 1600 9270 2177 1635 9271 2236 1577 9272 2149 1651 9273 2265 1577 9274 2149 1635 9275 2236 1616 9276 2204 1633 9277 2234 1599 9278 2239 1663 9279 2305 1599 9280 2239 1633 9281 2234 1627 9282 2219 1628 9283 2220 1617 9284 2205 1617 9285 2205 1576 9286 2148 1627 9287 2219 1662 9288 2302 1611 9289 2199 1650 9290 2264 1611 9291 2199 1662 9292 2302 1573 9293 2145 1662 9294 2302 1650 9295 2264 1584 9296 2156 1584 9297 2156 1650 9298 2264 1587 9299 2159 1595 9300 2181 1634 9301 2298 1661 9302 2299 1634 9303 2298 1595 9304 2181 1602 9305 2182 1584 9306 2156 1595 9307 2167 1662 9308 2302 1595 9309 2167 1661 9310 2301 1662 9311 2302 1597 9312 2171 1594 9313 2168 1633 9314 2234 1594 9315 2168 1663 9316 2305 1633 9317 2234 1623 9318 2306 1594 9319 2166 1591 9320 2163 1594 9321 2166 1623 9322 2306 1663 9323 2307 1651 9324 2265 1635 9325 2236 1590 9326 2162 1651 9327 2265 1590 9328 2162 1588 9329 2160 1666 9330 2310 1667 9331 2311 1664 9332 2308 1664 9333 2308 1665 9334 2309 1666 9335 2310 1669 9336 2313 1670 9337 2314 1671 9338 2315 1669 9339 2313 1671 9340 2315 1668 9341 2312 1669 9342 2313 1667 9343 2311 1670 9344 2314 1667 9345 2311 1669 9346 2313 1664 9347 2308 1673 9348 2317 1666 9349 2310 1672 9350 2316 1666 9351 2310 1673 9352 2317 1667 9353 2311 1670 9354 2314 1673 9355 2317 1674 9356 2318 1673 9357 2317 1670 9358 2314 1667 9359 2311 1671 9360 2315 1674 9361 2319 1675 9362 2320 1674 9363 2319 1671 9364 2315 1670 9365 2314 1671 9366 2315 1676 9367 2321 1668 9368 2312 1676 9369 2321 1671 9370 2315 1675 9371 2320 1668 9372 2312 1676 9373 2321 1669 9374 2313 1676 9375 2321 1677 9376 2322 1669 9377 2313 1664 9378 2308 1669 9379 2313 1677 9380 2323 1677 9381 2323 1678 9382 2324 1664 9383 2308 1665 9384 2309 1664 9385 2308 1678 9386 2324 1678 9387 2324 1679 9388 2325 1665 9389 2309 1665 9390 2309 1680 9391 2326 1666 9392 2310 1666 9393 2310 1680 9394 2326 1681 9395 2327 1684 9396 2330 1682 9397 2328 1683 9398 2329 1682 9399 2328 1684 9400 2330 1685 9401 2331 1681 9402 2327 1685 9403 2331 1684 9404 2330 1685 9405 2331 1681 9406 2327 1680 9407 2326 1666 9408 2310 1686 9409 2332 1672 9410 2316 1686 9411 2332 1666 9412 2310 1681 9413 2327 1681 9414 2327 1684 9415 2330 1686 9416 2332 1686 9417 2332 1684 9418 2330 1687 9419 2333 1683 9420 2329 1687 9421 2334 1684 9422 2330 1687 9423 2334 1683 9424 2329 1688 9425 2335 1689 9426 2336 1688 9427 2335 1682 9428 2328 1682 9429 2328 1688 9430 2335 1683 9431 2329 1685 9432 2331 1690 9433 2337 1689 9434 2336 1685 9435 2331 1689 9436 2336 1682 9437 2328 1691 9438 2339 1690 9439 2338 1680 9440 2326 1680 9441 2326 1690 9442 2338 1685 9443 2331 1679 9444 2325 1691 9445 2339 1665 9446 2309 1665 9447 2309 1691 9448 2339 1680 9449 2326</p></triangles>
      </mesh>
    </geometry>
    <geometry id="wheels_spin_steer-lib" name="wheels_spin_steerMesh">
      <mesh>
        <source id="wheels_spin_steer-POSITION">
          <float_array id="wheels_spin_steer-POSITION-array" count="1890">
0.761545 -0.059203 -0.297487
0.732287 -0.000045 -0.353539
0.761545 -0.000045 -0.300954
0.761545 -0.168563 -0.252197
0.732287 -0.135336 -0.326596
0.761545 -0.115255 -0.278056
0.761545 -0.252208 -0.168480
0.732287 -0.249968 -0.249958
0.761545 -0.212841 -0.212831
0.761545 -0.297497 -0.059193
0.732286 -0.326607 -0.135253
0.761545 -0.278139 -0.115173
0.761545 -0.297497 0.059195
0.732286 -0.353549 -0.000035
0.761545 -0.301037 -0.000035
0.761545 -0.252208 0.168482
0.732286 -0.326607 0.135256
0.761545 -0.278139 0.115175
0.761545 -0.168563 0.252200
0.732287 -0.249969 0.249960
0.761545 -0.212842 0.212833
0.761545 -0.059203 0.297489
0.732287 -0.135336 0.326599
0.761545 -0.115184 0.278059
0.761545 0.059113 0.297489
0.732287 -0.000046 0.353469
0.761545 -0.000046 0.300956
0.761545 0.168472 0.252200
0.732287 0.135246 0.326599
0.761545 0.115165 0.278059
0.761545 0.252117 0.168483
0.732287 0.249950 0.249961
0.761545 0.212750 0.212833
0.761545 0.297407 0.059195
0.732287 0.326589 0.135256
0.761545 0.278048 0.115175
0.761545 0.297407 -0.059193
0.732287 0.353459 -0.000035
0.761545 0.300946 -0.000035
0.761545 0.252117 -0.168480
0.732287 0.326589 -0.135253
0.761545 0.278048 -0.115173
0.761545 0.168472 -0.252197
0.732287 0.249950 -0.249958
0.761545 0.212751 -0.212831
0.761545 0.059113 -0.297487
0.732287 0.135246 -0.326596
0.761545 0.115165 -0.278056
0.732287 -0.069532 -0.349349
0.732287 -0.197961 -0.296187
0.732287 -0.296197 -0.197879
0.732286 -0.349432 -0.069522
0.732286 -0.349432 0.069525
0.732287 -0.296197 0.197881
0.732287 -0.197961 0.296189
0.732287 -0.069533 0.349352
0.732287 0.069442 0.349352
0.732287 0.197870 0.296189
0.732287 0.296178 0.197881
0.732287 0.349342 0.069525
0.732287 0.349342 -0.069522
0.732287 0.296178 -0.197879
0.732287 0.197871 -0.296187
0.732287 0.069442 -0.349350
0.598408 -0.326607 0.135256
0.562537 -0.203180 0.084118
0.598408 0.326589 -0.135253
0.598408 0.349342 -0.069522
0.598408 -0.326607 -0.135253
0.562537 -0.203180 -0.084116
0.598408 0.135245 0.326599
0.598408 0.069442 0.349352
0.598408 -0.249969 0.249960
0.562537 -0.155520 0.155448
0.598408 -0.353550 -0.000035
0.562537 -0.217362 0.043220
0.562537 0.043201 -0.217288
0.598408 0.069442 -0.349350
0.598408 0.353459 -0.000035
0.562537 0.217271 0.043220
0.598408 0.349342 0.069525
0.598408 0.249950 0.249961
0.598408 0.197870 0.296189
0.598408 -0.000046 0.353469
0.598408 -0.349432 -0.069522
0.598408 0.249950 -0.249958
0.562537 0.155429 -0.155445
0.562537 0.219788 -0.000035
0.562537 0.084108 -0.203097
0.562537 -0.043291 -0.217287
0.562537 0.184187 0.123047
0.562537 0.155429 0.155448
0.598408 -0.349432 0.069525
0.598408 -0.069532 -0.349349
0.562537 -0.043292 0.217290
0.598408 -0.069533 0.349352
0.562537 0.084108 0.203100
0.598408 -0.197961 -0.296187
0.598408 -0.135336 0.326599
0.598408 -0.197961 0.296189
0.598408 -0.296197 -0.197879
0.598408 -0.249969 -0.249958
0.598408 -0.296197 0.197881
0.562537 -0.123127 -0.184204
0.562537 -0.084198 -0.203097
0.562537 0.184187 -0.123108
0.598408 0.296178 -0.197879
0.598408 0.197871 -0.296187
0.598408 0.296178 0.197881
0.562537 -0.084190 0.203100
0.769019 -0.175425 -0.117195
0.725442 0.059868 0.089664
0.733829 0.075610 0.075672
0.725442 0.075610 0.075672
0.725442 -0.105782 0.021005
0.733829 -0.098906 0.040953
0.725442 -0.098906 0.040953
0.725442 -0.000046 -0.107011
0.733829 -0.021086 -0.105771
0.725442 -0.021086 -0.105771
0.725442 0.040917 -0.098870
0.733829 0.020994 -0.105771
0.725442 0.020994 -0.105771
0.725442 -0.089698 -0.059898
0.733829 -0.098906 -0.040951
0.725442 -0.098906 -0.040951
0.769019 -0.117206 -0.175342
0.769019 -0.148049 -0.147966
0.769019 0.041127 -0.206836
0.769019 -0.041217 -0.206835
0.769019 -0.080151 -0.193328
0.769019 -0.193411 -0.080068
0.769019 -0.206918 -0.041135
0.769019 -0.209302 -0.000035
0.769019 -0.206918 0.041138
0.769019 -0.193411 0.080071
0.769019 -0.175425 0.117126
0.769019 -0.148049 0.147969
0.769019 -0.117206 0.175345
0.769019 -0.080151 0.193331
0.769019 -0.041218 0.206838
0.769019 -0.000046 0.209294
0.769019 0.041127 0.206838
0.769019 0.080060 0.193331
0.769019 0.117115 0.175345
0.769019 0.147958 0.147969
0.769019 0.175334 0.117126
0.769019 0.193320 0.080071
0.769019 0.206827 0.041138
0.769019 0.209211 -0.000035
0.769019 0.206827 -0.041135
0.769019 0.193320 -0.080068
0.769019 0.175334 -0.117195
0.769019 0.147958 -0.147966
0.725442 -0.041008 -0.098870
0.733829 -0.059960 -0.089661
0.725442 -0.059960 -0.089661
0.725442 0.020994 0.105773
0.733829 0.040917 0.098872
0.725442 0.040917 0.098872
0.725442 0.089631 0.059901
0.733829 0.098815 0.040953
0.725442 0.098815 0.040953
0.733829 0.089631 0.059901
0.733829 -0.105782 -0.021075
0.725442 -0.105782 -0.021075
0.725442 0.075611 -0.075670
0.733829 0.059868 -0.089662
0.725442 0.059868 -0.089662
0.725442 -0.107043 -0.000035
0.733829 -0.105782 0.021005
0.725442 -0.075702 0.075673
0.733829 -0.059960 0.089664
0.725442 -0.059960 0.089664
0.769019 0.117115 -0.175342
0.769019 0.080060 -0.193328
0.741788 0.037299 -0.187658
0.769019 -0.000046 -0.209291
0.741788 0.106244 -0.159090
0.741788 0.159046 -0.106324
0.741788 0.187613 -0.037307
0.741788 0.187613 0.037309
0.741788 0.159046 0.106255
0.741788 0.106244 0.159057
0.741788 0.037299 0.187660
0.741788 -0.037389 0.187660
0.741788 -0.106335 0.159057
0.741788 -0.159137 0.106255
0.741788 -0.187705 0.037309
0.741788 -0.187705 -0.037307
0.741788 -0.159137 -0.106324
0.741788 -0.106335 -0.159090
0.741788 -0.037389 -0.187658
0.733829 -0.089698 0.059901
0.725442 -0.089698 0.059901
0.725442 0.105690 0.021005
0.733829 0.106951 -0.000035
0.725442 0.106951 -0.000035
0.725442 0.098815 -0.040951
0.733829 0.089607 -0.059898
0.725442 0.089607 -0.059898
0.725442 -0.021086 0.105773
0.733829 -0.000046 0.107013
0.725442 -0.000046 0.107013
0.733829 0.059868 0.089664
0.725442 0.105690 -0.021075
0.733829 0.098815 -0.040951
0.733829 -0.000046 -0.107011
0.725442 -0.041008 0.098872
0.733829 -0.021086 0.105773
0.733829 -0.041008 0.098872
0.733829 -0.107043 -0.000035
0.725442 -0.075702 -0.075670
0.733829 -0.089698 -0.059898
0.733829 -0.075702 0.075672
0.733829 0.105690 -0.021075
0.733829 0.075611 -0.075670
0.733829 -0.041008 -0.098870
0.733829 -0.075702 -0.075670
0.733829 0.105690 0.021005
0.733829 0.040917 -0.098870
0.733829 0.020994 0.105773
0.741788 -0.134289 -0.134242
0.741788 0.175370 -0.072664
0.741788 -0.072711 -0.175414
0.741788 0.134234 0.134245
0.741788 0.175370 0.072631
0.741788 -0.134289 0.134245
0.741788 -0.072711 0.175381
0.741788 0.134234 -0.134242
0.741788 0.072620 0.175381
0.741788 0.072620 -0.175415
0.741788 -0.000046 -0.189861
0.741788 -0.175461 0.072631
0.741788 -0.000046 0.189864
0.741788 -0.175461 -0.072664
0.741788 0.189817 -0.000035
0.741788 -0.189907 -0.000035
0.576737 0.155429 0.155448
0.576737 0.123037 0.184206
0.576737 0.084108 0.203100
0.576737 -0.000046 0.219863
0.576737 0.217271 0.043220
0.576737 -0.084190 0.203100
0.576738 0.217271 -0.043217
0.576737 0.203089 -0.084116
0.576737 0.184187 -0.123108
0.576737 -0.043291 -0.217287
0.576738 -0.203180 0.084118
0.576738 -0.217362 -0.043217
0.576737 -0.219879 -0.000035
0.576737 0.043201 -0.217288
0.576737 -0.000046 -0.219860
0.576737 -0.155520 -0.155445
0.576737 0.084108 -0.203097
0.576737 -0.084198 -0.203097
0.576737 0.155429 -0.155445
0.562537 0.203089 -0.084116
0.576737 -0.123128 0.184206
0.576737 0.219788 -0.000035
0.576737 0.203089 0.084118
0.576737 0.043201 0.217290
-0.732286 0.000046 -0.353469
-0.761545 -0.059113 -0.297417
-0.761545 0.000046 -0.300884
-0.732287 -0.135245 -0.326527
-0.761545 -0.168472 -0.252127
-0.761545 -0.115165 -0.277987
-0.732287 -0.249878 -0.249888
-0.761545 -0.252117 -0.168411
-0.761545 -0.212750 -0.212761
-0.732287 -0.326516 -0.135184
-0.761545 -0.297407 -0.059123
-0.761545 -0.278048 -0.115103
-0.732287 -0.353459 0.000035
-0.761545 -0.297407 0.059265
-0.761545 -0.300946 0.000035
-0.732287 -0.326516 0.135325
-0.761545 -0.252117 0.168552
-0.761545 -0.278048 0.115245
-0.732287 -0.249878 0.250030
-0.761545 -0.168472 0.252269
-0.761545 -0.212751 0.212903
-0.732287 -0.135245 0.326669
-0.761545 -0.059113 0.297559
-0.761545 -0.115093 0.278129
-0.732287 0.000045 0.353539
-0.761545 0.059203 0.297559
-0.761545 0.000045 0.301026
-0.732287 0.135336 0.326669
-0.761545 0.168563 0.252270
-0.761545 0.115255 0.278129
-0.732287 0.250041 0.250030
-0.761545 0.252207 0.168553
-0.761545 0.212841 0.212903
-0.732286 0.326679 0.135325
-0.761545 0.297497 0.059265
-0.761545 0.278139 0.115245
-0.732286 0.353550 0.000035
-0.761545 0.297497 -0.059123
-0.761545 0.301036 0.000035
-0.732286 0.326679 -0.135184
-0.761545 0.252207 -0.168411
-0.761545 0.278139 -0.115103
-0.732287 0.250041 -0.249888
-0.761545 0.168563 -0.252128
-0.761545 0.212841 -0.212761
-0.732287 0.135336 -0.326527
-0.761545 0.059204 -0.297417
-0.761545 0.115256 -0.277987
-0.732287 -0.069441 -0.349280
-0.732287 -0.197870 -0.296117
-0.732287 -0.296106 -0.197809
-0.732287 -0.349341 -0.069453
-0.732287 -0.349341 0.069594
-0.732287 -0.296106 0.197951
-0.732287 -0.197870 0.296259
-0.732287 -0.069442 0.349422
-0.732287 0.069532 0.349422
-0.732287 0.197961 0.296259
-0.732287 0.296269 0.197951
-0.732286 0.349433 0.069594
-0.732286 0.349433 -0.069453
-0.732287 0.296269 -0.197809
-0.732287 0.197962 -0.296117
-0.732287 0.069533 -0.349280
-0.562537 -0.184187 0.123117
-0.598408 -0.326516 0.135325
-0.562537 -0.203089 0.084188
-0.562537 0.217362 -0.043147
-0.562537 0.203180 -0.084046
-0.562537 -0.217271 -0.043147
-0.598408 -0.326516 -0.135184
-0.562537 -0.203089 -0.084046
-0.598408 0.135336 0.326669
-0.598408 -0.249878 0.250030
-0.562537 -0.155429 0.155517
-0.562537 -0.217271 0.043289
-0.598408 -0.353459 0.000035
-0.562537 -0.219788 0.000035
-0.598408 0.000046 -0.353469
-0.562537 0.043292 -0.217218
-0.598408 0.353550 0.000035
-0.562537 0.217362 0.043289
-0.562537 0.219879 0.000035
-0.598408 0.250041 0.250030
-0.598408 0.000045 0.353539
-0.562537 0.000045 0.219932
-0.598408 0.326679 0.135325
-0.598408 0.250041 -0.249888
-0.598408 0.135336 -0.326527
-0.598408 -0.069441 -0.349280
-0.562537 -0.043201 0.217360
-0.598408 -0.197870 -0.296117
-0.598408 -0.135245 0.326669
-0.598408 -0.296106 -0.197809
-0.562537 -0.184187 -0.123039
-0.598408 -0.249878 -0.249888
-0.562537 -0.155429 -0.155375
-0.598408 -0.349341 -0.069453
-0.598408 -0.349341 0.069594
-0.598408 -0.296107 0.197951
-0.562537 -0.123037 -0.184134
-0.598408 -0.135245 -0.326527
-0.562537 -0.084107 -0.203028
-0.598408 -0.197870 0.296259
-0.562537 0.184278 -0.123039
-0.598408 -0.069442 0.349422
-0.598408 0.069532 0.349422
-0.598408 0.197961 0.296259
-0.598408 0.296269 0.197951
-0.598408 0.349433 0.069594
-0.598408 0.349433 -0.069453
-0.598408 0.296269 -0.197809
-0.598408 0.197961 -0.296117
-0.598408 0.069533 -0.349280
-0.769019 -0.175334 -0.117126
-0.733829 0.075701 0.075742
-0.725442 0.059959 0.089734
-0.725442 0.075701 0.075742
-0.733829 -0.098815 0.041023
-0.725442 -0.105691 0.021075
-0.725442 -0.098815 0.041023
-0.733829 -0.020995 -0.105701
-0.725442 0.000045 -0.106941
-0.725442 -0.020995 -0.105701
-0.733829 0.021085 -0.105701
-0.725442 0.041008 -0.098800
-0.725442 0.021085 -0.105701
-0.733829 -0.098815 -0.040881
-0.725442 -0.089607 -0.059829
-0.725442 -0.098815 -0.040881
-0.769019 -0.117115 -0.175273
-0.769019 0.041218 -0.206766
-0.769019 -0.041126 -0.206766
-0.769019 -0.206827 -0.041065
-0.769019 -0.206827 0.041207
-0.769019 -0.175334 0.117195
-0.769019 -0.117115 0.175414
-0.769019 -0.041127 0.206908
-0.769019 0.041218 0.206908
-0.769019 0.117206 0.175415
-0.769019 0.175425 0.117195
-0.769019 0.206918 0.041207
-0.769019 0.206918 -0.041065
-0.769019 0.175425 -0.117126
-0.733829 -0.059870 -0.089592
-0.725442 -0.040917 -0.098800
-0.725442 -0.059870 -0.089592
-0.733829 0.041008 0.098942
-0.725442 0.021085 0.105843
-0.725442 0.041008 0.098942
-0.733829 0.098905 0.041023
-0.725442 0.089722 0.059970
-0.725442 0.098905 0.041023
-0.733829 0.089722 0.059970
-0.733829 -0.105691 -0.021005
-0.725442 -0.105691 -0.021005
-0.733829 0.059959 -0.089592
-0.725442 0.075701 -0.075601
-0.725442 0.059959 -0.089592
-0.733829 -0.105691 0.021075
-0.725442 -0.106952 0.000035
-0.733829 -0.059870 0.089734
-0.725442 -0.075611 0.075742
-0.725442 -0.059870 0.089734
-0.769019 0.117206 -0.175273
-0.769019 0.000045 -0.209222
-0.741788 0.037390 -0.187588
-0.769019 0.080151 -0.193258
-0.741788 0.106335 -0.159020
-0.769019 0.148049 -0.147897
-0.741788 0.159137 -0.106255
-0.769019 0.193411 -0.079998
-0.741788 0.187704 -0.037237
-0.769019 0.209302 0.000035
-0.741788 0.187704 0.037379
-0.769019 0.193411 0.080140
-0.741788 0.159137 0.106324
-0.769019 0.148049 0.148039
-0.741788 0.106335 0.159126
-0.769019 0.080151 0.193400
-0.741788 0.037390 0.187730
-0.769019 0.000045 0.209363
-0.741788 -0.037299 0.187730
-0.769019 -0.080060 0.193400
-0.741788 -0.106244 0.159126
-0.769019 -0.147958 0.148039
-0.741788 -0.159046 0.106324
-0.769019 -0.193320 0.080140
-0.741788 -0.187614 0.037379
-0.769019 -0.209211 0.000035
-0.741788 -0.187614 -0.037237
-0.769019 -0.193320 -0.079998
-0.741788 -0.159046 -0.106255
-0.769019 -0.147958 -0.147897
-0.741788 -0.106244 -0.159020
-0.769019 -0.080060 -0.193258
-0.741788 -0.037298 -0.187588
-0.741788 0.072711 -0.175345
-0.741788 0.134325 -0.134173
-0.741788 0.175461 -0.072595
-0.741788 0.189907 0.000035
-0.741788 0.175461 0.072700
-0.741788 0.134325 0.134314
-0.741788 0.072711 0.175451
-0.741788 0.000045 0.189933
-0.741788 -0.072620 0.175451
-0.741788 -0.134198 0.134314
-0.741788 -0.175370 0.072700
-0.741788 -0.189817 0.000035
-0.741788 -0.175370 -0.072595
-0.741788 -0.134198 -0.134172
-0.741788 -0.072620 -0.175345
-0.741788 0.000045 -0.189791
-0.733829 -0.089607 0.059970
-0.725442 -0.089607 0.059970
-0.733829 0.107042 0.000035
-0.725442 0.105781 0.021075
-0.725442 0.107042 0.000035
-0.733829 0.089697 -0.059829
-0.725442 0.098905 -0.040881
-0.725442 0.089697 -0.059829
-0.733829 0.000045 0.107083
-0.725442 -0.020995 0.105843
-0.725442 0.000045 0.107083
-0.733829 0.059959 0.089734
-0.733829 0.098905 -0.040881
-0.725442 0.105781 -0.021005
-0.733829 0.000045 -0.106941
-0.733829 -0.020995 0.105843
-0.725442 -0.040917 0.098942
-0.733829 -0.040917 0.098942
-0.733829 -0.106952 0.000035
-0.733829 -0.089607 -0.059829
-0.725442 -0.075611 -0.075600
-0.733829 -0.075611 0.075742
-0.733829 0.105781 -0.021005
-0.733829 0.075701 -0.075601
-0.733829 -0.040917 -0.098800
-0.733829 -0.075611 -0.075600
-0.733829 0.105781 0.021075
-0.733829 0.041008 -0.098800
-0.733829 0.021085 0.105843
-0.576738 0.084198 0.203169
-0.576738 0.203180 -0.084046
-0.576738 0.043292 -0.217218
-0.576738 0.000045 -0.219790
-0.576738 0.155520 -0.155376
-0.576738 0.000045 0.219932
-0.576738 -0.123037 0.184276
-0.576738 0.219879 0.000035
-0.576738 0.184278 -0.123039
-0.576738 -0.219788 0.000035
-0.576738 -0.155429 -0.155375
0.562537 0.123037 0.184206
0.562537 0.155429 0.155448
0.562537 0.203089 0.084118
0.562537 0.217271 -0.043217
0.562537 0.155429 -0.155445
0.562537 0.084108 -0.203097
0.562537 -0.155520 -0.155445
0.562537 -0.217362 0.043220
0.562537 -0.043292 0.217290
0.562537 -0.000046 0.219863
-0.562537 0.123127 0.184276
-0.562537 0.043292 0.217360
-0.562537 0.084198 0.203169
-0.562537 0.155519 0.155517
-0.562537 0.184278 0.123117
-0.562537 0.203180 0.084188
-0.562537 0.217362 0.043289
-0.562537 -0.123037 0.184276
-0.562537 -0.084100 0.203169
-0.562537 -0.043201 -0.217218
-0.562537 0.155520 -0.155376
-0.562537 0.123127 -0.184134
-0.562537 -0.123037 -0.184134
-0.562537 0.000045 -0.219790
-0.562537 -0.203089 -0.084046
-0.562537 0.084199 -0.203028
-0.562537 -0.217271 0.043289
-0.562537 -0.043201 0.217360
-0.562537 0.203180 -0.084046
0.562537 0.084108 0.203100
0.562537 0.043201 0.217290
0.562537 -0.000046 -0.219860
0.562537 0.043201 -0.217288
0.562537 0.123037 0.184206
0.562537 -0.084190 0.203100
0.562537 -0.123128 0.184206
0.562537 -0.203180 -0.084116
0.562537 -0.184278 -0.123109
0.562537 -0.043291 -0.217287
0.562537 0.123037 -0.184204
0.562537 0.184187 0.123047
0.562537 0.203089 -0.084116
0.562537 -0.219879 -0.000035
0.562537 -0.217362 -0.043217
0.562537 -0.123127 -0.184204
0.562537 -0.184278 0.123047
0.562537 0.217271 0.043220
0.562537 -0.184278 0.123047
0.562537 -0.203180 0.084118
0.562537 -0.217362 -0.043217
0.562537 -0.155520 0.155448
0.562537 -0.219879 -0.000035
0.598408 -0.000045 -0.353539
0.562537 -0.000046 0.219863
0.598408 0.326589 0.135256
0.562537 0.219788 -0.000035
0.598408 0.135246 -0.326596
0.562537 -0.155520 -0.155445
0.598408 -0.135336 -0.326596
0.576737 0.184187 0.123047
0.576737 0.123037 -0.184204
0.576737 -0.123127 -0.184204
0.576738 -0.184278 -0.123109
-0.562537 -0.184187 0.123117
-0.562537 -0.203089 0.084188
-0.598408 0.326679 -0.135184
-0.562537 0.217362 -0.043147
-0.562537 -0.217271 -0.043147
-0.562537 0.043291 0.217360
-0.562537 0.084198 0.203169
-0.562537 -0.123037 0.184276
-0.562537 -0.155429 0.155517
-0.562537 -0.219788 0.000035
-0.562537 0.043292 -0.217218
-0.562537 0.000045 -0.219790
-0.562537 0.219879 0.000035
-0.562537 0.123127 0.184276
-0.562537 0.155519 0.155517
-0.562537 0.000045 0.219932
-0.562537 0.203180 0.084188
-0.562537 0.123127 -0.184134
-0.562537 0.155520 -0.155376
-0.562537 0.084199 -0.203028
-0.562537 -0.043201 -0.217218
-0.562537 0.184278 0.123117
-0.562537 -0.084100 0.203169
-0.562537 -0.184187 -0.123039
-0.562537 -0.155429 -0.155375
-0.562537 -0.084107 -0.203028
-0.576738 0.155519 0.155517
-0.576738 0.123127 0.184276
-0.576738 -0.084100 0.203169
-0.576738 0.217362 -0.043147
-0.576738 -0.043201 -0.217218
-0.576738 -0.217271 -0.043147
-0.576738 -0.184187 -0.123039
-0.576738 -0.084107 -0.203028
-0.576738 -0.203089 0.084188
-0.576738 -0.155429 0.155517
-0.576738 0.203180 0.084188
-0.576738 0.043292 0.217360
0.576737 -0.043292 0.217290
0.576738 -0.184278 0.123047
0.576738 -0.155520 0.155448
0.576738 -0.203180 -0.084116
-0.576738 0.184278 0.123117
-0.576738 0.217362 0.043289
-0.576738 -0.184187 0.123117
-0.576738 0.123127 -0.184134
-0.576738 -0.123037 -0.184134
-0.576738 -0.203089 -0.084046
-0.576738 0.084199 -0.203028
0.576737 -0.217362 0.043220
-0.576738 -0.043201 0.217360
-0.576738 -0.217271 0.043289
</float_array>
          <technique_common>
            <accessor source="#wheels_spin_steer-POSITION-array" count="630" stride="3">
              <param name="X" type="float"/>
              <param name="Y" type="float"/>
              <param name="Z" type="float"/>
            </accessor>
          </technique_common>
        </source>
        <source id="wheels_spin_steer-Normal0">
          <float_array id="wheels_spin_steer-Normal0-array" count="10296">
0.952216 -0.059576 -0.299559
0.873646 -0.000000 -0.486561
0.954726 -0.000000 -0.297486
0.952215 -0.169747 -0.253916
0.873557 -0.186198 -0.449698
0.954643 -0.113943 -0.275089
0.952214 -0.253938 -0.169719
0.873529 -0.344325 -0.344076
0.954606 -0.210706 -0.210547
0.952250 -0.299441 -0.059622
0.873481 -0.449745 -0.186440
0.954520 -0.275438 -0.114132
0.952249 -0.299448 0.059613
0.873627 -0.486597 -0.000016
0.954589 -0.297925 -0.000012
0.952219 -0.253925 0.169712
0.873481 -0.449745 0.186441
0.954521 -0.275432 0.114134
0.952215 -0.169710 0.253938
0.873528 -0.344326 0.344076
0.954608 -0.210706 0.210538
0.952195 -0.059536 0.299633
0.873611 -0.186165 0.449607
0.954693 -0.113852 0.274952
0.952195 0.059505 0.299641
0.873485 -0.000000 0.486851
0.954637 -0.000000 0.297773
0.952229 0.169675 0.253911
0.873557 0.186198 0.449698
0.954643 0.113943 0.275089
0.952298 0.253709 0.169590
0.873689 0.344073 0.343920
0.954672 0.210555 0.210399
0.952271 0.299396 0.059522
0.873688 0.449449 0.186184
0.954605 0.275181 0.114037
0.952272 0.299391 -0.059532
0.873630 0.486591 -0.000016
0.954591 0.297920 -0.000011
0.952293 0.253722 -0.169597
0.873688 0.449449 -0.186184
0.954603 0.275187 -0.114036
0.952229 0.169675 -0.253911
0.873689 0.344073 -0.343920
0.954670 0.210557 -0.210408
0.952216 0.059576 -0.299558
0.873557 0.186199 -0.449697
0.954643 0.113943 -0.275088
0.952216 -0.059576 -0.299559
0.873557 -0.186198 -0.449698
0.875000 -0.094548 -0.474799
0.952215 -0.169747 -0.253916
0.873529 -0.344325 -0.344076
0.875107 -0.268970 -0.402297
0.952214 -0.253938 -0.169719
0.873481 -0.449745 -0.186440
0.875107 -0.402383 -0.268841
0.952250 -0.299441 -0.059622
0.873627 -0.486597 -0.000016
0.875275 -0.474302 -0.094505
0.952249 -0.299448 0.059613
0.873481 -0.449745 0.186441
0.875274 -0.474307 0.094492
0.952219 -0.253925 0.169712
0.873528 -0.344326 0.344076
0.875106 -0.402384 0.268842
0.952215 -0.169710 0.253938
0.873611 -0.186165 0.449607
0.875107 -0.268970 0.402297
0.952195 -0.059536 0.299633
0.873485 -0.000000 0.486851
0.875001 -0.094321 0.474844
0.952195 0.059505 0.299641
0.873557 0.186198 0.449698
0.875000 0.094320 0.474845
0.952229 0.169675 0.253911
0.873689 0.344073 0.343920
0.875106 0.268842 0.402384
0.952298 0.253709 0.169590
0.873688 0.449449 0.186184
0.875340 0.402046 0.268587
0.952271 0.299396 0.059522
0.873630 0.486591 -0.000016
0.875278 0.474343 0.094276
0.952272 0.299391 -0.059532
0.873688 0.449449 -0.186184
0.875278 0.474340 -0.094289
0.952293 0.253722 -0.169597
0.873689 0.344073 -0.343920
0.875340 0.402045 -0.268587
0.952229 0.169675 -0.253911
0.873557 0.186199 -0.449697
0.875107 0.268842 -0.402384
0.952216 0.059576 -0.299558
0.873646 -0.000000 -0.486561
0.875001 0.094548 -0.474799
-0.965798 -0.239519 0.099320
-0.990021 -0.117179 0.078278
-0.990762 -0.125276 0.051921
-0.965817 0.239501 -0.099184
-0.990021 0.138218 -0.027445
-0.966305 0.252458 -0.050189
-0.965793 -0.239543 -0.099314
-0.990018 -0.138238 -0.027473
-0.995796 -0.086549 -0.030011
-0.965817 0.099166 0.239507
-0.990022 0.027512 0.138202
-0.966296 0.050148 0.252502
-0.965807 -0.183375 0.183276
-0.990025 -0.078272 0.117147
-0.990761 -0.095905 0.095890
-0.965812 -0.259243 -0.000009
-0.990017 -0.138243 0.027467
-0.990782 -0.135463 -0.000007
-0.965819 -0.000000 -0.259217
-0.993628 0.030404 -0.108532
-0.966296 0.050269 -0.252477
-0.965811 0.259246 -0.000008
-0.990021 0.138222 0.027439
-0.966305 0.252459 0.050182
-0.965826 0.183278 0.183272
-0.990028 0.078251 0.117136
-0.966316 0.142972 0.213991
-0.965801 -0.000000 0.259283
-0.990022 0.027512 0.138202
-0.990760 -0.000000 0.135627
-0.965822 0.239477 0.099191
-0.990021 0.138222 0.027439
-0.990771 0.125216 0.051897
-0.965812 -0.259243 -0.000009
-0.990018 -0.138238 -0.027473
-0.966306 -0.252432 -0.050304
-0.965818 0.183283 -0.183310
-0.990028 0.078252 -0.117138
-0.995797 0.060803 -0.068486
-0.965811 0.259246 -0.000008
-0.990021 0.138218 -0.027445
-0.990782 0.135465 -0.000007
-0.965817 0.099166 -0.239507
-0.993628 0.030404 -0.108532
-0.995800 0.030006 -0.086498
-0.965819 -0.000000 -0.259217
-0.993631 -0.013507 -0.111873
-0.990770 -0.000000 -0.135558
-0.965826 0.183278 0.183272
-0.993634 0.088632 0.069546
-0.995796 0.068507 0.060808
-0.965798 -0.239519 0.099320
-0.990017 -0.138243 0.027467
-0.966306 -0.252434 0.050296
-0.000000 -0.000001 -1.000000
0.000000 -0.195299 -0.980744
0.000000 -0.195299 -0.980744
-0.965801 -0.000000 0.259283
-0.990022 -0.027515 0.138202
-0.966296 -0.050148 0.252502
0.000000 -0.382477 -0.923965
0.000000 -0.195299 -0.980744
0.000000 -0.195299 -0.980744
-0.965817 0.099166 0.239507
-0.990028 0.078251 0.117136
-0.995798 0.039985 0.082388
0.000000 -0.707349 -0.706865
0.000000 -0.555816 -0.831306
0.000000 -0.555816 -0.831305
-0.965817 -0.099166 0.239506
-0.990025 -0.078272 0.117147
-0.966316 -0.143040 0.213946
-0.000001 -0.923712 -0.383087
-0.000001 -0.831496 -0.555531
0.000000 -0.831495 -0.555532
-0.965799 -0.183380 -0.183314
-0.990012 -0.117216 -0.078331
-0.990767 -0.095827 -0.095910
0.000002 -1.000000 -0.000031
0.000002 -0.980716 -0.195439
0.000001 -0.980716 -0.195437
-0.965793 -0.239543 -0.099314
-0.990012 -0.117216 -0.078331
-0.966274 -0.214124 -0.143058
-0.000000 -0.923712 0.383088
0.000001 -0.980722 0.195408
0.000002 -0.980722 0.195405
0.000000 -0.707351 0.706863
0.000000 -0.831496 0.555530
-0.000001 -0.831496 0.555531
-0.965817 -0.099166 -0.239507
-0.990025 -0.078275 -0.117143
-0.990773 -0.051889 -0.125206
0.000000 -0.382479 0.923964
0.000000 -0.555817 0.831305
0.000000 -0.555817 0.831305
-0.965818 0.183283 -0.183310
-0.990021 0.117166 -0.078303
-0.966302 0.214040 -0.142992
0.000000 -0.000000 1.000000
0.000000 -0.194792 0.980844
0.000000 -0.194792 0.980844
-0.965807 -0.183375 0.183276
-0.990021 -0.117179 0.078278
-0.966291 -0.214067 0.143029
-0.000000 0.382477 0.923965
-0.000000 0.194790 0.980845
-0.000000 0.194790 0.980845
-0.965817 -0.099166 -0.239507
-0.993631 -0.013507 -0.111873
-0.966296 -0.050269 -0.252478
-0.000001 0.707107 0.707107
-0.000000 0.555529 0.831497
-0.000000 0.555529 0.831497
-0.965817 0.099166 -0.239507
-0.990028 0.078252 -0.117138
-0.966316 0.142972 -0.213991
0.000000 0.923899 0.382638
0.000000 0.831495 0.555532
-0.000000 0.831496 0.555531
-0.965822 0.239477 0.099191
-0.993634 0.088632 0.069546
-0.966319 0.213983 0.142963
0.000000 1.000000 -0.000030
0.000000 0.980818 0.194928
0.000000 0.980818 0.194928
-0.965799 -0.183380 -0.183314
-0.990025 -0.078275 -0.117143
-0.966316 -0.143040 -0.213946
0.000000 0.923898 -0.382638
0.000000 0.980812 -0.194958
0.000000 0.980812 -0.194958
-0.965817 -0.099166 0.239506
-0.990022 -0.027515 0.138202
-0.995801 -0.030010 0.086491
-0.000000 0.707108 -0.707106
-0.000000 0.831496 -0.555531
0.000000 0.831496 -0.555531
-0.000000 0.382479 -0.923964
-0.000000 0.555530 -0.831496
-0.000000 0.555530 -0.831496
0.000000 -0.382478 -0.923965
0.000000 -0.555816 -0.831305
0.000000 -0.555816 -0.831306
0.000000 -0.707349 -0.706865
0.000000 -0.831495 -0.555532
-0.000001 -0.831496 -0.555531
-0.000000 -0.923712 -0.383088
0.000001 -0.980716 -0.195437
0.000002 -0.980716 -0.195439
0.000002 -1.000000 -0.000031
0.000002 -0.980722 0.195405
0.000001 -0.980722 0.195408
-0.000001 -0.923711 0.383089
-0.000001 -0.831496 0.555531
0.000000 -0.831496 0.555530
0.000000 -0.707351 0.706863
0.000000 -0.555817 0.831305
0.000000 -0.555817 0.831305
0.000000 -0.382479 0.923964
0.000000 -0.194792 0.980844
0.000000 -0.194792 0.980844
-0.000000 -0.000000 1.000000
-0.000000 0.194790 0.980845
-0.000000 0.194790 0.980845
-0.000000 0.382477 0.923965
-0.000000 0.555529 0.831497
-0.000000 0.555529 0.831497
-0.000000 0.707106 0.707107
-0.000000 0.831496 0.555531
0.000000 0.831495 0.555532
0.000000 0.923898 0.382638
0.000000 0.980818 0.194928
0.000000 0.980818 0.194928
0.000000 1.000000 -0.000030
0.000000 0.980812 -0.194958
0.000000 0.980812 -0.194958
0.000000 0.923898 -0.382638
0.000000 0.831496 -0.555531
-0.000000 0.831496 -0.555531
-0.000000 0.707108 -0.707106
-0.000000 0.555530 -0.831496
-0.000000 0.555530 -0.831496
-0.000000 0.382479 -0.923964
-0.000000 0.195298 -0.980744
-0.000000 0.195298 -0.980744
0.000000 -0.000001 -1.000000
-0.000000 0.195298 -0.980744
-0.000000 0.195298 -0.980744
0.954606 -0.210706 -0.210547
0.996744 -0.067039 -0.044811
0.952214 -0.253938 -0.169719
0.000000 0.664328 0.747442
0.000000 0.664328 0.747442
0.000000 0.664328 0.747442
0.000000 -0.945411 0.325880
0.000000 -0.945411 0.325880
0.000000 -0.945411 0.325880
0.000000 -0.058842 -0.998267
0.000000 -0.058842 -0.998267
0.000000 -0.058842 -0.998267
0.000000 0.327310 -0.944917
0.000000 0.327310 -0.944917
0.000000 0.327310 -0.944917
0.000000 -0.899419 -0.437088
0.000000 -0.899419 -0.437088
0.000000 -0.899419 -0.437088
0.954606 -0.210706 -0.210547
0.996745 -0.044784 -0.067030
0.996693 -0.057422 -0.057489
0.996745 0.015747 -0.079070
0.954726 -0.000000 -0.297486
0.952216 0.059576 -0.299558
0.954643 -0.113943 -0.275089
0.996745 -0.015747 -0.079071
0.996696 -0.031100 -0.075037
0.954520 -0.275438 -0.114132
0.996744 -0.067039 -0.044811
0.996696 -0.075049 -0.031071
0.954589 -0.297925 -0.000012
0.996746 -0.079070 -0.015701
0.996697 -0.081209 -0.000004
0.954521 -0.275432 0.114134
0.996745 -0.079070 0.015697
0.996696 -0.075037 0.031101
0.954608 -0.210706 0.210538
0.996744 -0.067046 0.044796
0.996693 -0.057457 0.057454
0.954693 -0.113852 0.274952
0.996745 -0.044781 0.067042
0.996694 -0.031112 0.075058
0.954637 -0.000000 0.297773
0.996744 -0.015755 0.079076
0.996692 -0.000000 0.081270
0.954643 0.113943 0.275089
0.996745 0.015747 0.079070
0.996696 0.031100 0.075036
0.954672 0.210555 0.210399
0.996746 0.044784 0.067029
0.996693 0.057457 0.057454
0.954605 0.275181 0.114037
0.996744 0.067046 0.044796
0.996696 0.075037 0.031100
0.954591 0.297920 -0.000011
0.996746 0.079068 0.015697
0.996697 0.081206 -0.000004
0.954603 0.275187 -0.114036
0.996746 0.079068 -0.015701
0.996696 0.075050 -0.031070
0.954670 0.210557 -0.210408
0.996744 0.067039 -0.044811
0.996693 0.057422 -0.057489
0.000000 -0.437015 -0.899454
0.000000 -0.437015 -0.899454
0.000000 -0.437015 -0.899454
0.000000 0.327306 0.944918
0.000000 0.327306 0.944918
0.000000 0.327306 0.944918
0.000000 0.899882 0.436134
0.000000 0.899882 0.436134
0.000000 0.899882 0.436134
0.000000 0.747366 0.664413
0.000000 0.747366 0.664413
0.000000 0.747366 0.664413
0.000000 -0.945047 -0.326935
0.000000 -0.945047 -0.326935
0.000000 -0.945047 -0.326935
0.000000 0.664322 -0.747447
0.000000 0.664322 -0.747447
0.000000 0.664322 -0.747447
0.000000 -0.998209 0.059815
0.000000 -0.998210 0.059815
0.000000 -0.998209 0.059815
0.000003 -0.664332 0.747438
0.000003 -0.664332 0.747438
0.000003 -0.664332 0.747438
0.954643 0.113943 -0.275088
0.996745 0.015747 -0.079070
0.952216 0.059576 -0.299558
0.954520 -0.275438 -0.114132
0.996746 -0.079070 -0.015701
0.952250 -0.299441 -0.059622
0.954643 -0.113943 -0.275089
0.996745 -0.044784 -0.067030
0.952215 -0.169747 -0.253916
0.954589 -0.297925 -0.000012
0.996745 -0.079070 0.015697
0.952249 -0.299448 0.059613
0.954521 -0.275432 0.114134
0.996744 -0.067046 0.044796
0.952219 -0.253925 0.169712
0.954608 -0.210706 0.210538
0.996745 -0.044781 0.067042
0.952215 -0.169710 0.253938
0.954693 -0.113852 0.274952
0.996744 -0.015755 0.079076
0.952195 -0.059536 0.299633
0.954637 -0.000000 0.297773
0.996745 0.015747 0.079070
0.952195 0.059505 0.299641
0.954643 0.113943 0.275089
0.996746 0.044784 0.067029
0.952229 0.169675 0.253911
0.954672 0.210555 0.210399
0.996744 0.067046 0.044796
0.952298 0.253709 0.169590
0.954605 0.275181 0.114037
0.996746 0.079068 0.015697
0.952271 0.299396 0.059522
0.954591 0.297920 -0.000011
0.996746 0.079068 -0.015701
0.952272 0.299391 -0.059532
0.954603 0.275187 -0.114036
0.996744 0.067039 -0.044811
0.952293 0.253722 -0.169597
0.954670 0.210557 -0.210408
0.996745 0.044784 -0.067029
0.952229 0.169675 -0.253911
0.954643 0.113943 -0.275088
0.996745 0.044784 -0.067029
0.996696 0.031100 -0.075036
0.827015 -0.109761 0.551361
0.580608 0.000000 0.814183
0.583311 -0.158800 0.796574
0.827004 -0.312278 0.467489
0.580236 -0.311814 0.752395
0.583249 -0.451206 0.675450
0.827128 -0.467278 0.312265
0.580475 -0.575544 0.576020
0.583838 -0.675034 0.451068
0.827174 -0.551183 0.109458
0.580740 -0.752194 0.311360
0.584012 -0.796206 0.158067
0.827180 -0.551170 -0.109477
0.580503 -0.814258 0.000043
0.584013 -0.796214 -0.158028
0.827196 -0.467300 -0.312053
0.580900 -0.751963 -0.311620
0.583837 -0.675121 -0.450940
0.827193 -0.312059 -0.467301
0.580620 -0.575709 -0.575708
0.583840 -0.450938 -0.675119
0.827024 -0.109889 -0.551321
0.580739 -0.311843 -0.751994
0.583312 -0.158799 -0.796574
0.827025 0.109888 -0.551320
0.580606 0.000000 -0.814184
0.583314 0.158800 -0.796572
0.827200 0.312131 -0.467241
0.580741 0.311842 -0.751993
0.583838 0.450937 -0.675121
0.827216 0.467218 -0.312124
0.580895 0.575574 -0.575566
0.583836 0.675122 -0.450938
0.827177 0.551175 -0.109476
0.580900 0.751963 -0.311620
0.584005 0.796220 -0.158025
0.827169 0.551189 0.109459
0.580496 0.814263 0.000043
0.584002 0.796213 0.158067
0.827135 0.467212 0.312347
0.580735 0.752197 0.311362
0.583836 0.675038 0.451066
0.827011 0.312351 0.467428
0.580748 0.575409 0.575879
0.583249 0.451206 0.675450
0.827015 0.109760 0.551361
0.580238 0.311813 0.752394
0.583312 0.158800 0.796574
0.580236 -0.311814 0.752395
0.827015 -0.109761 0.551361
0.583311 -0.158800 0.796574
0.580475 -0.575544 0.576020
0.827004 -0.312278 0.467489
0.583249 -0.451206 0.675450
0.580740 -0.752194 0.311360
0.827128 -0.467278 0.312265
0.583838 -0.675034 0.451068
0.580503 -0.814258 0.000043
0.827174 -0.551183 0.109458
0.584012 -0.796206 0.158067
0.580900 -0.751963 -0.311620
0.827180 -0.551170 -0.109477
0.584013 -0.796214 -0.158028
0.580620 -0.575709 -0.575708
0.827196 -0.467300 -0.312053
0.583837 -0.675121 -0.450940
0.580739 -0.311843 -0.751994
0.827193 -0.312059 -0.467301
0.583840 -0.450938 -0.675119
0.580606 0.000000 -0.814184
0.827024 -0.109889 -0.551321
0.583312 -0.158799 -0.796574
0.580741 0.311842 -0.751993
0.827025 0.109888 -0.551320
0.583314 0.158800 -0.796572
0.580895 0.575574 -0.575566
0.827200 0.312131 -0.467241
0.583838 0.450937 -0.675121
0.580900 0.751963 -0.311620
0.827216 0.467218 -0.312124
0.583836 0.675122 -0.450938
0.580496 0.814263 0.000043
0.827177 0.551175 -0.109476
0.584005 0.796220 -0.158025
0.580735 0.752197 0.311362
0.827169 0.551189 0.109459
0.584002 0.796213 0.158067
0.580748 0.575409 0.575879
0.827135 0.467212 0.312347
0.583836 0.675038 0.451066
0.580238 0.311813 0.752394
0.827011 0.312351 0.467428
0.583249 0.451206 0.675450
0.580608 0.000000 0.814183
0.827015 0.109760 0.551361
0.583312 0.158800 0.796574
0.954726 -0.000000 -0.297486
0.996745 -0.015747 -0.079071
0.952216 -0.059576 -0.299559
0.000000 -0.899417 0.437092
0.000000 -0.899417 0.437092
0.000000 -0.899417 0.437092
0.000000 0.998208 0.059843
0.000000 0.998208 0.059843
0.000000 0.998208 0.059843
0.000000 0.899419 -0.437087
0.000000 0.899419 -0.437087
0.000000 0.899419 -0.437087
0.000000 -0.058844 0.998267
0.000000 -0.058844 0.998267
0.000000 -0.058844 0.998267
0.000000 0.437019 0.899452
0.000000 0.437019 0.899452
0.000000 0.437019 0.899452
0.000000 0.945054 -0.326915
0.000000 0.945054 -0.326915
0.000000 0.945054 -0.326915
0.000001 0.058842 -0.998267
0.000001 0.058842 -0.998267
0.000001 0.058842 -0.998267
0.000000 -0.327307 0.944918
0.000000 -0.327307 0.944918
0.000000 -0.327307 0.944918
0.000000 -0.437009 0.899457
0.000000 -0.437009 0.899457
0.000000 -0.437009 0.899457
0.000000 -0.998209 -0.059814
0.000000 -0.998210 -0.059814
0.000000 -0.998210 -0.059814
-0.000002 -0.747961 -0.663743
-0.000002 -0.747961 -0.663742
-0.000002 -0.747961 -0.663742
0.000009 -0.747966 0.663737
0.000009 -0.747966 0.663737
0.000009 -0.747966 0.663736
0.000014 0.998208 -0.059837
0.000014 0.998208 -0.059837
0.000014 0.998208 -0.059837
0.000000 0.747956 -0.663749
0.000000 0.747956 -0.663749
0.000000 0.747956 -0.663749
0.000000 -0.327315 -0.944915
0.000000 -0.327315 -0.944915
0.000000 -0.327315 -0.944915
0.000000 -0.664334 -0.747435
0.000000 -0.664334 -0.747435
0.000000 -0.664335 -0.747435
0.000000 0.945419 0.325858
0.000000 0.945419 0.325858
0.000000 0.945419 0.325858
0.000000 0.437019 -0.899452
0.000000 0.437019 -0.899452
0.000000 0.437019 -0.899452
1.000000 0.000000 0.000000
1.000000 0.000000 0.000000
1.000000 0.000000 0.000000
0.000000 0.058845 0.998267
0.000000 0.058845 0.998267
0.000000 0.058845 0.998267
0.834113 0.389907 0.390165
0.981372 0.159725 0.106751
0.827135 0.467212 0.312347
0.833932 -0.509905 0.211080
0.981374 -0.188413 0.037499
0.981095 -0.178796 0.074059
0.833780 0.211334 0.510049
0.981370 0.037448 0.188441
0.981089 0.074103 0.178812
0.833749 -0.390425 -0.390423
0.981373 -0.159750 -0.106709
0.827196 -0.467300 -0.312053
0.834012 -0.509729 -0.211186
0.981373 -0.159750 -0.106709
0.981089 -0.178907 -0.073871
0.833997 0.390139 -0.390181
0.981360 0.106813 -0.159763
0.827200 0.312131 -0.467241
0.834041 0.211418 -0.509586
0.981360 0.106813 -0.159763
0.981074 0.074129 -0.178882
0.833871 -0.390192 0.390396
0.981372 -0.106782 0.159706
0.827004 -0.312278 0.467489
0.834012 -0.509729 -0.211186
0.981370 -0.188449 -0.037410
0.827180 -0.551170 -0.109477
0.834040 -0.211420 -0.509586
0.981365 -0.037479 -0.188463
0.981074 -0.074130 -0.178880
0.833749 -0.390425 -0.390423
0.981364 -0.106785 -0.159756
0.981098 -0.136825 -0.136845
0.833779 -0.211336 0.510049
0.981372 -0.106782 0.159706
0.981089 -0.074103 0.178811
0.834029 0.000000 0.551720
0.981370 0.037448 0.188441
0.827015 0.109760 0.551361
0.834019 0.509716 -0.211190
0.981370 0.188449 -0.037409
0.981089 0.178866 -0.073973
0.834028 0.000000 -0.551722
0.981365 -0.037479 -0.188463
0.827024 -0.109889 -0.551321
0.833931 0.509905 0.211082
0.981374 0.188414 0.037499
0.827169 0.551189 0.109459
0.834019 0.509716 -0.211190
0.981366 0.159762 -0.106761
0.827216 0.467218 -0.312124
0.833797 -0.552072 0.000031
0.981370 -0.188449 -0.037410
0.981095 -0.193525 -0.000001
0.833780 0.211334 0.510049
0.981368 0.106810 0.159712
0.827011 0.312351 0.467428
0.834113 0.389907 0.390165
0.981368 0.106810 0.159712
0.981086 0.136932 0.136821
0.833779 -0.211336 0.510049
0.981370 -0.037448 0.188440
0.827015 -0.109761 0.551361
0.833796 0.552073 0.000031
0.981374 0.188414 0.037499
0.981095 0.193526 -0.000000
0.833796 0.552073 0.000031
0.981370 0.188449 -0.037409
0.827177 0.551175 -0.109476
0.833997 0.390139 -0.390181
0.981366 0.159762 -0.106761
0.981086 0.136933 -0.136821
0.834040 -0.211420 -0.509586
0.981364 -0.106785 -0.159756
0.827193 -0.312059 -0.467301
0.833797 -0.552072 0.000031
0.981374 -0.188413 0.037499
0.827174 -0.551183 0.109458
0.834041 0.211418 -0.509586
0.981365 0.037480 -0.188463
0.827025 0.109888 -0.551320
0.834028 0.000000 -0.551722
0.981365 0.037480 -0.188463
0.981089 -0.000000 -0.193558
0.833932 -0.509905 0.211080
0.981377 -0.159717 0.106721
0.827128 -0.467278 0.312265
0.833931 0.509905 0.211082
0.981372 0.159725 0.106751
0.981095 0.178796 0.074061
0.833871 -0.390192 0.390396
0.981377 -0.159717 0.106721
0.981097 -0.136887 0.136783
0.834029 0.000000 0.551720
0.981370 -0.037448 0.188440
0.981089 -0.000000 0.193559
0.000000 0.663921 0.747803
0.000000 0.663921 0.747803
0.000000 0.663921 0.747803
0.000000 0.436626 0.899643
0.000000 0.436626 0.899643
0.000000 0.436626 0.899643
-0.000008 0.327741 0.944768
-0.000008 0.327741 0.944768
-0.000008 0.327741 0.944768
0.000000 0.747887 0.663826
0.000000 0.747887 0.663826
0.000000 0.747887 0.663826
-0.000009 -0.059378 0.998236
-0.000009 -0.059378 0.998236
-0.000009 -0.059378 0.998236
0.000008 0.944811 0.327617
0.000008 0.944811 0.327617
0.000008 0.944811 0.327617
0.000000 -0.436557 0.899677
0.000000 -0.436557 0.899677
0.000000 -0.436556 0.899677
0.000000 0.998305 -0.058192
0.000000 0.998305 -0.058192
0.000000 0.998305 -0.058192
0.000000 -0.747894 0.663818
0.000000 -0.747894 0.663818
0.000000 -0.747894 0.663818
0.000000 0.899847 -0.436206
0.000000 0.899847 -0.436206
0.000000 0.899847 -0.436206
0.000000 -0.059381 -0.998235
0.000000 -0.059381 -0.998235
0.000000 -0.059381 -0.998235
-0.000001 -0.944808 0.327624
-0.000001 -0.944808 0.327624
-0.000001 -0.944808 0.327624
0.000000 0.663917 -0.747807
0.000000 0.663917 -0.747807
0.000000 0.663917 -0.747807
0.000000 -0.436624 -0.899644
0.000000 -0.436624 -0.899644
0.000000 -0.436624 -0.899644
-0.000034 -0.998305 -0.058192
-0.000034 -0.998305 -0.058192
-0.000034 -0.998305 -0.058192
-0.000006 0.327735 -0.944770
-0.000006 0.327735 -0.944770
-0.000006 0.327735 -0.944770
0.000000 -0.747238 -0.664557
0.000000 -0.747238 -0.664557
0.000000 -0.747238 -0.664557
0.000015 -0.899848 -0.436203
0.000015 -0.899848 -0.436203
0.000015 -0.899848 -0.436203
0.000000 0.059379 -0.998236
0.000000 0.059379 -0.998236
0.000000 0.059379 -0.998235
0.000000 -0.944808 -0.327623
0.000000 -0.944808 -0.327623
0.000000 -0.944808 -0.327623
0.000000 -0.663918 -0.747805
0.000000 -0.663918 -0.747805
0.000000 -0.663918 -0.747805
0.000000 0.436628 -0.899642
0.000000 0.436628 -0.899642
0.000000 0.436628 -0.899642
-0.000008 -0.998312 0.058084
-0.000008 -0.998312 0.058084
-0.000008 -0.998312 0.058084
-0.000003 -0.327735 -0.944770
-0.000003 -0.327735 -0.944770
-0.000003 -0.327735 -0.944770
0.000000 0.747240 -0.664554
0.000000 0.747240 -0.664554
0.000000 0.747240 -0.664554
-0.000002 -0.899567 0.436783
-0.000002 -0.899567 0.436783
-0.000002 -0.899567 0.436783
-0.000014 0.944810 -0.327619
-0.000014 0.944810 -0.327619
-0.000014 0.944810 -0.327619
0.000000 -0.663914 0.747809
0.000000 -0.663914 0.747809
0.000000 -0.663914 0.747809
0.000000 0.998311 0.058097
0.000000 0.998311 0.058097
0.000000 0.998311 0.058097
0.000000 -0.327799 0.944748
0.000000 -0.327799 0.944748
0.000000 -0.327799 0.944748
0.000015 0.899568 0.436781
0.000015 0.899568 0.436781
0.000015 0.899568 0.436781
0.000000 0.059375 0.998236
0.000000 0.059375 0.998236
0.000000 0.059375 0.998236
-0.995798 0.039985 0.082388
-0.990782 0.135465 -0.000007
-0.995801 -0.030010 0.086491
-0.965817 0.239501 -0.099184
-0.990021 0.117166 -0.078303
-0.995800 0.082382 -0.039935
-0.873646 -0.000000 -0.486561
-0.952216 -0.059576 -0.299559
-0.954726 -0.000000 -0.297486
-0.873557 -0.186198 -0.449698
-0.952214 -0.169747 -0.253917
-0.954643 -0.113943 -0.275089
-0.873529 -0.344324 -0.344076
-0.952214 -0.253937 -0.169720
-0.954606 -0.210706 -0.210547
-0.873482 -0.449743 -0.186443
-0.952251 -0.299439 -0.059624
-0.954520 -0.275436 -0.114134
-0.873628 -0.486595 -0.000016
-0.952249 -0.299445 0.059614
-0.954590 -0.297922 -0.000011
-0.873482 -0.449743 0.186443
-0.952219 -0.253923 0.169712
-0.954522 -0.275430 0.114136
-0.873528 -0.344326 0.344076
-0.952215 -0.169711 0.253939
-0.954608 -0.210707 0.210538
-0.873611 -0.186165 0.449607
-0.952195 -0.059536 0.299633
-0.954693 -0.113852 0.274952
-0.873485 -0.000000 0.486852
-0.952195 0.059505 0.299641
-0.954637 -0.000000 0.297774
-0.873557 0.186198 0.449698
-0.952229 0.169674 0.253911
-0.954643 0.113943 0.275088
-0.873690 0.344071 0.343919
-0.952298 0.253710 0.169590
-0.954673 0.210553 0.210398
-0.873686 0.449453 0.186184
-0.952269 0.299400 0.059521
-0.954604 0.275185 0.114037
-0.873628 0.486595 -0.000016
-0.952271 0.299394 -0.059531
-0.954590 0.297924 -0.000011
-0.873686 0.449453 -0.186184
-0.952293 0.253724 -0.169596
-0.954603 0.275190 -0.114036
-0.873690 0.344073 -0.343918
-0.952229 0.169674 -0.253911
-0.954670 0.210556 -0.210408
-0.873557 0.186198 -0.449697
-0.952216 0.059576 -0.299559
-0.954643 0.113943 -0.275088
-0.873557 -0.186198 -0.449698
-0.952216 -0.059576 -0.299559
-0.875000 -0.094548 -0.474800
-0.873529 -0.344324 -0.344076
-0.952214 -0.169747 -0.253917
-0.875107 -0.268970 -0.402297
-0.873482 -0.449743 -0.186443
-0.952214 -0.253937 -0.169720
-0.875108 -0.402381 -0.268841
-0.873628 -0.486595 -0.000016
-0.952251 -0.299439 -0.059624
-0.875275 -0.474301 -0.094507
-0.873482 -0.449743 0.186443
-0.952249 -0.299445 0.059614
-0.875275 -0.474305 0.094494
-0.873528 -0.344326 0.344076
-0.952219 -0.253923 0.169712
-0.875108 -0.402381 0.268841
-0.873611 -0.186165 0.449607
-0.952215 -0.169711 0.253939
-0.875107 -0.268971 0.402297
-0.873485 -0.000000 0.486852
-0.952195 -0.059536 0.299633
-0.875001 -0.094321 0.474844
-0.873557 0.186198 0.449698
-0.952195 0.059505 0.299641
-0.875001 0.094320 0.474844
-0.873690 0.344071 0.343919
-0.952229 0.169674 0.253911
-0.875107 0.268839 0.402384
-0.873686 0.449453 0.186184
-0.952298 0.253710 0.169590
-0.875339 0.402049 0.268585
-0.873628 0.486595 -0.000016
-0.952269 0.299400 0.059521
-0.875276 0.474347 0.094275
-0.873686 0.449453 -0.186184
-0.952271 0.299394 -0.059531
-0.875276 0.474344 -0.094289
-0.873690 0.344073 -0.343918
-0.952293 0.253724 -0.169596
-0.875340 0.402048 -0.268585
-0.873557 0.186198 -0.449697
-0.952229 0.169674 -0.253911
-0.875108 0.268839 -0.402382
-0.873646 -0.000000 -0.486561
-0.952216 0.059576 -0.299559
-0.875001 0.094549 -0.474799
0.990021 -0.117178 0.078278
0.965798 -0.239520 0.099319
0.990762 -0.125276 0.051921
0.965818 0.239497 -0.099186
0.990022 0.138213 -0.027444
0.995800 0.086499 -0.029994
0.990018 -0.138239 -0.027473
0.965793 -0.239544 -0.099312
0.990766 -0.125269 -0.051869
0.965817 0.099167 0.239507
0.990022 0.027512 0.138202
0.990773 0.051889 0.125205
0.990025 -0.078273 0.117147
0.965807 -0.183374 0.183276
0.990761 -0.095904 0.095889
0.990017 -0.138243 0.027467
0.965812 -0.259244 -0.000009
0.990782 -0.135464 -0.000007
0.965819 -0.000000 -0.259218
0.990026 0.027531 -0.138171
0.990769 -0.000000 -0.135558
0.965813 0.259241 -0.000009
0.990022 0.138217 0.027439
0.990782 0.135463 -0.000007
0.965826 0.183276 0.183273
0.990028 0.078252 0.117138
0.990768 0.095868 0.095855
0.990022 0.027512 0.138202
0.965801 -0.000000 0.259283
0.990760 -0.000000 0.135627
0.990022 0.138217 0.027439
0.965823 0.239472 0.099192
0.990771 0.125215 0.051897
0.965812 -0.259244 -0.000009
0.990018 -0.138239 -0.027473
0.990782 -0.135464 -0.000007
0.990028 0.078252 -0.117138
0.965818 0.183282 -0.183311
0.990773 0.095791 -0.095876
0.990022 0.138213 -0.027444
0.965813 0.259241 -0.000009
0.990782 0.135463 -0.000007
0.990026 0.027531 -0.138171
0.965817 0.099167 -0.239507
0.990773 0.051890 -0.125206
0.990026 -0.027531 -0.138171
0.965819 -0.000000 -0.259218
0.990769 -0.000000 -0.135558
0.990030 0.117124 0.078246
0.965826 0.183276 0.183273
0.990768 0.095868 0.095855
0.965798 -0.239520 0.099319
0.990017 -0.138243 0.027467
0.990762 -0.125276 0.051921
0.000000 -0.195298 -0.980744
0.000000 -0.000001 -1.000000
-0.000000 -0.195298 -0.980744
0.965801 -0.000000 0.259283
0.990022 -0.027515 0.138202
0.990760 -0.000000 0.135627
-0.000000 -0.195298 -0.980744
-0.000000 -0.382477 -0.923965
0.000000 -0.195298 -0.980744
0.990028 0.078252 0.117138
0.965817 0.099167 0.239507
0.990773 0.051889 0.125205
-0.000000 -0.555816 -0.831305
-0.000001 -0.707349 -0.706865
-0.000000 -0.555816 -0.831305
0.965817 -0.099166 0.239506
0.990025 -0.078273 0.117147
0.990774 -0.051885 0.125198
-0.000001 -0.831496 -0.555530
-0.000001 -0.923712 -0.383087
-0.000001 -0.831496 -0.555531
0.990012 -0.117216 -0.078331
0.965799 -0.183379 -0.183314
0.990767 -0.095827 -0.095909
0.000000 -0.980716 -0.195439
0.000000 -1.000000 -0.000031
0.000000 -0.980716 -0.195439
0.965793 -0.239544 -0.099312
0.990012 -0.117216 -0.078331
0.990766 -0.125269 -0.051869
0.000000 -0.980722 0.195409
0.000000 -0.923712 0.383087
0.000000 -0.980722 0.195409
-0.000002 -0.831498 0.555528
-0.000001 -0.707350 0.706863
-0.000001 -0.831497 0.555529
0.990025 -0.078275 -0.117143
0.965817 -0.099166 -0.239507
0.990773 -0.051889 -0.125206
-0.000000 -0.555816 0.831305
-0.000000 -0.382479 0.923964
-0.000000 -0.555817 0.831305
0.965818 0.183282 -0.183311
0.990021 0.117161 -0.078299
0.990773 0.095791 -0.095876
0.000000 -0.194792 0.980845
0.000000 -0.000001 1.000000
0.000000 -0.194792 0.980845
0.965807 -0.183374 0.183276
0.990021 -0.117178 0.078278
0.990761 -0.095904 0.095889
0.000000 0.194791 0.980845
0.000000 0.382478 0.923964
0.000000 0.194791 0.980845
0.965817 -0.099166 -0.239507
0.990026 -0.027531 -0.138171
0.990773 -0.051889 -0.125206
0.000000 0.555527 0.831498
0.000000 0.707107 0.707106
0.000000 0.555527 0.831498
0.965817 0.099167 -0.239507
0.990028 0.078252 -0.117138
0.990773 0.051890 -0.125206
0.000000 0.831497 0.555529
0.000000 0.923898 0.382638
0.000000 0.831497 0.555529
0.965823 0.239472 0.099192
0.990030 0.117124 0.078246
0.990771 0.125215 0.051897
0.000000 0.980818 0.194926
0.000000 1.000000 -0.000030
0.000000 0.980818 0.194926
0.965799 -0.183379 -0.183314
0.990025 -0.078275 -0.117143
0.990767 -0.095827 -0.095909
0.000000 0.980812 -0.194956
0.000000 0.923898 -0.382638
0.000000 0.980812 -0.194956
0.990022 -0.027515 0.138202
0.965817 -0.099166 0.239506
0.990774 -0.051885 0.125198
0.000000 0.831497 -0.555529
0.000000 0.707109 -0.707104
0.000000 0.831497 -0.555529
0.000000 0.555528 -0.831498
0.000000 0.382478 -0.923965
0.000000 0.555529 -0.831497
-0.000000 -0.555816 -0.831305
-0.000000 -0.382477 -0.923965
-0.000000 -0.555816 -0.831305
-0.000001 -0.831496 -0.555531
-0.000001 -0.707349 -0.706865
-0.000001 -0.831496 -0.555530
0.000000 -0.980716 -0.195439
0.000000 -0.923713 -0.383086
0.000000 -0.980716 -0.195439
0.000000 -0.980722 0.195409
0.000000 -1.000000 -0.000031
0.000000 -0.980722 0.195409
-0.000001 -0.831497 0.555529
-0.000001 -0.923713 0.383086
-0.000002 -0.831498 0.555528
-0.000000 -0.555817 0.831305
-0.000001 -0.707350 0.706864
-0.000000 -0.555816 0.831305
0.000000 -0.194792 0.980845
0.000000 -0.382479 0.923964
0.000000 -0.194792 0.980845
0.000000 0.194791 0.980845
0.000000 -0.000001 1.000000
0.000000 0.194791 0.980845
0.000000 0.555527 0.831498
0.000000 0.382478 0.923964
0.000000 0.555527 0.831498
0.000000 0.831497 0.555529
0.000000 0.707107 0.707106
0.000000 0.831497 0.555529
0.000000 0.980818 0.194926
0.000000 0.923898 0.382638
0.000000 0.980818 0.194926
0.000000 0.980812 -0.194956
0.000000 1.000000 -0.000030
0.000000 0.980812 -0.194956
0.000000 0.831497 -0.555529
0.000000 0.923898 -0.382638
0.000000 0.831497 -0.555529
0.000000 0.555529 -0.831497
0.000000 0.707109 -0.707105
0.000000 0.555528 -0.831498
0.000000 0.195299 -0.980744
0.000000 0.382478 -0.923965
0.000000 0.195299 -0.980744
0.000000 0.195299 -0.980744
0.000000 -0.000001 -1.000000
0.000000 0.195299 -0.980744
-0.996744 -0.067039 -0.044811
-0.954606 -0.210706 -0.210547
-0.952214 -0.253937 -0.169720
0.000000 0.664323 0.747445
0.000000 0.664323 0.747445
0.000000 0.664323 0.747445
0.000000 -0.945409 0.325885
0.000000 -0.945409 0.325885
0.000000 -0.945409 0.325885
0.000000 -0.058842 -0.998267
0.000000 -0.058842 -0.998267
0.000000 -0.058842 -0.998267
0.000000 0.327305 -0.944919
0.000000 0.327305 -0.944919
0.000000 0.327305 -0.944919
0.000000 -0.899418 -0.437089
0.000000 -0.899418 -0.437089
0.000000 -0.899418 -0.437089
-0.954606 -0.210706 -0.210547
-0.996745 -0.044784 -0.067030
-0.952214 -0.169747 -0.253917
-0.954726 -0.000000 -0.297486
-0.996745 0.015747 -0.079071
-0.952216 0.059576 -0.299559
-0.954643 -0.113943 -0.275089
-0.996745 -0.015747 -0.079071
-0.952216 -0.059576 -0.299559
-0.954520 -0.275436 -0.114134
-0.996744 -0.067039 -0.044811
-0.952214 -0.253937 -0.169720
-0.954590 -0.297922 -0.000011
-0.996746 -0.079067 -0.015701
-0.952251 -0.299439 -0.059624
-0.954522 -0.275430 0.114136
-0.996746 -0.079068 0.015697
-0.952249 -0.299445 0.059614
-0.954608 -0.210707 0.210538
-0.996744 -0.067046 0.044796
-0.952219 -0.253923 0.169712
-0.954693 -0.113852 0.274952
-0.996745 -0.044781 0.067043
-0.952215 -0.169711 0.253939
-0.954637 -0.000000 0.297774
-0.996744 -0.015755 0.079076
-0.952195 -0.059536 0.299633
-0.954643 0.113943 0.275088
-0.996745 0.015747 0.079071
-0.952195 0.059505 0.299641
-0.954673 0.210553 0.210398
-0.996745 0.044784 0.067030
-0.952229 0.169674 0.253911
-0.954604 0.275185 0.114037
-0.996744 0.067046 0.044796
-0.952298 0.253710 0.169590
-0.954590 0.297924 -0.000011
-0.996746 0.079069 0.015697
-0.952269 0.299400 0.059521
-0.954603 0.275190 -0.114036
-0.996745 0.079069 -0.015701
-0.952271 0.299394 -0.059531
-0.954670 0.210556 -0.210408
-0.996744 0.067039 -0.044811
-0.952293 0.253724 -0.169596
0.000000 -0.437012 -0.899455
0.000000 -0.437012 -0.899455
0.000000 -0.437012 -0.899455
0.000000 0.327307 0.944918
0.000000 0.327307 0.944918
0.000000 0.327307 0.944918
0.000000 0.899881 0.436135
0.000000 0.899881 0.436135
0.000000 0.899881 0.436135
0.000000 0.747371 0.664407
0.000000 0.747371 0.664407
0.000000 0.747371 0.664407
0.000000 -0.945047 -0.326935
0.000000 -0.945047 -0.326935
0.000000 -0.945047 -0.326935
0.000000 0.664324 -0.747444
0.000000 0.664324 -0.747444
0.000000 0.664325 -0.747444
0.000000 -0.998210 0.059815
0.000000 -0.998209 0.059815
0.000000 -0.998209 0.059815
-0.000011 -0.664332 0.747438
-0.000011 -0.664332 0.747438
-0.000011 -0.664332 0.747438
-0.996745 0.015747 -0.079071
-0.954643 0.113943 -0.275088
-0.952216 0.059576 -0.299559
-0.996746 -0.079067 -0.015701
-0.954520 -0.275436 -0.114134
-0.952251 -0.299439 -0.059624
-0.996745 -0.044784 -0.067030
-0.954643 -0.113943 -0.275089
-0.952214 -0.169747 -0.253917
-0.996746 -0.079068 0.015697
-0.954590 -0.297922 -0.000011
-0.952249 -0.299445 0.059614
-0.996744 -0.067046 0.044796
-0.954522 -0.275430 0.114136
-0.952219 -0.253923 0.169712
-0.996745 -0.044781 0.067043
-0.954608 -0.210707 0.210538
-0.952215 -0.169711 0.253939
-0.996744 -0.015755 0.079076
-0.954693 -0.113852 0.274952
-0.952195 -0.059536 0.299633
-0.996745 0.015747 0.079071
-0.954637 -0.000000 0.297774
-0.952195 0.059505 0.299641
-0.996745 0.044784 0.067030
-0.954643 0.113943 0.275088
-0.952229 0.169674 0.253911
-0.996744 0.067046 0.044796
-0.954673 0.210553 0.210398
-0.952298 0.253710 0.169590
-0.996746 0.079069 0.015697
-0.954604 0.275185 0.114037
-0.952269 0.299400 0.059521
-0.996745 0.079069 -0.015701
-0.954590 0.297924 -0.000011
-0.952271 0.299394 -0.059531
-0.996744 0.067039 -0.044811
-0.954603 0.275190 -0.114036
-0.952293 0.253724 -0.169596
-0.996745 0.044784 -0.067030
-0.954670 0.210556 -0.210408
-0.952229 0.169674 -0.253911
-0.954643 0.113943 -0.275088
-0.996745 0.044784 -0.067030
-0.952229 0.169674 -0.253911
-0.580608 0.000000 0.814184
-0.827015 -0.109761 0.551361
-0.583311 -0.158801 0.796574
-0.580236 -0.311814 0.752395
-0.827004 -0.312278 0.467490
-0.583249 -0.451207 0.675450
-0.580473 -0.575545 0.576021
-0.827127 -0.467280 0.312266
-0.583834 -0.675037 0.451070
-0.580735 -0.752197 0.311362
-0.827171 -0.551188 0.109456
-0.584004 -0.796213 0.158065
-0.580498 -0.814262 0.000042
-0.827176 -0.551176 -0.109475
-0.584002 -0.796222 -0.158027
-0.580895 -0.751966 -0.311622
-0.827196 -0.467300 -0.312054
-0.583835 -0.675122 -0.450940
-0.580621 -0.575709 -0.575707
-0.827193 -0.312059 -0.467301
-0.583840 -0.450937 -0.675119
-0.580739 -0.311843 -0.751995
-0.827023 -0.109889 -0.551323
-0.583308 -0.158800 -0.796577
-0.580605 0.000000 -0.814185
-0.827023 0.109889 -0.551323
-0.583310 0.158802 -0.796575
-0.580740 0.311842 -0.751994
-0.827199 0.312131 -0.467242
-0.583838 0.450936 -0.675121
-0.580894 0.575575 -0.575566
-0.827216 0.467218 -0.312124
-0.583838 0.675122 -0.450937
-0.580901 0.751962 -0.311620
-0.827176 0.551176 -0.109477
-0.584002 0.796222 -0.158025
-0.580493 0.814265 0.000043
-0.827169 0.551190 0.109460
-0.584002 0.796213 0.158067
-0.580735 0.752197 0.311362
-0.827134 0.467213 0.312348
-0.583835 0.675038 0.451067
-0.580746 0.575410 0.575879
-0.827011 0.312351 0.467429
-0.583249 0.451207 0.675450
-0.580237 0.311813 0.752394
-0.827015 0.109760 0.551362
-0.583311 0.158800 0.796575
-0.580236 -0.311814 0.752395
-0.827015 -0.109761 0.551361
-0.833779 -0.211336 0.510050
-0.580473 -0.575545 0.576021
-0.827004 -0.312278 0.467490
-0.833870 -0.390192 0.390398
-0.580735 -0.752197 0.311362
-0.827127 -0.467280 0.312266
-0.833930 -0.509907 0.211082
-0.580498 -0.814262 0.000042
-0.827171 -0.551188 0.109456
-0.833797 -0.552071 0.000031
-0.580895 -0.751966 -0.311622
-0.827176 -0.551176 -0.109475
-0.834010 -0.509731 -0.211189
-0.580621 -0.575709 -0.575707
-0.827196 -0.467300 -0.312054
-0.833750 -0.390425 -0.390422
-0.580739 -0.311843 -0.751995
-0.827193 -0.312059 -0.467301
-0.834041 -0.211420 -0.509585
-0.580605 0.000000 -0.814185
-0.827023 -0.109889 -0.551323
-0.834029 0.000000 -0.551720
-0.580740 0.311842 -0.751994
-0.827023 0.109889 -0.551323
-0.834042 0.211418 -0.509585
-0.580894 0.575575 -0.575566
-0.827199 0.312131 -0.467242
-0.833996 0.390141 -0.390181
-0.580901 0.751962 -0.311620
-0.827216 0.467218 -0.312124
-0.834020 0.509715 -0.211191
-0.580493 0.814265 0.000043
-0.827176 0.551176 -0.109477
-0.833793 0.552077 0.000031
-0.580735 0.752197 0.311362
-0.827169 0.551190 0.109460
-0.833931 0.509905 0.211082
-0.580746 0.575410 0.575879
-0.827134 0.467213 0.312348
-0.834111 0.389909 0.390166
-0.580237 0.311813 0.752394
-0.827011 0.312351 0.467429
-0.833780 0.211334 0.510049
-0.580608 0.000000 0.814184
-0.827015 0.109760 0.551362
-0.834029 0.000000 0.551720
-0.996745 -0.015747 -0.079071
-0.954726 -0.000000 -0.297486
-0.952216 -0.059576 -0.299559
0.000000 -0.899419 0.437087
0.000000 -0.899419 0.437087
0.000000 -0.899419 0.437087
0.000014 0.998208 0.059837
0.000014 0.998208 0.059837
0.000014 0.998208 0.059837
0.000000 0.899419 -0.437088
0.000000 0.899419 -0.437088
0.000000 0.899419 -0.437088
0.000000 -0.058842 0.998267
0.000000 -0.058842 0.998267
0.000000 -0.058842 0.998267
0.000000 0.437020 0.899452
0.000000 0.437020 0.899452
0.000000 0.437020 0.899452
0.000000 0.945054 -0.326915
0.000000 0.945054 -0.326915
0.000000 0.945054 -0.326915
0.000000 0.058841 -0.998267
0.000000 0.058841 -0.998267
0.000000 0.058841 -0.998267
0.000000 -0.327312 0.944916
0.000000 -0.327312 0.944916
0.000000 -0.327312 0.944916
0.000000 -0.437006 0.899459
0.000000 -0.437006 0.899459
0.000000 -0.437006 0.899459
0.000000 -0.998209 -0.059814
0.000000 -0.998210 -0.059814
0.000000 -0.998209 -0.059814
0.000002 -0.747965 -0.663738
0.000002 -0.747965 -0.663738
0.000002 -0.747965 -0.663738
-0.000002 -0.747967 0.663736
-0.000002 -0.747967 0.663736
-0.000002 -0.747967 0.663736
0.000000 0.998208 -0.059837
0.000000 0.998208 -0.059837
0.000000 0.998208 -0.059837
0.000000 0.747956 -0.663749
0.000000 0.747956 -0.663749
0.000000 0.747956 -0.663749
0.000000 -0.327313 -0.944916
0.000000 -0.327313 -0.944916
0.000000 -0.327313 -0.944916
0.000000 -0.664332 -0.747438
0.000000 -0.664332 -0.747438
0.000000 -0.664332 -0.747438
0.000000 0.945417 0.325863
0.000000 0.945417 0.325863
0.000000 0.945417 0.325863
0.000000 0.437021 -0.899451
0.000000 0.437021 -0.899451
0.000000 0.437021 -0.899451
-1.000000 0.000000 0.000000
-1.000000 0.000000 0.000000
-1.000000 0.000000 0.000000
0.000000 0.058843 0.998267
0.000000 0.058843 0.998267
0.000000 0.058843 0.998267
-0.981372 0.159726 0.106751
-0.834111 0.389909 0.390166
-0.827134 0.467213 0.312348
-0.833930 -0.509907 0.211082
-0.981374 -0.188414 0.037499
-0.827171 -0.551188 0.109456
-0.833780 0.211334 0.510049
-0.981370 0.037448 0.188441
-0.827015 0.109760 0.551362
-0.981373 -0.159750 -0.106710
-0.833750 -0.390425 -0.390422
-0.827196 -0.467300 -0.312054
-0.834010 -0.509731 -0.211189
-0.981373 -0.159750 -0.106710
-0.827196 -0.467300 -0.312054
-0.981360 0.106813 -0.159764
-0.833996 0.390141 -0.390181
-0.827199 0.312131 -0.467242
-0.834042 0.211418 -0.509585
-0.981360 0.106813 -0.159764
-0.827199 0.312131 -0.467242
-0.981372 -0.106783 0.159706
-0.833870 -0.390192 0.390398
-0.827004 -0.312278 0.467490
-0.981370 -0.188449 -0.037409
-0.834010 -0.509731 -0.211189
-0.827176 -0.551176 -0.109475
-0.834041 -0.211420 -0.509585
-0.981365 -0.037479 -0.188463
-0.827023 -0.109889 -0.551323
-0.833750 -0.390425 -0.390422
-0.981364 -0.106786 -0.159757
-0.827193 -0.312059 -0.467301
-0.833779 -0.211336 0.510050
-0.981372 -0.106783 0.159706
-0.827004 -0.312278 0.467490
-0.981370 0.037448 0.188441
-0.834029 0.000000 0.551720
-0.827015 0.109760 0.551362
-0.834020 0.509715 -0.211191
-0.981370 0.188449 -0.037410
-0.827176 0.551176 -0.109477
-0.981365 -0.037479 -0.188463
-0.834029 0.000000 -0.551720
-0.827023 -0.109889 -0.551323
-0.981373 0.188414 0.037499
-0.833931 0.509905 0.211082
-0.827169 0.551190 0.109460
-0.981365 0.159763 -0.106761
-0.834020 0.509715 -0.211191
-0.827216 0.467218 -0.312124
-0.833797 -0.552071 0.000031
-0.981370 -0.188449 -0.037409
-0.827176 -0.551176 -0.109475
-0.981368 0.106810 0.159713
-0.833780 0.211334 0.510049
-0.827011 0.312351 0.467429
-0.834111 0.389909 0.390166
-0.981368 0.106810 0.159713
-0.827011 0.312351 0.467429
-0.981370 -0.037447 0.188441
-0.833779 -0.211336 0.510050
-0.827015 -0.109761 0.551361
-0.833793 0.552077 0.000031
-0.981373 0.188414 0.037499
-0.827169 0.551190 0.109460
-0.981370 0.188449 -0.037410
-0.833793 0.552077 0.000031
-0.827176 0.551176 -0.109477
-0.833996 0.390141 -0.390181
-0.981365 0.159763 -0.106761
-0.827216 0.467218 -0.312124
-0.981364 -0.106786 -0.159757
-0.834041 -0.211420 -0.509585
-0.827193 -0.312059 -0.467301
-0.981374 -0.188414 0.037499
-0.833797 -0.552071 0.000031
-0.827171 -0.551188 0.109456
-0.981365 0.037480 -0.188464
-0.834042 0.211418 -0.509585
-0.827023 0.109889 -0.551323
-0.834029 0.000000 -0.551720
-0.981365 0.037480 -0.188464
-0.827023 0.109889 -0.551323
-0.981377 -0.159717 0.106721
-0.833930 -0.509907 0.211082
-0.827127 -0.467280 0.312266
-0.833931 0.509905 0.211082
-0.981372 0.159726 0.106751
-0.827134 0.467213 0.312348
-0.833870 -0.390192 0.390398
-0.981377 -0.159717 0.106721
-0.827127 -0.467280 0.312266
-0.834029 0.000000 0.551720
-0.981370 -0.037447 0.188441
-0.827015 -0.109761 0.551361
0.000000 0.663918 0.747805
0.000000 0.663918 0.747805
0.000000 0.663918 0.747805
0.000000 0.436624 0.899644
0.000000 0.436624 0.899644
0.000000 0.436624 0.899644
0.000008 0.327741 0.944768
0.000008 0.327741 0.944768
0.000008 0.327741 0.944768
0.000000 0.747892 0.663821
0.000000 0.747892 0.663821
0.000000 0.747892 0.663821
0.000000 -0.059378 0.998236
0.000000 -0.059378 0.998236
0.000000 -0.059378 0.998236
0.000000 0.944812 0.327614
0.000000 0.944812 0.327614
0.000000 0.944812 0.327614
0.000000 -0.436552 0.899679
0.000000 -0.436552 0.899679
0.000000 -0.436552 0.899679
0.000000 0.998305 -0.058192
0.000000 0.998305 -0.058192
0.000000 0.998305 -0.058192
0.000003 -0.747892 0.663821
0.000003 -0.747892 0.663821
0.000003 -0.747892 0.663821
0.000013 0.899846 -0.436208
0.000013 0.899846 -0.436208
0.000013 0.899846 -0.436208
0.000000 -0.059382 -0.998235
0.000000 -0.059382 -0.998235
0.000000 -0.059382 -0.998235
0.000000 -0.944810 0.327619
0.000000 -0.944810 0.327619
0.000000 -0.944810 0.327619
0.000000 0.663918 -0.747806
0.000000 0.663918 -0.747806
0.000000 0.663918 -0.747806
0.000000 -0.436623 -0.899645
0.000000 -0.436623 -0.899645
0.000000 -0.436623 -0.899645
0.000000 -0.998306 -0.058181
0.000000 -0.998306 -0.058181
0.000000 -0.998306 -0.058181
0.000000 0.327736 -0.944769
0.000000 0.327736 -0.944769
0.000000 0.327736 -0.944769
-0.000003 -0.747238 -0.664557
-0.000003 -0.747238 -0.664557
-0.000003 -0.747238 -0.664557
0.000000 -0.899847 -0.436205
0.000000 -0.899847 -0.436205
0.000000 -0.899847 -0.436205
0.000000 0.059379 -0.998235
0.000000 0.059379 -0.998236
0.000000 0.059379 -0.998236
0.000000 -0.944811 -0.327616
0.000000 -0.944811 -0.327616
0.000000 -0.944811 -0.327616
0.000000 -0.663920 -0.747804
0.000000 -0.663920 -0.747804
0.000000 -0.663920 -0.747804
0.000000 0.436629 -0.899642
0.000000 0.436629 -0.899642
0.000000 0.436629 -0.899642
0.000000 -0.998312 0.058084
0.000000 -0.998312 0.058084
0.000000 -0.998312 0.058084
0.000000 -0.327736 -0.944769
0.000000 -0.327736 -0.944769
0.000000 -0.327736 -0.944770
0.000000 0.747242 -0.664552
0.000000 0.747242 -0.664552
0.000000 0.747242 -0.664552
0.000002 -0.899567 0.436783
0.000002 -0.899567 0.436783
0.000002 -0.899567 0.436783
0.000014 0.944810 -0.327619
0.000014 0.944810 -0.327619
0.000014 0.944810 -0.327619
0.000000 -0.663919 0.747805
0.000000 -0.663919 0.747805
0.000000 -0.663918 0.747805
0.000000 0.998311 0.058095
0.000000 0.998311 0.058095
0.000000 0.998311 0.058095
0.000000 -0.327798 0.944748
0.000000 -0.327798 0.944748
0.000000 -0.327798 0.944748
0.000000 0.899563 0.436790
0.000000 0.899563 0.436790
0.000000 0.899563 0.436790
0.000000 0.059378 0.998236
0.000000 0.059378 0.998236
0.000000 0.059378 0.998236
0.990773 0.051890 -0.125206
0.990773 0.095791 -0.095876
0.990782 0.135463 -0.000007
0.990021 0.117161 -0.078299
0.965818 0.239497 -0.099186
0.965715 0.233603 -0.113240
0.952216 -0.059576 -0.299559
0.875000 -0.094548 -0.474799
0.873646 -0.000000 -0.486561
0.952215 -0.169747 -0.253916
0.875107 -0.268970 -0.402297
0.873557 -0.186198 -0.449698
0.952214 -0.253938 -0.169719
0.875107 -0.402383 -0.268841
0.873529 -0.344325 -0.344076
0.952250 -0.299441 -0.059622
0.875275 -0.474302 -0.094505
0.873481 -0.449745 -0.186440
0.952249 -0.299448 0.059613
0.875274 -0.474307 0.094492
0.873627 -0.486597 -0.000016
0.952219 -0.253925 0.169712
0.875106 -0.402384 0.268842
0.873481 -0.449745 0.186441
0.952215 -0.169710 0.253938
0.875107 -0.268970 0.402297
0.873528 -0.344326 0.344076
0.952195 -0.059536 0.299633
0.875001 -0.094321 0.474844
0.873611 -0.186165 0.449607
0.952195 0.059505 0.299641
0.875000 0.094320 0.474845
0.873485 -0.000000 0.486851
0.952229 0.169675 0.253911
0.875106 0.268842 0.402384
0.873557 0.186198 0.449698
0.952298 0.253709 0.169590
0.875340 0.402046 0.268587
0.873689 0.344073 0.343920
0.952271 0.299396 0.059522
0.875278 0.474343 0.094276
0.873688 0.449449 0.186184
0.952272 0.299391 -0.059532
0.875278 0.474340 -0.094289
0.873630 0.486591 -0.000016
0.952293 0.253722 -0.169597
0.875340 0.402045 -0.268587
0.873688 0.449449 -0.186184
0.952229 0.169675 -0.253911
0.875107 0.268842 -0.402384
0.873689 0.344073 -0.343920
0.952216 0.059576 -0.299558
0.875001 0.094548 -0.474799
0.873557 0.186199 -0.449697
0.952216 -0.059576 -0.299559
0.954643 -0.113943 -0.275089
0.873557 -0.186198 -0.449698
0.952215 -0.169747 -0.253916
0.954606 -0.210706 -0.210547
0.873529 -0.344325 -0.344076
0.952214 -0.253938 -0.169719
0.954520 -0.275438 -0.114132
0.873481 -0.449745 -0.186440
0.952250 -0.299441 -0.059622
0.954589 -0.297925 -0.000012
0.873627 -0.486597 -0.000016
0.952249 -0.299448 0.059613
0.954521 -0.275432 0.114134
0.873481 -0.449745 0.186441
0.952219 -0.253925 0.169712
0.954608 -0.210706 0.210538
0.873528 -0.344326 0.344076
0.952215 -0.169710 0.253938
0.954693 -0.113852 0.274952
0.873611 -0.186165 0.449607
0.952195 -0.059536 0.299633
0.954637 -0.000000 0.297773
0.873485 -0.000000 0.486851
0.952195 0.059505 0.299641
0.954643 0.113943 0.275089
0.873557 0.186198 0.449698
0.952229 0.169675 0.253911
0.954672 0.210555 0.210399
0.873689 0.344073 0.343920
0.952298 0.253709 0.169590
0.954605 0.275181 0.114037
0.873688 0.449449 0.186184
0.952271 0.299396 0.059522
0.954591 0.297920 -0.000011
0.873630 0.486591 -0.000016
0.952272 0.299391 -0.059532
0.954603 0.275187 -0.114036
0.873688 0.449449 -0.186184
0.952293 0.253722 -0.169597
0.954670 0.210557 -0.210408
0.873689 0.344073 -0.343920
0.952229 0.169675 -0.253911
0.954643 0.113943 -0.275088
0.873557 0.186199 -0.449697
0.952216 0.059576 -0.299558
0.954726 -0.000000 -0.297486
0.873646 -0.000000 -0.486561
-0.965798 -0.239519 0.099320
-0.966291 -0.214067 0.143029
-0.990021 -0.117179 0.078278
-0.965817 0.239501 -0.099184
-0.965714 0.245280 -0.085052
-0.990021 0.138218 -0.027445
-0.965793 -0.239543 -0.099314
-0.966306 -0.252432 -0.050304
-0.990018 -0.138238 -0.027473
-0.965817 0.099166 0.239507
-0.965715 0.085083 0.245265
-0.990022 0.027512 0.138202
-0.965807 -0.183375 0.183276
-0.966316 -0.143040 0.213946
-0.990025 -0.078272 0.117147
-0.965812 -0.259243 -0.000009
-0.966306 -0.252434 0.050296
-0.990017 -0.138243 0.027467
-0.965819 -0.000000 -0.259217
-0.990770 -0.000000 -0.135558
-0.965718 0.015415 -0.259136
-0.965811 0.259246 -0.000008
-0.990782 0.135465 -0.000007
-0.990021 0.138222 0.027439
-0.965826 0.183278 0.183272
-0.965712 0.172364 0.194141
-0.990028 0.078251 0.117136
-0.965801 -0.000000 0.259283
-0.966296 0.050148 0.252502
-0.990022 0.027512 0.138202
-0.965822 0.239477 0.099191
-0.966305 0.252459 0.050182
-0.990021 0.138222 0.027439
-0.965812 -0.259243 -0.000009
-0.990782 -0.135463 -0.000007
-0.990018 -0.138238 -0.027473
-0.965818 0.183283 -0.183310
-0.966316 0.142972 -0.213991
-0.990028 0.078252 -0.117138
-0.965811 0.259246 -0.000008
-0.966305 0.252458 -0.050189
-0.990021 0.138218 -0.027445
-0.965817 0.099166 -0.239507
-0.966296 0.050269 -0.252477
-0.993628 0.030404 -0.108532
-0.965819 -0.000000 -0.259217
-0.966296 -0.050269 -0.252478
-0.993631 -0.013507 -0.111873
-0.965826 0.183278 0.183272
-0.966319 0.213983 0.142963
-0.993634 0.088632 0.069546
-0.965798 -0.239519 0.099320
-0.990762 -0.125276 0.051921
-0.990017 -0.138243 0.027467
-0.000000 -0.000001 -1.000000
0.000000 -0.000001 -1.000000
0.000000 -0.195299 -0.980744
-0.965801 -0.000000 0.259283
-0.990760 -0.000000 0.135627
-0.990022 -0.027515 0.138202
0.000000 -0.382477 -0.923965
0.000000 -0.382478 -0.923965
0.000000 -0.195299 -0.980744
-0.965817 0.099166 0.239507
-0.966316 0.142972 0.213991
-0.990028 0.078251 0.117136
0.000000 -0.707349 -0.706865
0.000000 -0.707349 -0.706865
0.000000 -0.555816 -0.831306
-0.965817 -0.099166 0.239506
-0.965715 -0.113332 0.233560
-0.990025 -0.078272 0.117147
-0.000001 -0.923712 -0.383087
-0.000000 -0.923712 -0.383088
-0.000001 -0.831496 -0.555531
-0.965799 -0.183380 -0.183314
-0.966274 -0.214124 -0.143058
-0.990012 -0.117216 -0.078331
0.000002 -1.000000 -0.000031
0.000002 -1.000000 -0.000031
0.000002 -0.980716 -0.195439
-0.965793 -0.239543 -0.099314
-0.965683 -0.233712 -0.113292
-0.990012 -0.117216 -0.078331
-0.000000 -0.923712 0.383088
-0.000001 -0.923711 0.383089
0.000001 -0.980722 0.195408
0.000000 -0.707351 0.706863
0.000000 -0.707351 0.706863
0.000000 -0.831496 0.555530
-0.965817 -0.099166 -0.239507
-0.966316 -0.143040 -0.213946
-0.990025 -0.078275 -0.117143
0.000000 -0.382479 0.923964
0.000000 -0.382479 0.923964
0.000000 -0.555817 0.831305
-0.965818 0.183283 -0.183310
-0.965716 0.193985 -0.172519
-0.990021 0.117166 -0.078303
0.000000 -0.000000 1.000000
-0.000000 -0.000000 1.000000
0.000000 -0.194792 0.980844
-0.965807 -0.183375 0.183276
-0.990761 -0.095905 0.095890
-0.990021 -0.117179 0.078278
-0.000000 0.382477 0.923965
-0.000000 0.382477 0.923965
-0.000000 0.194790 0.980845
-0.965817 -0.099166 -0.239507
-0.990773 -0.051889 -0.125206
-0.965715 -0.085081 -0.245266
-0.000001 0.707107 0.707107
-0.000000 0.707106 0.707107
-0.000000 0.555529 0.831497
-0.965817 0.099166 -0.239507
-0.965713 0.113354 -0.233558
-0.990028 0.078252 -0.117138
0.000000 0.923899 0.382638
0.000000 0.923898 0.382638
0.000000 0.831495 0.555532
-0.965822 0.239477 0.099191
-0.990771 0.125216 0.051897
-0.965712 0.233543 0.113396
0.000000 1.000000 -0.000030
0.000000 1.000000 -0.000030
0.000000 0.980818 0.194928
-0.965799 -0.183380 -0.183314
-0.990767 -0.095827 -0.095910
-0.990025 -0.078275 -0.117143
0.000000 0.923898 -0.382638
0.000000 0.923898 -0.382638
0.000000 0.980812 -0.194958
-0.965817 -0.099166 0.239506
-0.966296 -0.050148 0.252502
-0.990022 -0.027515 0.138202
-0.000000 0.707108 -0.707106
-0.000000 0.707108 -0.707106
-0.000000 0.831496 -0.555531
-0.000000 0.382479 -0.923964
-0.000000 0.382479 -0.923964
-0.000000 0.555530 -0.831496
0.000000 -0.382478 -0.923965
0.000000 -0.382477 -0.923965
0.000000 -0.555816 -0.831305
0.000000 -0.707349 -0.706865
0.000000 -0.707349 -0.706865
0.000000 -0.831495 -0.555532
-0.000000 -0.923712 -0.383088
-0.000001 -0.923712 -0.383087
0.000001 -0.980716 -0.195437
0.000002 -1.000000 -0.000031
0.000002 -1.000000 -0.000031
0.000002 -0.980722 0.195405
-0.000001 -0.923711 0.383089
-0.000000 -0.923712 0.383088
-0.000001 -0.831496 0.555531
0.000000 -0.707351 0.706863
0.000000 -0.707351 0.706863
0.000000 -0.555817 0.831305
0.000000 -0.382479 0.923964
0.000000 -0.382479 0.923964
0.000000 -0.194792 0.980844
-0.000000 -0.000000 1.000000
0.000000 -0.000000 1.000000
-0.000000 0.194790 0.980845
-0.000000 0.382477 0.923965
-0.000000 0.382477 0.923965
-0.000000 0.555529 0.831497
-0.000000 0.707106 0.707107
-0.000001 0.707107 0.707107
-0.000000 0.831496 0.555531
0.000000 0.923898 0.382638
0.000000 0.923899 0.382638
0.000000 0.980818 0.194928
0.000000 1.000000 -0.000030
0.000000 1.000000 -0.000030
0.000000 0.980812 -0.194958
0.000000 0.923898 -0.382638
0.000000 0.923898 -0.382638
0.000000 0.831496 -0.555531
-0.000000 0.707108 -0.707106
-0.000000 0.707108 -0.707106
-0.000000 0.555530 -0.831496
-0.000000 0.382479 -0.923964
-0.000000 0.382479 -0.923964
-0.000000 0.195298 -0.980744
0.000000 -0.000001 -1.000000
-0.000000 -0.000001 -1.000000
-0.000000 0.195298 -0.980744
0.954606 -0.210706 -0.210547
0.996693 -0.057422 -0.057489
0.996744 -0.067039 -0.044811
0.000000 0.664328 0.747442
0.000000 0.664328 0.747442
0.000000 0.664328 0.747442
0.000000 -0.945411 0.325880
0.000000 -0.945411 0.325880
0.000000 -0.945411 0.325880
-0.000001 -0.058842 -0.998267
-0.000001 -0.058842 -0.998267
-0.000001 -0.058842 -0.998267
0.000000 0.327310 -0.944917
0.000000 0.327310 -0.944917
0.000000 0.327310 -0.944917
-0.000002 -0.899419 -0.437087
-0.000002 -0.899419 -0.437087
-0.000002 -0.899419 -0.437087
0.954606 -0.210706 -0.210547
0.952215 -0.169747 -0.253916
0.996745 -0.044784 -0.067030
0.996745 0.015747 -0.079070
0.996692 -0.000000 -0.081270
0.954726 -0.000000 -0.297486
0.954643 -0.113943 -0.275089
0.952216 -0.059576 -0.299559
0.996745 -0.015747 -0.079071
0.954520 -0.275438 -0.114132
0.952214 -0.253938 -0.169719
0.996744 -0.067039 -0.044811
0.954589 -0.297925 -0.000012
0.952250 -0.299441 -0.059622
0.996746 -0.079070 -0.015701
0.954521 -0.275432 0.114134
0.952249 -0.299448 0.059613
0.996745 -0.079070 0.015697
0.954608 -0.210706 0.210538
0.952219 -0.253925 0.169712
0.996744 -0.067046 0.044796
0.954693 -0.113852 0.274952
0.952215 -0.169710 0.253938
0.996745 -0.044781 0.067042
0.954637 -0.000000 0.297773
0.952195 -0.059536 0.299633
0.996744 -0.015755 0.079076
0.954643 0.113943 0.275089
0.952195 0.059505 0.299641
0.996745 0.015747 0.079070
0.954672 0.210555 0.210399
0.952229 0.169675 0.253911
0.996746 0.044784 0.067029
0.954605 0.275181 0.114037
0.952298 0.253709 0.169590
0.996744 0.067046 0.044796
0.954591 0.297920 -0.000011
0.952271 0.299396 0.059522
0.996746 0.079068 0.015697
0.954603 0.275187 -0.114036
0.952272 0.299391 -0.059532
0.996746 0.079068 -0.015701
0.954670 0.210557 -0.210408
0.952293 0.253722 -0.169597
0.996744 0.067039 -0.044811
0.000000 -0.437015 -0.899454
0.000000 -0.437015 -0.899454
0.000000 -0.437015 -0.899454
0.000000 0.327306 0.944918
0.000000 0.327306 0.944918
0.000000 0.327306 0.944918
0.000000 0.899882 0.436134
0.000000 0.899882 0.436134
0.000000 0.899882 0.436134
0.000000 0.747366 0.664413
0.000000 0.747366 0.664413
0.000000 0.747366 0.664413
0.000000 -0.945047 -0.326935
0.000000 -0.945047 -0.326935
0.000000 -0.945047 -0.326935
0.000000 0.664322 -0.747447
0.000000 0.664322 -0.747447
0.000000 0.664322 -0.747447
0.000000 -0.998210 0.059815
0.000000 -0.998209 0.059815
0.000000 -0.998209 0.059815
0.000011 -0.664334 0.747436
0.000011 -0.664334 0.747436
0.000011 -0.664334 0.747436
0.954643 0.113943 -0.275088
0.996696 0.031100 -0.075036
0.996745 0.015747 -0.079070
0.954520 -0.275438 -0.114132
0.996696 -0.075049 -0.031071
0.996746 -0.079070 -0.015701
0.954643 -0.113943 -0.275089
0.996696 -0.031100 -0.075037
0.996745 -0.044784 -0.067030
0.954589 -0.297925 -0.000012
0.996697 -0.081209 -0.000004
0.996745 -0.079070 0.015697
0.954521 -0.275432 0.114134
0.996696 -0.075037 0.031101
0.996744 -0.067046 0.044796
0.954608 -0.210706 0.210538
0.996693 -0.057457 0.057454
0.996745 -0.044781 0.067042
0.954693 -0.113852 0.274952
0.996694 -0.031112 0.075058
0.996744 -0.015755 0.079076
0.954637 -0.000000 0.297773
0.996692 -0.000000 0.081270
0.996745 0.015747 0.079070
0.954643 0.113943 0.275089
0.996696 0.031100 0.075036
0.996746 0.044784 0.067029
0.954672 0.210555 0.210399
0.996693 0.057457 0.057454
0.996744 0.067046 0.044796
0.954605 0.275181 0.114037
0.996696 0.075037 0.031100
0.996746 0.079068 0.015697
0.954591 0.297920 -0.000011
0.996697 0.081206 -0.000004
0.996746 0.079068 -0.015701
0.954603 0.275187 -0.114036
0.996696 0.075050 -0.031070
0.996744 0.067039 -0.044811
0.954670 0.210557 -0.210408
0.996693 0.057422 -0.057489
0.996745 0.044784 -0.067029
0.954643 0.113943 -0.275088
0.952229 0.169675 -0.253911
0.996745 0.044784 -0.067029
0.827015 -0.109761 0.551361
0.834029 0.000000 0.551720
0.580608 0.000000 0.814183
0.827004 -0.312278 0.467489
0.833779 -0.211336 0.510049
0.580236 -0.311814 0.752395
0.827128 -0.467278 0.312265
0.833871 -0.390192 0.390396
0.580475 -0.575544 0.576020
0.827174 -0.551183 0.109458
0.833932 -0.509905 0.211080
0.580740 -0.752194 0.311360
0.827180 -0.551170 -0.109477
0.833797 -0.552072 0.000031
0.580503 -0.814258 0.000043
0.827196 -0.467300 -0.312053
0.834012 -0.509729 -0.211186
0.580900 -0.751963 -0.311620
0.827193 -0.312059 -0.467301
0.833749 -0.390425 -0.390423
0.580620 -0.575709 -0.575708
0.827024 -0.109889 -0.551321
0.834040 -0.211420 -0.509586
0.580739 -0.311843 -0.751994
0.827025 0.109888 -0.551320
0.834028 0.000000 -0.551722
0.580606 0.000000 -0.814184
0.827200 0.312131 -0.467241
0.834041 0.211418 -0.509586
0.580741 0.311842 -0.751993
0.827216 0.467218 -0.312124
0.833997 0.390139 -0.390181
0.580895 0.575574 -0.575566
0.827177 0.551175 -0.109476
0.834019 0.509716 -0.211190
0.580900 0.751963 -0.311620
0.827169 0.551189 0.109459
0.833796 0.552073 0.000031
0.580496 0.814263 0.000043
0.827135 0.467212 0.312347
0.833931 0.509905 0.211082
0.580735 0.752197 0.311362
0.827011 0.312351 0.467428
0.834113 0.389907 0.390165
0.580748 0.575409 0.575879
0.827015 0.109760 0.551361
0.833780 0.211334 0.510049
0.580238 0.311813 0.752394
0.580236 -0.311814 0.752395
0.833779 -0.211336 0.510049
0.827015 -0.109761 0.551361
0.580475 -0.575544 0.576020
0.833871 -0.390192 0.390396
0.827004 -0.312278 0.467489
0.580740 -0.752194 0.311360
0.833932 -0.509905 0.211080
0.827128 -0.467278 0.312265
0.580503 -0.814258 0.000043
0.833797 -0.552072 0.000031
0.827174 -0.551183 0.109458
0.580900 -0.751963 -0.311620
0.834012 -0.509729 -0.211186
0.827180 -0.551170 -0.109477
0.580620 -0.575709 -0.575708
0.833749 -0.390425 -0.390423
0.827196 -0.467300 -0.312053
0.580739 -0.311843 -0.751994
0.834040 -0.211420 -0.509586
0.827193 -0.312059 -0.467301
0.580606 0.000000 -0.814184
0.834028 0.000000 -0.551722
0.827024 -0.109889 -0.551321
0.580741 0.311842 -0.751993
0.834041 0.211418 -0.509586
0.827025 0.109888 -0.551320
0.580895 0.575574 -0.575566
0.833997 0.390139 -0.390181
0.827200 0.312131 -0.467241
0.580900 0.751963 -0.311620
0.834019 0.509716 -0.211190
0.827216 0.467218 -0.312124
0.580496 0.814263 0.000043
0.833796 0.552073 0.000031
0.827177 0.551175 -0.109476
0.580735 0.752197 0.311362
0.833931 0.509905 0.211082
0.827169 0.551189 0.109459
0.580748 0.575409 0.575879
0.834113 0.389907 0.390165
0.827135 0.467212 0.312347
0.580238 0.311813 0.752394
0.833780 0.211334 0.510049
0.827011 0.312351 0.467428
0.580608 0.000000 0.814183
0.834029 0.000000 0.551720
0.827015 0.109760 0.551361
0.954726 -0.000000 -0.297486
0.996692 -0.000000 -0.081270
0.996745 -0.015747 -0.079071
0.000000 -0.899417 0.437092
0.000000 -0.899417 0.437092
0.000000 -0.899417 0.437092
0.000000 0.998208 0.059843
0.000000 0.998208 0.059843
0.000000 0.998208 0.059843
0.000000 0.899419 -0.437087
0.000000 0.899419 -0.437087
0.000000 0.899419 -0.437087
0.000000 -0.058844 0.998267
0.000000 -0.058844 0.998267
0.000000 -0.058844 0.998267
0.000000 0.437019 0.899452
0.000000 0.437019 0.899452
0.000000 0.437019 0.899452
0.000013 0.945056 -0.326910
0.000013 0.945056 -0.326910
0.000013 0.945055 -0.326910
0.000000 0.058842 -0.998267
0.000000 0.058842 -0.998267
0.000000 0.058842 -0.998267
0.000000 -0.327307 0.944918
0.000000 -0.327307 0.944918
0.000000 -0.327307 0.944918
0.000003 -0.437010 0.899457
0.000003 -0.437010 0.899457
0.000003 -0.437010 0.899457
0.000000 -0.998210 -0.059814
0.000000 -0.998210 -0.059814
0.000000 -0.998209 -0.059814
0.000000 -0.747961 -0.663743
0.000000 -0.747961 -0.663743
0.000000 -0.747961 -0.663743
0.000000 -0.747964 0.663739
0.000000 -0.747964 0.663739
0.000000 -0.747964 0.663739
0.000000 0.998208 -0.059843
0.000000 0.998208 -0.059843
0.000000 0.998208 -0.059843
0.000000 0.747956 -0.663749
0.000000 0.747956 -0.663749
0.000000 0.747956 -0.663749
0.000000 -0.327315 -0.944915
0.000000 -0.327315 -0.944915
0.000000 -0.327315 -0.944915
0.000000 -0.664334 -0.747435
0.000000 -0.664335 -0.747435
0.000000 -0.664334 -0.747435
0.000000 0.945419 0.325858
0.000000 0.945419 0.325858
0.000000 0.945419 0.325858
0.000000 0.437019 -0.899452
0.000000 0.437019 -0.899452
0.000000 0.437019 -0.899452
1.000000 0.000000 0.000000
1.000000 0.000000 0.000000
1.000000 0.000000 0.000000
1.000000 0.000000 0.000000
1.000000 0.000000 0.000000
1.000000 0.000000 0.000000
1.000000 0.000000 0.000000
1.000000 0.000000 0.000000
1.000000 0.000000 0.000000
1.000000 0.000000 0.000000
1.000000 0.000000 0.000000
1.000000 0.000000 0.000000
1.000000 0.000000 0.000000
1.000000 0.000000 0.000000
1.000000 0.000000 0.000000
1.000000 0.000000 0.000000
1.000000 0.000000 0.000000
1.000000 0.000000 0.000000
1.000000 0.000000 0.000000
1.000000 0.000000 0.000000
1.000000 0.000000 0.000000
1.000000 0.000007 0.000020
1.000000 0.000007 0.000020
1.000000 0.000007 0.000020
1.000000 -0.000007 0.000020
1.000000 -0.000007 0.000020
1.000000 -0.000007 0.000020
1.000000 0.000000 0.000000
1.000000 0.000000 0.000000
1.000000 0.000000 0.000000
1.000000 0.000000 0.000000
1.000000 0.000000 0.000000
1.000000 0.000000 0.000000
1.000000 0.000000 0.000000
1.000000 0.000000 0.000000
1.000000 0.000000 0.000000
1.000000 0.000000 0.000000
1.000000 0.000000 0.000000
1.000000 0.000000 0.000000
1.000000 0.000000 0.000000
1.000000 0.000000 0.000000
1.000000 0.000000 0.000000
1.000000 0.000000 0.000000
1.000000 0.000000 0.000000
1.000000 0.000000 0.000000
1.000000 0.000000 0.000000
1.000000 0.000000 0.000000
1.000000 0.000000 0.000000
1.000000 0.000000 0.000000
1.000000 0.000000 0.000000
1.000000 0.000000 0.000000
1.000000 0.000000 0.000000
1.000000 0.000000 0.000000
1.000000 0.000000 0.000000
1.000000 0.000000 0.000000
1.000000 0.000000 0.000000
1.000000 0.000000 0.000000
1.000000 0.000004 0.000006
1.000000 0.000004 0.000006
1.000000 0.000004 0.000006
1.000000 -0.000004 0.000006
1.000000 -0.000004 0.000006
1.000000 -0.000004 0.000006
1.000000 0.000000 0.000000
1.000000 0.000000 0.000000
1.000000 0.000000 0.000000
1.000000 0.000000 0.000000
1.000000 0.000000 0.000000
1.000000 0.000000 0.000000
1.000000 0.000000 0.000000
1.000000 0.000000 0.000000
1.000000 0.000000 0.000000
1.000000 0.000000 0.000000
1.000000 0.000000 0.000000
1.000000 0.000000 0.000000
1.000000 0.000000 0.000000
1.000000 0.000000 0.000000
1.000000 0.000000 0.000000
1.000000 -0.000000 -0.000004
1.000000 -0.000000 -0.000004
1.000000 -0.000000 -0.000004
1.000000 0.000000 0.000000
1.000000 0.000000 0.000000
1.000000 0.000000 0.000000
1.000000 0.000000 0.000000
1.000000 0.000000 0.000000
1.000000 0.000000 0.000000
0.000000 0.058845 0.998267
0.000000 0.058845 0.998267
0.000000 0.058845 0.998267
0.834113 0.389907 0.390165
0.981086 0.136932 0.136821
0.981372 0.159725 0.106751
0.833932 -0.509905 0.211080
0.827174 -0.551183 0.109458
0.981374 -0.188413 0.037499
0.833780 0.211334 0.510049
0.827015 0.109760 0.551361
0.981370 0.037448 0.188441
0.833749 -0.390425 -0.390423
0.981098 -0.136825 -0.136845
0.981373 -0.159750 -0.106709
0.834012 -0.509729 -0.211186
0.827196 -0.467300 -0.312053
0.981373 -0.159750 -0.106709
0.833997 0.390139 -0.390181
0.981086 0.136933 -0.136821
0.981360 0.106813 -0.159763
0.834041 0.211418 -0.509586
0.827200 0.312131 -0.467241
0.981360 0.106813 -0.159763
0.833871 -0.390192 0.390396
0.981097 -0.136887 0.136783
0.981372 -0.106782 0.159706
0.834012 -0.509729 -0.211186
0.981089 -0.178907 -0.073871
0.981370 -0.188449 -0.037410
0.834040 -0.211420 -0.509586
0.827024 -0.109889 -0.551321
0.981365 -0.037479 -0.188463
0.833749 -0.390425 -0.390423
0.827193 -0.312059 -0.467301
0.981364 -0.106785 -0.159756
0.833779 -0.211336 0.510049
0.827004 -0.312278 0.467489
0.981372 -0.106782 0.159706
0.834029 0.000000 0.551720
0.981089 -0.000000 0.193559
0.981370 0.037448 0.188441
0.834019 0.509716 -0.211190
0.827177 0.551175 -0.109476
0.981370 0.188449 -0.037409
0.834028 0.000000 -0.551722
0.981089 -0.000000 -0.193558
0.981365 -0.037479 -0.188463
0.833931 0.509905 0.211082
0.981095 0.178796 0.074061
0.981374 0.188414 0.037499
0.834019 0.509716 -0.211190
0.981089 0.178866 -0.073973
0.981366 0.159762 -0.106761
0.833797 -0.552072 0.000031
0.827180 -0.551170 -0.109477
0.981370 -0.188449 -0.037410
0.833780 0.211334 0.510049
0.981089 0.074103 0.178812
0.981368 0.106810 0.159712
0.834113 0.389907 0.390165
0.827011 0.312351 0.467428
0.981368 0.106810 0.159712
0.833779 -0.211336 0.510049
0.981089 -0.074103 0.178811
0.981370 -0.037448 0.188440
0.833796 0.552073 0.000031
0.827169 0.551189 0.109459
0.981374 0.188414 0.037499
0.833796 0.552073 0.000031
0.981095 0.193526 -0.000000
0.981370 0.188449 -0.037409
0.833997 0.390139 -0.390181
0.827216 0.467218 -0.312124
0.981366 0.159762 -0.106761
0.834040 -0.211420 -0.509586
0.981074 -0.074130 -0.178880
0.981364 -0.106785 -0.159756
0.833797 -0.552072 0.000031
0.981095 -0.193525 -0.000001
0.981374 -0.188413 0.037499
0.834041 0.211418 -0.509586
0.981074 0.074129 -0.178882
0.981365 0.037480 -0.188463
0.834028 0.000000 -0.551722
0.827025 0.109888 -0.551320
0.981365 0.037480 -0.188463
0.833932 -0.509905 0.211080
0.981095 -0.178796 0.074059
0.981377 -0.159717 0.106721
0.833931 0.509905 0.211082
0.827135 0.467212 0.312347
0.981372 0.159725 0.106751
0.833871 -0.390192 0.390396
0.827128 -0.467278 0.312265
0.981377 -0.159717 0.106721
0.834029 0.000000 0.551720
0.827015 -0.109761 0.551361
0.981370 -0.037448 0.188440
0.000000 0.663921 0.747803
0.000000 0.663921 0.747803
0.000000 0.663921 0.747803
-0.000008 0.436628 0.899642
-0.000008 0.436628 0.899642
-0.000008 0.436628 0.899642
0.000000 0.327738 0.944769
0.000000 0.327738 0.944768
0.000000 0.327738 0.944769
0.000000 0.747887 0.663826
0.000000 0.747887 0.663826
0.000000 0.747887 0.663826
0.000000 -0.059375 0.998236
0.000000 -0.059375 0.998236
0.000000 -0.059375 0.998236
0.000016 0.944810 0.327619
0.000016 0.944810 0.327619
0.000016 0.944810 0.327619
0.000000 -0.436557 0.899677
0.000000 -0.436556 0.899677
0.000000 -0.436557 0.899677
0.000000 0.998305 -0.058192
0.000000 0.998305 -0.058192
0.000000 0.998305 -0.058192
-0.000003 -0.747895 0.663817
-0.000003 -0.747895 0.663817
-0.000003 -0.747895 0.663817
-0.000013 0.899849 -0.436202
-0.000013 0.899849 -0.436202
-0.000013 0.899849 -0.436202
0.000000 -0.059381 -0.998235
0.000000 -0.059381 -0.998235
0.000000 -0.059381 -0.998235
-0.000008 -0.944809 0.327622
-0.000008 -0.944809 0.327622
-0.000008 -0.944809 0.327622
0.000000 0.663917 -0.747807
0.000000 0.663917 -0.747807
0.000000 0.663917 -0.747807
-0.000004 -0.436625 -0.899643
-0.000004 -0.436625 -0.899644
-0.000004 -0.436625 -0.899643
0.000000 -0.998306 -0.058181
0.000000 -0.998306 -0.058181
0.000000 -0.998306 -0.058181
0.000000 0.327737 -0.944769
0.000000 0.327737 -0.944769
0.000000 0.327737 -0.944769
0.000000 -0.747238 -0.664557
0.000000 -0.747238 -0.664557
0.000000 -0.747238 -0.664557
0.000000 -0.899850 -0.436199
0.000000 -0.899850 -0.436199
0.000000 -0.899850 -0.436199
-0.000001 0.059379 -0.998236
-0.000001 0.059379 -0.998235
-0.000001 0.059379 -0.998236
0.000016 -0.944810 -0.327618
0.000016 -0.944810 -0.327618
0.000016 -0.944810 -0.327618
0.000000 -0.663918 -0.747805
0.000000 -0.663918 -0.747805
0.000000 -0.663918 -0.747805
0.000000 0.436628 -0.899642
0.000000 0.436628 -0.899642
0.000000 0.436628 -0.899642
-0.000034 -0.998311 0.058092
-0.000034 -0.998311 0.058092
-0.000034 -0.998311 0.058092
0.000000 -0.327734 -0.944770
0.000000 -0.327734 -0.944770
0.000000 -0.327734 -0.944770
0.000000 0.747240 -0.664554
0.000000 0.747240 -0.664554
0.000000 0.747240 -0.664554
-0.000002 -0.899567 0.436783
-0.000002 -0.899567 0.436783
-0.000002 -0.899567 0.436783
0.000000 0.944812 -0.327614
0.000000 0.944812 -0.327614
0.000000 0.944812 -0.327614
0.000000 -0.663914 0.747809
0.000000 -0.663914 0.747809
0.000000 -0.663914 0.747809
0.000008 0.998311 0.058094
0.000008 0.998311 0.058094
0.000008 0.998311 0.058094
0.000000 -0.327799 0.944748
0.000000 -0.327799 0.944748
0.000000 -0.327799 0.944748
0.000000 0.899570 0.436777
0.000000 0.899570 0.436777
0.000000 0.899570 0.436777
-0.000008 0.059378 0.998236
-0.000008 0.059378 0.998236
-0.000008 0.059378 0.998236
-0.990021 0.138218 -0.027445
-0.995800 0.082382 -0.039935
-0.990782 0.135465 -0.000007
-0.990021 0.117166 -0.078303
-0.995797 0.060803 -0.068486
-0.995800 0.082382 -0.039935
-0.990028 0.078252 -0.117138
-0.995800 0.030006 -0.086498
-0.995797 0.060803 -0.068486
-0.993628 0.030404 -0.108532
-0.990770 -0.000000 -0.135558
-0.995800 0.030006 -0.086498
-0.993631 -0.013507 -0.111873
-0.990773 -0.051889 -0.125206
-0.990770 -0.000000 -0.135558
-0.990025 -0.078275 -0.117143
-0.990767 -0.095827 -0.095910
-0.990773 -0.051889 -0.125206
-0.990012 -0.117216 -0.078331
-0.995796 -0.086549 -0.030011
-0.990767 -0.095827 -0.095910
-0.990018 -0.138238 -0.027473
-0.990782 -0.135463 -0.000007
-0.995796 -0.086549 -0.030011
-0.990017 -0.138243 0.027467
-0.990762 -0.125276 0.051921
-0.990782 -0.135463 -0.000007
-0.990021 -0.117179 0.078278
-0.990761 -0.095905 0.095890
-0.990762 -0.125276 0.051921
-0.990025 -0.078272 0.117147
-0.995801 -0.030010 0.086491
-0.990761 -0.095905 0.095890
-0.990022 -0.027515 0.138202
-0.990760 -0.000000 0.135627
-0.995801 -0.030010 0.086491
-0.990022 0.027512 0.138202
-0.995798 0.039985 0.082388
-0.990760 -0.000000 0.135627
-0.990028 0.078251 0.117136
-0.995796 0.068507 0.060808
-0.995798 0.039985 0.082388
-0.993634 0.088632 0.069546
-0.990771 0.125216 0.051897
-0.995796 0.068507 0.060808
-0.990021 0.138222 0.027439
-0.990782 0.135465 -0.000007
-0.990771 0.125216 0.051897
-0.995800 0.082382 -0.039935
-0.995797 0.060803 -0.068486
-0.990782 0.135465 -0.000007
-0.995800 0.030006 -0.086498
-0.990770 -0.000000 -0.135558
-0.990773 -0.051889 -0.125206
-0.990773 -0.051889 -0.125206
-0.990782 -0.135463 -0.000007
-0.995800 0.030006 -0.086498
-0.995796 -0.086549 -0.030011
-0.990782 -0.135463 -0.000007
-0.990767 -0.095827 -0.095910
-0.990762 -0.125276 0.051921
-0.990761 -0.095905 0.095890
-0.990782 -0.135463 -0.000007
-0.995801 -0.030010 0.086491
-0.990782 0.135465 -0.000007
-0.990782 -0.135463 -0.000007
-0.995798 0.039985 0.082388
-0.995796 0.068507 0.060808
-0.990782 0.135465 -0.000007
-0.990771 0.125216 0.051897
-0.990782 0.135465 -0.000007
-0.995796 0.068507 0.060808
-0.995797 0.060803 -0.068486
-0.995800 0.030006 -0.086498
-0.990782 0.135465 -0.000007
-0.990767 -0.095827 -0.095910
-0.990782 -0.135463 -0.000007
-0.990773 -0.051889 -0.125206
-0.990761 -0.095905 0.095890
-0.995801 -0.030010 0.086491
-0.990782 -0.135463 -0.000007
-0.995798 0.039985 0.082388
-0.995801 -0.030010 0.086491
-0.990760 -0.000000 0.135627
-0.995800 0.030006 -0.086498
-0.990782 -0.135463 -0.000007
-0.990782 0.135465 -0.000007
-0.965817 0.239501 -0.099184
-0.966302 0.214040 -0.142992
-0.990021 0.117166 -0.078303
-0.873646 -0.000000 -0.486561
-0.875000 -0.094548 -0.474800
-0.952216 -0.059576 -0.299559
-0.873557 -0.186198 -0.449698
-0.875107 -0.268970 -0.402297
-0.952214 -0.169747 -0.253917
-0.873529 -0.344324 -0.344076
-0.875108 -0.402381 -0.268841
-0.952214 -0.253937 -0.169720
-0.873482 -0.449743 -0.186443
-0.875275 -0.474301 -0.094507
-0.952251 -0.299439 -0.059624
-0.873628 -0.486595 -0.000016
-0.875275 -0.474305 0.094494
-0.952249 -0.299445 0.059614
-0.873482 -0.449743 0.186443
-0.875108 -0.402381 0.268841
-0.952219 -0.253923 0.169712
-0.873528 -0.344326 0.344076
-0.875107 -0.268971 0.402297
-0.952215 -0.169711 0.253939
-0.873611 -0.186165 0.449607
-0.875001 -0.094321 0.474844
-0.952195 -0.059536 0.299633
-0.873485 -0.000000 0.486852
-0.875001 0.094320 0.474844
-0.952195 0.059505 0.299641
-0.873557 0.186198 0.449698
-0.875107 0.268839 0.402384
-0.952229 0.169674 0.253911
-0.873690 0.344071 0.343919
-0.875339 0.402049 0.268585
-0.952298 0.253710 0.169590
-0.873686 0.449453 0.186184
-0.875276 0.474347 0.094275
-0.952269 0.299400 0.059521
-0.873628 0.486595 -0.000016
-0.875276 0.474344 -0.094289
-0.952271 0.299394 -0.059531
-0.873686 0.449453 -0.186184
-0.875340 0.402048 -0.268585
-0.952293 0.253724 -0.169596
-0.873690 0.344073 -0.343918
-0.875108 0.268839 -0.402382
-0.952229 0.169674 -0.253911
-0.873557 0.186198 -0.449697
-0.875001 0.094549 -0.474799
-0.952216 0.059576 -0.299559
-0.873557 -0.186198 -0.449698
-0.954643 -0.113943 -0.275089
-0.952216 -0.059576 -0.299559
-0.873529 -0.344324 -0.344076
-0.954606 -0.210706 -0.210547
-0.952214 -0.169747 -0.253917
-0.873482 -0.449743 -0.186443
-0.954520 -0.275436 -0.114134
-0.952214 -0.253937 -0.169720
-0.873628 -0.486595 -0.000016
-0.954590 -0.297922 -0.000011
-0.952251 -0.299439 -0.059624
-0.873482 -0.449743 0.186443
-0.954522 -0.275430 0.114136
-0.952249 -0.299445 0.059614
-0.873528 -0.344326 0.344076
-0.954608 -0.210707 0.210538
-0.952219 -0.253923 0.169712
-0.873611 -0.186165 0.449607
-0.954693 -0.113852 0.274952
-0.952215 -0.169711 0.253939
-0.873485 -0.000000 0.486852
-0.954637 -0.000000 0.297774
-0.952195 -0.059536 0.299633
-0.873557 0.186198 0.449698
-0.954643 0.113943 0.275088
-0.952195 0.059505 0.299641
-0.873690 0.344071 0.343919
-0.954673 0.210553 0.210398
-0.952229 0.169674 0.253911
-0.873686 0.449453 0.186184
-0.954604 0.275185 0.114037
-0.952298 0.253710 0.169590
-0.873628 0.486595 -0.000016
-0.954590 0.297924 -0.000011
-0.952269 0.299400 0.059521
-0.873686 0.449453 -0.186184
-0.954603 0.275190 -0.114036
-0.952271 0.299394 -0.059531
-0.873690 0.344073 -0.343918
-0.954670 0.210556 -0.210408
-0.952293 0.253724 -0.169596
-0.873557 0.186198 -0.449697
-0.954643 0.113943 -0.275088
-0.952229 0.169674 -0.253911
-0.873646 -0.000000 -0.486561
-0.954726 -0.000000 -0.297486
-0.952216 0.059576 -0.299559
0.990021 -0.117178 0.078278
0.966291 -0.214067 0.143028
0.965798 -0.239520 0.099319
0.965818 0.239497 -0.099186
0.966307 0.252453 -0.050188
0.990022 0.138213 -0.027444
0.990018 -0.138239 -0.027473
0.966306 -0.252434 -0.050303
0.965793 -0.239544 -0.099312
0.965817 0.099167 0.239507
0.966296 0.050148 0.252502
0.990022 0.027512 0.138202
0.990025 -0.078273 0.117147
0.966316 -0.143040 0.213946
0.965807 -0.183374 0.183276
0.990017 -0.138243 0.027467
0.966306 -0.252435 0.050296
0.965812 -0.259244 -0.000009
0.965819 -0.000000 -0.259218
0.966296 0.050269 -0.252477
0.990026 0.027531 -0.138171
0.965813 0.259241 -0.000009
0.966307 0.252454 0.050181
0.990022 0.138217 0.027439
0.965826 0.183276 0.183273
0.966316 0.142972 0.213992
0.990028 0.078252 0.117138
0.990022 0.027512 0.138202
0.966296 0.050148 0.252502
0.965801 -0.000000 0.259283
0.990022 0.138217 0.027439
0.966307 0.252454 0.050181
0.965823 0.239472 0.099192
0.965812 -0.259244 -0.000009
0.966306 -0.252434 -0.050303
0.990018 -0.138239 -0.027473
0.990028 0.078252 -0.117138
0.966316 0.142972 -0.213992
0.965818 0.183282 -0.183311
0.990022 0.138213 -0.027444
0.966307 0.252453 -0.050188
0.965813 0.259241 -0.000009
0.990026 0.027531 -0.138171
0.966296 0.050269 -0.252477
0.965817 0.099167 -0.239507
0.990026 -0.027531 -0.138171
0.966296 -0.050268 -0.252478
0.965819 -0.000000 -0.259218
0.990030 0.117124 0.078246
0.966320 0.213980 0.142966
0.965826 0.183276 0.183273
0.965798 -0.239520 0.099319
0.966306 -0.252435 0.050296
0.990017 -0.138243 0.027467
0.000000 -0.195298 -0.980744
0.000000 -0.000001 -1.000000
0.000000 -0.000001 -1.000000
0.965801 -0.000000 0.259283
0.966296 -0.050148 0.252502
0.990022 -0.027515 0.138202
-0.000000 -0.195298 -0.980744
-0.000000 -0.382477 -0.923965
-0.000000 -0.382477 -0.923965
0.990028 0.078252 0.117138
0.966316 0.142972 0.213992
0.965817 0.099167 0.239507
-0.000000 -0.555816 -0.831305
-0.000001 -0.707349 -0.706865
-0.000001 -0.707349 -0.706865
0.965817 -0.099166 0.239506
0.966316 -0.143040 0.213946
0.990025 -0.078273 0.117147
-0.000001 -0.831496 -0.555530
0.000000 -0.923713 -0.383086
-0.000001 -0.923712 -0.383087
0.990012 -0.117216 -0.078331
0.966274 -0.214124 -0.143058
0.965799 -0.183379 -0.183314
0.000000 -0.980716 -0.195439
0.000000 -1.000000 -0.000031
0.000000 -1.000000 -0.000031
0.965793 -0.239544 -0.099312
0.966274 -0.214124 -0.143058
0.990012 -0.117216 -0.078331
0.000000 -0.980722 0.195409
-0.000001 -0.923713 0.383086
0.000000 -0.923712 0.383087
-0.000002 -0.831498 0.555528
-0.000001 -0.707350 0.706864
-0.000001 -0.707350 0.706863
0.990025 -0.078275 -0.117143
0.966316 -0.143040 -0.213946
0.965817 -0.099166 -0.239507
-0.000000 -0.555816 0.831305
0.000000 -0.382479 0.923964
-0.000000 -0.382479 0.923964
0.965818 0.183282 -0.183311
0.966303 0.214037 -0.142994
0.990021 0.117161 -0.078299
0.000000 -0.194792 0.980845
0.000000 -0.000001 1.000000
0.000000 -0.000001 1.000000
0.965807 -0.183374 0.183276
0.966291 -0.214067 0.143028
0.990021 -0.117178 0.078278
0.000000 0.194791 0.980845
0.000000 0.382478 0.923964
0.000000 0.382478 0.923964
0.965817 -0.099166 -0.239507
0.966296 -0.050268 -0.252478
0.990026 -0.027531 -0.138171
0.000000 0.555527 0.831498
0.000000 0.707107 0.707106
0.000000 0.707107 0.707106
0.965817 0.099167 -0.239507
0.966316 0.142972 -0.213992
0.990028 0.078252 -0.117138
0.000000 0.831497 0.555529
0.000000 0.923898 0.382638
0.000000 0.923898 0.382638
0.965823 0.239472 0.099192
0.966320 0.213980 0.142966
0.990030 0.117124 0.078246
0.000000 0.980818 0.194926
0.000000 1.000000 -0.000030
0.000000 1.000000 -0.000030
0.965799 -0.183379 -0.183314
0.966316 -0.143040 -0.213946
0.990025 -0.078275 -0.117143
0.000000 0.980812 -0.194956
0.000000 0.923898 -0.382638
0.000000 0.923898 -0.382638
0.990022 -0.027515 0.138202
0.966296 -0.050148 0.252502
0.965817 -0.099166 0.239506
0.000000 0.831497 -0.555529
0.000000 0.707109 -0.707105
0.000000 0.707109 -0.707104
0.000000 0.555528 -0.831498
0.000000 0.382478 -0.923965
0.000000 0.382478 -0.923965
-0.000000 -0.555816 -0.831305
-0.000000 -0.382477 -0.923965
-0.000000 -0.382477 -0.923965
-0.000001 -0.831496 -0.555531
-0.000001 -0.707349 -0.706865
-0.000001 -0.707349 -0.706865
0.000000 -0.980716 -0.195439
-0.000001 -0.923712 -0.383087
0.000000 -0.923713 -0.383086
0.000000 -0.980722 0.195409
0.000000 -1.000000 -0.000031
0.000000 -1.000000 -0.000031
-0.000001 -0.831497 0.555529
0.000000 -0.923712 0.383087
-0.000001 -0.923713 0.383086
-0.000000 -0.555817 0.831305
-0.000001 -0.707350 0.706863
-0.000001 -0.707350 0.706864
0.000000 -0.194792 0.980845
-0.000000 -0.382479 0.923964
0.000000 -0.382479 0.923964
0.000000 0.194791 0.980845
0.000000 -0.000001 1.000000
0.000000 -0.000001 1.000000
0.000000 0.555527 0.831498
0.000000 0.382478 0.923964
0.000000 0.382478 0.923964
0.000000 0.831497 0.555529
0.000000 0.707107 0.707106
0.000000 0.707107 0.707106
0.000000 0.980818 0.194926
0.000000 0.923898 0.382638
0.000000 0.923898 0.382638
0.000000 0.980812 -0.194956
0.000000 1.000000 -0.000030
0.000000 1.000000 -0.000030
0.000000 0.831497 -0.555529
0.000000 0.923898 -0.382638
0.000000 0.923898 -0.382638
0.000000 0.555529 -0.831497
0.000000 0.707109 -0.707104
0.000000 0.707109 -0.707105
0.000000 0.195299 -0.980744
0.000000 0.382478 -0.923965
0.000000 0.382478 -0.923965
0.000000 0.195299 -0.980744
0.000000 -0.000001 -1.000000
0.000000 -0.000001 -1.000000
-0.996744 -0.067039 -0.044811
-0.996693 -0.057422 -0.057489
-0.954606 -0.210706 -0.210547
0.000000 0.664323 0.747445
0.000000 0.664323 0.747445
0.000000 0.664323 0.747445
0.000000 -0.945409 0.325885
0.000000 -0.945409 0.325885
0.000000 -0.945409 0.325885
0.000000 -0.058842 -0.998267
0.000000 -0.058842 -0.998267
0.000000 -0.058842 -0.998267
0.000000 0.327305 -0.944919
0.000000 0.327305 -0.944919
0.000000 0.327305 -0.944919
0.000002 -0.899419 -0.437088
0.000002 -0.899419 -0.437088
0.000002 -0.899419 -0.437088
-0.954606 -0.210706 -0.210547
-0.996693 -0.057422 -0.057489
-0.996745 -0.044784 -0.067030
-0.954726 -0.000000 -0.297486
-0.996692 -0.000000 -0.081271
-0.996745 0.015747 -0.079071
-0.954643 -0.113943 -0.275089
-0.996696 -0.031101 -0.075037
-0.996745 -0.015747 -0.079071
-0.954520 -0.275436 -0.114134
-0.996696 -0.075049 -0.031071
-0.996744 -0.067039 -0.044811
-0.954590 -0.297922 -0.000011
-0.996697 -0.081206 -0.000004
-0.996746 -0.079067 -0.015701
-0.954522 -0.275430 0.114136
-0.996696 -0.075037 0.031100
-0.996746 -0.079068 0.015697
-0.954608 -0.210707 0.210538
-0.996693 -0.057457 0.057454
-0.996744 -0.067046 0.044796
-0.954693 -0.113852 0.274952
-0.996694 -0.031112 0.075059
-0.996745 -0.044781 0.067043
-0.954637 -0.000000 0.297774
-0.996692 -0.000000 0.081271
-0.996744 -0.015755 0.079076
-0.954643 0.113943 0.275088
-0.996696 0.031101 0.075037
-0.996745 0.015747 0.079071
-0.954673 0.210553 0.210398
-0.996693 0.057457 0.057454
-0.996745 0.044784 0.067030
-0.954604 0.275185 0.114037
-0.996696 0.075036 0.031101
-0.996744 0.067046 0.044796
-0.954590 0.297924 -0.000011
-0.996697 0.081208 -0.000004
-0.996746 0.079069 0.015697
-0.954603 0.275190 -0.114036
-0.996696 0.075049 -0.031071
-0.996745 0.079069 -0.015701
-0.954670 0.210556 -0.210408
-0.996693 0.057422 -0.057489
-0.996744 0.067039 -0.044811
0.000000 -0.437012 -0.899455
0.000000 -0.437012 -0.899455
0.000000 -0.437012 -0.899455
0.000000 0.327307 0.944918
0.000000 0.327307 0.944918
0.000000 0.327307 0.944918
0.000000 0.899881 0.436135
0.000000 0.899881 0.436135
0.000000 0.899881 0.436135
0.000000 0.747371 0.664407
0.000000 0.747371 0.664407
0.000000 0.747371 0.664407
0.000000 -0.945047 -0.326935
0.000000 -0.945047 -0.326935
0.000000 -0.945047 -0.326935
0.000000 0.664324 -0.747444
0.000000 0.664325 -0.747444
0.000000 0.664324 -0.747444
0.000000 -0.998209 0.059815
0.000000 -0.998209 0.059815
0.000000 -0.998210 0.059815
-0.000003 -0.664330 0.747440
-0.000003 -0.664330 0.747440
-0.000003 -0.664330 0.747440
-0.996745 0.015747 -0.079071
-0.996696 0.031101 -0.075037
-0.954643 0.113943 -0.275088
-0.996746 -0.079067 -0.015701
-0.996696 -0.075049 -0.031071
-0.954520 -0.275436 -0.114134
-0.996745 -0.044784 -0.067030
-0.996696 -0.031101 -0.075037
-0.954643 -0.113943 -0.275089
-0.996746 -0.079068 0.015697
-0.996697 -0.081206 -0.000004
-0.954590 -0.297922 -0.000011
-0.996744 -0.067046 0.044796
-0.996696 -0.075037 0.031100
-0.954522 -0.275430 0.114136
-0.996745 -0.044781 0.067043
-0.996693 -0.057457 0.057454
-0.954608 -0.210707 0.210538
-0.996744 -0.015755 0.079076
-0.996694 -0.031112 0.075059
-0.954693 -0.113852 0.274952
-0.996745 0.015747 0.079071
-0.996692 -0.000000 0.081271
-0.954637 -0.000000 0.297774
-0.996745 0.044784 0.067030
-0.996696 0.031101 0.075037
-0.954643 0.113943 0.275088
-0.996744 0.067046 0.044796
-0.996693 0.057457 0.057454
-0.954673 0.210553 0.210398
-0.996746 0.079069 0.015697
-0.996696 0.075036 0.031101
-0.954604 0.275185 0.114037
-0.996745 0.079069 -0.015701
-0.996697 0.081208 -0.000004
-0.954590 0.297924 -0.000011
-0.996744 0.067039 -0.044811
-0.996696 0.075049 -0.031071
-0.954603 0.275190 -0.114036
-0.996745 0.044784 -0.067030
-0.996693 0.057422 -0.057489
-0.954670 0.210556 -0.210408
-0.954643 0.113943 -0.275088
-0.996696 0.031101 -0.075037
-0.996745 0.044784 -0.067030
-0.580608 0.000000 0.814184
-0.834029 0.000000 0.551720
-0.827015 -0.109761 0.551361
-0.580236 -0.311814 0.752395
-0.833779 -0.211336 0.510050
-0.827004 -0.312278 0.467490
-0.580473 -0.575545 0.576021
-0.833870 -0.390192 0.390398
-0.827127 -0.467280 0.312266
-0.580735 -0.752197 0.311362
-0.833930 -0.509907 0.211082
-0.827171 -0.551188 0.109456
-0.580498 -0.814262 0.000042
-0.833797 -0.552071 0.000031
-0.827176 -0.551176 -0.109475
-0.580895 -0.751966 -0.311622
-0.834010 -0.509731 -0.211189
-0.827196 -0.467300 -0.312054
-0.580621 -0.575709 -0.575707
-0.833750 -0.390425 -0.390422
-0.827193 -0.312059 -0.467301
-0.580739 -0.311843 -0.751995
-0.834041 -0.211420 -0.509585
-0.827023 -0.109889 -0.551323
-0.580605 0.000000 -0.814185
-0.834029 0.000000 -0.551720
-0.827023 0.109889 -0.551323
-0.580740 0.311842 -0.751994
-0.834042 0.211418 -0.509585
-0.827199 0.312131 -0.467242
-0.580894 0.575575 -0.575566
-0.833996 0.390141 -0.390181
-0.827216 0.467218 -0.312124
-0.580901 0.751962 -0.311620
-0.834020 0.509715 -0.211191
-0.827176 0.551176 -0.109477
-0.580493 0.814265 0.000043
-0.833793 0.552077 0.000031
-0.827169 0.551190 0.109460
-0.580735 0.752197 0.311362
-0.833931 0.509905 0.211082
-0.827134 0.467213 0.312348
-0.580746 0.575410 0.575879
-0.834111 0.389909 0.390166
-0.827011 0.312351 0.467429
-0.580237 0.311813 0.752394
-0.833780 0.211334 0.510049
-0.827015 0.109760 0.551362
-0.580236 -0.311814 0.752395
-0.583311 -0.158801 0.796574
-0.827015 -0.109761 0.551361
-0.580473 -0.575545 0.576021
-0.583249 -0.451207 0.675450
-0.827004 -0.312278 0.467490
-0.580735 -0.752197 0.311362
-0.583834 -0.675037 0.451070
-0.827127 -0.467280 0.312266
-0.580498 -0.814262 0.000042
-0.584004 -0.796213 0.158065
-0.827171 -0.551188 0.109456
-0.580895 -0.751966 -0.311622
-0.584002 -0.796222 -0.158027
-0.827176 -0.551176 -0.109475
-0.580621 -0.575709 -0.575707
-0.583835 -0.675122 -0.450940
-0.827196 -0.467300 -0.312054
-0.580739 -0.311843 -0.751995
-0.583840 -0.450937 -0.675119
-0.827193 -0.312059 -0.467301
-0.580605 0.000000 -0.814185
-0.583308 -0.158800 -0.796577
-0.827023 -0.109889 -0.551323
-0.580740 0.311842 -0.751994
-0.583310 0.158802 -0.796575
-0.827023 0.109889 -0.551323
-0.580894 0.575575 -0.575566
-0.583838 0.450936 -0.675121
-0.827199 0.312131 -0.467242
-0.580901 0.751962 -0.311620
-0.583838 0.675122 -0.450937
-0.827216 0.467218 -0.312124
-0.580493 0.814265 0.000043
-0.584002 0.796222 -0.158025
-0.827176 0.551176 -0.109477
-0.580735 0.752197 0.311362
-0.584002 0.796213 0.158067
-0.827169 0.551190 0.109460
-0.580746 0.575410 0.575879
-0.583835 0.675038 0.451067
-0.827134 0.467213 0.312348
-0.580237 0.311813 0.752394
-0.583249 0.451207 0.675450
-0.827011 0.312351 0.467429
-0.580608 0.000000 0.814184
-0.583311 0.158800 0.796575
-0.827015 0.109760 0.551362
-0.996745 -0.015747 -0.079071
-0.996692 -0.000000 -0.081271
-0.954726 -0.000000 -0.297486
0.000000 -0.899419 0.437087
0.000000 -0.899419 0.437087
0.000000 -0.899419 0.437087
0.000000 0.998208 0.059842
0.000000 0.998208 0.059843
0.000000 0.998208 0.059843
0.000000 0.899419 -0.437088
0.000000 0.899419 -0.437088
0.000000 0.899419 -0.437088
0.000000 -0.058842 0.998267
0.000000 -0.058842 0.998267
0.000000 -0.058842 0.998267
0.000000 0.437020 0.899452
0.000000 0.437020 0.899452
0.000000 0.437020 0.899452
0.000000 0.945054 -0.326915
0.000000 0.945054 -0.326915
0.000000 0.945054 -0.326915
0.000000 0.058841 -0.998267
0.000000 0.058841 -0.998267
0.000000 0.058841 -0.998267
0.000000 -0.327312 0.944916
0.000000 -0.327312 0.944916
0.000000 -0.327312 0.944916
-0.000013 -0.437010 0.899457
-0.000013 -0.437010 0.899457
-0.000013 -0.437010 0.899457
0.000000 -0.998210 -0.059814
0.000000 -0.998209 -0.059814
0.000000 -0.998209 -0.059814
0.000000 -0.747965 -0.663739
0.000000 -0.747965 -0.663739
0.000000 -0.747965 -0.663739
0.000000 -0.747966 0.663737
0.000000 -0.747966 0.663737
0.000000 -0.747966 0.663737
0.000014 0.998208 -0.059843
0.000014 0.998208 -0.059843
0.000014 0.998208 -0.059843
0.000000 0.747956 -0.663749
0.000000 0.747956 -0.663749
0.000000 0.747956 -0.663749
0.000000 -0.327313 -0.944916
0.000000 -0.327313 -0.944916
0.000000 -0.327313 -0.944916
0.000000 -0.664332 -0.747438
0.000000 -0.664332 -0.747438
0.000000 -0.664332 -0.747438
0.000000 0.945417 0.325863
0.000000 0.945417 0.325863
0.000000 0.945417 0.325863
0.000000 0.437021 -0.899451
0.000000 0.437021 -0.899451
0.000000 0.437021 -0.899451
-1.000000 0.000000 0.000000
-1.000000 0.000000 0.000000
-1.000000 0.000000 0.000000
-1.000000 0.000000 0.000000
-1.000000 0.000000 0.000000
-1.000000 0.000000 0.000000
-1.000000 0.000000 0.000000
-1.000000 0.000000 0.000000
-1.000000 0.000000 0.000000
-1.000000 0.000000 0.000000
-1.000000 0.000000 0.000000
-1.000000 0.000000 0.000000
-1.000000 0.000000 0.000000
-1.000000 0.000000 0.000000
-1.000000 0.000000 0.000000
-1.000000 0.000000 0.000000
-1.000000 0.000000 0.000000
-1.000000 0.000000 0.000000
-1.000000 0.000000 0.000000
-1.000000 0.000000 0.000000
-1.000000 0.000000 0.000000
-1.000000 0.000000 0.000000
-1.000000 0.000000 0.000000
-1.000000 0.000000 0.000000
-1.000000 -0.000003 0.000010
-1.000000 -0.000003 0.000010
-1.000000 -0.000003 0.000010
-1.000000 0.000003 0.000010
-1.000000 0.000003 0.000010
-1.000000 0.000003 0.000010
-1.000000 0.000000 0.000000
-1.000000 0.000000 0.000000
-1.000000 0.000000 0.000000
-1.000000 0.000000 0.000000
-1.000000 0.000000 0.000000
-1.000000 0.000000 0.000000
-1.000000 0.000000 0.000000
-1.000000 0.000000 0.000000
-1.000000 0.000000 0.000000
-1.000000 0.000000 0.000000
-1.000000 0.000000 0.000000
-1.000000 0.000000 0.000000
-1.000000 0.000000 0.000000
-1.000000 0.000000 0.000000
-1.000000 0.000000 0.000000
-1.000000 0.000000 0.000000
-1.000000 0.000000 0.000000
-1.000000 0.000000 0.000000
-1.000000 0.000000 0.000000
-1.000000 0.000000 0.000000
-1.000000 0.000000 0.000000
-1.000000 0.000000 0.000000
-1.000000 0.000000 0.000000
-1.000000 0.000000 0.000000
-1.000000 0.000000 0.000000
-1.000000 0.000000 0.000000
-1.000000 0.000000 0.000000
-1.000000 0.000000 0.000000
-1.000000 0.000000 0.000000
-1.000000 0.000000 0.000000
-1.000000 -0.000002 0.000003
-1.000000 -0.000002 0.000003
-1.000000 -0.000002 0.000003
-1.000000 0.000002 0.000003
-1.000000 0.000002 0.000003
-1.000000 0.000002 0.000003
-1.000000 0.000000 0.000000
-1.000000 0.000000 0.000000
-1.000000 0.000000 0.000000
-1.000000 0.000000 0.000000
-1.000000 0.000000 0.000000
-1.000000 0.000000 0.000000
-1.000000 0.000000 0.000000
-1.000000 0.000000 0.000000
-1.000000 0.000000 0.000000
-1.000000 0.000000 0.000000
-1.000000 0.000000 0.000000
-1.000000 0.000000 0.000000
-1.000000 -0.000000 -0.000002
-1.000000 -0.000000 -0.000002
-1.000000 -0.000000 -0.000002
-1.000000 0.000000 0.000000
-1.000000 0.000000 0.000000
-1.000000 0.000000 0.000000
-1.000000 0.000000 0.000000
-1.000000 0.000000 0.000000
-1.000000 0.000000 0.000000
0.000000 0.058843 0.998267
0.000000 0.058843 0.998267
0.000000 0.058843 0.998267
-0.981372 0.159726 0.106751
-0.981086 0.136933 0.136821
-0.834111 0.389909 0.390166
-0.833930 -0.509907 0.211082
-0.981095 -0.178796 0.074059
-0.981374 -0.188414 0.037499
-0.833780 0.211334 0.510049
-0.981089 0.074103 0.178813
-0.981370 0.037448 0.188441
-0.981373 -0.159750 -0.106710
-0.981097 -0.136825 -0.136846
-0.833750 -0.390425 -0.390422
-0.834010 -0.509731 -0.211189
-0.981089 -0.178907 -0.073872
-0.981373 -0.159750 -0.106710
-0.981360 0.106813 -0.159764
-0.981086 0.136933 -0.136821
-0.833996 0.390141 -0.390181
-0.834042 0.211418 -0.509585
-0.981074 0.074130 -0.178882
-0.981360 0.106813 -0.159764
-0.981372 -0.106783 0.159706
-0.981097 -0.136888 0.136783
-0.833870 -0.390192 0.390398
-0.981370 -0.188449 -0.037409
-0.981089 -0.178907 -0.073872
-0.834010 -0.509731 -0.211189
-0.834041 -0.211420 -0.509585
-0.981074 -0.074131 -0.178881
-0.981365 -0.037479 -0.188463
-0.833750 -0.390425 -0.390422
-0.981097 -0.136825 -0.136846
-0.981364 -0.106786 -0.159757
-0.833779 -0.211336 0.510050
-0.981089 -0.074103 0.178812
-0.981372 -0.106783 0.159706
-0.981370 0.037448 0.188441
-0.981088 0.000000 0.193560
-0.834029 0.000000 0.551720
-0.834020 0.509715 -0.211191
-0.981089 0.178867 -0.073973
-0.981370 0.188449 -0.037410
-0.981365 -0.037479 -0.188463
-0.981089 -0.000000 -0.193559
-0.834029 0.000000 -0.551720
-0.981373 0.188414 0.037499
-0.981095 0.178796 0.074062
-0.833931 0.509905 0.211082
-0.981365 0.159763 -0.106761
-0.981089 0.178867 -0.073973
-0.834020 0.509715 -0.211191
-0.833797 -0.552071 0.000031
-0.981095 -0.193526 0.000000
-0.981370 -0.188449 -0.037409
-0.981368 0.106810 0.159713
-0.981089 0.074103 0.178813
-0.833780 0.211334 0.510049
-0.834111 0.389909 0.390166
-0.981086 0.136933 0.136821
-0.981368 0.106810 0.159713
-0.981370 -0.037447 0.188441
-0.981089 -0.074103 0.178812
-0.833779 -0.211336 0.510050
-0.833793 0.552077 0.000031
-0.981095 0.193526 -0.000000
-0.981373 0.188414 0.037499
-0.981370 0.188449 -0.037410
-0.981095 0.193526 -0.000000
-0.833793 0.552077 0.000031
-0.833996 0.390141 -0.390181
-0.981086 0.136933 -0.136821
-0.981365 0.159763 -0.106761
-0.981364 -0.106786 -0.159757
-0.981074 -0.074131 -0.178881
-0.834041 -0.211420 -0.509585
-0.981374 -0.188414 0.037499
-0.981095 -0.193526 0.000000
-0.833797 -0.552071 0.000031
-0.981365 0.037480 -0.188464
-0.981074 0.074130 -0.178882
-0.834042 0.211418 -0.509585
-0.834029 0.000000 -0.551720
-0.981089 -0.000000 -0.193559
-0.981365 0.037480 -0.188464
-0.981377 -0.159717 0.106721
-0.981095 -0.178796 0.074059
-0.833930 -0.509907 0.211082
-0.833931 0.509905 0.211082
-0.981095 0.178796 0.074062
-0.981372 0.159726 0.106751
-0.833870 -0.390192 0.390398
-0.981097 -0.136888 0.136783
-0.981377 -0.159717 0.106721
-0.834029 0.000000 0.551720
-0.981088 0.000000 0.193560
-0.981370 -0.037447 0.188441
0.000000 0.663918 0.747805
0.000000 0.663918 0.747805
0.000000 0.663918 0.747805
0.000008 0.436627 0.899643
0.000008 0.436627 0.899643
0.000008 0.436627 0.899643
0.000000 0.327738 0.944769
0.000000 0.327738 0.944768
0.000000 0.327738 0.944769
0.000000 0.747892 0.663821
0.000000 0.747892 0.663821
0.000000 0.747892 0.663821
0.000000 -0.059378 0.998236
0.000000 -0.059378 0.998236
0.000000 -0.059378 0.998236
0.000000 0.944812 0.327614
0.000000 0.944812 0.327614
0.000000 0.944812 0.327614
0.000000 -0.436552 0.899679
0.000000 -0.436552 0.899679
0.000000 -0.436552 0.899679
0.000000 0.998305 -0.058192
0.000000 0.998305 -0.058192
0.000000 0.998305 -0.058192
0.000000 -0.747891 0.663822
0.000000 -0.747891 0.663822
0.000000 -0.747891 0.663822
0.000000 0.899844 -0.436212
0.000000 0.899844 -0.436212
0.000000 0.899844 -0.436212
0.000000 -0.059382 -0.998235
0.000000 -0.059382 -0.998235
0.000000 -0.059382 -0.998235
0.000001 -0.944810 0.327619
0.000001 -0.944810 0.327619
0.000001 -0.944810 0.327619
0.000000 0.663918 -0.747806
0.000000 0.663918 -0.747806
0.000000 0.663918 -0.747806
0.000000 -0.436623 -0.899645
0.000000 -0.436623 -0.899645
0.000000 -0.436623 -0.899645
0.000050 -0.998305 -0.058197
0.000050 -0.998305 -0.058197
0.000050 -0.998305 -0.058197
0.000000 0.327736 -0.944769
0.000000 0.327736 -0.944769
0.000000 0.327736 -0.944769
0.000000 -0.747238 -0.664556
0.000000 -0.747238 -0.664556
0.000000 -0.747238 -0.664556
-0.000002 -0.899847 -0.436206
-0.000002 -0.899847 -0.436206
-0.000002 -0.899847 -0.436206
0.000000 0.059379 -0.998236
0.000000 0.059379 -0.998236
0.000000 0.059379 -0.998235
0.000000 -0.944811 -0.327616
0.000000 -0.944811 -0.327616
0.000000 -0.944811 -0.327616
0.000000 -0.663920 -0.747804
0.000000 -0.663920 -0.747804
0.000000 -0.663920 -0.747804
0.000000 0.436629 -0.899642
0.000000 0.436629 -0.899642
0.000000 0.436629 -0.899642
0.000050 -0.998311 0.058100
0.000050 -0.998311 0.058100
0.000050 -0.998311 0.058100
0.000000 -0.327736 -0.944769
0.000000 -0.327736 -0.944770
0.000000 -0.327736 -0.944769
0.000000 0.747242 -0.664552
0.000000 0.747242 -0.664552
0.000000 0.747242 -0.664552
0.000002 -0.899567 0.436783
0.000002 -0.899567 0.436783
0.000002 -0.899567 0.436783
0.000000 0.944812 -0.327614
0.000000 0.944812 -0.327614
0.000000 0.944812 -0.327614
0.000000 -0.663918 0.747805
0.000000 -0.663918 0.747805
0.000000 -0.663918 0.747805
0.000000 0.998311 0.058095
0.000000 0.998311 0.058095
0.000000 0.998311 0.058095
0.000000 -0.327798 0.944748
0.000000 -0.327798 0.944748
0.000000 -0.327798 0.944748
0.000000 0.899563 0.436790
0.000000 0.899563 0.436790
0.000000 0.899563 0.436790
0.000000 0.059378 0.998236
0.000000 0.059378 0.998236
0.000000 0.059378 0.998236
0.990021 0.117161 -0.078299
0.995800 0.086499 -0.029994
0.990773 0.095791 -0.095876
0.990022 0.138213 -0.027444
0.990782 0.135463 -0.000007
0.995800 0.086499 -0.029994
0.990022 0.138217 0.027439
0.990771 0.125215 0.051897
0.990782 0.135463 -0.000007
0.990030 0.117124 0.078246
0.990768 0.095868 0.095855
0.990771 0.125215 0.051897
0.990028 0.078252 0.117138
0.990773 0.051889 0.125205
0.990768 0.095868 0.095855
0.990022 0.027512 0.138202
0.990760 -0.000000 0.135627
0.990773 0.051889 0.125205
0.990022 -0.027515 0.138202
0.990774 -0.051885 0.125198
0.990760 -0.000000 0.135627
0.990025 -0.078273 0.117147
0.990761 -0.095904 0.095889
0.990774 -0.051885 0.125198
0.990021 -0.117178 0.078278
0.990762 -0.125276 0.051921
0.990761 -0.095904 0.095889
0.990017 -0.138243 0.027467
0.990782 -0.135464 -0.000007
0.990762 -0.125276 0.051921
0.990018 -0.138239 -0.027473
0.990766 -0.125269 -0.051869
0.990782 -0.135464 -0.000007
0.990012 -0.117216 -0.078331
0.990767 -0.095827 -0.095909
0.990766 -0.125269 -0.051869
0.990025 -0.078275 -0.117143
0.990773 -0.051889 -0.125206
0.990767 -0.095827 -0.095909
0.990026 -0.027531 -0.138171
0.990769 -0.000000 -0.135558
0.990773 -0.051889 -0.125206
0.990026 0.027531 -0.138171
0.990773 0.051890 -0.125206
0.990769 -0.000000 -0.135558
0.990028 0.078252 -0.117138
0.990773 0.095791 -0.095876
0.990773 0.051890 -0.125206
0.995800 0.086499 -0.029994
0.990782 0.135463 -0.000007
0.990773 0.095791 -0.095876
0.990771 0.125215 0.051897
0.990768 0.095868 0.095855
0.990782 0.135463 -0.000007
0.990773 0.051889 0.125205
0.990760 -0.000000 0.135627
0.990774 -0.051885 0.125198
0.990774 -0.051885 0.125198
0.990782 -0.135464 -0.000007
0.990782 0.135463 -0.000007
0.990762 -0.125276 0.051921
0.990782 -0.135464 -0.000007
0.990761 -0.095904 0.095889
0.990766 -0.125269 -0.051869
0.990767 -0.095827 -0.095909
0.990782 -0.135464 -0.000007
0.990773 -0.051889 -0.125206
0.990769 -0.000000 -0.135558
0.990773 0.051890 -0.125206
0.990782 -0.135464 -0.000007
0.990767 -0.095827 -0.095909
0.990773 -0.051889 -0.125206
0.990782 0.135463 -0.000007
0.990768 0.095868 0.095855
0.990773 0.051889 0.125205
0.990773 0.051889 0.125205
0.990774 -0.051885 0.125198
0.990782 0.135463 -0.000007
0.990782 -0.135464 -0.000007
0.990773 0.051890 -0.125206
0.990782 0.135463 -0.000007
0.990773 0.051890 -0.125206
0.990782 -0.135464 -0.000007
0.990773 -0.051889 -0.125206
0.990774 -0.051885 0.125198
0.990761 -0.095904 0.095889
0.990782 -0.135464 -0.000007
0.990021 0.117161 -0.078299
0.966303 0.214037 -0.142994
0.965818 0.239497 -0.099186
</float_array>
          <technique_common>
            <accessor source="#wheels_spin_steer-Normal0-array" count="3432" stride="3">
              <param name="X" type="float"/>
              <param name="Y" type="float"/>
              <param name="Z" type="float"/>
            </accessor>
          </technique_common>
        </source>
        <source id="wheels_spin_steer-UV0">
          <float_array id="wheels_spin_steer-UV0-array" count="2192">
0.339147 0.048201
0.298726 0.009902
0.298726 0.045832
0.413870 0.079146
0.391167 0.028311
0.377446 0.061477
0.471022 0.136347
0.469492 0.080676
0.444124 0.106044
0.501967 0.211021
0.521857 0.159051
0.488740 0.172771
0.501967 0.291912
0.540266 0.251442
0.504385 0.251442
0.471022 0.366585
0.521857 0.343882
0.488740 0.330162
0.413870 0.423787
0.469492 0.422257
0.444124 0.396889
0.339147 0.454732
0.391167 0.474622
0.377397 0.441456
0.258305 0.454732
0.298726 0.492982
0.298726 0.457101
0.183582 0.423787
0.206286 0.474622
0.220006 0.441456
0.126430 0.366585
0.127911 0.422257
0.153328 0.396889
0.095485 0.291912
0.075546 0.343882
0.108712 0.330162
0.095485 0.211021
0.057186 0.251442
0.093067 0.251442
0.126430 0.136348
0.075546 0.159051
0.108712 0.172771
0.183582 0.079146
0.127911 0.080676
0.153328 0.106044
0.258305 0.048201
0.206286 0.028311
0.220006 0.061477
0.346205 0.012764
0.433957 0.049089
0.501079 0.116260
0.537453 0.203963
0.537453 0.298970
0.501079 0.386673
0.433957 0.453844
0.346205 0.490169
0.251247 0.490169
0.163495 0.453844
0.096324 0.386673
0.059999 0.298970
0.059999 0.203963
0.096324 0.116260
0.163495 0.049089
0.251247 0.012764
0.521648 0.344178
0.424319 0.335830
0.437245 0.309209
0.074974 0.159196
0.149728 0.222134
0.059414 0.204145
0.521648 0.159196
0.446943 0.222133
0.437245 0.194166
0.205820 0.475025
0.268763 0.400276
0.250818 0.490584
0.469240 0.422617
0.382503 0.377652
0.404653 0.357986
0.540072 0.251663
0.446943 0.281241
0.448664 0.251663
0.298335 0.009926
0.268763 0.103099
0.250818 0.012791
0.056599 0.251663
0.149728 0.281241
0.059414 0.299230
0.127381 0.422617
0.214168 0.377652
0.162995 0.454229
0.298336 0.493399
0.298336 0.402035
0.074974 0.344179
0.159426 0.309209
0.537257 0.204145
0.127381 0.080758
0.214168 0.125723
0.192018 0.145388
0.148007 0.251663
0.205820 0.028350
0.240789 0.112803
0.327908 0.103099
0.298336 0.101340
0.172352 0.335830
0.192018 0.357986
0.537257 0.299230
0.907125 1.867915
0.721394 1.782503
0.907125 1.782503
0.327909 0.400276
0.345853 0.490584
0.721394 1.697075
0.240789 0.390572
0.721394 1.526283
0.907125 1.611657
0.721394 1.611657
0.390851 0.475025
0.433676 0.454229
0.721394 1.355424
0.907125 1.440841
0.721394 1.440841
0.469240 0.080758
0.424319 0.167501
0.404653 0.145388
0.721393 1.184644
0.907125 1.270050
0.721394 1.270051
0.500853 0.116371
0.721393 1.013776
0.907124 1.099149
0.721393 1.099149
0.721393 0.842917
0.907124 0.928358
0.721393 0.928358
0.390851 0.028350
0.382503 0.125723
0.355882 0.112803
0.721392 0.672124
0.907124 0.757541
0.721393 0.757543
0.172352 0.167501
0.095769 0.116371
0.721392 0.501290
0.907123 0.586696
0.721392 0.586697
0.500853 0.387004
0.721392 0.330455
0.907123 0.415883
0.721392 0.415883
0.345853 0.012791
0.721392 0.159597
0.907123 0.245037
0.721392 0.245038
0.162995 0.049145
0.721392 -0.011262
0.907123 0.074155
0.721392 0.074156
0.095769 0.387004
0.721393 -0.182101
0.907123 -0.096606
0.721392 -0.096606
0.433676 0.049145
0.721393 -0.352853
0.907124 -0.267508
0.721393 -0.267509
0.355876 0.390572
0.721394 -0.523711
0.907124 -0.438270
0.721393 -0.438271
0.721394 -0.694570
0.907125 -0.609152
0.721394 -0.609152
0.907125 1.697075
0.907125 1.526282
0.907125 1.355423
0.907124 1.184644
0.907124 1.013775
0.907124 0.842916
0.907124 0.672124
0.907123 0.501290
0.907123 0.330455
0.907123 0.159597
0.907123 -0.011262
0.907123 -0.182101
0.907124 -0.352852
0.907125 -0.523711
0.907125 -0.694570
0.721394 -0.779997
0.907125 -0.779997
0.721394 -0.865409
0.418558 0.171389
0.198545 0.752091
0.197222 0.751926
0.198334 0.751518
0.200656 0.757835
0.199332 0.757668
0.200445 0.757260
0.202555 0.763003
0.201231 0.762836
0.202344 0.762428
0.196224 0.745775
0.194901 0.745609
0.196013 0.745201
0.201500 0.760131
0.200176 0.759965
0.201289 0.759557
0.378779 0.131659
0.399853 0.150364
0.270594 0.110140
0.326858 0.110140
0.353460 0.119370
0.430848 0.196757
0.440077 0.223359
0.441706 0.251442
0.440077 0.279574
0.430848 0.306176
0.418559 0.331495
0.399853 0.352569
0.378779 0.371274
0.353460 0.383563
0.326858 0.392793
0.298726 0.394471
0.270594 0.392793
0.243992 0.383563
0.218673 0.371274
0.197599 0.352569
0.178894 0.331495
0.166605 0.306176
0.157376 0.279574
0.155747 0.251442
0.157376 0.223359
0.166605 0.196757
0.178894 0.171389
0.197599 0.150364
0.202133 0.761854
0.200809 0.761688
0.201922 0.761279
0.198967 0.753240
0.197644 0.753074
0.198756 0.752666
0.198123 0.750942
0.196800 0.750777
0.197912 0.750369
0.197011 0.751351
0.199965 0.759392
0.201078 0.758984
0.196646 0.746923
0.195323 0.746758
0.196435 0.746349
0.200867 0.758409
0.199543 0.758243
0.200023 0.756111
0.198699 0.755946
0.199812 0.755538
0.218673 0.131659
0.243992 0.119370
0.270094 0.597237
0.295215 0.582695
0.267519 0.584346
0.223716 0.616440
0.241329 0.593426
0.216403 0.605515
0.188197 0.651908
0.195655 0.623917
0.177240 0.644601
0.168980 0.698300
0.165141 0.669557
0.156055 0.695727
0.168980 0.748456
0.154452 0.723354
0.156055 0.751029
0.188197 0.794799
0.165141 0.777199
0.177240 0.802106
0.223716 0.830292
0.195655 0.822839
0.216403 0.841240
0.270094 0.849518
0.241329 0.853330
0.267519 0.862409
0.320335 0.849518
0.295215 0.864060
0.322911 0.862409
0.366714 0.830291
0.349100 0.853330
0.374026 0.841240
0.402233 0.794799
0.394774 0.822839
0.413189 0.802106
0.421449 0.748455
0.425288 0.777199
0.434374 0.751029
0.421449 0.698300
0.435978 0.723354
0.434374 0.695727
0.402233 0.651908
0.425288 0.669557
0.413189 0.644601
0.366714 0.616440
0.394774 0.623917
0.374026 0.605515
0.320335 0.597237
0.349100 0.593426
0.322910 0.584346
0.199121 0.757094
0.200234 0.756686
0.197701 0.749794
0.196377 0.749628
0.197490 0.749219
0.197068 0.748072
0.195745 0.747906
0.196857 0.747498
0.199390 0.754389
0.198066 0.754223
0.199179 0.753814
0.197433 0.752500
0.197279 0.748645
0.195956 0.748480
0.194690 0.745035
0.195802 0.744626
0.199601 0.754963
0.198277 0.754797
0.198488 0.755372
0.199754 0.758818
0.201711 0.760706
0.200387 0.760539
0.198910 0.756520
0.196166 0.749053
0.195534 0.747332
0.201020 0.762262
0.200598 0.761114
0.196588 0.750202
0.195112 0.746183
0.224275 0.649932
0.195540 0.719279
0.391744 0.719279
0.197855 0.753648
0.385518 0.633142
0.380860 0.666198
0.402233 0.651908
0.177216 0.674533
0.194205 0.703259
0.200773 0.684286
0.344095 0.605467
0.315315 0.622409
0.334347 0.628996
0.204887 0.813614
0.209546 0.780557
0.188197 0.794799
0.177216 0.772198
0.200773 0.762470
0.385518 0.813613
0.352452 0.808969
0.366714 0.830291
0.344095 0.841264
0.334347 0.817759
0.204887 0.633142
0.237979 0.637786
0.223716 0.616440
0.194205 0.743428
0.168980 0.748456
0.246334 0.841264
0.275115 0.824347
0.256083 0.817759
0.237979 0.808969
0.222940 0.795613
0.246334 0.605467
0.256083 0.628996
0.295215 0.595756
0.320335 0.597237
0.413214 0.772198
0.396225 0.743428
0.389657 0.762470
0.295215 0.850999
0.270094 0.849518
0.413214 0.674533
0.396225 0.703259
0.421449 0.698300
0.380860 0.780557
0.402233 0.794799
0.167498 0.723354
0.193000 0.723344
0.352452 0.637786
0.366714 0.616440
0.367490 0.651142
0.275115 0.622409
0.270094 0.597237
0.422932 0.723354
0.397430 0.723344
0.421449 0.748455
0.367490 0.795613
0.223716 0.830292
0.168980 0.698300
0.315315 0.824347
0.320335 0.849518
0.295215 0.825530
0.209570 0.666198
0.188197 0.651908
0.389657 0.684286
0.222940 0.651142
0.295215 0.621225
2.053834 0.495142
2.039784 0.453792
2.039784 0.453792
2.067809 0.536467
2.053834 0.495142
2.072759 0.588492
2.067809 0.536467
2.018784 0.426217
2.018784 0.426217
2.077709 0.640442
2.072759 0.686017
2.077709 0.640442
1.997784 0.398542
1.972984 0.388892
1.972984 0.388892
2.053234 0.776092
2.067809 0.731542
2.067809 0.731542
1.948259 0.379142
1.923459 0.388892
1.923459 0.388892
2.038734 0.820717
2.018259 0.850492
2.038734 0.820717
1.876634 0.428317
1.898684 0.398542
1.876634 0.428317
1.820984 0.640442
1.824809 0.688117
1.824809 0.688117
1.997784 0.880267
1.972459 0.888867
1.997784 0.880267
1.854584 0.458142
1.841559 0.500542
1.841559 0.500542
1.828634 0.735817
1.842159 0.777217
1.842159 0.777217
1.947134 0.897467
1.922409 0.887817
1.947134 0.897467
1.828634 0.542992
1.824809 0.591717
1.824809 0.591717
1.855634 0.818542
1.876634 0.848317
1.876634 0.848317
1.897634 0.878092
1.897634 0.878092
1.820984 0.640442
1.922409 0.887817
1.855634 0.818542
1.828634 0.542992
1.972459 0.888867
1.828634 0.735817
1.854584 0.458142
2.018259 0.850492
1.898684 0.398542
2.053234 0.776092
1.948259 0.379142
2.072759 0.686017
1.997784 0.398542
2.072759 0.588492
0.243638 0.375607
0.157567 0.246746
0.350400 0.375607
0.159426 0.194166
0.298726 0.009902
0.339147 0.048201
0.298726 0.045832
0.391167 0.028311
0.413870 0.079146
0.377446 0.061477
0.469492 0.080676
0.471022 0.136347
0.444124 0.106044
0.521857 0.159051
0.501967 0.211021
0.488740 0.172771
0.540266 0.251442
0.501967 0.291912
0.504385 0.251442
0.521857 0.343882
0.471022 0.366585
0.488740 0.330162
0.469492 0.422257
0.413870 0.423787
0.444124 0.396889
0.391167 0.474622
0.339147 0.454732
0.377397 0.441456
0.298726 0.492982
0.258305 0.454732
0.298726 0.457101
0.206286 0.474622
0.183582 0.423787
0.220006 0.441456
0.127911 0.422257
0.126430 0.366585
0.153328 0.396889
0.075546 0.343882
0.095485 0.291912
0.108712 0.330162
0.057186 0.251442
0.095485 0.211021
0.093067 0.251442
0.075546 0.159051
0.126430 0.136348
0.108712 0.172771
0.127911 0.080676
0.183582 0.079146
0.153328 0.106044
0.206286 0.028311
0.258305 0.048201
0.220006 0.061477
0.346205 0.012764
0.433957 0.049089
0.501079 0.116260
0.537453 0.203963
0.537453 0.298970
0.501079 0.386673
0.433957 0.453844
0.346205 0.490169
0.251247 0.490169
0.163495 0.453844
0.096324 0.386673
0.059999 0.298970
0.059999 0.203963
0.096324 0.116260
0.163495 0.049089
0.251247 0.012764
0.424319 0.335830
0.521648 0.344178
0.437245 0.309209
0.074974 0.159196
0.149728 0.222134
0.159426 0.194166
0.446943 0.222133
0.521648 0.159196
0.437245 0.194166
0.205820 0.475025
0.268763 0.400276
0.240789 0.390572
0.382503 0.377652
0.469240 0.422617
0.404653 0.357986
0.446943 0.281241
0.540072 0.251663
0.448664 0.251663
0.298335 0.009926
0.268763 0.103099
0.298336 0.101340
0.056599 0.251663
0.149728 0.281241
0.148007 0.251663
0.127381 0.422617
0.214168 0.377652
0.192018 0.357986
0.298336 0.493399
0.298336 0.402035
0.074974 0.344179
0.159426 0.309209
0.214168 0.125723
0.127381 0.080758
0.192018 0.145388
0.205820 0.028350
0.240789 0.112803
0.327908 0.103099
0.172352 0.335830
0.721394 1.782503
0.907125 1.867915
0.907125 1.782503
0.327909 0.400276
0.721394 1.697075
0.907125 1.611657
0.721394 1.526283
0.721394 1.611657
0.390851 0.475025
0.355876 0.390572
0.907125 1.440841
0.721394 1.355424
0.721394 1.440841
0.424319 0.167501
0.469240 0.080758
0.404653 0.145388
0.907125 1.270050
0.721393 1.184644
0.721394 1.270051
0.907124 1.099149
0.721393 1.013776
0.721393 1.099149
0.907124 0.928358
0.721393 0.842917
0.721393 0.928358
0.382503 0.125723
0.390851 0.028350
0.355882 0.112803
0.907124 0.757541
0.721392 0.672124
0.721393 0.757543
0.172352 0.167501
0.907123 0.586696
0.721392 0.501290
0.721392 0.586697
0.907123 0.415883
0.721392 0.330455
0.721392 0.415883
0.907123 0.245037
0.721392 0.159597
0.721392 0.245038
0.907123 0.074155
0.721392 -0.011262
0.721392 0.074156
0.907123 -0.096606
0.721393 -0.182101
0.721392 -0.096606
0.907124 -0.267508
0.721393 -0.352853
0.721393 -0.267509
0.907124 -0.438270
0.721394 -0.523711
0.721393 -0.438271
0.907125 -0.609152
0.721394 -0.694570
0.721394 -0.609152
0.907125 1.697075
0.907125 1.526282
0.907125 1.355423
0.907124 1.184644
0.907124 1.013775
0.907124 0.842916
0.907124 0.672124
0.907123 0.501290
0.907123 0.330455
0.907123 0.159597
0.907123 -0.011262
0.907123 -0.182101
0.907124 -0.352852
0.907125 -0.523711
0.721394 -0.779997
0.907125 -0.694570
0.907125 -0.779997
0.721394 -0.865409
0.418558 0.171389
0.197222 0.751926
0.198545 0.752091
0.198334 0.751518
0.199332 0.757668
0.200656 0.757835
0.200445 0.757260
0.201231 0.762836
0.202555 0.763003
0.202344 0.762428
0.194901 0.745609
0.196224 0.745775
0.196013 0.745201
0.200176 0.759965
0.201500 0.760131
0.201289 0.759557
0.378779 0.131659
0.270594 0.110140
0.326858 0.110140
0.440077 0.223359
0.440077 0.279574
0.418559 0.331495
0.378779 0.371274
0.326858 0.392793
0.270594 0.392793
0.218673 0.371274
0.178894 0.331495
0.157376 0.279574
0.157376 0.223359
0.178894 0.171389
0.200809 0.761688
0.202133 0.761854
0.201922 0.761279
0.197644 0.753074
0.198967 0.753240
0.198756 0.752666
0.196800 0.750777
0.198123 0.750942
0.197912 0.750369
0.197011 0.751351
0.199965 0.759392
0.201078 0.758984
0.195323 0.746758
0.196646 0.746923
0.196435 0.746349
0.199543 0.758243
0.200867 0.758409
0.198699 0.755946
0.200023 0.756111
0.199812 0.755538
0.218673 0.131659
0.295215 0.582695
0.270094 0.597237
0.267519 0.584346
0.241329 0.593426
0.223716 0.616440
0.216403 0.605515
0.195655 0.623917
0.188197 0.651908
0.177240 0.644601
0.165141 0.669557
0.168980 0.698300
0.156055 0.695727
0.154452 0.723354
0.168980 0.748456
0.156055 0.751029
0.165141 0.777199
0.188197 0.794799
0.177240 0.802106
0.195655 0.822839
0.223716 0.830292
0.216403 0.841240
0.241329 0.853330
0.270094 0.849518
0.267519 0.862409
0.295215 0.864060
0.320335 0.849518
0.322911 0.862409
0.349100 0.853330
0.366714 0.830291
0.374026 0.841240
0.394774 0.822839
0.402233 0.794799
0.413189 0.802106
0.425288 0.777199
0.421449 0.748455
0.434374 0.751029
0.435978 0.723354
0.421449 0.698300
0.434374 0.695727
0.425288 0.669557
0.402233 0.651908
0.413189 0.644601
0.394774 0.623917
0.366714 0.616440
0.374026 0.605515
0.349100 0.593426
0.320335 0.597237
0.322910 0.584346
0.246334 0.605467
0.204887 0.633142
0.177216 0.674533
0.167498 0.723354
0.177216 0.772198
0.204887 0.813614
0.246334 0.841264
0.295215 0.850999
0.344095 0.841264
0.385518 0.813613
0.413214 0.772198
0.422932 0.723354
0.413214 0.674533
0.385518 0.633142
0.344095 0.605467
0.295215 0.595756
0.199121 0.757094
0.200234 0.756686
0.196377 0.749628
0.197701 0.749794
0.197490 0.749219
0.195745 0.747906
0.197068 0.748072
0.196857 0.747498
0.198066 0.754223
0.199390 0.754389
0.199179 0.753814
0.197433 0.752500
0.195956 0.748480
0.197279 0.748645
0.194690 0.745035
0.195802 0.744626
0.198277 0.754797
0.199601 0.754963
0.198488 0.755372
0.199754 0.758818
0.200387 0.760539
0.201711 0.760706
0.198910 0.756520
0.196166 0.749053
0.195534 0.747332
0.201020 0.762262
0.200598 0.761114
0.196588 0.750202
0.195112 0.746183
0.363009 0.649932
0.391744 0.719279
0.224275 0.649932
0.197855 0.753648
0.380860 0.666198
0.385518 0.633142
0.402233 0.651908
0.177216 0.674533
0.194205 0.703259
0.168980 0.698300
0.344095 0.605467
0.315315 0.622409
0.320335 0.597237
0.209546 0.780557
0.204887 0.813614
0.188197 0.794799
0.177216 0.772198
0.352452 0.808969
0.385518 0.813613
0.366714 0.830291
0.344095 0.841264
0.237979 0.637786
0.204887 0.633142
0.223716 0.616440
0.194205 0.743428
0.168980 0.748456
0.246334 0.841264
0.275115 0.824347
0.270094 0.849518
0.237979 0.808969
0.223716 0.830292
0.246334 0.605467
0.295215 0.595756
0.413214 0.772198
0.396225 0.743428
0.421449 0.748455
0.295215 0.850999
0.396225 0.703259
0.413214 0.674533
0.421449 0.698300
0.380860 0.780557
0.402233 0.794799
0.167498 0.723354
0.352452 0.637786
0.366714 0.616440
0.275115 0.622409
0.270094 0.597237
0.422932 0.723354
0.315315 0.824347
0.320335 0.849518
0.209570 0.666198
0.188197 0.651908
2.039784 0.453792
2.053834 0.495142
2.039784 0.453792
2.053834 0.495142
2.067809 0.536467
2.067809 0.536467
2.072759 0.588492
2.018784 0.426217
2.018784 0.426217
2.077709 0.640442
2.072759 0.686017
2.072759 0.686017
1.972984 0.388892
1.997784 0.398542
1.972984 0.388892
2.067809 0.731542
2.053234 0.776092
2.067809 0.731542
1.923459 0.388892
1.948259 0.379142
1.923459 0.388892
2.038734 0.820717
2.018259 0.850492
2.018259 0.850492
1.876634 0.428317
1.898684 0.398542
1.898684 0.398542
1.824809 0.688117
1.820984 0.640442
1.824809 0.688117
1.997784 0.880267
1.972459 0.888867
1.972459 0.888867
1.841559 0.500542
1.854584 0.458142
1.841559 0.500542
1.842159 0.777217
1.828634 0.735817
1.842159 0.777217
1.947134 0.897467
1.922409 0.887817
1.922409 0.887817
1.824809 0.591717
1.828634 0.542992
1.824809 0.591717
1.876634 0.848317
1.855634 0.818542
1.876634 0.848317
1.897634 0.878092
1.897634 0.878092
1.820984 0.640442
1.828634 0.542992
1.828634 0.735817
1.854584 0.458142
1.997784 0.880267
2.038734 0.820717
1.997784 0.398542
2.072759 0.588492
0.243638 0.117930
0.198394 0.148159
0.157567 0.246746
0.721394 1.867915
0.907125 -0.865409
0.201442 0.763411
0.298726 0.108462
0.295215 0.595756
0.246334 0.605467
0.204887 0.633142
0.177216 0.674533
0.167498 0.723354
0.177216 0.772198
0.204887 0.813614
0.246334 0.841264
0.295215 0.850999
0.344095 0.841264
0.385518 0.813613
0.413214 0.772198
0.422932 0.723354
0.413214 0.674533
0.385518 0.633142
0.344095 0.605467
0.293642 0.817428
0.312933 0.816291
0.331199 0.809963
0.348576 0.801521
0.363009 0.788693
0.375841 0.774232
0.384283 0.756860
0.390588 0.738570
0.390588 0.699989
0.384283 0.681765
0.375841 0.664392
0.363009 0.649932
0.348576 0.637103
0.331199 0.628661
0.312933 0.622334
0.293642 0.621197
0.274351 0.622334
0.256085 0.628661
0.238709 0.637103
0.211443 0.664392
0.203001 0.681765
0.196697 0.699989
0.196697 0.738570
0.203001 0.756860
0.211420 0.774232
0.224275 0.788693
0.238709 0.801521
0.256085 0.809963
0.274351 0.816291
0.159164 0.219352
0.168160 0.193408
0.180151 0.168672
0.198394 0.148159
0.218943 0.129916
0.243638 0.117930
0.269588 0.108928
0.297022 0.107296
0.324455 0.108928
0.350405 0.117930
0.375100 0.129916
0.395649 0.148159
0.413892 0.168672
0.425883 0.193408
0.434879 0.219352
0.436476 0.246746
0.434879 0.274185
0.425883 0.300129
0.413892 0.324824
0.395649 0.345378
0.375100 0.363621
0.324455 0.384609
0.297022 0.386240
0.269588 0.384609
0.218943 0.363621
0.198394 0.345378
0.180151 0.324824
0.168160 0.300129
0.159164 0.274185
0.500853 0.387004
0.059414 0.204145
0.537257 0.204145
0.250818 0.490584
0.433676 0.454229
0.537257 0.299230
0.250818 0.012791
0.059414 0.299230
0.162995 0.454229
0.162995 0.049145
0.345853 0.012791
0.095769 0.387004
0.721394 1.867915
0.345853 0.490584
0.500853 0.116371
0.433676 0.049145
0.095769 0.116371
0.907125 -0.865409
0.399853 0.150364
0.201442 0.763411
0.298726 0.108462
0.353460 0.119370
0.430848 0.196757
0.441706 0.251442
0.430848 0.306176
0.399853 0.352569
0.353460 0.383563
0.298726 0.394471
0.243992 0.383563
0.197599 0.352569
0.166605 0.306176
0.155747 0.251442
0.166605 0.196757
0.197599 0.150364
0.243992 0.119370
0.331199 0.809963
0.312933 0.816291
0.293642 0.817428
0.274351 0.816291
0.256085 0.809963
0.238709 0.801521
0.224275 0.788693
0.211420 0.774232
0.203001 0.756860
0.196697 0.738570
0.195540 0.719279
0.196697 0.699989
0.203001 0.681765
0.211443 0.664392
0.238709 0.637103
0.256085 0.628661
0.274351 0.622334
0.293642 0.621197
0.312933 0.622334
0.331199 0.628661
0.348576 0.637103
0.375841 0.664392
0.384283 0.681765
0.390588 0.699989
0.390588 0.738570
0.384283 0.756860
0.375841 0.774232
0.363009 0.788693
0.348576 0.801521
0.367490 0.651142
0.200773 0.684286
0.334347 0.628996
0.222940 0.795613
0.200773 0.762470
0.367490 0.795613
0.334347 0.817759
0.222940 0.651142
0.256083 0.817759
0.256083 0.628996
0.295215 0.621225
0.389657 0.762470
0.295215 0.825530
0.389657 0.684286
0.193000 0.723344
0.397430 0.723344
2.077709 0.640442
2.053234 0.776092
1.948259 0.379142
1.876634 0.428317
1.947134 0.897467
1.855634 0.818542
0.180151 0.168672
0.168160 0.193408
0.159164 0.219352
0.159164 0.274185
0.168160 0.300129
0.180151 0.324824
0.198394 0.345378
0.218943 0.363621
0.243638 0.375607
0.269588 0.384609
0.297022 0.386240
0.324455 0.384609
0.350400 0.375607
0.375100 0.363621
0.395649 0.345378
0.413892 0.324824
0.425883 0.300129
0.434879 0.274185
0.436476 0.246746
0.434879 0.219352
0.425883 0.193408
0.413892 0.168672
0.395649 0.148159
0.375100 0.129916
0.350405 0.117930
0.324455 0.108928
0.297022 0.107296
0.269588 0.108928
0.218943 0.129916
</float_array>
          <technique_common>
            <accessor source="#wheels_spin_steer-UV0-array" count="1096" stride="2">
              <param name="S" type="float"/>
              <param name="T" type="float"/>
            </accessor>
          </technique_common>
        </source>
        <vertices id="wheels_spin_steer-VERTEX">
          <input semantic="POSITION" source="#wheels_spin_steer-POSITION"/>
        </vertices>
        <triangles count="1144" material="truck_wheels"><input semantic="VERTEX" offset="0" source="#wheels_spin_steer-VERTEX"/><input semantic="NORMAL" offset="1" source="#wheels_spin_steer-Normal0"/><input semantic="TEXCOORD" offset="2" set="0" source="#wheels_spin_steer-UV0"/><p> 0 0 0 1 1 1 2 2 2 3 3 3 4 4 4 5 5 5 6 6 6 7 7 7 8 8 8 9 9 9 10 10 10 11 11 11 12 12 12 13 13 13 14 14 14 15 15 15 16 16 16 17 17 17 18 18 18 19 19 19 20 20 20 21 21 21 22 22 22 23 23 23 24 24 24 25 25 25 26 26 26 27 27 27 28 28 28 29 29 29 30 30 30 31 31 31 32 32 32 33 33 33 34 34 34 35 35 35 36 36 36 37 37 37 38 38 38 39 39 39 40 40 40 41 41 41 42 42 42 43 43 43 44 44 44 45 45 45 46 46 46 47 47 47 0 48 0 4 49 4 48 50 48 3 51 3 7 52 7 49 53 49 6 54 6 10 55 10 50 56 50 9 57 9 13 58 13 51 59 51 12 60 12 16 61 16 52 62 52 15 63 15 19 64 19 53 65 53 18 66 18 22 67 22 54 68 54 21 69 21 25 70 25 55 71 55 24 72 24 28 73 28 56 74 56 27 75 27 31 76 31 57 77 57 30 78 30 34 79 34 58 80 58 33 81 33 37 82 37 59 83 59 36 84 36 40 85 40 60 86 60 39 87 39 43 88 43 61 89 61 42 90 42 46 91 46 62 92 62 45 93 45 1 94 1 63 95 63 64 96 64 562 97 65 563 98 66 66 99 67 518 100 68 67 101 69 68 102 70 564 103 71 69 104 72 70 105 73 545 106 74 71 107 75 72 108 76 550 109 77 565 110 78 74 111 79 75 112 80 566 113 81 567 114 82 76 115 83 77 116 84 78 117 85 79 118 86 80 119 87 81 120 88 548 121 89 82 122 90 83 123 91 545 124 74 568 125 92 569 126 93 79 127 86 517 128 94 74 129 79 564 130 71 84 131 95 85 132 96 554 133 97 86 134 98 78 135 85 518 136 68 570 137 99 571 138 100 76 139 83 88 140 101 567 141 82 89 142 102 546 143 103 81 144 88 90 145 104 91 146 105 64 147 64 75 148 80 92 149 106 567 150 107 48 151 108 93 152 109 83 153 91 94 154 110 95 155 111 4 156 112 93 157 109 48 158 108 70 159 73 548 160 89 96 161 113 7 162 114 97 163 115 49 164 116 98 165 117 550 166 77 99 167 118 10 168 119 100 169 120 50 170 121 101 171 122 552 172 123 572 173 124 13 174 125 84 175 126 51 176 127 68 177 70 552 178 123 100 179 128 16 180 129 92 181 130 52 182 131 19 183 132 102 184 133 53 185 134 573 186 135 103 187 136 104 188 137 22 189 138 99 190 139 54 191 140 85 192 96 105 193 141 106 194 142 25 195 143 95 196 144 55 197 145 72 198 76 562 199 65 102 200 146 28 201 147 71 202 148 56 203 149 573 204 135 89 205 102 93 206 150 31 207 151 82 208 152 57 209 153 571 210 100 554 211 97 107 212 154 34 213 155 108 214 156 58 215 157 569 216 93 90 217 104 108 218 158 37 219 159 80 220 160 59 221 161 101 222 122 103 223 136 97 224 162 40 225 163 67 226 164 60 227 165 98 228 117 94 229 110 109 230 166 43 231 167 106 232 168 61 233 169 46 234 170 107 235 171 62 236 172 573 237 173 49 238 116 97 239 115 101 240 174 50 241 121 100 242 120 68 243 175 51 244 127 84 245 126 74 246 176 52 247 131 92 248 130 64 249 177 53 250 134 102 251 133 72 252 178 54 253 140 99 254 139 98 255 179 55 256 145 95 257 144 83 258 180 56 259 149 71 260 148 70 261 181 57 262 153 82 263 152 81 264 182 58 265 157 108 266 156 569 267 183 59 268 161 80 269 160 78 270 184 60 271 165 67 272 164 66 273 185 61 274 169 106 275 168 85 276 186 62 277 172 107 278 171 571 279 187 63 280 188 77 281 189 1 282 190 77 283 189 63 284 188 8 285 8 110 286 191 6 287 6 111 288 192 112 289 193 113 290 194 114 291 195 115 292 196 116 293 197 117 294 198 118 295 199 119 296 200 120 297 201 121 298 202 122 299 203 123 300 204 124 301 205 125 302 206 8 303 8 126 304 207 127 305 208 128 306 209 2 307 2 45 308 45 5 309 5 129 310 210 130 311 211 11 312 11 110 313 191 131 314 212 14 315 14 132 316 213 133 317 214 17 318 17 134 319 215 135 320 216 20 321 20 136 322 217 137 323 218 23 324 23 138 325 219 139 326 220 26 327 26 140 328 221 141 329 222 29 330 29 142 331 223 143 332 224 32 333 32 144 334 225 145 335 226 35 336 35 146 337 227 147 338 228 38 339 38 148 340 229 149 341 230 41 342 41 150 343 231 151 344 232 44 345 44 152 346 233 153 347 234 154 348 235 155 349 236 156 350 237 157 351 238 158 352 239 159 353 240 160 354 241 161 355 242 162 356 243 113 357 194 163 358 244 160 359 241 125 360 206 164 361 245 165 362 246 166 363 247 167 364 248 168 365 249 169 366 250 170 367 251 114 368 195 171 369 252 172 370 253 173 371 254 47 372 47 128 373 209 45 374 45 11 375 11 132 376 213 9 377 9 5 378 5 126 379 207 3 380 3 14 381 14 134 382 215 12 383 12 17 384 17 136 385 217 15 386 15 20 387 20 138 388 219 18 389 18 23 390 23 140 391 221 21 392 21 26 393 26 142 394 223 24 395 24 29 396 29 144 397 225 27 398 27 32 399 32 146 400 227 30 401 30 35 402 35 148 403 229 33 404 33 38 405 38 150 406 231 36 407 36 41 408 41 152 409 233 39 410 39 44 411 44 174 412 255 42 413 42 47 414 47 174 415 255 175 416 256 176 417 257 177 418 258 128 419 259 178 420 260 175 421 261 174 422 262 179 423 263 153 424 264 152 425 265 180 426 266 151 427 267 150 428 268 181 429 269 149 430 270 148 431 271 182 432 272 147 433 273 146 434 274 183 435 275 145 436 276 144 437 277 184 438 278 143 439 279 142 440 280 185 441 281 141 442 282 140 443 283 186 444 284 139 445 285 138 446 286 187 447 287 137 448 288 136 449 289 188 450 290 135 451 291 134 452 292 189 453 293 133 454 294 132 455 295 190 456 296 131 457 297 110 458 298 191 459 299 127 460 300 126 461 301 192 462 302 130 463 303 129 464 304 175 465 261 176 466 257 128 467 259 153 468 264 178 469 260 174 470 262 151 471 267 179 472 263 152 473 265 149 474 270 180 475 266 150 476 268 147 477 273 181 478 269 148 479 271 145 480 276 182 481 272 146 482 274 143 483 279 183 484 275 144 485 277 141 486 282 184 487 278 142 488 280 139 489 285 185 490 281 140 491 283 137 492 288 186 493 284 138 494 286 135 495 291 187 496 287 136 497 289 133 498 294 188 499 290 134 500 292 131 501 297 189 502 293 132 503 295 127 504 300 190 505 296 110 506 298 130 507 303 191 508 299 126 509 301 177 510 258 192 511 302 129 512 304 2 513 2 129 514 210 0 515 0 116 516 197 193 517 305 194 518 306 195 519 307 196 520 308 197 521 309 198 522 310 199 523 311 200 524 312 201 525 313 202 526 314 203 527 315 159 528 240 204 529 316 111 530 192 205 531 317 206 532 318 198 533 310 122 534 203 207 535 319 117 536 320 208 537 321 209 538 322 201 539 313 173 540 254 210 541 323 208 542 321 165 543 246 211 544 324 169 545 250 212 546 325 213 547 326 123 548 204 194 549 306 214 550 327 171 551 252 197 552 309 215 553 328 205 554 317 200 555 312 216 556 329 166 557 247 119 558 200 217 559 330 154 560 235 156 561 237 218 562 331 212 563 325 162 564 243 219 565 332 195 566 307 168 567 249 220 568 333 120 569 201 216 570 334 196 571 335 211 572 336 203 573 315 221 574 337 157 575 238 222 576 338 123 577 339 190 578 340 223 579 341 205 580 342 198 581 343 224 582 344 119 583 345 154 584 346 225 585 347 160 586 348 182 587 349 226 588 350 160 589 348 162 590 351 227 591 352 173 592 353 186 593 354 228 594 355 173 595 353 208 596 356 229 597 357 168 598 358 178 599 359 226 600 350 195 601 360 181 602 361 230 603 362 157 604 363 159 605 364 225 606 347 111 607 365 113 608 366 231 609 367 168 610 358 120 611 368 232 612 369 119 613 345 192 614 370 233 615 371 114 616 372 116 617 373 234 618 374 157 619 363 184 620 375 235 621 376 165 622 377 189 623 378 233 624 371 194 625 379 187 626 380 236 627 381 195 628 360 197 629 382 224 630 344 156 631 383 191 632 384 222 633 338 156 634 383 212 635 385 231 636 367 122 637 386 176 638 387 237 639 388 165 640 377 169 641 389 237 642 388 114 643 372 188 644 390 227 645 352 194 646 379 171 647 391 230 648 362 111 649 365 183 650 392 236 651 381 205 652 342 180 653 393 228 654 355 201 655 394 185 656 395 234 657 374 201 658 394 203 659 396 223 660 341 200 661 397 179 662 398 235 663 376 123 664 339 125 665 399 229 666 357 200 667 397 166 668 400 232 669 369 122 670 386 117 671 401 548 672 402 238 673 403 91 674 404 96 675 405 239 676 406 515 677 402 545 678 407 240 679 408 96 680 405 516 681 404 574 682 409 555 683 410 524 684 411 616 685 412 241 686 413 517 687 414 242 688 415 561 689 416 550 690 417 243 691 418 109 692 419 87 693 420 244 694 421 518 695 422 73 696 423 617 697 424 618 698 425 105 699 426 245 700 427 246 701 428 546 702 429 247 703 430 553 704 431 65 705 432 627 706 433 248 707 434 519 708 435 575 709 436 554 710 437 104 711 438 576 712 439 559 713 440 557 714 441 249 715 442 250 716 443 520 717 444 251 718 445 76 719 446 521 720 447 577 721 448 552 722 449 552 723 449 619 724 450 69 725 451 76 726 446 252 727 452 546 728 429 558 729 453 619 730 450 249 731 442 521 732 447 576 733 439 253 734 454 554 735 437 254 736 455 88 737 444 557 738 441 627 739 433 522 740 456 89 741 431 255 742 457 104 743 438 105 744 426 256 745 458 86 746 435 560 747 459 248 748 434 617 749 424 518 750 422 245 751 427 257 752 460 550 753 417 618 754 425 258 755 461 87 756 420 242 757 415 259 758 462 549 759 419 616 760 412 523 761 463 90 762 410 260 763 464 517 764 414 524 765 411 261 766 465 545 767 407 96 768 466 570 769 467 109 770 468 66 771 67 105 772 141 257 773 469 262 774 470 263 775 471 264 776 472 265 777 473 266 778 474 267 779 475 268 780 476 269 781 477 270 782 478 271 783 479 272 784 480 273 785 481 274 786 482 275 787 483 276 788 484 277 789 485 278 790 486 279 791 487 280 792 488 281 793 489 282 794 490 283 795 491 284 796 492 285 797 493 286 798 494 287 799 495 288 800 496 289 801 497 290 802 498 291 803 499 292 804 500 293 805 501 294 806 502 295 807 503 296 808 504 297 809 505 298 810 506 299 811 507 300 812 508 301 813 509 302 814 510 303 815 511 304 816 512 305 817 513 306 818 514 307 819 515 308 820 516 309 821 517 265 822 473 263 823 471 310 824 518 268 825 476 266 826 474 311 827 519 271 828 479 269 829 477 312 830 520 274 831 482 272 832 480 313 833 521 277 834 485 275 835 483 314 836 522 280 837 488 278 838 486 315 839 523 283 840 491 281 841 489 316 842 524 286 843 494 284 844 492 317 845 525 289 846 497 287 847 495 318 848 526 292 849 500 290 850 498 319 851 527 295 852 503 293 853 501 320 854 528 298 855 506 296 856 504 321 857 529 301 858 509 299 859 507 322 860 530 304 861 512 302 862 510 323 863 531 307 864 515 305 865 513 324 866 532 262 867 470 308 868 516 325 869 533 578 870 534 327 871 535 579 872 536 580 873 537 581 874 538 330 875 539 582 876 540 332 877 541 333 878 542 334 879 543 583 880 544 584 881 545 585 882 546 335 883 547 586 884 548 337 885 549 338 886 550 587 887 551 340 888 552 588 889 553 589 890 554 342 891 555 343 892 556 590 893 557 345 894 558 591 895 559 592 896 560 583 897 544 346 898 561 593 899 562 343 900 556 348 901 563 594 902 564 338 903 550 582 904 540 587 905 551 595 906 565 349 907 566 596 908 567 581 909 538 342 910 555 590 911 557 588 912 553 350 913 568 597 914 569 598 915 570 340 916 552 589 917 554 599 918 571 345 919 558 592 920 560 327 921 535 337 922 549 579 923 536 310 924 572 340 925 573 351 926 574 346 927 561 352 928 575 593 929 562 351 930 574 265 931 576 310 932 572 591 933 559 334 934 543 584 935 545 353 936 577 268 937 578 311 938 579 354 939 580 585 940 546 600 941 581 355 942 582 271 943 583 312 944 584 601 945 585 357 946 586 602 947 587 359 948 588 274 949 589 313 950 590 332 951 541 601 952 585 333 953 542 360 954 591 277 955 592 314 956 593 361 957 594 280 958 595 315 959 596 362 960 597 363 961 598 603 962 599 365 963 600 283 964 601 316 965 602 349 966 566 366 967 603 596 968 567 367 969 604 286 970 605 317 971 606 335 972 547 578 973 534 586 974 548 368 975 607 289 976 608 318 977 609 363 978 598 598 979 570 603 980 599 369 981 610 292 982 611 319 983 612 350 984 568 595 985 565 597 986 569 370 987 613 295 988 614 320 989 615 348 990 563 599 991 571 594 992 564 371 993 616 298 994 617 321 995 618 357 996 586 362 997 597 602 998 587 372 999 619 301 1000 620 322 1001 621 352 1002 575 354 1003 580 600 1004 581 373 1005 622 304 1006 623 323 1007 624 374 1008 625 307 1009 626 324 1010 627 311 1011 579 363 1012 628 353 1013 577 312 1014 584 357 1015 629 355 1016 582 313 1017 590 332 1018 630 359 1019 588 314 1020 593 338 1021 631 360 1022 591 315 1023 596 327 1024 632 361 1025 594 316 1026 602 335 1027 633 365 1028 600 317 1029 606 354 1030 634 367 1031 604 318 1032 609 346 1033 635 368 1034 607 319 1035 612 334 1036 636 369 1037 610 320 1038 615 345 1039 637 370 1040 613 321 1041 618 348 1042 638 371 1043 616 322 1044 621 342 1045 639 372 1046 619 323 1047 624 580 1048 640 373 1049 622 324 1050 627 349 1051 641 374 1052 625 325 1053 642 350 1054 643 375 1055 644 375 1056 644 262 1057 645 325 1058 642 376 1059 646 270 1060 478 269 1061 477 377 1062 647 378 1063 648 379 1064 649 380 1065 650 381 1066 651 382 1067 652 383 1068 653 384 1069 654 385 1070 655 386 1071 656 387 1072 657 388 1073 658 389 1074 659 390 1075 660 391 1076 661 270 1077 478 392 1078 662 266 1079 474 264 1080 472 393 1081 663 308 1082 516 267 1083 475 394 1084 664 263 1085 471 273 1086 481 376 1087 646 269 1088 477 276 1089 484 395 1090 665 272 1091 480 279 1092 487 396 1093 666 275 1094 483 282 1095 490 397 1096 667 278 1097 486 285 1098 493 398 1099 668 281 1100 489 288 1101 496 399 1102 669 284 1103 492 291 1104 499 400 1105 670 287 1106 495 294 1107 502 401 1108 671 290 1109 498 297 1110 505 402 1111 672 293 1112 501 300 1113 508 403 1114 673 296 1115 504 303 1116 511 404 1117 674 299 1118 507 306 1119 514 405 1120 675 302 1121 510 406 1122 676 407 1123 677 408 1124 678 409 1125 679 410 1126 680 411 1127 681 412 1128 682 413 1129 683 414 1130 684 415 1131 685 379 1132 649 413 1133 683 416 1134 686 391 1135 661 417 1136 687 418 1137 688 419 1138 689 420 1139 690 421 1140 691 422 1141 692 381 1142 651 423 1143 693 424 1144 694 425 1145 695 393 1146 663 309 1147 517 308 1148 516 395 1149 665 273 1150 481 272 1151 480 392 1152 662 267 1153 475 266 1154 474 396 1155 666 276 1156 484 275 1157 483 397 1158 667 279 1159 487 278 1160 486 398 1161 668 282 1162 490 281 1163 489 399 1164 669 285 1165 493 284 1166 492 400 1167 670 288 1168 496 287 1169 495 401 1170 671 291 1171 499 290 1172 498 402 1173 672 294 1174 502 293 1175 501 403 1176 673 297 1177 505 296 1178 504 404 1179 674 300 1180 508 299 1181 507 405 1182 675 303 1183 511 302 1184 510 426 1185 696 306 1186 514 305 1187 513 309 1188 517 426 1189 696 305 1190 513 427 1191 697 428 1192 698 393 1193 699 429 1194 700 430 1195 701 426 1196 702 431 1197 703 432 1198 704 405 1199 705 433 1200 706 434 1201 707 404 1202 708 435 1203 709 436 1204 710 403 1205 711 437 1206 712 438 1207 713 402 1208 714 439 1209 715 440 1210 716 401 1211 717 441 1212 718 442 1213 719 400 1214 720 443 1215 721 444 1216 722 399 1217 723 445 1218 724 446 1219 725 398 1220 726 447 1221 727 448 1222 728 397 1223 729 449 1224 730 450 1225 731 396 1226 732 451 1227 733 452 1228 734 395 1229 735 453 1230 736 454 1231 737 376 1232 738 455 1233 739 456 1234 740 392 1235 741 457 1236 742 458 1237 743 394 1238 744 429 1239 700 428 1240 698 459 1241 745 431 1242 703 430 1243 701 460 1244 746 433 1245 706 432 1246 704 461 1247 747 435 1248 709 434 1249 707 462 1250 748 437 1251 712 436 1252 710 463 1253 749 439 1254 715 438 1255 713 464 1256 750 441 1257 718 440 1258 716 465 1259 751 443 1260 721 442 1261 719 466 1262 752 445 1263 724 444 1264 722 467 1265 753 447 1266 727 446 1267 725 468 1268 754 449 1269 730 448 1270 728 469 1271 755 451 1272 733 450 1273 731 470 1274 756 453 1275 736 452 1276 734 471 1277 757 455 1278 739 454 1279 737 472 1280 758 457 1281 742 456 1282 740 473 1283 759 427 1284 697 458 1285 743 474 1286 760 394 1287 664 264 1288 472 263 1289 471 475 1290 761 382 1291 652 476 1292 762 477 1293 763 478 1294 764 479 1295 765 480 1296 766 481 1297 767 482 1298 768 483 1299 769 484 1300 770 485 1301 771 486 1302 772 411 1303 681 378 1304 648 487 1305 773 488 1306 774 481 1307 767 489 1308 775 388 1309 658 384 1310 776 490 1311 777 491 1312 778 484 1313 770 492 1314 779 425 1315 695 491 1316 778 493 1317 780 417 1318 687 422 1319 692 494 1320 781 495 1321 782 390 1322 660 496 1323 783 476 1324 762 424 1325 694 497 1326 784 479 1327 765 488 1328 774 498 1329 785 482 1330 768 419 1331 689 499 1332 786 385 1333 655 407 1334 677 500 1335 787 408 1336 678 495 1337 782 501 1338 788 414 1339 684 478 1340 764 502 1341 789 420 1342 690 387 1343 657 500 1344 790 493 1345 791 498 1346 792 503 1347 793 485 1348 771 410 1349 680 390 1350 794 472 1351 795 454 1352 796 461 1353 797 488 1354 798 434 1355 799 473 1356 800 385 1357 801 458 1358 802 413 1359 803 464 1360 804 438 1361 805 463 1362 806 413 1363 803 438 1364 805 425 1365 807 468 1366 808 446 1367 809 467 1368 810 425 1369 807 446 1370 809 420 1371 811 460 1372 812 430 1373 813 478 1374 814 463 1375 806 436 1376 815 465 1377 816 410 1378 817 442 1379 818 464 1380 804 378 1381 819 440 1382 820 459 1383 821 420 1384 811 430 1385 813 385 1386 801 474 1387 822 458 1388 802 469 1389 823 381 1390 824 450 1391 825 410 1392 817 466 1393 826 442 1394 818 417 1395 827 471 1396 828 452 1397 829 476 1398 830 469 1399 823 448 1400 831 462 1401 832 478 1402 814 436 1403 815 408 1404 833 473 1405 800 456 1406 834 472 1407 795 408 1408 833 456 1409 834 388 1410 835 459 1411 821 428 1412 836 470 1413 837 417 1414 827 452 1415 829 381 1416 824 470 1417 837 450 1418 825 468 1419 808 476 1420 830 448 1421 831 378 1422 819 465 1423 816 440 1424 820 488 1425 798 462 1426 832 434 1427 799 484 1428 838 467 1429 810 444 1430 839 466 1431 826 484 1432 838 444 1433 839 482 1434 840 461 1435 797 432 1436 841 471 1437 828 390 1438 794 454 1439 796 460 1440 812 482 1441 840 432 1442 841 474 1443 822 388 1444 835 428 1445 836 604 1446 842 525 1447 843 528 1448 844 605 1449 845 527 1450 846 525 1451 843 504 1452 847 526 1453 848 527 1454 846 620 1455 849 528 1456 844 529 1457 850 347 1458 851 628 1459 852 542 1460 853 621 1461 854 530 1462 855 531 1463 856 606 1464 857 532 1465 858 533 1466 859 607 1467 860 344 1468 861 329 1469 862 336 1470 863 622 1471 864 326 1472 865 366 1473 866 505 1474 867 330 1475 868 608 1476 869 538 1477 870 534 1478 871 328 1479 872 629 1480 873 541 1481 874 623 1482 875 535 1483 876 536 1484 877 624 1485 878 364 1486 879 537 1487 880 339 1488 881 609 1489 882 331 1490 883 506 1491 884 540 1492 885 341 1493 886 610 1494 887 358 1495 888 356 1496 889 625 1497 890 356 1498 889 539 1499 891 507 1500 892 341 1501 886 538 1502 870 331 1503 883 625 1504 890 539 1505 891 358 1506 888 624 1507 878 537 1508 880 626 1509 893 536 1510 877 540 1511 885 629 1512 873 339 1513 881 541 1514 874 611 1515 894 534 1516 871 364 1517 879 508 1518 895 366 1519 866 535 1520 876 326 1521 865 612 1522 896 328 1523 872 505 1524 867 329 1525 862 543 1526 868 532 1527 858 613 1528 897 336 1529 863 344 1530 861 621 1531 854 531 1532 856 628 1533 852 533 1534 859 542 1535 853 614 1536 898 529 1537 850 530 1538 855 615 1539 899 347 1540 851 526 1541 848 597 1542 900 596 1543 901 590 1544 902 366 1545 603 580 1546 537 543 1547 539 0 1548 0 48 1549 48 1 1550 1 3 1551 3 49 1552 49 4 1553 4 6 1554 6 50 1555 50 7 1556 7 9 1557 9 51 1558 51 10 1559 10 12 1560 12 52 1561 52 13 1562 13 15 1563 15 53 1564 53 16 1565 16 18 1566 18 54 1567 54 19 1568 19 21 1569 21 55 1570 55 22 1571 22 24 1572 24 56 1573 56 25 1574 25 27 1575 27 57 1576 57 28 1577 28 30 1578 30 58 1579 58 31 1580 31 33 1581 33 59 1582 59 34 1583 34 36 1584 36 60 1585 60 37 1586 37 39 1587 39 61 1588 61 40 1589 40 42 1590 42 62 1591 62 43 1592 43 45 1593 45 63 1594 63 46 1595 46 0 1596 0 5 1597 5 4 1598 4 3 1599 3 8 1600 8 7 1601 7 6 1602 6 11 1603 11 10 1604 10 9 1605 9 14 1606 14 13 1607 13 12 1608 12 17 1609 17 16 1610 16 15 1611 15 20 1612 20 19 1613 19 18 1614 18 23 1615 23 22 1616 22 21 1617 21 26 1618 26 25 1619 25 24 1620 24 29 1621 29 28 1622 28 27 1623 27 32 1624 32 31 1625 31 30 1626 30 35 1627 35 34 1628 34 33 1629 33 38 1630 38 37 1631 37 36 1632 36 41 1633 41 40 1634 40 39 1635 39 44 1636 44 43 1637 43 42 1638 42 47 1639 47 46 1640 46 45 1641 45 2 1642 2 1 1643 1 64 1644 64 102 1645 146 562 1646 65 66 1647 67 556 1648 469 518 1649 68 68 1650 70 84 1651 95 564 1652 71 70 1653 73 544 1654 113 545 1655 74 72 1656 76 99 1657 118 550 1658 77 74 1659 79 92 1660 106 75 1661 80 567 1662 82 546 1663 103 547 1664 83 78 1665 85 570 1666 99 79 1667 86 81 1668 88 516 1669 105 548 1670 89 83 1671 91 71 1672 75 545 1673 74 569 1674 93 80 1675 87 79 1676 86 74 1677 79 566 1678 81 564 1679 71 85 1680 96 107 1681 154 554 1682 97 78 1683 85 67 1684 69 518 1685 68 571 1686 100 77 1687 84 76 1688 83 567 1689 82 93 1690 150 89 1691 102 81 1692 88 108 1693 158 90 1694 104 64 1695 64 563 1696 66 75 1697 80 567 1698 107 1 1699 903 48 1700 108 83 1701 91 568 1702 92 94 1703 110 4 1704 112 573 1705 173 93 1706 109 70 1707 73 82 1708 90 548 1709 89 7 1710 114 101 1711 174 97 1712 115 98 1713 117 549 1714 166 550 1715 77 10 1716 119 68 1717 175 100 1718 120 101 1719 122 100 1720 128 552 1721 123 13 1722 125 74 1723 176 84 1724 126 68 1725 70 551 1726 72 552 1727 123 16 1728 129 64 1729 177 92 1730 130 19 1731 132 72 1732 178 102 1733 133 573 1734 135 97 1735 162 103 1736 136 22 1737 138 98 1738 179 99 1739 139 85 1740 96 519 1741 98 105 1742 141 25 1743 143 83 1744 180 95 1745 144 72 1746 76 565 1747 78 562 1748 65 28 1749 147 70 1750 181 71 1751 148 573 1752 135 104 1753 137 553 1754 102 31 1755 151 81 1756 182 82 1757 152 571 1758 100 520 1759 101 554 1760 97 34 1761 155 569 1762 183 108 1763 156 569 1764 93 517 1765 94 555 1766 104 37 1767 159 78 1768 184 80 1769 160 101 1770 122 572 1771 124 103 1772 136 40 1773 163 66 1774 185 67 1775 164 98 1776 117 95 1777 111 94 1778 110 43 1779 167 85 1780 186 106 1781 168 46 1782 170 571 1783 187 107 1784 171 573 1785 173 4 1786 112 49 1787 116 101 1788 174 7 1789 114 50 1790 121 68 1791 175 10 1792 119 51 1793 127 74 1794 176 13 1795 125 52 1796 131 64 1797 177 16 1798 129 53 1799 134 72 1800 178 19 1801 132 54 1802 140 98 1803 179 22 1804 138 55 1805 145 83 1806 180 25 1807 143 56 1808 149 70 1809 181 28 1810 147 57 1811 153 81 1812 182 31 1813 151 58 1814 157 569 1815 183 34 1816 155 59 1817 161 78 1818 184 37 1819 159 60 1820 165 66 1821 185 40 1822 163 61 1823 169 85 1824 186 43 1825 167 62 1826 172 571 1827 187 46 1828 170 63 1829 188 1 1830 190 567 1831 904 77 1832 189 8 1833 8 127 1834 208 110 1835 191 111 1836 192 204 1837 316 112 1838 193 114 1839 195 170 1840 251 115 1841 196 117 1842 198 207 1843 905 118 1844 199 120 1845 201 220 1846 333 121 1847 202 123 1848 204 213 1849 326 124 1850 205 8 1851 8 3 1852 3 126 1853 207 128 1854 209 177 1855 906 2 1856 2 5 1857 5 0 1858 0 129 1859 210 11 1860 11 6 1861 6 110 1862 191 14 1863 14 9 1864 9 132 1865 213 17 1866 17 12 1867 12 134 1868 215 20 1869 20 15 1870 15 136 1871 217 23 1872 23 18 1873 18 138 1874 219 26 1875 26 21 1876 21 140 1877 221 29 1878 29 24 1879 24 142 1880 223 32 1881 32 27 1882 27 144 1883 225 35 1884 35 30 1885 30 146 1886 227 38 1887 38 33 1888 33 148 1889 229 41 1890 41 36 1891 36 150 1892 231 44 1893 44 39 1894 39 152 1895 233 154 1896 235 217 1897 330 155 1898 236 157 1899 238 221 1900 337 158 1901 239 160 1902 241 163 1903 244 161 1904 242 113 1905 194 112 1906 193 163 1907 244 125 1908 206 124 1909 205 164 1910 245 166 1911 247 216 1912 329 167 1913 248 169 1914 250 211 1915 324 170 1916 251 171 1917 252 214 1918 327 172 1919 253 47 1920 47 175 1921 256 128 1922 209 11 1923 11 131 1924 212 132 1925 213 5 1926 5 130 1927 211 126 1928 207 14 1929 14 133 1930 214 134 1931 215 17 1932 17 135 1933 216 136 1934 217 20 1935 20 137 1936 218 138 1937 219 23 1938 23 139 1939 220 140 1940 221 26 1941 26 141 1942 222 142 1943 223 29 1944 29 143 1945 224 144 1946 225 32 1947 32 145 1948 226 146 1949 227 35 1950 35 147 1951 228 148 1952 229 38 1953 38 149 1954 230 150 1955 231 41 1956 41 151 1957 232 152 1958 233 44 1959 44 153 1960 234 174 1961 255 47 1962 47 42 1963 42 174 1964 255 176 1965 257 232 1966 907 177 1967 258 178 1968 260 231 1969 908 175 1970 261 179 1971 263 229 1972 909 153 1973 264 180 1974 266 223 1975 910 151 1976 267 181 1977 269 236 1978 911 149 1979 270 182 1980 272 226 1981 912 147 1982 273 183 1983 275 225 1984 913 145 1985 276 184 1986 278 230 1987 914 143 1988 279 185 1989 281 234 1990 915 141 1991 282 186 1992 284 228 1993 916 139 1994 285 187 1995 287 227 1996 917 137 1997 288 188 1998 290 233 1999 918 135 2000 291 189 2001 293 237 2002 919 133 2003 294 190 2004 296 235 2005 920 131 2006 297 191 2007 299 222 2008 921 127 2009 300 192 2010 302 224 2011 922 130 2012 303 175 2013 261 231 2014 908 176 2015 257 153 2016 264 229 2017 909 178 2018 260 151 2019 267 223 2020 910 179 2021 263 149 2022 270 236 2023 911 180 2024 266 147 2025 273 226 2026 912 181 2027 269 145 2028 276 225 2029 913 182 2030 272 143 2031 279 230 2032 914 183 2033 275 141 2034 282 234 2035 915 184 2036 278 139 2037 285 228 2038 916 185 2039 281 137 2040 288 227 2041 917 186 2042 284 135 2043 291 233 2044 918 187 2045 287 133 2046 294 237 2047 919 188 2048 290 131 2049 297 235 2050 920 189 2051 293 127 2052 300 222 2053 921 190 2054 296 130 2055 303 224 2056 922 191 2057 299 177 2058 258 232 2059 907 192 2060 302 2 2061 2 177 2062 906 129 2063 210 116 2064 197 115 2065 196 193 2066 305 195 2067 307 219 2068 332 196 2069 308 198 2070 310 206 2071 318 199 2072 311 201 2073 313 209 2074 322 202 2075 314 159 2076 240 158 2077 239 204 2078 316 205 2079 317 215 2080 328 206 2081 318 122 2082 203 121 2083 202 207 2084 319 208 2085 321 210 2086 323 209 2087 322 173 2088 254 172 2089 253 210 2090 323 165 2091 246 164 2092 245 211 2093 324 212 2094 325 218 2095 331 213 2096 326 194 2097 306 193 2098 305 214 2099 327 197 2100 309 196 2101 308 215 2102 328 200 2103 312 199 2104 311 216 2105 329 119 2106 200 118 2107 199 217 2108 330 156 2109 237 155 2110 236 218 2111 331 162 2112 243 161 2113 242 219 2114 332 168 2115 249 167 2116 248 220 2117 333 202 2118 923 209 2119 924 210 2120 925 210 2121 925 172 2122 926 214 2123 927 214 2124 927 193 2125 928 115 2126 929 115 2127 929 170 2128 930 211 2129 336 211 2130 336 164 2131 931 124 2132 932 124 2133 932 213 2134 933 218 2135 934 218 2136 934 155 2137 935 217 2138 936 217 2139 936 118 2140 937 207 2141 938 207 2142 938 121 2143 939 220 2144 940 220 2145 940 167 2146 941 216 2147 334 216 2148 334 199 2149 942 206 2150 943 206 2151 943 215 2152 944 196 2153 335 196 2154 335 219 2155 945 161 2156 946 161 2157 946 163 2158 947 112 2159 948 112 2160 948 204 2161 949 158 2162 950 158 2163 950 221 2164 951 202 2165 923 202 2166 923 210 2167 925 214 2168 927 214 2169 927 115 2170 929 211 2171 336 211 2172 336 124 2173 932 218 2174 934 218 2175 934 217 2176 936 207 2177 938 207 2178 938 220 2179 940 216 2180 334 216 2181 334 206 2182 943 196 2183 335 196 2184 335 161 2185 946 112 2186 948 112 2187 948 158 2188 950 202 2189 923 202 2190 923 214 2191 927 112 2192 948 211 2193 336 218 2194 934 216 2195 334 207 2196 938 216 2197 334 218 2198 934 196 2199 335 112 2200 948 214 2201 927 214 2202 927 211 2203 336 196 2204 335 203 2205 315 202 2206 314 221 2207 337 222 2208 338 212 2209 385 123 2210 339 223 2211 341 180 2212 393 205 2213 342 224 2214 344 192 2215 370 119 2216 345 225 2217 347 113 2218 366 160 2219 348 226 2220 350 182 2221 349 160 2222 348 227 2223 352 171 2224 391 173 2225 353 228 2226 355 186 2227 354 173 2228 353 229 2229 357 166 2230 400 168 2231 358 226 2232 350 162 2233 351 195 2234 360 230 2235 362 184 2236 375 157 2237 363 225 2238 347 183 2239 392 111 2240 365 231 2241 367 178 2242 359 168 2243 358 232 2244 369 117 2245 401 119 2246 345 233 2247 371 188 2248 390 114 2249 372 234 2250 374 203 2251 396 157 2252 363 235 2253 376 125 2254 399 165 2255 377 233 2256 371 116 2257 373 194 2258 379 236 2259 381 181 2260 361 195 2261 360 224 2262 344 154 2263 346 156 2264 383 222 2265 338 191 2266 384 156 2267 383 231 2268 367 120 2269 368 122 2270 386 237 2271 388 189 2272 378 165 2273 377 237 2274 388 169 2275 389 114 2276 372 227 2277 352 187 2278 380 194 2279 379 230 2280 362 159 2281 364 111 2282 365 236 2283 381 197 2284 382 205 2285 342 228 2286 355 208 2287 356 201 2288 394 234 2289 374 185 2290 395 201 2291 394 223 2292 341 198 2293 343 200 2294 397 235 2295 376 190 2296 340 123 2297 339 229 2298 357 179 2299 398 200 2300 397 232 2301 369 176 2302 387 122 2303 386 548 2304 402 239 2305 406 238 2306 403 96 2307 405 240 2308 408 239 2309 406 545 2310 407 261 2311 465 240 2312 408 91 2313 404 238 2314 403 574 2315 409 524 2316 411 523 2317 463 616 2318 412 517 2319 414 260 2320 464 242 2321 415 550 2322 417 258 2323 461 243 2324 418 87 2325 420 259 2326 462 244 2327 421 73 2328 423 560 2329 459 617 2330 424 105 2331 426 556 2332 460 245 2333 427 546 2334 429 252 2335 452 247 2336 430 65 2337 432 522 2338 456 627 2339 433 86 2340 435 256 2341 458 575 2342 436 104 2343 438 255 2344 457 576 2345 439 557 2346 441 558 2347 453 249 2348 442 88 2349 444 254 2350 455 251 2351 445 521 2352 447 253 2353 454 577 2354 448 552 2355 449 577 2356 448 619 2357 450 76 2358 446 251 2359 445 252 2360 452 558 2361 453 69 2362 451 619 2363 450 521 2364 447 559 2365 440 576 2366 439 554 2367 437 575 2368 436 254 2369 455 557 2370 441 250 2371 443 627 2372 433 89 2373 431 247 2374 430 255 2375 457 105 2376 426 246 2377 428 256 2378 458 560 2379 459 65 2380 432 248 2381 434 518 2382 422 244 2383 421 245 2384 427 550 2385 417 73 2386 423 618 2387 425 87 2388 420 561 2389 416 242 2390 415 109 2391 419 243 2392 418 616 2393 412 90 2394 410 574 2395 409 260 2396 464 524 2397 411 241 2398 413 261 2399 465 518 2400 952 257 2401 953 570 2402 467 105 2403 954 86 2404 955 257 2405 953 554 2406 956 88 2407 957 86 2408 955 76 2409 958 546 2410 959 88 2411 957 89 2412 960 104 2413 961 546 2414 959 103 2415 962 572 2416 963 104 2417 961 552 2418 964 69 2419 965 572 2420 963 564 2421 966 566 2422 967 69 2423 965 75 2424 968 563 2425 969 566 2426 967 562 2427 970 565 2428 971 563 2429 969 550 2430 972 109 2431 468 565 2432 971 94 2433 973 568 2434 974 109 2435 468 545 2436 975 96 2437 466 568 2438 974 548 2439 976 91 2440 977 96 2441 466 90 2442 978 517 2443 979 91 2444 977 79 2445 980 570 2446 467 517 2447 979 257 2448 953 86 2449 955 570 2450 467 88 2451 957 546 2452 959 104 2453 961 104 2454 961 566 2455 967 88 2456 957 69 2457 965 566 2458 967 572 2459 963 563 2460 969 565 2461 971 566 2462 967 109 2463 468 570 2464 467 566 2465 967 96 2466 466 91 2467 977 570 2468 467 517 2469 979 570 2470 467 91 2471 977 86 2472 955 88 2473 957 570 2474 467 572 2475 963 566 2476 967 104 2477 961 565 2478 971 109 2479 468 566 2480 967 96 2481 466 109 2482 468 568 2483 974 88 2484 957 566 2485 967 570 2486 467 66 2487 67 106 2488 142 105 2489 141 262 2490 470 310 2491 518 263 2492 471 265 2493 473 311 2494 519 266 2495 474 268 2496 476 312 2497 520 269 2498 477 271 2499 479 313 2500 521 272 2501 480 274 2502 482 314 2503 522 275 2504 483 277 2505 485 315 2506 523 278 2507 486 280 2508 488 316 2509 524 281 2510 489 283 2511 491 317 2512 525 284 2513 492 286 2514 494 318 2515 526 287 2516 495 289 2517 497 319 2518 527 290 2519 498 292 2520 500 320 2521 528 293 2522 501 295 2523 503 321 2524 529 296 2525 504 298 2526 506 322 2527 530 299 2528 507 301 2529 509 323 2530 531 302 2531 510 304 2532 512 324 2533 532 305 2534 513 307 2535 515 325 2536 533 308 2537 516 265 2538 473 267 2539 475 263 2540 471 268 2541 476 270 2542 478 266 2543 474 271 2544 479 273 2545 481 269 2546 477 274 2547 482 276 2548 484 272 2549 480 277 2550 485 279 2551 487 275 2552 483 280 2553 488 282 2554 490 278 2555 486 283 2556 491 285 2557 493 281 2558 489 286 2559 494 288 2560 496 284 2561 492 289 2562 497 291 2563 499 287 2564 495 292 2565 500 294 2566 502 290 2567 498 295 2568 503 297 2569 505 293 2570 501 298 2571 506 300 2572 508 296 2573 504 301 2574 509 303 2575 511 299 2576 507 304 2577 512 306 2578 514 302 2579 510 307 2580 515 309 2581 517 305 2582 513 262 2583 470 264 2584 472 308 2585 516 578 2586 534 361 2587 981 327 2588 535 580 2589 537 372 2590 982 581 2591 538 582 2592 540 359 2593 983 332 2594 541 334 2595 543 368 2596 984 583 2597 544 585 2598 546 365 2599 985 335 2600 547 337 2601 549 360 2602 986 338 2603 550 340 2604 552 375 2605 987 588 2606 553 342 2607 555 371 2608 988 343 2609 556 345 2610 558 369 2611 989 591 2612 559 583 2613 544 368 2614 984 346 2615 561 343 2616 556 371 2617 988 348 2618 563 338 2619 550 359 2620 983 582 2621 540 595 2622 565 374 2623 990 349 2624 566 581 2625 538 372 2626 982 342 2627 555 588 2628 553 375 2629 987 350 2630 568 598 2631 570 351 2632 991 340 2633 552 599 2634 571 370 2635 992 345 2636 558 327 2637 535 360 2638 986 337 2639 549 310 2640 572 262 2641 993 340 2642 573 346 2643 561 367 2644 994 352 2645 575 351 2646 574 363 2647 628 265 2648 576 591 2649 559 369 2650 989 334 2651 543 353 2652 577 357 2653 629 268 2654 578 354 2655 580 365 2656 985 585 2657 546 355 2658 582 332 2659 630 271 2660 583 601 2661 585 355 2662 995 357 2663 586 359 2664 588 338 2665 631 274 2666 589 332 2667 541 355 2668 995 601 2669 585 360 2670 591 327 2671 632 277 2672 592 361 2673 594 335 2674 633 280 2675 595 362 2676 597 353 2677 996 363 2678 598 365 2679 600 354 2680 634 283 2681 601 349 2682 566 373 2683 997 366 2684 603 367 2685 604 346 2686 635 286 2687 605 335 2688 547 361 2689 981 578 2690 534 368 2691 607 334 2692 636 289 2693 608 363 2694 598 351 2695 991 598 2696 570 369 2697 610 345 2698 637 292 2699 611 350 2700 568 374 2701 990 595 2702 565 370 2703 613 348 2704 638 295 2705 614 348 2706 563 370 2707 992 599 2708 571 371 2709 616 342 2710 639 298 2711 617 357 2712 586 353 2713 996 362 2714 597 372 2715 619 580 2716 640 301 2717 620 352 2718 575 367 2719 994 354 2720 580 373 2721 622 349 2722 641 304 2723 623 374 2724 625 350 2725 643 307 2726 626 311 2727 579 265 2728 576 363 2729 628 312 2730 584 268 2731 578 357 2732 629 313 2733 590 271 2734 583 332 2735 630 314 2736 593 274 2737 589 338 2738 631 315 2739 596 277 2740 592 327 2741 632 316 2742 602 280 2743 595 335 2744 633 317 2745 606 283 2746 601 354 2747 634 318 2748 609 286 2749 605 346 2750 635 319 2751 612 289 2752 608 334 2753 636 320 2754 615 292 2755 611 345 2756 637 321 2757 618 295 2758 614 348 2759 638 322 2760 621 298 2761 617 342 2762 639 323 2763 624 301 2764 620 580 2765 640 324 2766 627 304 2767 623 349 2768 641 325 2769 642 307 2770 626 350 2771 643 375 2772 644 340 2773 998 262 2774 645 376 2775 646 455 2776 999 270 2777 478 377 2778 647 486 2779 772 378 2780 648 380 2781 650 421 2782 691 381 2783 651 383 2784 653 489 2785 1000 384 2786 654 386 2787 656 502 2788 789 387 2789 657 389 2790 659 494 2791 781 390 2792 660 270 2793 478 455 2794 999 392 2795 662 264 2796 472 427 2797 1001 393 2798 663 267 2799 475 457 2800 1002 394 2801 664 273 2802 481 453 2803 1003 376 2804 646 276 2805 484 451 2806 1004 395 2807 665 279 2808 487 449 2809 1005 396 2810 666 282 2811 490 447 2812 1006 397 2813 667 285 2814 493 445 2815 1007 398 2816 668 288 2817 496 443 2818 1008 399 2819 669 291 2820 499 441 2821 1009 400 2822 670 294 2823 502 439 2824 1010 401 2825 671 297 2826 505 437 2827 1011 402 2828 672 300 2829 508 435 2830 1012 403 2831 673 303 2832 511 433 2833 1013 404 2834 674 306 2835 514 431 2836 1014 405 2837 675 406 2838 676 499 2839 786 407 2840 677 409 2841 679 503 2842 793 410 2843 680 412 2844 682 415 2845 685 413 2846 683 415 2847 685 377 2848 647 379 2849 649 416 2850 686 389 2851 659 391 2852 661 418 2853 688 498 2854 785 419 2855 689 421 2856 691 493 2857 780 422 2858 692 423 2859 693 496 2860 783 424 2861 694 393 2862 663 429 2863 1015 309 2864 517 395 2865 665 453 2866 1003 273 2867 481 392 2868 662 457 2869 1002 267 2870 475 396 2871 666 451 2872 1004 276 2873 484 397 2874 667 449 2875 1005 279 2876 487 398 2877 668 447 2878 1006 282 2879 490 399 2880 669 445 2881 1007 285 2882 493 400 2883 670 443 2884 1008 288 2885 496 401 2886 671 441 2887 1009 291 2888 499 402 2889 672 439 2890 1010 294 2891 502 403 2892 673 437 2893 1011 297 2894 505 404 2895 674 435 2896 1012 300 2897 508 405 2898 675 433 2899 1013 303 2900 511 426 2901 696 431 2902 1014 306 2903 514 309 2904 517 429 2905 1015 426 2906 696 427 2907 697 474 2908 760 428 2909 698 429 2910 700 459 2911 745 430 2912 701 431 2913 703 460 2914 746 432 2915 704 433 2916 706 461 2917 747 434 2918 707 435 2919 709 462 2920 748 436 2921 710 437 2922 712 463 2923 749 438 2924 713 439 2925 715 464 2926 750 440 2927 716 441 2928 718 465 2929 751 442 2930 719 443 2931 721 466 2932 752 444 2933 722 445 2934 724 467 2935 753 446 2936 725 447 2937 727 468 2938 754 448 2939 728 449 2940 730 469 2941 755 450 2942 731 451 2943 733 470 2944 756 452 2945 734 453 2946 736 471 2947 757 454 2948 737 455 2949 739 472 2950 758 456 2951 740 457 2952 742 473 2953 759 458 2954 743 429 2955 700 393 2956 699 428 2957 698 431 2958 703 426 2959 702 430 2960 701 433 2961 706 405 2962 705 432 2963 704 435 2964 709 404 2965 708 434 2966 707 437 2967 712 403 2968 711 436 2969 710 439 2970 715 402 2971 714 438 2972 713 441 2973 718 401 2974 717 440 2975 716 443 2976 721 400 2977 720 442 2978 719 445 2979 724 399 2980 723 444 2981 722 447 2982 727 398 2983 726 446 2984 725 449 2985 730 397 2986 729 448 2987 728 451 2988 733 396 2989 732 450 2990 731 453 2991 736 395 2992 735 452 2993 734 455 2994 739 376 2995 738 454 2996 737 457 2997 742 392 2998 741 456 2999 740 427 3000 697 394 3001 744 458 3002 743 394 3003 664 427 3004 1001 264 3005 472 475 3006 761 380 3007 650 382 3008 652 477 3009 763 501 3010 788 478 3011 764 480 3012 766 487 3013 773 481 3014 767 483 3015 769 490 3016 777 484 3017 770 486 3018 772 409 3019 679 411 3020 681 487 3021 773 497 3022 784 488 3023 774 489 3024 775 386 3025 656 388 3026 658 490 3027 777 492 3028 779 491 3029 778 492 3030 779 423 3031 693 425 3032 695 493 3033 780 416 3034 686 417 3035 687 494 3036 781 500 3037 787 495 3038 782 496 3039 783 475 3040 761 476 3041 762 497 3042 784 477 3043 763 479 3044 765 498 3045 785 480 3046 766 482 3047 768 499 3048 786 383 3049 653 385 3050 655 500 3051 787 406 3052 676 408 3053 678 501 3054 788 412 3055 682 414 3056 684 502 3057 789 418 3058 688 420 3059 690 492 3060 1016 490 3061 1017 483 3062 1018 483 3063 1018 503 3064 1019 409 3065 1020 409 3066 1020 486 3067 1021 377 3068 1022 377 3069 1022 415 3070 1023 412 3071 1024 412 3072 1024 501 3073 1025 477 3074 1026 477 3075 1026 497 3076 1027 487 3077 1028 487 3078 1028 480 3079 1029 498 3080 792 498 3081 792 418 3082 1030 502 3083 1031 502 3084 1031 386 3085 1032 489 3086 1033 489 3087 1033 383 3088 1034 499 3089 1035 499 3090 1035 406 3091 1036 500 3092 790 500 3093 790 494 3094 1037 389 3095 1038 389 3096 1038 416 3097 1039 493 3098 791 493 3099 791 421 3100 1040 380 3101 1041 380 3102 1041 475 3103 1042 496 3104 1043 496 3105 1043 423 3106 1044 492 3107 1016 492 3108 1016 483 3109 1018 496 3110 1043 409 3111 1020 377 3112 1022 483 3113 1018 412 3114 1024 477 3115 1026 377 3116 1022 487 3117 1028 498 3118 792 477 3119 1026 502 3120 1031 489 3121 1033 498 3122 792 499 3123 1035 500 3124 790 489 3125 1033 389 3126 1038 493 3127 791 500 3128 790 380 3129 1041 496 3130 1043 493 3131 791 483 3132 1018 377 3133 1022 496 3134 1043 477 3135 1026 498 3136 792 493 3137 791 489 3138 1033 500 3139 790 498 3140 792 493 3141 791 496 3142 1043 477 3143 1026 377 3144 1022 477 3145 1026 496 3146 1043 503 3147 793 483 3148 769 485 3149 771 390 3150 794 495 3151 1045 472 3152 795 461 3153 797 481 3154 1046 488 3155 798 473 3156 800 407 3157 1047 385 3158 801 413 3159 803 379 3160 1048 464 3161 804 463 3162 806 414 3163 1049 413 3164 803 425 3165 807 424 3166 1050 468 3167 808 467 3168 810 491 3169 1051 425 3170 807 420 3171 811 419 3172 1052 460 3173 812 478 3174 814 414 3175 1049 463 3176 806 465 3177 816 411 3178 1053 410 3179 817 464 3180 804 379 3181 1048 378 3182 819 459 3183 821 387 3184 1054 420 3185 811 385 3186 801 384 3187 1055 474 3188 822 469 3189 823 382 3190 1056 381 3191 824 410 3192 817 485 3193 1057 466 3194 826 417 3195 827 391 3196 1058 471 3197 828 476 3198 830 382 3199 1056 469 3200 823 462 3201 832 479 3202 1059 478 3203 814 408 3204 833 407 3205 1047 473 3206 800 472 3207 795 495 3208 1045 408 3209 833 388 3210 835 387 3211 1054 459 3212 821 470 3213 837 422 3214 1060 417 3215 827 381 3216 824 422 3217 1060 470 3218 837 468 3219 808 424 3220 1050 476 3221 830 378 3222 819 411 3223 1053 465 3224 816 488 3225 798 479 3226 1059 462 3227 832 484 3228 838 491 3229 1051 467 3230 810 466 3231 826 485 3232 1057 484 3233 838 482 3234 840 481 3235 1046 461 3236 797 471 3237 828 391 3238 1058 390 3239 794 460 3240 812 419 3241 1052 482 3242 840 474 3243 822 384 3244 1055 388 3245 835 604 3246 842 605 3247 845 525 3248 843 605 3249 845 504 3250 847 527 3251 846 504 3252 847 615 3253 899 526 3254 848 620 3255 849 604 3256 842 528 3257 844 347 3258 851 509 3259 1061 628 3260 852 621 3261 854 614 3262 898 530 3263 855 606 3264 857 510 3265 1062 532 3266 858 607 3267 860 511 3268 1063 344 3269 861 336 3270 863 613 3271 897 622 3272 864 366 3273 866 512 3274 1064 505 3275 867 608 3276 869 507 3277 892 538 3278 870 328 3279 872 612 3280 896 629 3281 873 623 3282 875 508 3283 895 535 3284 876 624 3285 878 611 3286 894 364 3287 879 339 3288 881 513 3289 1065 609 3290 882 506 3291 884 626 3292 893 540 3293 885 610 3294 887 514 3295 1066 358 3296 888 625 3297 890 610 3298 887 356 3299 889 507 3300 892 506 3301 884 341 3302 886 331 3303 883 609 3304 882 625 3305 890 358 3306 888 514 3307 1066 624 3308 878 626 3309 893 623 3310 875 536 3311 877 629 3312 873 513 3313 1065 339 3314 881 611 3315 894 608 3316 869 534 3317 871 508 3318 895 512 3319 1064 366 3320 866 326 3321 865 622 3322 864 612 3323 896 505 3324 867 607 3325 860 329 3326 862 532 3327 858 510 3328 1062 613 3329 897 344 3330 861 511 3331 1063 621 3332 854 628 3333 852 606 3334 857 533 3335 859 614 3336 898 620 3337 849 529 3338 850 615 3339 899 509 3340 1061 347 3341 851 366 3342 1067 330 3343 1068 596 3344 901 581 3345 1069 590 3346 902 330 3347 1068 343 3348 1070 594 3349 1071 590 3350 902 599 3351 1072 592 3352 1073 594 3353 1071 591 3354 1074 584 3355 1075 592 3356 1073 583 3357 1076 593 3358 1077 584 3359 1075 352 3360 1078 600 3361 1079 593 3362 1077 585 3363 1080 586 3364 1081 600 3365 1079 578 3366 1082 579 3367 1083 586 3368 1081 337 3369 1084 587 3370 1085 579 3371 1083 582 3372 1086 333 3373 1087 587 3374 1085 601 3375 1088 602 3376 1089 333 3377 1087 362 3378 1090 603 3379 1091 602 3380 1089 598 3381 1092 589 3382 1093 603 3383 1091 588 3384 1094 597 3385 900 589 3386 1093 595 3387 1095 596 3388 901 597 3389 900 330 3390 1068 590 3391 902 596 3392 901 594 3393 1071 592 3394 1073 590 3395 902 584 3396 1075 593 3397 1077 600 3398 1079 600 3399 1079 587 3400 1085 590 3401 902 579 3402 1083 587 3403 1085 586 3404 1081 333 3405 1087 602 3406 1089 587 3407 1085 603 3408 1091 589 3409 1093 597 3410 900 587 3411 1085 602 3412 1089 603 3413 1091 590 3414 902 592 3415 1073 584 3416 1075 584 3417 1075 600 3418 1079 590 3419 902 587 3420 1085 597 3421 900 590 3422 902 597 3423 900 587 3424 1085 603 3425 1091 600 3426 1079 586 3427 1081 587 3428 1085 366 3429 603 373 3430 997 580 3431 537</p></triangles>
      </mesh>
    </geometry>
    <geometry id="wheels_spin-lib" name="wheels_spinMesh">
      <mesh>
        <source id="wheels_spin-POSITION">
          <float_array id="wheels_spin-POSITION-array" count="1926">
-0.732818 -0.069349 -0.348649
-0.598842 0.000006 -0.352830
-0.598842 -0.069349 -0.348649
-0.732818 0.000006 -0.352830
-0.762097 -0.059039 -0.296885
-0.762097 0.000006 -0.300346
-0.732818 -0.135027 -0.325939
-0.762097 -0.168190 -0.251682
-0.762097 -0.114985 -0.277492
-0.732818 -0.249441 -0.249447
-0.762097 -0.251676 -0.168124
-0.762097 -0.212385 -0.212390
-0.732818 -0.325934 -0.134961
-0.762097 -0.296879 -0.059045
-0.762097 -0.277558 -0.114919
-0.732818 -0.352825 -0.000000
-0.762097 -0.296879 0.059117
-0.762097 -0.300412 0.000000
-0.732818 -0.325934 0.135033
-0.762097 -0.251676 0.168196
-0.762097 -0.277558 0.114991
-0.732818 -0.249441 0.249519
-0.762097 -0.168191 0.251754
-0.762097 -0.212385 0.212462
-0.732818 -0.135027 0.326011
-0.762097 -0.059040 0.296957
-0.762097 -0.114913 0.277564
-0.732818 0.000006 0.352830
-0.762097 0.059051 0.296957
-0.762097 0.000006 0.300418
-0.732818 0.135038 0.326011
-0.762097 0.168202 0.251754
-0.762097 0.114997 0.277564
-0.732818 0.249525 0.249519
-0.762097 0.251687 0.168196
-0.762097 0.212396 0.212462
-0.732817 0.326017 0.135033
-0.762097 0.296890 0.059117
-0.762097 0.277569 0.114991
-0.732817 0.352836 0.000000
-0.762097 0.296890 -0.059045
-0.762097 0.300423 -0.000000
-0.732817 0.326017 -0.134961
-0.762097 0.251687 -0.168124
-0.762097 0.277569 -0.114919
-0.732818 0.249524 -0.249447
-0.762097 0.168202 -0.251682
-0.762097 0.212396 -0.212390
-0.732818 0.135038 -0.325939
-0.762097 0.059051 -0.296885
-0.762097 0.114997 -0.277492
-0.732818 -0.197533 -0.295587
-0.732818 -0.295581 -0.197467
-0.732818 -0.348715 -0.069355
-0.732818 -0.348715 0.069427
-0.732818 -0.295581 0.197539
-0.732818 -0.197533 0.295659
-0.732818 -0.069349 0.348721
-0.732818 0.069361 0.348721
-0.732818 0.197544 0.295659
-0.732818 0.295665 0.197539
-0.732817 0.348726 0.069427
-0.732817 0.348726 -0.069355
-0.732818 0.295665 -0.197467
-0.732818 0.197545 -0.295587
-0.732818 0.069361 -0.348649
-0.769577 0.206483 -0.041022
-0.769577 0.206483 0.041094
-0.769577 0.116942 0.175046
-0.769577 -0.041089 0.206479
-0.769577 0.000005 0.208930
-0.769577 0.041099 0.206479
-0.769577 -0.206473 -0.041022
-0.769577 -0.116932 0.175045
-0.769577 -0.079948 0.192997
-0.769577 -0.175040 0.116937
-0.769577 -0.206473 0.041094
-0.769577 -0.192992 0.079953
-0.769577 -0.116932 -0.174973
-0.769577 -0.041089 -0.206406
-0.769577 0.000005 -0.208858
-0.769577 -0.175040 -0.116937
-0.769577 -0.147716 -0.147650
-0.769577 -0.192992 -0.079881
-0.769577 -0.147716 0.147722
-0.769577 0.079958 0.192997
-0.769577 0.175051 0.116937
-0.769577 0.147727 0.147722
-0.769577 0.193002 0.079953
-0.769577 0.175051 -0.116937
-0.769577 0.193002 -0.079881
-0.769577 0.208863 -0.000000
-0.769577 0.116942 -0.174973
-0.769577 0.147727 -0.147650
-0.769577 0.041099 -0.206406
-0.769577 0.079958 -0.192925
-0.569563 -0.059040 -0.296885
-0.569563 0.000006 -0.300346
-0.562945 -0.043158 -0.216839
-0.562945 0.000006 -0.219406
-0.569563 -0.168191 -0.251682
-0.598842 -0.135027 -0.325939
-0.569563 -0.114985 -0.277492
-0.569563 -0.251676 -0.168124
-0.598842 -0.249441 -0.249447
-0.569563 -0.212385 -0.212390
-0.569563 -0.296879 -0.059045
-0.598842 -0.325934 -0.134961
-0.569563 -0.277558 -0.114919
-0.569563 -0.296879 0.059117
-0.598842 -0.352825 -0.000000
-0.569563 -0.300412 0.000000
-0.569563 -0.251676 0.168196
-0.598842 -0.325933 0.135033
-0.569563 -0.277558 0.114991
-0.569563 -0.168191 0.251754
-0.598842 -0.249441 0.249519
-0.569563 -0.212385 0.212462
-0.569563 -0.059040 0.296957
-0.598842 -0.135027 0.326011
-0.569563 -0.114913 0.277564
-0.569563 0.059051 0.296957
-0.598842 0.000006 0.352830
-0.569563 0.000006 0.300418
-0.569563 0.168202 0.251754
-0.598842 0.135038 0.326011
-0.569563 0.114997 0.277564
-0.569563 0.251687 0.168196
-0.598842 0.249525 0.249519
-0.569563 0.212396 0.212462
-0.569563 0.296890 0.059117
-0.598842 0.326017 0.135033
-0.569563 0.277569 0.114991
-0.569563 0.296890 -0.059045
-0.598842 0.352836 0.000000
-0.569562 0.300423 -0.000000
-0.569563 0.251687 -0.168124
-0.598842 0.326017 -0.134961
-0.569563 0.277569 -0.114919
-0.569563 0.168202 -0.251682
-0.598842 0.249524 -0.249447
-0.569563 0.212396 -0.212390
-0.569563 0.059051 -0.296885
-0.598842 0.135038 -0.325939
-0.569563 0.114997 -0.277492
-0.598842 -0.197533 -0.295587
-0.598842 -0.295582 -0.197467
-0.598842 -0.348715 -0.069355
-0.598842 -0.348716 0.069427
-0.598842 -0.295582 0.197539
-0.598842 -0.197533 0.295659
-0.598842 -0.069349 0.348721
-0.598842 0.069361 0.348721
-0.598842 0.197544 0.295659
-0.598842 0.295665 0.197539
-0.598842 0.348726 0.069427
-0.598842 0.348726 -0.069355
-0.598842 0.295665 -0.197467
-0.598842 0.197545 -0.295587
-0.598842 0.069361 -0.348649
-0.562945 0.122853 -0.183818
-0.562945 0.183887 -0.122839
-0.562945 0.216908 -0.043100
-0.562945 0.216908 0.043172
-0.562945 0.183887 0.122847
-0.562945 0.122853 0.183890
-0.562945 0.043169 0.216911
-0.562945 -0.043158 0.216911
-0.562945 -0.122842 0.183890
-0.562945 -0.183876 0.122847
-0.562945 -0.216897 0.043172
-0.562945 -0.216897 -0.043100
-0.562945 -0.183876 -0.122839
-0.562945 -0.122842 -0.183818
-0.562945 -0.083987 -0.202675
-0.562945 -0.155172 -0.155114
-0.562945 -0.202742 -0.083921
-0.562945 -0.219409 0.000000
-0.562945 -0.202742 0.083993
-0.562945 -0.155172 0.155186
-0.562945 -0.083979 0.202747
-0.562945 0.000006 0.219478
-0.562945 0.083999 0.202747
-0.562945 0.155184 0.155186
-0.562945 0.202753 0.083993
-0.562945 0.219420 -0.000000
-0.562945 0.202753 -0.083921
-0.562945 0.155184 -0.155114
-0.562945 0.043169 -0.216839
-0.562945 0.083999 -0.202675
-0.726817 0.176421 0.073073
-0.756695 0.158793 0.106087
-0.756695 0.175087 0.072527
-0.726816 0.000005 0.190981
-0.756695 -0.037268 0.187338
-0.756695 0.000005 0.189537
-0.726818 -0.073071 -0.176419
-0.756695 -0.037268 -0.187265
-0.756695 -0.072522 -0.175045
-0.726818 0.000005 -0.190904
-0.756695 0.000005 -0.189464
-0.756695 -0.106082 -0.158752
-0.726818 -0.134979 -0.134985
-0.756695 -0.158783 -0.106087
-0.726817 -0.159984 -0.106904
-0.726817 -0.176412 0.073073
-0.756695 -0.187296 0.037273
-0.756695 -0.175076 0.072527
-0.726817 0.190988 -0.000002
-0.756695 0.187306 -0.037201
-0.726818 0.188722 -0.037470
-0.726817 -0.176412 -0.073077
-0.756695 -0.175076 -0.072491
-0.726818 0.135068 -0.134985
-0.756695 0.106092 -0.158752
-0.726818 0.106907 -0.159991
-0.756695 -0.187297 -0.037201
-0.726817 -0.190979 -0.000002
-0.726817 -0.188713 0.037547
-0.726816 -0.073071 0.176415
-0.756695 -0.106082 0.158788
-0.756695 -0.072522 0.175081
-0.726816 -0.134979 0.135062
-0.726816 -0.106898 0.159987
-0.726816 0.073080 0.176415
-0.756695 0.037278 0.187338
-0.756695 0.072532 0.175081
-0.724646 -0.020995 0.105606
-0.726816 -0.037545 0.188796
-0.724646 0.089512 0.059821
-0.726817 0.135068 0.135062
-0.726817 0.159994 0.106900
-0.724646 -0.059796 0.089528
-0.724646 0.021004 -0.105534
-0.726818 0.073080 -0.176419
-0.726818 0.037554 -0.188719
-0.724646 -0.089476 -0.059749
-0.724646 0.105539 0.021000
-0.726817 0.188722 0.037547
-0.724646 -0.105530 0.021000
-0.726818 0.176421 -0.073077
-0.724646 0.105539 -0.021000
-0.724646 -0.089476 0.059821
-0.726816 -0.159985 0.106900
-0.724646 0.059805 0.089528
-0.726817 0.106907 0.159987
-0.724646 0.089486 -0.059749
-0.726818 0.159994 -0.106904
-0.737483 0.059805 0.089528
-0.724646 0.075517 0.075563
-0.737483 0.075517 0.075563
-0.737483 -0.105530 0.021000
-0.724646 -0.098667 0.040910
-0.737483 -0.098667 0.040910
-0.737483 -0.020995 -0.105534
-0.724646 0.000005 -0.106772
-0.724646 -0.020995 -0.105534
-0.737483 0.021004 -0.105534
-0.724646 0.040890 -0.098647
-0.737483 -0.089476 -0.059749
-0.724646 -0.098667 -0.040838
-0.737483 -0.098667 -0.040838
-0.769577 -0.079947 -0.192925
-0.756695 0.037278 -0.187265
-0.726816 0.037554 0.188796
-0.756695 -0.158783 0.106087
-0.756695 0.187306 0.037273
-0.756695 -0.133983 -0.133952
-0.756695 0.106092 0.158788
-0.756695 0.189505 -0.000000
-0.756695 0.175087 -0.072491
-0.756695 0.158794 -0.106087
-0.756695 0.134029 -0.133952
-0.756695 0.072532 -0.175045
-0.756695 -0.189495 0.000000
-0.756695 -0.133983 0.134024
-0.756695 0.134029 0.134024
-0.724646 0.059805 -0.089456
-0.724646 -0.105530 -0.021000
-0.726817 -0.188712 -0.037470
-0.724646 0.021004 0.105606
-0.724646 -0.059796 -0.089456
-0.726818 -0.106897 -0.159991
-0.726818 -0.037545 -0.188719
-0.737483 -0.059796 -0.089456
-0.724646 -0.040879 -0.098647
-0.737483 0.040889 0.098718
-0.724646 0.040889 0.098718
-0.737483 0.098677 0.040910
-0.724646 0.098677 0.040910
-0.737483 0.089512 0.059821
-0.737483 -0.105530 -0.021000
-0.737483 0.059805 -0.089456
-0.724646 0.075517 -0.075491
-0.724646 -0.106789 0.000000
-0.737483 -0.059796 0.089528
-0.724646 -0.075508 0.075563
-0.769577 -0.208852 0.000000
-0.737483 -0.075507 -0.075491
-0.737483 -0.106789 0.000000
-0.737483 0.106798 0.000000
-0.737483 -0.089476 0.059821
-0.724646 0.106798 0.000000
-0.737483 0.089486 -0.059749
-0.724646 0.098677 -0.040838
-0.737483 0.000005 0.106844
-0.724646 0.000005 0.106844
-0.737483 0.105539 -0.021000
-0.737483 0.098677 -0.040838
-0.737483 0.000005 -0.106772
-0.737483 -0.040879 0.098718
-0.737483 -0.020995 0.105606
-0.724646 -0.040879 0.098718
-0.737483 -0.075508 0.075563
-0.737483 0.075517 -0.075491
-0.737483 -0.040879 -0.098647
-0.724646 -0.075507 -0.075491
-0.737483 0.105539 0.021000
-0.737483 0.040890 -0.098647
-0.737483 0.021004 0.105606
0.598842 -0.000005 -0.352830
0.732818 -0.069360 -0.348649
0.598842 -0.069360 -0.348649
0.762097 -0.059051 -0.296885
0.732818 -0.000005 -0.352830
0.762097 -0.000005 -0.300346
0.762097 -0.168202 -0.251682
0.732818 -0.135038 -0.325939
0.762097 -0.114996 -0.277492
0.762097 -0.251687 -0.168124
0.732818 -0.249452 -0.249447
0.762097 -0.212396 -0.212390
0.762097 -0.296891 -0.059045
0.732818 -0.325944 -0.134961
0.762097 -0.277569 -0.114919
0.762097 -0.296891 0.059118
0.732818 -0.352836 -0.000000
0.762097 -0.300423 0.000000
0.762097 -0.251687 0.168196
0.732818 -0.325944 0.135033
0.762097 -0.277569 0.114991
0.762097 -0.168202 0.251754
0.732818 -0.249452 0.249519
0.762097 -0.212396 0.212462
0.762097 -0.059051 0.296957
0.732818 -0.135038 0.326011
0.762097 -0.114924 0.277564
0.762097 0.059040 0.296957
0.732818 -0.000005 0.352830
0.762097 -0.000005 0.300418
0.762097 0.168191 0.251754
0.732818 0.135028 0.326011
0.762097 0.114985 0.277564
0.762097 0.251676 0.168196
0.732818 0.249514 0.249519
0.762097 0.212385 0.212462
0.762097 0.296880 0.059117
0.732818 0.326006 0.135033
0.762097 0.277559 0.114991
0.762097 0.296880 -0.059045
0.732818 0.352825 0.000000
0.762097 0.300412 -0.000000
0.762097 0.251676 -0.168124
0.732818 0.326006 -0.134961
0.762097 0.277559 -0.114919
0.762097 0.168191 -0.251682
0.732818 0.249514 -0.249447
0.762097 0.212386 -0.212390
0.762097 0.059040 -0.296885
0.732818 0.135028 -0.325939
0.762097 0.114986 -0.277492
0.732818 -0.197544 -0.295587
0.732818 -0.295593 -0.197467
0.732818 -0.348726 -0.069355
0.732818 -0.348727 0.069427
0.732818 -0.295593 0.197539
0.732818 -0.197544 0.295660
0.732818 -0.069360 0.348721
0.732818 0.069350 0.348721
0.732818 0.197534 0.295659
0.732818 0.295654 0.197539
0.732818 0.348715 0.069427
0.732818 0.348715 -0.069355
0.732818 0.295654 -0.197467
0.732818 0.197534 -0.295587
0.732818 0.069350 -0.348649
0.769577 0.206473 -0.041022
0.769577 0.192991 -0.079881
0.769577 0.206473 0.041094
0.769577 0.208852 0.000000
0.769577 0.116932 0.175046
0.769577 0.147716 0.147722
0.769577 -0.041100 0.206479
0.769577 -0.000006 0.208930
0.769577 0.041088 0.206479
0.769577 0.079947 0.192997
0.769577 -0.206485 -0.041022
0.769577 -0.208864 0.000000
0.769577 -0.116943 0.175046
0.769577 -0.079959 0.192997
0.769577 -0.175051 0.116937
0.769577 -0.147727 0.147722
0.769577 -0.206485 0.041094
0.769577 -0.193003 0.079953
0.769577 -0.116943 -0.174973
0.769577 -0.147727 -0.147649
0.769577 -0.041100 -0.206406
0.769577 -0.175051 -0.116937
0.769577 -0.193003 -0.079881
0.769577 0.175040 0.116937
0.769577 0.192991 0.079953
0.769577 0.175040 -0.116937
0.769577 0.116932 -0.174973
0.769577 0.079947 -0.192925
0.769577 0.147716 -0.147650
0.769577 0.041088 -0.206406
0.569562 -0.059051 -0.296885
0.569562 -0.000005 -0.300346
0.562945 -0.043169 -0.216839
0.598842 -0.135038 -0.325939
0.569562 -0.168202 -0.251682
0.569562 -0.114996 -0.277492
0.598842 -0.249452 -0.249447
0.569562 -0.251687 -0.168124
0.569562 -0.212396 -0.212390
0.598842 -0.325944 -0.134961
0.569562 -0.296890 -0.059045
0.569562 -0.277569 -0.114919
0.598842 -0.352836 -0.000000
0.569562 -0.296890 0.059118
0.569562 -0.300423 0.000000
0.598842 -0.325944 0.135033
0.569562 -0.251687 0.168196
0.569562 -0.277569 0.114991
0.598842 -0.249452 0.249519
0.569562 -0.168202 0.251754
0.569562 -0.212396 0.212462
0.598842 -0.135038 0.326011
0.569562 -0.059051 0.296957
0.569562 -0.114924 0.277564
0.598842 -0.000005 0.352830
0.569562 0.059040 0.296957
0.569562 -0.000005 0.300418
0.598842 0.135028 0.326011
0.569562 0.168191 0.251754
0.569562 0.114985 0.277564
0.598842 0.249514 0.249519
0.569562 0.251676 0.168196
0.569562 0.212385 0.212462
0.598842 0.326006 0.135033
0.569562 0.296880 0.059117
0.569562 0.277559 0.114991
0.598842 0.352825 0.000000
0.569562 0.296880 -0.059045
0.569562 0.300412 -0.000000
0.598842 0.326006 -0.134961
0.569562 0.251676 -0.168124
0.569562 0.277559 -0.114919
0.598842 0.249514 -0.249447
0.569562 0.168191 -0.251682
0.569562 0.212385 -0.212390
0.598842 0.135028 -0.325939
0.569562 0.059040 -0.296885
0.569562 0.114986 -0.277492
0.598842 -0.197544 -0.295587
0.598842 -0.295593 -0.197467
0.598842 -0.348726 -0.069355
0.598842 -0.348726 0.069427
0.598842 -0.295593 0.197539
0.598842 -0.197544 0.295660
0.598842 -0.069360 0.348721
0.598842 0.069350 0.348721
0.598842 0.197534 0.295659
0.598842 0.295654 0.197539
0.598842 0.348715 0.069427
0.598842 0.348715 -0.069355
0.598842 0.295654 -0.197467
0.598842 0.197534 -0.295587
0.598842 0.069350 -0.348649
0.562945 0.122842 -0.183818
0.562945 0.183876 -0.122839
0.562945 0.216897 -0.043100
0.562945 0.216897 0.043172
0.562945 0.183876 0.122847
0.562945 0.122842 0.183890
0.562945 0.043158 0.216911
0.562945 -0.043169 0.216911
0.562945 -0.122853 0.183890
0.562945 -0.183887 0.122847
0.562945 -0.216908 0.043172
0.562945 -0.216908 -0.043100
0.562945 -0.183887 -0.122839
0.562945 -0.122853 -0.183818
0.562945 0.043158 -0.216839
0.726746 0.176411 0.073073
0.756695 0.158782 0.106087
0.726746 0.159983 0.106900
0.756695 -0.037278 0.187338
0.726745 -0.000006 0.190982
0.756695 -0.000005 0.189537
0.726747 -0.073082 -0.176419
0.756695 -0.037278 -0.187265
0.726747 -0.037556 -0.188719
0.726747 -0.000006 -0.190904
0.756695 -0.106093 -0.158752
0.726747 -0.106908 -0.159991
0.756695 -0.158794 -0.106087
0.726747 -0.134990 -0.134985
0.726747 -0.159995 -0.106904
0.726746 -0.176423 0.073073
0.756695 -0.187307 0.037273
0.726746 -0.188723 0.037547
0.756695 0.187296 -0.037201
0.726747 0.190977 -0.000002
0.726747 0.188711 -0.037470
0.726746 -0.176423 -0.073077
0.756695 -0.175087 -0.072491
0.756695 0.106081 -0.158752
0.726747 0.135058 -0.134985
0.726747 0.106896 -0.159991
0.756695 -0.187307 -0.037201
0.726746 -0.188724 -0.037470
0.726746 -0.190990 -0.000002
0.726745 -0.073082 0.176415
0.756695 -0.106093 0.158788
0.726745 -0.106908 0.159987
0.726746 -0.134990 0.135062
0.726746 0.073069 0.176415
0.756695 0.037267 0.187338
0.726746 0.037543 0.188796
0.724575 -0.021006 0.105606
0.726745 -0.037556 0.188796
0.726746 0.135058 0.135062
0.724575 0.089501 0.059821
0.724575 -0.059806 0.089528
0.726747 0.073069 -0.176419
0.724575 0.020994 -0.105534
0.726747 0.037543 -0.188719
0.724575 -0.089487 -0.059749
0.724575 0.105528 0.021000
0.724575 0.106787 0.000000
0.724575 -0.105540 0.021000
0.724575 -0.098678 0.040910
0.726747 0.176411 -0.073077
0.724575 0.105528 -0.021000
0.724575 0.098666 -0.040838
0.724575 -0.089487 0.059821
0.726746 -0.159995 0.106900
0.724575 0.059794 0.089528
0.724575 0.075506 0.075563
0.724575 0.089476 -0.059749
0.724575 0.075506 -0.075491
0.737483 0.059794 0.089528
0.737483 0.075506 0.075563
0.737483 -0.105540 0.021000
0.737483 -0.098678 0.040910
0.724575 -0.000006 -0.106772
0.737483 -0.021006 -0.105534
0.724575 -0.021006 -0.105534
0.724575 0.040878 -0.098647
0.737483 0.020994 -0.105534
0.724575 -0.098678 -0.040838
0.737483 -0.089487 -0.059749
0.737483 -0.098678 -0.040838
0.769577 -0.079959 -0.192925
0.756695 0.037267 -0.187265
0.756695 -0.158794 0.106087
0.756695 0.187296 0.037273
0.726746 0.188711 0.037547
0.756695 -0.133994 -0.133952
0.756695 0.106081 0.158788
0.726746 0.106896 0.159987
0.756695 0.158783 -0.106087
0.756695 0.134018 -0.133952
0.756695 -0.133994 0.134024
0.726747 0.159983 -0.106904
0.756695 0.134018 0.134024
0.724575 0.059794 -0.089456
0.724575 -0.040890 0.098718
0.724575 -0.105540 -0.021000
0.724575 0.020994 0.105606
0.724575 -0.000006 0.106844
0.724575 -0.059806 -0.089456
0.724575 -0.040890 -0.098646
0.724575 -0.106799 0.000000
0.724575 0.098666 0.040910
0.737483 -0.059806 -0.089456
0.737483 0.040878 0.098718
0.724575 0.040878 0.098718
0.737483 0.098666 0.040910
0.737483 0.089501 0.059821
0.737483 -0.105540 -0.021000
0.737483 0.059794 -0.089456
0.724575 -0.075518 0.075563
0.737483 -0.059806 0.089528
0.769577 -0.000006 -0.208858
0.737483 0.075506 -0.075491
0.737483 0.106787 0.000000
0.737483 -0.075518 -0.075491
0.737483 -0.089487 0.059821
0.737483 0.089476 -0.059749
0.737483 -0.000006 0.106844
0.737483 0.105528 -0.021000
0.737483 0.098666 -0.040838
0.737483 -0.000006 -0.106772
0.737483 -0.040890 0.098718
0.737483 -0.021006 0.105606
0.737483 -0.106799 0.000000
0.737483 -0.075518 0.075563
0.737483 -0.040890 -0.098646
0.724575 -0.075518 -0.075491
0.737483 0.105528 0.021000
0.737483 0.040878 -0.098647
0.737483 0.020994 0.105606
0.562945 -0.000005 -0.219406
0.562945 0.083987 -0.202675
0.562945 0.155173 -0.155114
0.562945 0.202742 -0.083921
0.562945 0.219409 -0.000000
0.562945 0.202742 0.083993
0.562945 0.155173 0.155186
0.562945 0.083987 0.202747
0.562945 -0.000005 0.219478
0.562945 -0.083990 0.202748
0.562945 -0.155183 0.155186
0.562945 -0.202753 0.083993
0.562945 -0.219420 0.000000
0.562945 -0.202753 -0.083921
0.562945 -0.155183 -0.155114
0.562945 -0.083998 -0.202675
0.756695 0.175076 0.072527
0.756695 -0.072533 -0.175045
0.756695 -0.000005 -0.189464
0.756695 -0.175087 0.072527
0.756695 0.189494 0.000000
0.756695 -0.189506 0.000000
0.756695 -0.072533 0.175081
0.756695 0.072521 0.175082
0.756695 0.175076 -0.072491
0.756695 0.072521 -0.175045
-0.562945 0.000006 0.000030
0.562945 -0.000005 0.000030
</float_array>
          <technique_common>
            <accessor source="#wheels_spin-POSITION-array" count="642" stride="3">
              <param name="X" type="float"/>
              <param name="Y" type="float"/>
              <param name="Z" type="float"/>
            </accessor>
          </technique_common>
        </source>
        <source id="wheels_spin-Normal0">
          <float_array id="wheels_spin-Normal0-array" count="11484">
0.000000 -0.195299 -0.980744
0.000000 -0.000001 -1.000000
0.000000 -0.195299 -0.980744
-0.873101 -0.000000 -0.487540
-0.952003 -0.059705 -0.300209
-0.954524 -0.000000 -0.298135
-0.873011 -0.186573 -0.450601
-0.952002 -0.170115 -0.254468
-0.954440 -0.114192 -0.275689
-0.872982 -0.345018 -0.344769
-0.952001 -0.254490 -0.170089
-0.954403 -0.211167 -0.211008
-0.872936 -0.450647 -0.186816
-0.952038 -0.300090 -0.059752
-0.954317 -0.276037 -0.114382
-0.873083 -0.487572 -0.000016
-0.952036 -0.300096 0.059743
-0.954387 -0.298572 -0.000011
-0.872935 -0.450648 0.186817
-0.952005 -0.254476 0.170081
-0.954318 -0.276032 0.114384
-0.872982 -0.345018 0.344767
-0.952002 -0.170079 0.254489
-0.954405 -0.211166 0.210997
-0.873065 -0.186540 0.450511
-0.951982 -0.059665 0.300284
-0.954490 -0.114101 0.275553
-0.872938 0.000000 0.487832
-0.951981 0.059635 0.300292
-0.954433 -0.000000 0.298424
-0.873010 0.186573 0.450604
-0.952016 0.170043 0.254463
-0.954440 0.114192 0.275690
-0.873143 0.344766 0.344612
-0.952085 0.254261 0.169958
-0.954469 0.211016 0.210859
-0.873139 0.450359 0.186559
-0.952056 0.300051 0.059650
-0.954400 0.275787 0.114288
-0.873080 0.487577 -0.000016
-0.952057 0.300046 -0.059660
-0.954386 0.298575 -0.000011
-0.873139 0.450359 -0.186559
-0.952080 0.254275 -0.169966
-0.954399 0.275793 -0.114286
-0.873143 0.344767 -0.344612
-0.952016 0.170043 -0.254462
-0.954466 0.211018 -0.210869
-0.873011 0.186572 -0.450603
-0.952003 0.059705 -0.300209
-0.954440 0.114192 -0.275690
-0.873011 -0.186573 -0.450601
-0.952003 -0.059705 -0.300209
-0.874460 -0.094740 -0.475757
-0.872982 -0.345018 -0.344769
-0.952002 -0.170115 -0.254468
-0.874567 -0.269513 -0.403107
-0.872936 -0.450647 -0.186816
-0.952001 -0.254490 -0.170089
-0.874566 -0.403194 -0.269385
-0.873083 -0.487572 -0.000016
-0.952038 -0.300090 -0.059752
-0.874735 -0.475258 -0.094697
-0.872935 -0.450648 0.186817
-0.952036 -0.300096 0.059743
-0.874735 -0.475262 0.094684
-0.872982 -0.345018 0.344767
-0.952005 -0.254476 0.170081
-0.874566 -0.403195 0.269384
-0.873065 -0.186540 0.450511
-0.952002 -0.170079 0.254489
-0.874567 -0.269513 0.403108
-0.872938 0.000000 0.487832
-0.951982 -0.059665 0.300284
-0.874460 -0.094510 0.475803
-0.873010 0.186573 0.450604
-0.951981 0.059635 0.300292
-0.874459 0.094511 0.475803
-0.873143 0.344766 0.344612
-0.952016 0.170043 0.254463
-0.874566 0.269383 0.403196
-0.873139 0.450359 0.186559
-0.952085 0.254261 0.169958
-0.874799 0.402860 0.269127
-0.873080 0.487577 -0.000016
-0.952056 0.300051 0.059650
-0.874733 0.475308 0.094467
-0.873139 0.450359 -0.186559
-0.952057 0.300046 -0.059660
-0.874733 0.475306 -0.094480
-0.873143 0.344767 -0.344612
-0.952080 0.254275 -0.169966
-0.874800 0.402859 -0.269128
-0.873011 0.186572 -0.450603
-0.952016 0.170043 -0.254462
-0.874567 0.269383 -0.403193
-0.873101 -0.000000 -0.487540
-0.952003 0.059705 -0.300209
-0.874460 0.094740 -0.475757
-0.954399 0.275793 -0.114286
-0.975279 -0.216747 0.043029
-0.952057 0.300046 -0.059660
-0.954386 0.298575 -0.000011
-0.975282 -0.216734 -0.043016
-0.952056 0.300051 0.059650
-0.954469 0.211016 0.210859
-0.975214 -0.122891 -0.184000
-0.952016 0.170043 0.254463
-0.975159 0.043313 -0.217229
-0.954433 -0.000000 0.298424
-0.971248 0.000000 -0.238069
-0.954440 0.114192 0.275690
-0.975158 -0.043317 -0.217233
-0.951981 0.059635 0.300292
-0.954387 -0.298572 -0.000011
-0.975279 0.216748 0.043030
-0.952038 -0.300090 -0.059752
-0.975215 0.122892 -0.183991
-0.954490 -0.114101 0.275553
-0.971230 0.091238 -0.219971
-0.954405 -0.211166 0.210997
-0.975216 0.183992 -0.122886
-0.952005 -0.254476 0.170081
-0.975282 0.216734 -0.043017
-0.954318 -0.276032 0.114384
-0.971245 0.219948 -0.091142
-0.954403 -0.211167 -0.211008
-0.975142 0.123082 0.184253
-0.952002 -0.170115 -0.254468
-0.954524 -0.000000 -0.298135
-0.975159 0.043317 0.217232
-0.971248 0.000000 0.238070
-0.954403 -0.211167 -0.211008
-0.975260 0.183807 0.122811
-0.971229 0.168340 0.168449
-0.954317 -0.276037 -0.114382
-0.975279 0.216748 0.043030
-0.971200 0.220153 0.091121
-0.954490 -0.114101 0.275553
-0.975159 0.043313 -0.217229
-0.971230 0.091238 -0.219971
-0.954405 -0.211166 0.210997
-0.975215 0.122892 -0.183991
-0.971273 0.168270 -0.168266
-0.954440 0.114192 0.275690
-0.975214 -0.122891 -0.184000
-0.971228 -0.091244 -0.219981
-0.954433 -0.000000 0.298424
-0.975158 -0.043317 -0.217233
-0.971248 0.000000 -0.238069
-0.954469 0.211016 0.210859
-0.975217 -0.183988 -0.122883
-0.971230 -0.168393 -0.168394
-0.954400 0.275787 0.114288
-0.975282 -0.216734 -0.043016
-0.971245 -0.219948 -0.091142
-0.954399 0.275793 -0.114286
-0.975260 -0.183808 0.122811
-0.971200 -0.220155 0.091120
-0.954386 0.298575 -0.000011
-0.975279 -0.216747 0.043029
-0.971123 -0.238578 0.000011
-0.954440 0.114192 -0.275690
-0.975141 -0.123084 0.184255
-0.952016 0.170043 -0.254462
-0.954466 0.211018 -0.210869
-0.975141 -0.123084 0.184255
-0.971186 -0.168463 0.168578
-0.954440 0.114192 -0.275690
-0.975158 -0.043317 0.217232
-0.971153 -0.091292 0.220290
-0.954400 0.275787 0.114288
-0.975217 -0.183988 -0.122883
-0.952085 0.254261 0.169958
0.952003 -0.059706 -0.300209
0.873101 -0.000000 -0.487540
0.954523 -0.000000 -0.298136
0.999033 -0.008585 -0.043131
0.954523 -0.000000 -0.298136
0.999104 0.000000 -0.042315
0.952001 -0.170116 -0.254468
0.873011 -0.186573 -0.450603
0.954440 -0.114192 -0.275690
0.952000 -0.254490 -0.170089
0.872982 -0.345017 -0.344769
0.954403 -0.211165 -0.211007
0.952037 -0.300091 -0.059753
0.872934 -0.450651 -0.186817
0.954316 -0.276040 -0.114382
0.952036 -0.300096 0.059743
0.873081 -0.487575 -0.000016
0.954386 -0.298574 -0.000011
0.952005 -0.254476 0.170082
0.872933 -0.450651 0.186818
0.954317 -0.276035 0.114384
0.952002 -0.170080 0.254490
0.872982 -0.345019 0.344768
0.954405 -0.211165 0.210997
0.951982 -0.059666 0.300284
0.873064 -0.186540 0.450512
0.954490 -0.114100 0.275553
0.951981 0.059635 0.300292
0.872937 0.000000 0.487833
0.954433 0.000000 0.298426
0.952016 0.170043 0.254464
0.873010 0.186573 0.450605
0.954439 0.114193 0.275691
0.952085 0.254260 0.169959
0.873143 0.344766 0.344613
0.954468 0.211017 0.210860
0.952057 0.300048 0.059650
0.873141 0.450355 0.186559
0.954401 0.275783 0.114286
0.952058 0.300043 -0.059661
0.873082 0.487572 -0.000016
0.954387 0.298572 -0.000011
0.952080 0.254274 -0.169966
0.873141 0.450355 -0.186559
0.954400 0.275789 -0.114285
0.952016 0.170044 -0.254463
0.873142 0.344767 -0.344613
0.954466 0.211019 -0.210870
0.952003 0.059706 -0.300209
0.873010 0.186573 -0.450604
0.954439 0.114193 -0.275691
0.952003 -0.059706 -0.300209
0.873011 -0.186573 -0.450603
0.874459 -0.094740 -0.475758
0.952001 -0.170116 -0.254468
0.872982 -0.345017 -0.344769
0.874566 -0.269513 -0.403110
0.000000 -0.195299 -0.980744
0.000000 -0.382478 -0.923964
0.000000 -0.382479 -0.923964
0.952000 -0.254490 -0.170089
0.872934 -0.450651 -0.186817
0.874565 -0.403197 -0.269386
-0.000001 -0.555817 -0.831305
-0.000001 -0.707350 -0.706864
0.000000 -0.555818 -0.831304
0.952037 -0.300091 -0.059753
0.873081 -0.487575 -0.000016
0.874734 -0.475261 -0.094698
-0.000001 -0.831496 -0.555531
-0.000001 -0.923712 -0.383088
-0.000002 -0.831495 -0.555532
0.952036 -0.300096 0.059743
0.872933 -0.450651 0.186818
0.874735 -0.475261 0.094684
0.000001 -0.980716 -0.195437
0.000000 -1.000000 -0.000030
0.000001 -0.980716 -0.195437
0.952005 -0.254476 0.170082
0.872982 -0.345019 0.344768
0.874565 -0.403198 0.269385
-0.000001 -0.980722 0.195408
-0.000000 -0.923711 0.383089
-0.000002 -0.980722 0.195407
0.952002 -0.170080 0.254490
0.873064 -0.186540 0.450512
0.874565 -0.269514 0.403110
-0.000001 -0.831497 0.555529
-0.000000 -0.707351 0.706862
-0.000001 -0.831497 0.555530
0.951982 -0.059666 0.300284
0.872937 0.000000 0.487833
0.874459 -0.094510 0.475804
-0.000001 -0.555817 0.831304
-0.000000 -0.382478 0.923965
-0.000001 -0.555817 0.831305
0.951981 0.059635 0.300292
0.873010 0.186573 0.450605
0.874459 0.094511 0.475804
0.000000 -0.194790 0.980845
0.000000 0.000000 1.000000
0.000000 -0.194790 0.980845
0.952016 0.170043 0.254464
0.873143 0.344766 0.344613
0.874566 0.269383 0.403197
0.000000 0.194792 0.980845
0.000000 0.382478 0.923965
0.000000 0.194792 0.980845
0.952085 0.254260 0.169959
0.873141 0.450355 0.186559
0.874799 0.402859 0.269131
0.000000 0.555528 0.831498
0.000000 0.707109 0.707105
0.000000 0.555528 0.831498
0.952057 0.300048 0.059650
0.873082 0.487572 -0.000016
0.874736 0.475303 0.094466
0.000000 0.831498 0.555528
0.000000 0.923899 0.382635
0.000000 0.831497 0.555529
0.952058 0.300043 -0.059661
0.873141 0.450355 -0.186559
0.874736 0.475301 -0.094479
0.000000 0.980818 0.194926
0.000000 1.000000 -0.000031
0.000000 0.980818 0.194926
0.952080 0.254274 -0.169966
0.873142 0.344767 -0.344613
0.874799 0.402858 -0.269132
0.000000 0.980812 -0.194956
0.000000 0.923900 -0.382635
0.000000 0.980812 -0.194956
0.952016 0.170044 -0.254463
0.873010 0.186573 -0.450604
0.874567 0.269384 -0.403194
0.000000 0.831496 -0.555531
0.000000 0.707110 -0.707103
0.000000 0.831496 -0.555531
0.952003 0.059706 -0.300209
0.873101 -0.000000 -0.487540
0.874459 0.094741 -0.475757
0.000000 0.555531 -0.831496
0.000000 0.382477 -0.923965
0.000000 0.555531 -0.831496
0.000000 -0.555818 -0.831304
0.000000 -0.382478 -0.923964
-0.000001 -0.555817 -0.831305
-0.000002 -0.831495 -0.555532
-0.000002 -0.707349 -0.706864
-0.000001 -0.831496 -0.555531
0.000001 -0.980716 -0.195437
0.000000 -0.923713 -0.383086
0.000001 -0.980716 -0.195437
-0.000002 -0.980722 0.195407
-0.000001 -1.000000 -0.000032
-0.000001 -0.980722 0.195408
-0.000001 -0.831497 0.555530
-0.000000 -0.923711 0.383090
-0.000001 -0.831497 0.555529
-0.000001 -0.555817 0.831305
-0.000000 -0.707351 0.706862
-0.000001 -0.555817 0.831304
0.000000 -0.194790 0.980845
0.000000 -0.382478 0.923965
0.000000 -0.194790 0.980845
0.000000 0.194792 0.980845
0.000000 0.000000 1.000000
0.000000 0.194792 0.980845
0.000000 0.555528 0.831498
0.000000 0.382478 0.923965
0.000000 0.555528 0.831498
0.000000 0.831497 0.555529
0.000000 0.707109 0.707105
0.000000 0.831498 0.555528
0.000000 0.980818 0.194926
0.000000 0.923900 0.382635
0.000000 0.980818 0.194926
0.000000 0.980812 -0.194956
0.000000 1.000000 -0.000031
0.000000 0.980812 -0.194956
0.000000 0.831496 -0.555531
0.000000 0.923900 -0.382635
0.000000 0.831496 -0.555531
0.000000 0.555531 -0.831496
0.000000 0.707110 -0.707103
0.000000 0.555531 -0.831496
0.000000 0.195300 -0.980744
0.000000 0.382477 -0.923965
0.000000 0.195300 -0.980744
0.000000 0.195300 -0.980744
0.000000 -0.000001 -1.000000
0.000000 0.195300 -0.980744
0.999033 0.024427 -0.036558
0.954439 0.114193 -0.275691
0.952016 0.170044 -0.254463
0.999031 0.036580 -0.024453
0.954466 0.211019 -0.210870
0.952080 0.254274 -0.169966
0.999032 0.043145 -0.008570
0.954400 0.275789 -0.114285
0.952058 0.300043 -0.059661
0.999032 0.043146 0.008569
0.954387 0.298572 -0.000011
0.952057 0.300048 0.059650
0.999033 0.036564 0.024433
0.954401 0.275783 0.114286
0.952085 0.254260 0.169959
0.999033 0.024427 0.036558
0.954468 0.211017 0.210860
0.952016 0.170043 0.254464
0.999033 0.008585 0.043131
0.954439 0.114193 0.275691
0.951981 0.059635 0.300292
0.999032 -0.008591 0.043134
0.954433 0.000000 0.298426
0.951982 -0.059666 0.300284
0.999033 -0.024425 0.036566
0.954490 -0.114100 0.275553
0.952002 -0.170080 0.254490
0.999033 -0.036564 0.024434
0.954405 -0.211165 0.210997
0.952005 -0.254476 0.170082
0.999032 -0.043146 0.008568
0.954317 -0.276035 0.114384
0.952036 -0.300096 0.059743
0.999032 -0.043145 -0.008570
0.954386 -0.298574 -0.000011
0.952037 -0.300091 -0.059753
0.999031 -0.036580 -0.024453
0.954316 -0.276040 -0.114382
0.952000 -0.254490 -0.170089
0.999033 -0.024427 -0.036558
0.954403 -0.211165 -0.211007
0.952001 -0.170116 -0.254468
0.999033 -0.008585 -0.043131
0.954440 -0.114192 -0.275690
0.952003 -0.059706 -0.300209
0.999033 -0.024427 -0.036558
0.954440 -0.114192 -0.275690
0.999106 -0.016187 -0.039060
0.999031 -0.036580 -0.024453
0.954403 -0.211165 -0.211007
0.999105 -0.029894 -0.029919
0.999032 -0.043145 -0.008570
0.954316 -0.276040 -0.114382
0.999106 -0.039060 -0.016173
0.999032 -0.043146 0.008568
0.954386 -0.298574 -0.000011
0.999107 -0.042250 -0.000002
0.999033 -0.036564 0.024434
0.954317 -0.276035 0.114384
0.999106 -0.039062 0.016190
0.999033 -0.024425 0.036566
0.954405 -0.211165 0.210997
0.999105 -0.029918 0.029913
0.999032 -0.008591 0.043134
0.954490 -0.114100 0.275553
0.999105 -0.016192 0.039069
0.999033 0.008585 0.043131
0.954433 0.000000 0.298426
0.999104 0.000000 0.042316
0.999033 0.024427 0.036558
0.954439 0.114193 0.275691
0.999106 0.016187 0.039060
0.999033 0.036564 0.024433
0.954468 0.211017 0.210860
0.999105 0.029919 0.029913
0.999032 0.043146 0.008569
0.954401 0.275783 0.114286
0.999106 0.039062 0.016190
0.999032 0.043145 -0.008570
0.954387 0.298572 -0.000011
0.999107 0.042250 -0.000002
0.999031 0.036580 -0.024453
0.954400 0.275789 -0.114285
0.999106 0.039060 -0.016174
0.999033 0.024427 -0.036558
0.954466 0.211019 -0.210870
0.999105 0.029894 -0.029919
0.999033 0.008585 -0.043131
0.954439 0.114193 -0.275691
0.999106 0.016187 -0.039060
0.999033 0.008585 -0.043131
0.954523 -0.000000 -0.298136
0.952003 0.059706 -0.300209
0.048094 -0.922786 -0.382300
0.048709 -0.830836 -0.554381
0.048204 -0.922758 -0.382352
0.048735 0.000000 -0.998812
0.049211 0.195282 -0.979512
0.048303 -0.000000 -0.998833
0.049318 0.382266 0.922735
0.049359 0.194510 0.979658
0.049443 0.382349 0.922694
0.049359 0.194510 0.979658
0.048576 0.000001 0.998820
0.048146 -0.000000 0.998840
0.049372 0.555377 0.830132
0.049318 0.382266 0.922735
0.049443 0.382349 0.922694
0.048284 0.706130 0.706434
0.048648 0.830173 0.555380
0.048565 0.830045 0.555578
0.048135 0.922785 -0.382296
0.048698 0.979572 -0.195109
0.048263 0.922755 -0.382352
0.048840 -0.998807 0.000059
0.048741 -0.979609 0.194913
0.048186 -0.979622 0.194984
0.048423 0.922891 0.382005
0.048648 0.830173 0.555380
0.048775 0.922889 0.381966
0.048866 -0.706177 0.706347
0.049569 -0.554919 0.830427
0.049569 -0.554907 0.830434
0.048761 0.979607 0.194916
0.048423 0.922891 0.382005
0.048775 0.922889 0.381966
0.048860 0.998806 0.000060
0.048698 0.979572 -0.195109
0.048243 0.979561 -0.195276
0.048385 0.382944 -0.922503
0.048506 0.554833 -0.830547
0.048210 0.382778 -0.922582
0.048126 0.706216 -0.706359
0.048506 0.554833 -0.830547
0.048473 0.554913 -0.830495
0.048373 -0.382945 -0.922504
0.049203 -0.195285 -0.979511
0.048198 -0.382781 -0.922581
-0.999666 0.008501 -0.024392
-0.999666 0.008501 -0.024392
-0.999666 0.008501 -0.024392
-0.999666 -0.019356 -0.017125
-0.999666 -0.019356 -0.017125
-0.999666 -0.019356 -0.017125
-0.999666 0.017160 -0.019326
-0.999666 0.017160 -0.019326
-0.999666 0.017160 -0.019326
-0.999666 -0.008457 0.024425
-0.999666 -0.008457 0.024425
-0.999666 -0.008457 0.024425
-0.999666 0.019295 0.017190
-0.999666 0.019295 0.017190
-0.999666 0.019295 0.017190
-0.999666 -0.025790 -0.001556
-0.999666 -0.025790 -0.001556
-0.999666 -0.025790 -0.001556
-0.999666 0.024410 -0.008448
-0.999666 0.024410 -0.008448
-0.999666 0.024410 -0.008448
-0.999666 -0.024432 0.008440
-0.999666 -0.024432 0.008440
-0.999666 -0.024432 0.008440
-0.999666 0.023243 -0.011286
-0.999666 0.023243 -0.011286
-0.999666 0.023243 -0.011286
-0.999666 -0.025793 0.001567
-0.999666 -0.025793 0.001567
-0.999666 -0.025793 0.001567
-0.999666 -0.017130 -0.019349
-0.999666 -0.017130 -0.019349
-0.999666 -0.017130 -0.019349
-0.999666 -0.019325 0.017157
-0.999666 -0.019325 0.017157
-0.999666 -0.019325 0.017157
0.000000 0.664315 0.747453
0.000000 0.664315 0.747453
0.000000 0.664315 0.747453
0.000000 -0.945411 0.325880
0.000000 -0.945411 0.325880
0.000000 -0.945411 0.325880
0.000000 -0.058848 -0.998267
0.000000 -0.058848 -0.998267
0.000000 -0.058848 -0.998267
0.000000 0.327295 -0.944922
0.000000 0.327295 -0.944922
0.000000 0.327295 -0.944922
0.000000 -0.899419 -0.437088
0.000000 -0.899419 -0.437088
0.000000 -0.899419 -0.437088
-0.954440 -0.114192 -0.275689
-0.975142 0.123082 0.184253
-0.971152 0.091292 0.220292
-0.954440 -0.114192 -0.275689
-0.975159 0.043317 0.217232
-0.952003 -0.059705 -0.300209
-0.954317 -0.276037 -0.114382
-0.975260 0.183807 0.122811
-0.952001 -0.254490 -0.170089
0.048576 0.000001 0.998820
0.049350 -0.194515 0.979657
0.048146 -0.000000 0.998840
0.048735 0.000000 -0.998812
0.049203 -0.195285 -0.979511
0.049630 -0.195191 -0.979509
0.048135 0.922785 -0.382296
0.048503 0.830503 -0.554898
0.048495 0.830448 -0.554981
0.048704 -0.706268 -0.706268
0.048709 -0.830836 -0.554381
0.048473 -0.830892 -0.554318
0.048672 -0.979574 -0.195105
0.048094 -0.922786 -0.382300
0.048204 -0.922758 -0.382352
0.048284 0.706130 0.706434
0.049372 0.555377 0.830132
0.047978 0.706089 0.706496
0.048699 -0.554377 -0.830840
0.048373 -0.382945 -0.922504
0.048198 -0.382781 -0.922581
0.048840 -0.998807 0.000059
0.048672 -0.979574 -0.195105
0.049554 -0.998771 0.000048
0.048383 -0.922893 0.382004
0.048741 -0.979609 0.194913
0.048715 -0.922894 0.381959
0.048866 -0.706177 0.706347
0.048853 -0.830506 0.554863
0.049003 -0.706051 0.706463
0.049305 -0.382266 0.922736
0.049569 -0.554919 0.830427
0.049428 -0.382354 0.922693
0.048860 0.998806 0.000060
0.048761 0.979607 0.194916
0.049585 0.998770 0.000046
0.048385 0.382944 -0.922503
0.049211 0.195282 -0.979512
0.049639 0.195197 -0.979507
0.048126 0.706216 -0.706359
0.048503 0.830503 -0.554898
0.048098 0.706286 -0.706291
0.048853 -0.830506 0.554863
0.048383 -0.922893 0.382004
0.048715 -0.922894 0.381959
0.048704 -0.706268 -0.706268
0.048699 -0.554377 -0.830840
0.049116 -0.706253 -0.706254
-0.999666 -0.024419 -0.008447
-0.999666 -0.024419 -0.008447
-0.999666 -0.024419 -0.008447
-0.999666 -0.017162 0.019328
-0.999666 -0.017162 0.019328
-0.999666 -0.017162 0.019328
-0.999666 0.011291 -0.023249
-0.999666 0.011291 -0.023249
-0.999666 0.011291 -0.023249
-0.999666 0.024425 0.008442
-0.999666 0.024425 0.008442
-0.999666 0.024425 0.008442
-0.999666 0.023240 0.011290
-0.999666 0.023240 0.011290
-0.999666 0.023240 0.011290
-0.999666 -0.001505 -0.025786
-0.999666 -0.001505 -0.025786
-0.999666 -0.001505 -0.025786
-0.999666 -0.023246 0.011294
-0.999666 -0.023246 0.011294
-0.999666 -0.023246 0.011294
-0.999666 -0.011288 0.023250
-0.999666 -0.011288 0.023250
-0.999666 -0.011288 0.023250
-0.999666 0.025782 -0.001551
-0.999666 0.025782 -0.001551
-0.999666 0.025782 -0.001551
-0.999666 0.001500 -0.025785
-0.999666 0.001500 -0.025785
-0.999666 0.001500 -0.025785
-0.999666 0.011286 0.023249
-0.999666 0.011286 0.023249
-0.999666 0.011286 0.023249
-0.999666 0.008456 0.024423
-0.999666 0.008456 0.024423
-0.999666 0.008456 0.024423
-0.999666 0.025787 0.001566
-0.999666 0.025787 0.001566
-0.999666 0.025787 0.001566
-0.999666 -0.011294 -0.023251
-0.999666 -0.011294 -0.023251
-0.999666 -0.011294 -0.023251
-0.999666 -0.023256 -0.011287
-0.999666 -0.023256 -0.011287
-0.999666 -0.023256 -0.011287
0.000000 -0.437012 -0.899456
0.000000 -0.437012 -0.899456
0.000000 -0.437012 -0.899456
0.000000 0.327309 0.944918
0.000000 0.327309 0.944917
0.000000 0.327309 0.944918
0.000000 0.899900 0.436096
0.000000 0.899900 0.436096
0.000000 0.899900 0.436096
0.000000 0.747355 0.664425
0.000000 0.747355 0.664425
0.000000 0.747355 0.664425
0.000000 -0.945049 -0.326930
0.000000 -0.945049 -0.326930
0.000000 -0.945049 -0.326930
0.000000 0.664318 -0.747450
0.000000 0.664318 -0.747450
0.000000 0.664318 -0.747450
0.000000 -0.998208 0.059844
0.000000 -0.998208 0.059844
0.000000 -0.998208 0.059844
0.000000 -0.664328 0.747442
0.000000 -0.664328 0.747442
0.000000 -0.664328 0.747441
-0.954466 0.211018 -0.210869
-0.975260 -0.183808 0.122811
-0.952080 0.254275 -0.169966
-0.954318 -0.276032 0.114384
-0.975216 0.183992 -0.122886
-0.971245 0.219948 -0.091142
-0.954524 -0.000000 -0.298135
-0.975158 -0.043317 0.217232
-0.952003 0.059705 -0.300209
-0.971248 0.000000 0.238070
-0.834656 -0.107578 0.540163
-0.975158 -0.043317 0.217232
-0.971153 -0.091292 0.220290
-0.834580 -0.305977 0.458098
-0.975141 -0.123084 0.184255
-0.971186 -0.168463 0.168578
-0.834885 -0.457634 0.305838
-0.975260 -0.183808 0.122811
-0.971200 -0.220155 0.091120
-0.834933 -0.539819 0.107156
-0.975279 -0.216747 0.043029
-0.971123 -0.238578 0.000011
-0.834966 -0.539771 -0.107143
-0.975282 -0.216734 -0.043016
-0.971245 -0.219948 -0.091142
-0.834909 -0.457694 -0.305685
-0.975217 -0.183988 -0.122883
-0.971230 -0.168393 -0.168394
-0.834907 -0.305686 -0.457697
-0.975214 -0.122891 -0.184000
-0.971228 -0.091244 -0.219981
-0.834735 -0.107637 -0.540030
-0.975158 -0.043317 -0.217233
-0.971248 0.000000 -0.238069
-0.834736 0.107637 -0.540028
-0.975159 0.043313 -0.217229
-0.971230 0.091238 -0.219971
-0.834962 0.305689 -0.457594
-0.975215 0.122892 -0.183991
-0.971273 0.168270 -0.168266
-0.834967 0.457585 -0.305690
-0.975216 0.183992 -0.122886
-0.971245 0.219948 -0.091142
-0.834965 0.539771 -0.107148
-0.975282 0.216734 -0.043017
-0.971123 0.238579 0.000011
-0.834932 0.539820 0.107160
-0.975279 0.216748 0.043030
-0.971200 0.220153 0.091121
-0.834947 0.457520 0.305839
-0.975260 0.183807 0.122811
-0.971229 0.168340 0.168449
-0.834635 0.305980 0.457996
-0.975142 0.123082 0.184253
-0.971152 0.091292 0.220292
-0.834656 0.107578 0.540163
-0.975159 0.043317 0.217232
-0.971153 -0.091292 0.220290
-0.834656 -0.107578 0.540163
-0.832551 -0.212037 0.511761
-0.971186 -0.168463 0.168578
-0.834580 -0.305977 0.458098
-0.832702 -0.391425 0.391655
-0.971200 -0.220155 0.091120
-0.834885 -0.457634 0.305838
-0.832806 -0.511473 0.211732
-0.971123 -0.238578 0.000011
-0.834933 -0.539819 0.107156
-0.832511 -0.554008 0.000029
-0.971245 -0.219948 -0.091142
-0.834966 -0.539771 -0.107143
-0.832988 -0.511151 -0.211792
-0.971230 -0.168393 -0.168394
-0.834909 -0.457694 -0.305685
-0.832703 -0.391539 -0.391538
-0.971228 -0.091244 -0.219981
-0.834907 -0.305686 -0.457697
-0.832990 -0.212037 -0.511046
-0.971248 0.000000 -0.238069
-0.834735 -0.107637 -0.540030
-0.832987 -0.000001 -0.553292
-0.971230 0.091238 -0.219971
-0.834736 0.107637 -0.540028
-0.832990 0.212036 -0.511047
-0.971273 0.168270 -0.168266
-0.834962 0.305689 -0.457594
-0.833034 0.391153 -0.391221
-0.971245 0.219948 -0.091142
-0.834967 0.457585 -0.305690
-0.832991 0.511146 -0.211791
-0.971123 0.238579 0.000011
-0.834965 0.539771 -0.107148
-0.832510 0.554010 0.000028
-0.971200 0.220153 0.091121
-0.834932 0.539820 0.107160
-0.832809 0.511466 0.211734
-0.971229 0.168340 0.168449
-0.834947 0.457520 0.305839
-0.833032 0.391043 0.391335
-0.971152 0.091292 0.220292
-0.834635 0.305980 0.457996
-0.832548 0.212037 0.511765
-0.971248 0.000000 0.238070
-0.834656 0.107578 0.540163
-0.832987 -0.000001 0.553293
-0.999666 0.019323 -0.017156
-0.999666 0.019323 -0.017156
-0.999666 0.019323 -0.017156
0.049350 -0.194515 0.979657
0.049305 -0.382266 0.922736
0.049428 -0.382354 0.922693
-1.000000 0.000000 0.000000
-1.000000 0.000000 0.000000
-1.000000 0.000000 0.000000
0.000000 -0.899419 0.437088
0.000000 -0.899419 0.437088
0.000000 -0.899419 0.437088
0.000000 0.998207 0.059855
0.000000 0.998207 0.059855
0.000000 0.998207 0.059855
0.000000 0.899425 -0.437075
0.000000 0.899425 -0.437075
0.000000 0.899425 -0.437075
0.000000 -0.058840 0.998267
0.000000 -0.058840 0.998267
0.000000 -0.058840 0.998267
0.000000 0.437022 0.899451
0.000000 0.437022 0.899451
0.000000 0.437022 0.899451
0.000000 0.945054 -0.326914
0.000000 0.945054 -0.326914
0.000000 0.945054 -0.326914
0.000000 0.058848 -0.998267
0.000000 0.058848 -0.998267
0.000000 0.058848 -0.998267
0.000000 -0.327305 0.944919
0.000000 -0.327305 0.944919
0.000000 -0.327305 0.944919
0.000000 -0.437017 0.899453
0.000000 -0.437017 0.899453
0.000000 -0.437017 0.899453
0.000000 -0.998208 -0.059844
0.000000 -0.998208 -0.059844
0.000000 -0.998208 -0.059844
0.000000 -0.747964 -0.663739
0.000000 -0.747964 -0.663739
0.000000 -0.747964 -0.663739
0.000000 -0.747965 0.663738
0.000000 -0.747965 0.663738
0.000000 -0.747965 0.663738
0.000000 0.998207 -0.059855
0.000000 0.998207 -0.059855
0.000000 0.998207 -0.059855
0.000000 0.747955 -0.663749
0.000000 0.747955 -0.663749
0.000000 0.747955 -0.663749
0.000000 -0.327301 -0.944920
0.000000 -0.327301 -0.944920
0.000000 -0.327301 -0.944920
0.000000 -0.664331 -0.747438
0.000000 -0.664331 -0.747438
0.000000 -0.664331 -0.747438
0.000000 0.945417 0.325864
0.000000 0.945417 0.325864
0.000000 0.945417 0.325864
0.000000 0.437026 -0.899449
0.000000 0.437026 -0.899449
0.000000 0.437026 -0.899449
0.000000 0.058844 0.998267
0.000000 0.058844 0.998267
0.000000 0.058844 0.998267
-0.999666 -0.008504 -0.024394
-0.999666 -0.008504 -0.024394
-0.999666 -0.008504 -0.024394
-0.999666 0.017187 0.019308
-0.999666 0.017187 0.019308
-0.999666 0.017187 0.019308
-0.999666 -0.001505 0.025808
-0.999666 -0.001505 0.025808
-0.999666 -0.001505 0.025808
-0.999666 0.001502 0.025807
-0.999666 0.001502 0.025807
-0.999666 0.001502 0.025807
-0.954387 -0.298572 -0.000011
-0.975282 0.216734 -0.043017
-0.971123 0.238579 0.000011
0.000000 -0.000001 -1.000000
0.000000 -0.195299 -0.980744
0.000000 -0.195299 -0.980744
0.952003 -0.059705 -0.300209
0.873101 -0.000001 -0.487539
0.954524 -0.000000 -0.298135
0.952002 -0.170115 -0.254468
0.873011 -0.186572 -0.450602
0.954440 -0.114191 -0.275689
0.952001 -0.254489 -0.170087
0.872982 -0.345017 -0.344768
0.954403 -0.211166 -0.211007
0.952037 -0.300092 -0.059753
0.872935 -0.450650 -0.186816
0.954316 -0.276040 -0.114382
0.952036 -0.300097 0.059743
0.873081 -0.487575 -0.000016
0.954386 -0.298574 -0.000011
0.952006 -0.254475 0.170080
0.872935 -0.450649 0.186817
0.954317 -0.276034 0.114384
0.952002 -0.170079 0.254490
0.872982 -0.345018 0.344767
0.954405 -0.211166 0.210998
0.951982 -0.059666 0.300283
0.873065 -0.186539 0.450511
0.954491 -0.114100 0.275551
0.951981 0.059635 0.300291
0.872938 0.000000 0.487831
0.954433 0.000000 0.298424
0.952016 0.170044 0.254463
0.873011 0.186573 0.450602
0.954440 0.114192 0.275689
0.952085 0.254261 0.169959
0.873143 0.344765 0.344612
0.954469 0.211016 0.210859
0.952057 0.300049 0.059651
0.873141 0.450356 0.186558
0.954401 0.275784 0.114286
0.952058 0.300043 -0.059661
0.873082 0.487573 -0.000016
0.954387 0.298573 -0.000011
0.952080 0.254274 -0.169965
0.873141 0.450356 -0.186558
0.954400 0.275790 -0.114284
0.952016 0.170044 -0.254462
0.873143 0.344766 -0.344612
0.954466 0.211017 -0.210869
0.952003 0.059705 -0.300209
0.873011 0.186573 -0.450602
0.954440 0.114193 -0.275689
0.952003 -0.059705 -0.300209
0.873011 -0.186572 -0.450602
0.874460 -0.094740 -0.475757
0.952002 -0.170115 -0.254468
0.872982 -0.345017 -0.344768
0.874567 -0.269512 -0.403108
0.952001 -0.254489 -0.170087
0.872935 -0.450650 -0.186816
0.874566 -0.403195 -0.269383
0.952037 -0.300092 -0.059753
0.873081 -0.487575 -0.000016
0.874734 -0.475261 -0.094698
0.952036 -0.300097 0.059743
0.872935 -0.450649 0.186817
0.874735 -0.475262 0.094683
0.952006 -0.254475 0.170080
0.872982 -0.345018 0.344767
0.874566 -0.403195 0.269383
0.952002 -0.170079 0.254490
0.873065 -0.186539 0.450511
0.874567 -0.269513 0.403108
0.951982 -0.059666 0.300283
0.872938 0.000000 0.487831
0.874459 -0.094511 0.475803
0.951981 0.059635 0.300291
0.873011 0.186573 0.450602
0.874460 0.094511 0.475803
0.952016 0.170044 0.254463
0.873143 0.344765 0.344612
0.874566 0.269383 0.403195
0.952085 0.254261 0.169959
0.873141 0.450356 0.186558
0.874799 0.402859 0.269130
0.952057 0.300049 0.059651
0.873082 0.487573 -0.000016
0.874735 0.475305 0.094466
0.952058 0.300043 -0.059661
0.873141 0.450356 -0.186558
0.874735 0.475302 -0.094480
0.952080 0.254274 -0.169965
0.873143 0.344766 -0.344612
0.874799 0.402859 -0.269130
0.952016 0.170044 -0.254462
0.873011 0.186573 -0.450602
0.874568 0.269383 -0.403192
0.952003 0.059705 -0.300209
0.873101 -0.000001 -0.487539
0.874460 0.094740 -0.475757
0.954400 0.275790 -0.114284
0.975280 -0.216743 0.043030
0.971198 -0.220160 0.091123
0.954387 0.298573 -0.000011
0.975282 -0.216736 -0.043018
0.971123 -0.238578 0.000013
0.954469 0.211016 0.210859
0.975215 -0.122888 -0.183996
0.971230 -0.168391 -0.168394
0.954433 0.000000 0.298424
0.975159 0.043313 -0.217231
0.971248 0.000000 -0.238069
0.954440 0.114192 0.275689
0.975158 -0.043317 -0.217234
0.971227 -0.091244 -0.219981
0.954386 -0.298574 -0.000011
0.975280 0.216741 0.043029
0.971124 0.238574 0.000013
0.954491 -0.114100 0.275551
0.975216 0.122890 -0.183989
0.971231 0.091238 -0.219970
0.954405 -0.211166 0.210998
0.975217 0.183988 -0.122882
0.971274 0.168267 -0.168262
0.954317 -0.276034 0.114384
0.975283 0.216733 -0.043017
0.971245 0.219946 -0.091143
0.954403 -0.211166 -0.211007
0.975142 0.123081 0.184251
0.971231 0.168337 0.168446
0.954524 -0.000000 -0.298135
0.975159 0.043317 0.217230
0.952003 -0.059705 -0.300209
0.975261 0.183804 0.122808
0.954403 -0.211166 -0.211007
0.971231 0.168337 0.168446
0.975280 0.216741 0.043029
0.954316 -0.276040 -0.114382
0.971201 0.220151 0.091120
0.975159 0.043313 -0.217231
0.954491 -0.114100 0.275551
0.971231 0.091238 -0.219970
0.975216 0.122890 -0.183989
0.954405 -0.211166 0.210998
0.971274 0.168267 -0.168262
0.975215 -0.122888 -0.183996
0.954440 0.114192 0.275689
0.971227 -0.091244 -0.219981
0.975158 -0.043317 -0.217234
0.954433 0.000000 0.298424
0.971248 0.000000 -0.238069
0.975218 -0.183987 -0.122880
0.954469 0.211016 0.210859
0.971230 -0.168391 -0.168394
0.975282 -0.216736 -0.043018
0.954401 0.275784 0.114286
0.971243 -0.219954 -0.091146
0.975260 -0.183807 0.122809
0.954400 0.275790 -0.114284
0.971198 -0.220160 0.091123
0.975280 -0.216743 0.043030
0.954387 0.298573 -0.000011
0.971123 -0.238578 0.000013
0.954440 0.114193 -0.275689
0.975142 -0.123080 0.184252
0.971153 -0.091292 0.220291
0.975142 -0.123080 0.184252
0.954466 0.211017 -0.210869
0.971186 -0.168461 0.168578
0.975159 -0.043317 0.217232
0.954440 0.114193 -0.275689
0.971153 -0.091292 0.220291
0.954401 0.275784 0.114286
0.975218 -0.183987 -0.122880
0.971243 -0.219954 -0.091146
-0.873101 -0.000001 -0.487540
-0.952003 -0.059706 -0.300209
-0.954523 -0.000001 -0.298136
-0.999032 -0.008586 -0.043130
-0.954523 -0.000001 -0.298136
-0.952003 -0.059706 -0.300209
-0.873011 -0.186573 -0.450603
-0.952001 -0.170116 -0.254468
-0.954440 -0.114192 -0.275690
-0.872982 -0.345018 -0.344768
-0.952001 -0.254489 -0.170088
-0.954403 -0.211167 -0.211007
-0.872933 -0.450651 -0.186817
-0.952037 -0.300092 -0.059753
-0.954316 -0.276040 -0.114383
-0.873080 -0.487576 -0.000016
-0.952036 -0.300098 0.059743
-0.954387 -0.298574 -0.000011
-0.872934 -0.450650 0.186818
-0.952005 -0.254476 0.170082
-0.954317 -0.276034 0.114385
-0.872982 -0.345019 0.344768
-0.952002 -0.170079 0.254490
-0.954405 -0.211167 0.210998
-0.873065 -0.186539 0.450512
-0.951982 -0.059666 0.300284
-0.954490 -0.114100 0.275552
-0.872937 0.000000 0.487832
-0.951981 0.059635 0.300292
-0.954433 0.000000 0.298426
-0.873010 0.186573 0.450603
-0.952016 0.170043 0.254463
-0.954440 0.114192 0.275690
-0.873143 0.344766 0.344613
-0.952084 0.254263 0.169959
-0.954468 0.211016 0.210860
-0.873137 0.450363 0.186559
-0.952055 0.300054 0.059650
-0.954400 0.275788 0.114287
-0.873078 0.487581 -0.000016
-0.952056 0.300049 -0.059661
-0.954386 0.298577 -0.000011
-0.873137 0.450363 -0.186559
-0.952079 0.254277 -0.169966
-0.954399 0.275794 -0.114286
-0.873143 0.344767 -0.344612
-0.952016 0.170043 -0.254462
-0.954466 0.211017 -0.210869
-0.873011 0.186573 -0.450603
-0.952003 0.059706 -0.300210
-0.954440 0.114193 -0.275690
-0.873011 -0.186573 -0.450603
-0.952003 -0.059706 -0.300209
-0.874459 -0.094741 -0.475758
-0.872982 -0.345018 -0.344768
-0.952001 -0.170116 -0.254468
-0.874566 -0.269513 -0.403109
0.000000 -0.382478 -0.923965
0.000000 -0.195299 -0.980744
0.000000 -0.382478 -0.923965
-0.872933 -0.450651 -0.186817
-0.952001 -0.254489 -0.170088
-0.874566 -0.403195 -0.269383
0.000000 -0.707350 -0.706864
0.000000 -0.555817 -0.831305
0.000000 -0.555816 -0.831305
-0.873080 -0.487576 -0.000016
-0.952037 -0.300092 -0.059753
-0.874733 -0.475262 -0.094698
-0.000001 -0.923713 -0.383086
-0.000001 -0.831497 -0.555529
-0.000001 -0.831497 -0.555529
-0.872934 -0.450650 0.186818
-0.952036 -0.300098 0.059743
-0.874734 -0.475264 0.094683
0.000000 -1.000000 -0.000033
0.000000 -0.980716 -0.195439
-0.000000 -0.980716 -0.195438
-0.872982 -0.345019 0.344768
-0.952005 -0.254476 0.170082
-0.874566 -0.403195 0.269384
-0.000000 -0.923712 0.383088
-0.000001 -0.980722 0.195408
-0.000001 -0.980722 0.195408
-0.873065 -0.186539 0.450512
-0.952002 -0.170079 0.254490
-0.874566 -0.269514 0.403109
-0.000001 -0.707352 0.706862
-0.000001 -0.831496 0.555530
-0.000000 -0.831497 0.555530
-0.872937 0.000000 0.487832
-0.951982 -0.059666 0.300284
-0.874459 -0.094511 0.475803
-0.000000 -0.382477 0.923965
-0.000000 -0.555817 0.831304
-0.000000 -0.555817 0.831304
-0.873010 0.186573 0.450603
-0.951981 0.059635 0.300292
-0.874459 0.094511 0.475803
0.000000 0.000001 1.000000
0.000000 -0.194791 0.980845
0.000000 -0.194791 0.980845
-0.873143 0.344766 0.344613
-0.952016 0.170043 0.254463
-0.874565 0.269384 0.403196
0.000000 0.382478 0.923964
0.000000 0.194791 0.980845
0.000000 0.194791 0.980845
-0.873137 0.450363 0.186559
-0.952084 0.254263 0.169959
-0.874798 0.402863 0.269128
0.000000 0.707108 0.707106
0.000000 0.555529 0.831497
0.000000 0.555529 0.831497
-0.873078 0.487581 -0.000016
-0.952055 0.300054 0.059650
-0.874730 0.475313 0.094467
0.000000 0.923900 0.382633
0.000000 0.831497 0.555530
0.000000 0.831497 0.555529
-0.873137 0.450363 -0.186559
-0.952056 0.300049 -0.059661
-0.874730 0.475310 -0.094481
0.000000 1.000000 -0.000031
0.000000 0.980818 0.194926
0.000000 0.980818 0.194926
-0.873143 0.344767 -0.344612
-0.952079 0.254277 -0.169966
-0.874798 0.402862 -0.269129
0.000000 0.923900 -0.382634
0.000000 0.980812 -0.194956
0.000000 0.980812 -0.194956
-0.873011 0.186573 -0.450603
-0.952016 0.170043 -0.254462
-0.874567 0.269384 -0.403194
0.000000 0.707110 -0.707104
0.000000 0.831496 -0.555530
0.000000 0.831496 -0.555530
-0.873101 -0.000001 -0.487540
-0.952003 0.059706 -0.300210
-0.874459 0.094741 -0.475758
0.000000 0.382477 -0.923965
0.000000 0.555531 -0.831496
0.000000 0.555531 -0.831496
0.000000 -0.382478 -0.923965
0.000000 -0.555816 -0.831305
0.000000 -0.555817 -0.831305
-0.000000 -0.707350 -0.706863
-0.000001 -0.831497 -0.555529
-0.000001 -0.831497 -0.555529
-0.000001 -0.923713 -0.383086
-0.000000 -0.980716 -0.195438
0.000000 -0.980716 -0.195439
-0.000000 -1.000000 -0.000033
-0.000001 -0.980722 0.195408
-0.000001 -0.980722 0.195408
-0.000000 -0.923712 0.383088
-0.000000 -0.831497 0.555530
-0.000001 -0.831496 0.555530
-0.000001 -0.707352 0.706862
-0.000000 -0.555817 0.831304
-0.000000 -0.555817 0.831304
0.000000 -0.382477 0.923965
0.000000 -0.194791 0.980845
0.000000 -0.194791 0.980845
0.000000 0.000001 1.000000
0.000000 0.194791 0.980845
0.000000 0.194791 0.980845
0.000000 0.382478 0.923965
0.000000 0.555529 0.831497
0.000000 0.555529 0.831497
0.000000 0.707108 0.707106
0.000000 0.831497 0.555529
0.000000 0.831497 0.555530
0.000000 0.923900 0.382634
0.000000 0.980818 0.194926
0.000000 0.980818 0.194926
0.000000 1.000000 -0.000031
0.000000 0.980812 -0.194956
0.000000 0.980812 -0.194956
0.000000 0.923900 -0.382634
0.000000 0.831496 -0.555530
0.000000 0.831496 -0.555530
0.000000 0.707110 -0.707104
0.000000 0.555531 -0.831496
0.000000 0.555531 -0.831496
0.000000 0.382477 -0.923965
0.000000 0.195299 -0.980744
0.000000 0.195299 -0.980744
0.000000 -0.000001 -1.000000
0.000000 0.195299 -0.980744
0.000000 0.195299 -0.980744
-0.954440 0.114193 -0.275690
-0.999033 0.024427 -0.036557
-0.952016 0.170043 -0.254462
-0.954466 0.211017 -0.210869
-0.999031 0.036580 -0.024453
-0.952079 0.254277 -0.169966
-0.954399 0.275794 -0.114286
-0.999032 0.043145 -0.008570
-0.952056 0.300049 -0.059661
-0.954386 0.298577 -0.000011
-0.999032 0.043147 0.008568
-0.952055 0.300054 0.059650
-0.954400 0.275788 0.114287
-0.999033 0.036564 0.024433
-0.952084 0.254263 0.169959
-0.954468 0.211016 0.210860
-0.999033 0.024427 0.036557
-0.952016 0.170043 0.254463
-0.954440 0.114192 0.275690
-0.999033 0.008586 0.043130
-0.951981 0.059635 0.300292
-0.954433 0.000000 0.298426
-0.999032 -0.008592 0.043134
-0.951982 -0.059666 0.300284
-0.954490 -0.114100 0.275552
-0.999033 -0.024425 0.036566
-0.952002 -0.170079 0.254490
-0.954405 -0.211167 0.210998
-0.999033 -0.036564 0.024433
-0.952005 -0.254476 0.170082
-0.954317 -0.276034 0.114385
-0.999032 -0.043146 0.008568
-0.952036 -0.300098 0.059743
-0.954387 -0.298574 -0.000011
-0.999032 -0.043145 -0.008570
-0.952037 -0.300092 -0.059753
-0.954316 -0.276040 -0.114383
-0.999031 -0.036580 -0.024453
-0.952001 -0.254489 -0.170088
-0.954403 -0.211167 -0.211007
-0.999033 -0.024427 -0.036558
-0.952001 -0.170116 -0.254468
-0.954440 -0.114192 -0.275690
-0.999032 -0.008586 -0.043130
-0.952003 -0.059706 -0.300209
-0.999033 -0.024427 -0.036558
-0.954440 -0.114192 -0.275690
-0.952001 -0.170116 -0.254468
-0.999031 -0.036580 -0.024453
-0.954403 -0.211167 -0.211007
-0.952001 -0.254489 -0.170088
-0.999032 -0.043145 -0.008570
-0.954316 -0.276040 -0.114383
-0.952037 -0.300092 -0.059753
-0.999032 -0.043146 0.008568
-0.954387 -0.298574 -0.000011
-0.952036 -0.300098 0.059743
-0.999033 -0.036564 0.024433
-0.954317 -0.276034 0.114385
-0.952005 -0.254476 0.170082
-0.999033 -0.024425 0.036566
-0.954405 -0.211167 0.210998
-0.952002 -0.170079 0.254490
-0.999032 -0.008592 0.043134
-0.954490 -0.114100 0.275552
-0.951982 -0.059666 0.300284
-0.999033 0.008586 0.043130
-0.954433 0.000000 0.298426
-0.951981 0.059635 0.300292
-0.999033 0.024427 0.036557
-0.954440 0.114192 0.275690
-0.952016 0.170043 0.254463
-0.999033 0.036564 0.024433
-0.954468 0.211016 0.210860
-0.952084 0.254263 0.169959
-0.999032 0.043147 0.008568
-0.954400 0.275788 0.114287
-0.952055 0.300054 0.059650
-0.999032 0.043145 -0.008570
-0.954386 0.298577 -0.000011
-0.952056 0.300049 -0.059661
-0.999031 0.036580 -0.024453
-0.954399 0.275794 -0.114286
-0.952079 0.254277 -0.169966
-0.999033 0.024427 -0.036557
-0.954466 0.211017 -0.210869
-0.952016 0.170043 -0.254462
-0.999033 0.008586 -0.043130
-0.954440 0.114193 -0.275690
-0.952003 0.059706 -0.300210
-0.954523 -0.000001 -0.298136
-0.999033 0.008586 -0.043130
-0.952003 0.059706 -0.300210
-0.047976 -0.922790 -0.382306
-0.048597 -0.830841 -0.554384
-0.048349 -0.830898 -0.554319
-0.049089 0.195282 -0.979518
-0.048619 0.000000 -0.998817
-0.048193 -0.000001 -0.998838
-0.049200 0.382267 0.922741
-0.049240 0.194511 0.979664
-0.049366 0.194208 0.979717
-0.049240 0.194511 0.979664
-0.048462 0.000001 0.998825
-0.049366 0.194208 0.979717
-0.049257 0.555379 0.830137
-0.049200 0.382267 0.922741
-0.049466 0.555499 0.830045
-0.048534 0.830177 0.555383
-0.048173 0.706135 0.706437
-0.048456 0.830051 0.555578
-0.048009 0.922789 -0.382302
-0.048571 0.979578 -0.195112
-0.048106 0.979566 -0.195285
-0.048617 -0.979614 0.194916
-0.048712 -0.998813 0.000063
-0.048049 -0.979628 0.194988
-0.048534 0.830177 0.555383
-0.048305 0.922895 0.382010
-0.048645 0.922894 0.381969
-0.049457 -0.554921 0.830431
-0.048762 -0.706184 0.706347
-0.049450 -0.554907 0.830441
-0.048658 0.979612 0.194919
-0.048305 0.922895 0.382010
-0.048091 0.979625 0.194991
-0.048571 0.979578 -0.195112
-0.048751 0.998811 0.000060
-0.048106 0.979566 -0.195285
-0.048270 0.382947 -0.922508
-0.048392 0.554836 -0.830551
-0.048360 0.554918 -0.830498
-0.048392 0.554836 -0.830551
-0.048012 0.706221 -0.706361
-0.048360 0.554918 -0.830498
-0.048252 -0.382947 -0.922509
-0.049079 -0.195287 -0.979517
-0.049501 -0.195191 -0.979515
0.999666 0.008501 -0.024392
0.999666 0.008501 -0.024392
0.999666 0.008501 -0.024392
0.999666 -0.019357 -0.017125
0.999666 -0.019357 -0.017125
0.999666 -0.019357 -0.017125
0.999666 0.017160 -0.019326
0.999666 0.017160 -0.019326
0.999666 0.017160 -0.019326
0.999666 -0.008457 0.024425
0.999666 -0.008457 0.024425
0.999666 -0.008457 0.024425
0.999666 0.019295 0.017190
0.999666 0.019295 0.017190
0.999666 0.019295 0.017190
0.999666 -0.025787 -0.001545
0.999666 -0.025787 -0.001545
0.999666 -0.025787 -0.001545
0.999666 0.024431 -0.008421
0.999666 0.024431 -0.008421
0.999666 0.024431 -0.008421
0.999666 -0.024425 0.008449
0.999666 -0.024425 0.008449
0.999666 -0.024425 0.008449
0.999666 0.023243 -0.011286
0.999666 0.023243 -0.011286
0.999666 0.023243 -0.011286
0.999666 -0.025792 0.001563
0.999666 -0.025792 0.001563
0.999666 -0.025792 0.001563
0.999667 -0.017156 -0.019306
0.999666 -0.017156 -0.019306
0.999666 -0.017156 -0.019306
0.999666 -0.019327 0.017155
0.999666 -0.019327 0.017155
0.999666 -0.019327 0.017155
0.000000 0.664329 0.747440
0.000000 0.664329 0.747440
0.000000 0.664329 0.747440
0.000000 -0.945416 0.325865
0.000000 -0.945416 0.325865
0.000000 -0.945416 0.325865
0.000000 -0.058848 -0.998267
0.000000 -0.058848 -0.998267
0.000000 -0.058848 -0.998267
0.000000 0.327312 -0.944916
0.000000 0.327312 -0.944916
0.000000 0.327312 -0.944916
0.000000 -0.899418 -0.437090
0.000000 -0.899418 -0.437090
0.000000 -0.899418 -0.437090
0.975142 0.123081 0.184251
0.954440 -0.114191 -0.275689
0.971153 0.091292 0.220291
0.954440 -0.114191 -0.275689
0.975159 0.043317 0.217230
0.971153 0.091292 0.220291
0.954316 -0.276040 -0.114382
0.975261 0.183804 0.122808
0.971201 0.220151 0.091120
-0.048462 0.000001 0.998825
-0.049231 -0.194517 0.979663
-0.049354 -0.194202 0.979719
-0.049079 -0.195287 -0.979517
-0.048619 0.000000 -0.998817
-0.049501 -0.195191 -0.979515
-0.048386 0.830508 -0.554901
-0.048009 0.922789 -0.382302
-0.048383 0.830454 -0.554982
-0.048597 -0.830841 -0.554384
-0.048601 -0.706275 -0.706268
-0.048349 -0.830898 -0.554319
-0.048539 -0.979580 -0.195108
-0.047976 -0.922790 -0.382306
-0.048080 -0.979568 -0.195281
-0.049257 0.555379 0.830137
-0.048173 0.706135 0.706437
-0.047867 0.706093 0.706499
-0.048588 -0.554379 -0.830845
-0.048252 -0.382947 -0.922509
-0.048343 -0.554325 -0.830895
-0.048712 -0.998813 0.000063
-0.048539 -0.979580 -0.195108
-0.048080 -0.979568 -0.195281
-0.048266 -0.922898 0.382006
-0.048617 -0.979614 0.194916
-0.048049 -0.979628 0.194988
-0.048740 -0.830511 0.554865
-0.048762 -0.706184 0.706347
-0.048913 -0.706055 0.706466
-0.049187 -0.382267 0.922742
-0.049457 -0.554921 0.830431
-0.049450 -0.554907 0.830441
-0.048751 0.998811 0.000060
-0.048658 0.979612 0.194919
-0.048091 0.979625 0.194991
-0.049089 0.195282 -0.979518
-0.048270 0.382947 -0.922508
-0.049512 0.195196 -0.979514
-0.048386 0.830508 -0.554901
-0.048012 0.706221 -0.706361
-0.047982 0.706291 -0.706294
-0.048740 -0.830511 0.554865
-0.048266 -0.922898 0.382006
-0.048413 -0.830496 0.554916
-0.048588 -0.554379 -0.830845
-0.048601 -0.706275 -0.706268
-0.049026 -0.706257 -0.706257
0.999666 -0.024417 -0.008449
0.999666 -0.024417 -0.008449
0.999666 -0.024417 -0.008449
0.999666 -0.017160 0.019329
0.999666 -0.017160 0.019329
0.999666 -0.017160 0.019329
0.999666 0.011293 -0.023249
0.999666 0.011293 -0.023249
0.999666 0.011293 -0.023249
0.999666 0.024425 0.008443
0.999666 0.024425 0.008443
0.999666 0.024425 0.008443
0.999666 0.023240 0.011294
0.999666 0.023240 0.011294
0.999666 0.023240 0.011294
0.999666 -0.001505 -0.025786
0.999666 -0.001505 -0.025786
0.999666 -0.001505 -0.025786
0.999666 -0.023246 0.011295
0.999666 -0.023246 0.011295
0.999666 -0.023246 0.011295
0.999666 -0.011296 0.023249
0.999666 -0.011296 0.023249
0.999666 -0.011296 0.023249
0.999666 0.025782 -0.001551
0.999666 0.025782 -0.001551
0.999666 0.025782 -0.001551
0.999666 0.001520 -0.025790
0.999666 0.001520 -0.025790
0.999666 0.001520 -0.025790
0.999666 0.011287 0.023248
0.999666 0.011287 0.023248
0.999666 0.011287 0.023248
0.999666 0.008457 0.024423
0.999666 0.008457 0.024423
0.999666 0.008457 0.024423
0.999666 0.025781 0.001543
0.999666 0.025781 0.001543
0.999666 0.025781 0.001543
0.999666 -0.011293 -0.023251
0.999666 -0.011293 -0.023251
0.999666 -0.011293 -0.023251
0.999666 -0.023258 -0.011274
0.999666 -0.023258 -0.011274
0.999666 -0.023258 -0.011274
0.000000 -0.437012 -0.899456
0.000000 -0.437012 -0.899456
0.000000 -0.437012 -0.899456
0.000000 0.327320 0.944914
0.000000 0.327320 0.944914
0.000000 0.327320 0.944914
0.000000 0.899896 0.436106
0.000000 0.899896 0.436106
0.000000 0.899896 0.436105
0.000000 0.747358 0.664421
0.000000 0.747358 0.664421
0.000000 0.747358 0.664421
0.000000 -0.945054 -0.326914
0.000000 -0.945054 -0.326914
0.000000 -0.945054 -0.326914
0.000000 0.664332 -0.747438
0.000000 0.664332 -0.747438
0.000000 0.664332 -0.747438
0.000000 -0.998208 0.059844
0.000000 -0.998208 0.059844
0.000000 -0.998208 0.059844
0.000000 -0.664322 0.747447
0.000000 -0.664322 0.747447
0.000000 -0.664322 0.747447
0.954466 0.211017 -0.210869
0.975260 -0.183807 0.122809
0.971186 -0.168461 0.168578
0.954317 -0.276034 0.114384
0.975217 0.183988 -0.122882
0.952006 -0.254475 0.170080
0.954524 -0.000000 -0.298135
0.975159 -0.043317 0.217232
0.971248 0.000000 0.238070
0.834656 -0.107578 0.540163
0.971248 0.000000 0.238070
0.975159 -0.043317 0.217232
0.834583 -0.305975 0.458095
0.971153 -0.091292 0.220291
0.975142 -0.123080 0.184252
0.834886 -0.457635 0.305837
0.971186 -0.168461 0.168578
0.975260 -0.183807 0.122809
0.834934 -0.539817 0.107160
0.971198 -0.220160 0.091123
0.975280 -0.216743 0.043030
0.834962 -0.539775 -0.107149
0.971123 -0.238578 0.000013
0.975282 -0.216736 -0.043018
0.834910 -0.457694 -0.305683
0.971243 -0.219954 -0.091146
0.975218 -0.183987 -0.122880
0.834910 -0.305684 -0.457693
0.971230 -0.168391 -0.168394
0.975215 -0.122888 -0.183996
0.834734 -0.107637 -0.540031
0.971227 -0.091244 -0.219981
0.975158 -0.043317 -0.217234
0.834735 0.107636 -0.540030
0.971248 0.000000 -0.238069
0.975159 0.043313 -0.217231
0.834965 0.305685 -0.457591
0.971231 0.091238 -0.219970
0.975216 0.122890 -0.183989
0.834972 0.457578 -0.305686
0.971274 0.168267 -0.168262
0.975217 0.183988 -0.122882
0.834967 0.539769 -0.107147
0.971245 0.219946 -0.091143
0.975283 0.216733 -0.043017
0.834938 0.539811 0.107158
0.971124 0.238574 0.000013
0.975280 0.216741 0.043029
0.834953 0.457513 0.305836
0.971201 0.220151 0.091120
0.975261 0.183804 0.122808
0.834638 0.305977 0.457993
0.971231 0.168337 0.168446
0.975142 0.123081 0.184251
0.834657 0.107577 0.540161
0.971153 0.091292 0.220291
0.975159 0.043317 0.217230
0.971153 -0.091292 0.220291
0.834656 -0.107578 0.540163
0.975159 -0.043317 0.217232
0.971186 -0.168461 0.168578
0.834583 -0.305975 0.458095
0.975142 -0.123080 0.184252
0.971198 -0.220160 0.091123
0.834886 -0.457635 0.305837
0.975260 -0.183807 0.122809
0.971123 -0.238578 0.000013
0.834934 -0.539817 0.107160
0.975280 -0.216743 0.043030
0.971243 -0.219954 -0.091146
0.834962 -0.539775 -0.107149
0.975282 -0.216736 -0.043018
0.971230 -0.168391 -0.168394
0.834910 -0.457694 -0.305683
0.975218 -0.183987 -0.122880
0.971227 -0.091244 -0.219981
0.834910 -0.305684 -0.457693
0.975215 -0.122888 -0.183996
0.971248 0.000000 -0.238069
0.834734 -0.107637 -0.540031
0.975158 -0.043317 -0.217234
0.971231 0.091238 -0.219970
0.834735 0.107636 -0.540030
0.975159 0.043313 -0.217231
0.971274 0.168267 -0.168262
0.834965 0.305685 -0.457591
0.975216 0.122890 -0.183989
0.971245 0.219946 -0.091143
0.834972 0.457578 -0.305686
0.975217 0.183988 -0.122882
0.971124 0.238574 0.000013
0.834967 0.539769 -0.107147
0.975283 0.216733 -0.043017
0.971201 0.220151 0.091120
0.834938 0.539811 0.107158
0.975280 0.216741 0.043029
0.971231 0.168337 0.168446
0.834953 0.457513 0.305836
0.975261 0.183804 0.122808
0.971153 0.091292 0.220291
0.834638 0.305977 0.457993
0.975142 0.123081 0.184251
0.971248 0.000000 0.238070
0.834657 0.107577 0.540161
0.975159 0.043317 0.217230
0.999666 0.019329 -0.017152
0.999666 0.019329 -0.017152
0.999666 0.019329 -0.017152
-0.049231 -0.194517 0.979663
-0.049187 -0.382267 0.922742
-0.049354 -0.194202 0.979719
1.000000 0.000000 0.000000
1.000000 0.000000 0.000000
1.000000 0.000000 0.000000
0.000000 -0.899419 0.437088
0.000000 -0.899419 0.437088
0.000000 -0.899419 0.437088
0.000000 0.998209 0.059821
0.000000 0.998209 0.059821
0.000000 0.998209 0.059821
0.000000 0.899419 -0.437087
0.000000 0.899419 -0.437087
0.000000 0.899419 -0.437087
0.000000 -0.058841 0.998267
0.000000 -0.058841 0.998267
0.000000 -0.058841 0.998267
0.000000 0.437011 0.899456
0.000000 0.437011 0.899456
0.000000 0.437011 0.899456
0.000000 0.945053 -0.326919
0.000000 0.945052 -0.326919
0.000000 0.945053 -0.326919
0.000000 0.058844 -0.998267
0.000000 0.058844 -0.998267
0.000000 0.058844 -0.998267
0.000000 -0.327313 0.944916
0.000000 -0.327313 0.944916
0.000000 -0.327313 0.944916
0.000000 -0.437011 0.899456
0.000000 -0.437011 0.899456
0.000000 -0.437011 0.899456
0.000000 -0.998208 -0.059844
0.000000 -0.998208 -0.059844
0.000000 -0.998208 -0.059844
0.000000 -0.747963 -0.663741
0.000000 -0.747963 -0.663741
0.000000 -0.747963 -0.663741
0.000000 -0.747967 0.663736
0.000000 -0.747967 0.663736
0.000000 -0.747967 0.663736
0.000000 0.998209 -0.059821
0.000000 0.998209 -0.059821
0.000000 0.998209 -0.059821
0.000000 0.747961 -0.663743
0.000000 0.747961 -0.663743
0.000000 0.747961 -0.663743
0.000000 -0.327304 -0.944919
0.000000 -0.327304 -0.944919
0.000000 -0.327304 -0.944919
0.000000 -0.664328 -0.747442
0.000000 -0.664328 -0.747442
0.000000 -0.664328 -0.747442
0.000000 0.945415 0.325869
0.000000 0.945415 0.325869
0.000000 0.945415 0.325869
0.000000 0.437006 -0.899459
0.000000 0.437006 -0.899459
0.000000 0.437006 -0.899459
0.000000 0.058844 0.998267
0.000000 0.058844 0.998267
0.000000 0.058844 0.998267
0.999666 -0.008459 -0.024427
0.999666 -0.008459 -0.024427
0.999666 -0.008459 -0.024427
0.999666 0.017177 0.019326
0.999666 0.017177 0.019326
0.999666 0.017177 0.019326
0.999666 -0.001524 0.025813
0.999666 -0.001524 0.025813
0.999666 -0.001524 0.025813
0.999666 0.001500 0.025807
0.999666 0.001500 0.025807
0.999666 0.001500 0.025807
0.975283 0.216733 -0.043017
0.954386 -0.298574 -0.000011
0.971124 0.238574 0.000013
0.000000 -0.195299 -0.980744
0.000000 -0.000001 -1.000000
0.000000 -0.000001 -1.000000
-0.873101 -0.000000 -0.487540
-0.874460 -0.094740 -0.475757
-0.952003 -0.059705 -0.300209
-0.873011 -0.186573 -0.450601
-0.874567 -0.269513 -0.403107
-0.952002 -0.170115 -0.254468
-0.872982 -0.345018 -0.344769
-0.874566 -0.403194 -0.269385
-0.952001 -0.254490 -0.170089
-0.872936 -0.450647 -0.186816
-0.874735 -0.475258 -0.094697
-0.952038 -0.300090 -0.059752
-0.873083 -0.487572 -0.000016
-0.874735 -0.475262 0.094684
-0.952036 -0.300096 0.059743
-0.872935 -0.450648 0.186817
-0.874566 -0.403195 0.269384
-0.952005 -0.254476 0.170081
-0.872982 -0.345018 0.344767
-0.874567 -0.269513 0.403108
-0.952002 -0.170079 0.254489
-0.873065 -0.186540 0.450511
-0.874460 -0.094510 0.475803
-0.951982 -0.059665 0.300284
-0.872938 0.000000 0.487832
-0.874459 0.094511 0.475803
-0.951981 0.059635 0.300292
-0.873010 0.186573 0.450604
-0.874566 0.269383 0.403196
-0.952016 0.170043 0.254463
-0.873143 0.344766 0.344612
-0.874799 0.402860 0.269127
-0.952085 0.254261 0.169958
-0.873139 0.450359 0.186559
-0.874733 0.475308 0.094467
-0.952056 0.300051 0.059650
-0.873080 0.487577 -0.000016
-0.874733 0.475306 -0.094480
-0.952057 0.300046 -0.059660
-0.873139 0.450359 -0.186559
-0.874800 0.402859 -0.269128
-0.952080 0.254275 -0.169966
-0.873143 0.344767 -0.344612
-0.874567 0.269383 -0.403193
-0.952016 0.170043 -0.254462
-0.873011 0.186572 -0.450603
-0.874460 0.094740 -0.475757
-0.952003 0.059705 -0.300209
-0.873011 -0.186573 -0.450601
-0.954440 -0.114192 -0.275689
-0.952003 -0.059705 -0.300209
-0.872982 -0.345018 -0.344769
-0.954403 -0.211167 -0.211008
-0.952002 -0.170115 -0.254468
-0.872936 -0.450647 -0.186816
-0.954317 -0.276037 -0.114382
-0.952001 -0.254490 -0.170089
-0.873083 -0.487572 -0.000016
-0.954387 -0.298572 -0.000011
-0.952038 -0.300090 -0.059752
-0.872935 -0.450648 0.186817
-0.954318 -0.276032 0.114384
-0.952036 -0.300096 0.059743
-0.872982 -0.345018 0.344767
-0.954405 -0.211166 0.210997
-0.952005 -0.254476 0.170081
-0.873065 -0.186540 0.450511
-0.954490 -0.114101 0.275553
-0.952002 -0.170079 0.254489
-0.872938 0.000000 0.487832
-0.954433 -0.000000 0.298424
-0.951982 -0.059665 0.300284
-0.873010 0.186573 0.450604
-0.954440 0.114192 0.275690
-0.951981 0.059635 0.300292
-0.873143 0.344766 0.344612
-0.954469 0.211016 0.210859
-0.952016 0.170043 0.254463
-0.873139 0.450359 0.186559
-0.954400 0.275787 0.114288
-0.952085 0.254261 0.169958
-0.873080 0.487577 -0.000016
-0.954386 0.298575 -0.000011
-0.952056 0.300051 0.059650
-0.873139 0.450359 -0.186559
-0.954399 0.275793 -0.114286
-0.952057 0.300046 -0.059660
-0.873143 0.344767 -0.344612
-0.954466 0.211018 -0.210869
-0.952080 0.254275 -0.169966
-0.873011 0.186572 -0.450603
-0.954440 0.114192 -0.275690
-0.952016 0.170043 -0.254462
-0.873101 -0.000000 -0.487540
-0.954524 -0.000000 -0.298135
-0.952003 0.059705 -0.300209
-0.954399 0.275793 -0.114286
-0.971200 -0.220155 0.091120
-0.975279 -0.216747 0.043029
-0.954386 0.298575 -0.000011
-0.971123 -0.238578 0.000011
-0.975282 -0.216734 -0.043016
-0.954469 0.211016 0.210859
-0.971230 -0.168393 -0.168394
-0.975214 -0.122891 -0.184000
-0.975159 0.043313 -0.217229
-0.951982 -0.059665 0.300284
-0.954433 -0.000000 0.298424
-0.954440 0.114192 0.275690
-0.971228 -0.091244 -0.219981
-0.975158 -0.043317 -0.217233
-0.954387 -0.298572 -0.000011
-0.971123 0.238579 0.000011
-0.975279 0.216748 0.043030
-0.975215 0.122892 -0.183991
-0.952002 -0.170079 0.254489
-0.954490 -0.114101 0.275553
-0.954405 -0.211166 0.210997
-0.971273 0.168270 -0.168266
-0.975216 0.183992 -0.122886
-0.975282 0.216734 -0.043017
-0.952036 -0.300096 0.059743
-0.954318 -0.276032 0.114384
-0.954403 -0.211167 -0.211008
-0.971229 0.168340 0.168449
-0.975142 0.123082 0.184253
-0.954524 -0.000000 -0.298135
-0.952003 -0.059705 -0.300209
-0.975159 0.043317 0.217232
-0.954403 -0.211167 -0.211008
-0.952001 -0.254490 -0.170089
-0.975260 0.183807 0.122811
-0.954317 -0.276037 -0.114382
-0.952038 -0.300090 -0.059752
-0.975279 0.216748 0.043030
-0.954490 -0.114101 0.275553
-0.951982 -0.059665 0.300284
-0.975159 0.043313 -0.217229
-0.954405 -0.211166 0.210997
-0.952002 -0.170079 0.254489
-0.975215 0.122892 -0.183991
-0.954440 0.114192 0.275690
-0.952016 0.170043 0.254463
-0.975214 -0.122891 -0.184000
-0.954433 -0.000000 0.298424
-0.951981 0.059635 0.300292
-0.975158 -0.043317 -0.217233
-0.954469 0.211016 0.210859
-0.952085 0.254261 0.169958
-0.975217 -0.183988 -0.122883
-0.954400 0.275787 0.114288
-0.952056 0.300051 0.059650
-0.975282 -0.216734 -0.043016
-0.954399 0.275793 -0.114286
-0.952080 0.254275 -0.169966
-0.975260 -0.183808 0.122811
-0.954386 0.298575 -0.000011
-0.952057 0.300046 -0.059660
-0.975279 -0.216747 0.043029
-0.954440 0.114192 -0.275690
-0.971153 -0.091292 0.220290
-0.975141 -0.123084 0.184255
-0.954466 0.211018 -0.210869
-0.952016 0.170043 -0.254462
-0.975141 -0.123084 0.184255
-0.954440 0.114192 -0.275690
-0.952003 0.059705 -0.300209
-0.975158 -0.043317 0.217232
-0.954400 0.275787 0.114288
-0.971245 -0.219948 -0.091142
-0.975217 -0.183988 -0.122883
0.952003 -0.059706 -0.300209
0.874459 -0.094740 -0.475758
0.873101 -0.000000 -0.487540
0.999033 -0.008585 -0.043131
0.952003 -0.059706 -0.300209
0.954523 -0.000000 -0.298136
0.952001 -0.170116 -0.254468
0.874566 -0.269513 -0.403110
0.873011 -0.186573 -0.450603
0.952000 -0.254490 -0.170089
0.874565 -0.403197 -0.269386
0.872982 -0.345017 -0.344769
0.952037 -0.300091 -0.059753
0.874734 -0.475261 -0.094698
0.872934 -0.450651 -0.186817
0.952036 -0.300096 0.059743
0.874735 -0.475261 0.094684
0.873081 -0.487575 -0.000016
0.952005 -0.254476 0.170082
0.874565 -0.403198 0.269385
0.872933 -0.450651 0.186818
0.952002 -0.170080 0.254490
0.874565 -0.269514 0.403110
0.872982 -0.345019 0.344768
0.951982 -0.059666 0.300284
0.874459 -0.094510 0.475804
0.873064 -0.186540 0.450512
0.951981 0.059635 0.300292
0.874459 0.094511 0.475804
0.872937 0.000000 0.487833
0.952016 0.170043 0.254464
0.874566 0.269383 0.403197
0.873010 0.186573 0.450605
0.952085 0.254260 0.169959
0.874799 0.402859 0.269131
0.873143 0.344766 0.344613
0.952057 0.300048 0.059650
0.874736 0.475303 0.094466
0.873141 0.450355 0.186559
0.952058 0.300043 -0.059661
0.874736 0.475301 -0.094479
0.873082 0.487572 -0.000016
0.952080 0.254274 -0.169966
0.874799 0.402858 -0.269132
0.873141 0.450355 -0.186559
0.952016 0.170044 -0.254463
0.874567 0.269384 -0.403194
0.873142 0.344767 -0.344613
0.952003 0.059706 -0.300209
0.874459 0.094741 -0.475757
0.873010 0.186573 -0.450604
0.952003 -0.059706 -0.300209
0.954440 -0.114192 -0.275690
0.873011 -0.186573 -0.450603
0.952001 -0.170116 -0.254468
0.954403 -0.211165 -0.211007
0.872982 -0.345017 -0.344769
0.000000 -0.195299 -0.980744
0.000000 -0.195299 -0.980744
0.000000 -0.382478 -0.923964
0.952000 -0.254490 -0.170089
0.954316 -0.276040 -0.114382
0.872934 -0.450651 -0.186817
-0.000001 -0.555817 -0.831305
-0.000002 -0.707349 -0.706864
-0.000001 -0.707350 -0.706864
0.952037 -0.300091 -0.059753
0.954386 -0.298574 -0.000011
0.873081 -0.487575 -0.000016
-0.000001 -0.831496 -0.555531
0.000000 -0.923713 -0.383086
-0.000001 -0.923712 -0.383088
0.952036 -0.300096 0.059743
0.954317 -0.276035 0.114384
0.872933 -0.450651 0.186818
0.000001 -0.980716 -0.195437
-0.000001 -1.000000 -0.000032
0.000000 -1.000000 -0.000030
0.952005 -0.254476 0.170082
0.954405 -0.211165 0.210997
0.872982 -0.345019 0.344768
-0.000001 -0.980722 0.195408
-0.000000 -0.923711 0.383090
-0.000000 -0.923711 0.383089
0.952002 -0.170080 0.254490
0.954490 -0.114100 0.275553
0.873064 -0.186540 0.450512
-0.000001 -0.831497 0.555529
-0.000000 -0.707351 0.706862
-0.000000 -0.707351 0.706862
0.951982 -0.059666 0.300284
0.954433 0.000000 0.298426
0.872937 0.000000 0.487833
-0.000001 -0.555817 0.831304
0.000000 -0.382478 0.923965
-0.000000 -0.382478 0.923965
0.951981 0.059635 0.300292
0.954439 0.114193 0.275691
0.873010 0.186573 0.450605
0.000000 -0.194790 0.980845
0.000000 0.000000 1.000000
0.000000 0.000000 1.000000
0.952016 0.170043 0.254464
0.954468 0.211017 0.210860
0.873143 0.344766 0.344613
0.000000 0.194792 0.980845
0.000000 0.382478 0.923965
0.000000 0.382478 0.923965
0.952085 0.254260 0.169959
0.954401 0.275783 0.114286
0.873141 0.450355 0.186559
0.000000 0.555528 0.831498
0.000000 0.707109 0.707105
0.000000 0.707109 0.707105
0.952057 0.300048 0.059650
0.954387 0.298572 -0.000011
0.873082 0.487572 -0.000016
0.000000 0.831498 0.555528
0.000000 0.923900 0.382635
0.000000 0.923899 0.382635
0.952058 0.300043 -0.059661
0.954400 0.275789 -0.114285
0.873141 0.450355 -0.186559
0.000000 0.980818 0.194926
0.000000 1.000000 -0.000031
0.000000 1.000000 -0.000031
0.952080 0.254274 -0.169966
0.954466 0.211019 -0.210870
0.873142 0.344767 -0.344613
0.000000 0.980812 -0.194956
0.000000 0.923900 -0.382635
0.000000 0.923900 -0.382635
0.952016 0.170044 -0.254463
0.954439 0.114193 -0.275691
0.873010 0.186573 -0.450604
0.000000 0.831496 -0.555531
0.000000 0.707110 -0.707103
0.000000 0.707110 -0.707103
0.952003 0.059706 -0.300209
0.954523 -0.000000 -0.298136
0.873101 -0.000000 -0.487540
0.000000 0.555531 -0.831496
0.000000 0.382477 -0.923965
0.000000 0.382477 -0.923965
0.000000 -0.555818 -0.831304
0.000000 -0.382479 -0.923964
0.000000 -0.382478 -0.923964
-0.000002 -0.831495 -0.555532
-0.000001 -0.707350 -0.706864
-0.000002 -0.707349 -0.706864
0.000001 -0.980716 -0.195437
-0.000001 -0.923712 -0.383088
0.000000 -0.923713 -0.383086
-0.000002 -0.980722 0.195407
0.000000 -1.000000 -0.000030
-0.000001 -1.000000 -0.000032
-0.000001 -0.831497 0.555530
-0.000000 -0.923711 0.383089
-0.000000 -0.923711 0.383090
-0.000001 -0.555817 0.831305
-0.000000 -0.707351 0.706862
-0.000000 -0.707351 0.706862
0.000000 -0.194790 0.980845
-0.000000 -0.382478 0.923965
0.000000 -0.382478 0.923965
0.000000 0.194792 0.980845
0.000000 0.000000 1.000000
0.000000 0.000000 1.000000
0.000000 0.555528 0.831498
0.000000 0.382478 0.923965
0.000000 0.382478 0.923965
0.000000 0.831497 0.555529
0.000000 0.707109 0.707105
0.000000 0.707109 0.707105
0.000000 0.980818 0.194926
0.000000 0.923899 0.382635
0.000000 0.923900 0.382635
0.000000 0.980812 -0.194956
0.000000 1.000000 -0.000031
0.000000 1.000000 -0.000031
0.000000 0.831496 -0.555531
0.000000 0.923900 -0.382635
0.000000 0.923900 -0.382635
0.000000 0.555531 -0.831496
0.000000 0.707110 -0.707103
0.000000 0.707110 -0.707103
0.000000 0.195300 -0.980744
0.000000 0.382477 -0.923965
0.000000 0.382477 -0.923965
0.000000 0.195300 -0.980744
0.000000 -0.000001 -1.000000
0.000000 -0.000001 -1.000000
0.999033 0.024427 -0.036558
0.999106 0.016187 -0.039060
0.954439 0.114193 -0.275691
0.999031 0.036580 -0.024453
0.999105 0.029894 -0.029919
0.954466 0.211019 -0.210870
0.999032 0.043145 -0.008570
0.999106 0.039060 -0.016174
0.954400 0.275789 -0.114285
0.999032 0.043146 0.008569
0.999107 0.042250 -0.000002
0.954387 0.298572 -0.000011
0.999033 0.036564 0.024433
0.999106 0.039062 0.016190
0.954401 0.275783 0.114286
0.999033 0.024427 0.036558
0.999105 0.029919 0.029913
0.954468 0.211017 0.210860
0.999033 0.008585 0.043131
0.999106 0.016187 0.039060
0.954439 0.114193 0.275691
0.999032 -0.008591 0.043134
0.999104 0.000000 0.042316
0.954433 0.000000 0.298426
0.999033 -0.024425 0.036566
0.999105 -0.016192 0.039069
0.954490 -0.114100 0.275553
0.999033 -0.036564 0.024434
0.999105 -0.029918 0.029913
0.954405 -0.211165 0.210997
0.999032 -0.043146 0.008568
0.999106 -0.039062 0.016190
0.954317 -0.276035 0.114384
0.999032 -0.043145 -0.008570
0.999107 -0.042250 -0.000002
0.954386 -0.298574 -0.000011
0.999031 -0.036580 -0.024453
0.999106 -0.039060 -0.016173
0.954316 -0.276040 -0.114382
0.999033 -0.024427 -0.036558
0.999105 -0.029894 -0.029919
0.954403 -0.211165 -0.211007
0.999033 -0.008585 -0.043131
0.999106 -0.016187 -0.039060
0.954440 -0.114192 -0.275690
0.999033 -0.024427 -0.036558
0.952001 -0.170116 -0.254468
0.954440 -0.114192 -0.275690
0.999031 -0.036580 -0.024453
0.952000 -0.254490 -0.170089
0.954403 -0.211165 -0.211007
0.999032 -0.043145 -0.008570
0.952037 -0.300091 -0.059753
0.954316 -0.276040 -0.114382
0.999032 -0.043146 0.008568
0.952036 -0.300096 0.059743
0.954386 -0.298574 -0.000011
0.999033 -0.036564 0.024434
0.952005 -0.254476 0.170082
0.954317 -0.276035 0.114384
0.999033 -0.024425 0.036566
0.952002 -0.170080 0.254490
0.954405 -0.211165 0.210997
0.999032 -0.008591 0.043134
0.951982 -0.059666 0.300284
0.954490 -0.114100 0.275553
0.999033 0.008585 0.043131
0.951981 0.059635 0.300292
0.954433 0.000000 0.298426
0.999033 0.024427 0.036558
0.952016 0.170043 0.254464
0.954439 0.114193 0.275691
0.999033 0.036564 0.024433
0.952085 0.254260 0.169959
0.954468 0.211017 0.210860
0.999032 0.043146 0.008569
0.952057 0.300048 0.059650
0.954401 0.275783 0.114286
0.999032 0.043145 -0.008570
0.952058 0.300043 -0.059661
0.954387 0.298572 -0.000011
0.999031 0.036580 -0.024453
0.952080 0.254274 -0.169966
0.954400 0.275789 -0.114285
0.999033 0.024427 -0.036558
0.952016 0.170044 -0.254463
0.954466 0.211019 -0.210870
0.999033 0.008585 -0.043131
0.952003 0.059706 -0.300209
0.954439 0.114193 -0.275691
0.999033 0.008585 -0.043131
0.999104 0.000000 -0.042315
0.954523 -0.000000 -0.298136
0.048094 -0.922786 -0.382300
0.048473 -0.830892 -0.554318
0.048709 -0.830836 -0.554381
0.048735 0.000000 -0.998812
0.049639 0.195197 -0.979507
0.049211 0.195282 -0.979512
0.049318 0.382266 0.922735
0.049484 0.194209 0.979711
0.049359 0.194510 0.979658
0.049359 0.194510 0.979658
0.049484 0.194209 0.979711
0.048576 0.000001 0.998820
0.049372 0.555377 0.830132
0.049579 0.555496 0.830040
0.049318 0.382266 0.922735
0.048284 0.706130 0.706434
0.047978 0.706089 0.706496
0.048648 0.830173 0.555380
0.048135 0.922785 -0.382296
0.048243 0.979561 -0.195276
0.048698 0.979572 -0.195109
0.048840 -0.998807 0.000059
0.049554 -0.998771 0.000048
0.048741 -0.979609 0.194913
0.048423 0.922891 0.382005
0.048565 0.830045 0.555578
0.048648 0.830173 0.555380
0.048866 -0.706177 0.706347
0.049003 -0.706051 0.706463
0.049569 -0.554919 0.830427
0.048761 0.979607 0.194916
0.048186 0.979622 0.194983
0.048423 0.922891 0.382005
0.048860 0.998806 0.000060
0.049585 0.998770 0.000046
0.048698 0.979572 -0.195109
0.048385 0.382944 -0.922503
0.048473 0.554913 -0.830495
0.048506 0.554833 -0.830547
0.048126 0.706216 -0.706359
0.048098 0.706286 -0.706291
0.048506 0.554833 -0.830547
0.048373 -0.382945 -0.922504
0.049630 -0.195191 -0.979509
0.049203 -0.195285 -0.979511
-0.999666 0.008460 -0.024423
-0.999666 0.008460 -0.024423
-0.999666 0.008460 -0.024423
-0.999666 -0.019303 -0.017157
-0.999666 -0.019303 -0.017157
-0.999666 -0.019303 -0.017157
-0.999666 0.017168 -0.019312
-0.999666 0.017168 -0.019312
-0.999666 0.017168 -0.019312
-0.999666 -0.008459 0.024423
-0.999666 -0.008459 0.024423
-0.999666 -0.008459 0.024423
-0.999666 0.019340 0.017163
-0.999666 0.019340 0.017163
-0.999666 0.019340 0.017163
-0.999666 -0.025787 -0.001546
-0.999666 -0.025787 -0.001546
-0.999666 -0.025787 -0.001546
-0.999666 0.024430 -0.008421
-0.999666 0.024430 -0.008421
-0.999666 0.024430 -0.008421
-0.999666 -0.024425 0.008449
-0.999666 -0.024425 0.008449
-0.999666 -0.024425 0.008449
-0.999666 0.023241 -0.011295
-0.999666 0.023241 -0.011295
-0.999666 0.023241 -0.011295
-0.999666 -0.025787 0.001546
-0.999666 -0.025787 0.001546
-0.999666 -0.025787 0.001546
-0.999666 -0.017156 -0.019307
-0.999666 -0.017156 -0.019307
-0.999666 -0.017156 -0.019307
-0.999666 -0.019328 0.017155
-0.999666 -0.019328 0.017155
-0.999666 -0.019328 0.017155
0.000000 0.664315 0.747453
0.000000 0.664315 0.747453
0.000000 0.664315 0.747453
0.000000 -0.945411 0.325880
0.000000 -0.945411 0.325880
0.000000 -0.945411 0.325880
0.000000 -0.058848 -0.998267
0.000000 -0.058848 -0.998267
0.000000 -0.058848 -0.998267
0.000000 0.327295 -0.944922
0.000000 0.327295 -0.944922
0.000000 0.327295 -0.944922
0.000000 -0.899419 -0.437088
0.000000 -0.899419 -0.437088
0.000000 -0.899419 -0.437088
-0.954440 -0.114192 -0.275689
-0.952002 -0.170115 -0.254468
-0.975142 0.123082 0.184253
-0.954440 -0.114192 -0.275689
-0.971152 0.091292 0.220292
-0.975159 0.043317 0.217232
-0.954317 -0.276037 -0.114382
-0.971200 0.220153 0.091121
-0.975260 0.183807 0.122811
0.048576 0.000001 0.998820
0.049475 -0.194205 0.979712
0.049350 -0.194515 0.979657
0.048735 0.000000 -0.998812
0.048303 -0.000000 -0.998833
0.049203 -0.195285 -0.979511
0.048135 0.922785 -0.382296
0.048263 0.922755 -0.382352
0.048503 0.830503 -0.554898
0.048704 -0.706268 -0.706268
0.049116 -0.706253 -0.706254
0.048709 -0.830836 -0.554381
0.048672 -0.979574 -0.195105
0.048233 -0.979561 -0.195277
0.048094 -0.922786 -0.382300
0.048284 0.706130 0.706434
0.049579 0.555496 0.830040
0.049372 0.555377 0.830132
0.048699 -0.554377 -0.830840
0.048457 -0.554327 -0.830887
0.048373 -0.382945 -0.922504
0.048840 -0.998807 0.000059
0.048233 -0.979561 -0.195277
0.048672 -0.979574 -0.195105
0.048383 -0.922893 0.382004
0.048186 -0.979622 0.194984
0.048741 -0.979609 0.194913
0.048866 -0.706177 0.706347
0.048538 -0.830490 0.554915
0.048853 -0.830506 0.554863
0.049305 -0.382266 0.922736
0.049569 -0.554907 0.830434
0.049569 -0.554919 0.830427
0.048860 0.998806 0.000060
0.048186 0.979622 0.194983
0.048761 0.979607 0.194916
0.048385 0.382944 -0.922503
0.048210 0.382778 -0.922582
0.049211 0.195282 -0.979512
0.048126 0.706216 -0.706359
0.048495 0.830448 -0.554981
0.048503 0.830503 -0.554898
0.048853 -0.830506 0.554863
0.048538 -0.830490 0.554915
0.048383 -0.922893 0.382004
0.048704 -0.706268 -0.706268
0.048457 -0.554327 -0.830887
0.048699 -0.554377 -0.830840
-0.999666 -0.024438 -0.008420
-0.999666 -0.024438 -0.008420
-0.999666 -0.024438 -0.008420
-0.999666 -0.017168 0.019317
-0.999666 -0.017168 0.019317
-0.999666 -0.017168 0.019317
-0.999666 0.011293 -0.023249
-0.999666 0.011293 -0.023249
-0.999666 0.011293 -0.023249
-0.999666 0.024419 0.008451
-0.999666 0.024419 0.008451
-0.999666 0.024419 0.008451
-0.999666 0.023240 0.011294
-0.999666 0.023240 0.011294
-0.999666 0.023240 0.011294
-0.999666 -0.001520 -0.025790
-0.999666 -0.001520 -0.025790
-0.999666 -0.001520 -0.025790
-0.999666 -0.023246 0.011293
-0.999666 -0.023246 0.011293
-0.999666 -0.023246 0.011293
-0.999666 -0.011296 0.023249
-0.999666 -0.011296 0.023249
-0.999666 -0.011296 0.023249
-0.999666 0.025781 -0.001546
-0.999666 0.025781 -0.001546
-0.999666 0.025781 -0.001546
-0.999666 0.001520 -0.025790
-0.999666 0.001520 -0.025790
-0.999666 0.001520 -0.025790
-0.999666 0.011298 0.023247
-0.999666 0.011298 0.023247
-0.999666 0.011298 0.023247
-0.999666 0.008457 0.024423
-0.999666 0.008457 0.024423
-0.999666 0.008457 0.024423
-0.999666 0.025781 0.001543
-0.999666 0.025781 0.001543
-0.999666 0.025781 0.001543
-0.999666 -0.011300 -0.023250
-0.999666 -0.011300 -0.023250
-0.999666 -0.011300 -0.023250
-0.999666 -0.023258 -0.011274
-0.999666 -0.023258 -0.011274
-0.999666 -0.023258 -0.011274
0.000000 -0.437012 -0.899456
0.000000 -0.437012 -0.899455
0.000000 -0.437012 -0.899455
0.000000 0.327309 0.944918
0.000000 0.327309 0.944918
0.000000 0.327309 0.944917
0.000000 0.899900 0.436096
0.000000 0.899900 0.436096
0.000000 0.899900 0.436096
0.000000 0.747355 0.664425
0.000000 0.747355 0.664425
0.000000 0.747355 0.664425
0.000000 -0.945049 -0.326930
0.000000 -0.945049 -0.326930
0.000000 -0.945049 -0.326930
0.000000 0.664318 -0.747450
0.000000 0.664318 -0.747450
0.000000 0.664318 -0.747450
0.000000 -0.998208 0.059844
0.000000 -0.998208 0.059844
0.000000 -0.998208 0.059844
0.000000 -0.664328 0.747442
0.000000 -0.664328 0.747442
0.000000 -0.664328 0.747442
-0.954466 0.211018 -0.210869
-0.971186 -0.168463 0.168578
-0.975260 -0.183808 0.122811
-0.954318 -0.276032 0.114384
-0.952005 -0.254476 0.170081
-0.975216 0.183992 -0.122886
-0.954524 -0.000000 -0.298135
-0.971248 0.000000 0.238070
-0.975158 -0.043317 0.217232
-0.971248 0.000000 0.238070
-0.832987 -0.000001 0.553293
-0.834656 -0.107578 0.540163
-0.971153 -0.091292 0.220290
-0.832551 -0.212037 0.511761
-0.834580 -0.305977 0.458098
-0.971186 -0.168463 0.168578
-0.832702 -0.391425 0.391655
-0.834885 -0.457634 0.305838
-0.971200 -0.220155 0.091120
-0.832806 -0.511473 0.211732
-0.834933 -0.539819 0.107156
-0.971123 -0.238578 0.000011
-0.832511 -0.554008 0.000029
-0.834966 -0.539771 -0.107143
-0.971245 -0.219948 -0.091142
-0.832988 -0.511151 -0.211792
-0.834909 -0.457694 -0.305685
-0.971230 -0.168393 -0.168394
-0.832703 -0.391539 -0.391538
-0.834907 -0.305686 -0.457697
-0.971228 -0.091244 -0.219981
-0.832990 -0.212037 -0.511046
-0.834735 -0.107637 -0.540030
-0.971248 0.000000 -0.238069
-0.832987 -0.000001 -0.553292
-0.834736 0.107637 -0.540028
-0.971230 0.091238 -0.219971
-0.832990 0.212036 -0.511047
-0.834962 0.305689 -0.457594
-0.971273 0.168270 -0.168266
-0.833034 0.391153 -0.391221
-0.834967 0.457585 -0.305690
-0.971245 0.219948 -0.091142
-0.832991 0.511146 -0.211791
-0.834965 0.539771 -0.107148
-0.971123 0.238579 0.000011
-0.832510 0.554010 0.000028
-0.834932 0.539820 0.107160
-0.971200 0.220153 0.091121
-0.832809 0.511466 0.211734
-0.834947 0.457520 0.305839
-0.971229 0.168340 0.168449
-0.833032 0.391043 0.391335
-0.834635 0.305980 0.457996
-0.971152 0.091292 0.220292
-0.832548 0.212037 0.511765
-0.834656 0.107578 0.540163
-0.971153 -0.091292 0.220290
-0.975158 -0.043317 0.217232
-0.834656 -0.107578 0.540163
-0.971186 -0.168463 0.168578
-0.975141 -0.123084 0.184255
-0.834580 -0.305977 0.458098
-0.971200 -0.220155 0.091120
-0.975260 -0.183808 0.122811
-0.834885 -0.457634 0.305838
-0.971123 -0.238578 0.000011
-0.975279 -0.216747 0.043029
-0.834933 -0.539819 0.107156
-0.971245 -0.219948 -0.091142
-0.975282 -0.216734 -0.043016
-0.834966 -0.539771 -0.107143
-0.971230 -0.168393 -0.168394
-0.975217 -0.183988 -0.122883
-0.834909 -0.457694 -0.305685
-0.971228 -0.091244 -0.219981
-0.975214 -0.122891 -0.184000
-0.834907 -0.305686 -0.457697
-0.971248 0.000000 -0.238069
-0.975158 -0.043317 -0.217233
-0.834735 -0.107637 -0.540030
-0.971230 0.091238 -0.219971
-0.975159 0.043313 -0.217229
-0.834736 0.107637 -0.540028
-0.971273 0.168270 -0.168266
-0.975215 0.122892 -0.183991
-0.834962 0.305689 -0.457594
-0.971245 0.219948 -0.091142
-0.975216 0.183992 -0.122886
-0.834967 0.457585 -0.305690
-0.971123 0.238579 0.000011
-0.975282 0.216734 -0.043017
-0.834965 0.539771 -0.107148
-0.971200 0.220153 0.091121
-0.975279 0.216748 0.043030
-0.834932 0.539820 0.107160
-0.971229 0.168340 0.168449
-0.975260 0.183807 0.122811
-0.834947 0.457520 0.305839
-0.971152 0.091292 0.220292
-0.975142 0.123082 0.184253
-0.834635 0.305980 0.457996
-0.971248 0.000000 0.238070
-0.975159 0.043317 0.217232
-0.834656 0.107578 0.540163
-0.999666 0.019329 -0.017152
-0.999666 0.019329 -0.017152
-0.999666 0.019329 -0.017152
0.049350 -0.194515 0.979657
0.049475 -0.194205 0.979712
0.049305 -0.382266 0.922736
-1.000000 0.000000 0.000000
-1.000000 0.000000 0.000000
-1.000000 0.000000 0.000000
-1.000000 0.000000 0.000000
-1.000000 0.000000 0.000000
-1.000000 0.000000 0.000000
-1.000000 0.000000 0.000000
-1.000000 0.000000 0.000000
-1.000000 0.000000 0.000000
-1.000000 0.000000 0.000000
-1.000000 0.000000 0.000000
-1.000000 0.000000 0.000000
-1.000000 0.000000 0.000000
-1.000000 0.000000 0.000000
-1.000000 0.000000 0.000000
-1.000000 0.000000 0.000000
-1.000000 0.000000 0.000000
-1.000000 0.000000 0.000000
-1.000000 0.000000 0.000000
-1.000000 0.000000 0.000000
-1.000000 0.000000 0.000000
-1.000000 0.000000 0.000000
-1.000000 0.000000 0.000000
-1.000000 0.000000 0.000000
-1.000000 0.000000 0.000000
-1.000000 0.000000 0.000000
-1.000000 0.000000 0.000000
-1.000000 0.000000 0.000000
-1.000000 0.000000 0.000000
-1.000000 0.000000 0.000000
-1.000000 0.000000 0.000000
-1.000000 0.000000 0.000000
-1.000000 0.000000 0.000000
-1.000000 0.000000 0.000000
-1.000000 0.000000 0.000000
-1.000000 0.000000 0.000000
-1.000000 0.000000 0.000000
-1.000000 0.000000 0.000000
-1.000000 0.000000 0.000000
-1.000000 0.000000 0.000000
-1.000000 0.000000 0.000000
-1.000000 0.000000 0.000000
-1.000000 0.000000 0.000000
-1.000000 0.000000 0.000000
-1.000000 0.000000 0.000000
-1.000000 0.000000 0.000000
-1.000000 0.000000 0.000000
-1.000000 0.000000 0.000000
-1.000000 0.000000 0.000000
-1.000000 0.000000 0.000000
-1.000000 0.000000 0.000000
-1.000000 0.000000 0.000000
-1.000000 0.000000 0.000000
-1.000000 0.000000 0.000000
-1.000000 0.000000 0.000000
-1.000000 0.000000 0.000000
-1.000000 0.000000 0.000000
-1.000000 0.000000 0.000000
-1.000000 0.000000 0.000000
-1.000000 0.000000 0.000000
-1.000000 0.000000 0.000000
-1.000000 0.000000 0.000000
-1.000000 0.000000 0.000000
-1.000000 0.000000 0.000000
-1.000000 0.000000 0.000000
-1.000000 0.000000 0.000000
-1.000000 0.000000 0.000000
-1.000000 0.000000 0.000000
-1.000000 0.000000 0.000000
-1.000000 0.000000 0.000000
-1.000000 0.000000 0.000000
-1.000000 0.000000 0.000000
-1.000000 0.000000 0.000000
-1.000000 0.000000 0.000000
-1.000000 0.000000 0.000000
-1.000000 0.000000 0.000000
-1.000000 0.000000 0.000000
-1.000000 0.000000 0.000000
-1.000000 0.000000 0.000000
-1.000000 0.000000 0.000000
-1.000000 0.000000 0.000000
-1.000000 0.000000 0.000000
-1.000000 0.000000 0.000000
-1.000000 0.000000 0.000000
-1.000000 0.000000 0.000000
-1.000000 0.000000 0.000000
-1.000000 0.000000 0.000000
0.000000 -0.899419 0.437088
0.000000 -0.899419 0.437088
0.000000 -0.899419 0.437088
0.000000 0.998207 0.059855
0.000000 0.998207 0.059855
0.000000 0.998207 0.059855
0.000000 0.899425 -0.437075
0.000000 0.899425 -0.437075
0.000000 0.899425 -0.437075
0.000000 -0.058840 0.998267
0.000000 -0.058840 0.998267
0.000000 -0.058840 0.998267
0.000000 0.437022 0.899451
0.000000 0.437022 0.899451
0.000000 0.437022 0.899451
0.000000 0.945054 -0.326914
0.000000 0.945054 -0.326914
0.000000 0.945054 -0.326914
0.000000 0.058848 -0.998267
0.000000 0.058848 -0.998267
0.000000 0.058848 -0.998267
0.000000 -0.327305 0.944919
0.000000 -0.327305 0.944919
0.000000 -0.327305 0.944919
0.000000 -0.437017 0.899453
0.000000 -0.437017 0.899453
0.000000 -0.437017 0.899453
0.000000 -0.998208 -0.059844
0.000000 -0.998208 -0.059844
0.000000 -0.998208 -0.059844
0.000000 -0.747964 -0.663739
0.000000 -0.747964 -0.663739
0.000000 -0.747964 -0.663739
0.000000 -0.747965 0.663738
0.000000 -0.747965 0.663738
0.000000 -0.747965 0.663738
0.000000 0.998207 -0.059855
0.000000 0.998207 -0.059855
0.000000 0.998207 -0.059855
0.000000 0.747955 -0.663749
0.000000 0.747955 -0.663749
0.000000 0.747955 -0.663749
0.000000 -0.327301 -0.944920
0.000000 -0.327301 -0.944920
0.000000 -0.327301 -0.944920
0.000000 -0.664331 -0.747438
0.000000 -0.664331 -0.747438
0.000000 -0.664331 -0.747438
0.000000 0.945417 0.325864
0.000000 0.945417 0.325864
0.000000 0.945417 0.325864
0.000000 0.437026 -0.899449
0.000000 0.437026 -0.899449
0.000000 0.437026 -0.899449
0.000000 0.058844 0.998267
0.000000 0.058844 0.998267
0.000000 0.058844 0.998267
-0.999666 -0.008458 -0.024427
-0.999666 -0.008458 -0.024427
-0.999666 -0.008458 -0.024427
-0.999666 0.017177 0.019325
-0.999666 0.017177 0.019325
-0.999666 0.017177 0.019325
-0.999666 -0.001524 0.025813
-0.999666 -0.001524 0.025813
-0.999666 -0.001524 0.025813
-0.999666 0.001524 0.025813
-0.999666 0.001524 0.025813
-0.999666 0.001524 0.025813
-0.954387 -0.298572 -0.000011
-0.952036 -0.300096 0.059743
-0.975282 0.216734 -0.043017
0.000000 -0.000001 -1.000000
0.000000 -0.000001 -1.000000
0.000000 -0.195299 -0.980744
0.952003 -0.059705 -0.300209
0.874460 -0.094740 -0.475757
0.873101 -0.000001 -0.487539
0.952002 -0.170115 -0.254468
0.874567 -0.269512 -0.403108
0.873011 -0.186572 -0.450602
0.952001 -0.254489 -0.170087
0.874566 -0.403195 -0.269383
0.872982 -0.345017 -0.344768
0.952037 -0.300092 -0.059753
0.874734 -0.475261 -0.094698
0.872935 -0.450650 -0.186816
0.952036 -0.300097 0.059743
0.874735 -0.475262 0.094683
0.873081 -0.487575 -0.000016
0.952006 -0.254475 0.170080
0.874566 -0.403195 0.269383
0.872935 -0.450649 0.186817
0.952002 -0.170079 0.254490
0.874567 -0.269513 0.403108
0.872982 -0.345018 0.344767
0.951982 -0.059666 0.300283
0.874459 -0.094511 0.475803
0.873065 -0.186539 0.450511
0.951981 0.059635 0.300291
0.874460 0.094511 0.475803
0.872938 0.000000 0.487831
0.952016 0.170044 0.254463
0.874566 0.269383 0.403195
0.873011 0.186573 0.450602
0.952085 0.254261 0.169959
0.874799 0.402859 0.269130
0.873143 0.344765 0.344612
0.952057 0.300049 0.059651
0.874735 0.475305 0.094466
0.873141 0.450356 0.186558
0.952058 0.300043 -0.059661
0.874735 0.475302 -0.094480
0.873082 0.487573 -0.000016
0.952080 0.254274 -0.169965
0.874799 0.402859 -0.269130
0.873141 0.450356 -0.186558
0.952016 0.170044 -0.254462
0.874568 0.269383 -0.403192
0.873143 0.344766 -0.344612
0.952003 0.059705 -0.300209
0.874460 0.094740 -0.475757
0.873011 0.186573 -0.450602
0.952003 -0.059705 -0.300209
0.954440 -0.114191 -0.275689
0.873011 -0.186572 -0.450602
0.952002 -0.170115 -0.254468
0.954403 -0.211166 -0.211007
0.872982 -0.345017 -0.344768
0.952001 -0.254489 -0.170087
0.954316 -0.276040 -0.114382
0.872935 -0.450650 -0.186816
0.952037 -0.300092 -0.059753
0.954386 -0.298574 -0.000011
0.873081 -0.487575 -0.000016
0.952036 -0.300097 0.059743
0.954317 -0.276034 0.114384
0.872935 -0.450649 0.186817
0.952006 -0.254475 0.170080
0.954405 -0.211166 0.210998
0.872982 -0.345018 0.344767
0.952002 -0.170079 0.254490
0.954491 -0.114100 0.275551
0.873065 -0.186539 0.450511
0.951982 -0.059666 0.300283
0.954433 0.000000 0.298424
0.872938 0.000000 0.487831
0.951981 0.059635 0.300291
0.954440 0.114192 0.275689
0.873011 0.186573 0.450602
0.952016 0.170044 0.254463
0.954469 0.211016 0.210859
0.873143 0.344765 0.344612
0.952085 0.254261 0.169959
0.954401 0.275784 0.114286
0.873141 0.450356 0.186558
0.952057 0.300049 0.059651
0.954387 0.298573 -0.000011
0.873082 0.487573 -0.000016
0.952058 0.300043 -0.059661
0.954400 0.275790 -0.114284
0.873141 0.450356 -0.186558
0.952080 0.254274 -0.169965
0.954466 0.211017 -0.210869
0.873143 0.344766 -0.344612
0.952016 0.170044 -0.254462
0.954440 0.114193 -0.275689
0.873011 0.186573 -0.450602
0.952003 0.059705 -0.300209
0.954524 -0.000000 -0.298135
0.873101 -0.000001 -0.487539
0.954400 0.275790 -0.114284
0.952058 0.300043 -0.059661
0.975280 -0.216743 0.043030
0.954387 0.298573 -0.000011
0.952057 0.300049 0.059651
0.975282 -0.216736 -0.043018
0.954469 0.211016 0.210859
0.952016 0.170044 0.254463
0.975215 -0.122888 -0.183996
0.954433 0.000000 0.298424
0.951982 -0.059666 0.300283
0.975159 0.043313 -0.217231
0.954440 0.114192 0.275689
0.951981 0.059635 0.300291
0.975158 -0.043317 -0.217234
0.954386 -0.298574 -0.000011
0.952037 -0.300092 -0.059753
0.975280 0.216741 0.043029
0.954491 -0.114100 0.275551
0.952002 -0.170079 0.254490
0.975216 0.122890 -0.183989
0.954405 -0.211166 0.210998
0.952006 -0.254475 0.170080
0.975217 0.183988 -0.122882
0.954317 -0.276034 0.114384
0.952036 -0.300097 0.059743
0.975283 0.216733 -0.043017
0.954403 -0.211166 -0.211007
0.952002 -0.170115 -0.254468
0.975142 0.123081 0.184251
0.954524 -0.000000 -0.298135
0.971248 0.000000 0.238070
0.975159 0.043317 0.217230
0.975261 0.183804 0.122808
0.952001 -0.254489 -0.170087
0.954403 -0.211166 -0.211007
0.975280 0.216741 0.043029
0.952037 -0.300092 -0.059753
0.954316 -0.276040 -0.114382
0.975159 0.043313 -0.217231
0.951982 -0.059666 0.300283
0.954491 -0.114100 0.275551
0.975216 0.122890 -0.183989
0.952002 -0.170079 0.254490
0.954405 -0.211166 0.210998
0.975215 -0.122888 -0.183996
0.952016 0.170044 0.254463
0.954440 0.114192 0.275689
0.975158 -0.043317 -0.217234
0.951981 0.059635 0.300291
0.954433 0.000000 0.298424
0.975218 -0.183987 -0.122880
0.952085 0.254261 0.169959
0.954469 0.211016 0.210859
0.975282 -0.216736 -0.043018
0.952057 0.300049 0.059651
0.954401 0.275784 0.114286
0.975260 -0.183807 0.122809
0.952080 0.254274 -0.169965
0.954400 0.275790 -0.114284
0.975280 -0.216743 0.043030
0.952058 0.300043 -0.059661
0.954387 0.298573 -0.000011
0.954440 0.114193 -0.275689
0.952016 0.170044 -0.254462
0.975142 -0.123080 0.184252
0.975142 -0.123080 0.184252
0.952016 0.170044 -0.254462
0.954466 0.211017 -0.210869
0.975159 -0.043317 0.217232
0.952003 0.059705 -0.300209
0.954440 0.114193 -0.275689
0.954401 0.275784 0.114286
0.952085 0.254261 0.169959
0.975218 -0.183987 -0.122880
-0.873101 -0.000001 -0.487540
-0.874459 -0.094741 -0.475758
-0.952003 -0.059706 -0.300209
-0.999032 -0.008586 -0.043130
-0.999104 -0.000001 -0.042315
-0.954523 -0.000001 -0.298136
-0.873011 -0.186573 -0.450603
-0.874566 -0.269513 -0.403109
-0.952001 -0.170116 -0.254468
-0.872982 -0.345018 -0.344768
-0.874566 -0.403195 -0.269383
-0.952001 -0.254489 -0.170088
-0.872933 -0.450651 -0.186817
-0.874733 -0.475262 -0.094698
-0.952037 -0.300092 -0.059753
-0.873080 -0.487576 -0.000016
-0.874734 -0.475264 0.094683
-0.952036 -0.300098 0.059743
-0.872934 -0.450650 0.186818
-0.874566 -0.403195 0.269384
-0.952005 -0.254476 0.170082
-0.872982 -0.345019 0.344768
-0.874566 -0.269514 0.403109
-0.952002 -0.170079 0.254490
-0.873065 -0.186539 0.450512
-0.874459 -0.094511 0.475803
-0.951982 -0.059666 0.300284
-0.872937 0.000000 0.487832
-0.874459 0.094511 0.475803
-0.951981 0.059635 0.300292
-0.873010 0.186573 0.450603
-0.874565 0.269384 0.403196
-0.952016 0.170043 0.254463
-0.873143 0.344766 0.344613
-0.874798 0.402863 0.269128
-0.952084 0.254263 0.169959
-0.873137 0.450363 0.186559
-0.874730 0.475313 0.094467
-0.952055 0.300054 0.059650
-0.873078 0.487581 -0.000016
-0.874730 0.475310 -0.094481
-0.952056 0.300049 -0.059661
-0.873137 0.450363 -0.186559
-0.874798 0.402862 -0.269129
-0.952079 0.254277 -0.169966
-0.873143 0.344767 -0.344612
-0.874567 0.269384 -0.403194
-0.952016 0.170043 -0.254462
-0.873011 0.186573 -0.450603
-0.874459 0.094741 -0.475758
-0.952003 0.059706 -0.300210
-0.873011 -0.186573 -0.450603
-0.954440 -0.114192 -0.275690
-0.952003 -0.059706 -0.300209
-0.872982 -0.345018 -0.344768
-0.954403 -0.211167 -0.211007
-0.952001 -0.170116 -0.254468
0.000000 -0.382478 -0.923965
0.000000 -0.195299 -0.980744
0.000000 -0.195299 -0.980744
-0.872933 -0.450651 -0.186817
-0.954316 -0.276040 -0.114383
-0.952001 -0.254489 -0.170088
0.000000 -0.707350 -0.706864
-0.000000 -0.707350 -0.706863
0.000000 -0.555817 -0.831305
-0.873080 -0.487576 -0.000016
-0.954387 -0.298574 -0.000011
-0.952037 -0.300092 -0.059753
-0.000001 -0.923713 -0.383086
-0.000001 -0.923713 -0.383086
-0.000001 -0.831497 -0.555529
-0.872934 -0.450650 0.186818
-0.954317 -0.276034 0.114385
-0.952036 -0.300098 0.059743
0.000000 -1.000000 -0.000033
-0.000000 -1.000000 -0.000033
0.000000 -0.980716 -0.195439
-0.872982 -0.345019 0.344768
-0.954405 -0.211167 0.210998
-0.952005 -0.254476 0.170082
-0.000000 -0.923712 0.383088
-0.000000 -0.923712 0.383088
-0.000001 -0.980722 0.195408
-0.873065 -0.186539 0.450512
-0.954490 -0.114100 0.275552
-0.952002 -0.170079 0.254490
-0.000001 -0.707352 0.706862
-0.000001 -0.707352 0.706862
-0.000001 -0.831496 0.555530
-0.872937 0.000000 0.487832
-0.954433 0.000000 0.298426
-0.951982 -0.059666 0.300284
-0.000000 -0.382477 0.923965
0.000000 -0.382477 0.923965
-0.000000 -0.555817 0.831304
-0.873010 0.186573 0.450603
-0.954440 0.114192 0.275690
-0.951981 0.059635 0.300292
0.000000 0.000001 1.000000
0.000000 0.000001 1.000000
0.000000 -0.194791 0.980845
-0.873143 0.344766 0.344613
-0.954468 0.211016 0.210860
-0.952016 0.170043 0.254463
0.000000 0.382478 0.923964
0.000000 0.382478 0.923965
0.000000 0.194791 0.980845
-0.873137 0.450363 0.186559
-0.954400 0.275788 0.114287
-0.952084 0.254263 0.169959
0.000000 0.707108 0.707106
0.000000 0.707108 0.707106
0.000000 0.555529 0.831497
-0.873078 0.487581 -0.000016
-0.954386 0.298577 -0.000011
-0.952055 0.300054 0.059650
0.000000 0.923900 0.382633
0.000000 0.923900 0.382634
0.000000 0.831497 0.555530
-0.873137 0.450363 -0.186559
-0.954399 0.275794 -0.114286
-0.952056 0.300049 -0.059661
0.000000 1.000000 -0.000031
0.000000 1.000000 -0.000031
0.000000 0.980818 0.194926
-0.873143 0.344767 -0.344612
-0.954466 0.211017 -0.210869
-0.952079 0.254277 -0.169966
0.000000 0.923900 -0.382634
0.000000 0.923900 -0.382634
0.000000 0.980812 -0.194956
-0.873011 0.186573 -0.450603
-0.954440 0.114193 -0.275690
-0.952016 0.170043 -0.254462
0.000000 0.707110 -0.707104
0.000000 0.707110 -0.707104
0.000000 0.831496 -0.555530
-0.873101 -0.000001 -0.487540
-0.954523 -0.000001 -0.298136
-0.952003 0.059706 -0.300210
0.000000 0.382477 -0.923965
0.000000 0.382477 -0.923965
0.000000 0.555531 -0.831496
0.000000 -0.382478 -0.923965
0.000000 -0.382478 -0.923965
0.000000 -0.555816 -0.831305
-0.000000 -0.707350 -0.706863
0.000000 -0.707350 -0.706864
-0.000001 -0.831497 -0.555529
-0.000001 -0.923713 -0.383086
-0.000001 -0.923713 -0.383086
-0.000000 -0.980716 -0.195438
-0.000000 -1.000000 -0.000033
0.000000 -1.000000 -0.000033
-0.000001 -0.980722 0.195408
-0.000000 -0.923712 0.383088
-0.000000 -0.923712 0.383088
-0.000000 -0.831497 0.555530
-0.000001 -0.707352 0.706862
-0.000001 -0.707352 0.706862
-0.000000 -0.555817 0.831304
0.000000 -0.382477 0.923965
-0.000000 -0.382477 0.923965
0.000000 -0.194791 0.980845
0.000000 0.000001 1.000000
0.000000 0.000001 1.000000
0.000000 0.194791 0.980845
0.000000 0.382478 0.923965
0.000000 0.382478 0.923964
0.000000 0.555529 0.831497
0.000000 0.707108 0.707106
0.000000 0.707108 0.707106
0.000000 0.831497 0.555529
0.000000 0.923900 0.382634
0.000000 0.923900 0.382633
0.000000 0.980818 0.194926
0.000000 1.000000 -0.000031
0.000000 1.000000 -0.000031
0.000000 0.980812 -0.194956
0.000000 0.923900 -0.382634
0.000000 0.923900 -0.382634
0.000000 0.831496 -0.555530
0.000000 0.707110 -0.707104
0.000000 0.707110 -0.707104
0.000000 0.555531 -0.831496
0.000000 0.382477 -0.923965
0.000000 0.382477 -0.923965
0.000000 0.195299 -0.980744
0.000000 -0.000001 -1.000000
0.000000 -0.000001 -1.000000
0.000000 0.195299 -0.980744
-0.954440 0.114193 -0.275690
-0.999106 0.016188 -0.039059
-0.999033 0.024427 -0.036557
-0.954466 0.211017 -0.210869
-0.999105 0.029894 -0.029919
-0.999031 0.036580 -0.024453
-0.954399 0.275794 -0.114286
-0.999106 0.039060 -0.016173
-0.999032 0.043145 -0.008570
-0.954386 0.298577 -0.000011
-0.999107 0.042250 -0.000002
-0.999032 0.043147 0.008568
-0.954400 0.275788 0.114287
-0.999106 0.039062 0.016190
-0.999033 0.036564 0.024433
-0.954468 0.211016 0.210860
-0.999105 0.029918 0.029912
-0.999033 0.024427 0.036557
-0.954440 0.114192 0.275690
-0.999106 0.016188 0.039059
-0.999033 0.008586 0.043130
-0.954433 0.000000 0.298426
-0.999104 -0.000001 0.042315
-0.999032 -0.008592 0.043134
-0.954490 -0.114100 0.275552
-0.999105 -0.016192 0.039069
-0.999033 -0.024425 0.036566
-0.954405 -0.211167 0.210998
-0.999105 -0.029918 0.029912
-0.999033 -0.036564 0.024433
-0.954317 -0.276034 0.114385
-0.999106 -0.039062 0.016190
-0.999032 -0.043146 0.008568
-0.954387 -0.298574 -0.000011
-0.999107 -0.042250 -0.000002
-0.999032 -0.043145 -0.008570
-0.954316 -0.276040 -0.114383
-0.999106 -0.039060 -0.016173
-0.999031 -0.036580 -0.024453
-0.954403 -0.211167 -0.211007
-0.999105 -0.029893 -0.029919
-0.999033 -0.024427 -0.036558
-0.954440 -0.114192 -0.275690
-0.999106 -0.016187 -0.039059
-0.999032 -0.008586 -0.043130
-0.999033 -0.024427 -0.036558
-0.999106 -0.016187 -0.039059
-0.954440 -0.114192 -0.275690
-0.999031 -0.036580 -0.024453
-0.999105 -0.029893 -0.029919
-0.954403 -0.211167 -0.211007
-0.999032 -0.043145 -0.008570
-0.999106 -0.039060 -0.016173
-0.954316 -0.276040 -0.114383
-0.999032 -0.043146 0.008568
-0.999107 -0.042250 -0.000002
-0.954387 -0.298574 -0.000011
-0.999033 -0.036564 0.024433
-0.999106 -0.039062 0.016190
-0.954317 -0.276034 0.114385
-0.999033 -0.024425 0.036566
-0.999105 -0.029918 0.029912
-0.954405 -0.211167 0.210998
-0.999032 -0.008592 0.043134
-0.999105 -0.016192 0.039069
-0.954490 -0.114100 0.275552
-0.999033 0.008586 0.043130
-0.999104 -0.000001 0.042315
-0.954433 0.000000 0.298426
-0.999033 0.024427 0.036557
-0.999106 0.016188 0.039059
-0.954440 0.114192 0.275690
-0.999033 0.036564 0.024433
-0.999105 0.029918 0.029912
-0.954468 0.211016 0.210860
-0.999032 0.043147 0.008568
-0.999106 0.039062 0.016190
-0.954400 0.275788 0.114287
-0.999032 0.043145 -0.008570
-0.999107 0.042250 -0.000002
-0.954386 0.298577 -0.000011
-0.999031 0.036580 -0.024453
-0.999106 0.039060 -0.016173
-0.954399 0.275794 -0.114286
-0.999033 0.024427 -0.036557
-0.999105 0.029894 -0.029919
-0.954466 0.211017 -0.210869
-0.999033 0.008586 -0.043130
-0.999106 0.016188 -0.039059
-0.954440 0.114193 -0.275690
-0.954523 -0.000001 -0.298136
-0.999104 -0.000001 -0.042315
-0.999033 0.008586 -0.043130
-0.047976 -0.922790 -0.382306
-0.048100 -0.922760 -0.382363
-0.048597 -0.830841 -0.554384
-0.049089 0.195282 -0.979518
-0.049512 0.195196 -0.979514
-0.048619 0.000000 -0.998817
-0.049200 0.382267 0.922741
-0.049323 0.382352 0.922700
-0.049240 0.194511 0.979664
-0.049240 0.194511 0.979664
-0.048032 -0.000001 0.998846
-0.048462 0.000001 0.998825
-0.049257 0.555379 0.830137
-0.049323 0.382352 0.922700
-0.049200 0.382267 0.922741
-0.048534 0.830177 0.555383
-0.047867 0.706093 0.706499
-0.048173 0.706135 0.706437
-0.048009 0.922789 -0.382302
-0.048134 0.922758 -0.382362
-0.048571 0.979578 -0.195112
-0.048617 -0.979614 0.194916
-0.049441 -0.998777 0.000054
-0.048712 -0.998813 0.000063
-0.048534 0.830177 0.555383
-0.048456 0.830051 0.555578
-0.048305 0.922895 0.382010
-0.049457 -0.554921 0.830431
-0.048913 -0.706055 0.706466
-0.048762 -0.706184 0.706347
-0.048658 0.979612 0.194919
-0.048645 0.922894 0.381969
-0.048305 0.922895 0.382010
-0.048571 0.979578 -0.195112
-0.049483 0.998775 0.000055
-0.048751 0.998811 0.000060
-0.048270 0.382947 -0.922508
-0.048097 0.382782 -0.922586
-0.048392 0.554836 -0.830551
-0.048392 0.554836 -0.830551
-0.047982 0.706291 -0.706294
-0.048012 0.706221 -0.706361
-0.048252 -0.382947 -0.922509
-0.048078 -0.382786 -0.922585
-0.049079 -0.195287 -0.979517
0.999666 0.008460 -0.024423
0.999666 0.008460 -0.024423
0.999666 0.008460 -0.024423
0.999666 -0.019303 -0.017157
0.999667 -0.019303 -0.017157
0.999666 -0.019303 -0.017157
0.999666 0.017168 -0.019312
0.999666 0.017168 -0.019312
0.999666 0.017168 -0.019312
0.999666 -0.008460 0.024423
0.999666 -0.008460 0.024423
0.999666 -0.008460 0.024423
0.999666 0.019340 0.017163
0.999666 0.019340 0.017163
0.999666 0.019340 0.017163
0.999666 -0.025789 -0.001553
0.999666 -0.025789 -0.001553
0.999666 -0.025789 -0.001553
0.999666 0.024410 -0.008448
0.999666 0.024410 -0.008448
0.999666 0.024410 -0.008448
0.999666 -0.024429 0.008444
0.999666 -0.024429 0.008444
0.999666 -0.024429 0.008444
0.999666 0.023242 -0.011295
0.999666 0.023242 -0.011295
0.999666 0.023242 -0.011295
0.999666 -0.025787 0.001545
0.999666 -0.025787 0.001545
0.999666 -0.025787 0.001545
0.999666 -0.017130 -0.019350
0.999666 -0.017130 -0.019350
0.999666 -0.017130 -0.019350
0.999666 -0.019326 0.017155
0.999666 -0.019326 0.017155
0.999666 -0.019326 0.017155
0.000000 0.664329 0.747440
0.000000 0.664329 0.747440
0.000000 0.664329 0.747440
0.000000 -0.945416 0.325865
0.000000 -0.945416 0.325865
0.000000 -0.945416 0.325865
0.000000 -0.058848 -0.998267
0.000000 -0.058848 -0.998267
0.000000 -0.058848 -0.998267
0.000000 0.327312 -0.944916
0.000000 0.327312 -0.944916
0.000000 0.327312 -0.944916
0.000000 -0.899418 -0.437090
0.000000 -0.899418 -0.437090
0.000000 -0.899418 -0.437090
0.975142 0.123081 0.184251
0.952002 -0.170115 -0.254468
0.954440 -0.114191 -0.275689
0.954440 -0.114191 -0.275689
0.952003 -0.059705 -0.300209
0.975159 0.043317 0.217230
0.954316 -0.276040 -0.114382
0.952001 -0.254489 -0.170087
0.975261 0.183804 0.122808
-0.048462 0.000001 0.998825
-0.048032 -0.000001 0.998846
-0.049231 -0.194517 0.979663
-0.049079 -0.195287 -0.979517
-0.048193 -0.000001 -0.998838
-0.048619 0.000000 -0.998817
-0.048386 0.830508 -0.554901
-0.048134 0.922758 -0.382362
-0.048009 0.922789 -0.382302
-0.048597 -0.830841 -0.554384
-0.049026 -0.706257 -0.706257
-0.048601 -0.706275 -0.706268
-0.048539 -0.979580 -0.195108
-0.048100 -0.922760 -0.382363
-0.047976 -0.922790 -0.382306
-0.049257 0.555379 0.830137
-0.049466 0.555499 0.830045
-0.048173 0.706135 0.706437
-0.048588 -0.554379 -0.830845
-0.048078 -0.382786 -0.922585
-0.048252 -0.382947 -0.922509
-0.048712 -0.998813 0.000063
-0.049441 -0.998777 0.000054
-0.048539 -0.979580 -0.195108
-0.048266 -0.922898 0.382006
-0.048609 -0.922898 0.381964
-0.048617 -0.979614 0.194916
-0.048740 -0.830511 0.554865
-0.048413 -0.830496 0.554916
-0.048762 -0.706184 0.706347
-0.049187 -0.382267 0.922742
-0.049313 -0.382355 0.922698
-0.049457 -0.554921 0.830431
-0.048751 0.998811 0.000060
-0.049483 0.998775 0.000055
-0.048658 0.979612 0.194919
-0.049089 0.195282 -0.979518
-0.048097 0.382782 -0.922586
-0.048270 0.382947 -0.922508
-0.048386 0.830508 -0.554901
-0.048383 0.830454 -0.554982
-0.048012 0.706221 -0.706361
-0.048740 -0.830511 0.554865
-0.048609 -0.922898 0.381964
-0.048266 -0.922898 0.382006
-0.048588 -0.554379 -0.830845
-0.048343 -0.554325 -0.830895
-0.048601 -0.706275 -0.706268
0.999666 -0.024438 -0.008421
0.999666 -0.024438 -0.008421
0.999666 -0.024438 -0.008421
0.999666 -0.017168 0.019316
0.999666 -0.017168 0.019316
0.999666 -0.017168 0.019316
0.999666 0.011291 -0.023249
0.999666 0.011291 -0.023249
0.999666 0.011291 -0.023249
0.999666 0.024419 0.008450
0.999666 0.024419 0.008450
0.999666 0.024419 0.008450
0.999666 0.023241 0.011290
0.999666 0.023241 0.011290
0.999666 0.023241 0.011290
0.999666 -0.001520 -0.025790
0.999666 -0.001520 -0.025790
0.999666 -0.001520 -0.025790
0.999666 -0.023246 0.011293
0.999666 -0.023246 0.011293
0.999666 -0.023246 0.011293
0.999666 -0.011288 0.023250
0.999666 -0.011288 0.023250
0.999666 -0.011288 0.023250
0.999666 0.025781 -0.001546
0.999666 0.025781 -0.001546
0.999666 0.025781 -0.001546
0.999666 0.001500 -0.025785
0.999666 0.001500 -0.025785
0.999666 0.001500 -0.025785
0.999666 0.011298 0.023247
0.999666 0.011298 0.023246
0.999666 0.011298 0.023247
0.999666 0.008456 0.024423
0.999666 0.008456 0.024423
0.999666 0.008456 0.024423
0.999666 0.025786 0.001566
0.999666 0.025786 0.001566
0.999666 0.025786 0.001566
0.999666 -0.011299 -0.023250
0.999666 -0.011299 -0.023250
0.999666 -0.011299 -0.023250
0.999666 -0.023256 -0.011287
0.999666 -0.023256 -0.011287
0.999666 -0.023256 -0.011287
0.000000 -0.437012 -0.899456
0.000000 -0.437012 -0.899456
0.000000 -0.437012 -0.899456
0.000000 0.327320 0.944914
0.000000 0.327320 0.944914
0.000000 0.327320 0.944914
0.000000 0.899896 0.436106
0.000000 0.899896 0.436106
0.000000 0.899896 0.436106
0.000000 0.747358 0.664421
0.000000 0.747358 0.664421
0.000000 0.747358 0.664422
0.000000 -0.945054 -0.326914
0.000000 -0.945054 -0.326914
0.000000 -0.945054 -0.326914
0.000000 0.664332 -0.747438
0.000000 0.664332 -0.747438
0.000000 0.664332 -0.747438
0.000000 -0.998208 0.059844
0.000000 -0.998208 0.059844
0.000000 -0.998208 0.059844
0.000000 -0.664322 0.747447
0.000000 -0.664322 0.747447
0.000000 -0.664322 0.747446
0.954466 0.211017 -0.210869
0.952080 0.254274 -0.169965
0.975260 -0.183807 0.122809
0.954317 -0.276034 0.114384
0.971245 0.219946 -0.091143
0.975217 0.183988 -0.122882
0.954524 -0.000000 -0.298135
0.952003 0.059705 -0.300209
0.975159 -0.043317 0.217232
0.834656 -0.107578 0.540163
0.832987 -0.000000 0.553292
0.971248 0.000000 0.238070
0.834583 -0.305975 0.458095
0.832550 -0.212037 0.511762
0.971153 -0.091292 0.220291
0.834886 -0.457635 0.305837
0.832706 -0.391420 0.391653
0.971186 -0.168461 0.168578
0.834934 -0.539817 0.107160
0.832800 -0.511480 0.211736
0.971198 -0.220160 0.091123
0.834962 -0.539775 -0.107149
0.832513 -0.554006 0.000033
0.971123 -0.238578 0.000013
0.834910 -0.457694 -0.305683
0.832982 -0.511157 -0.211800
0.971243 -0.219954 -0.091146
0.834910 -0.305684 -0.457693
0.832707 -0.391535 -0.391535
0.971230 -0.168391 -0.168394
0.834734 -0.107637 -0.540031
0.832990 -0.212039 -0.511046
0.971227 -0.091244 -0.219981
0.834735 0.107636 -0.540030
0.832989 -0.000000 -0.553290
0.971248 0.000000 -0.238069
0.834965 0.305685 -0.457591
0.832990 0.212037 -0.511045
0.971231 0.091238 -0.219970
0.834972 0.457578 -0.305686
0.833038 0.391149 -0.391215
0.971274 0.168267 -0.168262
0.834967 0.539769 -0.107147
0.832992 0.511143 -0.211795
0.971245 0.219946 -0.091143
0.834938 0.539811 0.107158
0.832518 0.553998 0.000033
0.971124 0.238574 0.000013
0.834953 0.457513 0.305836
0.832811 0.511464 0.211733
0.971201 0.220151 0.091120
0.834638 0.305977 0.457993
0.833037 0.391038 0.391330
0.971231 0.168337 0.168446
0.834657 0.107577 0.540161
0.832550 0.212036 0.511764
0.971153 0.091292 0.220291
0.971153 -0.091292 0.220291
0.832550 -0.212037 0.511762
0.834656 -0.107578 0.540163
0.971186 -0.168461 0.168578
0.832706 -0.391420 0.391653
0.834583 -0.305975 0.458095
0.971198 -0.220160 0.091123
0.832800 -0.511480 0.211736
0.834886 -0.457635 0.305837
0.971123 -0.238578 0.000013
0.832513 -0.554006 0.000033
0.834934 -0.539817 0.107160
0.971243 -0.219954 -0.091146
0.832982 -0.511157 -0.211800
0.834962 -0.539775 -0.107149
0.971230 -0.168391 -0.168394
0.832707 -0.391535 -0.391535
0.834910 -0.457694 -0.305683
0.971227 -0.091244 -0.219981
0.832990 -0.212039 -0.511046
0.834910 -0.305684 -0.457693
0.971248 0.000000 -0.238069
0.832989 -0.000000 -0.553290
0.834734 -0.107637 -0.540031
0.971231 0.091238 -0.219970
0.832990 0.212037 -0.511045
0.834735 0.107636 -0.540030
0.971274 0.168267 -0.168262
0.833038 0.391149 -0.391215
0.834965 0.305685 -0.457591
0.971245 0.219946 -0.091143
0.832992 0.511143 -0.211795
0.834972 0.457578 -0.305686
0.971124 0.238574 0.000013
0.832518 0.553998 0.000033
0.834967 0.539769 -0.107147
0.971201 0.220151 0.091120
0.832811 0.511464 0.211733
0.834938 0.539811 0.107158
0.971231 0.168337 0.168446
0.833037 0.391038 0.391330
0.834953 0.457513 0.305836
0.971153 0.091292 0.220291
0.832550 0.212036 0.511764
0.834638 0.305977 0.457993
0.971248 0.000000 0.238070
0.832987 -0.000000 0.553292
0.834657 0.107577 0.540161
0.999666 0.019324 -0.017156
0.999666 0.019324 -0.017156
0.999666 0.019324 -0.017156
-0.049231 -0.194517 0.979663
-0.049313 -0.382355 0.922698
-0.049187 -0.382267 0.922742
1.000000 0.000000 0.000000
1.000000 0.000000 0.000000
1.000000 0.000000 0.000000
1.000000 0.000000 0.000000
1.000000 0.000000 0.000000
1.000000 0.000000 0.000000
1.000000 0.000000 0.000000
1.000000 0.000000 0.000000
1.000000 0.000000 0.000000
1.000000 0.000000 0.000000
1.000000 0.000000 0.000000
1.000000 0.000000 0.000000
1.000000 0.000000 0.000000
1.000000 0.000000 0.000000
1.000000 0.000000 0.000000
1.000000 0.000000 0.000000
1.000000 0.000000 0.000000
1.000000 0.000000 0.000000
1.000000 0.000000 0.000000
1.000000 0.000000 0.000000
1.000000 0.000000 0.000000
1.000000 0.000000 0.000000
1.000000 0.000000 0.000000
1.000000 0.000000 0.000000
1.000000 0.000000 0.000000
1.000000 0.000000 0.000000
1.000000 0.000000 0.000000
1.000000 0.000000 0.000000
1.000000 0.000000 0.000000
1.000000 0.000000 0.000000
1.000000 0.000000 0.000000
1.000000 0.000000 0.000000
1.000000 0.000000 0.000000
1.000000 0.000000 0.000000
1.000000 0.000000 0.000000
1.000000 0.000000 0.000000
1.000000 0.000000 0.000000
1.000000 0.000000 0.000000
1.000000 0.000000 0.000000
1.000000 0.000000 0.000000
1.000000 0.000000 0.000000
1.000000 0.000000 0.000000
1.000000 0.000000 0.000000
1.000000 0.000000 0.000000
1.000000 0.000000 0.000000
1.000000 0.000000 0.000000
1.000000 0.000000 0.000000
1.000000 0.000000 0.000000
1.000000 0.000000 0.000000
1.000000 0.000000 0.000000
1.000000 0.000000 0.000000
1.000000 0.000000 0.000000
1.000000 0.000000 0.000000
1.000000 0.000000 0.000000
1.000000 0.000000 0.000000
1.000000 0.000000 0.000000
1.000000 0.000000 0.000000
1.000000 0.000000 0.000000
1.000000 0.000000 0.000000
1.000000 0.000000 0.000000
1.000000 0.000000 0.000000
1.000000 0.000000 0.000000
1.000000 0.000000 0.000000
1.000000 0.000000 0.000000
1.000000 0.000000 0.000000
1.000000 0.000000 0.000000
1.000000 0.000000 0.000000
1.000000 0.000000 0.000000
1.000000 0.000000 0.000000
1.000000 0.000000 0.000000
1.000000 0.000000 0.000000
1.000000 0.000000 0.000000
1.000000 0.000000 0.000000
1.000000 0.000000 0.000000
1.000000 0.000000 0.000000
1.000000 0.000000 0.000000
1.000000 0.000000 0.000000
1.000000 0.000000 0.000000
1.000000 0.000000 0.000000
1.000000 0.000000 0.000000
1.000000 0.000000 0.000000
1.000000 0.000000 0.000000
1.000000 0.000000 0.000000
1.000000 0.000000 0.000000
1.000000 0.000000 0.000000
1.000000 0.000000 0.000000
1.000000 0.000000 0.000000
0.000000 -0.899419 0.437088
0.000000 -0.899419 0.437088
0.000000 -0.899419 0.437088
0.000000 0.998209 0.059821
0.000000 0.998209 0.059821
0.000000 0.998209 0.059821
0.000000 0.899419 -0.437087
0.000000 0.899419 -0.437087
0.000000 0.899419 -0.437087
0.000000 -0.058841 0.998267
0.000000 -0.058841 0.998267
0.000000 -0.058841 0.998267
0.000000 0.437011 0.899456
0.000000 0.437011 0.899456
0.000000 0.437011 0.899456
0.000000 0.945052 -0.326919
0.000000 0.945053 -0.326919
0.000000 0.945053 -0.326919
0.000000 0.058844 -0.998267
0.000000 0.058844 -0.998267
0.000000 0.058844 -0.998267
0.000000 -0.327313 0.944916
0.000000 -0.327313 0.944916
0.000000 -0.327313 0.944916
0.000000 -0.437011 0.899456
0.000000 -0.437011 0.899456
0.000000 -0.437011 0.899456
0.000000 -0.998208 -0.059844
0.000000 -0.998208 -0.059844
0.000000 -0.998208 -0.059844
0.000000 -0.747963 -0.663741
0.000000 -0.747963 -0.663741
0.000000 -0.747963 -0.663741
0.000000 -0.747967 0.663736
0.000000 -0.747967 0.663736
0.000000 -0.747967 0.663736
0.000000 0.998209 -0.059821
0.000000 0.998209 -0.059821
0.000000 0.998209 -0.059821
0.000000 0.747961 -0.663743
0.000000 0.747961 -0.663743
0.000000 0.747961 -0.663743
0.000000 -0.327304 -0.944919
0.000000 -0.327304 -0.944919
0.000000 -0.327304 -0.944919
0.000000 -0.664328 -0.747442
0.000000 -0.664328 -0.747442
0.000000 -0.664328 -0.747442
0.000000 0.945415 0.325869
0.000000 0.945415 0.325869
0.000000 0.945415 0.325869
0.000000 0.437006 -0.899459
0.000000 0.437006 -0.899459
0.000000 0.437006 -0.899459
0.000000 0.058844 0.998267
0.000000 0.058844 0.998267
0.000000 0.058844 0.998267
0.999666 -0.008503 -0.024394
0.999666 -0.008503 -0.024394
0.999666 -0.008503 -0.024394
0.999666 0.017187 0.019308
0.999666 0.017187 0.019308
0.999666 0.017187 0.019308
0.999666 -0.001505 0.025808
0.999666 -0.001505 0.025808
0.999666 -0.001505 0.025808
0.999666 0.001524 0.025813
0.999666 0.001524 0.025813
0.999666 0.001524 0.025813
0.975283 0.216733 -0.043017
0.952036 -0.300097 0.059743
0.954386 -0.298574 -0.000011
0.999033 -0.008585 -0.043131
0.999104 0.000000 -0.042315
1.000000 0.000000 -0.000000
0.999033 -0.024427 -0.036558
0.999106 -0.016187 -0.039060
1.000000 0.000000 -0.000000
0.999031 -0.036580 -0.024453
0.999105 -0.029894 -0.029919
1.000000 0.000000 -0.000000
0.999032 -0.043145 -0.008570
0.999106 -0.039060 -0.016173
1.000000 0.000000 -0.000000
0.999032 -0.043146 0.008568
0.999107 -0.042250 -0.000002
1.000000 0.000000 -0.000000
0.999033 -0.036564 0.024434
0.999106 -0.039062 0.016190
1.000000 0.000000 -0.000000
0.999033 -0.024425 0.036566
0.999105 -0.029918 0.029913
1.000000 0.000000 -0.000000
0.999032 -0.008591 0.043134
0.999105 -0.016192 0.039069
1.000000 0.000000 -0.000000
0.999033 0.008585 0.043131
0.999104 0.000000 0.042316
1.000000 0.000000 -0.000000
0.999033 0.024427 0.036558
0.999106 0.016187 0.039060
1.000000 0.000000 -0.000000
0.999033 0.036564 0.024433
0.999105 0.029919 0.029913
1.000000 0.000000 -0.000000
0.999032 0.043146 0.008569
0.999106 0.039062 0.016190
1.000000 0.000000 -0.000000
0.999032 0.043145 -0.008570
0.999107 0.042250 -0.000002
1.000000 0.000000 -0.000000
0.999031 0.036580 -0.024453
0.999106 0.039060 -0.016174
1.000000 0.000000 -0.000000
0.999033 0.024427 -0.036558
0.999105 0.029894 -0.029919
1.000000 0.000000 -0.000000
0.999033 0.008585 -0.043131
0.999106 0.016187 -0.039060
1.000000 0.000000 -0.000000
0.999106 0.016187 -0.039060
0.999033 0.024427 -0.036558
1.000000 0.000000 -0.000000
0.999105 0.029894 -0.029919
0.999031 0.036580 -0.024453
1.000000 0.000000 -0.000000
0.999106 0.039060 -0.016174
0.999032 0.043145 -0.008570
1.000000 0.000000 -0.000000
0.999107 0.042250 -0.000002
0.999032 0.043146 0.008569
1.000000 0.000000 -0.000000
0.999106 0.039062 0.016190
0.999033 0.036564 0.024433
1.000000 0.000000 -0.000000
0.999105 0.029919 0.029913
0.999033 0.024427 0.036558
1.000000 0.000000 -0.000000
0.999106 0.016187 0.039060
0.999033 0.008585 0.043131
1.000000 0.000000 -0.000000
0.999104 0.000000 0.042316
0.999032 -0.008591 0.043134
1.000000 0.000000 -0.000000
0.999105 -0.016192 0.039069
0.999033 -0.024425 0.036566
1.000000 0.000000 -0.000000
0.999105 -0.029918 0.029913
0.999033 -0.036564 0.024434
1.000000 0.000000 -0.000000
0.999106 -0.039062 0.016190
0.999032 -0.043146 0.008568
1.000000 0.000000 -0.000000
0.999107 -0.042250 -0.000002
0.999032 -0.043145 -0.008570
1.000000 0.000000 -0.000000
0.999106 -0.039060 -0.016173
0.999031 -0.036580 -0.024453
1.000000 0.000000 -0.000000
0.999105 -0.029894 -0.029919
0.999033 -0.024427 -0.036558
1.000000 0.000000 -0.000000
0.999106 -0.016187 -0.039060
0.999033 -0.008585 -0.043131
1.000000 0.000000 -0.000000
0.999104 0.000000 -0.042315
0.999033 0.008585 -0.043131
1.000000 0.000000 -0.000000
-0.999104 -0.000001 -0.042315
-0.999032 -0.008586 -0.043130
-1.000000 -0.000000 0.000000
-0.999033 0.024427 -0.036557
-0.999106 0.016188 -0.039059
-1.000000 -0.000000 0.000000
-0.999031 0.036580 -0.024453
-0.999105 0.029894 -0.029919
-1.000000 -0.000000 0.000000
-0.999032 0.043145 -0.008570
-0.999106 0.039060 -0.016173
-1.000000 -0.000000 0.000000
-0.999032 0.043147 0.008568
-0.999107 0.042250 -0.000002
-1.000000 -0.000000 0.000000
-0.999033 0.036564 0.024433
-0.999106 0.039062 0.016190
-1.000000 -0.000000 0.000000
-0.999033 0.024427 0.036557
-0.999105 0.029918 0.029912
-1.000000 -0.000000 0.000000
-0.999033 0.008586 0.043130
-0.999106 0.016188 0.039059
-1.000000 -0.000000 0.000000
-0.999032 -0.008592 0.043134
-0.999104 -0.000001 0.042315
-1.000000 -0.000000 0.000000
-0.999033 -0.024425 0.036566
-0.999105 -0.016192 0.039069
-1.000000 -0.000000 0.000000
-0.999033 -0.036564 0.024433
-0.999105 -0.029918 0.029912
-1.000000 -0.000000 0.000000
-0.999032 -0.043146 0.008568
-0.999106 -0.039062 0.016190
-1.000000 -0.000000 0.000000
-0.999032 -0.043145 -0.008570
-0.999107 -0.042250 -0.000002
-1.000000 -0.000000 0.000000
-0.999031 -0.036580 -0.024453
-0.999106 -0.039060 -0.016173
-1.000000 -0.000000 0.000000
-0.999033 -0.024427 -0.036558
-0.999105 -0.029893 -0.029919
-1.000000 -0.000000 0.000000
-0.999032 -0.008586 -0.043130
-0.999106 -0.016187 -0.039059
-1.000000 -0.000000 0.000000
-0.999106 -0.016187 -0.039059
-0.999033 -0.024427 -0.036558
-1.000000 -0.000000 0.000000
-0.999105 -0.029893 -0.029919
-0.999031 -0.036580 -0.024453
-1.000000 -0.000000 0.000000
-0.999106 -0.039060 -0.016173
-0.999032 -0.043145 -0.008570
-1.000000 -0.000000 0.000000
-0.999107 -0.042250 -0.000002
-0.999032 -0.043146 0.008568
-1.000000 -0.000000 0.000000
-0.999106 -0.039062 0.016190
-0.999033 -0.036564 0.024433
-1.000000 -0.000000 0.000000
-0.999105 -0.029918 0.029912
-0.999033 -0.024425 0.036566
-1.000000 -0.000000 0.000000
-0.999105 -0.016192 0.039069
-0.999032 -0.008592 0.043134
-1.000000 -0.000000 0.000000
-0.999104 -0.000001 0.042315
-0.999033 0.008586 0.043130
-1.000000 -0.000000 0.000000
-0.999106 0.016188 0.039059
-0.999033 0.024427 0.036557
-1.000000 -0.000000 0.000000
-0.999105 0.029918 0.029912
-0.999033 0.036564 0.024433
-1.000000 -0.000000 0.000000
-0.999106 0.039062 0.016190
-0.999032 0.043147 0.008568
-1.000000 -0.000000 0.000000
-0.999107 0.042250 -0.000002
-0.999032 0.043145 -0.008570
-1.000000 -0.000000 0.000000
-0.999106 0.039060 -0.016173
-0.999031 0.036580 -0.024453
-1.000000 -0.000000 0.000000
-0.999105 0.029894 -0.029919
-0.999033 0.024427 -0.036557
-1.000000 -0.000000 0.000000
-0.999106 0.016188 -0.039059
-0.999033 0.008586 -0.043130
-1.000000 -0.000000 0.000000
-0.999033 0.008586 -0.043130
-0.999104 -0.000001 -0.042315
-1.000000 -0.000000 0.000000
</float_array>
          <technique_common>
            <accessor source="#wheels_spin-Normal0-array" count="3828" stride="3">
              <param name="X" type="float"/>
              <param name="Y" type="float"/>
              <param name="Z" type="float"/>
            </accessor>
          </technique_common>
        </source>
        <source id="wheels_spin-UV0">
          <float_array id="wheels_spin-UV0-array" count="2472">
0.902675 1.595439
0.726013 1.668505
0.726013 1.595439
0.296197 0.011343
0.336298 0.049339
0.296197 0.046988
0.387906 0.029606
0.410429 0.080039
0.374294 0.062510
0.465611 0.081557
0.467129 0.136788
0.440444 0.106724
0.517561 0.159311
0.497829 0.210869
0.484706 0.172923
0.535824 0.250971
0.497829 0.291121
0.500228 0.250971
0.517561 0.342680
0.467129 0.365203
0.484706 0.329068
0.465611 0.420434
0.410429 0.421952
0.440444 0.395266
0.387906 0.472384
0.336298 0.452652
0.374245 0.439480
0.296197 0.490599
0.256095 0.452652
0.296197 0.455002
0.204488 0.472384
0.181965 0.421952
0.218100 0.439480
0.126734 0.420434
0.125265 0.365203
0.151950 0.395267
0.074783 0.342680
0.094565 0.291121
0.107687 0.329068
0.056569 0.250971
0.094565 0.210870
0.092165 0.250971
0.074783 0.159311
0.125265 0.136788
0.107687 0.172923
0.126734 0.081557
0.181965 0.080039
0.151950 0.106724
0.204488 0.029606
0.256095 0.049339
0.218100 0.062510
0.343300 0.014183
0.430357 0.050220
0.496947 0.116859
0.533033 0.203868
0.533034 0.298123
0.496947 0.385131
0.430357 0.451770
0.343300 0.487808
0.249094 0.487808
0.162036 0.451770
0.095397 0.385131
0.059360 0.298123
0.059360 0.203868
0.095397 0.116859
0.162036 0.050220
0.249094 0.014183
0.155965 0.223110
0.155965 0.278880
0.216778 0.369854
0.324106 0.391202
0.296197 0.392867
0.268288 0.391202
0.436429 0.223110
0.375616 0.369854
0.350498 0.382046
0.415081 0.330390
0.436429 0.278880
0.427272 0.305271
0.375616 0.132136
0.324106 0.110788
0.296197 0.109123
0.415081 0.171552
0.396523 0.150693
0.427272 0.196719
0.396523 0.351297
0.241896 0.382046
0.177313 0.330390
0.195871 0.351297
0.165121 0.305271
0.177313 0.171552
0.165121 0.196719
0.154349 0.250971
0.216778 0.132136
0.195871 0.150693
0.268288 0.110788
0.241896 0.119944
0.336298 0.049339
0.296197 0.011343
0.296197 0.046988
0.325512 0.103703
0.296197 0.101959
0.410429 0.080039
0.387906 0.029606
0.374294 0.062510
0.467129 0.136788
0.465611 0.081557
0.440444 0.106724
0.497829 0.210869
0.517561 0.159311
0.484706 0.172923
0.497829 0.291121
0.535824 0.250971
0.500228 0.250971
0.467129 0.365203
0.517561 0.342680
0.484706 0.329068
0.410429 0.421952
0.465611 0.420434
0.440444 0.395266
0.336298 0.452652
0.387906 0.472384
0.374245 0.439480
0.256095 0.452652
0.296197 0.490599
0.296197 0.455002
0.181965 0.421952
0.204488 0.472384
0.218100 0.439480
0.125265 0.365203
0.126734 0.420434
0.151950 0.395267
0.094565 0.291121
0.074783 0.342680
0.107687 0.329068
0.094565 0.210870
0.056569 0.250971
0.092165 0.250971
0.125265 0.136788
0.074783 0.159311
0.107687 0.172923
0.181965 0.080039
0.126734 0.081557
0.151950 0.106724
0.256095 0.049339
0.204488 0.029606
0.218100 0.062510
0.343300 0.014183
0.430357 0.050220
0.726013 1.522359
0.902675 1.522359
0.496947 0.116859
0.726013 1.449288
0.902675 1.376253
0.902675 1.449287
0.533033 0.203868
0.726013 1.303161
0.902675 1.230090
0.902675 1.303161
0.533034 0.298123
0.726013 1.157057
0.902675 1.083995
0.902675 1.157057
0.496947 0.385131
0.726013 1.010857
0.902675 0.937824
0.902675 1.010857
0.430357 0.451770
0.726013 0.864753
0.902675 0.791661
0.902675 0.864753
0.343300 0.487808
0.726013 0.718626
0.902675 0.645555
0.902675 0.718626
0.249094 0.487808
0.726012 0.572475
0.902675 0.499413
0.902675 0.572475
0.162036 0.451770
0.726012 0.426351
0.902675 0.353271
0.902675 0.426351
0.095397 0.385131
0.726012 0.280200
0.902675 0.207108
0.902675 0.280200
0.059360 0.298123
0.726012 0.134017
0.902675 0.060945
0.902675 0.134017
0.059360 0.203868
0.726012 -0.012063
0.902675 -0.085201
0.902675 -0.012063
0.095397 0.116859
0.726012 -0.158263
0.902675 -0.231271
0.902675 -0.158263
0.162036 0.050220
0.726012 -0.304342
0.902675 -0.377434
0.902675 -0.304343
0.249094 0.014183
0.726012 -0.450525
0.902675 -0.523597
0.902675 -0.450525
0.726013 1.376253
0.726013 1.230090
0.726013 1.083995
0.726013 0.937824
0.726013 0.791661
0.726012 0.645555
0.726012 0.499413
0.726012 0.353271
0.726012 0.207108
0.726012 0.060945
0.726012 -0.085201
0.726012 -0.231271
0.726012 -0.377434
0.902675 -0.596677
0.726012 -0.523597
0.726012 -0.596677
0.902675 -0.669743
0.212764 0.126129
0.171312 0.167544
0.148886 0.221699
0.148886 0.280291
0.171312 0.334404
0.212764 0.375861
0.266882 0.398288
0.325512 0.398288
0.379630 0.375861
0.421081 0.334404
0.443508 0.280291
0.443508 0.221699
0.421081 0.167543
0.379630 0.126129
0.353241 0.113322
0.401587 0.145624
0.433894 0.193975
0.445214 0.250971
0.433894 0.308015
0.401587 0.356367
0.353235 0.388668
0.296197 0.400031
0.239152 0.388668
0.190806 0.356367
0.158499 0.308015
0.147179 0.250971
0.158499 0.193975
0.190806 0.145624
0.266882 0.103703
0.239152 0.113322
0.219855 0.134404
0.230092 0.144833
0.224998 0.146920
0.219568 0.135446
0.230619 0.145010
0.225707 0.147504
0.225323 0.132853
0.235940 0.142891
0.230928 0.145168
0.235436 0.128286
0.240966 0.140635
0.225921 0.147454
0.229336 0.130631
0.230025 0.145228
0.224303 0.132966
0.229605 0.130997
0.240470 0.140768
0.235516 0.143169
0.225071 0.132192
0.225219 0.146802
0.219963 0.134334
0.219281 0.135324
0.225038 0.147569
0.227563 0.131870
0.227880 0.146482
0.222465 0.134082
0.234934 0.142480
0.234160 0.127884
0.239917 0.140129
0.224134 0.132640
0.225003 0.147228
0.219129 0.135039
0.229477 0.130441
0.240463 0.140076
0.235539 0.142538
0.229224 0.130007
0.230282 0.144579
0.224258 0.132463
0.224774 0.133146
0.234881 0.143700
0.229760 0.145725
0.310876 0.320361
0.346477 0.368768
0.322190 0.377232
0.235330 0.289060
0.204186 0.340498
0.187146 0.321245
0.337402 0.309369
0.388800 0.340498
0.369602 0.357537
0.282164 0.176018
0.246563 0.127558
0.270850 0.119149
0.357693 0.207318
0.388800 0.155884
0.405894 0.175081
0.165957 0.248163
0.224373 0.262521
0.167506 0.273833
0.417125 0.298120
0.368667 0.262521
0.425534 0.273833
0.175915 0.198206
0.224373 0.233808
0.167506 0.222548
0.357693 0.289060
0.405894 0.321245
0.255639 0.309369
0.223438 0.357537
0.204186 0.155884
0.235347 0.207318
0.187146 0.175081
0.219410 0.306675
0.205023 0.302503
0.219410 0.302503
0.221256 0.304742
0.206869 0.300562
0.221256 0.300561
0.220435 0.304290
0.206049 0.308465
0.206049 0.304290
0.221050 0.295140
0.206664 0.299317
0.206664 0.295140
0.220435 0.299485
0.206049 0.295312
0.220435 0.295312
0.350498 0.119944
0.220557 0.135138
0.231117 0.145241
0.226087 0.147488
0.235106 0.129088
0.229936 0.131105
0.230567 0.145578
0.224616 0.133426
0.230133 0.130219
0.224990 0.132301
0.235375 0.142556
0.235322 0.127944
0.240465 0.140459
0.240017 0.140602
0.235017 0.142911
0.224645 0.147758
0.230290 0.144676
0.226985 0.132197
0.237358 0.142495
0.232285 0.144647
0.237986 0.142109
0.232936 0.144289
0.230698 0.130635
0.241193 0.140805
0.236153 0.143018
0.229971 0.144847
0.224516 0.132933
0.219631 0.135880
0.225622 0.148013
0.227218 0.146808
0.240307 0.140710
0.235197 0.142767
0.175915 0.298120
0.255639 0.187009
0.223438 0.138789
0.368667 0.233808
0.417125 0.198206
0.425534 0.222548
0.282164 0.320361
0.296520 0.378726
0.270850 0.377232
0.427083 0.248163
0.337402 0.187009
0.346477 0.127558
0.369602 0.138789
0.310876 0.176018
0.322190 0.119149
0.246563 0.368768
0.220435 0.307835
0.206049 0.312010
0.206049 0.307835
0.218589 0.288901
0.204202 0.293078
0.204202 0.288901
0.220230 0.298868
0.205843 0.303039
0.205843 0.298868
0.220230 0.303039
0.205843 0.307220
0.220435 0.291145
0.206049 0.291145
0.221050 0.303491
0.206664 0.307664
0.206664 0.303491
0.206869 0.308917
0.206869 0.304742
0.221256 0.288038
0.206869 0.292210
0.206869 0.288038
0.296520 0.105382
0.271039 0.120143
0.268427 0.107058
0.241861 0.116274
0.223995 0.139636
0.216578 0.128547
0.195532 0.147226
0.187967 0.175640
0.176853 0.168222
0.164580 0.193555
0.168474 0.222733
0.155364 0.220121
0.153738 0.248164
0.168474 0.273646
0.155364 0.276258
0.164580 0.302823
0.187967 0.320689
0.176853 0.328107
0.195532 0.349152
0.223995 0.356718
0.216578 0.367832
0.241861 0.380104
0.271039 0.376235
0.268427 0.389320
0.296520 0.390996
0.322001 0.376235
0.324613 0.389320
0.351178 0.380104
0.369045 0.356717
0.376462 0.367832
0.397507 0.349152
0.405073 0.320689
0.416187 0.328107
0.428459 0.302823
0.424566 0.273645
0.437676 0.276258
0.439302 0.248164
0.424566 0.222733
0.437676 0.220121
0.428459 0.193555
0.405073 0.175640
0.416187 0.168222
0.397507 0.147226
0.369045 0.139636
0.376462 0.128547
0.351178 0.116274
0.322001 0.120143
0.324613 0.107058
0.246938 0.128497
0.204897 0.156591
0.176828 0.198607
0.166971 0.248164
0.176828 0.297747
0.204897 0.339788
0.246938 0.367856
0.296520 0.377738
0.346102 0.367856
0.388119 0.339788
0.416212 0.297746
0.426069 0.248164
0.416212 0.198607
0.388119 0.156591
0.346102 0.128497
0.296520 0.118640
0.343392 0.201308
0.362809 0.248167
0.230231 0.248167
0.221256 0.296388
0.206869 0.296388
0.220230 0.302409
0.205843 0.306585
0.205843 0.302409
0.220230 0.289893
0.205843 0.294067
0.205843 0.289893
0.218589 0.297254
0.204202 0.301429
0.204202 0.297254
0.219410 0.310849
0.205023 0.306675
0.220230 0.298233
0.220230 0.294067
0.206664 0.290964
0.221050 0.290964
0.218589 0.305606
0.218589 0.301429
0.218589 0.309781
0.204202 0.305606
0.221256 0.313093
0.221256 0.308917
0.220435 0.303663
0.206049 0.299485
0.221256 0.292210
0.205843 0.298233
0.221050 0.311841
0.221050 0.307664
0.206049 0.300113
0.220435 0.300113
0.206049 0.303663
0.220230 0.310765
0.220230 0.306585
0.221050 0.299317
0.218589 0.293078
0.296520 0.117656
0.438044 0.250971
0.726013 1.668505
0.902675 1.595439
0.726013 1.595439
0.336298 0.049339
0.296197 0.011343
0.296197 0.046988
0.410429 0.080039
0.387906 0.029606
0.374294 0.062510
0.467129 0.136788
0.465611 0.081557
0.440444 0.106724
0.497829 0.210869
0.517561 0.159311
0.484706 0.172923
0.497829 0.291121
0.535824 0.250971
0.500228 0.250971
0.467129 0.365203
0.517561 0.342680
0.484706 0.329068
0.410429 0.421952
0.465611 0.420434
0.440444 0.395266
0.336298 0.452652
0.387906 0.472384
0.374245 0.439480
0.256095 0.452652
0.296197 0.490599
0.296197 0.455002
0.181965 0.421952
0.204488 0.472384
0.218100 0.439480
0.125265 0.365203
0.126734 0.420434
0.151950 0.395267
0.094565 0.291121
0.074783 0.342680
0.107687 0.329068
0.094565 0.210870
0.056569 0.250971
0.092165 0.250971
0.125265 0.136788
0.074783 0.159311
0.107687 0.172923
0.181965 0.080039
0.126734 0.081557
0.151950 0.106724
0.256095 0.049339
0.204488 0.029606
0.218100 0.062510
0.343300 0.014183
0.430357 0.050220
0.496947 0.116859
0.533033 0.203868
0.533034 0.298123
0.496947 0.385131
0.430357 0.451770
0.343300 0.487808
0.249094 0.487808
0.162036 0.451770
0.095397 0.385131
0.059360 0.298123
0.059360 0.203868
0.095397 0.116859
0.162036 0.050220
0.249094 0.014183
0.155965 0.223110
0.165121 0.196719
0.155965 0.278880
0.154349 0.250971
0.216778 0.369854
0.195871 0.351297
0.324106 0.391202
0.296197 0.392867
0.268288 0.391202
0.241896 0.382046
0.436429 0.223110
0.438044 0.250971
0.375616 0.369854
0.350498 0.382046
0.415081 0.330390
0.396523 0.351297
0.436429 0.278880
0.427272 0.305271
0.375616 0.132136
0.396523 0.150693
0.324106 0.110788
0.415081 0.171552
0.427272 0.196719
0.177313 0.330390
0.165121 0.305271
0.177313 0.171552
0.216778 0.132136
0.241896 0.119944
0.195871 0.150693
0.268288 0.110788
0.296197 0.011343
0.336298 0.049339
0.296197 0.046988
0.325512 0.103703
0.387906 0.029606
0.410429 0.080039
0.374294 0.062510
0.465611 0.081557
0.467129 0.136788
0.440444 0.106724
0.517561 0.159311
0.497829 0.210869
0.484706 0.172923
0.535824 0.250971
0.497829 0.291121
0.500228 0.250971
0.517561 0.342680
0.467129 0.365203
0.484706 0.329068
0.465611 0.420434
0.410429 0.421952
0.440444 0.395266
0.387906 0.472384
0.336298 0.452652
0.374245 0.439480
0.296197 0.490599
0.256095 0.452652
0.296197 0.455002
0.204488 0.472384
0.181965 0.421952
0.218100 0.439480
0.126734 0.420434
0.125265 0.365203
0.151950 0.395267
0.074783 0.342680
0.094565 0.291121
0.107687 0.329068
0.056569 0.250971
0.094565 0.210870
0.092165 0.250971
0.074783 0.159311
0.125265 0.136788
0.107687 0.172923
0.126734 0.081557
0.181965 0.080039
0.151950 0.106724
0.204488 0.029606
0.256095 0.049339
0.218100 0.062510
0.343300 0.014183
0.430357 0.050220
0.726013 1.522359
0.902675 1.522359
0.496947 0.116859
0.902675 1.376253
0.726013 1.449288
0.902675 1.449287
0.533033 0.203868
0.902675 1.230090
0.726013 1.303161
0.902675 1.303161
0.533034 0.298123
0.902675 1.083995
0.726013 1.157057
0.902675 1.157057
0.496947 0.385131
0.902675 0.937824
0.726013 1.010857
0.902675 1.010857
0.430357 0.451770
0.902675 0.791661
0.726013 0.864753
0.902675 0.864753
0.343300 0.487808
0.902675 0.645555
0.726013 0.718626
0.902675 0.718626
0.249094 0.487808
0.902675 0.499413
0.726012 0.572475
0.902675 0.572475
0.162036 0.451770
0.902675 0.353271
0.726012 0.426351
0.902675 0.426351
0.095397 0.385131
0.902675 0.207108
0.726012 0.280200
0.902675 0.280200
0.059360 0.298123
0.902675 0.060945
0.726012 0.134017
0.902675 0.134017
0.059360 0.203868
0.902675 -0.085201
0.726012 -0.012063
0.902675 -0.012063
0.095397 0.116859
0.902675 -0.231271
0.726012 -0.158263
0.902675 -0.158263
0.162036 0.050220
0.902675 -0.377434
0.726012 -0.304342
0.902675 -0.304343
0.249094 0.014183
0.902675 -0.523597
0.726012 -0.450525
0.902675 -0.450525
0.726013 1.376253
0.726013 1.230090
0.726013 1.083995
0.726013 0.937824
0.726013 0.791661
0.726012 0.645555
0.726012 0.499413
0.726012 0.353271
0.726012 0.207108
0.726012 0.060945
0.726012 -0.085201
0.726012 -0.231271
0.726012 -0.377434
0.726012 -0.523597
0.902675 -0.596677
0.726012 -0.596677
0.902675 -0.669743
0.212764 0.126129
0.171312 0.167544
0.148886 0.221699
0.148886 0.280291
0.171312 0.334404
0.212764 0.375861
0.266882 0.398288
0.325512 0.398288
0.379630 0.375861
0.421081 0.334404
0.443508 0.280291
0.443508 0.221699
0.421081 0.167543
0.379630 0.126129
0.266882 0.103703
0.219855 0.134404
0.230092 0.144833
0.224990 0.132301
0.230619 0.145010
0.219568 0.135446
0.225707 0.147504
0.225323 0.132853
0.235940 0.142891
0.230373 0.130559
0.235436 0.128286
0.225921 0.147454
0.220276 0.135157
0.230025 0.145228
0.229336 0.130631
0.224303 0.132966
0.229605 0.130997
0.240470 0.140768
0.234596 0.128578
0.225219 0.146802
0.225071 0.132192
0.219963 0.134334
0.219281 0.135324
0.225038 0.147569
0.227880 0.146482
0.227563 0.131870
0.222465 0.134082
0.234934 0.142480
0.234160 0.127884
0.229133 0.130256
0.225003 0.147228
0.224134 0.132640
0.219129 0.135039
0.229477 0.130441
0.240463 0.140076
0.234439 0.127960
0.230282 0.144579
0.229224 0.130007
0.224258 0.132463
0.224774 0.133146
0.234881 0.143700
0.229936 0.131105
0.346477 0.368768
0.310876 0.320361
0.322190 0.377232
0.204186 0.340498
0.235330 0.289060
0.187146 0.321245
0.388800 0.340498
0.337402 0.309369
0.369602 0.357537
0.246563 0.127558
0.282164 0.176018
0.270850 0.119149
0.388800 0.155884
0.357693 0.207318
0.405894 0.175081
0.165957 0.248163
0.224373 0.262521
0.223513 0.248165
0.417125 0.298120
0.368667 0.262521
0.363976 0.276132
0.175915 0.198206
0.224373 0.233808
0.229064 0.220246
0.357693 0.289060
0.405894 0.321245
0.167506 0.222548
0.255639 0.309369
0.244897 0.299822
0.204186 0.155884
0.235347 0.207318
0.244897 0.196556
0.205023 0.302503
0.219410 0.306675
0.219410 0.302503
0.206869 0.300562
0.221256 0.304742
0.221256 0.300561
0.206049 0.308465
0.220435 0.304290
0.206049 0.304290
0.206664 0.299317
0.221050 0.295140
0.206664 0.295140
0.206049 0.295312
0.220435 0.299485
0.220435 0.295312
0.350498 0.119944
0.220557 0.135138
0.231117 0.145241
0.225624 0.132875
0.235106 0.129088
0.230567 0.145578
0.224616 0.133426
0.230133 0.130219
0.235375 0.142556
0.235322 0.127944
0.230193 0.130056
0.240017 0.140602
0.235017 0.142911
0.224645 0.147758
0.219618 0.135195
0.226985 0.132197
0.237358 0.142495
0.232101 0.130026
0.237986 0.142109
0.232936 0.144289
0.230698 0.130635
0.241193 0.140805
0.235778 0.128404
0.224516 0.132933
0.219631 0.135880
0.225622 0.148013
0.227218 0.146808
0.221881 0.134374
0.240307 0.140710
0.235197 0.142767
0.175915 0.298120
0.167506 0.273833
0.255639 0.187009
0.223438 0.138789
0.324470 0.315652
0.417125 0.198206
0.368667 0.233808
0.425534 0.222548
0.363976 0.220246
0.296520 0.378726
0.282164 0.320361
0.270850 0.377232
0.187146 0.175081
0.268570 0.180726
0.427083 0.248163
0.425534 0.273833
0.296520 0.321207
0.346477 0.127558
0.337402 0.187009
0.369602 0.138789
0.310876 0.176018
0.324470 0.180726
0.369528 0.248165
0.246563 0.368768
0.223438 0.357537
0.229065 0.276132
0.206049 0.312010
0.220435 0.307835
0.206049 0.307835
0.204202 0.293078
0.218589 0.288901
0.204202 0.288901
0.205843 0.303039
0.220230 0.298868
0.205843 0.298868
0.205843 0.307220
0.220230 0.303039
0.220435 0.291145
0.206049 0.291145
0.206664 0.307664
0.221050 0.303491
0.206664 0.303491
0.206869 0.308917
0.206869 0.304742
0.206869 0.292210
0.221256 0.288038
0.206869 0.288038
0.296197 0.109123
0.271039 0.120143
0.296520 0.105382
0.268427 0.107058
0.223995 0.139636
0.241861 0.116274
0.216578 0.128547
0.187967 0.175640
0.195532 0.147226
0.176853 0.168222
0.168474 0.222733
0.164580 0.193555
0.155364 0.220121
0.168474 0.273646
0.153738 0.248164
0.155364 0.276258
0.187967 0.320689
0.164580 0.302823
0.176853 0.328107
0.223995 0.356718
0.195532 0.349152
0.216578 0.367832
0.271039 0.376235
0.241861 0.380104
0.268427 0.389320
0.322001 0.376235
0.296520 0.390996
0.324613 0.389320
0.369045 0.356717
0.351178 0.380104
0.376462 0.367832
0.405073 0.320689
0.397507 0.349152
0.416187 0.328107
0.424566 0.273645
0.428459 0.302823
0.437676 0.276258
0.424566 0.222733
0.439302 0.248164
0.437676 0.220121
0.405073 0.175640
0.428459 0.193555
0.416187 0.168222
0.369045 0.139636
0.397507 0.147226
0.376462 0.128547
0.322001 0.120143
0.351178 0.116274
0.324613 0.107058
0.348143 0.299822
0.249648 0.201308
0.230231 0.248167
0.343392 0.201308
0.221256 0.296388
0.206869 0.296388
0.205843 0.306585
0.220230 0.302409
0.205843 0.302409
0.205843 0.294067
0.220230 0.289893
0.205843 0.289893
0.204202 0.301429
0.218589 0.297254
0.204202 0.297254
0.205023 0.306675
0.219410 0.310849
0.220230 0.298233
0.220230 0.294067
0.206664 0.290964
0.221050 0.290964
0.218589 0.305606
0.218589 0.301429
0.204202 0.305606
0.218589 0.309781
0.221256 0.313093
0.221256 0.308917
0.206049 0.299485
0.220435 0.303663
0.221256 0.292210
0.205843 0.298233
0.221050 0.311841
0.221050 0.307664
0.206049 0.300113
0.220435 0.300113
0.206049 0.303663
0.220230 0.310765
0.220230 0.306585
0.221050 0.299317
0.218589 0.293078
0.268570 0.315652
0.348143 0.196556
0.296520 0.117656
0.296520 0.175171
0.322190 0.119149
0.902675 1.668505
0.726012 -0.669743
0.230373 0.130559
0.220276 0.135157
0.234596 0.128578
0.229133 0.130256
0.234439 0.127960
0.235216 0.142139
0.324470 0.315652
0.244897 0.299822
0.348143 0.299822
0.268570 0.180726
0.348143 0.196556
0.223513 0.248165
0.363976 0.276132
0.229064 0.220246
0.244897 0.196556
0.220435 0.308465
0.225624 0.132875
0.240013 0.141698
0.230193 0.130056
0.234372 0.128305
0.219618 0.135195
0.232101 0.130026
0.232649 0.129675
0.235778 0.128404
0.221881 0.134374
0.235281 0.128147
0.229065 0.276132
0.363976 0.220246
0.296520 0.321207
0.369528 0.248165
0.324470 0.180726
0.268570 0.315652
0.220435 0.312010
0.220230 0.307220
0.296520 0.314487
0.283485 0.313719
0.271142 0.309443
0.259401 0.303739
0.249648 0.295070
0.240961 0.285299
0.235272 0.273560
0.231012 0.261202
0.231012 0.235132
0.235272 0.222818
0.240977 0.211079
0.249648 0.201308
0.259401 0.192640
0.271142 0.186935
0.283485 0.182659
0.296520 0.181891
0.309555 0.182659
0.321898 0.186935
0.333639 0.192640
0.352063 0.211079
0.357768 0.222818
0.362028 0.235132
0.362028 0.261202
0.357768 0.273560
0.352063 0.285299
0.343392 0.295070
0.333639 0.303739
0.321898 0.309443
0.309555 0.313719
0.205023 0.310849
0.204202 0.309781
0.206869 0.313093
0.206664 0.311841
0.205843 0.310765
0.296520 0.175171
0.902675 1.668505
0.296197 0.101959
0.726012 -0.669743
0.239152 0.113322
0.190806 0.145624
0.158499 0.193975
0.147179 0.250971
0.158499 0.308015
0.190806 0.356367
0.239152 0.388668
0.296197 0.400031
0.353235 0.388668
0.401587 0.356367
0.433894 0.308015
0.445214 0.250971
0.433894 0.193975
0.401587 0.145624
0.353241 0.113322
0.224998 0.146920
0.230928 0.145168
0.240966 0.140635
0.235516 0.143169
0.230290 0.144676
0.239917 0.140129
0.229971 0.144847
0.235539 0.142538
0.235216 0.142139
0.229760 0.145725
0.220435 0.308465
0.226087 0.147488
0.240013 0.141698
0.240465 0.140459
0.234372 0.128305
0.232285 0.144647
0.232649 0.129675
0.236153 0.143018
0.235281 0.128147
0.220435 0.312010
0.220230 0.307220
0.296520 0.118640
0.246938 0.128497
0.204897 0.156591
0.176828 0.198607
0.166971 0.248164
0.176828 0.297747
0.204897 0.339788
0.246938 0.367856
0.296520 0.377738
0.346102 0.367856
0.388119 0.339788
0.416212 0.297746
0.426069 0.248164
0.416212 0.198607
0.388119 0.156591
0.346102 0.128497
0.271142 0.309443
0.283485 0.313719
0.296520 0.314487
0.309555 0.313719
0.321898 0.309443
0.333639 0.303739
0.343392 0.295070
0.352063 0.285299
0.357768 0.273560
0.362028 0.261202
0.362809 0.248167
0.362028 0.235132
0.357768 0.222818
0.352063 0.211079
0.333639 0.192640
0.321898 0.186935
0.309555 0.182659
0.296520 0.181891
0.283485 0.182659
0.271142 0.186935
0.259401 0.192640
0.240977 0.211079
0.235272 0.222818
0.231012 0.235132
0.231012 0.261202
0.235272 0.273560
0.240961 0.285299
0.249648 0.295070
0.259401 0.303739
0.205023 0.310849
0.204202 0.309781
0.206869 0.313093
0.206664 0.311841
0.205843 0.310765
0.296197 0.101959
0.325512 0.103703
0.296197 0.250991
0.379630 0.126129
0.401587 0.145624
0.421081 0.167543
0.433894 0.193975
0.443508 0.221699
0.445214 0.250971
0.443508 0.280291
0.433894 0.308015
0.421081 0.334404
0.401587 0.356367
0.379630 0.375861
0.353235 0.388668
0.325512 0.398288
0.296197 0.400031
0.266882 0.398288
0.239152 0.388668
0.212764 0.375861
0.190806 0.356367
0.171312 0.334404
0.158499 0.308015
0.148886 0.280291
0.147179 0.250971
0.148886 0.221699
0.158499 0.193975
0.171312 0.167544
0.190806 0.145624
0.212764 0.126129
0.239152 0.113322
0.266882 0.103703
0.325512 0.103703
0.296197 0.101959
0.296197 0.250991
0.212764 0.126129
0.190806 0.145624
0.171312 0.167544
0.158499 0.193975
0.148886 0.221699
0.147179 0.250971
0.148886 0.280291
0.158499 0.308015
0.171312 0.334404
0.190806 0.356367
0.212764 0.375861
0.239152 0.388668
0.266882 0.398288
0.296197 0.400031
0.325512 0.398288
0.353235 0.388668
0.379630 0.375861
0.401587 0.356367
0.421081 0.334404
0.433894 0.308015
0.443508 0.280291
0.445214 0.250971
0.443508 0.221699
0.433894 0.193975
0.421081 0.167543
0.401587 0.145624
0.379630 0.126129
0.353241 0.113322
0.266882 0.103703
</float_array>
          <technique_common>
            <accessor source="#wheels_spin-UV0-array" count="1236" stride="2">
              <param name="S" type="float"/>
              <param name="T" type="float"/>
            </accessor>
          </technique_common>
        </source>
        <vertices id="wheels_spin-VERTEX">
          <input semantic="POSITION" source="#wheels_spin-POSITION"/>
        </vertices>
        <triangles count="1276" material="truck_wheels"><input semantic="VERTEX" offset="0" source="#wheels_spin-VERTEX"/><input semantic="NORMAL" offset="1" source="#wheels_spin-Normal0"/><input semantic="TEXCOORD" offset="2" set="0" source="#wheels_spin-UV0"/><p> 0 0 0 1 1 1 2 2 2 3 3 3 4 4 4 5 5 5 6 6 6 7 7 7 8 8 8 9 9 9 10 10 10 11 11 11 12 12 12 13 13 13 14 14 14 15 15 15 16 16 16 17 17 17 18 18 18 19 19 19 20 20 20 21 21 21 22 22 22 23 23 23 24 24 24 25 25 25 26 26 26 27 27 27 28 28 28 29 29 29 30 30 30 31 31 31 32 32 32 33 33 33 34 34 34 35 35 35 36 36 36 37 37 37 38 38 38 39 39 39 40 40 40 41 41 41 42 42 42 43 43 43 44 44 44 45 45 45 46 46 46 47 47 47 48 48 48 49 49 49 50 50 50 6 51 6 4 52 4 0 53 51 9 54 9 7 55 7 51 56 52 12 57 12 10 58 10 52 59 53 15 60 15 13 61 13 53 62 54 18 63 18 16 64 16 54 65 55 21 66 21 19 67 19 55 68 56 24 69 24 22 70 22 56 71 57 27 72 27 25 73 25 57 74 58 30 75 30 28 76 28 58 77 59 33 78 33 31 79 31 59 80 60 36 81 36 34 82 34 60 83 61 39 84 39 37 85 37 61 86 62 42 87 42 40 88 40 62 89 63 45 90 45 43 91 43 63 92 64 48 93 48 46 94 46 64 95 65 3 96 3 49 97 49 65 98 66 44 99 44 66 100 67 40 101 40 41 102 41 67 103 68 37 104 37 35 105 35 68 106 69 31 107 31 69 108 70 29 109 29 70 110 71 32 111 32 71 112 72 28 113 28 17 114 17 72 115 73 13 116 13 73 117 74 26 118 26 74 119 75 23 120 23 75 121 76 19 122 19 76 123 77 20 124 20 77 125 78 11 126 11 78 127 79 7 128 7 5 129 5 79 130 80 80 131 81 11 132 11 81 133 82 82 134 83 14 135 14 72 136 73 83 137 84 26 138 26 69 139 70 74 140 75 23 141 23 73 142 74 84 143 85 32 144 32 68 145 69 85 146 86 29 147 29 71 148 72 70 149 71 35 150 35 86 151 87 87 152 88 38 153 38 67 154 68 88 155 89 44 156 44 89 157 90 90 158 91 41 159 41 66 160 67 91 161 92 50 162 50 92 163 93 46 164 46 47 165 47 92 166 93 93 167 94 50 168 50 94 169 95 95 170 96 38 171 38 86 172 87 34 173 34 96 174 97 1 175 98 97 176 99 98 177 100 97 178 99 99 179 101 100 180 102 101 181 103 102 182 104 103 183 105 104 184 106 105 185 107 106 186 108 107 187 109 108 188 110 109 189 111 110 190 112 111 191 113 112 192 114 113 193 115 114 194 116 115 195 117 116 196 118 117 197 119 118 198 120 119 199 121 120 200 122 121 201 123 122 202 124 123 203 125 124 204 126 125 205 127 126 206 128 127 207 129 128 208 130 129 209 131 130 210 132 131 211 133 132 212 134 133 213 135 134 214 136 135 215 137 136 216 138 137 217 139 138 218 140 139 219 141 140 220 142 141 221 143 142 222 144 143 223 145 144 224 146 96 225 97 101 226 103 2 227 147 100 228 102 104 229 106 145 230 148 0 231 0 101 232 149 6 233 150 103 234 105 107 235 109 146 236 151 145 237 152 9 238 153 51 239 154 106 240 108 110 241 112 147 242 155 146 243 156 12 244 157 52 245 158 109 246 111 113 247 115 148 248 159 147 249 160 15 250 161 53 251 162 112 252 114 116 253 118 149 254 163 148 255 164 18 256 165 54 257 166 115 258 117 119 259 121 150 260 167 149 261 168 21 262 169 55 263 170 118 264 120 122 265 124 151 266 171 150 267 172 24 268 173 56 269 174 121 270 123 125 271 127 152 272 175 151 273 176 27 274 177 57 275 178 124 276 126 128 277 130 153 278 179 152 279 180 30 280 181 58 281 182 127 282 129 131 283 133 154 284 183 153 285 184 33 286 185 59 287 186 130 288 132 134 289 136 155 290 187 154 291 188 36 292 189 60 293 190 133 294 135 137 295 139 156 296 191 155 297 192 39 298 193 61 299 194 136 300 138 140 301 142 157 302 195 156 303 196 42 304 197 62 305 198 139 306 141 143 307 145 158 308 199 157 309 200 45 310 201 63 311 202 142 312 144 1 313 98 159 314 203 158 315 204 48 316 205 64 317 206 51 318 154 101 319 149 145 320 152 52 321 158 104 322 207 146 323 156 53 324 162 107 325 208 147 326 160 54 327 166 110 328 209 148 329 164 55 330 170 113 331 210 149 332 168 56 333 174 116 334 211 150 335 172 57 336 178 119 337 212 151 338 176 58 339 182 122 340 213 152 341 180 59 342 186 125 343 214 153 344 184 60 345 190 128 346 215 154 347 188 61 348 194 131 349 216 155 350 192 62 351 198 134 352 217 156 353 196 63 354 202 137 355 218 157 356 200 64 357 206 140 358 219 158 359 204 65 360 220 143 361 221 159 362 222 159 363 222 3 364 223 65 365 220 160 366 224 144 367 146 139 368 141 161 369 225 141 370 143 136 371 138 162 372 226 138 373 140 133 374 135 163 375 227 135 376 137 130 377 132 164 378 228 132 379 134 127 380 129 165 381 229 129 382 131 124 383 126 166 384 230 126 385 128 121 386 123 167 387 231 123 388 125 118 389 120 168 390 232 120 391 122 115 392 117 169 393 233 117 394 119 112 395 114 170 396 234 114 397 116 109 398 111 171 399 235 111 400 113 106 401 108 172 402 236 108 403 110 103 404 105 173 405 237 105 406 107 100 407 102 98 408 100 102 409 104 96 410 97 173 411 237 102 412 104 174 413 238 172 414 236 105 415 107 175 416 239 171 417 235 108 418 110 176 419 240 170 420 234 111 421 113 177 422 241 169 423 233 114 424 116 178 425 242 168 426 232 117 427 119 179 428 243 167 429 231 120 430 122 180 431 244 166 432 230 123 433 125 181 434 245 165 435 229 126 436 128 182 437 246 164 438 228 129 439 131 183 440 247 163 441 227 132 442 134 184 443 248 162 444 226 135 445 137 185 446 249 161 447 225 138 448 140 186 449 250 160 450 224 141 451 143 187 452 251 188 453 252 144 454 146 189 455 253 188 456 252 97 457 99 142 458 144 190 459 254 191 460 255 192 461 256 193 462 257 194 463 258 195 464 259 196 465 260 197 466 261 198 467 262 197 468 261 199 469 263 200 470 264 201 471 265 196 472 260 198 473 262 202 474 266 203 475 267 204 476 268 205 477 269 206 478 270 207 479 271 208 480 272 209 481 273 210 482 274 211 483 275 203 484 267 212 485 276 213 486 277 214 487 278 215 488 279 216 489 280 211 490 281 212 491 282 217 492 283 206 493 284 218 494 285 219 495 286 220 496 287 221 497 288 222 498 289 220 499 290 223 500 291 224 501 292 225 502 293 226 503 294 227 504 295 219 505 296 228 506 297 229 507 298 230 508 299 231 509 300 232 510 301 222 511 302 223 512 303 233 513 304 234 514 305 235 515 306 236 516 307 202 517 308 204 518 309 208 519 310 237 520 311 238 521 312 205 522 313 239 523 314 218 524 315 240 525 316 241 526 317 210 527 318 242 528 319 205 529 313 243 530 320 241 531 317 208 532 310 210 533 318 230 534 299 244 535 321 245 536 322 213 537 323 246 538 324 247 539 325 248 540 326 249 541 327 250 542 328 251 543 329 252 544 330 253 545 331 254 546 332 255 547 333 256 548 334 257 549 335 258 550 336 233 551 337 259 552 338 260 553 339 261 554 340 8 555 8 78 556 79 262 557 341 8 558 8 79 559 80 4 560 4 14 561 14 81 562 82 10 563 10 199 564 342 263 565 343 200 566 344 193 567 345 225 568 293 264 569 346 205 570 269 265 571 347 243 572 348 230 573 349 191 574 255 231 575 350 266 576 351 190 577 352 192 578 353 202 579 266 201 580 354 267 581 355 268 582 356 224 583 292 226 584 294 208 585 272 266 586 351 269 587 357 240 588 358 209 589 359 270 590 360 213 591 277 271 592 361 272 593 362 234 594 363 214 595 364 273 596 365 217 597 283 216 598 280 274 599 366 219 600 286 194 601 258 228 602 367 222 603 368 265 604 347 275 605 369 271 606 370 240 607 358 270 608 360 230 609 349 268 610 371 276 611 372 237 612 311 190 613 373 238 614 312 277 615 374 213 616 323 215 617 375 219 618 296 232 619 301 223 620 303 278 621 376 211 622 377 279 623 378 211 624 377 236 625 307 204 626 309 280 627 379 193 628 380 264 629 381 246 630 324 240 631 316 247 632 325 234 633 305 277 634 374 215 635 375 239 636 314 217 637 382 218 638 315 193 639 380 227 640 295 228 641 297 281 642 383 196 643 384 282 644 385 196 645 384 256 646 386 283 647 387 217 648 382 278 649 376 279 650 378 244 651 321 224 652 388 245 653 322 190 654 373 229 655 298 231 656 300 284 657 389 285 658 390 281 659 391 286 660 392 280 661 393 287 662 394 288 663 395 229 664 396 289 665 397 290 666 398 249 667 399 229 668 396 291 669 400 260 670 339 278 671 401 292 672 402 293 673 403 277 674 404 251 675 329 294 676 405 239 677 406 295 678 407 296 679 408 232 680 409 47 681 47 89 682 90 43 683 43 20 684 20 75 685 76 77 686 78 5 687 5 94 688 95 49 689 49 80 690 410 263 691 411 94 692 412 95 693 413 214 694 414 92 695 415 93 696 416 271 697 417 89 698 418 90 699 419 209 700 420 66 701 421 91 702 422 266 703 423 67 704 424 88 705 425 191 706 426 86 707 427 87 708 428 268 709 429 68 710 430 85 711 431 225 712 432 71 713 433 70 714 434 194 715 435 69 716 436 74 717 437 220 718 438 73 719 439 84 720 440 265 721 441 75 722 442 77 723 443 206 724 444 76 725 445 297 726 446 216 727 447 72 728 448 83 729 449 203 730 450 81 731 451 82 732 452 201 733 453 78 734 454 262 735 455 197 736 456 79 737 457 95 738 413 263 739 411 273 740 458 93 741 416 214 742 414 272 743 459 90 744 419 271 745 417 270 746 460 91 747 422 209 748 420 269 749 461 88 750 425 266 751 423 192 752 462 87 753 428 191 754 426 276 755 463 85 756 431 268 757 429 226 758 464 70 759 434 225 760 432 195 761 465 74 762 437 194 763 435 221 764 466 84 765 440 220 766 438 275 767 467 77 768 443 265 769 441 207 770 468 297 771 446 206 772 444 274 773 469 83 774 449 216 775 447 212 776 470 82 777 452 203 778 450 267 779 471 262 780 455 201 781 453 198 782 472 80 783 410 197 784 456 200 785 473 222 786 302 242 787 319 243 788 320 263 789 343 234 790 363 273 791 365 298 792 474 299 793 475 300 794 476 301 795 477 252 796 330 242 797 478 300 798 479 237 799 480 302 800 481 303 801 482 304 802 483 246 803 484 305 804 485 227 805 486 306 806 487 286 807 488 244 808 489 248 809 326 307 810 490 304 811 483 308 812 491 257 813 335 255 814 492 309 815 493 310 816 494 227 817 486 311 818 495 295 819 496 312 820 497 310 821 494 291 822 498 294 823 405 299 824 499 298 825 500 236 826 501 259 827 338 301 828 477 296 829 408 313 830 502 300 831 479 241 832 503 307 833 490 303 834 504 293 835 403 314 836 505 254 837 332 285 838 506 315 839 507 284 840 389 316 841 508 298 842 500 288 843 509 237 844 480 317 845 510 292 846 402 258 847 336 318 848 511 305 849 485 280 850 393 319 851 512 224 852 388 280 853 379 264 854 381 202 855 308 281 856 383 282 857 385 199 858 513 233 859 304 235 860 306 256 861 386 199 862 513 283 863 387 17 864 17 76 865 77 297 866 514 320 867 515 321 868 516 322 869 517 323 870 518 324 871 519 325 872 520 326 873 521 327 874 522 328 875 523 329 876 524 330 877 525 331 878 526 332 879 527 333 880 528 334 881 529 335 882 530 336 883 531 337 884 532 338 885 533 339 886 534 340 887 535 341 888 536 342 889 537 343 890 538 344 891 539 345 892 540 346 893 541 347 894 542 348 895 543 349 896 544 350 897 545 351 898 546 352 899 547 353 900 548 354 901 549 355 902 550 356 903 551 357 904 552 358 905 553 359 906 554 360 907 555 361 908 556 362 909 557 363 910 558 364 911 559 365 912 560 366 913 561 367 914 562 368 915 563 369 916 564 370 917 565 323 918 518 327 919 522 321 920 566 326 921 521 330 922 525 371 923 567 329 924 524 333 925 528 372 926 568 332 927 527 336 928 531 373 929 569 335 930 530 339 931 534 374 932 570 338 933 533 342 934 537 375 935 571 341 936 536 345 937 540 376 938 572 344 939 539 348 940 543 377 941 573 347 942 542 351 943 546 378 944 574 350 945 545 354 946 549 379 947 575 353 948 548 357 949 552 380 950 576 356 951 551 360 952 555 381 953 577 359 954 554 363 955 558 382 956 578 362 957 557 366 958 561 383 959 579 365 960 560 369 961 564 384 962 580 368 963 563 324 964 519 385 965 581 364 966 559 386 967 582 387 968 583 361 969 556 388 970 584 389 971 585 355 972 550 390 973 586 391 974 587 349 975 544 392 976 588 393 977 589 352 978 547 394 979 590 395 980 591 337 981 532 396 982 592 397 983 593 346 984 541 398 985 594 399 986 595 343 987 538 400 988 596 401 989 597 340 990 535 402 991 598 403 992 599 331 993 526 404 994 600 405 995 601 325 996 520 406 997 602 323 998 518 407 999 603 331 1000 526 405 1001 601 396 1002 592 334 1003 529 408 1004 604 392 1005 588 346 1006 541 399 1007 595 398 1008 594 343 1009 538 401 1010 597 390 1011 586 352 1012 547 395 1013 591 394 1014 590 349 1015 544 393 1016 589 409 1017 605 355 1018 550 391 1019 587 388 1020 584 358 1021 553 410 1022 606 411 1023 607 364 1024 559 387 1025 583 386 1026 582 361 1027 556 389 1028 585 370 1029 565 412 1030 608 413 1031 609 412 1032 608 367 1033 562 414 1034 610 415 1035 611 370 1036 565 413 1037 609 358 1038 553 409 1039 605 410 1040 606 320 1041 612 416 1042 613 417 1043 614 418 1044 615 417 1045 614 416 1046 613 419 1047 616 420 1048 617 421 1049 618 422 1050 619 423 1051 620 424 1052 621 425 1053 622 426 1054 623 427 1055 624 428 1056 625 429 1057 626 430 1058 627 431 1059 628 432 1060 629 433 1061 630 434 1062 631 435 1063 632 436 1064 633 437 1065 634 438 1066 635 439 1067 636 440 1068 637 441 1069 638 442 1070 639 443 1071 640 444 1072 641 445 1073 642 446 1074 643 447 1075 644 448 1076 645 449 1077 646 450 1078 647 451 1079 648 452 1080 649 453 1081 650 454 1082 651 455 1083 652 456 1084 653 457 1085 654 458 1086 655 459 1087 656 460 1088 657 461 1089 658 462 1090 659 463 1091 660 419 1092 616 416 1093 613 322 1094 661 422 1095 619 420 1096 617 464 1097 662 419 1098 663 321 1099 516 327 1100 664 425 1101 622 423 1102 620 465 1103 665 330 1104 666 464 1105 667 371 1106 668 428 1107 625 426 1108 623 466 1109 669 333 1110 670 465 1111 671 372 1112 672 431 1113 628 429 1114 626 467 1115 673 336 1116 674 466 1117 675 373 1118 676 434 1119 631 432 1120 629 468 1121 677 339 1122 678 467 1123 679 374 1124 680 437 1125 634 435 1126 632 469 1127 681 342 1128 682 468 1129 683 375 1130 684 440 1131 637 438 1132 635 470 1133 685 345 1134 686 469 1135 687 376 1136 688 443 1137 640 441 1138 638 471 1139 689 348 1140 690 470 1141 691 377 1142 692 446 1143 643 444 1144 641 472 1145 693 351 1146 694 471 1147 695 378 1148 696 449 1149 646 447 1150 644 473 1151 697 354 1152 698 472 1153 699 379 1154 700 452 1155 649 450 1156 647 474 1157 701 357 1158 702 473 1159 703 380 1160 704 455 1161 652 453 1162 650 475 1163 705 360 1164 706 474 1165 707 381 1166 708 458 1167 655 456 1168 653 476 1169 709 363 1170 710 475 1171 711 382 1172 712 461 1173 658 459 1174 656 477 1175 713 366 1176 714 476 1177 715 383 1178 716 320 1179 612 462 1180 659 478 1181 717 369 1182 718 477 1183 719 384 1184 720 419 1185 663 371 1186 668 464 1187 667 422 1188 721 372 1189 672 465 1190 671 425 1191 722 373 1192 676 466 1193 675 428 1194 723 374 1195 680 467 1196 679 431 1197 724 375 1198 684 468 1199 683 434 1200 725 376 1201 688 469 1202 687 437 1203 726 377 1204 692 470 1205 691 440 1206 727 378 1207 696 471 1208 695 443 1209 728 379 1210 700 472 1211 699 446 1212 729 380 1213 704 473 1214 703 449 1215 730 381 1216 708 474 1217 707 452 1218 731 382 1219 712 475 1220 711 455 1221 732 383 1222 716 476 1223 715 458 1224 733 384 1225 720 477 1226 719 461 1227 734 385 1228 735 478 1229 736 324 1230 737 478 1231 736 385 1232 735 463 1233 660 479 1234 738 459 1235 656 460 1236 657 480 1237 739 456 1238 653 457 1239 654 481 1240 740 453 1241 650 454 1242 651 482 1243 741 450 1244 647 451 1245 648 483 1246 742 447 1247 644 448 1248 645 484 1249 743 444 1250 641 445 1251 642 485 1252 744 441 1253 638 442 1254 639 486 1255 745 438 1256 635 439 1257 636 487 1258 746 435 1259 632 436 1260 633 488 1261 747 432 1262 629 433 1263 630 489 1264 748 429 1265 626 430 1266 627 490 1267 749 426 1268 623 427 1269 624 491 1270 750 423 1271 620 424 1272 621 492 1273 751 420 1274 617 421 1275 618 418 1276 615 416 1277 613 492 1278 751 421 1279 618 420 1280 617 491 1281 750 424 1282 621 423 1283 620 490 1284 749 427 1285 624 426 1286 623 489 1287 748 430 1288 627 429 1289 626 488 1290 747 433 1291 630 432 1292 629 487 1293 746 436 1294 633 435 1295 632 486 1296 745 439 1297 636 438 1298 635 485 1299 744 442 1300 639 441 1301 638 484 1302 743 445 1303 642 444 1304 641 483 1305 742 448 1306 645 447 1307 644 482 1308 741 451 1309 648 450 1310 647 481 1311 740 454 1312 651 453 1313 650 480 1314 739 457 1315 654 456 1316 653 479 1317 738 460 1318 657 459 1319 656 493 1320 752 463 1321 660 462 1322 659 417 1323 614 493 1324 752 462 1325 659 494 1326 753 495 1327 754 496 1328 755 497 1329 756 498 1330 757 499 1331 758 500 1332 759 501 1333 760 502 1334 761 501 1335 760 503 1336 762 502 1337 761 504 1338 763 500 1339 759 505 1340 764 506 1341 765 507 1342 766 508 1343 767 509 1344 768 510 1345 769 511 1346 770 512 1347 771 513 1348 772 514 1349 773 506 1350 765 515 1351 774 516 1352 775 517 1353 776 518 1354 777 519 1355 778 520 1356 779 515 1357 780 521 1358 781 510 1359 782 522 1360 783 511 1361 784 523 1362 785 524 1363 786 525 1364 787 524 1365 788 526 1366 789 525 1367 790 527 1368 791 528 1369 792 529 1370 793 523 1371 794 530 1372 795 531 1373 796 532 1374 797 533 1375 798 496 1376 799 526 1377 800 534 1378 801 525 1379 802 535 1380 803 536 1381 804 537 1382 805 507 1383 806 538 1384 807 508 1385 808 513 1386 809 539 1387 810 540 1388 811 509 1389 812 541 1390 813 542 1391 814 543 1392 815 544 1393 816 545 1394 817 509 1395 812 546 1396 818 547 1397 819 513 1398 809 544 1399 816 514 1400 820 532 1401 797 548 1402 821 549 1403 822 518 1404 823 550 1405 824 551 1406 825 549 1407 826 552 1408 827 553 1409 828 542 1410 829 554 1411 830 555 1412 831 556 1413 832 557 1414 833 558 1415 834 559 1416 835 560 1417 836 536 1418 837 561 1419 838 562 1420 839 563 1421 840 404 1422 600 328 1423 523 564 1424 841 328 1425 523 406 1426 602 564 1427 841 334 1428 529 407 1429 603 408 1430 604 503 1431 842 565 1432 843 537 1433 844 528 1434 792 498 1435 845 529 1436 793 566 1437 846 509 1438 768 547 1439 847 495 1440 754 532 1441 848 496 1442 755 567 1443 849 494 1444 850 568 1445 851 504 1446 852 507 1447 766 569 1448 853 570 1449 854 527 1450 791 571 1451 855 513 1452 772 567 1453 849 568 1454 851 543 1455 856 512 1456 857 514 1457 858 572 1458 859 518 1459 777 573 1460 860 535 1461 861 517 1462 862 519 1463 863 522 1464 783 520 1465 779 521 1466 781 497 1467 756 523 1468 785 531 1469 864 566 1470 846 526 1471 865 574 1472 866 572 1473 867 543 1474 856 575 1475 868 570 1476 869 532 1477 848 576 1478 870 494 1479 871 539 1480 810 568 1481 872 518 1482 823 577 1483 873 519 1484 874 523 1485 794 534 1486 801 578 1487 875 515 1488 876 579 1489 877 521 1490 878 515 1491 876 538 1492 807 561 1493 879 498 1494 880 580 1495 881 529 1496 882 543 1497 815 550 1498 824 575 1499 883 535 1500 803 577 1501 873 559 1502 884 522 1503 885 541 1504 813 511 1505 886 498 1506 880 530 1507 795 581 1508 887 500 1509 888 582 1510 889 505 1511 890 500 1512 888 558 1513 891 583 1514 892 522 1515 885 579 1516 877 584 1517 893 527 1518 894 548 1519 821 571 1520 895 494 1521 871 533 1522 798 585 1523 896 583 1524 897 586 1525 898 582 1526 899 580 1527 900 587 1528 901 588 1529 902 533 1530 903 589 1531 904 585 1532 905 549 1533 906 590 1534 907 533 1535 903 561 1536 838 591 1537 908 579 1538 909 551 1539 910 592 1540 911 577 1541 912 584 1542 913 554 1543 830 541 1544 914 593 1545 915 594 1546 916 534 1547 917 367 1548 562 411 1549 607 414 1550 610 340 1551 535 400 1552 596 338 1553 533 325 1554 520 415 1555 611 595 1556 918 565 1557 919 595 1558 920 415 1559 921 517 1560 922 413 1561 923 412 1562 924 572 1563 925 414 1564 926 411 1565 927 512 1566 928 387 1567 929 386 1568 930 567 1569 931 389 1570 932 388 1571 933 495 1572 934 410 1573 935 409 1574 936 570 1575 937 391 1576 938 390 1577 939 528 1578 940 395 1579 941 394 1580 942 497 1581 943 393 1582 944 392 1583 945 524 1584 946 399 1585 947 398 1586 948 566 1587 949 401 1588 950 400 1589 951 510 1590 952 403 1591 953 402 1592 954 520 1593 955 397 1594 956 396 1595 957 506 1596 958 408 1597 959 407 1598 960 504 1599 961 405 1600 962 404 1601 963 501 1602 964 564 1603 965 406 1604 966 413 1605 923 565 1606 919 415 1607 921 414 1608 926 517 1609 922 412 1610 924 387 1611 929 572 1612 925 411 1613 927 389 1614 932 512 1615 928 386 1616 930 410 1617 935 567 1618 931 388 1619 933 391 1620 938 495 1621 934 409 1622 936 395 1623 941 570 1624 937 390 1625 939 393 1626 944 528 1627 940 394 1628 942 399 1629 947 497 1630 943 392 1631 945 401 1632 950 524 1633 946 398 1634 948 403 1635 953 566 1636 949 400 1637 951 397 1638 956 510 1639 952 402 1640 954 408 1641 959 520 1642 955 396 1643 957 405 1644 962 506 1645 958 407 1646 960 564 1647 965 504 1648 961 404 1649 963 595 1650 920 501 1651 964 406 1652 966 526 1653 800 546 1654 818 593 1655 967 565 1656 843 535 1657 861 537 1658 844 596 1659 968 597 1660 969 598 1661 970 542 1662 829 599 1663 971 546 1664 972 539 1665 973 597 1666 974 540 1667 975 545 1668 976 600 1669 977 550 1670 978 530 1671 979 601 1672 980 581 1673 981 548 1674 982 587 1675 983 552 1676 827 545 1677 976 602 1678 984 603 1679 985 556 1680 986 560 1681 836 604 1682 987 530 1683 979 605 1684 988 606 1685 989 578 1686 990 594 1687 991 605 1688 988 584 1689 913 591 1690 992 607 1691 993 538 1692 994 598 1693 995 562 1694 839 593 1695 915 599 1696 971 608 1697 996 544 1698 997 597 1699 974 602 1700 984 551 1701 910 600 1702 998 596 1703 999 583 1704 1000 557 1705 833 609 1706 1001 610 1707 1002 586 1708 898 598 1709 995 539 1710 973 589 1711 1003 611 1712 1004 559 1713 835 592 1714 911 612 1715 1005 580 1716 900 601 1717 980 613 1718 1006 527 1719 894 580 1720 881 588 1721 1007 507 1722 806 582 1723 889 610 1724 1008 503 1725 1009 536 1726 804 556 1727 1010 503 1728 1009 558 1729 891 502 1730 1011 402 1731 598 337 1732 532 397 1733 593 0 1734 0 3 1735 1012 1 1736 1 3 1737 3 0 1738 51 4 1739 4 6 1740 6 51 1741 52 7 1742 7 9 1743 9 52 1744 53 10 1745 10 12 1746 12 53 1747 54 13 1748 13 15 1749 15 54 1750 55 16 1751 16 18 1752 18 55 1753 56 19 1754 19 21 1755 21 56 1756 57 22 1757 22 24 1758 24 57 1759 58 25 1760 25 27 1761 27 58 1762 59 28 1763 28 30 1764 30 59 1765 60 31 1766 31 33 1767 33 60 1768 61 34 1769 34 36 1770 36 61 1771 62 37 1772 37 39 1773 39 62 1774 63 40 1775 40 42 1776 42 63 1777 64 43 1778 43 45 1779 45 64 1780 65 46 1781 46 48 1782 48 65 1783 66 49 1784 49 6 1785 6 8 1786 8 4 1787 4 9 1788 9 11 1789 11 7 1790 7 12 1791 12 14 1792 14 10 1793 10 15 1794 15 17 1795 17 13 1796 13 18 1797 18 20 1798 20 16 1799 16 21 1800 21 23 1801 23 19 1802 19 24 1803 24 26 1804 26 22 1805 22 27 1806 27 29 1807 29 25 1808 25 30 1809 30 32 1810 32 28 1811 28 33 1812 33 35 1813 35 31 1814 31 36 1815 36 38 1816 38 34 1817 34 39 1818 39 41 1819 41 37 1820 37 42 1821 42 44 1822 44 40 1823 40 45 1824 45 47 1825 47 43 1826 43 48 1827 48 50 1828 50 46 1829 46 3 1830 3 5 1831 5 49 1832 49 44 1833 44 90 1834 91 66 1835 67 41 1836 41 91 1837 92 67 1838 68 35 1839 35 87 1840 88 68 1841 69 69 1842 70 25 1843 25 29 1844 29 32 1845 32 85 1846 86 71 1847 72 17 1848 17 297 1849 514 72 1850 73 73 1851 74 22 1852 22 26 1853 26 23 1854 23 84 1855 85 75 1856 76 76 1857 77 16 1858 16 20 1859 20 11 1860 11 82 1861 83 78 1862 79 5 1863 5 4 1864 4 79 1865 80 11 1866 11 10 1867 10 81 1868 82 14 1869 14 13 1870 13 72 1871 73 26 1872 26 25 1873 25 69 1874 70 23 1875 23 22 1876 22 73 1877 74 32 1878 32 31 1879 31 68 1880 69 29 1881 29 28 1882 28 71 1883 72 35 1884 35 34 1885 34 86 1886 87 38 1887 38 37 1888 37 67 1889 68 44 1890 44 43 1891 43 89 1892 90 41 1893 41 40 1894 40 66 1895 67 50 1896 50 95 1897 96 92 1898 93 47 1899 47 46 1900 46 92 1901 93 50 1902 50 49 1903 49 94 1904 95 38 1905 38 88 1906 89 86 1907 87 96 1908 97 2 1909 147 1 1910 98 98 1911 100 96 1912 97 97 1913 99 100 1914 102 145 1915 148 101 1916 103 103 1917 105 146 1918 151 104 1919 106 106 1920 108 147 1921 155 107 1922 109 109 1923 111 148 1924 159 110 1925 112 112 1926 114 149 1927 163 113 1928 115 115 1929 117 150 1930 167 116 1931 118 118 1932 120 151 1933 171 119 1934 121 121 1935 123 152 1936 175 122 1937 124 124 1938 126 153 1939 179 125 1940 127 127 1941 129 154 1942 183 128 1943 130 130 1944 132 155 1945 187 131 1946 133 133 1947 135 156 1948 191 134 1949 136 136 1950 138 157 1951 195 137 1952 139 139 1953 141 158 1954 199 140 1955 142 142 1956 144 159 1957 203 143 1958 145 96 1959 97 102 1960 104 101 1961 103 100 1962 102 105 1963 107 104 1964 106 0 1965 0 2 1966 2 101 1967 149 103 1968 105 108 1969 110 107 1970 109 145 1971 152 104 1972 207 9 1973 153 106 1974 108 111 1975 113 110 1976 112 146 1977 156 107 1978 208 12 1979 157 109 1980 111 114 1981 116 113 1982 115 147 1983 160 110 1984 209 15 1985 161 112 1986 114 117 1987 119 116 1988 118 148 1989 164 113 1990 210 18 1991 165 115 1992 117 120 1993 122 119 1994 121 149 1995 168 116 1996 211 21 1997 169 118 1998 120 123 1999 125 122 2000 124 150 2001 172 119 2002 212 24 2003 173 121 2004 123 126 2005 128 125 2006 127 151 2007 176 122 2008 213 27 2009 177 124 2010 126 129 2011 131 128 2012 130 152 2013 180 125 2014 214 30 2015 181 127 2016 129 132 2017 134 131 2018 133 153 2019 184 128 2020 215 33 2021 185 130 2022 132 135 2023 137 134 2024 136 154 2025 188 131 2026 216 36 2027 189 133 2028 135 138 2029 140 137 2030 139 155 2031 192 134 2032 217 39 2033 193 136 2034 138 141 2035 143 140 2036 142 156 2037 196 137 2038 218 42 2039 197 139 2040 141 144 2041 146 143 2042 145 157 2043 200 140 2044 219 45 2045 201 142 2046 144 97 2047 99 1 2048 98 158 2049 204 143 2050 221 48 2051 205 51 2052 154 6 2053 150 101 2054 149 52 2055 158 9 2056 153 104 2057 207 53 2058 162 12 2059 157 107 2060 208 54 2061 166 15 2062 161 110 2063 209 55 2064 170 18 2065 165 113 2066 210 56 2067 174 21 2068 169 116 2069 211 57 2070 178 24 2071 173 119 2072 212 58 2073 182 27 2074 177 122 2075 213 59 2076 186 30 2077 181 125 2078 214 60 2079 190 33 2080 185 128 2081 215 61 2082 194 36 2083 189 131 2084 216 62 2085 198 39 2086 193 134 2087 217 63 2088 202 42 2089 197 137 2090 218 64 2091 206 45 2092 201 140 2093 219 65 2094 220 48 2095 205 143 2096 221 159 2097 222 1 2098 1013 3 2099 223 160 2100 224 189 2101 253 144 2102 146 161 2103 225 187 2104 251 141 2105 143 162 2106 226 186 2107 250 138 2108 140 163 2109 227 185 2110 249 135 2111 137 164 2112 228 184 2113 248 132 2114 134 165 2115 229 183 2116 247 129 2117 131 166 2118 230 182 2119 246 126 2120 128 167 2121 231 181 2122 245 123 2123 125 168 2124 232 180 2125 244 120 2126 122 169 2127 233 179 2128 243 117 2129 119 170 2130 234 178 2131 242 114 2132 116 171 2133 235 177 2134 241 111 2135 113 172 2136 236 176 2137 240 108 2138 110 173 2139 237 175 2140 239 105 2141 107 98 2142 100 174 2143 238 102 2144 104 173 2145 237 100 2146 102 102 2147 104 172 2148 236 103 2149 105 105 2150 107 171 2151 235 106 2152 108 108 2153 110 170 2154 234 109 2155 111 111 2156 113 169 2157 233 112 2158 114 114 2159 116 168 2160 232 115 2161 117 117 2162 119 167 2163 231 118 2164 120 120 2165 122 166 2166 230 121 2167 123 123 2168 125 165 2169 229 124 2170 126 126 2171 128 164 2172 228 127 2173 129 129 2174 131 163 2175 227 130 2176 132 132 2177 134 162 2178 226 133 2179 135 135 2180 137 161 2181 225 136 2182 138 138 2183 140 160 2184 224 139 2185 141 141 2186 143 188 2187 252 142 2188 144 144 2189 146 188 2190 252 99 2191 101 97 2192 99 190 2193 254 231 2194 350 191 2195 255 193 2196 257 228 2197 367 194 2198 258 196 2199 260 283 2200 1014 197 2201 261 197 2202 261 283 2203 1014 199 2204 263 201 2205 265 282 2206 1015 196 2207 260 202 2208 266 267 2209 355 203 2210 267 205 2211 269 218 2212 1016 206 2213 270 208 2214 272 269 2215 357 209 2216 273 211 2217 275 204 2218 268 203 2219 267 213 2220 277 272 2221 362 214 2222 278 216 2223 280 279 2224 1017 211 2225 281 217 2226 283 274 2227 366 206 2228 284 219 2229 286 223 2230 1018 220 2231 287 222 2232 289 275 2233 1019 220 2234 290 224 2235 292 264 2236 346 225 2237 293 227 2238 295 312 2239 1020 219 2240 296 229 2241 298 249 2242 1021 230 2243 299 232 2244 301 296 2245 1022 222 2246 302 233 2247 304 258 2248 1023 234 2249 305 236 2250 307 316 2251 1024 202 2252 308 208 2253 310 302 2254 1025 237 2255 311 205 2256 313 252 2257 1026 239 2258 314 240 2259 316 304 2260 1027 241 2261 317 242 2262 319 252 2263 1026 205 2264 313 241 2265 317 302 2266 1025 208 2267 310 230 2268 299 249 2269 1021 244 2270 321 213 2271 323 293 2272 1028 246 2273 324 248 2274 326 244 2275 489 249 2276 327 251 2277 329 239 2278 406 252 2279 330 254 2280 332 309 2281 1029 255 2282 333 257 2283 335 318 2284 511 258 2285 336 259 2286 338 236 2287 501 260 2288 339 8 2289 8 7 2290 7 78 2291 79 8 2292 8 262 2293 341 79 2294 80 14 2295 14 83 2296 84 81 2297 82 199 2298 342 235 2299 1030 263 2300 343 193 2301 345 195 2302 1031 225 2303 293 205 2304 269 207 2305 271 265 2306 347 230 2307 349 276 2308 372 191 2309 255 266 2310 351 238 2311 1032 190 2312 352 202 2313 266 282 2314 1033 201 2315 354 268 2316 356 245 2317 1034 224 2318 292 208 2319 272 238 2320 1032 266 2321 351 240 2322 358 210 2323 1035 209 2324 359 213 2325 277 247 2326 1036 271 2327 361 234 2328 363 215 2329 1037 214 2330 364 217 2331 283 279 2332 1017 216 2333 280 219 2334 286 221 2335 288 194 2336 258 222 2337 368 243 2338 348 265 2339 347 271 2340 370 247 2341 1038 240 2342 358 230 2343 349 245 2344 1039 268 2345 371 237 2346 311 289 2347 1040 190 2348 373 277 2349 374 293 2350 1028 213 2351 323 219 2352 296 312 2353 1020 232 2354 301 278 2355 376 260 2356 1041 211 2357 377 211 2358 377 260 2359 1041 236 2360 307 280 2361 379 306 2362 1042 193 2363 380 246 2364 324 304 2365 1027 240 2366 316 234 2367 305 258 2368 1023 277 2369 374 239 2370 314 294 2371 1043 217 2372 382 193 2373 380 306 2374 1042 227 2375 295 281 2376 383 285 2377 1044 196 2378 384 196 2379 384 285 2380 1044 256 2381 386 217 2382 382 294 2383 1043 278 2384 376 244 2385 321 287 2386 1045 224 2387 388 190 2388 373 289 2389 1040 229 2390 298 284 2391 389 315 2392 1046 285 2393 390 286 2394 392 319 2395 512 280 2396 393 288 2397 395 290 2398 398 229 2399 396 290 2400 398 250 2401 1047 249 2402 399 291 2403 400 261 2404 340 260 2405 339 292 2406 402 314 2407 505 293 2408 403 251 2409 329 299 2410 499 294 2411 405 295 2412 407 313 2413 502 296 2414 408 47 2415 47 93 2416 94 89 2417 90 20 2418 20 19 2419 19 75 2420 76 5 2421 5 80 2422 81 94 2423 95 80 2424 410 200 2425 473 263 2426 411 95 2427 413 273 2428 458 214 2429 414 93 2430 416 272 2431 459 271 2432 417 90 2433 419 270 2434 460 209 2435 420 91 2436 422 269 2437 461 266 2438 423 88 2439 425 192 2440 462 191 2441 426 87 2442 428 276 2443 463 268 2444 429 85 2445 431 226 2446 464 225 2447 432 70 2448 434 195 2449 465 194 2450 435 74 2451 437 221 2452 466 220 2453 438 84 2454 440 275 2455 467 265 2456 441 77 2457 443 207 2458 468 206 2459 444 297 2460 446 274 2461 469 216 2462 447 83 2463 449 212 2464 470 203 2465 450 82 2466 452 267 2467 471 201 2468 453 262 2469 455 198 2470 472 197 2471 456 95 2472 413 94 2473 412 263 2474 411 93 2475 416 92 2476 415 214 2477 414 90 2478 419 89 2479 418 271 2480 417 91 2481 422 66 2482 421 209 2483 420 88 2484 425 67 2485 424 266 2486 423 87 2487 428 86 2488 427 191 2489 426 85 2490 431 68 2491 430 268 2492 429 70 2493 434 71 2494 433 225 2495 432 74 2496 437 69 2497 436 194 2498 435 84 2499 440 73 2500 439 220 2501 438 77 2502 443 75 2503 442 265 2504 441 297 2505 446 76 2506 445 206 2507 444 83 2508 449 72 2509 448 216 2510 447 82 2511 452 81 2512 451 203 2513 450 262 2514 455 78 2515 454 201 2516 453 80 2517 410 79 2518 457 197 2519 456 222 2520 302 296 2521 1022 242 2522 319 263 2523 343 235 2524 1030 234 2525 363 305 2526 1048 319 2527 1049 286 2528 1050 286 2529 1050 248 2530 1051 250 2531 1052 250 2532 1052 290 2533 1053 288 2534 1054 288 2535 1054 317 2536 1055 300 2537 476 300 2538 476 307 2539 1056 308 2540 1057 308 2541 1057 303 2542 1058 314 2543 1059 314 2544 1059 292 2545 1060 318 2546 1061 318 2547 1061 257 2548 1062 309 2549 1063 309 2550 1063 254 2551 1064 315 2552 1065 315 2553 1065 284 2554 1066 298 2555 474 298 2556 474 259 2557 1067 261 2558 1068 261 2559 1068 291 2560 1069 299 2561 475 299 2562 475 251 2563 1070 253 2564 1071 253 2565 1071 301 2566 1072 313 2567 1073 313 2568 1073 295 2569 1074 310 2570 1075 310 2571 1075 311 2572 1076 305 2573 1048 305 2574 1048 286 2575 1050 250 2576 1052 250 2577 1052 288 2578 1054 300 2579 476 300 2580 476 308 2581 1057 314 2582 1059 314 2583 1059 318 2584 1061 309 2585 1063 309 2586 1063 315 2587 1065 298 2588 474 298 2589 474 261 2590 1068 299 2591 475 299 2592 475 253 2593 1071 313 2594 1073 313 2595 1073 310 2596 1075 305 2597 1048 305 2598 1048 250 2599 1052 313 2600 1073 300 2601 476 314 2602 1059 298 2603 474 309 2604 1063 298 2605 474 314 2606 1059 299 2607 475 313 2608 1073 300 2609 476 250 2610 1052 300 2611 476 313 2612 1073 301 2613 477 253 2614 331 252 2615 330 300 2616 479 317 2617 510 237 2618 480 303 2619 482 308 2620 491 304 2621 483 305 2622 485 311 2623 495 227 2624 486 286 2625 488 287 2626 1077 244 2627 489 307 2628 490 241 2629 503 304 2630 483 257 2631 335 233 2632 337 255 2633 492 310 2634 494 312 2635 497 227 2636 486 295 2637 496 232 2638 1078 312 2639 497 291 2640 498 278 2641 1079 294 2642 405 298 2643 500 316 2644 508 236 2645 501 301 2646 477 242 2647 478 296 2648 408 300 2649 479 302 2650 481 241 2651 503 303 2652 504 246 2653 1080 293 2654 403 254 2655 332 256 2656 334 285 2657 506 284 2658 389 281 2659 391 316 2660 508 288 2661 509 289 2662 1081 237 2663 480 292 2664 402 277 2665 404 258 2666 336 305 2667 485 306 2668 487 280 2669 393 224 2670 388 287 2671 1045 280 2672 379 202 2673 308 316 2674 1024 281 2675 383 199 2676 513 255 2677 1082 233 2678 304 256 2679 386 255 2680 1082 199 2681 513 17 2682 17 16 2683 16 76 2684 77 320 2685 515 324 2686 1083 321 2687 516 323 2688 518 321 2689 566 324 2690 519 326 2691 521 371 2692 567 327 2693 522 329 2694 524 372 2695 568 330 2696 525 332 2697 527 373 2698 569 333 2699 528 335 2700 530 374 2701 570 336 2702 531 338 2703 533 375 2704 571 339 2705 534 341 2706 536 376 2707 572 342 2708 537 344 2709 539 377 2710 573 345 2711 540 347 2712 542 378 2713 574 348 2714 543 350 2715 545 379 2716 575 351 2717 546 353 2718 548 380 2719 576 354 2720 549 356 2721 551 381 2722 577 357 2723 552 359 2724 554 382 2725 578 360 2726 555 362 2727 557 383 2728 579 363 2729 558 365 2730 560 384 2731 580 366 2732 561 368 2733 563 385 2734 581 369 2735 564 323 2736 518 328 2737 523 327 2738 522 326 2739 521 331 2740 526 330 2741 525 329 2742 524 334 2743 529 333 2744 528 332 2745 527 337 2746 532 336 2747 531 335 2748 530 340 2749 535 339 2750 534 338 2751 533 343 2752 538 342 2753 537 341 2754 536 346 2755 541 345 2756 540 344 2757 539 349 2758 544 348 2759 543 347 2760 542 352 2761 547 351 2762 546 350 2763 545 355 2764 550 354 2765 549 353 2766 548 358 2767 553 357 2768 552 356 2769 551 361 2770 556 360 2771 555 359 2772 554 364 2773 559 363 2774 558 362 2775 557 367 2776 562 366 2777 561 365 2778 560 370 2779 565 369 2780 564 368 2781 563 325 2782 520 324 2783 519 364 2784 559 359 2785 554 386 2786 582 361 2787 556 356 2788 551 388 2789 584 355 2790 550 350 2791 545 390 2792 586 349 2793 544 344 2794 539 392 2795 588 352 2796 547 347 2797 542 394 2798 590 337 2799 532 332 2800 527 396 2801 592 346 2802 541 341 2803 536 398 2804 594 343 2805 538 338 2806 533 400 2807 596 340 2808 535 335 2809 530 402 2810 598 331 2811 526 326 2812 521 404 2813 600 325 2814 520 595 2815 918 406 2816 602 407 2817 603 329 2818 524 331 2819 526 396 2820 592 332 2821 527 334 2822 529 392 2823 588 344 2824 539 346 2825 541 398 2826 594 341 2827 536 343 2828 538 390 2829 586 350 2830 545 352 2831 547 394 2832 590 347 2833 542 349 2834 544 409 2835 605 353 2836 548 355 2837 550 388 2838 584 356 2839 551 358 2840 553 411 2841 607 362 2842 557 364 2843 559 386 2844 582 359 2845 554 361 2846 556 370 2847 565 365 2848 560 412 2849 608 412 2850 608 365 2851 560 367 2852 562 415 2853 611 368 2854 563 370 2855 565 358 2856 553 353 2857 548 409 2858 605 320 2859 612 322 2860 661 416 2861 613 418 2862 615 614 2863 1084 417 2864 614 419 2865 616 464 2866 662 420 2867 617 422 2868 619 465 2869 665 423 2870 620 425 2871 622 466 2872 669 426 2873 623 428 2874 625 467 2875 673 429 2876 626 431 2877 628 468 2878 677 432 2879 629 434 2880 631 469 2881 681 435 2882 632 437 2883 634 470 2884 685 438 2885 635 440 2886 637 471 2887 689 441 2888 638 443 2889 640 472 2890 693 444 2891 641 446 2892 643 473 2893 697 447 2894 644 449 2895 646 474 2896 701 450 2897 647 452 2898 649 475 2899 705 453 2900 650 455 2901 652 476 2902 709 456 2903 653 458 2904 655 477 2905 713 459 2906 656 461 2907 658 478 2908 717 462 2909 659 419 2910 616 421 2911 618 416 2912 613 422 2913 619 424 2914 621 420 2915 617 419 2916 663 322 2917 517 321 2918 516 425 2919 622 427 2920 624 423 2921 620 330 2922 666 422 2923 721 464 2924 667 428 2925 625 430 2926 627 426 2927 623 333 2928 670 425 2929 722 465 2930 671 431 2931 628 433 2932 630 429 2933 626 336 2934 674 428 2935 723 466 2936 675 434 2937 631 436 2938 633 432 2939 629 339 2940 678 431 2941 724 467 2942 679 437 2943 634 439 2944 636 435 2945 632 342 2946 682 434 2947 725 468 2948 683 440 2949 637 442 2950 639 438 2951 635 345 2952 686 437 2953 726 469 2954 687 443 2955 640 445 2956 642 441 2957 638 348 2958 690 440 2959 727 470 2960 691 446 2961 643 448 2962 645 444 2963 641 351 2964 694 443 2965 728 471 2966 695 449 2967 646 451 2968 648 447 2969 644 354 2970 698 446 2971 729 472 2972 699 452 2973 649 454 2974 651 450 2975 647 357 2976 702 449 2977 730 473 2978 703 455 2979 652 457 2980 654 453 2981 650 360 2982 706 452 2983 731 474 2984 707 458 2985 655 460 2986 657 456 2987 653 363 2988 710 455 2989 732 475 2990 711 461 2991 658 463 2992 660 459 2993 656 366 2994 714 458 2995 733 476 2996 715 320 2997 612 417 2998 614 462 2999 659 369 3000 718 461 3001 734 477 3002 719 419 3003 663 327 3004 664 371 3005 668 422 3006 721 330 3007 666 372 3008 672 425 3009 722 333 3010 670 373 3011 676 428 3012 723 336 3013 674 374 3014 680 431 3015 724 339 3016 678 375 3017 684 434 3018 725 342 3019 682 376 3020 688 437 3021 726 345 3022 686 377 3023 692 440 3024 727 348 3025 690 378 3026 696 443 3027 728 351 3028 694 379 3029 700 446 3030 729 354 3031 698 380 3032 704 449 3033 730 357 3034 702 381 3035 708 452 3036 731 360 3037 706 382 3038 712 455 3039 732 363 3040 710 383 3041 716 458 3042 733 366 3043 714 384 3044 720 461 3045 734 369 3046 718 385 3047 735 324 3048 737 320 3049 1085 478 3050 736 463 3051 660 615 3052 1086 479 3053 738 460 3054 657 616 3055 1087 480 3056 739 457 3057 654 617 3058 1088 481 3059 740 454 3060 651 618 3061 1089 482 3062 741 451 3063 648 619 3064 1090 483 3065 742 448 3066 645 620 3067 1091 484 3068 743 445 3069 642 621 3070 1092 485 3071 744 442 3072 639 622 3073 1093 486 3074 745 439 3075 636 623 3076 1094 487 3077 746 436 3078 633 624 3079 1095 488 3080 747 433 3081 630 625 3082 1096 489 3083 748 430 3084 627 626 3085 1097 490 3086 749 427 3087 624 627 3088 1098 491 3089 750 424 3090 621 628 3091 1099 492 3092 751 421 3093 618 629 3094 1100 418 3095 615 492 3096 751 629 3097 1100 421 3098 618 491 3099 750 628 3100 1099 424 3101 621 490 3102 749 627 3103 1098 427 3104 624 489 3105 748 626 3106 1097 430 3107 627 488 3108 747 625 3109 1096 433 3110 630 487 3111 746 624 3112 1095 436 3113 633 486 3114 745 623 3115 1094 439 3116 636 485 3117 744 622 3118 1093 442 3119 639 484 3120 743 621 3121 1092 445 3122 642 483 3123 742 620 3124 1091 448 3125 645 482 3126 741 619 3127 1090 451 3128 648 481 3129 740 618 3130 1089 454 3131 651 480 3132 739 617 3133 1088 457 3134 654 479 3135 738 616 3136 1087 460 3137 657 493 3138 752 615 3139 1086 463 3140 660 417 3141 614 614 3142 1084 493 3143 752 494 3144 753 630 3145 1101 495 3146 754 497 3147 756 531 3148 864 498 3149 757 500 3150 759 631 3151 1102 501 3152 760 501 3153 760 632 3154 1103 503 3155 762 504 3156 763 631 3157 1102 500 3158 759 506 3159 765 569 3160 853 507 3161 766 509 3162 768 633 3163 1104 510 3164 769 512 3165 771 634 3166 1105 513 3167 772 506 3168 765 508 3169 767 515 3170 774 517 3171 776 573 3172 860 518 3173 777 520 3174 779 516 3175 1106 515 3176 780 510 3177 782 635 3178 1107 522 3179 783 523 3180 785 636 3181 1108 524 3182 786 524 3183 788 574 3184 1109 526 3185 789 527 3186 791 637 3187 1110 528 3188 792 523 3189 794 578 3190 875 530 3191 795 532 3192 797 549 3193 822 533 3194 798 526 3195 800 593 3196 967 534 3197 801 535 3198 803 559 3199 884 536 3200 804 507 3201 806 610 3202 1008 538 3203 807 513 3204 809 568 3205 872 539 3206 810 509 3207 812 511 3208 886 541 3209 813 543 3210 815 514 3211 820 544 3212 816 509 3213 812 542 3214 814 546 3215 818 513 3216 809 540 3217 811 544 3218 816 532 3219 797 571 3220 895 548 3221 821 518 3222 823 575 3223 883 550 3224 824 549 3225 826 548 3226 982 552 3227 827 542 3228 829 541 3229 914 554 3230 830 556 3231 832 604 3232 1111 557 3233 833 559 3234 835 612 3235 1005 560 3236 836 561 3237 838 538 3238 994 562 3239 839 404 3240 600 326 3241 521 328 3242 523 328 3243 523 323 3244 518 406 3245 602 334 3246 529 329 3247 524 407 3248 603 503 3249 842 632 3250 1112 565 3251 843 528 3252 792 499 3253 1113 498 3254 845 566 3255 846 633 3256 1104 509 3257 768 495 3258 754 576 3259 870 532 3260 848 567 3261 849 630 3262 1114 494 3263 850 504 3264 852 505 3265 1115 507 3266 766 570 3267 854 637 3268 1110 527 3269 791 513 3270 772 634 3271 1105 567 3272 849 543 3273 856 638 3274 1116 512 3275 857 572 3276 859 575 3277 1117 518 3278 777 535 3279 861 639 3280 1118 517 3281 862 522 3282 783 635 3283 1107 520 3284 779 497 3285 756 636 3286 1108 523 3287 785 566 3288 846 547 3289 847 526 3290 865 572 3291 867 638 3292 1116 543 3293 856 570 3294 869 571 3295 1119 532 3296 848 494 3297 871 585 3298 896 539 3299 810 518 3300 823 551 3301 825 577 3302 873 523 3303 794 525 3304 802 534 3305 801 515 3306 876 561 3307 879 579 3308 877 515 3309 876 508 3310 808 538 3311 807 498 3312 880 581 3313 887 580 3314 881 543 3315 815 545 3316 817 550 3317 824 535 3318 803 519 3319 874 577 3320 873 522 3321 885 584 3322 893 541 3323 813 498 3324 880 531 3325 796 530 3326 795 500 3327 888 583 3328 892 582 3329 889 500 3330 888 502 3331 1011 558 3332 891 522 3333 885 521 3334 878 579 3335 877 527 3336 894 588 3337 1007 548 3338 821 494 3339 871 496 3340 799 533 3341 798 583 3342 897 609 3343 1120 586 3344 898 580 3345 900 613 3346 1006 587 3347 901 533 3348 903 590 3349 907 589 3350 904 549 3351 906 553 3352 1121 590 3353 907 561 3354 838 563 3355 840 591 3356 908 551 3357 910 596 3358 999 592 3359 911 584 3360 913 607 3361 993 554 3362 830 593 3363 915 608 3364 996 594 3365 916 367 3366 562 362 3367 557 411 3368 607 340 3369 535 403 3370 599 400 3371 596 325 3372 520 368 3373 563 415 3374 611 565 3375 919 632 3376 1122 595 3377 920 517 3378 922 639 3379 1123 413 3380 923 572 3381 925 573 3382 1124 414 3383 926 512 3384 928 638 3385 1125 387 3386 929 567 3387 931 634 3388 1126 389 3389 932 495 3390 934 630 3391 1127 410 3392 935 570 3393 937 576 3394 1128 391 3395 938 528 3396 940 637 3397 1129 395 3398 941 497 3399 943 499 3400 1130 393 3401 944 524 3402 946 636 3403 1131 399 3404 947 566 3405 949 574 3406 1132 401 3407 950 510 3408 952 633 3409 1133 403 3410 953 520 3411 955 635 3412 1134 397 3413 956 506 3414 958 516 3415 1135 408 3416 959 504 3417 961 569 3418 1136 405 3419 962 501 3420 964 631 3421 1137 564 3422 965 413 3423 923 639 3424 1123 565 3425 919 414 3426 926 573 3427 1124 517 3428 922 387 3429 929 638 3430 1125 572 3431 925 389 3432 932 634 3433 1126 512 3434 928 410 3435 935 630 3436 1127 567 3437 931 391 3438 938 576 3439 1128 495 3440 934 395 3441 941 637 3442 1129 570 3443 937 393 3444 944 499 3445 1130 528 3446 940 399 3447 947 636 3448 1131 497 3449 943 401 3450 950 574 3451 1132 524 3452 946 403 3453 953 633 3454 1133 566 3455 949 397 3456 956 635 3457 1134 510 3458 952 408 3459 959 516 3460 1135 520 3461 955 405 3462 962 569 3463 1136 506 3464 958 564 3465 965 631 3466 1137 504 3467 961 595 3468 920 632 3469 1122 501 3470 964 526 3471 800 547 3472 819 546 3473 818 565 3474 843 639 3475 1118 535 3476 861 587 3477 1138 613 3478 1139 601 3479 1140 601 3480 1140 606 3481 1141 605 3482 1142 605 3483 1142 594 3484 1143 608 3485 1144 608 3486 1144 599 3487 1145 555 3488 1146 555 3489 1146 554 3490 1147 607 3491 1148 607 3492 1148 591 3493 1149 563 3494 1150 563 3495 1150 562 3496 1151 598 3497 970 598 3498 970 586 3499 1152 609 3500 1153 609 3501 1153 557 3502 1154 604 3503 1155 604 3504 1155 560 3505 1156 612 3506 1157 612 3507 1157 592 3508 1158 596 3509 968 596 3510 968 600 3511 1159 603 3512 1160 603 3513 1160 602 3514 1161 597 3515 969 597 3516 969 611 3517 1162 589 3518 1163 589 3519 1163 590 3520 1164 553 3521 1165 553 3522 1165 552 3523 1166 587 3524 1138 587 3525 1138 601 3526 1140 553 3527 1165 605 3528 1142 608 3529 1144 601 3530 1140 555 3531 1146 607 3532 1148 608 3533 1144 563 3534 1150 598 3535 970 607 3536 1148 609 3537 1153 604 3538 1155 598 3539 970 612 3540 1157 596 3541 968 604 3542 1155 603 3543 1160 597 3544 969 596 3545 968 589 3546 1163 553 3547 1165 597 3548 969 601 3549 1140 608 3550 1144 553 3551 1165 607 3552 1148 598 3553 970 597 3554 969 604 3555 1155 596 3556 968 598 3557 970 597 3558 969 553 3559 1165 607 3560 1148 608 3561 1144 607 3562 1148 553 3563 1165 542 3564 829 555 3565 831 599 3566 971 539 3567 973 611 3568 1004 597 3569 974 545 3570 976 603 3571 985 600 3572 977 530 3573 979 606 3574 989 601 3575 980 548 3576 982 588 3577 1167 587 3578 983 545 3579 976 544 3580 997 602 3581 984 556 3582 986 536 3583 837 560 3584 836 530 3585 979 578 3586 990 605 3587 988 578 3588 990 534 3589 1168 594 3590 991 584 3591 913 579 3592 1169 591 3593 992 538 3594 994 610 3595 1002 598 3596 995 593 3597 915 546 3598 972 599 3599 971 544 3600 997 540 3601 975 597 3602 974 551 3603 910 550 3604 1170 600 3605 998 583 3606 1000 558 3607 834 557 3608 833 610 3609 1002 582 3610 899 586 3611 898 539 3612 973 585 3613 1171 589 3614 1003 559 3615 835 577 3616 912 592 3617 911 580 3618 900 581 3619 981 601 3620 980 527 3621 894 529 3622 882 580 3623 881 507 3624 806 505 3625 890 582 3626 889 503 3627 1009 537 3628 805 536 3629 804 503 3630 1009 556 3631 1010 558 3632 891 402 3633 598 335 3634 530 337 3635 532 98 3636 100 99 3637 101 640 3638 1174 173 3639 237 174 3640 238 640 3641 1174 172 3642 236 175 3643 239 640 3644 1174 171 3645 235 176 3646 240 640 3647 1174 170 3648 234 177 3649 241 640 3650 1174 169 3651 233 178 3652 242 640 3653 1174 168 3654 232 179 3655 243 640 3656 1174 167 3657 231 180 3658 244 640 3659 1174 166 3660 230 181 3661 245 640 3662 1174 165 3663 229 182 3664 246 640 3665 1174 164 3666 228 183 3667 247 640 3668 1174 163 3669 227 184 3670 248 640 3671 1174 162 3672 226 185 3673 249 640 3674 1174 161 3675 225 186 3676 250 640 3677 1174 160 3678 224 187 3679 251 640 3680 1174 188 3681 252 189 3682 253 640 3683 1174 189 3684 253 160 3685 224 640 3686 1174 187 3687 251 161 3688 225 640 3689 1174 186 3690 250 162 3691 226 640 3692 1174 185 3693 249 163 3694 227 640 3695 1174 184 3696 248 164 3697 228 640 3698 1174 183 3699 247 165 3700 229 640 3701 1174 182 3702 246 166 3703 230 640 3704 1174 181 3705 245 167 3706 231 640 3707 1174 180 3708 244 168 3709 232 640 3710 1174 179 3711 243 169 3712 233 640 3713 1174 178 3714 242 170 3715 234 640 3716 1174 177 3717 241 171 3718 235 640 3719 1174 176 3720 240 172 3721 236 640 3722 1174 175 3723 239 173 3724 237 640 3725 1174 174 3726 238 98 3727 100 640 3728 1174 99 3729 101 188 3730 252 640 3731 1174 614 3732 1084 418 3733 615 641 3734 1206 479 3735 738 615 3736 1086 641 3737 1206 480 3738 739 616 3739 1087 641 3740 1206 481 3741 740 617 3742 1088 641 3743 1206 482 3744 741 618 3745 1089 641 3746 1206 483 3747 742 619 3748 1090 641 3749 1206 484 3750 743 620 3751 1091 641 3752 1206 485 3753 744 621 3754 1092 641 3755 1206 486 3756 745 622 3757 1093 641 3758 1206 487 3759 746 623 3760 1094 641 3761 1206 488 3762 747 624 3763 1095 641 3764 1206 489 3765 748 625 3766 1096 641 3767 1206 490 3768 749 626 3769 1097 641 3770 1206 491 3771 750 627 3772 1098 641 3773 1206 492 3774 751 628 3775 1099 641 3776 1206 418 3777 615 629 3778 1100 641 3779 1206 629 3780 1100 492 3781 751 641 3782 1206 628 3783 1099 491 3784 750 641 3785 1206 627 3786 1098 490 3787 749 641 3788 1206 626 3789 1097 489 3790 748 641 3791 1206 625 3792 1096 488 3793 747 641 3794 1206 624 3795 1095 487 3796 746 641 3797 1206 623 3798 1094 486 3799 745 641 3800 1206 622 3801 1093 485 3802 744 641 3803 1206 621 3804 1092 484 3805 743 641 3806 1206 620 3807 1091 483 3808 742 641 3809 1206 619 3810 1090 482 3811 741 641 3812 1206 618 3813 1089 481 3814 740 641 3815 1206 617 3816 1088 480 3817 739 641 3818 1206 616 3819 1087 479 3820 738 641 3821 1206 615 3822 1086 493 3823 752 641 3824 1206 493 3825 752 614 3826 1084 641 3827 1206</p></triangles>
      </mesh>
    </geometry>
  </library_geometries>
  <library_visual_scenes>
    <visual_scene id="truck" name="truck">
      <node name="hull" id="hull" sid="hull"><matrix sid="matrix">0.000000 0.000000 1.000000 0.000000 -0.000000 1.000000 -0.000000 0.000000 -1.000000 0.000000 0.000000 0.000000 0.000000 0.000000 0.000000 1.000000</matrix><instance_geometry url="#hull-lib"><bind_material><technique_common><instance_material symbol="truck" target="#truck"/></technique_common></bind_material></instance_geometry><extra><technique profile="FCOLLADA"><visibility>1.000000</visibility></technique></extra></node>
      <node name="wheels_spin_steer" id="wheels_spin_steer" sid="wheels_spin_steer"><matrix sid="matrix">1.000000 0.000000 0.000000 0.000000 0.000000 0.000000 1.000000 0.341359 0.000000 -1.000000 0.000000 -1.718757 0.000000 0.000000 0.000000 1.000000</matrix><instance_geometry url="#wheels_spin_steer-lib"><bind_material><technique_common><instance_material symbol="truck_wheels" target="#truck_wheels"/></technique_common></bind_material></instance_geometry><extra><technique profile="FCOLLADA"><visibility>1.000000</visibility></technique></extra></node>
      <node name="wheels_spin" id="wheels_spin" sid="wheels_spin"><matrix sid="matrix">1.000000 0.000000 0.000000 0.000000 0.000000 0.000000 1.000000 0.343594 0.000000 -1.000000 0.000000 1.481091 0.000000 0.000000 0.000000 1.000000</matrix><instance_geometry url="#wheels_spin-lib"><bind_material><technique_common><instance_material symbol="truck_wheels" target="#truck_wheels"/></technique_common></bind_material></instance_geometry><extra><technique profile="FCOLLADA"><visibility>1.000000</visibility></technique></extra></node>
      <extra><technique profile="MAX3D"><frame_rate>30.000000</frame_rate></technique><technique profile="FCOLLADA"><start_time>0.000000</start_time><end_time>3.333333</end_time></technique></extra>
    </visual_scene>
  </library_visual_scenes>
  <scene>
    <instance_visual_scene url="#truck"></instance_visual_scene>
  </scene>
</COLLADA>
